t_s,j_A_m2,T_model_C,T_MEA_C,T_min_C,T_max_C,ice_max_bulk,ice_pore_max_bulk,ice_mem_max_bulk,s_ice_pore_max,s_liquid_pore_max,gas_porosity_min,ice_max_x_um,ice_max_layer,water_produced_kg_m2,water_stored_kg_m2,water_initial_kg_m2,water_vapor_kg_m2,water_liquid_pore_kg_m2,water_unfrozen_mem_kg_m2,water_ice_kg_m2,water_out_kg_m2,water_balance_kg_m2,heat_gen_J_m2,heat_phase_J_m2,heat_loss_J_m2,heat_sensible_integral_J_m2,energy_balance_J_m2,H2_balance_mol_m2,O2_balance_mol_m2,model_valid,thermal_iterations_max,ever_invalid,min_gas_porosity_all_steps,min_kappa_all_steps,max_j_over_jlim_all_steps,V_model_V,E_rev_V,eta_act_V,eta_ohm_V,eta_con_V,j_lim_A_m2,j_over_jlim,lambda_mean,lambda_min,kappa_min_S_m,cO2_cCL_mol_m3,active_area_factor,I_exp_A,I_consistent_25cm2_A,V_exp_V,T_exp_C,V_rel_error_pct,T_rel_error_pct,T_rel_error_K_pct
0.0,60.0,-19.999999999999943,-19.999999999999943,-20.0,-20.0,0.0,0.0,0.0,0.0,0.0,0.3916,4.6875,aGDL,0.0,0.0013931999999999998,0.0013931999999999998,0.0,0.0,0.0013931999999999998,0.0,0.0,0.0,0.0,0.0,0.0,0.0,0.0,0.0,0.0,1,0,0,0.3916,0.5321551728569524,0.0,1.0924939308241368,1.2587389137358707,0.16483087170659802,0.0014129888211639012,1.1223839719215878e-06,291556.4439571423,0.00020579205585598298,2.999999999999999,3.0,0.5321551728569524,10.109491615449995,1.0,2.0,0.15,0.799,-19.9953547791121,36.7326571744852,0.02323150021172661,0.0018349340908960083
0.2,60.0,-19.931182964188906,-19.931182964188906,-19.933791100154394,-19.928595312327417,2.273369041942431e-10,8.352393402619931e-11,2.273369041942431e-10,1.9853561689136988e-10,0.00023766067400409036,0.3916,164.89999999999992,PEM,1.11934497590299e-06,0.0013940620571747631,0.0013931999999999998,6.084329252863683e-10,1.0902663012160254e-06,0.0013929711811065113,1.3341104932737386e-12,2.572878011421665e-07,2.4925003264141855e-18,4.648334520627639,-0.6447401401093618,0.6568615830000742,3.346732793171416,-4.346787041420441e-09,1.2007867031434138e-13,-2.2529653381613e-15,1,3,0,0.3916,0.5310083674673461,0.0002058253518531077,1.092756455017997,1.2586789802628835,0.16450989990605305,0.0014115025669327165,1.1227719008373423e-06,291532.2321333402,0.00020580914693699243,2.9995072805911094,2.9918097560523274,0.5310083674673461,10.104791197554107,0.999999999317931,2.1,0.15,0.799,-19.9953547791121,36.765513769461435,0.32093361499255973,0.025348859337421776
0.4,70.0,-19.874769360029802,-19.874769360029802,-19.876807304105228,-19.872689649433084,7.128301423397649e-10,3.284003096065974e-10,7.128301423397649e-10,7.806044915773649e-10,0.000495139717657613,0.3916,164.89999999999992,PEM,2.3319686997978965e-06,0.0013950179342991356,0.0013931999999999998,6.093309240032554e-10,2.232432615689308e-06,0.0013927848873345236,5.017998705177744e-12,5.140344006636102e-07,1.4787077676691948e-18,9.728398153723795,-1.2866076549646435,2.236621003779388,6.2051694947138625,-2.659010789329841e-10,2.608081936181228e-13,-4.842751633732378e-15,1,3,0,0.3916,0.5306193292081103,0.00023902683796339234,1.0860250014647606,1.2586285164718813,0.17095695252852633,0.0016452523261076344,1.3101524867540304e-06,291546.75932529743,0.0002400987071919277,2.999106131211291,2.9874301901719598,0.5306193292081103,10.102282872904611,0.9999999973532682,2.0,0.17500000000000002,0.8,-19.9939052077991,35.753125183095065,0.5958608212407888,0.04706023288401856
0.6,70.0,-19.8267071370187,-19.8267071370187,-19.82847350638039,-19.825172480615123,1.3935376020474596e-09,7.511423021522726e-10,1.3935376020474596e-09,1.7854582889286251e-09,0.0007724371909895995,0.3916,164.89999999999992,PEM,3.6378711716847178e-06,0.0013960670745612087,0.0013931999999999998,6.116040328491389e-10,3.4357143870730233e-06,0.0013926307375786988,1.0991404166924849e-11,7.70796610475674e-07,-1.2694906296973826e-19,15.24253849069918,-1.9285168695388426,4.647987588110757,8.666034032377222,-6.723581691403524e-10,4.5146246224932185e-13,-4.938174977438259e-15,1,3,0,0.3916,0.5304416284167192,0.00024009786612852512,1.0862188470412648,1.2585851885869748,0.17072107907557957,0.0016439521399062807,1.3103302241439138e-06,291563.7210785253,0.00024008473942184073,2.998774198059214,2.984359327532906,0.5304416284167192,10.100399068741396,0.99999999401043,2.0,0.17500000000000002,0.8,-19.992502715072,35.7773558801581,0.8292887609729236,0.0654910795972581
0.8,60.0,-19.799319952479948,-19.799319952479948,-19.80318988021739,-19.79806537880424,2.176394630997565e-09,1.3503952842434523e-09,2.176394630997565e-09,3.209877072126105e-09,0.0010299138732513397,0.3916,164.89999999999992,PEM,4.850494895579624e-06,0.0013970228884833797,0.0013931999999999998,6.16597439438691e-10,4.52548934134148e-06,0.0013924967635842599,1.896033897878857e-11,1.0276064121997802e-06,2.0117032497289633e-20,20.31786396894517,-2.570551198928923,7.646793823840657,10.10051894322473,-2.9508591126159445e-09,5.946816390017817e-13,-6.673941998006083e-15,1,3,0,0.3916,0.5304279352066555,0.00024009786612852512,1.09329130197819,1.258560081782872,0.1638591527791495,0.0014085038335354568,1.1231919969172305e-06,291578.27688243357,0.00020577664646873685,2.998485709699096,2.9830877341437856,0.530455665793062,10.099649331364141,0.9999999893307706,2.1,0.15,0.8,-19.991066017965,36.661412747273744,0.95915878279197,0.07574137814099785
1.0,60.0,-19.785397607455195,-19.785397607455195,-19.78993027593549,-19.784045447351474,2.9753749606281047e-09,2.10890244049524e-09,2.9753749606281047e-09,5.012841550975136e-09,0.0012675703263768277,0.3916,164.89999999999992,PEM,5.969839871482612e-06,0.001397885335900713,0.0013931999999999998,6.257622026455527e-10,5.514305164979424e-06,0.0013923703765054921,2.8468039102674794e-11,1.2845039707721728e-06,2.770433012232003e-18,24.957990938510854,-3.2128148354991466,10.930002648267266,10.815173446563962,-8.180478516806033e-09,7.674121754730479e-13,-8.529093230291718e-15,1,3,0,0.3916,0.5304279352066555,0.00024009786612852512,1.0933478136280408,1.2585475127639074,0.1637902957716616,0.0014082801061192946,1.1232580859477428e-06,291577.5311005763,0.00020577717279355006,2.9982135583666922,2.982494669995447,0.5304712420172981,10.099123915921545,0.9999999834728708,2.0,0.15,0.8,-19.9896333486865,36.66847670350509,1.0217082908362831,0.08067445308791381
1.2,70.0,-19.767019734992886,-19.767019734992886,-19.771492574309462,-19.76556514500595,3.7950703565027426e-09,3.0273847577693744e-09,3.7950703565027426e-09,7.196065504562335e-09,0.0015250458914841559,0.3916,164.89999999999992,PEM,7.182463595377517e-06,0.0013988408914586475,0.0013931999999999998,6.43550104891701e-10,6.5906177700058555e-06,0.0013922495906674506,3.9471086133739925e-11,1.541572136732805e-06,2.97223861191534e-18,30.031526489434526,-3.8555260495398427,14.450434267783594,11.725566162561366,-9.549724566682016e-09,8.667883576694846e-13,-8.418531713752508e-15,1,3,0,0.3916,0.5303915083607645,0.00024009786612852512,1.0864595831498205,1.2585313484317797,0.1704278465753629,0.0016426080872006244,1.3106193958964475e-06,291569.6281160124,0.0002400798754393848,2.9979534682761635,2.9813036428829367,0.5303915083607645,10.098095482867421,0.9999999764372229,2.0,0.17500000000000002,0.8,-19.9882428989544,35.807447893727556,1.1067664380498754,0.0873841161851381
1.4,70.0,-19.747092984036726,-19.747092984036726,-19.752413540989636,-19.745504070529222,4.665440947291856e-09,4.122574329020646e-09,4.665440947291856e-09,9.799320962730319e-09,0.001802340357828854,0.3916,164.89999999999992,PEM,8.488366067264345e-06,0.0013998893817615582,0.0013931999999999998,6.757089885754327e-10,7.750451168857979e-06,0.0013921382026716909,5.2212020940668173e-11,1.7989843057072356e-06,1.2809255744853157e-18,35.540467505124276,-4.499132618809267,18.295933115650474,12.745401755152468,-1.5512068074485796e-08,9.768067431303873e-13,-1.0625614971226938e-14,1,3,0,0.3916,0.5303517350389727,0.00024009786612852512,1.0865398067242868,1.2585133928446426,0.17033013635685568,0.0016421390405689871,1.3107229310964312e-06,291569.99953049625,0.00024007956961524937,2.997713614710789,2.9801846675024817,0.5303517350389727,10.097305798709828,0.9999999680935207,2.1,0.17500000000000002,0.8,-19.9868180776747,35.81747584053585,1.1994159986163517,0.09469192629737418
1.6,70.0,-19.732401698407216,-19.732401698407216,-19.73837818387625,-19.73067117401908,5.564475486149042e-09,5.3982216363667955e-09,5.564475486149042e-09,1.2831522786705004e-08,0.0020796341580668096,0.3916,164.89999999999992,PEM,9.794268539151173e-06,0.0014009373862963828,0.0013931999999999998,6.974911309211842e-10,8.902109241703618e-06,0.0013920345128790455,6.66845026775104e-11,2.0568822427682186e-06,1.2705494208814505e-20,41.04844899984112,-5.143927088797671,22.4061849252875,13.498336961119891,-2.4636058526539273e-08,1.0828062621884293e-12,-1.2176728809293325e-14,1,3,0,0.3916,0.5303429100447884,0.00024009786612852512,1.086599013886424,1.2585001442643764,0.17025799628546268,0.0016418232816205692,1.310810868981369e-06,291567.7167471262,0.00024008144928030668,2.9974903378101754,2.979449705644453,0.5303429100447884,10.096735172825905,0.9999999584211144,1.8,0.17500000000000002,0.8,-19.985473550325,35.82487673580301,1.2662789864875088,0.09996339355549134
1.8,60.0,-19.729651444022295,-19.729651444022295,-19.736631122419396,-19.727531259491542,6.849784375125856e-09,6.849784375125856e-09,6.4596051063961496e-09,1.6281873960365713e-08,0.002337107834094025,0.3916,170.34374999999986,cCL,1.1006892263046078e-05,0.0014018920346013104,0.0013931999999999998,6.974454531443712e-10,9.956340493134196e-06,0.0013919349139089954,8.275372747856321e-11,2.3148576617353564e-06,-1.5797164466292701e-19,46.11952496139492,-5.7888601613276665,26.660034794168197,13.670629977298914,-2.8600144474921763e-08,1.1823763539434151e-12,-1.3346637163513808e-14,1,3,0,0.3916,0.5303429100447884,0.00024009786612852512,1.093573550287126,1.2584972552859668,0.16351527699660467,0.0014073044540347899,1.1235482014166968e-06,291567.7680405059,0.0002057840631810322,2.9972758697437465,2.979601480137045,0.5304142469003176,10.09694276472353,0.9999999474657576,2.2,0.15,0.8,-19.9840946143707,36.696693785890744,1.2732284111857335,0.10050451697310148
2.0,70.0,-19.72586248487201,-19.72586248487201,-19.73217284147063,-19.72405232151405,8.46536701666459e-09,8.46536701666459e-09,7.323340678027369e-09,2.0122098922425932e-08,0.002594580996137431,0.3916,170.34374999999986,cCL,1.2219515986940982e-05,0.0014028467016037613,0.0013931999999999998,6.974271911914049e-10,1.1010656746328979e-05,0.0013918352472342792,1.0019596206813221e-10,2.5728143831796497e-06,1.7406527066075872e-19,51.190569974745365,-6.43374610055405,30.921978703801692,13.834845131261932,-3.912768775649056e-08,1.3178564142735105e-12,-1.5910612671116153e-14,1,3,0,0.3916,0.5303429100447884,0.00024009786612852512,1.0866252740104554,1.258494232877023,0.17022574841003074,0.0016418995390072464,1.310917529654348e-06,291551.71861880255,0.0002400946231139301,2.997061255887767,2.9792183950505873,0.5303609557714292,10.096496745105368,0.999999935329424,2.0,0.17500000000000002,0.8,-19.9826430118958,35.82815925130692,1.2850178370845435,0.10142718637926715
2.2,60.0,-19.724795954239482,-19.724795954239482,-19.7319923324184,-19.722582882434153,1.025314381585694e-08,1.025314381585694e-08,8.187180236863301e-09,2.4371627800943524e-08,0.0028520528868523176,0.3916,171.75624999999985,cCL,1.3432139710835887e-05,0.001403801383949793,0.0013931999999999998,6.973724442584921e-10,1.2060808430003553e-05,0.0013917397589819553,1.1916539005865347e-10,2.830755761043237e-06,5.89534931288993e-19,56.26135267282958,-7.078593080144494,35.263238372219796,13.91952118792482,-3.2540469874220435e-08,1.4531190920680226e-12,-1.786190553104694e-14,1,3,0,0.3916,0.5303429100447884,0.00024009786612852512,1.093593029278292,1.2584928766018086,0.1634913119715238,0.001407411714775505,1.1236372173201026e-06,291550.38115583773,0.00020579633530963954,2.9968556394960277,2.9792549473716554,0.5303878763185483,10.096754121817007,0.9999999219482514,2.1,0.15,0.8,-19.9812337391118,36.6991286597865,1.2833931488943053,0.10129124088240071
2.4,60.0,-19.730338115450138,-19.730338115450138,-19.73732850224664,-19.728208953140324,1.220054155840912e-08,1.220054155840912e-08,9.007350674097867e-09,2.9000574182099166e-08,0.0030897017038122097,0.3916,171.75624999999985,cCL,1.4551484686738875e-05,0.0014046628090776526,0.0013931999999999998,6.971901761168495e-10,1.3017468596674848e-05,0.0013916445038547958,1.3943600573690427e-10,3.088675609088689e-06,2.623261037646568e-18,60.89838638616996,-7.723385482310369,39.53829381918605,13.636707054339269,-3.033427020682211e-08,1.5810370590854661e-12,-1.9809999994568894e-14,1,3,0,0.3916,0.5303429100447884,0.00024009786612852512,1.0935705287930957,1.2584978604656036,0.1635185308038951,0.0014076772095686586,1.1236590442826236e-06,291538.23474859004,0.0002058049094374925,2.9966505250964595,2.9795262405950402,0.530390193349992,10.096984851404665,0.9999999074322289,2.0,0.15,0.8,-19.9798283691447,36.69631609913696,1.2487106950320639,0.09854646465158592
2.6,60.0,-19.734416109791198,-19.734416109791198,-19.74122453828872,-19.732364963780753,1.4303848084963347e-08,1.4303848084963347e-08,9.795329633913687e-09,3.4000114297512114e-08,0.003327340367580026,0.3916,171.75624999999985,cCL,1.5670829662641862e-05,0.0014055242576734915,0.0013931999999999998,6.970497719221271e-10,1.3972904642584395e-05,0.0013915504950112682,1.6096986726860963e-10,3.346571989155241e-06,5.0525515303719015e-18,65.53565133876948,-8.368118897770048,43.73990240334913,13.427629998455599,-3.919470970004113e-08,1.7432121284660651e-12,-2.1718954759664122e-14,1,3,0,0.3916,0.5303429100447884,0.00024009786612852512,1.0935538514699594,1.2585015379288107,0.16353865991465744,0.0014079028586086854,1.1236855850918536e-06,291526.55481421435,0.0002058131549568002,2.996448094339509,2.979572227022118,0.5303569146131055,10.097143174833318,0.9999998918153893,2.0,0.15,0.8,-19.9784650696349,36.694231433744925,1.2215601098135938,0.09639668215892766
2.8,60.0,-19.737430570313165,-19.737430570313165,-19.74410450115863,-19.73543709898766,1.656298245112281e-08,1.656298245112281e-08,1.0560957210553546e-08,3.9370055743101524e-08,0.003564951123609489,0.3916,171.75624999999985,cCL,1.679017463854485e-05,0.001406385728629124,0.0013931999999999998,6.969354895006954e-10,1.4925001713535948e-05,0.001391459846188243,1.8379185558299393e-10,3.604446009427461e-06,6.854190609181798e-18,70.17308756540797,-9.012796049329236,47.887222510354555,13.27306896431987,-4.1404312867143744e-08,1.8812444007101914e-12,-2.18551305525283e-14,1,3,0,0.3916,0.5303124437277615,0.00024009786612852512,1.09354149709943,1.2585042563098663,0.163553539630734,0.0014080958653042712,1.1237143981528658e-06,291515.5364341845,0.00020582093405353098,2.996252898768826,2.9795183441454367,0.5303124437277615,10.09726019871936,0.9999998751041812,2.0,0.15,0.8,-19.9771055344316,36.692687137428734,1.1997482002852875,0.0946684930961405
3.0,60.0,-19.739658721067656,-19.739658721067656,-19.746233243098345,-19.73770788454894,1.8977855324725198e-08,1.8977855324725198e-08,1.1310661720633404e-08,4.51101861771457e-08,0.003802492704256067,0.3916,171.75624999999985,cCL,1.7909519614447838e-05,0.0014072472205515015,0.0013931999999999998,6.968404939832356e-10,1.587207281898276e-05,0.0013913742429758856,2.0791613909392658e-10,3.862299062955629e-06,9.43679406536016e-18,74.81065069154914,-9.657420397799877,51.994413726546966,13.158816518418355,-4.8783945771901926e-08,2.0082392779979807e-12,-2.191270168788728e-14,1,3,0,0.3916,0.5302633344528574,0.00024009786612852512,1.093532342035524,1.2585062656059032,0.16356453827902553,0.0014082615465276314,1.1237448257738159e-06,291505.0242887158,0.00020582835629129364,2.9960685679928627,2.9794066955371856,0.5302633344528574,10.097346686852886,0.9999998573077599,2.2,0.15,0.8,-19.9756733431688,36.691542754440505,1.1815102201891787,0.09322217825864082
3.2,60.0,-19.741305533205292,-19.741305533205292,-19.747806588028993,-19.739386211739202,2.1548345876619844e-08,2.1548345876619844e-08,1.2049154264776888e-08,5.122021838987365e-08,0.004039878784882991,0.3916,171.75624999999985,cCL,1.9028864590350826e-05,0.0014081087318986957,0.0013931999999999998,6.967602900439666e-10,1.681274442180024e-05,0.0013912950573670988,2.3334950647004976e-10,4.120132691667219e-06,1.2231155758352097e-17,79.44830787060539,-10.30199578449764,56.07194468353465,13.074367357225789,-4.534731345984255e-08,2.1722380838529176e-12,-2.4819122451669173e-14,1,3,0,0.3916,0.5302133339436548,0.00024009786612852512,1.0935255556188384,1.258507750657381,0.16357266756318908,0.0014084036989829008,1.1237763706520817e-06,291494.90638917254,0.0002058355006721609,2.9958980563460345,2.979263560827952,0.5302133339436548,10.097410598328707,0.9999998384376181,2.1,0.15,0.8,-19.9742068055476,36.69069445235479,1.1660101179968827,0.09199191968697674
3.4,60.0,-19.74252256086629,-19.74252256086629,-19.748969326753155,-19.740626533332374,2.4274260611874257e-08,2.4274260611874257e-08,1.2780086108206362e-08,5.769969244562457e-08,0.0042769459073888445,0.3916,171.75624999999985,cCL,2.0148209566253813e-05,0.0014089702610073853,0.0013931999999999998,6.966918884864534e-10,1.774588490409694e-05,0.0013912234193175534,2.60093846732881e-10,4.377948558881861e-06,1.3477141223763173e-17,84.08603477796102,-10.946526359618424,60.12755498969952,13.011953380479572,-4.8163506960463565e-08,2.285976529597944e-12,-2.5529058034212682e-14,1,3,0,0.3916,0.5301646967611445,0.00024009786612852512,1.0935205237957475,1.2585088481340034,0.1635786755313729,0.0014085249982304395,1.1238086526682023e-06,291485.10314559017,0.0002058424233434371,2.995743796980089,2.9791060916926413,0.5301646967611445,10.09745781841428,0.9999998185073108,2.0,0.15,0.8,-19.9728209222263,36.69006547446843,1.1530587604864944,0.09096331754658832
3.6,60.0,-19.743421864347567,-19.743421864347567,-19.7498285187647,-19.74154189085678,2.715526787729007e-08,2.715526787729007e-08,1.3506448566772771e-08,6.454782000782046e-08,0.004513412764536363,0.3916,171.75624999999985,cCL,2.12675545421568e-05,0.0014098318061051777,0.0013931999999999998,6.96633295647479e-10,1.867055491301707e-05,0.001391160266411132,2.881477329705007e-10,4.63574843699508e-06,1.613767171108893e-17,88.72381338865,-11.591016549642914,64.16696641485272,12.965830383130438,-4.1023923813554575e-08,2.426658266690973e-12,-2.615605215056105e-14,1,3,0,0.3916,0.5301188079994331,0.00024009786612852512,1.0935167926495186,1.25850965909044,0.16358311529714728,0.0014086273023978454,1.1238413764396051e-06,291475.559415848,0.00020584916320341644,2.9956078088095004,2.9789457243764828,0.5301188079994331,10.097492698935843,0.9999997975322419,2.1,0.15,0.8,-19.9714388687345,36.68959908118982,1.1417154561852538,0.09006173483571984
3.8,70.0,-19.736021712956386,-19.736021712956386,-19.741878918956047,-19.734324506499433,3.0195174111780916e-08,3.0195174111780916e-08,1.4248276729732847e-08,7.177364894647234e-08,0.004768644466927894,0.3916,171.75624999999985,cCL,2.2480178266051706e-05,0.0014107866423116598,0.0013931999999999998,6.967368556503986e-10,1.9677520183294546e-05,0.001391108107806273,3.1758523623502523e-10,4.893535954407493e-06,1.580055259808172e-17,93.79548781051328,-12.235475781722858,68.24594497412077,13.314067015406723,-3.926292890810146e-08,2.5680828991125892e-12,-2.722334076915578e-14,1,3,0,0.3916,0.5300005821779211,0.00024009786612852512,1.0865831779328083,1.2585033941810033,0.17027564178937457,0.0016432631897698188,1.3112690506831111e-06,291461.6276688784,0.00024016883649440496,2.995495494845549,2.9781058896837336,0.5300005821779211,10.096890758542692,0.9999997754933929,2.1,0.17500000000000002,0.8,-19.9700224187202,35.82289724160104,1.1717598551339434,0.09242464905768043
4.0,60.0,-19.73230298198507,-19.73230298198507,-19.739164501885597,-19.73023354968572,3.340444607770959e-08,3.340444607770959e-08,1.502691054629897e-08,7.940205865868692e-08,0.005022110072249397,0.3916,171.75624999999985,cCL,2.369280198994661e-05,0.001411741482743094,0.0013931999999999998,6.967736900813056e-10,2.0669140346327226e-05,0.0013910712970377557,3.485853209072557e-10,5.151319246868196e-06,1.573956622587941e-17,98.86674169613876,-12.879923763332439,72.45197047715978,13.534847417302887,-3.834365713828447e-08,2.7027876464691403e-12,-2.9866300405023694e-14,1,3,0,0.3916,0.5299826027772904,0.00024009786612852512,1.0935617117981455,1.2584996461150162,0.163528372809505,0.0014084375648242232,1.1239425414022907e-06,291462.3640456814,0.0002058584826087395,2.995416229624797,2.977937789561572,0.5300095958941233,10.097045231872903,0.9999997523189397,2.0,0.15,0.8,-19.9686481269663,36.69521397476819,1.1835810991233842,0.0933501394288123
4.2,60.0,-19.73588104791554,-19.73588104791554,-19.742624223007283,-19.733857965258125,3.676976188700476e-08,3.676976188700476e-08,1.5790884043469213e-08,8.740138314001607e-08,0.005253132425871334,0.3916,171.75624999999985,cCL,2.4812146965849598e-05,0.0014126030530492986,0.0013931999999999998,6.966681197454765e-10,2.1557415716051485e-05,0.001391044559772733,3.808923941111054e-10,5.409093916569368e-06,1.853308088592409e-17,103.50409745077684,-13.524349396019897,76.6271437703958,13.352604246534195,-3.782693624998501e-08,2.8445991222258993e-12,-2.983366591963188e-14,1,3,0,0.3916,0.5299826027772904,0.00024009786612852512,1.0935472707511267,1.2585028587810994,0.1635458976220195,0.0014085664414894554,1.1239664638677073e-06,291451.9880210581,0.00020586581140652526,2.9953586558413714,2.9781295648361934,0.5300149841709052,10.09719969431079,0.9999997281328401,1.9,0.15,0.8,-19.9673537812431,36.69340884389083,1.1592559327766359,0.09142519709963126
4.4,60.0,-19.73850788834295,-19.73850788834295,-19.745133864185988,-19.736535079906133,4.0285540849116304e-08,4.0285540849116304e-08,1.6547357034148445e-08,9.57583571407566e-08,0.005480509156268841,0.3916,171.75624999999985,cCL,2.5931491941752586e-05,0.0014134646324015232,0.0013931999999999998,6.965949005850668e-10,2.2435999526991093e-05,0.0013910275218337815,4.1444585019547195e-10,5.6668595402505575e-06,2.1353700600280912e-17,108.14160156789374,-14.168752078742013,80.75501107540563,13.217838374985451,-3.876064624819264e-08,2.9370462225480898e-12,-3.1370414078912834e-14,1,3,0,0.3916,0.5299826027772904,0.00024009786612852512,1.0935365804126398,1.2585052276112854,0.1635588644971452,0.0014086587079712501,1.1239935289833845e-06,291441.8830954992,0.00020587294922308507,2.9953219677730005,2.978179894349851,0.5299982480908014,10.097301662645233,0.9999997029847824,2.0,0.15,0.801,-19.9660629951806,36.52142077561045,1.139709450443865,0.08987738698182782
4.6,70.0,-19.732388095336063,-19.732388095336063,-19.738407574806928,-19.730650728818915,4.3953188193716154e-08,4.3953188193716154e-08,1.732097366510062e-08,1.0447632087881186e-07,0.0057228653219366975,0.3916,171.75624999999985,cCL,2.7144115665647487e-05,0.0014144194953818086,0.0013931999999999998,6.966954928011399e-10,2.339545354535523e-05,0.0013910228958104874,4.4933047334227663e-10,5.9246202838590295e-06,2.0305920844527342e-17,113.21305748068382,-14.813142551733435,84.89942456863328,13.50049031835284,-4.196425607005949e-08,3.083399204364956e-12,-3.201909223871091e-14,1,3,0,0.3916,0.5299035056121154,0.00024009786612852512,1.0865977302025074,1.2585001172857322,0.17025780349778427,0.0016432721445957595,1.3114408448758168e-06,291427.72247235617,0.00024019677814501658,2.9953120064825303,2.9775046457284806,0.5299035056121154,10.096749424775066,0.9999996768615073,2.0,0.17500000000000002,0.801,-19.964737756968,35.655147341136995,1.1638002184668939,0.0917706108062894
4.8,60.0,-19.72961566780836,-19.72961566780836,-19.736597135191744,-19.727494824580106,4.7780160623190276e-08,4.7780160623190276e-08,1.813562299084994e-08,1.135729988666277e-07,0.00595896604965415,0.3916,171.75624999999985,cCL,2.835673938954239e-05,0.0014153743545429025,0.0013931999999999998,6.967376156131923e-10,2.4337875993853946e-05,0.0013910352960868446,4.857245881972274e-10,6.182384846660476e-06,2.073875468057429e-17,118.28414830856975,-15.457541922967359,89.15382755196447,13.672778790716304,-4.292161293051322e-08,3.2339638779410596e-12,-3.281435453222903e-14,1,3,0,0.3916,0.5298916964477796,0.00024009786612852512,1.0935725751485461,1.2584972226137268,0.16351511296047724,0.001408410419407408,1.1240852960215667e-06,291428.51172447175,0.0002058823951196869,2.99533870819734,2.9774749626856902,0.5299336843149287,10.096940681048316,0.9999996496983234,2.0,0.15,0.801,-19.9634161918419,36.5259145004427,1.171144867124915,0.09234317257927596
5.0,70.0,-19.725831246627564,-19.725831246627564,-19.732143389516153,-19.724021203631565,5.175463111176666e-08,5.175463111176666e-08,1.895901046380445e-08,1.230202783735837e-07,0.006187744219040568,0.3916,171.75624999999985,cCL,2.95693631134373e-05,0.0014163292119271198,0.0013931999999999998,6.967972293641892e-10,2.5266682177082372e-05,0.0013910613094950306,5.234577775199944e-10,6.440151186338336e-06,2.097507687285824e-17,123.35520611490786,-16.101945333404412,93.41631245557754,13.836948285812394,-4.011350540622516e-08,3.3561894582923024e-12,-3.464990881024699e-14,1,3,0,0.3916,0.5298836853200241,0.00024009786612852512,1.0866242727653364,1.2584942042883405,0.17022560893048289,0.0016430110543439258,1.3115381770948465e-06,291413.8034390295,0.00024020825085811564,2.9953947232881792,2.977106771680193,0.5298836853200241,10.096494695827818,0.999999621587739,2.0,0.17500000000000002,0.801,-19.9620982843207,35.658461019392796,1.1835781706310518,0.09331687497392933
5.2,70.0,-19.716667676592152,-19.716667676592152,-19.72334684982573,-19.714752901565475,5.5883189490336854e-08,5.5883189490336854e-08,1.9835887020384602e-08,1.3283382336661955e-07,0.006427633231387737,0.3916,171.75624999999985,cCL,3.087526558532411e-05,0.0014173773382454582,0.0013931999999999998,6.969735871894378e-10,2.626988604954877e-05,0.001391106192494026,5.627282962198718e-10,6.697927339885726e-06,1.9960331402047587e-17,128.86217863993824,-16.746373057522412,97.8099128159216,14.305892732639123,-3.385510183306906e-08,3.448308912717968e-12,-3.6156516149132845e-14,1,3,0,0.3916,0.5298592674673445,0.0002402118432933504,1.0866612322114282,1.2584859548936989,0.17018075169927474,0.0016426593768753914,1.3116061203156827e-06,291409.44526417425,0.0002402118432933504,2.995491370572838,2.9765673226320635,0.5298593878886475,10.096123208683682,0.9999995924616398,2.2,0.17500000000000002,0.801,-19.9607077658005,35.663075182450456,1.2226023850039591,0.09638641786739184
5.4,70.0,-19.70991078424717,-19.70991078424717,-19.716891512187857,-19.707893746139774,6.016342941922011e-08,6.016342941922011e-08,2.0757238887864606e-08,1.430079139986216e-07,0.006657696604681431,0.3916,171.75624999999985,cCL,3.2181168057210884e-05,0.0014184254503266961,0.0013931999999999998,6.971042393375419e-10,2.7253289841489722e-05,0.0013911708598262876,6.035546796708733e-10,6.955717730533408e-06,1.8843094944619165e-17,134.3687081481842,-17.390835741090473,102.32518435979178,14.65268801655218,-3.0749774282412545e-08,3.593932009632317e-12,-3.8345845596032824e-14,1,3,0,0.3916,0.5298592674673445,0.000240216023018256,1.0866886219288712,1.2584798615251545,0.1701475738203748,0.0016423541112184806,1.3116646899162379e-06,291404.3747809451,0.000240216023018256,2.995630619780981,2.9763064544056443,0.5298726621487558,10.095860801042527,0.9999995623275019,2.0,0.17500000000000002,0.801,-19.9593211229018,35.66649462283035,1.2495932958784421,0.09850691967048973
5.6,70.0,-19.70491438935727,-19.70491438935727,-19.712118100759568,-19.70282173176591,6.458899074486812e-08,6.458899074486812e-08,2.1716668824201616e-08,1.5352743224356578e-07,0.00687713275412776,0.3916,171.75624999999985,cCL,3.348707052909766e-05,0.0014194735460974317,0.0013931999999999998,6.972105341742982e-10,2.8217162587191104e-05,0.0013912550404037499,6.458959567485877e-10,7.213524431682277e-06,1.6485802252410447e-17,139.87490938376104,-18.035338634649698,106.93042203011112,14.909148686605137,-3.239509283048392e-08,3.686960892840263e-12,-4.0251656174827843e-14,1,3,0,0.3916,0.5298592674673445,0.0002402208095808356,1.0867089268731762,1.2584753557650497,0.1701230408043181,0.0016420763702936934,1.3117172613886144e-06,291398.56835110957,0.0002402208095808356,2.9958118871743107,2.97619414771751,0.5299007074892077,10.09566675646255,0.9999995312222424,1.9,0.17500000000000002,0.801,-19.9580525390336,35.66902957218179,1.2683509534872957,0.09997875217392267
5.8,60.0,-19.70931602812155,-19.70931602812155,-19.71720323035271,-19.7067772183741,6.914886707360019e-08,6.914886707360019e-08,2.2694370571624086e-08,1.643662160057052e-07,0.007065799149907445,0.3916,171.75624999999985,cCL,3.4699694252992566e-05,0.0014204283461925632,0.0013931999999999998,6.971499779545554e-10,2.9070002539333006e-05,0.0013913569568579556,6.896452967028564e-10,7.471348060445846e-06,1.662979785344368e-17,144.9447551680468,-18.679882960388248,111.55030786357149,14.714564316588232,-2.7498842314344074e-08,3.845994269585651e-12,-4.128403348346854e-14,1,3,0,0.3916,0.5298592674673445,0.0002402208095808356,1.0936554007693438,1.2584789164718093,0.16341492323474371,0.0014074681684457452,1.1242992762062001e-06,291396.90609439224,0.0002059047256341294,2.9960313455167,2.9768705093285672,0.5300141885145326,10.096152189763139,0.9999994992186576,2.0,0.15,0.801,-19.9567874395764,36.536254777695845,1.2400363144826005,0.0977401443554857
6.0,60.0,-19.718876322498602,-19.718876322498602,-19.726378244876628,-19.71651737325132,7.382127091483334e-08,7.382127091483334e-08,2.3653521779291366e-08,1.754724766219e-07,0.007224375180063509,0.3916,171.75624999999985,cCL,3.581903922889561e-05,0.0014212898556984713,0.0013931999999999998,6.970062911105424e-10,2.9817615512851915e-05,0.0013914708086561946,7.345231337623706e-10,7.729183530444108e-06,2.0020470741302643e-17,149.5811477111207,-19.324456304920343,116.03161178899111,14.225079593695858,-2.3513393898610957e-08,3.972814265063018e-12,-4.303653787507411e-14,1,3,0,0.3916,0.5298592674673445,0.0002402208095808356,1.0936168379927023,1.2584875238558828,0.16346197579039948,0.0014075857712690287,1.1243015120274987e-06,291385.1249684092,0.0002059130506627782,2.996276504427636,2.9776494426527527,0.5300884085706891,10.096538908981858,0.9999994664760622,2.0,0.15,0.802,-19.9554878688332,36.36120174472596,1.1856966258597001,0.093450503465897
6.2,50.0,-19.733885767871016,-19.733885767871016,-19.741582368757918,-19.731180042598282,7.859179370684149e-08,7.859179370684149e-08,2.459426945766803e-08,1.8681196507449842e-07,0.0073535713625233895,0.3916,171.75624999999985,cCL,3.684510545680668e-05,0.001422058074778936,0.0013931999999999998,6.967825489539202e-10,3.0461884266160517e-05,0.0013915947133101994,7.804200270281747e-10,7.987030677891703e-06,2.119784653798612e-17,153.78930467129598,-19.96905830298034,120.33494057335463,13.48530577534715,-1.961386431048595e-08,4.078278079827635e-12,-4.4419763006731117e-14,1,3,0,0.3916,0.5298592674673445,0.0002402208095808356,1.1017456270327424,1.2585006613600884,0.15558091402249144,0.0011731834386844615,9.368661699835272e-07,291379.35448788846,0.00017159760713958996,2.9965433103148134,2.9788544396909025,0.5302076833165303,10.097436552817777,0.9999994330882312,2.2,0.125,0.797,-19.9541157140788,38.236590593819614,1.1036818136340603,0.08698006558396086
6.4,100.0,-19.710685731934035,-19.710685731934035,-19.715006661855114,-19.70865079171341,8.345968314589828e-08,8.345968314589828e-08,2.558035930984503e-08,1.9838289314451694e-07,0.007552509835310684,0.3916,171.75624999999985,cCL,3.824428667668543e-05,0.0014231993920366807,0.0013931999999999998,6.97301643641785e-10,3.146519308131194e-05,0.0013917326741733254,8.27480399599504e-10,8.244894640025996e-06,2.141638103837773e-17,159.75014446088514,-20.613703806712497,124.61739916123116,14.519041479013724,-1.392774606756575e-08,4.237988432409523e-12,-4.5532804957004736e-14,1,3,0,0.3916,0.5298592674673445,0.00033787587647207267,1.0704041682699412,1.258481806914683,0.18573055791374476,0.0023452064488346694,1.8742821623191109e-06,291342.19651262066,0.00034323898562242113,2.9968403836634914,2.976552800063713,0.5298975305546962,10.094979366145584,0.999999399034575,3.7,0.25,0.765,-19.9520861857361,39.92211349933872,1.2099008171618861,0.09534061721343678
6.6,150.0,-19.61807943587729,-19.61807943587729,-19.621613006100915,-19.61454339248138,8.850720661408895e-08,8.850720661408895e-08,2.6906038758734377e-08,2.1038080963653184e-07,0.007933218350891311,0.3916,171.75624999999985,cCL,4.0576255376483326e-05,0.001425273428006679,0.0013931999999999998,6.991421483987543e-10,3.334741747424765e-05,0.0013919244340531594,8.773371237164925e-10,8.50282736982505e-06,2.0952206983282373e-17,170.25208165187368,-21.25852360026885,129.8936568306603,19.099901208121402,-1.2823136330553098e-08,4.404548340636305e-12,-4.7193369004383534e-14,1,3,0,0.3916,0.5294430524462101,0.0005095058781802165,1.0518761973655488,1.2584006253482913,0.20301034640226692,0.003511268849945514,2.8127305301026453e-06,291336.1873864331,0.0005148690979505321,2.997253303301377,2.97035868952357,0.5294430524462101,10.08973835151932,0.9999993636052414,5.3,0.375,0.739,-19.9488011654811,42.33778042835573,1.6578526542040104,0.13061617840915282
6.8,200.0,-19.47110916774176,-19.47110916774176,-19.47611001918844,-19.466272902345253,9.383046837676659e-08,9.383046837676659e-08,2.8769931290043176e-08,2.230341534983755e-07,0.008484096130443163,0.3916,171.75624999999985,cCL,4.384101155620039e-05,0.001428280117292862,0.0013931999999999998,7.019835681622472e-10,3.606443008802448e-05,0.0013922140535369495,9.316843198357838e-10,8.760894263359468e-06,2.118429401083005e-17,185.48840482883125,-21.903679807429675,137.11678910509042,26.46793590394258,-1.2368559509923216e-08,4.5022037313546814e-12,-4.8699759502834894e-14,1,3,0,0.3916,0.5290989053816769,0.0006810840193134325,1.0386976644353783,1.2582705353048835,0.21490133172284323,0.004667786600587431,3.752546074566256e-06,291355.3898974692,0.0006864468856072371,2.9978769456006664,2.9621221648265936,0.5290989053816769,10.08239618711883,0.999999325999739,6.8,0.5,0.718,-19.9442018461222,44.66541287400812,2.3720812797150232,0.18684117102758277
7.0,250.0,-19.281749323656214,-19.281749323656214,-19.289984143371527,-19.27580986569245,9.951537058991465e-08,9.951537058991465e-08,3.1300584052483204e-08,2.36547113358485e-07,0.009187927864529022,0.3916,171.75624999999985,cCL,4.803855521583661e-05,0.0014322193973154962,0.0013931999999999998,7.056625287569543e-10,3.9572997711115595e-05,0.0013926447019699574,9.919718945796466e-10,9.019157900361056e-06,2.087089182034596e-17,205.5925982544205,-22.549327985400183,147.03172313760598,36.0115471180135,-1.340083599643549e-08,4.637469661755711e-12,-5.058063343166275e-14,1,3,0,0.3916,0.5289493222541267,0.0008525846757407719,1.028499311696684,1.2581023032642058,0.22378620623537523,0.005812091353848574,4.693978297799702e-06,291393.3443433575,0.0008579468435127246,2.998804267807832,2.9528006287761634,0.5289493222541267,10.073424282499854,0.99999928551425,9.3,0.625,0.699,-19.93782503582,47.13867120124237,3.290608233270636,0.2591011716780985
7.2,320.0,-19.04052792197379,-19.04052792197379,-19.052148035741908,-19.032854292116127,1.056390750461493e-07,1.056390750461493e-07,3.461951583092927e-08,2.5110310208259873e-07,0.01005756557987788,0.3916,171.75624999999985,cCL,5.335544385137582e-05,0.0014372777599500409,0.0013931999999999998,7.105165685957297e-10,4.400980104692358e-05,0.001393266188815973,1.0595705757115098e-09,9.277683901355331e-06,2.0564265893439904e-17,231.68169650516688,-23.195632572065424,160.33898429282604,48.14707962858252,-1.1692918633343652e-08,4.751005578534917e-12,-5.247408410569143e-14,1,3,0,0.3916,0.5289034241460279,0.0010904977073599952,1.016988970524207,1.2578883982948086,0.23349089246444912,0.007402521513406629,6.013792745742982e-06,291438.0267423015,0.001098003591284791,3.000142525443525,2.9416882844151835,0.5289105983314119,10.061841853311403,0.9999992415030906,11.0,0.8,0.682,-19.9294963225799,49.11861737891597,4.4605663194755145,0.35106493656555365
7.4,380.0,-18.753690070010236,-18.753690070010236,-18.771541140376087,-18.74475150019441,1.1227511458828926e-07,1.1227511458828926e-07,3.8873377115330204e-08,2.66876906556428e-07,0.011070195398745751,0.3916,171.75624999999985,cCL,5.9884956210809946e-05,0.0014435483987514292,0.0013931999999999998,7.169254696877473e-10,4.940077546515218e-05,0.0013941457703508355,1.1360099720407753e-09,9.53655745940049e-06,1.9961178434994842e-17,264.3796559568585,-23.84280698924841,177.8735322426947,62.663316712524086,-1.23913537208864e-08,4.8979409937588425e-12,-5.358257240684061e-14,1,3,0,0.3916,0.5289034241460279,0.0012971216800192254,1.0091733617100644,1.2576329611259704,0.23971492673546976,0.00873752425425278,7.1484261836980905e-06,291510.81646742363,0.001303553688349897,3.0020365425297917,2.9298902556186484,0.5291875593549403,10.048806099359593,0.999999193302752,11.7,0.9500000000000001,0.667,-19.9200346948561,51.300354079469926,5.855133501082932,0.46058712816250214
7.6,400.0,-18.478065121558274,-18.478065121558274,-18.505868153375786,-18.468478929244185,1.1944302500339624e-07,1.1944302500339624e-07,4.406321368826373e-08,2.8391496316471647e-07,0.012078634924555675,0.3916,171.75624999999985,cCL,6.716069855417936e-05,0.001450564837659467,0.0013931999999999998,7.252501827828725e-10,5.5218264740894475e-05,0.0013953446255086873,1.2221597024164081e-09,9.795860894732392e-06,2.0283050954951476e-17,301.165617766405,-24.491057649810838,199.91324867881914,76.76131142511043,-1.2664571613640874e-08,5.03530333748059e-12,-5.4916791600301273e-14,1,3,0,0.3916,0.5289034241460279,0.0013695502673896987,1.0075352641750113,1.2573855274825796,0.2407017052661599,0.009141027415893586,7.530625514618501e-06,291610.3260387741,0.0013716935385436721,3.00461805665092,2.921010442505996,0.5300373987707525,10.03748989690448,0.9999991406318945,13.3,1.0,0.653,-19.9094720256139,54.29330232389146,7.189577414278473,0.5652361079425671
7.8,460.0,-18.20156984416772,-18.20156984416772,-18.235274471197016,-18.190360788767464,1.2710197543931444e-07,1.2710197543931444e-07,5.012031194395447e-08,3.0212021735040276e-07,0.013053576038422488,0.3916,171.75624999999985,cCL,7.518267088148415e-05,0.0014583269853187739,0.0013931999999999998,7.396406311018979e-10,6.142688593774971e-05,0.0013968980416193353,1.3181210574217315e-09,1.0055685562730355e-05,2.024069930758876e-17,342.0852890890868,-25.140623283218506,226.17880184399561,90.76586394994402,-1.1928676713068853e-08,5.181141973786829e-12,-5.724977783505558e-14,1,3,0,0.3916,0.5289034241460279,0.0015706509497181588,1.0010945221960956,1.2571394034197043,0.24559083716728908,0.010445375529374025,8.668526945596884e-06,291678.42803151626,0.0015770792619270986,3.0079630525825483,2.9126507124598757,0.5309697711128607,10.024989742920726,0.9999990836544681,14.9,1.1500000000000001,0.64,-19.897330862705,56.42101909313993,8.522555262503909,0.6695925552587019
8.0,500.0,-17.912751097544515,-17.912751097544515,-17.954808466081744,-17.899861982683746,1.352241371649114e-07,1.352241371649114e-07,5.712695228704318e-08,3.214265204775645e-07,0.01401364984785783,0.3916,171.75624999999985,cCL,8.413743068870808e-05,0.0014670211725868185,0.0013931999999999998,7.713542239437112e-10,6.81726899777545e-05,0.0013988462866873267,1.4245675135731531e-09,1.0316258101909454e-05,2.0078068981715935e-17,388.2269512567719,-25.792098404610588,256.95121276738047,105.48364007314578,-1.163505203294335e-08,5.317522464021174e-12,-5.870347610792415e-14,1,3,0,0.3916,0.5289034241460279,0.0017094064057395083,0.9976460960613787,1.2568811829234197,0.24795050227968576,0.01127515373862348,9.430843731696588e-06,291767.9484091062,0.0017136906323203074,3.0121582400674556,2.9050429274288008,0.5322134145272869,10.012600712724991,0.999999022402493,16.4,1.25,0.628,-19.8836350928311,58.86084332187558,9.912090953616286,0.7781862372482755
8.2,560.0,-17.609890408446887,-17.609890408446887,-17.65881766693721,-17.595115799804404,1.437705902907108e-07,1.437705902907108e-07,6.509780825317907e-08,3.417413603297143e-07,0.014959462410098084,0.3916,171.75624999999985,cCL,9.402497797585108e-05,0.0014766469106382374,0.0013931999999999998,8.439823042479728e-10,7.543908420967539e-05,0.001401205440471652,1.5419746057187252e-09,1.057806733763431e-05,2.0831928304772263e-17,439.6373222051643,-26.44676389711755,292.32988448392695,120.86067381337082,-1.0749033663159935e-08,5.4404397653584624e-12,-6.025908938500635e-14,1,3,0,0.3916,0.5289034241460279,0.001912376828673078,0.9924859480464929,1.2566113907050518,0.25158082739494697,0.012534041967066962,1.057329654499617e-05,291848.86139164196,0.0019188013868881157,3.0172382439096723,2.897704068153649,0.5336412683755977,9.999119782344332,0.9999989570515313,18.2,1.4000000000000001,0.616,-19.8682541508126,61.11784870884625,11.36669445248337,0.8916409411163883
8.4,610.0,-17.2903769980513,-17.2903769980513,-17.347867378101796,-17.273559916606246,1.5271752874954047e-07,1.5271752874954047e-07,7.408346948961339e-08,3.6300815010587227e-07,0.015916412811566083,0.3916,171.75624999999985,cCL,0.00010493859149090526,0.0014872974282849824,0.0013931999999999998,8.540426939067688e-10,8.331626891644727e-05,0.0014039786342573343,1.6710685069846362e-09,1.0841163205942994e-05,2.031354414105263e-17,496.89086397652625,-27.104485653137935,332.64202911208326,137.14434919903283,-1.2272209914954146e-08,5.559667309862348e-12,-6.191835238977816e-14,1,3,0,0.3916,0.5289034241460279,0.0020840828771267784,0.9888536165745365,1.256326087789507,0.2539181807044141,0.013542761459664729,1.1529050891839238e-05,291944.96374291007,0.0020894349132776022,3.023209806755672,2.8910367812773274,0.5354038412638769,9.985314565383712,0.9999988877334713,19.6,1.5250000000000001,0.606,-19.8512215782306,63.17716445124365,12.900186369324459,1.010997603752838
8.6,660.0,-16.965922629599106,-16.965922629599106,-17.032217349445546,-16.94688535124186,1.6204148840154053e-07,1.6204148840154053e-07,8.406625728543312e-08,3.851711157631104e-07,0.016875671818352773,0.3916,171.75624999999985,cCL,0.00011678499248587851,0.00149887990787824,0.0013931999999999998,8.644413478704034e-10,9.172779714712968e-05,0.0014071494340151204,1.81227464217617e-09,1.1105084607657987e-05,1.9739255802814215e-17,559.4771102474186,-27.764268047693616,378.01407313123565,153.69876905326132,-1.5228010852297302e-08,5.671505799720311e-12,-6.427757631710662e-14,1,3,0,0.3916,0.5289034241460279,0.002254596215272328,0.9855502182451699,1.2560363292506198,0.25594501775697887,0.01452860633644579,1.2486912025296885e-05,292042.3158434452,0.002259946467325665,3.030037540945565,2.885586934961207,0.5375023620458599,9.971373584227653,0.9999988146658376,21.4,1.6500000000000001,0.595,-19.8325221554474,65.63869214204536,14.45403415349734,1.1316232698350854
8.8,740.0,-16.60663148486418,-16.60663148486418,-16.67989233078157,-16.585549416476795,1.7172813337696788e-07,1.7172813337696788e-07,9.50557692921065e-08,4.0819618107194643e-07,0.017895068642830615,0.3916,171.75624999999985,cCL,0.00012984401720474677,0.00151167409503375,0.0013931999999999998,8.761404544943658e-10,0.00010097401976295588,0.0014106972331142163,1.966016123152124e-09,1.1369922171016907e-05,2.0245781505272287e-17,629.0883701503122,-28.426339915699412,428.7128411113255,171.94918910611872,-1.7168588328786427e-08,5.806601727220695e-12,-6.491985768408703e-14,1,3,0,0.3916,0.5289034241460279,0.002524561569817007,0.980154358072738,1.2557168999021708,0.25941074247213786,0.016137781481896433,1.4017875398497255e-05,292129.932110728,0.002533119405646912,3.0376770738893546,2.879415657948575,0.5397654455170129,9.95523042360598,0.9999987380443357,23.8,1.85,0.586,-19.8115715300036,67.26183584859011,16.17711164551335,1.2650824687337123
9.0,780.0,-16.238154718807777,-16.238154718807777,-16.32310681110465,-16.213981605919628,1.8176693076368207e-07,1.8176693076368207e-07,1.0706261658463628e-07,4.3205830939786564e-07,0.01895638683328229,0.3916,171.75624999999985,cCL,0.0001440223868995179,0.0015255866044268447,0.0013931999999999998,8.885744455864985e-10,0.00011097149372851547,0.0014146120893189758,2.132804908110398e-09,1.1635782472692962e-05,1.9969648764467385e-17,705.1904598382245,-29.09096611412861,485.24870533918136,190.85078836832975,-1.6584749573667068e-08,5.955017728931367e-12,-6.577117322992265e-14,1,3,0,0.3916,0.5289034241460279,0.0026646598377220213,0.9784293560842221,1.2553869471536476,0.2600998141398549,0.016842984983017683,1.4791946552828718e-05,292251.18680279277,0.002668936980318693,3.0461069968108867,2.875074371068869,0.5426013262644289,9.93996452345515,0.9999986580336409,25.1,1.95,0.576,-19.7886399100623,69.8662076535108,17.94203748914114,1.4013522780246284
9.2,830.0,-15.884491613311297,-15.884491613311297,-15.979531073770033,-15.857606787639497,1.9212446685544836e-07,1.9212446685544836e-07,1.1996996226065187e-07,4.566780766709017e-07,0.02000790271647647,0.3916,171.75624999999985,cCL,0.0001590402653262163,0.0015403375417828477,0.0013931999999999998,9.008132612606911e-10,0.00012147239421602891,0.0014188619340818416,2.312671715835823e-09,1.1902723543388375e-05,1.9930685248893687e-17,786.1343217791801,-29.758289384339257,547.4035679090683,208.97246446832307,-1.744945166137768e-08,6.076743275240659e-12,-6.625949788841012e-14,1,3,0,0.3916,0.5289034241460279,0.0028336686584556,0.9760220430948153,1.255070871534345,0.26128603883086127,0.01774703184404071,1.5757764627698965e-05,292355.10564298317,0.0028390131862912477,3.0552582559901844,2.8727571007274797,0.5457656839621996,9.925058767841435,0.9999985749937534,26.7,2.075,0.568,-19.7641935453112,71.83486674204497,19.629953142815243,1.5311441419248097
9.4,900.0,-15.512448178893806,-15.512448178893806,-15.6160377980313,-15.48316242956588,2.0277324359300874e-07,2.0277324359300874e-07,1.3374508076925357e-07,4.819901202591127e-07,0.021067509794489157,0.3916,171.75624999999985,cCL,0.00017517748872881777,0.0015562066788937544,0.0013931999999999998,9.139355462865496e-10,0.00013278163501805545,0.0014234216241814249,2.505758727878574e-09,1.21708098350835e-05,2.0354201722520837e-17,873.6353597838661,-30.42847350546242,615.2208814705713,227.98600479053903,-1.72933596331859e-08,6.172574604224046e-12,-6.721446316193536e-14,1,3,0,0.3916,0.5289034241460279,0.0030699893814051353,0.9724345271552176,1.2547394317585074,0.2632422484834195,0.01904554794197574,1.7108177894525797e-05,292448.07993083895,0.003077469341610453,3.0650767101236536,2.8703863723250844,0.5491013142494572,9.90887901415415,0.9999984892219734,27.8,2.25,0.559,-19.7383556279195,73.9596649651552,21.40962260832019,1.6676058669272746
9.6,920.0,-15.162564951729848,-15.162564951729848,-15.279322078410871,-15.129249915842536,2.1368363289249046e-07,2.1368363289249046e-07,1.4833500335944467e-07,5.079240144817933e-07,0.022073001098169006,0.3916,171.75624999999985,cCL,0.0001921542208633464,0.0015729141095960713,0.0013931999999999998,9.268266258532452e-10,0.00014463445363478486,0.0014282760167820545,2.7123526059257085e-09,1.2440111267296203e-05,2.125883291018843e-17,965.9972430836634,-31.101690393975367,688.819270676335,246.07628200080322,-1.2549890016089194e-08,6.31170636589129e-12,-6.879306152507425e-14,1,3,0,0.3916,0.5289034241460279,0.003142440489672386,0.9724722584588159,1.2544250620152047,0.2626654190828558,0.01926987850751264,1.7505966020319963e-05,292567.195153423,0.00314457675105218,3.075529751899342,2.8709774141376303,0.5529874760382002,9.89506501605808,0.9999984010081244,29.4,2.3000000000000003,0.551,-19.7111325575219,76.49224291448563,23.076135237375226,1.7947395566011277
9.8,970.0,-14.838248279195398,-14.838248279195398,-14.96383055212965,-14.802313584947512,2.2482210386338013e-07,2.2482210386338013e-07,1.6361794347780491e-07,5.344000567230334e-07,0.023015469934150806,0.3916,171.75624999999985,cCL,0.00020978390423381855,0.0015902732595617472,0.0013931999999999998,9.390753980999932e-10,0.0001568782827085161,0.0014333911053125796,2.9324652532636424e-09,1.2710644672092294e-05,2.113686016578381e-17,1062.1115945671881,-31.777981098317056,767.5883578778682,262.7452555750472,-1.5955720300553367e-08,6.4504686314581505e-12,-7.058850032271025e-14,1,3,0,0.3916,0.5289034241460279,0.003309231130287123,0.9704072313673066,1.2541354474060817,0.2635939088151816,0.02011582992881143,1.8477294782219237e-05,292647.2832727073,0.0033145703221720752,3.0865441544198524,2.8730328705815036,0.5569504874052918,9.881409362541353,0.9999983106743305,30.9,2.4250000000000003,0.544,-19.6822898265502,78.38368223663721,24.61116867012337,1.9111079450869657
10.0,1020.0,-14.507948297023688,-14.507948297023688,-14.642448989568265,-14.469365537989688,2.3617057370196118e-07,2.3617057370196118e-07,1.795896971428656e-07,5.613752643260308e-07,0.023967347320175972,0.3916,171.75624999999985,cCL,0.0002283463750842097,0.0016085639162993041,0.0013931999999999998,9.522751214295084e-10,0.0001698060493179708,0.001438753748532928,3.166173283938503e-09,1.2982458784925813e-05,2.0450763478507827e-17,1163.7059282638277,-32.45747141471012,851.5037287964325,279.7447280343158,-1.8369291865383275e-08,6.578045400051913e-12,-7.132142099131045e-14,1,3,0,0.3916,0.5289034241460279,0.0034791501807147885,0.9684996635305914,1.2538405039813942,0.2643837032162774,0.020937686019217482,1.9451215307913995e-05,292725.93797338184,0.0034844879379727213,3.098091620441275,2.8752661109427518,0.5610408017049423,9.867516846187023,0.9999982184008355,32.7,2.5500000000000003,0.538,-19.6517115275147,80.01852481981251,26.174632287315735,2.029111621023554
10.2,1060.0,-14.183709530276928,-14.183709530276928,-14.328004714975293,-14.142092557371598,2.477122879224294e-07,2.477122879224294e-07,1.9621865239444408e-07,5.888098120333477e-07,0.024917114008672574,0.3916,171.75624999999985,cCL,0.00024774835466652813,0.0016276927325228265,0.0013931999999999998,9.690737749127765e-10,0.00018332914352217579,0.0014443592064656472,3.4134612284335886e-09,1.3255622143722093e-05,2.0633722595114756e-17,1270.2132427366264,-33.14033931307624,940.5773933019565,296.49551009167607,-2.991760084114503e-08,6.709169678154048e-12,-7.358003095703225e-14,1,3,0,0.3916,0.5289034241460279,0.0036158662378749313,0.9673184283015147,1.2535504319066206,0.2646757597341825,0.021536008455167344,2.0235415756130558e-05,292806.73850983835,0.003620135265310446,3.110161943293814,2.8785808549835186,0.5653676668501388,9.854187688078408,0.9999981243467454,34.1,2.65,0.531,-19.6194645915181,82.1691955370084,27.705929669411876,2.144023816493434
10.4,1130.0,-13.840362647159111,-13.840362647159111,-13.99186724039464,-13.79686225512296,2.5943392668499564e-07,2.5943392668499564e-07,2.1348332590307862e-07,6.166720387092836e-07,0.025908786494100316,0.3916,171.75624999999985,cCL,0.00026817640047675773,0.0016478460749176312,0.0013931999999999998,1.0091849383729973e-09,0.00019763648982504132,0.001450204901626757,3.6742808944535717e-09,1.353032555914752e-05,2.1216481262825715e-17,1382.802727095313,-33.82711112010785,1034.8285062433893,314.1471096981469,-3.366903911228292e-08,6.849243394668747e-12,-7.445259686544858e-14,1,3,0,0.3916,0.5289034241460279,0.0038509002346293277,0.9644716153228827,1.2532449198800413,0.266038118687081,0.022713587520855234,2.1598349222240056e-05,292869.8307627163,0.0038583694232251875,3.122749572839701,2.8812263185496048,0.5697276911941376,9.839293887200686,0.9999980286421367,35.9,2.825,0.525,-19.5855556675234,83.70887910912052,29.333827019730258,2.265772330773288
10.6,1170.0,-13.489903736933059,-13.489903736933059,-13.652269724206349,-13.443004537308866,2.713159893823611e-07,2.713159893823611e-07,2.3137138798094615e-07,6.449155915910651e-07,0.026922365377556084,0.3916,171.75624999999985,cCL,0.0002896305125148984,0.0016690230685795905,0.0013931999999999998,1.1466765130952426e-09,0.00021271783340807754,0.001456300139963757,3.948531242914084e-09,1.3807443935328777e-05,2.108773225484306e-17,1501.4653426861814,-34.52015929958154,1134.622643458571,332.32253989565874,-3.237005330447573e-08,6.967544596836461e-12,-7.684131109186865e-14,1,3,0,0.3916,0.5289034241460279,0.003989487089573806,0.963589366809722,1.252931234348403,0.26606016465611787,0.023259314596806063,2.2388285757076496e-05,292957.4588809748,0.003993753920685656,3.1358745477255745,2.884869255216685,0.5744733924484143,9.825035719981058,0.9999979314629598,37.4,2.9250000000000003,0.52,-19.5499304519921,85.30564746340806,30.997689377670074,2.389599784361197
10.8,1260.0,-13.105845412077372,-13.105845412077372,-13.274873915346632,-13.057442229818662,2.8333515482535414e-07,2.8333515482535414e-07,2.498411892231002e-07,6.734850364282247e-07,0.02798820386846634,0.3916,171.75624999999985,cCL,0.00031229724827693374,0.0016914100322086886,0.0013931999999999998,1.1678521827824233e-09,0.00022875971188055264,0.0014626449163848041,4.236091148944639e-09,1.4087216068265922e-05,2.094543071970434e-17,1627.3832555640324,-35.21954664111398,1240.0790706569167,352.08463822997794,-3.602394826884847e-08,7.100691562511585e-12,-7.668865542598269e-14,1,3,0,0.3916,0.5289034241460279,0.00429045801201441,0.9600883416488333,1.2525902356691625,0.2677199779569719,0.024757771308037878,2.41447553193812e-05,293019.41575457423,0.00430005635208605,3.1495368569870887,2.887245945552827,0.5792434751439146,9.80812263332938,0.9999978330188943,39.6,3.15,0.513,-19.5123469549534,87.15172351829108,32.83306491867026,2.525847982727636
11.0,1310.0,-12.698053551881344,-12.698053551881344,-12.87923902346131,-12.64588989288319,2.9545084471963004e-07,2.9545084471963004e-07,2.6886852651656495e-07,7.022839189912766e-07,0.029088291422464982,0.3916,171.75624999999985,cCL,0.0003362698865108559,0.0017151012256773777,0.0013931999999999998,1.1911481251003591e-09,0.0002458428612639084,0.0014692526370684842,4.536196859749577e-09,1.4368660833499826e-05,2.1817874655376268e-17,1761.1169166000586,-35.923116678789405,1351.9002896001257,373.2935102883639,-3.277955329394899e-08,7.252559663939451e-12,-7.776244925761233e-14,1,3,0,0.3916,0.5289034241460279,0.004463798311922069,0.9590845498414561,1.2522254759409188,0.26769042401478943,0.02542536608949841,2.5135995174791917e-05,293122.0025119363,0.004469128856837198,3.163765368364523,2.890439690696126,0.5845566836441393,9.791514775205945,0.9999977336562439,40.5,3.275,0.511,-19.4731881161943,87.68777883394444,34.79211787965329,2.6707740900718373
11.2,1340.0,-12.327543518773552,-12.327543518773552,-12.521778786411858,-12.270704144312731,3.076237732954881e-07,3.076237732954881e-07,2.8832793731502703e-07,7.312188573698314e-07,0.030101425334077867,0.3916,171.75624999999985,cCL,0.0003609887547287133,0.0017395369391413752,0.0013931999999999998,1.2131101563624673e-09,0.00026342074418931455,0.001476110133439382,4.848402522144666e-09,1.4651815587358336e-05,2.0416882160617655e-17,1899.143717055912,-36.63095431670486,1469.8392164250015,392.6735462826945,-3.15110355586512e-08,7.364341775284444e-12,-7.883277364229002e-14,1,3,0,0.3916,0.5289034241460279,0.004566728549461995,0.9590771258734079,1.2518930382844258,0.26709004382249285,0.0257001272697761,2.574131874898202e-05,293221.3915271476,0.004569925792320433,3.17853172575233,2.8967378996137674,0.5903169825978366,9.776984683169614,0.9999976337140745,41.9,3.35,0.507,-19.4329621612014,89.16708597108637,36.56374454643908,2.8005287713245095
11.4,1430.0,-11.93673429454833,-11.93673429454833,-12.13794373856473,-11.878719054371174,3.1983154905852117e-07,3.1983154905852117e-07,3.0817778416537313e-07,7.602366271892587e-07,0.031127167036453095,0.3916,171.75624999999985,cCL,0.0003868269679224744,0.00176509026591862,0.0013931999999999998,1.236373191889237e-09,0.00028188317658434537,0.001483200680376376,5.172584706975426e-09,1.4936702003873945e-05,1.9747726132286758e-17,2043.8548518058847,-37.343120368405835,1593.6035918389755,412.9081395663948,-3.2108573577716015e-08,7.506741755980428e-12,-8.041657617585685e-14,1,3,0,0.3916,0.5289034241460279,0.0048663057444290675,0.9560915975599431,1.2515459524447181,0.2683343629978493,0.02709248168953181,2.7510197393908503e-05,293279.4557008331,0.004875895574010839,3.193799914677812,2.9017780870597085,0.5959533024853315,9.759989408890855,0.9999975333938722,43.8,3.575,0.504,-19.3910488519049,89.70071380157601,38.44203897523721,2.937557285617164
11.6,1440.0,-11.56667741182855,-11.56667741182855,-11.783069113810086,-11.502426578452742,3.3202968151931897e-07,3.3202968151931897e-07,3.2836942387225615e-07,7.892314749686688e-07,0.03210182005424019,0.3916,171.75624999999985,cCL,0.00041359796859615416,0.0017915745649359348,0.0013931999999999998,1.2597103092110049e-09,0.0003010410412977683,0.0014905267561255374,5.507802319953815e-09,1.5223403660238984e-05,1.982904129522317e-17,2194.0337378721065,-38.05982102351603,1723.5498030547667,432.4241137639179,-2.9906004783697426e-08,7.632536963564363e-12,-8.164302567337245e-14,1,3,0,0.3916,0.5289034241460279,0.004907107340940894,0.9572028156081605,1.2512127603925272,0.2670305844211114,0.026951627618422135,2.7732744833098093e-05,293388.2224235087,0.004908172482538669,3.209575271588151,2.909667546234874,0.6022286297567717,9.746096206917315,0.9999974330713208,45.4,3.6,0.501,-19.3473300657778,91.05844622917374,40.21564023302589,3.0656307342888693
11.8,1500.0,-11.225118423200286,-11.225118423200286,-11.449910518599438,-11.158531026760613,3.488230753330321e-07,3.442089275076001e-07,3.488230753330321e-07,8.181814297779893e-07,0.03301943824376657,0.3916,164.89999999999992,PEM,0.0004410219205057777,0.0018187100169270234,0.0013931999999999998,1.2816200875499408e-09,0.00032063956120230094,0.0014980633195720771,5.8545325578902286e-09,1.551190357877342e-05,1.9329291856343134e-17,2347.9446361282407,-38.78100992509059,1858.8949298254925,450.2686963490305,-2.862725523300469e-08,7.759948933427907e-12,-8.30897850523371e-14,1,3,0,0.3916,0.5289034241460279,0.005105360175374599,0.9557325667501657,1.2509082160217677,0.2673997114148702,0.02774701392607508,2.892393065675469e-05,293441.5885535585,0.00511174986270299,3.2258038750475384,2.9184043393568464,0.6083975191636117,9.731905832675794,0.9999973328348738,47.1,3.75,0.498,-19.3019396153692,91.91417003015377,41.8446091590595,3.1817541484976917
12.0,1540.0,-10.884015883412815,-10.884015883412815,-11.119279724445903,-10.81376579285643,3.6953776747382304e-07,3.5635088679625054e-07,3.6953776747382304e-07,8.470427544479451e-07,0.03393553034380699,0.3916,164.89999999999992,PEM,0.00046937865989532,0.0018467764014680203,0.0013931999999999998,1.3066822714373653e-09,0.0003409616227705684,0.0015058072596994623,6.212315718217484e-09,1.5802258427318714e-05,1.926152922056279e-17,2507.371492857215,-39.50684034545125,1999.6579043982938,468.20674807922893,-3.4240883906022646e-08,7.912018262778986e-12,-8.469613899109163e-14,1,3,0,0.3916,0.5289034241460279,0.005242644183190762,0.9553090699245113,1.2506029479089051,0.267112811069326,0.02815133713126419,2.9729783803746722e-05,293506.47235103574,0.005246903033055262,3.2424790260539664,2.927514778815764,0.6147248939375669,9.718285078016642,0.9999972328447828,48.3,3.85,0.495,-19.2551373840846,92.99173129788106,43.474743044892335,3.297081876499159
12.2,1620.0,-10.51727155993234,-10.51727155993234,-10.75952790332235,-10.44578035801743,3.9048411650841987e-07,3.684337045217925e-07,3.9048411650841987e-07,8.7576350017065e-07,0.034887485066526926,0.3916,164.89999999999992,PEM,0.0004988547442607652,0.0018759600817941004,0.0013931999999999998,1.3608987625106408e-09,0.00036219576909387994,0.0015137563713305544,6.580470903904762e-09,1.6094662466684542e-05,1.9983201291623454e-17,2673.5105293901347,-40.23786316852355,2145.8926834887066,487.3799826974371,-3.546756488503888e-08,8.031932757779359e-12,-8.597116074593458e-14,1,4,0,0.3916,0.5289034241460279,0.005510150056247407,0.9531594849505055,1.2502769823780162,0.26783392806332573,0.029252251636729485,3.131772745544344e-05,293549.17443057196,0.005518666516921683,3.2595959761639848,2.9353385849538385,0.6210067284477641,9.702616993226355,0.9999971332876307,50.9,4.05,0.493,-19.2063637815846,93.33863792099504,45.24069376413413,3.421661732125007
12.4,1670.0,-10.130642980471578,-10.130642980471578,-10.384145577415893,-10.055390189224397,4.1160302507764494e-07,3.804102627113426e-07,4.1160302507764494e-07,9.042316679613563e-07,0.03586006826134923,0.3916,164.89999999999992,PEM,0.0005295434523501056,0.001906353003718521,0.0013931999999999998,1.5602379639543981e-09,0.000384424861147764,0.0015219196250548428,6.95727795058902e-09,1.6390448631603903e-05,1.9630835585565665e-17,2846.9196542660006,-40.97770122599478,2298.157012575548,507.78494043100454,-3.345348886796273e-08,8.169256937584635e-12,-8.758271885511704e-14,1,4,0,0.3916,0.5289034241460279,0.005682256127362248,0.9525805978247521,1.2499312834450909,0.26754561916598035,0.029772739449916603,3.232700444164487e-05,293622.36805303954,0.005687577588429277,3.277174041892426,2.943603665505955,0.6277192916391963,9.687108518875755,0.9999970345562876,52.2,4.175,0.49,-19.1555645282742,94.40420363770453,47.11383751954458,3.5531965615865873
12.6,1720.0,-9.754677154284764,-9.754677154284764,-10.01910153358125,-9.675784381880305,4.3280234648771516e-07,3.9225051304676187e-07,4.3280234648771516e-07,9.323758332464032e-07,0.036806605548025194,0.3916,164.89999999999992,PEM,0.000561164947919365,0.001937675125467272,0.0013931999999999998,1.593437632423437e-09,0.0004073744939691057,0.0015302916962634456,7.341797088155704e-09,1.668982245211248e-05,1.9651164376299768e-17,3025.7936281306656,-41.72609050085312,2456.3924034445945,527.6751341505098,-3.4708591556409374e-08,8.345855256886026e-12,-8.83182416089312e-14,1,4,0,0.3916,0.5289034241460279,0.005851223879813315,0.9520180802238164,1.2495951437257602,0.2672666267095177,0.030277098537908314,3.333825451794023e-05,293688.5573509836,0.005856544141569837,3.295201757673224,2.9532357262867537,0.634731892799631,9.672074012284705,0.9999969369041801,53.9,4.3,0.489,-19.1033182463678,94.6867239721506,48.937263000685945,3.67989104504388
12.8,1760.0,-9.397208078129893,-9.397208078129893,-9.67290315735346,-9.314292214041245,4.5402553676450494e-07,4.0393722915791845e-07,4.5402553676450494e-07,9.601550491036807e-07,0.03771812006011728,0.3916,164.89999999999992,PEM,0.000593625952220552,0.001969834604877832,0.0013931999999999998,1.6260068657010743e-09,0.00043096060280429534,0.001538864642433491,7.733633179480214e-09,1.6991347342739363e-05,1.9508862841161045e-17,3209.5374291565395,-42.479853433983436,2620.3899062203727,546.6676694618131,-4.037019607494585e-08,8.456103872678256e-12,-9.01362318117549e-14,1,4,0,0.3916,0.5289034241460279,0.005987215276750298,0.9518731270622804,1.2492750707074813,0.26677191587456855,0.030595872302240434,3.415546839195214e-05,293750.9207042578,0.005991470582561785,3.3136620207439518,2.964284484512528,0.6419793963116444,9.65803712136433,0.9999968404796057,55.7,4.4,0.487,-19.0493135425956,95.45649426330193,50.669046120128804,3.798535769041976
13.0,1800.0,-9.06168768709307,-9.06168768709307,-9.34770917667737,-8.975157407460301,4.7523916436418584e-07,4.1546303523668243e-07,4.7523916436418584e-07,9.875517833056391e-07,0.03858917966349472,0.3916,164.89999999999992,PEM,0.0006268331865056738,0.0020027381537681115,0.0013931999999999998,1.65742718626861e-09,0.00045510083884934004,0.0015476275249465981,8.132544987239344e-09,1.7295032737581346e-05,1.9264917352351807e-17,3397.567522114301,-43.23901239491075,2789.7977350061933,564.5307746716562,-4.154071575612761e-08,8.588130206987898e-12,-9.252668076165094e-14,1,4,0,0.3916,0.5289034241460279,0.006122361913455911,0.9516774249901179,1.2489747832626226,0.2663517798975171,0.030910605182563534,3.497319242410445e-05,293800.0114051819,0.006126616508253316,3.33253127680146,2.976427698348424,0.649322281885761,9.644833036653955,0.9999967453492038,56.5,4.5,0.486,-18.9941262143831,95.81840020372796,52.292158192403704,3.90801061543364
13.2,1850.0,-8.731605540530495,-8.731605540530495,-9.02651685534562,-8.642324041612994,4.964280559037339e-07,4.2681941069755925e-07,4.964280559037339e-07,1.0145457824995466e-06,0.03944245638351793,0.3916,164.89999999999992,PEM,0.000660879929522723,0.0020364790318562745,0.0013931999999999998,1.688992263969205e-09,0.0004798972688910282,0.0015565715358531462,8.538119836077474e-09,1.7600897666467473e-05,1.9142944607947188e-17,3590.50100786663,-44.00361833005075,2964.393741896497,582.1036475977878,-4.229423211654648e-08,8.733250234094214e-12,-9.234626952014935e-14,1,4,0,0.3916,0.5289034241460279,0.0062907213383233615,0.9510732124643084,1.2486800233691324,0.26618640098559265,0.031384421244431936,3.5988674799406404e-05,293835.53977176384,0.006296038938778419,3.3517905595459645,2.988644874862516,0.65666390731877,9.631558425999232,0.9999966515881891,58.3,4.625,0.485,-18.9377574074209,96.09756958026978,53.89313870337704,4.014815243673218
13.4,1890.0,-8.407984241010524,-8.407984241010524,-8.712622328055204,-8.315357907134967,5.175590423577315e-07,4.3798606286817857e-07,5.175590423577315e-07,1.0410888111912967e-06,0.04027326040438901,0.3916,164.89999999999992,PEM,0.0006957661812716996,0.002071057198023782,0.0013931999999999998,1.7210344051613605e-09,0.0005053553493714021,0.001565691178211251,8.949406723783552e-09,1.7908983247936638e-05,1.9342844383499203e-17,3788.3332449604,-44.77377518377089,3144.142240118118,599.4172296159763,-4.253479346516542e-08,8.8584278801207e-12,-9.304709780444398e-14,1,4,0,0.3916,0.5289034241460279,0.00642708942039782,0.9509038378892329,1.2483904910565344,0.26577419253351686,0.031675650577036175,3.6810056748443294e-05,293873.3035214389,0.006431342954097629,3.3714280323239683,3.0014115630355187,0.664146563021928,9.61882392630249,0.9999965593678202,59.7,4.7250000000000005,0.485,-18.879828857805,96.06264698747071,55.46578147325404,4.118392877054512
13.6,1950.0,-8.076224723805637,-8.076224723805637,-8.388642787430456,-7.981569780568293,5.385988017445782e-07,4.489467600230448e-07,5.385988017445782e-07,1.0671422867198592e-06,0.041106277136126794,0.3916,164.89999999999992,PEM,0.0007315852205005943,0.002106565876884696,0.0013931999999999998,1.759188045875677e-09,0.0005315742080308388,0.001574980543962756,9.365703055192184e-09,1.8219343615917945e-05,1.9640999980932716e-17,3991.6701549852096,-45.54963261136978,3328.9873800467485,617.1331422855959,-4.1495241021038964e-08,9.025731551037808e-12,-9.471937123528562e-14,1,4,0,0.3916,0.5289034241460279,0.006628611717918645,0.9499873466197775,1.2480948308642619,0.26578750497680276,0.03228195188242077,3.802738526086001e-05,293896.3817617755,0.00663499151745467,3.391430973218682,3.0137384080902603,0.6716388540597615,9.605258451750265,0.999996468825407,61.4,4.875,0.484,-18.8204059050561,96.27837740078047,57.0879354858337,4.224510804369682
13.8,1990.0,-7.743376142179386,-7.743376142179386,-8.06588461682162,-7.6452149855547304,5.594834115033543e-07,4.5966865137681946e-07,5.594834115033543e-07,1.0926281230730197e-06,0.04193012857580352,0.3916,164.89999999999992,PEM,0.0007683370472094096,0.0021430046576348563,0.0013931999999999998,1.865755628162655e-09,0.0005585539721206067,0.0015844390343868193,9.785371802449696e-09,1.8532389574571466e-05,1.8370450560051266e-17,4200.486539107123,-46.332373925465234,3519.110349530798,635.0438156089407,-4.191861080471426e-08,9.15560682823724e-12,-9.51322354225681e-14,1,4,0,0.3916,0.5289034241460279,0.006765990862477709,0.9499286927914454,1.2477969836961904,0.2652912235098067,0.03253821294243802,3.8854452500268515e-05,293933.29675170686,0.006770243528010388,3.411798092994873,3.0267422191401097,0.6794157920190039,9.592245296571017,0.9999963802347887,61.8,4.9750000000000005,0.489,-18.7601828747876,94.2594463786187,58.72441013042601,4.3306791353152585
14.0,2000.0,-7.458396624189106,-7.458396624189106,-7.792472196589699,-7.354885529434057,5.801695204995438e-07,4.701509442830272e-07,5.801695204995438e-07,1.1175444361374547e-06,0.042686499210379265,0.3916,164.89999999999992,PEM,0.0008055552676581838,0.002179904947849622,0.0013931999999999998,2.0757385270316917e-09,0.0005858358414879352,0.0015940568224814475,1.0208141712582875e-08,1.8850319808580806e-05,1.917682592583736e-17,4411.767145528955,-47.12758343169376,3714.106726461637,650.5328355944112,-4.1212388168787584e-08,9.15722359051685e-12,-9.58053081312471e-14,1,4,0,0.3916,0.5289034241460279,0.006802364240904907,0.9508903335794878,1.2475404409707742,0.2642917084725796,0.032319310656743726,3.908826196305911e-05,293969.4831357611,0.0068034272764168485,3.4325082310108694,3.0424681243637024,0.6874618388655118,9.581856774162059,0.9999962936051614,62.2,5.0,0.496,-18.7003224217948,91.7117608023161,60.116213742408455,4.418133245285991
14.2,2010.0,-7.232986682364924,-7.232986682364924,-7.576058312954274,-7.125283621307858,6.007145470184549e-07,4.804433016836356e-07,6.007145470184549e-07,1.142009274265832e-06,0.04337459001683803,0.3916,164.89999999999992,PEM,0.000842960045602942,0.0022169885841571684,0.0013931999999999998,2.1057639616411535e-09,0.0006131589130738066,0.001603816929385201,1.0635934199161289e-08,1.9171461445790927e-05,1.750647695385188e-17,4623.773281652603,-47.93036987673203,3913.0291498169668,662.8137619158616,-4.30427462561056e-08,8.997455558379386e-12,-9.724512861630785e-14,1,4,0,0.3916,0.5289034241460279,0.006836261372913552,0.9516190840006736,1.2473376126548013,0.2635488843084613,0.03213032672417287,3.931762149359953e-05,293974.6435036449,0.006837324389765196,3.4535248264108547,3.060091439472149,0.695351494226656,9.573621779385638,0.9999962085291046,61.8,5.025,0.502,-18.6411501570276,89.56555458180749,61.198817554515905,4.482423099118682
14.4,2000.0,-7.0719797889900065,-7.0719797889900065,-7.423442747834713,-6.959649458119259,6.212200887261466e-07,4.906030155837307e-07,6.212200887261466e-07,1.1661588200231298e-06,0.043987703948106305,0.3916,164.89999999999992,PEM,0.0008803648235477005,0.0022540699833749132,0.0013931999999999998,2.1285465756164764e-09,0.0006403527180629652,0.0016137040657279841,1.10710373883745e-08,1.949484017280261e-05,1.547359788044156e-17,4835.38147841923,-48.73872850037223,4114.956774240674,671.6859756316667,-4.6516106522176415e-08,8.838499376828679e-12,-9.828249325494198e-14,1,4,0,0.3916,0.5289034241460279,0.006836265841582492,0.9528763481435704,1.2471916969628283,0.26261970619066455,0.03165649530194546,3.914732664783991e-05,293962.4147628915,0.006803590865904369,3.4748149563479416,3.079533749948523,0.7030076107240275,9.568239496736831,0.9999961245355642,62.1,5.0,0.507,-18.5825330917902,87.94405288827818,61.94286454888962,4.521612067165908
14.6,1990.0,-6.974254511930553,-6.974254511930553,-7.331321627956015,-6.8586577876398565,6.418283053123082e-07,5.007029389734206e-07,6.418283053123082e-07,1.190166244291468e-06,0.044527552545221546,0.3916,164.89999999999992,PEM,0.0009175830439964748,0.002290962704958483,0.0013931999999999998,2.1436128929461767e-09,0.0006672489960422831,0.0016237000486207858,1.151668252130032e-08,1.9820339038007216e-05,1.581241105934328e-17,5045.488866453673,-49.55236466196072,4318.830363754314,677.1061379908904,-4.650792106986046e-08,8.713314791908289e-12,-9.813330703600798e-14,1,4,0,0.3916,0.5289034241460279,0.006836265841582492,0.9538802835050234,1.2471028654394496,0.2619627576888386,0.031220852658322824,3.8971587264790295e-05,293918.08065746777,0.006770594022485968,3.4963394673143537,3.100091378267366,0.7102001109537998,9.565105761798286,0.9999960410244239,61.8,4.9750000000000005,0.512,-18.5244667780002,86.30474287207488,62.35111868259964,4.5361563390421615
14.8,1990.0,-6.912203315226407,-6.912203315226407,-7.272082648812386,-6.795125088420775,6.626839267345315e-07,5.10803351589959e-07,6.626839267345315e-07,1.2141748314474899e-06,0.04502644863960348,0.3916,164.89999999999992,PEM,0.0009547079856972576,0.002327760112575047,0.0013931999999999998,2.1543005886346464e-09,0.0006939551789593797,0.0016337908037015927,1.1975613485968623e-08,2.0147873122226085e-05,1.5504091066542713e-17,5254.782743939107,-50.3710734923773,4523.882004228051,680.5296661694426,-4.923549568047747e-08,8.549681795866348e-12,-9.905271047827569e-14,1,4,0,0.3916,0.5289034241460279,0.006836265841582492,0.9543481518232291,1.2470468413931572,0.261694083675454,0.030965615533012997,3.899036146120348e-05,293846.8466595061,0.00677223534171835,3.5180680527596744,3.1203384840447335,0.7168455608416553,9.562926186698018,0.999995957498888,61.9,4.9750000000000005,0.517,-18.4669961897243,84.5934529638741,62.56996403631357,4.536931283842385
15.0,2000.0,-6.857718554068242,-6.857718554068242,-7.218851280991601,-6.740327410482223,6.838772869306264e-07,5.209301777473864e-07,6.838772869306264e-07,1.2382462033453443e-06,0.04551259045186517,0.3916,164.89999999999992,PEM,0.0009919262061460316,0.0023646487705585367,0.0013931999999999998,2.168013165115578e-09,0.0007206655689924904,0.0016439685845545554,1.2448998326244392e-08,2.0477435587510964e-05,1.6205434346869274e-17,5464.503683390808,-51.194856015847954,4729.810363645077,683.4984636801755,-4.970752343069762e-08,8.37781233276047e-12,-9.914638554597843e-14,1,4,0,0.3916,0.5289034241460279,0.006836265841582492,0.9543939373662612,1.2469982704399118,0.2616923332414158,0.03087279355930991,3.920627292491144e-05,293762.8381718123,0.006808213089329785,3.5399840322018843,3.139512884576155,0.7230822902515762,9.560701850225769,0.9999958737455483,62.1,5.0,0.521,-18.4097608264111,83.18501676895607,62.74955107385215,4.534832152870397
15.2,2000.0,-6.811078797328662,-6.811078797328662,-7.174200701471591,-6.692647551346681,7.054397011167863e-07,5.310850893170226e-07,7.054397011167863e-07,1.26238433400766e-06,0.045978541541586475,0.3916,164.89999999999992,PEM,0.001029237705342797,0.0024016283453809073,0.0013931999999999998,2.2455887721070098e-09,0.0007473845226798726,0.0016542286402086697,1.2936903593300389e-08,2.0809359961908235e-05,1.8624560444227556e-17,5674.658587916121,-52.0246981256615,4936.551325390851,686.0825643478665,-5.174206307856366e-08,8.305280074782928e-12,-9.975353876257032e-14,1,4,0,0.3916,0.5289034241460279,0.006836265841582492,0.9547956397718428,1.2469562016226852,0.2614907587150921,0.030630579149874652,3.92239858756389e-05,293682.9679864913,0.0068100646547946736,3.5620771752985996,3.1585709173267564,0.729203843290445,9.559030294909556,0.9999957897511402,61.7,5.0,0.526,-18.3530378325231,81.52008360681421,62.888548154906175,4.529865245256716
15.4,1990.0,-6.788663250340562,-6.788663250340562,-7.153874435478315,-6.66876778273604,7.274082416114642e-07,5.412831958477376e-07,7.274082416114642e-07,1.2866251386920314e-06,0.04640626932757878,0.3916,164.89999999999992,PEM,0.0010664559257915719,0.002438509956576505,0.0013931999999999998,2.449888572113424e-09,0.0007739307586670655,0.0016645633078030493,1.3440217817554892e-08,2.1145969215084616e-05,1.771315299298193e-17,5884.069556825342,-52.86656410247725,5143.830770384983,687.3722222856367,-5.224501364864409e-08,8.233511095134816e-12,-1.0125233984581428e-13,1,4,0,0.3916,0.5289034241460279,0.006836265841582492,0.9554867425700552,1.2469353775810463,0.2611598192862707,0.030249773965723,3.904175899735918e-05,293599.9541806413,0.006777930213080436,3.5843309814880473,3.1784558047106937,0.7352615157654245,9.558514429019915,0.9999957053912735,61.8,4.9750000000000005,0.53,-18.2968607981815,80.28051746604814,62.89711483723329,4.515619302898829
15.6,1990.0,-6.781617314225741,-6.781617314225741,-7.147115309965159,-6.6615416912332535,7.498503847249772e-07,5.515528386131346e-07,7.498503847249772e-07,1.311035984343082e-06,0.046812770937350826,0.3916,164.89999999999992,PEM,0.0011035808674923547,0.002475295227004684,0.0013931999999999998,2.4540292586450046e-09,0.0008003141979605291,0.0016749646144824065,1.3960532489341606e-08,2.148564048768441e-05,1.378969638130001e-17,6092.774210774672,-53.71557905871856,5351.292827524242,687.7658041413652,-5.0345988711342216e-08,8.077795377037233e-12,-1.0262971028573986e-13,1,4,0,0.3916,0.5289034241460279,0.006836265841582492,0.9557281276000492,1.2469290053747402,0.26112928951388925,0.030032532299081822,3.9055961719858045e-05,293501.46921781165,0.006780204560145464,3.60672828269252,3.19831620059496,0.7410968995085139,9.558256125002032,0.9999956204321256,62.0,4.9750000000000005,0.534,-18.2408500768948,78.9753047940167,62.82181320696323,4.49541837400729
15.8,2000.0,-6.767533538039345,-6.767533538039345,-7.132443872539454,-6.648099786619241,7.728031409238371e-07,5.619000634217996e-07,7.728031409238371e-07,1.3356312417917747e-06,0.0472224707782499,0.3916,164.89999999999992,PEM,0.0011407990879411295,0.0025121717962830223,0.0013931999999999998,2.459124178937216e-09,0.0008267253298638112,0.0016854295091150561,1.4498179976060346e-08,2.1827291658119334e-05,1.2292142130554407e-17,6301.980975718497,-54.56954036290501,5558.902836022166,688.5085992816329,-5.179208528716117e-08,7.934777834783802e-12,-1.054087372942547e-13,1,4,0,0.3916,0.5289034241460279,0.006836265841582492,0.9556099896537741,1.246916893649953,0.26130249158712404,0.02996514363781694,3.92687712378906e-05,293397.99794949935,0.006816679097940698,3.629262508861016,3.2172826637497143,0.7467583740587582,9.557442188323682,0.9999955348240577,61.9,5.0,0.538,-18.185156048898,77.62267465683533,62.785397497595575,4.478116407706925
16.0,2000.0,-6.750526481788313,-6.750526481788313,-7.1160522407577105,-6.630763568038503,7.962546751203259e-07,5.723109961847698e-07,7.962546751203259e-07,1.3603779324572613e-06,0.047622015755514405,0.3916,164.89999999999992,PEM,0.001178110587137895,0.0025491396274649318,0.0013931999999999998,2.4649344111581795e-09,0.000853165551614986,0.001695956558455872,1.5052459662314542e-08,2.2170959672977302e-05,1.428436362249652e-17,6511.677427758643,-55.42854001792714,5766.789801062959,689.4590866243765,-5.338097253115848e-08,7.76995134899039e-12,-1.0665773819695801e-13,1,4,0,0.3916,0.5289034241460279,0.006836265841582492,0.9558858682784284,1.246901578103686,0.2612292071012714,0.029747218826595145,3.9283897391182214e-05,293304.41074872157,0.0068188541552940745,3.651930573763721,3.23628039392848,0.7524836693673345,9.556804943166679,0.9999954486820691,62.0,5.0,0.54,-18.1297802088295,77.01590153304227,62.76553601846372,4.462098627457607
16.2,2010.0,-6.729180334194609,-6.729180334194609,-7.094441423726437,-6.609888483213467,8.202038217302482e-07,5.827819063664166e-07,8.202038217302482e-07,1.3852671888909354e-06,0.048015115749990546,0.3916,164.89999999999992,PEM,0.0012155153650826533,0.00258619870801203,0.0013931999999999998,2.4713263936298003e-09,0.000879638601274728,0.001706542012114719,1.5623296189224195e-08,2.2516657070634335e-05,1.1394287206464848e-17,6721.86333276288,-56.292609060960515,5974.956113128551,690.6146105206739,-5.269521352602169e-08,7.669476165261813e-12,-1.0854511733882077e-13,1,4,0,0.3916,0.5289034241460279,0.006854198864253336,0.9557959282833653,1.2468829126662988,0.2613698815953479,0.029677605306276666,3.949748130877107e-05,293205.3095922138,0.006855264670327705,3.674724401625149,3.2550288841339414,0.7581883620433146,9.555737252329209,0.9999953620373506,62.1,5.025,0.545,-18.07458404113,75.37539968502115,62.769929759479496,4.447862474039755
16.4,2000.0,-6.716965515660036,-6.716965515660036,-7.083731043077137,-6.596525223765582,8.446384964065048e-07,5.93304753259638e-07,8.446384964065048e-07,1.4102798984065557e-06,0.048382061502677313,0.3916,164.89999999999992,PEM,0.0012529201430274116,0.0026232557255868754,0.0013931999999999998,2.4800631832882476e-09,0.0009060542037370903,0.001717182831429299,1.6210357303017615e-08,2.286441744054524e-05,9.283481101907132e-18,6931.935522455927,-57.161835984124345,6183.4304370591035,691.3432493558888,-5.681067705154419e-08,7.595826745365741e-12,-1.0865613964128329e-13,1,4,0,0.3916,0.5289034241460279,0.006854330858418723,0.9564297112893264,1.2468713438534489,0.2610844800753563,0.029317838540213303,3.931394855290617e-05,293118.46985647315,0.006823179723131434,3.6976374492448296,3.274677715228647,0.7640549519735902,9.555561561625332,0.9999952749566857,62.0,5.0,0.549,-18.0196740285984,74.21306216563322,62.724267348012106,4.430170529474933
16.6,1990.0,-6.727327821177369,-6.727327821177369,-7.094684577301564,-6.606189777525117,8.696004829570989e-07,6.039013165911069e-07,8.696004829570989e-07,1.4354678312125192e-06,0.048713971363950816,0.3916,164.89999999999992,PEM,0.0012901383634761866,0.0026601239085574254,0.0013931999999999998,2.5355631912620553e-09,0.0009322331656890326,0.001727871392098773,1.6815206428843095e-08,2.3214454918768364e-05,7.365798509323396e-18,7140.727066474747,-58.036866652033716,6391.889479133687,690.8007206295589,-5.946731107542291e-08,7.449568739659185e-12,-1.10772502281975e-13,1,4,0,0.3916,0.5289034241460279,0.006854330858418723,0.956973243857741,1.2468801068372413,0.26089530012495665,0.028972434587703745,3.912826683994338e-05,293021.53856515954,0.0067913096414155966,3.720653299092964,3.2952838277688627,0.7698849802129983,9.5562045384197,0.9999951872602586,61.9,4.9750000000000005,0.552,-17.9651575039938,73.36471809017044,62.553471520181056,4.403799838931386
16.8,2000.0,-6.734183828694029,-6.734183828694029,-7.1000786667061675,-6.614121179759081,8.951478109454699e-07,6.145905072536561e-07,8.951478109454699e-07,1.460875938325781e-06,0.049048269195924296,0.3916,164.89999999999992,PEM,0.0013273565839249607,0.002696987712801804,0.0013931999999999998,2.751700034733364e-09,0.0009583644644148989,0.0017386030576000693,1.7439086801192086e-08,2.3568871123163816e-05,7.497935649095067e-18,7349.456254404907,-58.92323937863882,6600.163613685501,690.369401282669,-5.809761205455288e-08,7.382469635608402e-12,-1.1257661469699087e-13,1,4,0,0.3916,0.5289034241460279,0.006854330858418723,0.9567682233113274,1.2468868538673226,0.26115892849724787,0.028920362610900356,3.933944784693937e-05,292909.85381922015,0.0068280393230962175,3.7437619672697444,3.3150018627066022,0.7754804446083517,9.556135977443716,0.9999950987918886,62.2,5.0,0.555,-17.9107954783297,72.39067086690582,62.401536900794106,4.378877324344097
17.0,2000.0,-6.732668459964543,-6.732668459964543,-7.098449853525494,-6.612649165322466,9.212667906762581e-07,6.25356720406221e-07,9.212667906762581e-07,1.4864671271837913e-06,0.049382810870281554,0.3916,164.89999999999992,PEM,0.0013646680831217262,0.002733941314235295,0.0013931999999999998,2.755373493734621e-09,0.0009845425121742806,0.0017493779656294595,1.8081058061092113e-08,2.3926768886439866e-05,8.927727264060326e-18,7558.705241088222,-59.81777880886415,6808.435691120013,690.4517710965831,-6.276150088524446e-08,7.2405414996978834e-12,-1.140476602046192e-13,1,4,0,0.3916,0.5289034241460279,0.006854330858418723,0.9569725397845288,1.2468855242133903,0.26115271278636853,0.028720918581671608,3.9353060821400224e-05,292810.48698067345,0.006830356455545963,3.7669637502787667,3.334448818743815,0.7811267486580484,9.556038654790463,0.9999950096807616,61.9,5.0,0.558,-17.8567000534508,71.50045515851768,62.296121680873185,4.357353520760356
17.2,2000.0,-6.732836398201414,-6.732836398201414,-7.098476045635039,-6.6128620002562,9.479473971452044e-07,6.361944814516469e-07,9.479473971452044e-07,1.5122283847198642e-06,0.04970661020264639,0.3916,164.89999999999992,PEM,0.0014019795823184916,0.002770892878655894,0.0013931999999999998,2.758760419660715e-09,0.00101067774475058,0.0017601936342009018,1.8740943993148418e-08,2.4286703662607306e-05,1.0049198886225019e-17,7767.874347548842,-60.71740407865061,7016.716783051874,690.4401603585253,-5.979200068395585e-08,7.099293375389948e-12,-1.1411011024975437e-13,1,4,0,0.3916,0.5289034241460279,0.006854330858418723,0.9571684282046772,1.2468856945436606,0.26115362885494703,0.028524271046164482,3.936643787197201e-05,292711.0921572042,0.006832675814437105,3.790253303619513,3.354144017855998,0.7868215096506902,9.556015357187166,0.9999949199723175,61.9,5.0,0.561,-17.8030414302596,70.61825814700127,62.18153833671533,4.335358092403005
17.4,2000.0,-6.734212135007397,-6.734212135007397,-7.099651746117502,-6.614311835178967,9.75194989401604e-07,6.47104158097222e-07,9.75194989401604e-07,1.5381605849708153e-06,0.05002181906305117,0.3916,164.89999999999992,PEM,0.001439291081515257,0.0028078424028629067,0.0013931999999999998,2.76195486192224e-09,0.0010367726454270536,0.001771047576588513,1.9418892478069487e-08,2.4648678652364274e-05,1.4084463846944506e-17,7976.966598488065,-61.62212337553412,7224.985060608,690.3594144431326,-6.139816832728684e-08,6.957559528508739e-12,-1.159627949220976e-13,1,4,0,0.3916,0.5289034241460279,0.006854330858418723,0.9573574791462464,1.2468869553883766,0.2611597746069164,0.02833032195464083,3.9379680572977786e-05,292611.407316639,0.006835003523412782,3.8136252725850834,3.37396809110859,0.7925360154707826,9.556034111176505,0.9999948296636768,61.9,5.0,0.564,-17.7496455656364,69.74423389117845,62.060019113593235,4.313006321007243
17.6,2000.0,-6.736468572582794,-6.736468572582794,-7.101664670298874,-6.616663782599687,1.0030150803951187e-06,6.580856466601155e-07,1.0030150803951187e-06,1.5642634814835167e-06,0.050328561320844345,0.3916,164.89999999999992,PEM,0.0014766025807120226,0.0028447898824369407,0.0013931999999999998,2.765049969532835e-09,0.001062829586970139,0.0017819374153950646,2.0115021767611477e-08,2.5012698275094705e-05,1.3030754860560156e-17,8185.984455612501,-62.531947941398215,7433.224591531048,690.2279160807353,-5.9319063439033926e-08,6.788888895492562e-12,-1.1669137878200786e-13,1,4,0,0.3916,0.5289034241460279,0.006854330858418723,0.9575409239882043,1.2468890114972087,0.2611697342252119,0.028138960466745133,3.9392817047191004e-05,292511.58963618166,0.0068373359239801345,3.837074537887735,3.3938785038988453,0.7982623505029427,9.556083503796671,0.9999947387558518,62.0,5.0,0.567,-17.6964564674006,68.87846983918949,61.93323457160855,4.290403547844762
17.8,2000.0,-6.739364402332683,-6.739364402332683,-7.104283500325096,-6.619670989889585,1.0314126842938203e-06,6.691383944593269e-07,1.0314126842938203e-06,1.5905357605403538e-06,0.050626885406773646,0.3916,164.89999999999992,PEM,0.001513914079908788,0.0028817353080108393,0.0013931999999999998,2.769191970713298e-09,0.0010888509427536813,0.0017928607666373875,2.082942779971469e-08,2.5378771897964597e-05,1.6097014129620724e-17,8394.929956481905,-63.44690402772359,7641.423795258862,690.0592571356323,-5.968740879325196e-08,6.658243401069797e-12,-1.1674688993323912e-13,1,4,0,0.3916,0.5289034241460279,0.006854330858418723,0.9577196843806324,1.2468916452152785,0.2611824641017844,0.027950090868409327,3.940586445234442e-05,292411.7812612678,0.00683966969926227,3.8605959660581126,3.4138546064462942,0.8039978030513601,9.556155086258057,0.9999946472535609,62.0,5.0,0.57,-17.6434773320284,68.02099725976008,61.80251616217037,4.267645622442881
18.0,1990.0,-6.752610541141564,-6.752610541141564,-7.117865286263452,-6.632356793239751,1.0603978396002517e-06,6.802653425388426e-07,1.0603978396002517e-06,1.6169844129756182e-06,0.0509045206665402,0.3916,164.89999999999992,PEM,0.0015511323003575624,0.0029185853106325358,0.0013931999999999998,2.7909621444805045e-09,0.0011147464072076784,0.0018038145499593026,2.1562503409866557e-08,2.5746989725042116e-05,1.5687050183149642e-17,8603.214123505797,-64.36725846682826,7849.510666555603,689.3361984207397,-6.262598617468029e-08,6.519715323172193e-12,-1.177807851249213e-13,1,4,0,0.3916,0.5289034241460279,0.006854330858418723,0.9582292928148156,1.2469030560066967,0.26100606344779637,0.02762848052207053,3.921922201410335e-05,292315.68713139766,0.006807708541161812,3.8841829241156383,3.4345288564995746,0.8097944650205965,9.556883087786055,0.9999945551326014,61.8,4.9750000000000005,0.573,-17.5908835498837,67.23024307413887,61.61301095540361,4.241004257368258
18.2,1990.0,-6.771452434458126,-6.771452434458126,-7.135784410144481,-6.651629598821273,1.0900133662296678e-06,6.914819408273143e-07,1.0900133662296678e-06,1.6436461631264898e-06,0.05117238340325189,0.3916,164.89999999999992,PEM,0.0015882572420583452,0.002955338858670612,0.0013931999999999998,2.9881239173733793e-09,0.0011405189238773614,0.0018147946311416465,2.231552768694786e-08,2.611838338774504e-05,1.2132899936470598e-17,8810.855576475105,-65.29598431911892,8057.312130635239,688.2474614579113,-6.283607945078984e-08,6.412967379354484e-12,-1.1888406925564254e-13,1,4,0,0.3916,0.5289034241460279,0.006854330858418723,0.9583414593318329,1.2469200455802198,0.2610875905816976,0.02745176492893377,3.9230737755578974e-05,292209.1217599283,0.00681019123569638,3.907826509779601,3.4551319165765504,0.8154722180835351,9.557526689718602,0.9999944622652619,61.8,4.9750000000000005,0.576,-17.538679352748,66.37872557844322,61.3913208727591,4.212343526501643
18.4,1990.0,-6.786702038676822,-6.786702038676822,-7.150198791786522,-6.667274584227982,1.120273772087498e-06,7.027876584755112e-07,1.120273772087498e-06,1.6705197491692682e-06,0.051439399331780905,0.3916,164.89999999999992,PEM,0.001625382183759128,0.0029920875992075135,0.0013931999999999998,3.0392081351077522e-09,0.0011662618970520778,0.001825799574402459,2.3088544841796152e-08,2.649458455162141e-05,7.09474796620202e-18,9018.449908529758,-66.23635706083131,8264.851858740069,687.3616926645429,-6.431582733057439e-08,6.296227428315149e-12,-1.199873533863638e-13,1,4,0,0.3916,0.5289034241460279,0.006854330858418723,0.958464868637566,1.2469338216155164,0.2611537658960204,0.02727594453550254,3.924254642750416e-05,292104.40915149584,0.0068126325301988665,3.931523631357578,3.4753983952510716,0.8211018239535043,9.55802953462677,0.9999943686560056,61.8,4.9750000000000005,0.579,-17.4867562797198,65.53797385795613,61.189474307778426,4.185214145506912
18.6,2000.0,-6.78941176121441,-6.78941176121441,-7.151554745468445,-6.670997774700709,1.1511678724865254e-06,7.141729118243425e-07,1.1511678724865254e-06,1.6975823908351378e-06,0.05171590805989089,0.3916,164.89999999999992,PEM,0.001662600404207903,0.0030289275049967413,0.0013931999999999998,3.042035675787001e-09,0.0011920717737732996,0.0018368288082534017,2.3880934364703528e-08,2.687289921116675e-05,5.221111086875507e-18,9226.582956040058,-67.18188643740147,8472.24155221319,687.1595173274658,-6.200025381986052e-08,6.199998847655763e-12,-1.1994572002294035e-13,1,4,0,0.3916,0.5289034241460279,0.006854330858418723,0.9582640644797723,1.2469368425649576,0.26139954632861034,0.0272337774341885,3.945432238653308e-05,291997.84328301763,0.006849365658024771,3.9552730582545252,3.4949028129959774,0.8266841713824907,9.557798626917936,0.9999942743842076,62.0,5.0,0.581,-17.435007153861,64.93357392078698,61.05873831138127,4.16307048490189
18.8,1990.0,-6.794640937061729,-6.794640937061729,-7.157374387833897,-6.675539953880161,1.1826549516806044e-06,7.256202784847999e-07,1.1826549516806044e-06,1.7247926752669356e-06,0.05197889969263918,0.3916,164.89999999999992,PEM,0.0016998186246566774,0.003065765326241563,0.0013931999999999998,3.044854242949882e-09,0.0012178553568262516,0.0018478822330293637,2.4691531704820443e-08,2.725329841511956e-05,5.458280312106711e-18,9434.645818537041,-68.13262107842873,8679.620592205465,686.8926051903707,-6.27769622951746e-08,6.048161971250465e-12,-1.1945305855576294e-13,1,4,0,0.3916,0.5289034241460279,0.006854330858418723,0.9587917243414663,1.246941057973321,0.26118873907287804,0.02692132659771924,3.926796125758092e-05,291906.97959496564,0.0068172402138558545,3.979074575859956,3.515173060440026,0.8324744237827092,9.55823143539817,0.999994179594113,62.0,4.9750000000000005,0.584,-17.3834382620672,64.17666512696341,60.91313562583031,4.1400241114611065
19.0,2000.0,-6.797630219115376,-6.797630219115376,-7.159050597445628,-6.679506167078671,1.2147543118741585e-06,7.371384192318684e-07,1.2147543118741585e-06,1.7521711890465139e-06,0.05224266479735082,0.3916,164.89999999999992,PEM,0.0017370368451054515,0.003102601083619516,0.0013931999999999998,3.0476240283170616e-09,0.0012436155540356158,0.001858956960793321,2.552116655049687e-08,2.7635761485942274e-05,6.7389941283552135e-18,9642.649112878253,-69.08850891376441,8886.88541490959,686.6751889958837,-5.901529220864177e-08,5.989708729003951e-12,-1.2098655410852643e-13,1,4,0,0.3916,0.5289034241460279,0.006854330858418723,0.9585877993920371,1.2469443076777338,0.2614355502931837,0.026881478254122206,3.947973839070986e-05,291801.2231569053,0.00685398086533919,4.00292196553256,3.535066220427637,0.8381638799601554,9.558025182198874,0.9999940842141608,61.9,5.0,0.587,-17.3322242155644,63.30286190665028,60.780393014930645,4.118007032211077
19.2,2000.0,-6.793292490606689,-6.793292490606689,-7.154659724173314,-6.6751630783213045,1.2474394165787962e-06,7.48712799220885e-07,1.2474394165787962e-06,1.77968338298285e-06,0.05250751317067072,0.3916,164.89999999999992,PEM,0.001774348344302217,0.0031395280179447077,0.0013931999999999998,3.0522382756760548e-09,0.0012694450819394282,0.001870053515055205,2.636871179857418e-08,2.8020326357517917e-05,8.846412101123913e-18,9851.173050835489,-70.04964988722713,9094.198851574958,686.9245493144973,-5.8806108427233994e-08,5.786052192924274e-12,-1.218122824830914e-13,1,4,0,0.3916,0.5289034241460279,0.00685619399208743,0.9587786932552013,1.246940445456369,0.26141719417372794,0.02670506485403278,3.949317340697215e-05,291707.0319638202,0.00685619399208743,4.026816354554705,3.5548743373944562,0.8439528891774346,9.557828084602772,0.9999939883647051,62.0,5.0,0.589,-17.2813135531451,62.780762861664066,60.68995293838443,4.098985775938949
19.4,2000.0,-6.791179347995296,-6.791179347995296,-7.152441293282209,-6.673057600040238,1.2806959912735443e-06,7.603393255253672e-07,1.2806959912735443e-06,1.8073195282276377e-06,0.052763420032139415,0.3916,164.89999999999992,PEM,0.0018116598434989824,0.003176452829684146,0.0013931999999999998,3.0595761745104674e-09,0.001295252300050355,0.0018811702360407257,2.7234016890385003e-08,2.840701381484943e-05,1.2959604092990795e-17,10059.622894471117,-71.01609820952436,9301.561030978324,687.0457652234628,-5.980473360978067e-08,5.740893871397645e-12,-1.2263107196375245e-13,1,4,0,0.3916,0.5289034241460279,0.006858420086479598,0.9589592702476484,1.246938570474183,0.26140830704676865,0.02653148682776075,3.950635200530574e-05,291612.3501887433,0.006858420086479598,4.0507541689076785,3.575018133983051,0.8498058521193127,9.557723708703252,0.9999938920797193,62.0,5.0,0.591,-17.2306589946743,62.26045181855303,60.58665341764159,4.079206989854573
19.6,2000.0,-6.790700497871342,-6.790700497871342,-7.151782793194457,-6.67262262701081,1.3145298233610033e-06,7.720197686596131e-07,1.3145298233610033e-06,1.8350838332769507e-06,0.05301293486419757,0.3916,164.89999999999992,PEM,0.001848971342695748,0.003213375310908659,0.0013931999999999998,3.1052281223148057e-09,0.001321038695116189,0.0018923053932396895,2.8117324657749536e-08,2.879603178710161e-05,1.3037531124138191e-17,10268.00233338501,-71.98846259855313,9508.942717978656,687.0711527493685,-5.8433215599507093e-08,5.639419486946906e-12,-1.2417150641041985e-13,1,4,0,0.3916,0.5289034241460279,0.00686066211870035,0.9591315235908541,1.246938168324787,0.26140648329874816,0.026360642059826186,3.951937535876641e-05,291517.0526396467,0.00686066211870035,4.074731682256006,3.595308609464612,0.8556761275408773,9.557676254639258,0.9999937953446338,62.1,5.0,0.594,-17.1802653092875,61.46995346647376,60.4738321811576,4.058903613729896
19.8,2000.0,-6.791505048061936,-6.791505048061936,-7.152364350280777,-6.673491487926526,1.3489474118565185e-06,7.837554060858992e-07,1.3489474118565185e-06,1.8629793346467772e-06,0.0532570366255968,0.3916,164.89999999999992,PEM,0.0018862828418925134,0.0032502937208815563,0.0013931999999999998,3.3303436618176683e-09,0.001346803936268899,0.001903457435439173,2.9018829822489878e-08,2.9189121010973826e-05,1.6933882681507972e-17,10476.314386912749,-72.97144770495947,9716.321665498896,687.021273651317,-5.7576471590436995e-08,5.567393768224349e-12,-1.2451845110561521e-13,1,4,0,0.3916,0.5289034241460279,0.006862915441586571,0.9592967884963911,1.2469389164028926,0.2614101752456658,0.026192420390201476,3.9532270634298555e-05,291421.3379172335,0.006862915441586571,4.098745554347918,3.61567208359972,0.8615475482853688,9.55767392339285,0.9999936981489452,62.0,5.0,0.596,-17.1301908810118,60.955836996038784,60.35359386689569,4.0382366772818115
20.0,1990.0,-6.802807199148845,-6.802807199148845,-7.163977150864355,-6.6842287138466645,1.383962093798809e-06,7.955510458002947e-07,1.383962093798809e-06,1.8910174608992028e-06,0.053484251592254436,0.3916,164.89999999999992,PEM,0.0019235010623412877,0.003287114867960054,0.0013931999999999998,3.331765832204259e-09,0.0013724572936434185,0.0019146243034744753,2.9939076327869816e-08,2.958619438125195e-05,1.8336569242161094e-17,10683.974002174058,-73.96382769184657,9923.619101786628,686.3910726354643,-6.01194187765941e-08,5.451444851090059e-12,-1.240327285323417e-13,1,4,0,0.3916,0.5289034241460279,0.006862915441586571,0.9597838565293614,1.2469486072609055,0.2612255704752947,0.025899835432246672,3.9344824002712554e-05,291329.1912632546,0.006830760732801989,4.122791351150894,3.636762252791178,0.8674756585947114,9.558333467163058,0.9999936004529116,61.9,4.9750000000000005,0.599,-17.0805443528141,60.231027801228954,60.17218738097155,4.013652127189269
20.2,2000.0,-6.810320492470623,-6.810320492470623,-7.169977328007519,-6.69280820787958,1.419617730976718e-06,8.074201015861551e-07,1.419617730976718e-06,1.9192300964729143e-06,0.05371728141933832,0.3916,164.89999999999992,PEM,0.0019607192827900623,0.00332393395280115,0.0013931999999999998,3.333536385223037e-09,0.0013980961173761797,0.0019258036226286947,3.0879259890186954e-08,2.998532998893246e-05,2.0227146780432692e-17,10891.586829379545,-74.96135749219398,10130.722623542983,685.9028482814444,-6.292430043686181e-08,5.322881024838466e-12,-1.2456008446903866e-13,1,4,0,0.3916,0.5289034241460279,0.0068665296782925815,0.9595553250407665,1.2469559240068562,0.26149188463903594,0.025869157829894216,3.95564971596111e-05,291222.4360322343,0.0068676027412208985,4.146863959148782,3.6570615058740312,0.8732071677074346,9.55828375182041,0.9999935021455479,62.0,5.0,0.601,-17.0312068954266,59.65978786036048,60.01269590413229,3.9906819328102894
20.4,2000.0,-6.809414584770423,-6.809414584770423,-7.168829388682127,-6.6919816013951845,1.4558833669702035e-06,8.19346142198761e-07,1.4558833669702035e-06,1.9475781844515353e-06,0.05395405370232495,0.3916,164.89999999999992,PEM,0.0019980307819868278,0.003360844209489046,0.0013931999999999998,3.3374329773044663e-09,0.001423812820515487,0.0019369962135924238,3.183794815801048e-08,3.0386572497807607e-05,2.591920818598159e-17,11099.72938000887,-75.96415368745589,10337.813474984365,685.9517512726129,-6.443769962061197e-08,5.184130902335937e-12,-1.2480988464957932e-13,1,4,0,0.3916,0.5289034241460279,0.006869834934507115,0.9597204310136611,1.2469551613865484,0.2614883952879546,0.02570676556357326,3.956952135952477e-05,291127.8100662971,0.006869834934507115,4.1709651455478545,3.6770933018249647,0.8790069721767138,9.558205525896678,0.9999934033628914,61.9,5.0,0.603,-16.9821706775262,59.15761708352589,59.90256655598309,3.971129442624087
20.6,2000.0,-6.809778281087915,-6.809778281087915,-7.168942018991231,-6.692415572599884,1.4927406723777876e-06,8.313237361017944e-07,1.4927406723777876e-06,1.97604881412359e-06,0.0541844131657519,0.3916,164.89999999999992,PEM,0.002035342281183593,0.003397752350082228,0.0013931999999999998,3.3410416192237825e-09,0.001449515238542653,0.0019482009556584907,3.281483946472409e-08,3.07899311013906e-05,2.5505856107721492e-17,11307.8073167967,-76.97223332707824,10544.908211267015,685.9268721386654,-6.394111551344395e-08,5.009659354016094e-12,-1.2427558981897846e-13,1,4,0,0.3916,0.5289034241460279,0.006872070255275597,0.9598789854444384,1.2469555245611523,0.26149024410456917,0.025546712635836764,3.958237630793242e-05,291033.1131240439,0.006872070255275597,4.195092497111307,3.6973862281730145,0.8848624693486629,9.558186628247444,0.9999933041499717,62.0,5.0,0.605,-16.9334243695405,58.657683544535274,59.78499013266799,3.951206538274047
20.8,2000.0,-6.811059287143394,-6.811059287143394,-7.16992782296154,-6.693787844348492,1.53019274980967e-06,8.433537613457508e-07,1.53019274980967e-06,2.0046440726069665e-06,0.05441038466993857,0.3916,164.89999999999992,PEM,0.0020726537803803587,0.0034346583763634354,0.0013931999999999998,3.3446364010711507e-09,0.001475204581316677,0.0019594166403123863,3.381009797111007e-08,3.119540401695349e-05,3.035088456601609e-17,11515.82302120819,-77.9855925847023,10751.990352408493,685.8470761479643,-6.703157851006836e-08,4.838948686192168e-12,-1.2433110097020972e-13,1,4,0,0.3916,0.5289034241460279,0.006874315269605279,0.9600321014161747,1.2469567149247187,0.2614960600019192,0.02538895835869473,3.9595147930126356e-05,290938.06751095364,0.006874315269605279,4.219243411525378,3.717788136859525,0.890734436323319,9.558199634497116,0.9999932044995747,62.1,5.0,0.607,-16.8848441698689,58.160148503488415,59.66169886662165,3.931000627101662
21.0,1990.0,-6.8224670275618,-6.8224670275618,-7.181592871601993,-6.704649226786955,1.5682512215968339e-06,8.554406999418232e-07,1.5682512215968339e-06,2.0333746136007204e-06,0.05462028195746495,0.3916,164.89999999999992,PEM,0.0021098720008291333,0.0034714690047428927,0.0013931999999999998,3.349808307921068e-09,0.0015007892773777937,0.001970641553285693,3.482427109781194e-08,3.1602996086269856e-05,2.952418040949589e-17,11723.192318608117,-79.00424735960527,10958.986957340709,685.2011138399384,-6.786467565689236e-08,4.699421407572402e-12,-1.2448375663609568e-13,1,4,0,0.3916,0.5289034241460279,0.006874315269605279,0.960504721494844,1.2469665144570161,0.2613119932197059,0.02511039244670062,3.940729576553991e-05,290846.7210690484,0.006842091919363824,4.2434141974282795,3.738954333884532,0.89667466411087,9.5588625658425,0.9999931043746406,61.8,4.9750000000000005,0.609,-16.836635370647,57.71834507304499,59.47844164009103,3.9070020237010996
21.2,2000.0,-6.830087975060167,-6.830087975060167,-7.187705472538596,-6.713323094224677,1.6069614258494309e-06,8.675979267163629e-07,1.6069614258494309e-06,2.0622722289431015e-06,0.05483611364473427,0.3916,164.89999999999992,PEM,0.002147090221277908,0.003508277325323367,0.0013931999999999998,3.3936402324793294e-09,0.0015263645028018697,0.001981873570248395,3.5858632870564216e-08,3.2012895954571226e-05,3.053384368262302e-17,11930.518859389476,-80.02876154708268,11165.788961044556,684.7011367273376,-7.05003913026303e-08,4.5644321655657905e-12,-1.2582296315954977e-13,1,4,0,0.3916,0.5289034241460279,0.006877906883777636,0.9602699271192767,1.2469739144143395,0.26157869405031764,0.025085674029778134,3.9619214967033386e-05,290740.70553593873,0.006878981724672118,4.267600280465965,3.759309118760638,0.9024140844952611,9.55881570415267,0.9999930036644785,62.0,5.0,0.611,-16.788728988147,57.16365419300765,59.31742075363613,3.884612123266619
21.4,2000.0,-6.82939191302313,-6.82939191302313,-7.186755590372172,-6.712702022645544,1.6462887809282869e-06,8.798087810313843e-07,1.6462887809282869e-06,2.0912973164520664e-06,0.05505557356624555,0.3916,164.89999999999992,PEM,0.0021844017204746733,0.0035451748997810083,0.0013931999999999998,3.616218024358185e-09,0.0015520209605964191,0.001993113411344772,3.691162179302994e-08,3.242682069369977e-05,3.493841500834538e-17,12138.377837383423,-81.0637785622792,11372.575587272839,684.7384714752202,-7.308517524506897e-08,4.448760804187657e-12,-1.2763401446846956e-13,1,4,0,0.3916,0.5289034241460279,0.0068812035575490085,0.9604243659089736,1.2469733334575315,0.2615760769396345,0.02493325846093881,3.9632147984509415e-05,290646.8299147908,0.0068812035575490085,4.2918032113367195,3.779381436068903,0.9082205829183475,9.55874472865868,0.9999929025070449,61.9,5.0,0.614,-16.741004635948,56.42090649983283,59.20560288025749,3.8655479730156364
21.6,2000.0,-6.829895355761664,-6.829895355761664,-7.186968614865009,-6.713282789694119,1.6862134810578764e-06,8.920678169569273e-07,1.6862134810578764e-06,2.1204369312025843e-06,0.055268968689277886,0.3916,164.89999999999992,PEM,0.0022217132196714388,0.003582068431489268,0.0013931999999999998,3.6198304448249133e-09,0.0015776667566541223,0.0020043600720927464,3.798291195479465e-08,3.2844788182203436e-05,3.267514297328189e-17,12346.176411904195,-82.10834893219159,11579.363428449784,684.7046344491257,-7.309245120268315e-08,4.357944560773319e-12,-1.278629979672985e-13,1,4,0,0.3916,0.5289034241460279,0.006883426344863649,0.9605725993196348,1.2469738253527052,0.2615785459041694,0.0247830352211757,3.96449077252727e-05,290552.9746086965,0.006883426344863649,4.316020827073097,3.7997140923707176,0.9140827584659831,9.55872976578956,0.9999928009474882,61.9,5.0,0.616,-16.6935638366185,55.937110279161494,59.08665505696386,3.8461380140886625
21.8,1990.0,-6.840560313680157,-6.840560313680157,-7.197874435155541,-6.723398679804745,1.726746442198164e-06,9.043798531685939e-07,1.726746442198164e-06,2.149702527141892e-06,0.05546673093304297,0.3916,164.89999999999992,PEM,0.0022589314401202133,0.0036188665757483597,0.0013931999999999998,3.621266674882051e-09,0.001603211900445949,0.002015611980923811,3.907311192434413e-08,3.326486437188526e-05,3.1787452444559383e-17,12553.331690201267,-83.15817930626137,11786.077538079287,684.09597274605,-6.96672941558063e-08,4.24510426810798e-12,-1.2802259252708836e-13,1,4,0,0.3916,0.5289034241460279,0.006883426344863649,0.9610373885264178,1.2469829667584305,0.2613913397002019,0.024514781748317893,3.945678349284046e-05,290462.8164047225,0.006851135111308675,4.3402497435913245,3.8208811702735876,0.9200287865216392,9.5593662207031,0.9999926989459496,62.0,4.9750000000000005,0.618,-16.6462931275465,55.50766804634593,58.90640479975503,3.82284253644032
22.0,2000.0,-6.8476253033466605,-6.8476253033466605,-7.203449336245114,-6.731496433546454,1.7679348564147758e-06,9.167587451704225e-07,1.7679348564147758e-06,2.1791270386746436e-06,0.05567113011452554,0.3916,164.89999999999992,PEM,0.002296149660568988,0.0036556626448636673,0.0013931999999999998,3.623064697319558e-09,0.0016287515459442428,0.002026867292265239,4.018358948842714e-08,3.3687015705352435e-05,3.201784540621255e-17,12760.446185266894,-84.21319167967006,11992.607749607174,683.6252439102224,-6.982736522331834e-08,4.139355525012434e-12,-1.2974343821525736e-13,1,4,0,0.3916,0.5289034241460279,0.006886977435958921,0.960800246974257,1.2469898583794152,0.2616555913298986,0.024494351135378633,3.9668939880949396e-05,290357.7830179967,0.006888053694348664,4.36448598678992,3.84123886730109,0.9257729847459942,9.559298957359623,0.9999925963877304,61.9,5.0,0.619,-16.5992452104321,55.218133598426014,58.747369434345465,3.8010490029873703
22.2,2000.0,-6.846463282457023,-6.846463282457023,-7.2020028509684835,-6.730414332574526,1.8097417294339122e-06,9.291880651391699e-07,1.8097417294339122e-06,2.2086714170172804e-06,0.05587982164399765,0.3916,164.89999999999992,PEM,0.0023334611597657534,0.0036925498719891908,0.0013931999999999998,3.6271249318742594e-09,0.001654378130294658,0.0020381268018733233,4.1312696277400706e-08,3.411128777659827e-05,3.584643432780199e-17,12968.094276176103,-85.27350533834621,12199.130160918123,683.6906098477592,-7.187554729171097e-08,4.022782107426792e-12,-1.304650831812637e-13,1,4,0,0.3916,0.5289034241460279,0.006890261719334435,0.9609489164904972,1.24698886941638,0.2616510206588208,0.024349250405817,3.968186124503902e-05,290264.73615478136,0.006890261719334435,4.388731270183728,3.8613109238727916,0.9315854400911909,9.559210408131076,0.9999924934088663,62.1,5.0,0.621,-16.5523661575757,54.74217656851806,58.63755539673385,3.78253794852958
22.4,2000.0,-6.846517444241044,-6.846517444241044,-7.201765660328078,-6.730537721335736,1.8521458645597437e-06,9.416624676996733e-07,1.8521458645597437e-06,2.238322956262594e-06,0.0560830739425292,0.3916,164.89999999999992,PEM,0.002370772658962519,0.003729434970142439,0.0013931999999999998,3.6309717478629e-09,0.0016799991632778359,0.002049389715809485,4.24600833701568e-08,3.4537688820117784e-05,3.796740482772676e-17,13175.68423200112,-86.33913479585078,12405.661349073143,683.6837480621773,-6.994741852395236e-08,3.858774411114041e-12,-1.3024303857633868e-13,1,4,0,0.3916,0.5289034241460279,0.00689247351370337,0.9610914693339074,1.2469889576054096,0.26165155534396956,0.024206238302804092,3.9694624728530724e-05,290171.59021702025,0.00689247351370337,4.412983884172018,3.8816478884114423,0.9374544134399341,9.55917916537306,0.9999923900536724,61.8,5.0,0.623,-16.5057657032842,54.26829363305096,58.52044935498647,3.7636724181676913
22.6,1990.0,-6.8566912113125795,-6.8566912113125795,-7.212162221295046,-6.740162985237589,1.8951589143601145e-06,9.541869947464172e-07,1.8951589143601145e-06,2.268093640947034e-06,0.05627110103986216,0.3916,164.89999999999992,PEM,0.002407990879411294,0.0037662246673430097,0.0013931999999999998,3.6346110468831297e-09,0.0017055227449824229,0.002060654661347242,4.3626402297864707e-08,3.496621206832059e-05,3.665958595716612e-17,13382.634215013843,-87.41006293061103,12612.126115031178,683.0980369806357,-7.141716196201742e-08,3.795991299071488e-12,-1.2963241591279484e-13,1,4,0,0.3916,0.5289034241460279,0.00689247351370337,0.9615480217501424,1.246997665792964,0.26146228574278313,0.023947852042890305,3.9506257148184484e-05,290082.1307656894,0.006860126112378153,4.4372408728407455,3.902836499233746,0.9434087754131657,9.559798138040769,0.9999922862804328,61.9,4.9750000000000005,0.625,-16.459499538498,53.84768348002279,58.34204317527942,3.7410065078063277
22.8,1990.0,-6.872613325323755,-6.872613325323755,-7.227169658260436,-6.756461641202634,1.9388394329603955e-06,9.667797143208924e-07,1.9388394329603955e-06,2.2980264186377283e-06,0.056453959657790945,0.3916,164.89999999999992,PEM,0.002445115821112073,0.0038029188850176258,0.0013931999999999998,3.6586604237417143e-09,0.0017309509751658077,0.002071919437608737,4.4813582657022916e-08,3.539693609448352e-05,3.6300443987530295e-17,13588.961857291346,-88.48653707609267,12818.35497437631,682.1203457659767,-7.296694093383849e-08,3.669842207898455e-12,-1.3010426069826053e-13,1,4,0,0.3916,0.5289034241460279,0.00689247351370337,0.9616265172115861,1.247012030369117,0.26153123508777837,0.023814760510350547,3.9517559402051e-05,289981.7760807182,0.006862500212586019,4.461497497004172,3.9239468187567206,0.9492256454248827,9.560336520733745,0.9999921819395446,61.8,4.9750000000000005,0.627,-16.4134621978536,53.36946048031677,58.12819231872669,3.716202202540601
23.0,2010.0,-6.867197788179567,-6.867197788179567,-7.219830773953618,-6.752653698293614,1.983186038075094e-06,9.794336256616672e-07,1.983186038075094e-06,2.3281046485896532e-06,0.056662252863803594,0.3916,164.89999999999992,PEM,0.002482427320308839,0.0038397964119187824,0.0013931999999999998,3.840357734110729e-09,0.001756562240837617,0.0020831843099818515,4.602074157994415e-08,3.583090839009366e-05,3.7194910779830836e-17,13796.423504684462,-89.57151935017721,13024.481399784214,682.3705854770488,-7.302332960534841e-08,3.516520408197721e-12,-1.3185286196204515e-13,1,4,0,0.3916,0.5289034241460279,0.006931878211502225,0.9610795004374639,1.2470081687662529,0.2619739402853932,0.023914796539166634,3.993150422904494e-05,289874.5388610257,0.006934034316700207,4.485754328126296,3.9431183974917206,0.9548233270733706,9.5595207558148,0.9999920770889816,61.9,5.025,0.629,-16.3676541343872,52.79483313791159,58.04409274660745,3.6998090013476648
23.2,1990.0,-6.867743566969466,-6.867743566969466,-7.221799584579628,-6.751691806712188,2.0280963125680418e-06,9.921172847467288e-07,2.0280963125680418e-06,2.3582535886539786e-06,0.05685080434510932,0.3916,164.89999999999992,PEM,0.002519738819505605,0.0038766691088381404,0.0013931999999999998,3.903240510514955e-09,0.0017821675444622178,0.002094450416331819,4.72448035930509e-08,3.626971066750046e-05,3.6117484870923366e-17,14003.818157575002,-90.66827390354763,13230.740856338474,682.4090272599924,-7.298694981727749e-08,3.3472946636692313e-12,-1.324773624133968e-13,1,4,0,0.3916,0.5289034241460279,0.006932007355678899,0.9619161291777897,1.2470077548997762,0.26151107393427864,0.023541008403005968,3.954338470185713e-05,289798.2114870416,0.006866847071928818,4.510013816390653,3.9638840758008156,0.9608315515209724,9.560069689796736,0.999991971989184,61.8,4.9750000000000005,0.63,-16.3220759105454,52.68509986949043,57.9235900837078,3.6811933036856765
23.4,2000.0,-6.874505975769239,-6.874505975769239,-7.227135492202763,-6.7594228783572134,2.073639155904207e-06,1.0048566108501314e-06,2.073639155904207e-06,2.3885348487048524e-06,0.05703620228392728,0.3916,164.89999999999992,PEM,0.0025569570399543795,0.003913446343153855,0.0013931999999999998,3.904974132089535e-09,0.0018076792235334968,0.002105714725885342,4.848876088417599e-08,3.671069680055935e-05,3.5256899396513e-17,14210.58324921927,-91.77032858609644,13436.861056138212,681.9518644209782,-7.398193702101707e-08,3.179401186770292e-12,-1.3244960683778118e-13,1,4,0,0.3916,0.5289034241460279,0.006932007355678899,0.9616732062079311,1.2470143372092923,0.26177376516714,0.023527609942727915,3.975589149334264e-05,289694.660218586,0.0069038207279724165,4.534269435584284,3.9844436086404404,0.9666314526783458,9.56000517016274,0.9999918664255624,62.1,5.0,0.632,-16.2766226768509,52.163481994925796,57.76454297520598,3.660214538018749
23.6,2000.0,-6.873157415158744,-6.873157415158744,-7.225464731175862,-6.758153214218169,2.1198002149691363e-06,1.0176422029164807e-06,2.1198002149691363e-06,2.4189260825207527e-06,0.0572278479685637,0.3916,164.89999999999992,PEM,0.002594268539151145,0.00395031473556351,0.0013931999999999998,3.909137646975891e-09,0.0018332832626795777,0.0021169778123137097,4.975143257571874e-08,3.7153803587667405e-05,3.276323439979634e-17,14417.884595810845,-92.87768473537746,13642.977074901417,682.0298361012334,-7.281596481334418e-08,3.0967173270113335e-12,-1.3200551762793111e-13,1,4,0,0.3916,0.5289034241460279,0.006932007355678899,0.9618104419893397,1.24701318195888,0.2617684007256243,0.023394570480315218,3.9768763600704514e-05,289602.5930060313,0.00690601551332915,4.55852242100282,4.004560591979499,0.9724580285710651,9.559908822883553,0.9999917604759591,61.9,5.0,0.634,-16.2313497340608,51.70511703301889,57.65504700612966,3.6424729420052975
23.8,1990.0,-6.882069397578334,-6.882069397578334,-7.234582742260102,-6.7665067901708085,2.1665678455487247e-06,1.0304729022103103e-06,2.1665678455487247e-06,2.449424535798218e-06,0.05740335124646362,0.3916,164.89999999999992,PEM,0.0026314867595999196,0.0039870877329868685,0.0013931999999999998,3.910874057025518e-09,0.0018587941161337228,0.0021282386730374784,5.103294161087395e-08,3.7599026613082706e-05,3.182811002602759e-17,14624.549682030418,-93.99031912852666,13849.047133332637,681.5122294942722,-7.49823811929673e-08,2.9714564142580002e-12,-1.3274104038174528e-13,1,4,0,0.3916,0.5289034241460279,0.006932007355678899,0.9622575271217537,1.2470207676998544,0.26157377189319575,0.023149888626193153,3.958005871169231e-05,289514.57069690106,0.006873574601823316,4.582770613775793,4.025672978690365,0.9784035252943247,9.560482827448865,0.9999916541500111,61.7,4.9750000000000005,0.635,-16.1865241631253,51.53661844437066,57.48272249049952,3.6209250109356432
24.0,2000.0,-6.887845660742755,-6.887845660742755,-7.238930846028836,-6.773258656807229,2.213994794840981e-06,1.0433633884792642e-06,2.213994794840981e-06,2.4800651021613124e-06,0.05758570229287322,0.3916,164.89999999999992,PEM,0.002668704980048694,0.004023858653112351,0.0013931999999999998,3.9129360942568944e-09,0.0018843066093083211,0.002139495795972784,5.233489515081841e-08,3.8046326936374174e-05,3.081167048932243e-17,14831.178421623701,-95.10814076014746,14054.958406826818,681.1118739595389,-7.719791028648615e-08,2.811778587741287e-12,-1.3299084056228594e-13,1,4,0,0.3916,0.5289034241460279,0.006932007355678899,0.9620151517978859,1.247026472294159,0.26183230403155094,0.02313922357841006,3.9792886312281943e-05,289411.29002835206,0.006910580440051495,4.607010757908665,4.045957031879386,0.9841371805009715,9.560368497595858,0.999991547326149,62.1,5.0,0.637,-16.1418277666211,51.022786781457754,57.329208560967324,3.6006567516752614
24.2,1990.0,-6.894826499352973,-6.894826499352973,-7.246128919347086,-6.779681944670131,2.2620492583115526e-06,1.0563016592312058e-06,2.2620492583115526e-06,2.510819251797494e-06,0.057760927614477445,0.3916,164.89999999999992,PEM,0.0027059232004974687,0.004060627459959468,0.0013931999999999998,3.915807589663235e-09,0.0019098204706462056,0.0021507494175262666,5.365597940611153e-08,3.849574053803253e-05,3.1882320134651865e-17,15037.761254502055,-96.2312412293243,14260.82005544926,680.7099577456192,-7.785092748235911e-08,2.7427782267608336e-12,-1.3249124020120462e-13,1,4,0,0.3916,0.5289034241460279,0.006932007355678899,0.9624647159026369,1.2470323414361306,0.2616295147524482,0.022898506515902042,3.96042651434322e-05,289323.9701969508,0.006878102767099982,4.631243362459661,4.0667240365871296,0.9900137867738196,9.560859983388415,0.9999914401037815,62.8,4.9750000000000005,0.636,-16.0967852311446,51.33093017337058,57.16643789212873,3.5797874537636556
24.4,2050.0,-6.854082736660985,-6.854082736660985,-7.201408202897824,-6.7429698133432225,2.31070889443965e-06,1.0692761677976525e-06,2.31070889443965e-06,2.5416595383828205e-06,0.05799838379909242,0.3916,164.89999999999992,PEM,0.002743607814686203,0.0040978604732093745,0.0013931999999999998,3.936698779787727e-09,0.0019358014159010424,0.0021620001259642536,5.499464529883826e-08,3.894734147685749e-05,2.922602481206238e-17,15247.219945026201,-97.35984922542019,14466.838309357518,683.0217863642263,-7.903690857347101e-08,2.704225732230725e-12,-1.3272716259393746e-13,1,4,0,0.3916,0.5289034241460279,0.007082022379876644,0.9606726588476625,1.2469985245966277,0.26283724085346705,0.023447799153953796,4.0825741544449756e-05,289200.58284758934,0.007088505769299794,4.6554696941521385,4.082896919240789,0.9953331921674303,9.557634013335544,0.9999913325785864,64.2,5.125,0.633,-16.0508682326829,51.76503299331161,57.29774466215698,3.5771359602821615
24.6,2100.0,-6.735537530835302,-6.735537530835302,-7.082622669637374,-6.6262119852581804,2.3595737374325003e-06,1.0821632638084502e-06,2.3595737374325003e-06,2.572292046133706e-06,0.058306986212929415,0.3916,164.89999999999992,PEM,0.0027823184951028474,0.004136116648876488,0.0013931999999999998,4.038704352286844e-09,0.0019628001784082858,0.0021732560953362924,5.6336427557177806e-08,3.940184622638805e-05,2.856195098141501e-17,15462.975534869951,-98.49591849461646,14674.237176588676,690.2424397092279,-7.743074093014002e-08,2.531586051901513e-12,-1.3369860774048448e-13,1,4,0,0.3916,0.5289034241460279,0.0072579867158927055,0.9595534333748067,1.2468942906330456,0.2634502746022335,0.023848727647251215,4.185500875411153e-05,289121.1546867507,0.007263391024690849,4.679707354298648,4.095497677334422,1.0010557266752538,9.55188228816579,0.9999912257748365,65.7,5.25,0.63,-16.003652599772,52.31006878965185,57.912498482182365,3.60421805039743
24.8,2150.0,-6.565277415441244,-6.565277415441244,-6.914291871471676,-6.45658265174842,2.4081821458768587e-06,1.094846091792764e-06,2.4081821458768587e-06,2.6024390106792583e-06,0.05865417933339234,0.3916,164.89999999999992,PEM,0.0028219619629994116,0.0041753004344080285,0.0013931999999999998,4.275163748259439e-09,0.0019907145467976035,0.00218452394409929,5.7668347386752457e-08,3.98615285914098e-05,2.6922095195530682e-17,15684.352617865794,-99.64527122720561,14883.973535555942,700.7338110055774,-7.706876203883439e-08,2.4089064076804334e-12,-1.3357370765021415e-13,1,4,0,0.3916,0.5289034241460279,0.007432319916890134,0.9586616983717083,1.2467434554385037,0.26381536226795405,0.0242235041500843,4.289064875705039e-05,289066.8760258314,0.007437725240466062,4.703970594529047,4.107378258985567,1.0075362357270896,9.544345149527805,0.9999911206607942,67.5,5.375,0.628,-15.954924907593,52.65313668339304,58.851091725810576,3.650788215434597
25.0,2230.0,-6.328581592988087,-6.328581592988087,-6.6795445572576,-6.221460832357025,2.4561215574330835e-06,1.1072255744385689e-06,2.4561215574330835e-06,2.631864926167266e-06,0.05906598616457539,0.3916,164.89999999999992,PEM,0.0028628180546198703,0.0042156925573557874,0.0013931999999999998,4.344748193664344e-09,0.0020198188099139927,0.0021958104237914952,5.897890210563248e-08,4.03254972641086e-05,2.5912431922403556e-17,15913.046748865789,-100.80492966901187,15096.920198911968,715.3216202123169,-7.249218469951302e-08,2.2840618285613346e-12,-1.3308798507694064e-13,1,4,0,0.3916,0.5289034241460279,0.007707134369041659,0.9570833351024565,1.246534222675815,0.26450409459305846,0.024902253405613185,4.4539574686813404e-05,289017.9272009986,0.007715784351498508,4.728273953039396,4.116931968410751,1.0145470898206026,9.533613739713877,0.9999910180575364,70.0,5.575,0.626,-15.9041485054811,52.8887116777087,60.20798227074498,3.7223406546157807
25.2,2280.0,-6.046784543906256,-6.046784543906256,-6.4040034058877495,-5.938057172275023,2.5028687704044915e-06,1.1191782959611191e-06,2.5028687704044915e-06,2.6602764344214857e-06,0.05950811411162162,0.3916,164.89999999999992,PEM,0.002904886769964223,0.0042572939148766715,0.0013931999999999998,4.4294433339579894e-09,0.002050105505812389,0.0022071237258129354,6.025380801333923e-08,4.0792855087575106e-05,2.3561068460825618e-17,16148.957760428224,-101.97311065691805,15314.07428698552,732.910362713272,-7.251401257235557e-08,2.1505019986989282e-12,-1.3426759704060487e-13,1,4,0,0.3916,0.5289034241460279,0.007883490904325852,0.9566897555762479,1.246283001961564,0.26433153765635964,0.025216117534672185,4.559119428423084e-05,289013.77925732965,0.00788889722095206,4.752635068503305,4.127296248557804,1.0227056827354815,9.522175085473187,0.9999909189878801,71.4,5.7,0.624,-15.85153635345,53.31566595773204,61.85363734417953,3.810653072150675
25.4,2330.0,-5.752551863647909,-5.752551863647909,-6.11665838322341,-5.641853909985002,2.548106351369652e-06,1.1306471542131092e-06,2.548106351369652e-06,2.6875378041671243e-06,0.05995711309255263,0.3916,164.89999999999992,PEM,0.0029478882727884963,0.00429982453929779,0.0013931999999999998,4.519219417001509e-09,0.0020812903384759534,0.0022184681950071098,6.148659530999287e-08,4.126373349073033e-05,2.4509745361750435e-17,16390.261949803386,-103.15011984717154,15535.769907225163,751.341922657433,-7.361632015090436e-08,2.0587975768648903e-12,-1.349753642188034e-13,1,4,0,0.3916,0.5289034241460279,0.008056479397969852,0.9563729358836616,1.2460205216261546,0.26408515144441896,0.025515787668803403,4.6646629270763224e-05,289014.2685137058,0.008061885705444005,4.777063296742268,4.139570403729088,1.0317059811016764,9.510371581611754,0.9999908239254099,72.1,5.825,0.622,-15.7980596470316,53.75770673370764,63.586972120789575,3.903412490150989
25.6,2350.0,-5.475895919492473,-5.475895919492473,-5.848755307389297,-5.361276682512596,2.591687920505188e-06,1.1416165663013478e-06,2.591687920505188e-06,2.713611995011523e-06,0.06038453566491148,0.3916,164.89999999999992,PEM,0.0029915427268487134,0.004343004563193625,0.0013931999999999998,4.606071983351994e-09,0.0021130909890566983,0.0022298462928430646,6.267522187790947e-08,4.1738163655113156e-05,2.461138931542095e-17,16635.16396108571,-104.3360158637214,15762.00204682194,768.825898325349,-7.469861884601414e-08,1.917160874498336e-12,-1.352667977627675e-13,1,4,0,0.3916,0.5289034241460279,0.00812850765875951,0.9569388651441045,1.2457724551876654,0.263299923776824,0.02548657067176427,4.7095594972590315e-05,289029.0688805891,0.008130670071012444,4.801563938077228,4.155279033410213,1.0414896903140207,9.500083473399346,0.9999907329996652,73.8,5.875,0.621,-15.7435587577437,54.09643561096692,65.21818221817813,3.98889118263668
25.8,2410.0,-5.198432247988251,-5.198432247988251,-5.576753958839163,-5.08285065488144,2.633665024716135e-06,1.1521154983810823e-06,2.633665024716135e-06,2.7385678592371814e-06,0.0608294572621039,0.3916,164.89999999999992,PEM,0.0030359434108928646,0.004386927345692224,0.0013931999999999998,4.693582808549291e-09,0.0021456007275763474,0.002241258102173071,6.382235999546714e-08,4.2216065200663794e-05,2.3032519901738935e-17,16884.28368665563,-105.53060581938495,15992.49051277922,786.2625679835727,-7.345261110458523e-08,1.834671303768687e-12,-1.356414980335785e-13,1,4,0,0.3916,0.5289034241460279,0.00833238709278384,0.9562957866716711,1.2455254792177486,0.2632944413504969,0.02588689432001674,4.835687556375479e-05,289007.8165098119,0.008338874806585654,4.826137170915312,4.1704282580792285,1.0511273373530106,9.48865377435417,0.9999906459709685,75.4,6.025,0.619,-15.6875525748034,54.490434034195665,66.86269433552225,4.074038925565124
26.0,2450.0,-4.909560169512702,-4.909560169512702,-5.2952959491310025,-4.791387109963296,2.6738893329306904e-06,1.162111423880079e-06,2.6738893329306904e-06,2.76232808148343e-06,0.061289168428895376,0.3916,164.89999999999992,PEM,0.003081276882416936,0.004431779325497883,0.0013931999999999998,4.788548292871844e-09,0.0021790035513710223,0.002252706062271477,6.492330709088078e-08,4.2697556919075236e-05,2.273436430430542e-17,17138.777764465427,-106.73420525317331,16227.493910975267,804.5496481633232,-7.366361387539655e-08,1.7701673460379652e-12,-1.3733458814613186e-13,1,4,0,0.3916,0.5289034241460279,0.008473040719053372,0.9563259294555386,1.245267368406473,0.2628320079736947,0.02606021411335769,4.921686388192496e-05,289004.86628058815,0.00847736590573998,4.850788247785266,4.185573803064827,1.0610666731779086,9.477381985300292,0.9999905631090915,77.0,6.125,0.618,-15.6300999784535,54.74529602840431,68.58906740020436,4.162994707610487
26.2,2510.0,-4.608725947291475,-4.608725947291475,-5.000731137162177,-4.489172996646914,2.7122456214593212e-06,1.1715852773605307e-06,2.7122456214593212e-06,2.784847343381342e-06,0.061768800516412425,0.3916,164.89999999999992,PEM,0.0031275431414209257,0.004477560356849305,0.0013931999999999998,4.903948053527649e-09,0.002213298160401425,0.0022641913172519045,6.597524792072667e-08,4.3182784571644185e-05,2.3290017917704242e-17,17398.629683345778,-107.94721195653648,16467.097653704906,823.5848176057567,-7.8580342233181e-08,1.6929790902509012e-12,-1.3720968805586153e-13,1,4,0,0.3916,0.5289034241460279,0.008678985983102966,0.9558294975997679,1.2449993731146514,0.262684229748971,0.026435158615792105,5.048715012031644e-05,288988.25333777955,0.008685474136093083,4.875519632325376,4.200047989442965,1.0710688964514776,9.4651636492524,0.9999904845723709,78.7,6.275,0.617,-15.571151876878,54.915639805472914,70.40215146745123,4.255949589597712
26.4,2560.0,-4.293513407527314,-4.293513407527314,-4.693098382603523,-4.171586474049377,2.7485377046217108e-06,1.1804952848381995e-06,2.7485377046217108e-06,2.8060263485576405e-06,0.06226438350827668,0.3916,164.89999999999992,PEM,0.003174835466652827,0.004524362873741631,0.0013931999999999998,5.13218413869132e-09,0.002248574790186267,0.002275715978831294,6.697253993085305e-08,4.367259291121659e-05,2.0511749850710137e-17,17664.395693308143,-109.17197069906578,16711.586164045035,843.6375584863168,-7.772541721351445e-08,1.620065193108644e-12,-1.3838930001952576e-13,1,4,0,0.3916,0.5289034241460279,0.008853232533780417,0.9557084969909904,1.2447179958812575,0.2622673732717576,0.02669056652084023,5.155909766941545e-05,288983.42952565826,0.008858639418190942,4.900335871729746,4.21447693976248,1.081412584994648,9.45274166874282,0.9999904107073271,80.0,6.4,0.616,-15.510876700356,55.147483277758184,72.31933764628037,4.3539052412402715
26.6,2620.0,-3.9659072854544206,-3.9659072854544206,-4.372759868905348,-3.8420723327068913,2.78260265842467e-06,1.18881102717679e-06,2.78260265842467e-06,2.825792791007345e-06,0.06277675958773067,0.3916,164.89999999999992,PEM,0.00322315385811264,0.004572184282749426,0.0013931999999999998,5.4293412156446544e-09,0.0022848293874225697,0.0022872815550142233,6.791097141818846e-08,4.4169575363233426e-05,2.003741140024773e-17,17936.048221215107,-110.41485666105612,16961.11783963778,864.5155248384498,-7.782000466249883e-08,1.5263068586790496e-12,-1.389999226830696e-13,1,4,0,0.3916,0.5289034241460279,0.009060096717845077,0.9553731279567431,1.2444258922061406,0.2619625436231617,0.027037381061536272,5.283956469955379e-05,288973.18445213145,0.009066585209168445,4.925240213208921,4.228682898735628,1.0919839506788536,9.43964512855287,0.9999903417664591,82.0,6.55,0.614,-15.4491178623264,55.59822930891581,74.32923147589207,4.456022999074257
26.8,2670.0,-3.63066166635582,-3.63066166635582,-4.045802172936078,-3.504049254438087,2.8142557508095057e-06,1.196496089285262e-06,2.8142557508095057e-06,2.8440601123966293e-06,0.06329739229785196,0.3916,164.89999999999992,PEM,0.0032724983158003624,0.004621026831498857,0.0013931999999999998,5.5556192935720445e-09,0.002322062748919656,0.0022988897414399187,6.878551998855121e-08,4.467148430152473e-05,1.9549520422629252e-17,18213.55254462774,-111.66965295257613,17215.89316119606,885.9897303942689,-8.483038982376456e-08,1.4113432644791146e-12,-1.3815337762679292e-13,1,4,0,0.3916,0.5289034241460279,0.009234256596624846,0.9553766667159431,1.2441264743844693,0.2614266695605165,0.027269217561398437,5.392054661127419e-05,288971.5562999756,0.009239663703192734,4.950236308010161,4.243434416611433,1.102956434498787,9.426593556781047,0.9999902780519738,84.2,6.675,0.614,-15.385393061507,55.5988056540624,76.40189202939871,4.5602581109811
27.0,2750.0,-3.270372796681386,-3.270372796681386,-3.692345635658228,-3.1426995151565507,2.843337896944736e-06,1.2035201583159245e-06,2.843337896944736e-06,2.8607562593675408e-06,0.06385172778797203,0.3916,164.89999999999992,PEM,0.0033230553972119813,0.004671077786474086,0.0013931999999999998,5.6934195793518496e-09,0.0023604605906865587,0.0023105419106394616,6.959172848695117e-08,4.5177610737913094e-05,1.8397555614363403e-17,18498.075184765774,-112.93504459310641,17476.094392300143,909.0457477922046,-8.032293408177793e-08,1.2934098236883074e-12,-1.3704315460216776e-13,1,4,0,0.3916,0.5289034241460279,0.009508467273248463,0.9546718998280942,1.2438058496418283,0.2612896720511877,0.027788655846872665,5.5621915673801175e-05,288952.98485487065,0.009517119199793743,4.975327111626748,4.256612508338116,1.1139718392432352,9.411860681484956,0.999990219815517,86.0,6.875,0.613,-15.319818389165,55.7376671823971,78.65266601988984,4.67340383395101
27.2,2790.0,-2.9052093069013836,-2.9052093069013836,-3.3372894363664614,-2.773467750364034,2.869545460307279e-06,1.2098177826160076e-06,2.869545460307279e-06,2.8757256539481996e-06,0.06440442058747568,0.3916,164.89999999999992,PEM,0.0033747318235995017,0.0047222436492031,0.0013931999999999998,5.8380997204556615e-09,0.0023999270017507567,0.0023222404882627017,7.0321089922241e-08,4.5688174396417724e-05,1.6432439176733427e-17,18788.954583929084,-114.21157212474593,17742.10102336884,932.6419883538306,-8.166898624040186e-08,1.1226575225009583e-12,-1.390970671977243e-13,1,4,0,0.3916,0.5289034241460279,0.009650769882695902,0.9551111826446312,1.2434790708731007,0.26042067878687547,0.027890700039279893,5.650940231421857e-05,288966.58338111494,0.00965509564239232,5.000517847249572,4.271546301506316,1.1257614247940517,9.398118597728462,0.9999901676000724,87.4,6.9750000000000005,0.612,-15.2528373209109,56.06391873278288,80.95299093685027,4.7878107249183355
27.4,2840.0,-2.556195204158655,-2.556195204158655,-2.99708452549595,-2.4213254425882837,2.892870491371059e-06,1.2153994901460335e-06,2.892870491371059e-06,2.8889933210031696e-06,0.06494660551143144,0.3916,164.89999999999992,PEM,0.003427247758718951,0.0047742446181457425,0.0013931999999999998,5.979275709636353e-09,0.0024401820475540635,0.002333985617143179,7.097417279148138e-08,4.620314057322329e-05,1.496198998029996e-17,19084.405852633372,-115.49912263828756,18013.675043976375,955.2316859423105,-7.639755494892597e-08,1.0260681193585697e-12,-1.38819511441568e-13,1,4,0,0.3916,0.5289034241460279,0.00982289396082247,0.9552366567748637,1.243167205645789,0.2597798005059664,0.02809314527521878,5.760308974013931e-05,288961.4314600965,0.009828301256848472,5.0258088224443975,4.288030271178383,1.1377830627942414,9.38472293804194,0.9999901213188924,88.0,7.1000000000000005,0.611,-15.185111268293,56.33987835922483,83.16643744655285,4.895594949461856
27.6,2870.0,-2.230016237687721,-2.230016237687721,-2.680315556187054,-2.0910098828420587,2.913358773309957e-06,1.2202839961382527e-06,2.913358773309957e-06,2.900603746466015e-06,0.0654703356906678,0.3916,164.89999999999992,PEM,0.003480509923822336,0.0048269874560860175,0.0013931999999999998,6.115348459533442e-09,0.0024811330447971043,0.002345776743780414,7.155216003950787e-08,4.6722467736329605e-05,1.1268926330271212e-17,19383.847782944875,-116.79758791138215,18290.575111710783,976.475083247806,-7.490234565921128e-08,9.081346785677624e-13,-1.3945788968072748e-13,1,4,0,0.3916,0.5289034241460279,0.009928980817404603,0.9558219782530514,1.242875023492225,0.2588932183640177,0.02810154061744104,5.828625771489866e-05,288958.40900113253,0.009932225228955878,5.051198845349729,4.306339077674084,1.1500297761987788,9.372693545223525,0.9999900808172201,89.8,7.175,0.611,-15.1164297314632,56.4356756551639,85.24773192279534,4.9940840954781685
27.8,2920.0,-1.9180106603330955,-1.9180106603330955,-2.3756270045026895,-1.7765932411622885,2.931156014489844e-06,1.2245123491994306e-06,2.931156014489844e-06,2.9106545024944867e-06,0.06599342553277143,0.3916,164.89999999999992,PEM,0.0035345183189096543,0.004880472256947408,0.0013931999999999998,6.2519806478656366e-09,0.0025227818897218994,0.002357612056408793,7.205883606835897e-08,4.724606196225555e-05,9.534202854294405e-18,19687.319877473412,-118.10674602954465,18572.42558447949,996.7875468914544,-7.292328518815339e-08,8.086309399857328e-13,-1.3973544543688377e-13,1,4,0,0.3916,0.5289034241460279,0.010100902265907801,0.9558381615469913,1.2425964521407986,0.25839035261124976,0.028308556119128952,5.938186342854692e-05,288928.3970057014,0.01010631018017374,5.076684014661482,4.324440423584444,1.1619798205325576,9.360616405060467,0.9999900457550921,91.5,7.3,0.61,-15.0462048026215,56.69478058147399,87.25252855790637,5.086401047396046
28.0,2970.0,-1.6028397605053897,-1.6028397605053897,-2.067759011380133,-1.4590163642029665,2.9462365904230453e-06,1.228081774375417e-06,2.9462365904230453e-06,2.919138993048293e-06,0.06652660783828195,0.3916,164.89999999999992,PEM,0.0035894595014768923,0.00493488528201423,0.0013931999999999998,6.436605207320348e-09,0.0025653161211187576,0.002369490231664534,7.249262573034904e-08,4.777421946267497e-05,1.2522535092207576e-17,19996.014962105535,-119.42745662976057,18859.211745519173,1017.3757598806712,-7.593189366161823e-08,6.816214259686149e-13,-1.402489235857729e-13,1,4,0,0.3916,0.5289034241460279,0.010275115653800947,0.9558828861446801,1.2423150626083044,0.2578624734931602,0.028509221471545457,6.048149891862463e-05,288895.77499810624,0.010280524178726632,5.1022614807591165,4.341693951791975,1.173806315611683,9.348429218069414,0.99999001615578,92.9,7.425,0.611,-14.9746642060939,56.445644213531935,89.29632251885074,5.1793578207109805
28.2,3000.0,-1.3029054253090635,-1.3029054253090635,-1.7760741672291829,-1.1554750522939798,2.958553332619869e-06,1.230986306473294e-06,2.958553332619869e-06,2.926043038919168e-06,0.06704433538606942,0.3916,164.89999999999992,PEM,0.0036451469140280656,0.0049900379832109685,0.0013931999999999998,6.89859509689412e-09,0.002608548016376116,0.002381410216383645,7.285185610972719e-08,4.83089308171076e-05,1.0645510081092047e-17,20308.730662803413,-120.7652701513115,19150.86271020087,1037.1026823739317,-7.730341167189181e-08,5.474509734426647e-13,-1.4215018051544348e-13,1,4,0,0.3916,0.5289034241460279,0.010382050078806144,0.9563959166189845,1.2420464990199394,0.25707016384481046,0.02851924918747706,6.116936866725164e-05,288869.9705005534,0.010385295483644788,5.1279289758476425,4.360262996376252,1.1858457053133469,9.337354526032586,0.9999899920691148,92.9,7.5,0.613,-14.9027369568893,56.018909725772346,91.25727422366701,5.266205485132262
28.4,3000.0,-1.0545925966326308,-1.0545925966326308,-1.5362660522738452,-0.9023059310222266,2.968317061106914e-06,1.2332818977531052e-06,2.968317061106914e-06,2.9314996381105424e-06,0.0675126299133226,0.3916,164.89999999999992,PEM,0.003701114162823214,0.005045462603341148,0.0013931999999999998,7.037204170491502e-09,0.0026520125609011498,0.002393369862830425,7.31424054035005e-08,4.8851559482077336e-05,1.2129511804681581e-17,20622.53434186736,-122.12209140917541,19446.82897628179,1053.5832741016766,-7.471317076124251e-08,4.572453526918707e-13,-1.4127587988355117e-13,1,4,0,0.3916,0.5289034241460279,0.010386261843107555,0.9574811129686029,1.2418230898535667,0.25601706688711895,0.0282636779812027,6.12320166421963e-05,288843.09343605035,0.010386261843107555,5.153681875173179,4.382326041098162,1.1980492232787785,9.328916909753431,0.9999899730315663,92.9,7.5,0.616,-14.831182629642,55.4352456117862,92.88935600776101,5.333173236565859
28.6,2990.0,-0.8749288244978288,-0.8749288244978288,-1.3632635259914423,-0.7183314007686477,2.976060269414386e-06,1.2350983140144005e-06,2.976060269414386e-06,2.935817242724983e-06,0.06792604886895322,0.3916,164.89999999999992,PEM,0.0037569881328703724,0.005100790109258957,0.0013931999999999998,7.1272877043773924e-09,0.00269534482473418,0.0024053647782290577,7.337900801491911e-08,4.939802361142503e-05,9.710385707323299e-18,20935.17197095794,-123.48839801074816,19746.09683311779,1065.5867397538868,-7.551716407760978e-08,3.7625458304546555e-13,-1.40915057400548e-13,1,4,0,0.3916,0.5289034241460279,0.010386261843107555,0.9585599541507178,1.2416610103849848,0.2550952418201901,0.027944735138755946,6.10792753208151e-05,288790.3433080276,0.010353531789706785,5.179510719700812,4.407193732147071,1.2097957612912194,9.323112780268914,0.9999899579674087,92.7,7.4750000000000005,0.618,-14.7601095009262,55.10678869752715,94.07234191289078,5.373732172574354
28.8,3000.0,-0.7372770584764794,-0.7372770584764794,-1.2291568557164396,-0.57871009220014,2.982334965034631e-06,1.2365667021377338e-06,2.982334965034631e-06,2.939307587681801e-06,0.0683191383233882,0.3916,164.89999999999992,PEM,0.0038128621029175297,0.0051561142406053705,0.0013931999999999998,7.196736345182623e-09,0.002738644566182373,0.002417388901179516,7.357650713646357e-08,4.994786231216645e-05,7.43356114510374e-18,21247.375092991566,-124.86310249849674,20047.76201983773,1074.7499705766722,-7.86676537245512e-08,2.86465295928906e-13,-1.4171996909340123e-13,1,4,0,0.3916,0.5289034241460279,0.010390390266776276,0.9589705716821462,1.2415375899113938,0.25467122438968326,0.027834458153444396,6.133568611998549e-05,288698.251267003,0.010391472711850428,5.205402457320232,4.431328389202109,1.220440487578752,9.318154937095759,0.9999899457892144,92.8,7.5,0.621,-14.6894646887449,54.423602525305334,94.98091268743522,5.398188784785377
29.0,2990.0,-0.6348162407959421,-0.6348162407959421,-1.1302092641566333,-0.4735813138790377,2.9874444786032126e-06,1.2377587967842376e-06,2.9874444786032126e-06,2.9421411856055087e-06,0.0686848765056121,0.3916,164.89999999999992,PEM,0.003868736072964687,0.005211435227110404,0.0013931999999999998,7.2503145948270984e-09,0.002781917706880905,0.0024294365270574082,7.37428574949435e-08,5.0500845854294275e-05,1.1194387430912833e-17,21559.21938904697,-126.24563980496082,20351.32170520015,1081.6520439663288,-7.553171599283814e-08,2.001454557643001e-13,-1.4180323582024812e-13,1,4,0,0.3916,0.5289034241460279,0.010390596936853425,0.9597511297840522,1.241445047378087,0.2540772471145308,0.027555496748060848,6.117373144312123e-05,288604.32782278355,0.010360204999545255,5.231344804171853,4.455616033175917,1.2304505154495875,9.314920250140252,0.9999899359021709,92.8,7.4750000000000005,0.623,-14.6191413134848,54.05315084816247,95.65763660680685,5.409151210705461
29.2,2990.0,-0.5645061552777406,-0.5645061552777406,-1.0615116841325403,-0.4019431804081819,2.9917431216726654e-06,1.2387584601038327e-06,2.9917431216726654e-06,2.9445173760490435e-06,0.06902898006580403,0.3916,164.89999999999992,PEM,0.0039245167642638495,0.005266660076182863,0.0013931999999999998,7.287903304493418e-09,0.002825076695282862,0.0024415022051318793,7.388786481720246e-08,5.1056688081002814e-05,1.66831609291207e-17,21870.195726038583,-127.6352909690636,20656.18056960779,1086.3798653830584,-7.86676537245512e-08,1.0269562977782698e-13,-1.4131751324697461e-13,1,4,0,0.3916,0.5289034241460279,0.010390596936853425,0.9601558246811408,1.2413818277187887,0.2537793117125559,0.02738547629009224,6.121503499968624e-05,288485.94492033456,0.01036445640644881,5.257326023109128,4.479516019244583,1.2396588107775601,9.31249876141917,0.9999899276109084,92.8,7.4750000000000005,0.625,-14.5491931186382,53.62493194898252,96.12001744237911,5.407828046637229
29.4,3000.0,-0.5033971993221371,-0.5033971993221371,-1.0008693877925907,-0.3404768774956324,2.9954360121777273e-06,1.2396138796952432e-06,2.9954360121777273e-06,2.946550700487861e-06,0.0693709797246783,0.3915144147643243,164.89999999999992,PEM,0.003980390734311007,0.005321975474308023,0.0013931999999999998,7.326005181834778e-09,0.0028683131901223805,0.0024535809412351297,7.401694533149478e-08,5.161526000300309e-05,1.9020971863542568e-17,22181.540779011582,-129.03177296749803,20962.04447603325,1090.464529933578,-7.725611794739962e-08,2.4147350785597155e-15,-1.407207683712386e-13,1,4,0,0.3915144147643243,0.5289034241460279,0.010402819694940774,0.9602714199058001,1.241327320748733,0.2536805279093112,0.027313909845175028,6.146308844654196e-05,288353.31073351623,0.010403903434881909,5.283335360110097,4.501748978215222,1.248133267169613,9.310082879768514,0.9999899205157842,93.0,7.5,0.627,-14.4795119052527,53.153336508102086,96.52338281417123,5.403057306178397
29.6,2990.0,-0.4593168451438032,-0.4593168451438032,-0.957935421344871,-0.29494660645497106,2.998599103252265e-06,1.2403434371249585e-06,2.998599103252265e-06,2.9482848517351043e-06,0.06969218607355011,0.39137928252352827,164.89999999999992,PEM,0.004036264704358166,0.005377287834454021,0.0013931999999999998,7.4214293263086575e-09,0.0029115372871163685,0.002465668993783693,7.413212463234257e-08,5.217686990416264e-05,1.8133281334820062e-17,22492.681623174467,-130.43599785694332,21268.76701175291,1093.4786134879225,-7.66922312323004e-08,-1.7430501486614958e-13,-1.4074852394685422e-13,1,4,0,0.39137928252352827,0.5289034241460279,0.010403104587916698,0.9608232819908212,1.2412873363067933,0.25333430727980166,0.02706845314654457,6.129388962586385e-05,288229.11470409634,0.010373691787068815,5.30936475836282,4.524435007902121,1.2564277943002862,9.308794118228104,0.9999899144644036,92.3,7.4750000000000005,0.629,-14.4104686112941,52.75409888566315,96.81261687226592,5.391967625229792
29.8,2990.0,-0.43363619059988423,-0.43363619059988423,-0.9321285073370404,-0.26883582837348285,3.001442426761045e-06,1.240996442599734e-06,3.001442426761045e-06,2.9498370396951124e-06,0.0699975929745073,0.3912507971872488,164.89999999999992,PEM,0.004092045395657328,0.005432501063176481,0.0013931999999999998,7.78357137890193e-09,0.002954656079068137,0.0024777629610764707,7.423946049501357e-08,5.274433248086461e-05,1.7536970139953034e-17,22803.074425062958,-131.85552384658592,21575.99888132681,1095.2200198108208,-7.874041330069304e-08,-2.51909604287448e-13,-1.4115097979328084e-13,1,4,0,0.3912507971872488,0.5289034241460279,0.010403104587916698,0.9610536573512111,1.2412642649643266,0.2532257318104492,0.026923545857537944,6.132994512837791e-05,288087.95104233734,0.010378774916416377,5.335406892929522,4.547032276756127,1.2642881306800862,9.307860013749888,0.999989909047872,93.0,7.4750000000000005,0.631,-14.3417932806758,52.30644332031871,96.97641583508133,5.373924291805484
30.0,2990.0,-0.4151325951265221,-0.4151325951265221,-0.9130754814366355,-0.25010702700353704,3.0040836041213667e-06,1.2416001750056254e-06,3.0040836041213667e-06,2.951272106027158e-06,0.0702955067055362,0.39112546427696,164.89999999999992,PEM,0.00414782608695649,0.005487708986787494,0.0013931999999999998,7.796100580808816e-09,0.00299776737394267,0.0024898594745565213,7.434218772200957e-08,5.3317100169012934e-05,1.6798357409947284e-17,23113.33920406707,-133.28744012015858,21883.57691081164,1096.4748530581471,-7.712515071034431e-08,-3.1702418468171345e-13,-1.417754802446325e-13,1,4,0,0.39112546427696,0.5289034241460279,0.010403104587916698,0.961254741736374,1.2412476863393913,0.25314784567206616,0.026783733708274915,6.136522267613707e-05,287942.84370483656,0.010384005247461468,5.361454510242293,4.569023787428879,1.2717994729889865,9.307148225879043,0.999989904039925,92.7,7.4750000000000005,0.633,-14.2732706016666,51.85698921585688,97.09153839570554,5.353180271841495
30.2,2990.0,-0.4020751011394168,-0.4020751011394168,-0.8992362808052121,-0.23693358025946054,3.0065851973140647e-06,1.242169170102662e-06,3.0065851973140647e-06,2.9526246020980792e-06,0.07058518478160455,0.39100359614154434,164.89999999999992,PEM,0.004203606778255652,0.00554291455920595,0.0013931999999999998,7.805763473573829e-09,0.0030408765840799533,0.002501955727287368,7.44420751553172e-08,5.389221904972225e-05,2.0430434687773724e-17,23423.491092885724,-134.72522815671604,22191.404757528646,1097.3611071213409,-7.90205376688391e-08,-4.1319725418986764e-13,-1.4163670236655435e-13,1,4,0,0.39100359614154434,0.5289034241460279,0.010403104587916698,0.9614335514466067,1.241236006243137,0.25309306520468616,0.026647989746822746,6.13998450214305e-05,287795.1334031718,0.010389334818290042,5.387501566079602,4.590682631676508,1.2790869406285441,9.306616986134358,0.9999898993200107,92.9,7.4750000000000005,0.634,-14.2051619299249,51.64567057517455,97.16951413068796,5.3305124487749485
30.4,2990.0,-0.3931848040804766,-0.3931848040804766,-0.8893855835920021,-0.2280097387152864,3.008995324359965e-06,1.2427145515178193e-06,3.008995324359965e-06,2.953920968666079e-06,0.0708671309522334,0.3908849808424301,164.89999999999992,PEM,0.004259387469554814,0.005598117819257417,0.0013931999999999998,7.813227712354404e-09,0.0030839861199819046,0.0025140493455437576,7.454050404185131e-08,5.446965029741653e-05,1.9305574933820013e-17,23733.541767109225,-136.16879210067214,22499.408785850774,1097.9641890812027,-7.657945388928056e-08,-4.840294831609526e-13,-1.4134526882259024e-13,1,4,0,0.3908849808424301,0.5289034241460279,0.010403104587916698,0.9615950479120987,1.241228073311872,0.2530559596433045,0.0265156317881328,6.143396833586771e-05,287645.46070681023,0.0103947407779455,5.4135429490606315,4.612130410926819,1.2862163260765775,9.306223823222377,0.9999898947958753,92.9,7.4750000000000005,0.636,-14.137304368696,51.19418992328596,97.21881347514099,5.306349764484064
30.6,2990.0,-0.3874842902884552,-0.3874842902884552,-0.8825845289460972,-0.22233741775158933,3.0113513232045125e-06,1.2432448843036204e-06,3.0113513232045125e-06,2.955181564781603e-06,0.07114194064847594,0.3907693678731896,164.89999999999992,PEM,0.004315168160853976,0.005653318797129363,0.0013931999999999998,7.819070788173425e-09,0.003127098067097104,0.002526138272401483,7.463855998753564e-08,5.504936372462802e-05,1.4501204056993622e-17,24043.500332737054,-137.61805756492686,22807.532668732776,1098.3496063661376,-7.321432349272072e-08,-5.746236819703654e-13,-1.4065137943219952e-13,1,4,0,0.3907693678731896,0.5289034241460279,0.010403104587916698,0.9617429967274418,1.241223007417929,0.2530323778138468,0.026386165165218488,6.146771142180118e-05,287494.3178140158,0.010400205550964225,5.439574229977353,4.633432460948581,1.2932291598982353,9.305936207739585,0.9999898903964817,92.7,7.4750000000000005,0.638,-14.0699049965948,50.74341641495953,97.24600634913857,5.281154735614294
30.8,2990.0,-0.384226590204662,-0.384226590204662,-0.8781119644622777,-0.21915351108998493,3.0136822396740304e-06,1.2437667661402219e-06,3.0136822396740304e-06,2.956422073069222e-06,0.07141015862479431,0.39065652804900874,164.89999999999992,PEM,0.004370948852153138,0.005708517507324162,0.0013931999999999998,7.825921011630085e-09,0.0031702142601668618,0.0025382206841359197,7.47371003684809e-08,5.5631344828987626e-05,1.1058862159352145e-17,24353.373941446436,-139.0729945783134,23115.733337510035,1098.5676092854897,-7.259950507432222e-08,-6.383227280082338e-13,-1.4080403509808548e-13,1,4,0,0.39065652804900874,0.5289034241460279,0.010405714722326946,0.9618802660327207,1.2412201355767116,0.2530191458789889,0.02625922250563358,6.150115936843524e-05,287342.1076578746,0.010405714722326946,5.465591481774159,4.654626216504658,1.3001532607190387,9.305729169126039,0.9999898860671089,92.7,7.4750000000000005,0.64,-14.0029588016267,50.29379156761261,97.25610425876546,5.255214239933034
31.0,2990.0,-0.38284893042748536,-0.38284893042748536,-0.8754293786385574,-0.21788086100099235,3.016010747050903e-06,1.2442852859629244e-06,3.016010747050903e-06,2.9576545898809706e-06,0.07167225304932132,0.3905462644064546,164.89999999999992,PEM,0.0044267295434523,0.005763713763272706,0.0013931999999999998,7.872543722726306e-09,0.003213336119366898,0.0025502949345547446,7.483680733992042e-08,5.621578017960461e-05,9.98821251402271e-18,24663.16825916968,-140.5341662493879,23423.977829780968,1098.6562630662652,-7.305789040401578e-08,-6.964706589229763e-13,-1.4080403509808548e-13,1,4,0,0.3905462644064546,0.5289034241460279,0.01041125627004329,0.9620090216682431,1.2412189489451924,0.2530138638897832,0.026134529017270054,6.153436989595753e-05,287189.165499964,0.01041125627004329,5.491591159678605,4.675734528957131,1.3070079749980708,9.305583983684201,0.9999898817655473,92.7,7.4750000000000005,0.641,-13.9363558826567,50.07941055666818,97.25287633545634,5.22870121223005
31.2,2990.0,-0.38300660419452015,-0.38300660419452015,-0.8742674102848582,-0.21814909806056448,3.0183548886466237e-06,1.2448044370351119e-06,3.0183548886466237e-06,2.958888607166893e-06,0.07192863008731387,0.390438406067803,164.89999999999992,PEM,0.0044825102347514625,0.0058189051873785225,0.0013931999999999998,8.249463714005007e-09,0.0032564624816339626,0.0025623595180426654,7.493823817978736e-08,5.680504737294917e-05,9.344467474109441e-18,24972.887884585933,-142.00824269539922,23732.240149651716,1098.6394921660537,-7.276321412064135e-08,-8.026079800771413e-13,-1.410122019152027e-13,1,4,0,0.390438406067803,0.5289034241460279,0.01041682137977818,0.9621306568098283,1.2412191229500797,0.2530149960712897,0.026011902695759752,6.156737320192283e-05,287035.736813572,0.01041682137977818,5.517570021625033,4.696771633585668,1.313805539341871,9.305490995261364,0.999989877458675,92.9,7.4750000000000005,0.643,-13.8699869366413,49.631517388775784,97.23859434083023,5.201704586905835
31.4,3000.0,-0.3762054504917387,-0.3762054504917387,-0.865681771445395,-0.212037740013443,3.020704918667798e-06,1.2453219818981446e-06,3.020704918667798e-06,2.9601188065085443e-06,0.07218922610476528,0.39032877280609796,164.89999999999992,PEM,0.00453838420479862,0.00587418379465568,0.0013931999999999998,8.255768244288863e-09,0.003299687569923714,0.0025744129279083156,7.504105540619992e-08,5.740041014294844e-05,8.009543549236664e-18,25283.121671920973,-143.49663108189637,24040.550984555623,1099.0740562156936,-6.776099326089025e-08,-9.492406860545088e-13,-1.4088730182493236e-13,1,4,0,0.39032877280609796,0.5289034241460279,0.010456351576439598,0.9620297259011438,1.2412134271792727,0.2531465266706718,0.02597536450253947,6.181010491765152e-05,286877.0696998118,0.010457440893199308,5.543524823230654,4.716899541211918,1.3204529881389018,9.304876388221018,0.9999898731650341,92.9,7.5,0.644,-13.8038476928033,49.38349781073661,97.27463342928743,5.177498151739092
31.6,2990.0,-0.3734887914612841,-0.3734887914612841,-0.8621520217653256,-0.20873104082585314,3.02299432347002e-06,1.2458233994447226e-06,3.02299432347002e-06,2.961310671368487e-06,0.07243623840962418,0.3902248542284444,164.89999999999992,PEM,0.004594258174845779,0.005929460113753432,0.0013931999999999998,8.260726145355865e-09,0.0033429225272881267,0.002586454182409107,7.514333005312612e-08,5.7998061092355976e-05,9.439335164201923e-18,25593.26745853185,-144.9907367313457,24348.98668159636,1099.2900401387053,-6.543632480315864e-08,-1.0608736111805683e-12,-1.411093464298574e-13,1,4,0,0.3902248542284444,0.5289034241460279,0.01045668977499361,0.962405569722783,1.24121067198737,0.2529758407113345,0.02576762685482346,6.163469842884767e-05,286733.67208668584,0.010427795166994052,5.56945345049334,4.738022759982221,1.3273589855113872,9.304956022216853,0.9999898690050937,93.0,7.4750000000000005,0.646,-13.7379858828126,48.97919035956393,97.28134244242781,5.1518419980787815
31.8,3000.0,-0.3710541506322329,-0.3710541506322329,-0.857811264870918,-0.20702241753480166,3.0253066014159616e-06,1.2463271073712683e-06,3.0253066014159616e-06,2.962507980440381e-06,0.07268345343731264,0.3901208503630296,164.89999999999992,PEM,0.004650132144892937,0.005984734223402876,0.0013931999999999998,8.264482552399315e-09,0.0033861682518619924,0.002598482459422497,7.524763583402378e-08,5.8597921490066484e-05,6.3696877633523385e-18,25903.342393814986,-146.49036232023107,24657.428722347904,1099.4233090761988,-7.065318641252816e-08,-1.1388667786604856e-12,-1.419697692739419e-13,1,4,0,0.3901208503630296,0.5289034241460279,0.010467426621792694,0.9622868932491376,1.2412088715948777,0.2531256910640133,0.02573441022847223,6.187705325453331e-05,286573.5398378423,0.010468517092323146,5.5953541331233785,4.758560876067413,1.3340416944663291,9.304499234301032,0.9999898648260935,92.8,7.5,0.647,-13.6725009946981,48.730586282710604,97.28612818696361,5.126242890060413
32.0,2990.0,-0.37165304260884113,-0.37165304260884113,-0.8574566258983509,-0.20709566879213526,3.0275995845441414e-06,1.2468238813323044e-06,3.0275995845441414e-06,2.9636888075405377e-06,0.07292003102684516,0.3900213216747999,164.89999999999992,PEM,0.004706006114940094,0.0060400060861724395,0.0013931999999999998,8.267557472577468e-09,0.0034294259535749983,0.0026104965123728624,7.535266710597471e-08,5.9200028767660335e-05,5.705613932704967e-18,26213.339335409113,-147.99560316308379,24965.936841108098,1099.4068910670005,-7.093331078067422e-08,-1.2503331703328513e-12,-1.4280243654241076e-13,1,4,0,0.3900213216747999,0.5289034241460279,0.01046776921040117,0.9626469226917063,1.2412090978819659,0.2529690625376818,0.025531411624454346,6.170102812344338e-05,286428.7415947137,0.010438896541432778,5.621224186849402,4.779775859370854,1.3409015779489954,9.304689241094527,0.9999898607045369,92.8,7.4750000000000005,0.648,-13.6074399128289,48.55662387217689,97.26875117590303,5.099659518567834
32.2,3000.0,-0.3717876048635276,-0.3717876048635276,-0.8556520040384612,-0.2079909178682442,3.0299485700391132e-06,1.2473300551279835e-06,3.0299485700391132e-06,2.9648919779605025e-06,0.07315801228722249,0.38992120245285583,164.89999999999992,PEM,0.004761880084987253,0.006095275771456283,0.0013931999999999998,8.269873883268563e-09,0.003472696548138063,0.0026224954926730264,7.546077130995117e-08,5.980431353097467e-05,5.149960319306146e-18,26523.273457649822,-149.5062847988339,25274.40672021509,1099.3604525672104,-6.868867785669863e-08,-1.3255507802512057e-12,-1.430244811473358e-13,1,4,0,0.38992120245285583,0.5289034241460279,0.010478612956719003,0.9625168025037013,1.2412095942728656,0.25312974057584503,0.0255011078845754,6.19433087438754e-05,286267.6112181975,0.010479704592614058,5.647061784394974,4.800279587468804,1.3475140906066945,9.304319353621262,0.9999898565049425,92.7,7.5,0.65,-13.5427454678577,48.079508077492505,97.25471023769938,5.073416722013621
32.4,2990.0,-0.3743381056499402,-0.3743381056499402,-0.8572315583885484,-0.21005041040234573,3.0323038071086325e-06,1.2478348003601863e-06,3.0323038071086325e-06,2.9660917526983274e-06,0.07338617962743801,0.38982521194856046,164.89999999999992,PEM,0.004817754055034409,0.006150543236067313,0.0013931999999999998,8.271866646534799e-09,0.003515981232490503,0.0026344781612974376,7.557041272585561e-08,6.041081896709903e-05,3.178067618098135e-18,26833.136207502852,-151.02251679467653,25582.908102340505,1099.2055883023947,-6.52762537356466e-08,-1.4045986596045168e-12,-1.4263590308871699e-13,1,4,0,0.38982521194856046,0.5289034241460279,0.010478958037833613,0.9628660916315619,1.2412115742902352,0.2529813747836613,0.025302341073000573,6.176680201145629e-05,286122.2431994023,0.010450078842406636,5.672864257746419,4.821418917524458,1.3543035779760695,9.304576809844402,0.9999898523171219,92.9,7.4750000000000005,0.651,-13.4783090102148,47.905697639256815,97.22266268441953,5.046360985526272
32.6,3000.0,-0.3759921922514309,-0.3759921922514309,-0.8570101305091384,-0.2124761473714898,3.034735769927941e-06,1.2483531928759085e-06,3.034735769927941e-06,2.9673239669025634e-06,0.07361632180879926,0.3897283906149499,164.89999999999992,PEM,0.0048736280250815675,0.006205808544610437,0.0013931999999999998,8.273351509002359e-09,0.00355928078373842,0.002646443803703668,7.568381683979338e-08,6.10194804711349e-05,4.302927372051846e-18,27142.941502800822,-152.54413643530992,25891.345386755518,1099.0519795445728,-6.542177288793027e-08,-1.4701573292086323e-12,-1.420807915764044e-13,1,4,0,0.3897283906149499,0.5289034241460279,0.010489852865562456,0.9627284648937491,1.2412134225496387,0.253148415395295,0.0252745331763135,6.200908428124178e-05,285960.8746131981,0.010490945672403324,5.698630068268019,4.841824664514227,1.360848462522778,9.304260978705342,0.9999898480160232,92.9,7.5,0.652,-13.4140741989528,47.65774001437869,97.19703211213202,5.019745330373856
32.8,3000.0,-0.3717646541716704,-0.3717646541716704,-0.8515927287312479,-0.2082962299201654,3.0371639805411496e-06,1.2488679144590178e-06,3.0371639805411496e-06,2.9685474553340096e-06,0.07384651325060362,0.3896315485611299,164.89999999999992,PEM,0.004929595273876723,0.006261164907776149,0.0013931999999999998,8.278794395883279e-09,0.0036026897820003873,0.00265839104855076,7.579843060453137e-08,6.16303661005786e-05,5.10930273783794e-18,27453.263534221966,-154.07132588098452,26199.844404216943,1099.3478040565499,-6.748814485035837e-08,-1.6392998070102749e-12,-1.423583473325607e-13,1,4,0,0.3896315485611299,0.5289034241460279,0.010496465843591214,0.9628553585786209,1.2412096599077858,0.25313103405084525,0.025161224443469774,6.204283484973034e-05,285810.4856151843,0.010496465843591214,5.724356263029199,4.861989809780534,1.367467841825374,9.304009498872826,0.9999898437452828,92.8,7.5,0.654,-13.3501915977414,47.225589996731024,97.2152860020783,4.995549081958792
33.0,3000.0,-0.3695258350653603,-0.3695258350653603,-0.8481780495168323,-0.2061019994332014,3.0395754697692545e-06,1.2493763710587216e-06,3.0395754697692545e-06,2.9697560519579784e-06,0.07407062991709944,0.38953726217157275,164.89999999999992,PEM,0.004985562522671878,0.006316519044813739,0.0013931999999999998,8.283054478895191e-09,0.0036461152878726464,0.0026703195598976152,7.591398899944936e-08,6.224347785813118e-05,-7.318364664277155e-18,27763.51213405283,-155.60407737479292,26508.403976229914,1099.5040803817803,-6.634581950493157e-08,-1.7821855102795325e-12,-1.4285794769364202e-13,1,4,0,0.38953726217157275,0.5289034241460279,0.010502006976682908,0.9629739796603536,1.2412076638646177,0.2531219209938145,0.025049686951245476,6.207625920413016e-05,285659.6845403696,0.010502006976682908,5.7500421186425825,4.882498488631914,1.3741528419715157,9.303838961212103,0.9999898395264528,92.9,7.5,0.655,-13.2866042833791,47.01892819242039,97.21880905621899,4.970718716536638
33.2,3000.0,-0.3688052394304009,-0.3688052394304009,-0.8462573280084484,-0.2054516395278938,3.04199023127981e-06,1.2498828390540816e-06,3.04199023127981e-06,2.970959921687857e-06,0.07429066004761001,0.38944469498971146,164.89999999999992,PEM,0.005041529771467033,0.006371870976804004,0.0013931999999999998,8.286443181731932e-09,0.0036895578768387236,0.0026822287823981463,7.603112395221959e-08,6.285879466301489e-05,-1.3904892862126594e-17,28073.691801890687,-157.142338782539,26816.99744949031,1099.5520135513334,-6.65058905724436e-08,-1.849687070176742e-12,-1.4316325902541394e-13,1,4,0,0.38944469498971146,0.5289034241460279,0.010507578736728085,0.963085785845113,1.241207030043452,0.2531192281796426,0.024939906503561902,6.210951513438106e-05,285508.21032764,0.010507578736728085,5.775686439272494,4.903101546222867,1.3808326054202018,9.303720066799622,0.9999898353240564,92.7,7.5,0.656,-13.2233588964154,46.81185759834038,97.21095644216102,4.945454456845103
33.4,3000.0,-0.36925544676876143,-0.36925544676876143,-0.8454880259237143,-0.20599167463490176,3.0444241151582024e-06,1.250390646113601e-06,3.0444241151582024e-06,2.972166974360829e-06,0.07450721339779129,0.38935359048800794,164.89999999999992,PEM,0.005097497020262188,0.00642722072018256,0.0013931999999999998,8.289168709948784e-09,0.0037330182547616934,0.0026941180259143905,7.615033776596574e-08,6.347630007961539e-05,-1.2237932021930131e-17,28383.806218469086,-158.6860693681325,27125.604227022886,1099.5159220143803,-6.368645699694753e-08,-2.0075607842784393e-12,-1.420807915764044e-13,1,4,0,0.38935359048800794,0.5289034241460279,0.010513177743801175,0.9631920166007375,1.241207446530112,0.25312148565233833,0.024831801614600368,6.214266243576361e-05,285356.1571113808,0.010513177743801175,5.801287738833744,4.923707956279128,1.3874855057662105,9.303640951312582,0.9999898311104864,92.9,7.5,0.657,-13.1603988969644,46.604568736794135,97.1941925950745,4.919867331588553
33.6,2990.0,-0.3784190182562952,-0.3784190182562952,-0.8536356639593237,-0.21475084125000876,3.0469160538780078e-06,1.2509079028164422e-06,3.0469160538780078e-06,2.9733964887483766e-06,0.07471137391344582,0.38926769964236113,164.89999999999992,PEM,0.005153370990309347,0.0064824750313547935,0.0013931999999999998,8.287384047081933e-09,0.0037764036622294065,0.0027059868088201485,7.627292119136109e-08,6.409595895453845e-05,-1.4596071747086103e-17,28693.275623708836,-160.23517119995233,27434.158801899128,1098.8816505471157,-6.26423570793122e-08,-2.1526669335969473e-12,-1.4191425812271063e-13,1,4,0,0.38926769964236113,0.5289034241460279,0.010513177743801175,0.9635073724226406,1.2412153537527777,0.2530009902524383,0.024645026446025706,6.196463167309655e-05,285208.65308904654,0.010483552892297682,5.8268449802328774,4.945176175262602,1.3942212193056274,9.30413900453101,0.9999898268184684,92.9,7.4750000000000005,0.658,-13.0976166336497,46.42969185754416,97.11077954989092,4.891013668378944
33.8,3000.0,-0.3852205075547772,-0.3852205075547772,-0.8586066357647155,-0.2223793161432468,3.0495584119077855e-06,1.2514535262681253e-06,3.0495584119077855e-06,2.9746934306349543e-06,0.07492103689553224,0.3891794938806967,164.89999999999992,PEM,0.005209244960356503,0.00653772726348138,0.0013931999999999998,8.285985997771145e-09,0.003819808352955018,0.00271783422284606,7.640169430338208e-08,6.471769687510475e-05,-1.768604793866979e-17,29002.70472276228,-161.7894695475346,27742.56048351495,1098.3547696398975,-5.989932105876505e-08,-2.2431501101038975e-12,-1.4058199049316045e-13,1,4,0,0.3891794938806967,0.5289034241460279,0.010523554564861481,0.963345499576055,1.2412217950239304,0.25318966945362226,0.02462441888998321,6.220710426994981e-05,285045.08448277204,0.010524650882661751,5.852356207678854,4.965494525591527,1.4006117514401524,9.304000637324854,0.9999898222910376,93.1,7.5,0.66,-13.035007611381,45.96143932970529,97.04472357025371,4.863151865128593
34.0,2990.0,-0.392813517496279,-0.392813517496279,-0.8651713649089174,-0.22958031826624392,3.0522799096754625e-06,1.2520125027817412e-06,3.0522799096754625e-06,2.9760221126259596e-06,0.07512322686054901,0.389094432003942,164.89999999999992,PEM,0.005265118930403661,0.006592977358608755,0.0013931999999999998,8.285190439453358e-09,0.0038632336085896823,0.0027296589304269072,7.653440172660965e-08,6.534157179488604e-05,-1.9664716903455837e-17,29312.081482250604,-163.34911058689565,28050.903480401274,1097.8288912036626,-5.877154762856662e-08,-2.318423231173483e-12,-1.4133139103478243e-13,1,4,0,0.389094432003942,0.5289034241460279,0.010523907618103309,0.9636630119925712,1.241228313579126,0.25306269134683235,0.02444058099091301,6.202924880936315e-05,284897.71168155683,0.010494994790769185,5.877818540970946,4.986318546145282,1.407172558590381,9.304433049071816,0.9999898176527366,92.8,7.4750000000000005,0.661,-12.9727210038924,45.78865536952665,96.97200365768741,4.8351291607536275
34.2,3000.0,-0.398404491599365,-0.398404491599365,-0.8689793727206734,-0.23596960103139963,3.0551381852059456e-06,1.2525965260846071e-06,3.0551381852059456e-06,2.9774103306028216e-06,0.0753291116447122,0.38900781569170795,164.89999999999992,PEM,0.00532099290045082,0.006648225368438434,0.0013931999999999998,8.284512017872358e-09,0.003906679800705615,0.0027414606103139906,7.667290681019139e-08,6.596753201236443e-05,-2.120970499924768e-17,29621.41645734054,-164.91396322924174,28359.11483729701,1097.3876567545865,-5.97028702031821e-08,-2.3867019471879303e-12,-1.4202528042517315e-13,1,4,0,0.38900781569170795,0.5289034241460279,0.01053503609962299,0.9635037875313105,1.2412336619492164,0.2532462106317269,0.024421391551986627,6.227223419227113e-05,284734.43010863056,0.01053613361354106,5.9032312883591525,5.006327904046025,1.413489653088539,9.304253780413898,0.9999898128065571,93.0,7.5,0.662,-12.9107516174725,45.54437878116472,96.91416500445882,4.808016931973746
34.4,3000.0,-0.3973015603631893,-0.3973015603631893,-0.8666489460850926,-0.23496607074878284,3.0580375340619145e-06,1.2531857753592528e-06,3.0580375340619145e-06,2.9788109706661583e-06,0.0755365779739053,0.3889205340182265,164.89999999999992,PEM,0.005376960149245975,0.006703564497229137,0.0013931999999999998,8.288212919366061e-09,0.003950241425465853,0.0027532379694639253,7.681408644002337e-08,6.659565201681426e-05,-2.3852447794681098e-17,29931.280350257257,-166.4842253950956,28667.33264762575,1097.4634771805866,-5.5824784794822335e-08,-2.5452417951044026e-12,-1.4382939284018903e-13,1,4,0,0.3889205340182265,0.5289034241460279,0.010541774310538507,0.963609094723815,1.2412327025254568,0.25324203905237164,0.024319262770396522,6.230597887373991e-05,284582.07429094077,0.010541774310538507,5.928591665512327,5.0260665650281044,1.419895546152661,9.304109109859038,0.9999898079169162,92.8,7.5,0.663,-12.8490433399805,45.340738269052025,96.90792886403486,4.783594320738744
34.6,3000.0,-0.3973825112044551,-0.3973825112044551,-0.8654990777008607,-0.2351369905595675,3.060954377627015e-06,1.2537755512959085e-06,3.060954377627015e-06,2.9802128626002102e-06,0.07573979945126783,0.3888350381533958,164.89999999999992,PEM,0.00543292739804113,0.006758901458068835,0.0013931999999999998,8.291165165233226e-09,0.003993825098740472,0.0027649911108528677,7.695731032981441e-08,6.722593997226447e-05,-3.0588053791247294e-17,30241.08273595199,-168.0599048848461,28975.568729967083,1097.454101045122,-5.494075594469905e-08,-2.7118307599494074e-12,-1.4455103780619538e-13,1,4,0,0.3888350381533958,0.5289034241460279,0.01054743550130071,0.9637092335873442,1.2412327925545403,0.25324276035321547,0.024218459036834873,6.233957714579909e-05,284429.32878139336,0.01054743550130071,5.953899894170689,5.046160315342335,1.4263879471106558,9.304016651479698,0.9999898030228334,92.8,7.5,0.664,-12.7876936566284,45.13693276917834,96.89246144085978,4.7588728642937
34.8,2990.0,-0.4060170082140644,-0.4060170082140644,-0.8730420995081545,-0.24339030229992886,3.0639286359765085e-06,1.2543739779328517e-06,3.0639286359765085e-06,2.9816353171686515e-06,0.07593198797053582,0.3887541838454061,164.89999999999992,PEM,0.005488801368088286,0.006814143009573215,0.0013931999999999998,8.289667832664264e-09,0.004037337356101343,0.002776720259910671,7.710389336870273e-08,6.785835851503644e-05,-3.412526337898125e-17,30550.244692871867,-169.6408985983428,29283.75844452607,1096.845349694898,-5.255787982605398e-08,-2.834232848414331e-12,-1.448563491379673e-13,1,4,0,0.3887541838454061,0.5289034241460279,0.01054743550130071,0.9640172331561422,1.2412402512221712,0.2531201706037424,0.024040686099361948,6.216136292463166e-05,284281.08290605835,0.01051775928751494,5.979156459755967,5.067282109456286,1.433014675146414,9.3044953598841,0.9999897980569163,92.8,7.4750000000000005,0.665,-12.72659536523,44.96499746708904,96.80969657192581,4.730979680683807
35.0,3000.0,-0.4124029604498105,-0.4124029604498105,-0.8776424387497741,-0.2505910717637221,3.0670554918773146e-06,1.2550000091076759e-06,3.0670554918773146e-06,2.9831233874677342e-06,0.07613191681266429,0.38867007315596414,164.89999999999992,PEM,0.005544675338135445,0.006869382505443604,0.0013931999999999998,8.288459069484166e-09,0.004080871835589207,0.0027884251246403204,7.725675500770841e-08,6.849283269180374e-05,-3.6944189027443564e-17,30859.36944618563,-171.2270300237103,29591.80194031063,1096.340475799123,-5.216497811488807e-08,-2.9088398356691414e-12,-1.454392162258955e-13,1,4,0,0.38867007315596414,0.5289034241460279,0.010557944368430792,0.9638519287691212,1.2412463150341342,0.2533070605493306,0.024024920694549378,6.240502113295199e-05,284116.6230207974,0.010559044268875458,6.004360733506289,5.087286782321063,1.4393060699008777,9.304341851533383,0.9999897928618822,93.1,7.5,0.666,-12.6655908431115,44.72251182719537,96.74391060347489,4.704000489826496
