工况初温_摄氏度,时间_s,电流密度_A每m2,实验电压_V,模型电压_V,电压相对误差_pct,实验温度_摄氏度,模型温度_摄氏度,温度相对误差_pct_摄氏口径,温度相对误差_pct_开尔文口径,MEA平均温度_摄氏度,局部最高温度_摄氏度,模型最大冰体积分数,孔隙最大冰体积分数,膜最大冰体积分数,最大冰所在层,孔隙最大冰饱和度,膜平均未冻含水量_lambda,活化损失_V,欧姆损失_V,浓差损失_V,极限电流密度_A每m2,累计产水_kg每m2,累计排水_kg每m2,冰库存_kg每m2,冰库存与累计产水质量比,累计反应热_J每m2,累计相变热_J每m2,累计吸附等效热_J每m2,累计散热_J每m2,水质量守恒残差_kg每m2,冰质量收支残差_kg每m2,离散能量守恒残差_J每m2,相变潜热重建残差_J每m2,物理状态有效,曾有内部步失效,累计凝结_kg每m2,采样段平均凝结速率_kg每m2每s,累计蒸发_kg每m2,采样段平均蒸发速率_kg每m2每s,累计凝华_kg每m2,采样段平均凝华速率_kg每m2每s,累计升华_kg每m2,采样段平均升华速率_kg每m2每s,累计冻结_kg每m2,采样段平均冻结速率_kg每m2每s,累计融化_kg每m2,采样段平均融化速率_kg每m2每s
-25.0,0.0,66.006600660066,0.799,0.7519691405968224,5.886215194390192,-24.9954164846888,-25.000000000000085,0.018337423239549153,0.0018470403594228278,-25.0,-25.0,0.0,0.0,0.0,aGDL,0.0,2.999999999999999,0.5094741492151558,0.0017125050383697451,1.2225051974459396e-06,288662.7990634451,0.0,0.0,0.0,0.0,0.0,0.0,0.0,0.0,0.0,0.0,0.0,0.0,1,0,0.0,0.0,0.0,0.0,0.0,0.0,0.0,0.0,0.0,0.0,0.0,0.0
-25.0,0.2,69.3069306930693,0.799,0.7498357382039001,6.153224254831025,-24.9954164846888,-24.997864076830922,0.009792163869809445,0.0009863175233154916,-24.98888527075391,-24.984090985771786,3.5134194509356014e-06,1.1624739890503873e-06,3.5134194509356014e-06,PEM,2.763189895532178e-06,2.9995039459977955,0.5115081273938047,0.0017979784488776364,1.2839776866638814e-06,288603.817031796,1.2621876790985312e-06,2.5488302151770237e-07,1.8870048473993567e-08,0.01495027149010896,9.865741507971727,-0.6324307841666643,-0.637085617782933,0.010142370659512784,-6.410980619530986e-20,0.0,-6.016188608057305e-09,0.0,1,0,0.0,0.0,6.560379628794631e-10,3.2801898143973155e-09,0.0,0.0,4.7858982746657116e-14,2.3929491373328554e-13,1.8870096332976315e-08,9.435048166488157e-08,0.0,0.0
-25.0,0.4,66.006600660066,0.799,0.7520097469879501,5.881133042809756,-24.9939652961073,-24.9963781208873,0.009653629391789178,0.0009723014726914287,-24.987681385709635,-24.983084553681834,1.092134470010272e-05,4.520025149822722e-06,1.092134470010272e-05,PEM,1.074405787930288e-05,2.999082307527781,0.5094185577724397,0.0017126270202047454,1.2228646431943665e-06,288596.712792976,2.5243753581970623e-06,5.090383269941918e-07,7.084711233805661e-08,0.028065205163726695,19.73137232884592,-1.2504814417222965,-1.270827746405353,0.04423158924614982,3.8201185921168945e-19,0.0,-6.589821098523796e-09,2.220446049250313e-16,1,0,0.0,0.0,1.3152178849477817e-09,3.2958996103415924e-09,0.0,0.0,9.891222000372062e-14,2.552661862853175e-13,7.084721125027662e-08,2.598855745865015e-07,0.0,0.0
-25.0,0.6,66.006600660066,0.799,0.752011565872754,5.880905397652825,-24.9925613010652,-24.994916093373376,0.009421972721438009,0.0009489106272699225,-24.986219822139105,-24.981673286515615,2.0591275409694555e-05,9.977471091157682e-06,2.0591275409694555e-05,PEM,2.3716356289892278e-05,2.998702794814939,0.5094152168090103,0.0017128542768463694,1.222910810302686e-06,288587.5200531437,3.7557779719517236e-06,7.631610094366677e-07,1.5023236129920505e-07,0.04000033080260478,29.341792717565465,-1.8593102229348777,-1.904450808943332,0.10200272675881815,3.639065299641288e-19,-5.293955920339377e-23,-4.860598826206264e-09,4.440892098500626e-16,1,0,0.0,0.0,1.990621930466756e-09,3.377020227594873e-09,0.0,0.0,1.4995791757228028e-13,2.5522848784279836e-13,1.5023251125712267e-07,3.969265000342303e-07,0.0,0.0
-25.0,0.8,69.3069306930693,0.799,0.7498424572867289,6.1523833183067715,-24.9911229816268,-24.993380424792576,0.009032980100324725,0.0009096765720820422,-24.984189537042084,-24.97942307529695,3.180591100215067e-05,1.749988681000916e-05,3.180591100215067e-05,PEM,4.159706871882377e-05,2.9983505096823615,0.5114964032108534,0.001798687376136159,1.2841274057549307e-06,288575.8387217257,5.017965651050254e-06,1.0172901431203275e-06,2.536135552834108e-07,0.05054111026653397,39.207370249883226,-2.460157303956193,-2.537975916436482,0.18330358930079443,5.791587776851279e-19,-5.293955920339377e-23,-5.840922800981474e-09,-4.440892098500626e-16,1,0,0.0,0.0,2.7145468252041863e-09,3.61962447368715e-09,0.0,0.0,2.009996981754364e-13,2.552089030157805e-13,2.5361375628310904e-07,5.169062251299317e-07,0.0,0.0
-25.0,1.0,66.006600660066,0.8,0.7520144308247718,5.9981961469035285,-24.9896887304606,-24.99190375264601,0.008863744600029876,0.0008925771305165026,-24.983019248518673,-24.978457860811602,4.411030879566866e-05,2.7101329971613205e-05,4.411030879566866e-05,PEM,6.441961010604517e-05,2.998017939217047,0.5094090109224387,0.001713240468341105,1.2230074561866316e-06,288568.61880575627,6.280153330148784e-06,1.2714858040602386e-06,3.794280887773996e-07,0.06041701035481095,49.07292506108094,-3.053698851418139,-3.1714053935634827,0.28876979050185897,9.020900888258299e-19,-1.0587911840678754e-22,-1.485461570416291e-08,-1.3322676295501878e-15,1,0,0.0,0.0,3.5480152709664817e-09,4.1673422288114775e-09,0.0,0.0,2.520373516387028e-13,2.55188267316332e-13,3.794283408147513e-07,6.290729226582116e-07,0.0,0.0
-25.0,1.2,66.006600660066,0.799,0.7520142561183379,5.88056869607786,-24.9882968823982,-24.990450601641925,0.00861891170039221,0.0008678693032281176,-24.98157759345537,-24.977066447022224,5.6887855436736264e-05,3.8688871546892056e-05,5.6887855436736264e-05,PEM,9.196308901091527e-05,2.9976962000116307,0.5094077319670549,0.0017134245595051133,1.2230538602334644e-06,288559.3381931034,7.5115559439034455e-06,1.525830744248919e-06,5.249597368136858e-07,0.06988695028488144,58.68329765065586,-3.6410521481314575,-3.804735716690223,0.41779489809897824,1.2436561248061265e-18,0.0,-2.9672133916580634e-08,-1.3322676295501878e-15,1,0,0.0,0.0,4.576896789490599e-09,5.144407592620587e-09,0.0,0.0,3.0306742086424337e-13,2.5515034612770293e-13,5.249600398811067e-07,7.27658495331777e-07,0.0,0.0
-25.0,1.4,69.3069306930693,0.8,0.7498431310132937,6.269608623338294,-24.9868705327381,-24.98892413133808,0.008218710691646878,0.000827519625655359,-24.979566627361038,-24.97483534251967,6.998392117807212e-05,5.222951973902047e-05,6.998392117807212e-05,PEM,0.0001241490842382231,2.997382854161401,0.5114909618545336,0.0017992547492503249,1.2842778403368214e-06,288547.5753843046,8.773743623001975e-06,1.7804402950004677e-06,6.890390101564771e-07,0.078534208402219,68.54885341044397,-4.222903999813535,-4.437955697424214,0.5702190511766466,1.4585907351719052e-18,2.117582368135751e-22,-3.7363585225769214e-08,-1.7763568394002505e-15,1,0,0.0,0.0,5.924332378204862e-09,6.7371779435713176e-09,0.0,0.0,3.5409280303067865e-13,2.5512691083217647e-13,6.8903936424928e-07,8.203966218408665e-07,0.0,0.0
-25.0,1.6,59.4059405940594,0.8,0.7566873792047691,5.414077599403863,-24.985524800531,-24.98760051747061,0.00830767797027489,0.0008364279125539095,-24.979421918514987,-24.975332985568173,8.318347454014127e-05,6.770040987140505e-05,8.318347454014127e-05,PEM,0.0001609232466636678,2.9970765520583473,0.5049040961734808,0.0015424236934977811,1.1007982724743893e-06,288545.22352735687,9.974361171412772e-06,2.035348472239098e-06,8.709232051953605e-07,0.08731618899980165,77.90507602456537,-4.7995219048439655,-5.071059532273546,0.7463176483391912,1.3632995286057964e-18,5.293955920339377e-22,-2.6226900096126826e-08,-1.7763568394002505e-15,1,0,0.0,0.0,7.600485820918413e-09,8.380767213567748e-09,0.0,0.0,4.557085176114501e-13,5.080785729038571e-13,8.709236609038776e-07,9.094214832729874e-07,0.0,0.0
-25.0,1.8,72.6072607260726,0.8,0.747765833574582,6.52927080317725,-24.9841445358099,-24.986044526486893,0.007604785804330789,0.0007656132522497331,-24.976291524178464,-24.971424793924797,9.612251906326811e-05,8.494703248068807e-05,9.612251906326811e-05,PEM,0.0002019183087251915,2.996772246745006,0.5134790990284033,0.0018852876857517694,1.345556670541038e-06,288526.89609537186,1.1205763785167437e-05,2.2902551910705787e-06,1.0678522572652093e-06,0.0952949105244104,87.51650420509952,-5.371093212060038,-5.704093577669761,0.9444806413277416,1.7999450129153882e-18,6.352747104407253e-22,-2.9490531794351682e-08,-8.881784197001252e-16,1,0,0.0,0.0,9.293471469028363e-09,8.464928240549754e-09,0.0,0.0,5.874965513661724e-13,6.589401687736113e-13,1.06785284476176e-06,9.846459192894124e-07,0.0,0.0
-25.0,2.0,66.006600660066,0.8,0.7520097056387333,5.998786795158348,-24.9826913133056,-24.984558262005066,0.0074729686888098815,0.000752294373237667,-24.975356839478906,-24.97076281429952,0.00010942021354980904,0.00010413353145816788,0.00010942021354980904,PEM,0.00024752443893075323,2.996479709002423,0.509405909780929,0.0017140803677452685,1.2232457827907453e-06,288521.614003138,1.2498736529609833e-05,2.545135444438625e-06,1.2828354355540111e-06,0.10263720917029817,97.63777726953116,-5.936575380871146,-6.337060661421694,1.1668536893478891,1.7914746834428452e-18,0.0,-2.31825807439634e-08,-2.6645352591003757e-15,1,0,0.0,0.0,1.0986728990384453e-08,8.46628760678045e-09,0.0,0.0,7.193097223048377e-13,6.590658546933266e-13,1.2828361548637334e-06,1.0749165505098668e-06,0.0,0.0
-25.0,2.2,69.3069306930693,0.8,0.7498354452605623,6.270569342429713,-24.9812806025465,-24.983052803628993,0.007094116233221542,0.0007141113863160227,-24.97350519885518,-24.968768960797206,0.0001251673969014284,0.0001251673969014284,0.00012261331850837195,cCL,0.0002975217420999011,2.9961948973410184,0.5114924850513173,0.0017999296630530986,1.2844783230167985e-06,288509.7731406327,1.3760924208708366e-05,2.799990168821262e-06,1.5141404703939507e-06,0.11003188793349743,107.50342040994977,-6.496548743675911,-6.969963952080872,1.4130218272909916,2.129440829397311e-18,4.235164736271502e-22,-9.114845989088849e-09,-3.552713678800501e-15,1,0,0.0,0.0,1.2679969884479209e-08,8.46620447047377e-09,0.0,0.0,8.511229037552833e-13,6.590659072522276e-13,1.514141321516854e-06,1.1565258332656017e-06,0.0,0.0
-25.0,2.4,66.006600660066,0.8,0.7520033377863322,5.999582776708479,-24.9798738175426,-24.98159770116169,0.006901090180361598,0.0006946378460644101,-24.972372608168143,-24.967806872882164,0.00014803392528592158,0.00014803392528592158,0.00013578017492120006,cCL,0.00035187526809109005,2.9959194328666574,0.5094093203526767,0.0017143806482500684,1.2233419331824913e-06,288502.43326556537,1.5023111887806894e-05,3.0548204308935157e-06,1.7615697685988644e-06,0.11725731537875286,117.36909939435375,-7.051081833627969,-7.602805774957622,1.6830396337102365,2.7363399361050172e-18,6.352747104407253e-22,-5.267629665794971e-09,-3.552713678800501e-15,1,0,0.0,0.0,1.4373310443742294e-08,8.466702796315438e-09,0.0,0.0,9.82946227818628e-13,6.591166203167245e-13,1.7615707515450916e-06,1.2371471501411904e-06,0.0,0.0
-25.0,2.6,66.006600660066,0.8,0.7519990295614734,6.000121304815837,-24.9785092749632,-24.980166150493375,0.006633204215409659,0.0006676333068447003,-24.97096703631385,-24.966438401423233,0.0001726449834315588,0.0001726449834315588,0.00014869672661720168,cCL,0.00041037552515226715,2.9956516875755472,0.5094122566253672,0.0017145249154189588,1.2233885166474536e-06,288493.0595853263,1.6254514501561547e-05,3.309627134245662e-06,2.0237122889972003e-06,0.12450155240273619,126.97964752448456,-7.6006476722701795,-8.23558866703412,1.976291044323638,3.0387306982748025e-18,0.0,7.052010531083397e-09,-7.105427357601002e-15,1,0,0.0,0.0,1.606665516685173e-08,8.466723615547171e-09,0.0,0.0,1.1147713556791128e-12,6.591256393024231e-13,2.023713403768556e-06,1.3107132611173208e-06,0.0,0.0
-25.0,2.8,66.006600660066,0.8,0.7519945318108363,6.000683523645467,-24.9771485174843,-24.97873326983847,0.006344808948321887,0.0006385679757903095,-24.96949633590887,-24.96496073121324,0.00019895219902838843,0.00019895219902838843,0.00016139528814945573,cCL,0.00047290753275110154,2.9953928758378803,0.5094152944696783,0.0017146590673657262,1.2234356274242368e-06,288483.6977636287,1.7485917115316195e-05,3.5644111703293495e-06,2.2999944635940766e-06,0.1315341053275081,136.59025237119116,-8.145439876231377,-8.868314744764213,2.292437010326465,2.6897531240060307e-18,-1.2705494208814505e-21,8.880956858803302e-09,-5.329070518200751e-15,1,0,0.0,0.0,1.7760067205086668e-08,8.467060191174701e-09,0.0,0.0,1.2466037704294577e-12,6.591620737517254e-13,2.299995710197848e-06,1.3814115321464627e-06,0.0,0.0
-25.0,3.0,72.6072607260726,0.8,0.7477449701027585,6.531878737155189,-24.9757148215872,-24.977159187873553,0.0057830828733881345,0.0005819967549478846,-24.967017372827826,-24.962028367506946,0.00022696321315194176,0.00022696321315194176,0.00017406690478900144,cCL,0.0005394894536532963,2.9951465063546716,0.5134905786604842,0.0018862147361884982,1.3458768612169778e-06,288469.4128362374,1.8778889859758595e-05,3.819173265562001e-06,2.590842889980389e-06,0.13796571093013985,146.71178841048956,-8.685318102452186,-9.500985775281547,2.631782431384144,2.6859414757433864e-18,-2.117582368135751e-21,2.007197075215572e-08,-3.552713678800501e-15,1,0,0.0,0.0,1.9453627656694354e-08,8.467802258038425e-09,0.0,0.0,1.3784505432680933e-12,6.592338641931777e-13,2.5908442684309343e-06,1.4542427911654292e-06,0.0,0.0
-25.0,3.2,69.3069306930693,0.8,0.7498142723091791,6.273215961352621,-24.9742466427357,-24.975628314261172,0.005532385201592703,0.0005567310693252823,-24.965746187097096,-24.96088334651364,0.0002567693658594842,0.0002567693658594842,0.00018699538947162492,cCL,0.0006103384023282249,2.994918361439652,0.5115058997538573,0.0018006074865984354,1.2847342011462938e-06,288461.6547597921,2.0102647669544862e-05,4.0739139626694945e-06,2.8979811277852867e-06,0.14415917621516464,157.0890633378585,-9.219708472096844,-10.133602783838333,2.9958188280317923,2.400491372518687e-18,-2.541098841762901e-21,2.881186311753936e-08,-5.329070518200751e-15,1,0,0.0,0.0,2.114736668071221e-08,8.468695120089269e-09,0.0,0.0,1.5103143594186526e-12,6.593190807527957e-13,2.8979826380996487e-06,1.535691848343571e-06,0.0,0.0
-25.0,3.4,66.006600660066,0.8,0.7519789402234153,6.002632472073096,-24.9728594600344,-24.974197750479306,0.0053589796036281456,0.0005392480717580238,-24.96477778831786,-24.96017517504066,0.0002882801871842448,0.0002882801871842448,0.00019981145232078008,cCL,0.0006852393325035532,2.994704991681899,0.5094262614293812,0.0017149911302238158,1.2235841435254302e-06,288454.34491045895,2.136483534864339e-05,4.328634938409646e-06,3.219779249499283e-06,0.15070461330298668,166.9550550463965,-9.749158870137459,-10.766170431986446,3.3840507129589055,2.625802136488331e-18,-1.6940658945086007e-21,3.2998163312925044e-08,0.0,1,0,0.0,0.0,2.28410761365154e-08,8.468547279015966e-09,0.0,0.0,1.6421770745463133e-12,6.593135756383046e-13,3.219780891676359e-06,1.608991267883554e-06,0.0,0.0
-25.0,3.6,69.3069306930693,0.8,0.7498011750902301,6.274853113721238,-24.9714761302039,-24.97270994890127,0.0049409121468644655,0.0004971496639314018,-24.9628906570116,-24.95810340020975,0.00032139493745670554,0.00032139493745670554,0.0002124135821972217,cCL,0.0007639527869187201,2.994504456336092,0.5115162972633226,0.0018008200797309535,1.2848337095595493e-06,288442.5779931732,2.262702302774192e-05,4.583338165880621e-06,3.5546627470574412e-06,0.15709811859471032,176.82113842156835,-10.274199716044063,-11.398693720501356,3.7954586482994146,2.6749300474290805e-18,-2.541098841762901e-21,4.458642388627254e-08,0.0,1,0,0.0,0.0,2.4534821140115065e-08,8.468725017998317e-09,0.0,0.0,1.77404431295483e-12,6.593361920425828e-13,3.5546645211017566e-06,1.674418147126986e-06,0.0,0.0
-25.0,3.8,69.3069306930693,0.8,0.7497947085605694,6.275661429928831,-24.9700582752618,-24.97120480284707,0.0045916095694734085,0.00046197431480649086,-24.96128534878497,-24.956446785567948,0.0003561361535063554,0.0003561361535063554,0.00022505029011676416,cCL,0.0008465323354084987,2.9943205128505532,0.511521199247026,0.001800900431854102,1.2848856630237164e-06,288432.87675480335,2.391999577218433e-05,4.838024590966054e-06,3.903344965321726e-06,0.16318334679058683,186.94275178519757,-10.794595334753781,-12.031174683970155,4.230553359023513,1.5898808419963217e-18,-1.6940658945086007e-21,4.8595137691620494e-08,0.0,1,0,0.0,0.0,2.6228706560761816e-08,8.469427103233765e-09,0.0,0.0,1.9059252196302636e-12,6.594045333771685e-13,3.903346871246947e-06,1.7434117507259555e-06,0.0,0.0
-25.0,4.0,66.006600660066,0.8,0.7519583550889591,6.005205613880113,-24.9686827526186,-24.969779390299067,0.004392052601774903,0.00044186955433563263,-24.96026058537734,-24.955623332225855,0.00039246746682643647,0.00039246746682643647,0.00023763119746089426,cCL,0.000932891530369471,2.994153024836357,0.5094425432223243,0.0017152344452848968,1.2237284645426448e-06,288425.67441548157,2.518218345128286e-05,5.092695437873423e-06,4.2654073753632755e-06,0.16938195147434615,196.80901402520408,-11.310488282396312,-12.663616514906552,4.6894001243309145,1.974433800049774e-18,-1.6940658945086007e-21,5.7383093832186205e-08,0.0,1,0,0.0,0.0,2.7922629353562347e-08,8.469613964002648e-09,0.0,0.0,2.0378108170601323e-12,6.594279871493429e-13,4.265409413174094e-06,1.8103127096357326e-06,0.0,0.0
-25.0,4.2,62.7062706270627,0.8,0.7542280986964729,5.721487662940894,-24.9673874768015,-24.968445087694278,0.004235969397126626,0.0004261422192420827,-24.959397076135588,-24.95499951779155,0.0004302633236018021,0.0004302633236018021,0.0002499003213150054,cCL,0.0010227319315469505,2.99399831577776,0.5072579901434663,0.0016295563528199142,1.1625654809002925e-06,288418.963091711,2.6382800999693662e-05,5.347352515758366e-06,4.638961412296388e-06,0.1758327863804246,206.16548849972648,-11.822513124854693,-13.296023946753929,5.170917747199531,1.5178830414797062e-18,0.0,6.326066159800803e-08,-3.552713678800501e-15,1,0,0.0,0.0,2.9616512402798325e-08,8.469415246179882e-09,0.0,0.0,2.1696943362327366e-12,6.59417595863021e-13,4.638963581990724e-06,1.8677708440831497e-06,0.0,0.0
-25.0,4.4,66.006600660066,0.8,0.7519412493690919,6.007343828863518,-24.9660957798237,-24.967053579398225,0.003836401105612184,0.00038592332469540065,-24.957616638073716,-24.953050593063466,0.0004694193730098984,0.0004694193730098984,0.0002618416985111033,cCL,0.0011158054980030863,2.9938547751583227,0.5094572355375686,0.0017153609047601834,1.2238169796361881e-06,288407.8126349874,2.7583418548104466e-05,5.601997364626523e-06,5.0227965908093e-06,0.1820947821260707,215.52207618280238,-12.331077727809303,-13.928400849379393,5.6740845887061875,1.336617990767286e-18,-1.6940658945086007e-21,6.841404864843526e-08,0.0,1,0,0.0,0.0,3.131042686763959e-08,8.469572324206307e-09,0.0,0.0,2.3015819174399354e-12,6.594379060359935e-13,5.022798892391219e-06,1.919176552002473e-06,0.0,0.0
-25.0,4.6,66.006600660066,0.801,0.7519329218702135,6.125727606714919,-24.9647695179154,-24.965644635796764,0.003505411418823451,0.0003526067524905087,-24.95611652843934,-24.95148644320895,0.0005099523376175425,0.0005099523376175425,0.00027375389213871295,cCL,0.0012121519791241798,2.9937260672305963,0.5094641372412889,0.0017154016749431125,1.223863190701619e-06,288398.7532768602,2.8814821161859114e-05,5.856630647803489e-06,5.417926672136656e-06,0.1880256914211955,225.13346930615978,-12.835845483071898,-14.560748544512888,6.19941126791841,1.819426770702237e-18,-1.6940658945086007e-21,7.171323890275971e-08,0.0,1,0,0.0,0.0,3.300447707087136e-08,8.470251016158877e-09,0.0,0.0,2.4334826477521966e-12,6.595036515613084e-13,5.417929105619305e-06,1.9756510661404357e-06,0.0,0.0
-25.0,4.8,66.006600660066,0.8,0.7519238865973789,6.009514175327649,-24.9634469494401,-24.96424316911535,0.00318954220088532,0.0003208149939879327,-24.954690306538538,-24.950046060187788,0.0005518375499843137,0.0005518375499843137,0.00028565695479677747,cCL,0.0013117127406330252,2.9936130236177325,0.5094718609760839,0.0017154358061439877,1.2239085345581497e-06,288389.7508237487,3.0046223775613762e-05,6.111253374891356e-06,5.824394926509356e-06,0.19384781828179604,234.7449788446069,-13.336804431767785,-15.193069667464849,6.747141596576557,2.40896170199123e-18,-3.3881317890172014e-21,7.705892723919305e-08,3.552713678800501e-15,1,0,0.0,0.0,3.469859932361538e-08,8.470611263720115e-09,0.0,0.0,2.565390969498093e-12,6.595416087294811e-13,5.824397491900328e-06,2.0323419314051144e-06,0.0,0.0
-25.0,5.0,66.006600660066,0.8,0.7519144920567127,6.010688492910921,-24.9621280589219,-24.962844804568988,0.002871332305473811,0.0002887915680504037,-24.953268290534055,-24.94861049927968,0.0005950301310781067,0.0005950301310781067,0.000297561450709426,cCL,0.001414381105486348,2.993515579139213,0.5094799591874748,0.001715459214356713,1.2239535500742392e-06,288380.8204217006,3.127762638936844e-05,6.36586697957055e-06,6.2419174348378315e-06,0.19956493364085703,244.356610198627,-13.834052884084,-15.825367820623992,7.31723056960345,2.2014386299139266e-18,-2.541098841762901e-21,7.994136819178266e-08,5.329070518200751e-15,1,0,0.0,0.0,3.6392790582180435e-08,8.470956292825253e-09,0.0,0.0,2.697306585959039e-12,6.595780823047288e-13,6.24192013214442e-06,2.0876132012204573e-06,0.0,0.0
-25.0,5.2,72.6072607260726,0.801,0.7476598587296472,6.659193666710711,-24.9607362991643,-24.96130528780901,0.0022795346975853057,0.0002292559461387792,-24.95083761761981,-24.945754298787335,0.000639520436306815,0.000639520436306815,0.00030963727815216415,cCL,0.0015201341485781197,2.993435541572668,0.5135604127761603,0.0018869692538977154,1.3464439827377365e-06,288367.0363924163,3.257059913381083e-05,6.620472871317422e-06,6.670873804843031e-06,0.20481274469151972,254.47929370239083,-14.32746789159837,-16.457646495357363,7.909984828973029,2.555498401866224e-18,0.0,8.253009475822637e-08,1.2434497875801753e-14,1,0,0.0,0.0,3.808712977832298e-08,8.471695980712708e-09,0.0,0.0,2.8292363394443576e-12,6.59648767426593e-13,6.67087663407937e-06,2.1447825096747483e-06,0.0,0.0
-25.0,5.4,66.006600660066,0.801,0.7518957790082301,6.130364668136069,-24.9593484385975,-24.959881148943452,0.0021343119082664567,0.00021463755487942363,-24.950120177362606,-24.94533285098572,0.0006853596423955546,0.0006853596423955546,0.00032207745033018356,cCL,0.0016290935165095188,2.9933768733647534,0.509495773553147,0.0017154557397897029,1.2240483224239118e-06,288362.3267220763,3.386357187825322e-05,6.875072021072232e-06,7.112575387239168e-06,0.2100361832121667,264.602097136319,-14.816614077123843,-17.089907800410984,8.526716733361846,2.360680823997735e-18,0.0,8.113004668075519e-08,7.105427357601002e-15,1,0,0.0,0.0,3.9781609178799433e-08,8.472397002382267e-09,0.0,0.0,2.961179541713491e-12,6.597160113456669e-13,7.11257834841871e-06,2.208508571696696e-06,0.0,0.0
-25.0,5.6,62.7062706270627,0.801,0.7541627435023187,5.847347877363463,-24.9580790687409,-24.95857308911215,0.0019794006176865244,0.00019904772459784288,-24.94935546588593,-24.94486090903419,0.000732364649748665,0.000732364649748665,0.0003343363025429991,cCL,0.0017408239832390421,2.9933322542895477,0.5073142125182589,0.001629698636905298,1.1628665789934807e-06,288356.1210764783,3.5064189426664006e-05,7.1296666875727294e-06,7.564274912491711e-06,0.21572650148700082,273.95939751598155,-15.302413613604356,-17.722158022562652,9.166072547610836,3.2136430018828155e-18,1.6940658945086007e-21,8.753172764386363e-08,3.552713678800501e-15,1,0,0.0,0.0,4.147598762454654e-08,8.47189222873557e-09,0.0,0.0,3.093115030020113e-12,6.596774415331124e-13,7.564278005606739e-06,2.2584982859401563e-06,0.0,0.0
-25.0,5.8,66.006600660066,0.801,0.7518733542404241,6.133164264616219,-24.9568132021896,-24.95720346739452,0.001563762174917193,0.00015724251336460306,-24.947603817879184,-24.94294450923161,0.0007803961141195625,0.0007803961141195625,0.00034637614369947524,cCL,0.0018549943287843177,2.9932985230720464,0.5095160960814054,0.0017154351993038264,1.2241314217859729e-06,288345.526604267,3.626480697507479e-05,7.384258909488205e-06,8.024413146153705e-06,0.22127273837880823,283.31684399563613,-15.785392015062587,-18.354402180499097,9.826740101613785,3.5101045334218206e-18,3.3881317890172014e-21,9.184872773460029e-08,5.329070518200751e-15,1,0,0.0,0.0,4.3170398993895295e-08,8.47205684674376e-09,0.0,0.0,3.225054252932722e-12,6.596961145630435e-13,8.024416371207955e-06,2.3006918280060765e-06,0.0,0.0
-25.0,6.0,66.006600660066,0.802,0.7518626841790413,6.25153563852353,-24.9555127513403,-24.95581642622423,0.0012168649346400338,0.00012235359749406457,-24.94613208934979,-24.94141214257732,0.0008294550746059009,0.0008294550746059009,0.00035848904476524964,cCL,0.0019716070230708363,2.993279147314327,0.5095254451067123,0.0017154008138762084,1.2241749527396659e-06,288337.06385184726,3.7496209588829495e-05,7.638849290045258e-06,8.493900241910953e-06,0.22652690325374575,292.9291499604942,-16.2652470764254,-18.986641420638342,10.509226076200404,3.850611778218049e-18,1.6940658945086007e-21,9.101515452414333e-08,3.552713678800501e-15,1,0,0.0,0.0,4.486495358881206e-08,8.472772974583825e-09,0.0,0.0,3.3570066092048684e-12,6.597617813607318e-13,8.493903598917561e-06,2.3474361385480275e-06,0.0,0.0
-25.0,6.2,72.6072607260726,0.797,0.7476064018286961,6.197440172058212,-24.9541394625192,-24.954292640017286,0.000613836026342704,6.171637905363562e-05,-24.943721325202432,-24.938578123573137,0.0008795424222864485,0.0008795424222864485,0.0003708438967032915,cCL,0.00209066418418457,2.993276676631953,0.5136076326662197,0.0018868464092744483,1.3466851710550898e-06,288323.7628440095,3.8789182333271885e-05,7.89343880237473e-06,8.97345692147e-06,0.23133916163458054,303.052563971805,-16.741740915824618,-19.618878247912257,11.214128381491307,3.723556836129904e-18,0.0,8.973847442916849e-08,0.0,1,0,0.0,0.0,4.65596697925019e-08,8.473581018449172e-09,0.0,0.0,3.488973400014447e-12,6.598339540478932e-13,8.9734604104434e-06,2.397784057629191e-06,0.0,0.0
-25.0,6.4,122.112211221122,0.765,0.7240972456613649,5.346765273024197,-24.9521054808169,-24.951639544065216,0.001867324390891952,0.0001877279227476966,-24.93427498451453,-24.925691141755493,0.0009310273820737556,0.0009310273820737556,0.0003849529779918296,cCL,0.0022130434563198374,2.9933113176624007,0.5358187896333414,0.003172567179498504,2.2655479206754693e-06,288277.8813221399,4.060550118856002e-05,8.148028705675798e-06,9.470026682646402e-06,0.23322028802625486,317.5804682363453,-17.2125614125247,-20.251115217711202,11.945814620297835,3.5016342039492776e-18,1.6940658945086007e-21,9.186593175058988e-08,3.552713678800501e-15,1,0,0.0,0.0,4.8255217445066465e-08,8.477738262822828e-09,0.0,0.0,3.621012669296572e-12,6.601963464106235e-13,9.47003030365907e-06,2.482849466078349e-06,0.0,0.0
-25.0,6.6,174.917491749175,0.739,0.7073767821400189,4.279190508793115,-24.9488051436863,-24.947542750713154,0.0050599335955196605,0.0005086167993175589,-24.921801657804934,-24.908777885739482,0.0009852209837999558,0.0009852209837999558,0.00040445632220826406,cCL,0.002341861145234028,2.993443961608099,0.5511530082722536,0.004542939813402745,3.2463683855911815e-06,288223.6124632941,4.337615706950802e-05,8.40261910050369e-06,1.0005945126834146e-05,0.23067846030712547,340.30960727592833,-17.67025764605606,-20.88334986760946,12.720911993726842,5.061868892791699e-18,5.082197683525802e-21,9.47463849598762e-08,3.552713678800501e-15,1,0,0.0,0.0,4.9952675885180594e-08,8.487292200570678e-09,0.0,0.0,3.753218208452707e-12,6.610276957806788e-13,1.000594888005235e-05,2.6795928819664083e-06,0.0,0.0
-25.0,6.8,224.422442244224,0.717,0.6954558886460802,3.00475751100694,-24.9441735627157,-24.942094890399858,0.008333297996891881,0.0008374792589199162,-24.908139431987422,-24.890766045103902,0.0010436318829860735,0.0010436318829860735,0.0004320666345271952,cCL,0.0024807033111149835,2.9937380340377704,0.561773713357743,0.005826319846661612,4.166646957559342e-06,288165.4683142643,4.7101149976115886e-05,8.657215489078264e-06,1.060539623260225e-05,0.22516215077508825,371.42016093569754,-18.106775098079883,-21.515594895681712,13.561110637331758,5.231275482242559e-18,1.6940658945086007e-21,1.0050605325773176e-07,7.105427357601002e-15,1,0,0.0,0.0,5.1652268629512045e-08,8.497963721657246e-09,0.0,0.0,3.88560820311411e-12,6.619499733070123e-13,1.0605400118210451e-05,2.997256190790505e-06,0.0,0.0
-25.0,7.0,306.930693069307,0.698,0.6799656936114707,2.5837115169812623,-24.9377337624151,-24.934514976280354,0.012907292079589192,0.0012967876985032934,-24.887495544712777,-24.863311940801083,0.0011077921273407046,0.0011077921273407046,0.00047034358400018596,cCL,0.002633211617163548,2.9942651306940435,0.5751012399923983,0.007963327530754006,5.701663815387037e-06,288077.9953224411,5.205754549647842e-05,8.911833135583844e-06,1.1291485991647391e-05,0.21690392591427954,413.55843428670755,-18.514444428047053,-22.147887752109988,14.489857762641169,4.936508016598062e-18,-3.3881317890172014e-21,1.0452758658630046e-07,1.0658141036401503e-14,1,0,0.0,0.0,5.33545428749061e-08,8.511371226970257e-09,0.0,0.0,4.0182253534342835e-12,6.630857516008678e-13,1.1291490009872748e-05,3.4304494583114805e-06,0.0,0.0
-25.0,7.2,363.036303630363,0.682,0.6713680155788163,1.5589419972410172,-24.9292996921439,-24.92522329184669,0.016351844406174217,0.0016422483266514344,-24.867934619844334,-24.83829073679607,0.0011795759378346417,0.0011795759378346417,0.0005225577495483069,cCL,0.0028038410692527733,2.99513244139812,0.5822264598840832,0.009412611984971666,6.747039292399832e-06,288000.9369467508,5.830691376128335e-05,9.166494002854374e-06,1.2093619863713263e-05,0.20741313651458612,467.46071372454827,-18.883510118795993,-22.78028049994311,15.538442722072686,5.017823179534475e-18,-6.776263578034403e-21,1.1089717055767778e-07,1.0658141036401503e-14,1,0,0.0,0.0,5.506033103094559e-08,8.528940780197444e-09,0.0,0.0,4.151124111377108e-12,6.644937897141203e-13,1.209362401483738e-05,4.010670024823161e-06,0.0,0.0
-25.0,7.4,386.138613861386,0.666,0.6681521940728952,0.32315226319746704,-24.9197055043265,-24.915203174661656,0.018067347000001753,0.0018137712296529057,-24.85290886168758,-24.82062156640734,0.001259970955027228,0.001259970955027228,0.0005889982804522704,cCL,0.0029949392798365297,2.996431631020403,0.584834023745576,0.010004669646762679,7.178638704235406e-06,287943.19992466184,6.529512359434108e-05,9.421227518008904e-06,1.3028416441081597e-05,0.19953123179646953,528.1639679944369,-19.208500776295722,-23.41284583668121,16.732268880788254,5.209252625613947e-18,-1.0164395367051604e-20,1.1879329520070314e-07,1.4210854715202004e-14,1,0,0.0,0.0,5.6769581513907496e-08,8.546252414809526e-09,0.0,0.0,4.284229832300734e-12,6.655286046181317e-13,1.302842072531144e-05,4.673983552370291e-06,0.0,0.0
-25.0,7.6,438.943894389439,0.652,0.6613367196871409,1.4320122219541245,-24.9089823155497,-24.90386791671338,0.02053234761472631,0.002060255345400049,-24.83288538329745,-24.796189707255763,0.001348935070476343,0.001348935070476343,0.0006689727416324409,cCL,0.0032064061575382526,2.9982331732856573,0.5902699852742599,0.011361598547844914,8.164083143833618e-06,287865.32904435945,7.299138993030771e-05,9.676077136079086e-06,1.4100510940217328e-05,0.19318046900710506,595.4401138485238,-19.487980311518598,-24.045687177583392,18.086588547465215,5.888573049311896e-18,-1.0164395367051604e-20,1.1745050088052267e-07,1.0658141036401503e-14,1,0,0.0,0.0,5.848501592198863e-08,8.577172040405711e-09,0.0,0.0,4.417514699672052e-12,6.664243368565919e-13,1.4100515357732037e-05,5.360473162103004e-06,0.0,0.0
-25.0,7.8,491.749174917492,0.64,0.6551538731785022,2.3677926841409596,-24.8966369295883,-24.890994733639843,0.022662482344159268,0.0022727571053517202,-24.810529782919133,-24.768928840258724,0.001446521024227691,0.001446521024227691,0.0007640982746660013,cCL,0.0034383670649576676,3.000636880434713,0.5950766215081528,0.012712681635436743,9.150574456476862e-06,287786.42477928125,8.167277835727811e-05,9.931102837694468e-06,1.5322297158851592e-05,0.18760592534055964,671.9298766695069,-19.717966742306995,-24.678926756473082,19.622066532741588,5.571782727038788e-18,-1.3552527156068805e-20,1.2150648842634837e-07,1.7763568394002505e-14,1,0,0.0,0.0,6.021877615970977e-08,8.668801188605677e-09,0.0,0.0,4.551051020099193e-12,6.676816021357042e-13,1.5322301709902626e-05,6.108931760852942e-06,0.0,0.0
-25.0,8.0,541.254125412541,0.627,0.6498178085513355,3.6392039156834968,-24.8826915344138,-24.876701082402747,0.02407477504099556,0.0024129040783012886,-24.787122823265065,-24.74082417778294,0.0015526006628237212,0.0015526006628237212,0.0008758313727756281,cCL,0.0036905173825141934,3.0037367153274332,0.5991277715204794,0.013971749245571593,1.0076461301901214e-05,287709.75523960666,9.130850380990837e-05,1.0186396318439043e-05,1.6707792051210807e-05,0.1829817744686093,757.4200303220787,-19.894021042871746,-25.31269973340285,21.362258388934862,4.823005601665986e-18,-1.6940658945086007e-20,1.2788661152285385e-07,1.4210854715202004e-14,1,0,0.0,0.0,6.201161024924669e-08,8.964170447684573e-09,0.0,0.0,4.684851889228168e-12,6.69004345644873e-13,1.6707796736062712e-05,6.927475130800424e-06,0.0,0.0
-25.0,8.2,600.660066006601,0.616,0.6438876451250288,4.527215117699487,-24.8670092636456,-24.860749620760686,0.02517247980465678,0.002521172661223612,-24.760527517068113,-24.70877521347552,0.0016668545598156528,0.0016668545598156528,0.0010055007051185893,cCL,0.0039620978365002444,3.007589548500753,0.6035228095265106,0.015477388807496321,1.1188230045825556e-05,287626.8239802866,0.00010196013641888619,1.0442143580526321e-05,1.8269707983889705e-05,0.17918481306097572,852.5684869915722,-20.012392026210982,-25.947160257668326,23.33052687321842,4.548566926755593e-18,-1.6940658945086007e-20,1.2459932108299654e-07,3.552713678800501e-15,1,0,0.0,0.0,6.39977218521061e-08,9.930558014297113e-09,0.0,0.0,4.818935202635839e-12,6.704165670383566e-13,1.8269712802824924e-05,7.809580333811086e-06,0.0,0.0
-25.0,8.4,646.864686468647,0.606,0.6395865702973177,5.5423383328907105,-24.8496233679612,-24.843404109470924,0.0250275764673946,0.0025047317988939216,-24.734188617288225,-24.677812861290903,0.001789057649499858,0.001789057649499858,0.0011544730112592562,cCL,0.004252573447824716,3.0122090488656625,0.6066388054872456,0.016634091997948484,1.2054449137526878e-05,287552.5564967149,0.00011359689111886781,1.0698751377977654e-05,2.002182566648968e-05,0.17625328888216527,957.1493919247439,-20.069515005453482,-26.582452136104937,25.55216702640029,4.4011831939333446e-18,-1.3552527156068805e-20,1.2323574338779508e-07,0.0,1,0,0.0,0.0,6.653259699876082e-08,1.2674375733273504e-08,0.0,0.0,4.967677041761544e-12,7.437091956285212e-13,2.0021830634166734e-05,8.760589156709005e-06,0.0,0.0
-25.0,8.6,706.270627062706,0.595,0.6343732054473395,6.617345453334384,-24.8305172389075,-24.824413481033645,0.024581678324008188,0.002458026170958181,-24.704397280598386,-24.6425338125741,0.0019189443217815581,0.0019189443217815581,0.0013233161249397865,cCL,0.004561312863754594,3.0175556556690637,0.6103347575840697,0.01811913069070465,1.316854272889623e-05,287468.96503893926,0.00012621876790985305,1.0956071581332755e-05,2.1974372819717857e-05,0.17409750692077913,1071.230172223519,-20.061454271004457,-27.21878298472085,28.05047354957717,4.587530442329291e-18,-1.0164395367051604e-20,1.251589765161043e-07,-7.105427357601002e-15,1,0,0.0,0.0,6.932363795096451e-08,1.3955204761018529e-08,0.0,0.0,5.185625627535245e-12,1.089742928868511e-12,2.1974378005343495e-05,9.762736855883834e-06,0.0,0.0
-25.0,8.8,785.478547854785,0.586,0.6278886491906238,7.148233650277108,-24.8090830422651,-24.803164178648842,0.02385764764532151,0.002383362229940606,-24.668847547683242,-24.59967196593115,0.0020566513442170664,0.0020566513442170664,0.0015136492940311913,cCL,0.004888641179503366,3.023583399184296,0.6148014169937939,0.020097654140438324,1.4654994028438445e-05,287369.43296785577,0.0001401336174452807,1.121390634437741e-05,2.4142482340225514e-05,0.17228187483030372,1197.8745438519068,-19.982769630124306,-27.85638231578002,30.852739384678202,4.387630666777276e-18,-1.3552527156068805e-20,1.2388479930791618e-07,-3.552713678800501e-15,1,0,0.0,0.0,7.212236496088288e-08,1.3993635049591784e-08,0.0,0.0,5.404256524823148e-12,1.0931544864395108e-12,2.414248774448205e-05,1.0840548695692724e-05,0.0,0.0
-25.0,9.0,828.382838283829,0.576,0.6246024727908527,8.437929303967486,-24.7856011553827,-24.780486793155717,0.020634408642828787,0.002059217122411746,-24.63686503934977,-24.562886768096234,0.0022025209311031945,0.0022025209311031945,0.0017269155320397884,cCL,0.005235371835282135,3.0302526963768437,0.6170144668382663,0.021137212488698747,1.5463176477403526e-05,287290.67439470557,0.0001551875143984314,1.1472324186044696e-05,2.6545063288393546e-05,0.1710515397536508,1335.6621078527533,-19.82732294105202,-28.495418966188666,33.99152691798865,4.7027269231558755e-18,-1.3552527156068805e-20,1.246841776492147e-07,-7.105427357601002e-15,1,0,0.0,0.0,7.492921153957307e-08,1.4034232893450984e-08,0.0,0.0,5.623609002325653e-12,1.0967623875125267e-12,2.6545068912002563e-05,1.2012905837602604e-05,0.0,0.0
-25.0,9.2,881.188118811881,0.567,0.6207074518790545,9.472213735282994,-24.760557849607,-24.756364615388236,0.01693513629310589,0.0016881692645476399,-24.60268706681697,-24.523673769016796,0.0023562830504313148,0.0023562830504313148,0.001962225738367776,cCL,0.005600862967509662,3.037486184188343,0.6195935183508244,0.02241735367341008,1.6457962743522695e-05,287203.9079330215,0.00017113417824655419,1.1731381331788002e-05,2.9190340336166113e-05,0.17056990389208745,1482.2367869601958,-19.592511180120443,-29.13603602095146,37.49113218598141,4.645128682742583e-18,-1.3552527156068805e-20,1.2277978811425783e-07,-1.4210854715202004e-14,1,0,0.0,0.0,7.774323452376272e-08,1.4070114920948278e-08,0.0,0.0,5.843601831573279e-12,1.0999641462381335e-12,2.9190346179767957e-05,1.3226386338827017e-05,0.0,0.0
-25.0,9.4,917.491749174918,0.559,0.6181525910859454,10.581858870473235,-24.7340827000465,-24.731108501318545,0.0120246979199654,0.0011972657631128252,-24.569647660026106,-24.486736395702337,0.002517625114392981,0.002517625114392981,0.00221908687831205,cCL,0.00598437155786304,3.045206802018138,0.621264439462181,0.02326766998295324,1.714428928287052e-05,287126.37945451034,0.00018791203885896155,1.1991132583458498e-05,3.208692039540428e-05,0.17075500106455285,1637.0278390016742,-19.275599762573307,-29.77836950082479,41.374094990680376,5.993605134771429e-18,-2.0328790734103208e-20,1.1727546223028185e-07,-3.197442310920451e-14,1,0,0.0,0.0,8.05646980028617e-08,1.4107317395494836e-08,0.0,0.0,6.064259281545273e-12,1.1032872498599638e-12,3.208692645966358e-05,1.4482901399478044e-05,0.0,0.0
-25.0,9.6,970.29702970297,0.551,0.6145299905127298,11.529943831711394,-24.7061837464223,-24.704398028076184,0.007227819417376945,0.0007187614379156532,-24.532909972684422,-24.44502381751124,0.002686106069988005,0.002686106069988005,0.0024966117989245916,cCL,0.006384849227449501,3.053344417058639,0.6235927601651322,0.024523897075290794,1.8141398367038926e-05,287036.6913977647,0.0002055210962356532,1.2251622910641808e-05,3.523900186409645e-05,0.17146172587407255,1800.0733009448093,-18.875301050626312,-30.422532439392672,45.65996148448124,6.2849844686269085e-18,-3.3881317890172014e-20,1.1988832682163775e-07,-3.552713678800501e-14,1,0,0.0,0.0,8.339356765904104e-08,1.4144348280896771e-08,0.0,0.0,6.285579437023502e-12,1.1066007773911477e-12,3.523900814967592e-05,1.5760408450061752e-05,0.0,0.0
-25.0,9.8,1019.80198019802,0.544,0.6112684990517342,12.365532913921719,-24.6766182570565,-24.676191690027082,0.0017286283921669158,0.00017167514138775056,-24.49471963336663,-24.401826183365273,0.0028615647216718105,0.0028615647216718105,0.0027950586988884436,cCL,0.006801912815953911,3.0618568787112475,0.6256539791614627,0.0256848200979545,1.9077928909109995e-05,286946.8550314557,0.00022408449063800482,1.2512897753749738e-05,3.86552553322064e-05,0.17250303768078118,1972.6387949806049,-18.388836126315315,-31.068636152129617,50.37149075796452,6.154541394749746e-18,-4.0657581468206416e-20,1.1863983218063368e-07,-3.197442310920451e-14,1,0,0.0,0.0,8.623075356149173e-08,1.4185929512253342e-08,0.0,0.0,6.507642401863996e-12,1.1103148242024675e-12,3.865526183984884e-05,1.7081268450864522e-05,0.0,0.0
-25.0,10.0,1079.20792079208,0.537,0.6074819741741315,13.125134855517967,-24.6452668796771,-24.64627035744701,0.004071685548421496,0.00040380630071293273,-24.45324478601441,-24.354565836255716,0.0031146989611215412,0.003043938717380942,0.0031146989611215412,PEM,0.007235414113099458,3.070716245022371,0.6280005501630563,0.02708169514797819,2.0202170355529407e-05,286847.9451866019,0.00024366379219670388,1.277499637403842e-05,4.2345661389598113e-05,0.17378725418265462,2155.389373851262,-17.812973880066508,-31.716777613112,55.53286860987971,6.247715018947719e-18,-4.0657581468206416e-20,1.206980186907458e-07,-3.552713678800501e-14,1,0,0.0,0.0,8.907683212167073e-08,1.4230392800895096e-08,0.0,0.0,6.730488096343095e-12,1.1142284723954963e-12,4.234566812008625e-05,1.8452031401187093e-05,0.0,0.0
-25.0,10.2,1125.41254125413,0.53,0.6046628482000977,14.087329849075042,-24.612201248928,-24.61491523442851,0.011026992153445915,0.0010919809840385102,-24.412108982079474,-24.30852246561861,0.0034560031302782357,0.0032332892784143878,0.0034560031302782357,PEM,0.007685498641346298,3.079907368862487,0.6297234465815501,0.02813606790692145,2.107956805644246e-05,286754.83728153084,0.0002642282158464067,1.30379570733144e-05,4.632183459777833e-05,0.17530994730973307,2348.0599422516434,-17.14393551213053,-32.36704775547665,61.170263376553805,6.230774360002633e-18,-3.3881317890172014e-20,1.210594007261534e-07,-1.7763568394002505e-14,1,0,0.0,0.0,9.193375723224571e-08,1.4284625552874948e-08,0.0,0.0,6.954156844169179e-12,1.1183437391304271e-12,4.6321841551935206e-05,1.9880867159244858e-05,0.0,0.0
-25.0,10.4,1184.81848184818,0.525,0.6011248655225173,14.499974385241387,-24.5774298614072,-24.58186761790796,0.018056226895101276,0.001785296140393032,-24.367426583110216,-24.258048777693716,0.0038188887138220044,0.003429577986632202,0.0038188887138220044,PEM,0.008152075081131928,3.089413238411887,0.63184503398751,0.02950652174749304,2.2207164552558194e-05,286650.6505304246,0.00028577776158711344,1.3301822637686829e-05,5.059252647347895e-05,0.17703451168665152,2550.6967052958926,-16.378912892226573,-33.01952543377145,67.30767134632063,5.803869754586466e-18,-3.3881317890172014e-20,1.2266434623597888e-07,-7.105427357601002e-15,1,0,0.0,0.0,9.481453734709929e-08,1.4403900574267783e-08,0.0,0.0,7.1786559835654e-12,1.1224956969810954e-12,5.0592533652134966e-05,2.1353460500998686e-05,0.0,0.0
-25.0,10.6,1234.32343234323,0.519,0.5982930559587963,15.278045464122606,-24.5408981444579,-24.54728687177422,0.026032980857968787,0.002569788180978428,-24.322391456655737,-24.207727201830238,0.004203868365420473,0.0036329114201242335,0.004203868365420473,PEM,0.00863539676758791,3.099229002496578,0.6335194765266973,0.030618232382038913,2.3149870412050783e-05,286550.1278698577,0.0003083432144841675,1.3566702508011394e-05,5.516861813572781e-05,0.1789195141784466,2763.6543602842607,-15.51457315242123,-33.67429075941158,73.97125178329678,5.946171289725188e-18,-3.3881317890172014e-20,1.2306234964398755e-07,-1.7763568394002505e-15,1,0,0.0,0.0,9.780595719204227e-08,1.495709922471499e-08,0.0,0.0,7.404043338341309e-12,1.1269367738795501e-12,5.5168625539771184e-05,2.288045943818117e-05,0.0,0.0
-25.0,10.8,1306.93069306931,0.512,0.5942197681933178,16.05854847525738,-24.502356050682,-24.51063065203624,0.03377063551409322,0.0033278422521179417,-24.27172007752526,-24.150042016140418,0.0046113400445305635,0.0038433534828978197,0.0046113400445305635,PEM,0.009135615599947277,3.1093499368871305,0.6358721639614762,0.03228633777889495,2.4530553208133668e-05,286431.89351790736,0.0003320477147989449,1.3833018931489066e-05,6.006041374494041e-05,0.1808788648983988,2988.243132590667,-14.54861666766148,-34.33139104970164,81.18702586994434,5.310896579284463e-18,-5.421010862427522e-20,1.206296786904204e-07,-7.105427357601002e-15,1,0,0.0,0.0,1.0134422359270367e-07,1.769133200330688e-08,0.0,0.0,7.633716086815583e-12,1.1483637423713639e-12,6.0060421378656554e-05,2.4458979194426723e-05,0.0,0.0
-25.0,11.0,1336.63366336634,0.51,0.5926845586108392,16.212658551144948,-24.4622045349604,-24.47289461217582,0.04370038358621396,0.004298593421294262,-24.22624895509341,-24.10034383615539,0.005041934740058543,0.0040610318841211605,0.005041934740058543,PEM,0.009653035141718945,3.1197760959414502,0.6367630352395363,0.032886042814605686,2.5102551953450604e-05,286339.06303069834,0.000356706552139382,1.410082765191389e-05,6.528097633212761e-05,0.18301030900777868,3222.6074071109338,-13.476570873869465,-34.99089689758245,88.98455743386207,5.9800526076153604e-18,0.0,1.248817937948843e-07,1.9539925233402755e-14,1,0,0.0,0.0,1.0535512367872078e-07,2.0054500430085634e-08,0.0,0.0,7.948595197644681e-12,1.574395554145499e-12,6.52809842807228e-05,2.6102814510331332e-05,0.0,0.0
-25.0,11.2,1382.83828382838,0.506,0.5902660657787919,16.653372683555716,-24.420975736585,-24.433935999228623,0.053070208100686515,0.005210595217829638,-24.177937800936917,-24.047358587273322,0.0054940123404554056,0.004285489285891169,0.0054940123404554056,PEM,0.01018656830494692,3.1304748208899897,0.6381416311130302,0.033878056280397834,2.5987376890002016e-05,286235.1645939603,0.00038207344598272793,1.436965159072286e-05,7.08323993506431e-05,0.18538948491553942,3464.2411719727565,-12.296687979979508,-35.652905166867185,97.38329927888869,6.122354142754083e-18,-2.710505431213761e-20,1.2269093474515103e-07,-1.7763568394002505e-15,1,0,0.0,0.0,1.093802298489603e-07,2.0125530851197702e-08,0.0,0.0,8.264745785393894e-12,1.5807529387460674e-12,7.083240761538891e-05,2.7757116673330653e-05,0.0,0.0
-25.0,11.4,1445.54455445545,0.502,0.5870244667794572,16.9371447767843,-24.3780235322533,-24.393130330938078,0.06196892321803429,0.0060725484032704054,-24.124616864719286,-23.987757405116156,0.005967772686498015,0.004516489884147862,0.005967772686498015,PEM,0.010735654585566584,3.14143008788129,0.6399487536935343,0.03525851525916184,2.718634103303091e-05,286119.01144372224,0.0004084562469824218,1.4639528032581731e-05,7.671955693553638e-05,0.18782809052945654,3716.354595042488,-11.007436153899878,-36.31750514307945,106.40439023703244,6.1748701854838495e-18,-4.0657581468206416e-20,1.2005294536265865e-07,0.0,1,0,0.0,0.0,1.1342149946433043e-07,2.020634807685051e-08,0.0,0.0,8.582341819484497e-12,1.5879801704530063e-12,7.671956551787824e-05,2.9435789512446453e-05,0.0,0.0
-25.0,11.6,1498.3498349835,0.499,0.5843979871631713,17.113825082799853,-24.3332268849088,-24.350668695814818,0.07167898852262347,0.007009901578439782,-24.07075546111193,-23.928017474798253,0.006464164010435103,0.004754036907607194,0.006464164010435103,PEM,0.011300301658205832,3.1526344906888912,0.6413947886485841,0.036385013169402,2.8199899695110315e-05,286006.88330101065,0.00043591652526915077,1.4910494101554936e-05,8.295504246152278e-05,0.19030029295242548,3979.625789891922,-9.604706468268263,-36.98478576148682,116.07548091500199,6.329030181884132e-18,-6.776263578034403e-20,1.1852232262299367e-07,-8.881784197001252e-15,1,0,0.0,0.0,1.1748024727698766e-07,2.0293739063286235e-08,0.0,0.0,8.901501194480203e-12,1.5957968749785369e-12,8.295505136302404e-05,3.1177429225729154e-05,0.0,0.0
-25.0,11.8,1554.45544554455,0.496,0.5816682334263803,17.27182125531861,-24.2867261926526,-24.306548694402352,0.08161866524335211,0.007965217786653342,-24.01488206668546,-23.866173595305014,0.006983325496229882,0.004997983913565499,0.006983325496229882,PEM,0.011880161429915615,3.1640680829859877,0.6428757115048437,0.03757796279117172,2.927791834414976e-05,285890.6162365854,0.0004643927107122275,1.5182575809950398e-05,8.955062870404445e-05,0.192833837909951,4253.454741542424,-8.08463654145592,-37.65481186641485,126.4231471725282,6.478107980600889e-18,-5.421010862427522e-20,1.1426512003254174e-07,-1.5987211554602254e-14,1,0,0.0,0.0,1.2155654205185328e-07,2.0381473874327983e-08,0.0,0.0,9.222232267003115e-12,1.6036553626145522e-12,8.955063792627678e-05,3.29779328162635e-05,0.0,0.0
-25.0,12.0,1594.05940594059,0.493,0.5798389149291371,17.614384366964927,-24.2387931247637,-24.26118476555871,0.0923793551921284,0.008995834730026518,-23.96034606671202,-23.806856665991575,0.007525112333138661,0.005248131313550718,0.007525112333138661,PEM,0.01247475948074808,3.1757135902124762,0.6438683935435574,0.038361252617387355,3.004441936052145e-05,285783.2018100243,0.0004937616630502758,1.545579579986548e-05,9.651425387191855e-05,0.19546728937133234,4536.583784074363,-6.4446341948418375,-38.32763911252991,137.47286788965917,6.80336863234654e-18,-6.776263578034403e-20,1.189578711091599e-07,-1.9539925233402755e-14,1,0,0.0,0.0,1.2565052504645043e-07,2.0469914972985816e-08,0.0,0.0,9.544547134052722e-12,1.6115743352480382e-12,9.651426341646576e-05,3.4818127450945e-05,0.0,0.0
-25.0,12.2,1679.86798679868,0.491,0.5757682270477896,17.264404694050842,-24.1888437255502,-24.213411736593827,0.10156752973552066,0.009868210531824307,-23.896129885278327,-23.734574792914998,0.008089563545660969,0.005504280378557984,0.008089563545660969,PEM,0.013083623433700935,3.187556273681249,0.6459985187251753,0.040236145173893324,3.169114683088481e-05,285643.8066079784,0.0005243004478713913,1.5730182243589177e-05,0.00010385194258573304,0.19807715787266975,4831.964005915547,-4.682762208589326,-39.003335648974335,149.2482279347565,6.498436771334992e-18,-8.131516293641283e-20,1.2225845580360328e-07,-4.440892098500626e-14,1,0,0.0,0.0,1.2976397394003794e-07,2.0567244467937614e-08,0.0,0.0,9.868546168455096e-12,1.619995172011875e-12,0.00010385195245427928,3.668844518906777e-05,0.0,0.0
-25.0,12.4,1722.77227722772,0.489,0.5738879479826124,17.359498564951423,-24.136822357349,-24.164088776281375,0.11296606706836146,0.010949789561540033,-23.836171083232614,-23.668926056540073,0.008678375137404151,0.005766650451092311,0.008678375137404151,PEM,0.013707274663875233,3.1996040248836013,0.6469809635367514,0.041074997884205204,3.252475552269101e-05,285528.38697794604,0.000556039850240918,1.6005786060275915e-05,0.00011157870531577346,0.20066674226214046,5139.960851264442,-2.794142133151998,-39.682001294098406,161.78326745690057,7.247213896707794e-18,-9.486769009248164e-20,1.219825094267435e-07,-4.75175454539567e-14,1,0,0.0,0.0,1.3390857853768345e-07,2.072302298822748e-08,0.0,0.0,1.0194420557661255e-11,1.6293719460307872e-12,0.00011157871551019411,3.8633815279573934e-05,0.0,0.0
-25.0,12.6,1778.87788778878,0.487,0.5714168110242218,17.334047438238567,-24.0833346389909,-24.113204327340412,0.12402638088643847,0.01199264795480193,-23.773537240178086,-23.60041298950236,0.00929054465679516,0.006035017775454543,0.00929054465679516,PEM,0.014345181306048354,3.211837664713758,0.6482518724764025,0.04221341885595782,3.361138138690793e-05,285402.62418948294,0.0005887028045707603,1.628269104658958e-05,0.00011970168529414056,0.20333126386482636,5457.6838224312605,-0.7766314638170368,-40.36364462281983,175.10406955117745,6.935505772118211e-18,-9.486769009248164e-20,1.2134165672250674e-07,-5.3734794391857577e-14,1,0,0.0,0.0,1.3817710002699338e-07,2.134260744654969e-08,0.0,0.0,1.0522021998899577e-11,1.6380072061916177e-12,0.00011970169581616266,4.061490152984289e-05,0.0,0.0
-25.0,12.8,1838.28382838284,0.485,0.5688514509726914,17.28895896344153,-24.0280913521115,-24.060505845360126,0.13490248881452888,0.01301149843647111,-23.70813526754381,-23.528591236866447,0.009926134307467926,0.006309261978157197,0.009926134307467926,PEM,0.014997057233556444,3.2242501375823176,0.6495505061248782,0.04341536396211131,3.476338289380993e-05,285272.40523997304,0.0006224432361876382,1.6561438873163877e-05,0.00012822700247745538,0.2060059376061736,5786.798567491669,1.3703809872999746,-41.04828523884015,189.2364690837143,7.413232354369637e-18,-5.421010862427522e-20,1.2138838201281033e-07,-2.7977620220553945e-14,1,0,0.0,0.0,1.431338513170853e-07,2.4783756450459513e-08,0.0,0.0,1.0868818507277918e-11,1.733982541891695e-12,0.00012822701334627395,4.2626587650556195e-05,0.0,0.0
-25.0,13.0,1864.68646864686,0.484,0.5678574453712721,17.325918465138876,-23.9720651514521,-24.00691593102141,0.14538079781248991,0.013986302435042446,-23.647239698417735,-23.463786184448992,0.010584652662200352,0.00658924152638591,0.010584652662200352,PEM,0.015662566024211812,3.236831215520832,0.6500723213038472,0.04382957811426195,3.528726395608193e-05,285161.5470791497,0.0006569840795034562,1.6841872214117893e-05,0.00013716132997133976,0.20877420663679597,6124.375946288049,3.6497746741965473,-41.735959964752304,204.2066163084103,7.741881137904305e-18,-2.710505431213761e-20,1.1567937008294393e-07,-2.398081733190338e-14,1,0,0.0,0.0,1.4850272283960292e-07,2.6844357612588164e-08,0.0,0.0,1.1292956427155552e-11,2.120689599388179e-12,0.0001371613412642962,4.467163959011148e-05,0.0,0.0
-25.0,13.2,1924.09240924092,0.483,0.5653825636541238,17.056431398369313,-23.9151078238034,-23.951732844023297,0.15314595480704343,0.014694981067901843,-23.58008614190169,-23.390805259068543,0.011264593633891188,0.006875340544307331,0.011264593633891188,PEM,0.01634262073759765,3.2495594982863745,0.6513092458987566,0.045001690011183815,3.644294476507884e-05,285028.71634773,0.0006923253345182148,1.71235657868075e-05,0.00014650415530310386,0.21161172067328038,6470.437017696337,6.062292014147864,-42.42672031077556,220.03232279733248,8.287370355936075e-18,-5.421010862427522e-20,1.1630177709776035e-07,-5.062616992290714e-14,1,0,0.0,0.0,1.5389783422378624e-07,2.6975556920916677e-08,0.0,0.0,1.1719453013238546e-11,2.132482930414977e-12,0.00014650416702255694,4.6714128791303794e-05,0.0,0.0
-25.0,13.4,1970.29702970297,0.482,0.5635531838789246,16.919747692722954,-23.8566678660219,-23.895052228397986,0.16089574030895842,0.015397267968425395,-23.51272568344831,-23.317972897022486,0.011966502902328114,0.007167259539504852,0.011966502902328114,PEM,0.01703650948301605,3.2624321147440773,0.652220479991257,0.04585440001786862,3.734864383534497e-05,284902.25024755433,0.0007286517116239776,1.7406553393494467e-05,0.00015626017964412984,0.21445112548472028,6826.97994452354,8.60941728144772,-43.120643185309774,236.737691541471,7.314976532488138e-18,-1.3552527156068805e-19,1.1730659821296285e-07,-6.927791673660977e-14,1,0,0.0,0.0,1.5932203644566268e-07,2.712101110938207e-08,0.0,0.0,1.214856401462348e-11,2.1455550069246584e-12,0.00015626019179269398,4.8780123850684934e-05,0.0,0.0
-25.0,13.6,2026.40264026403,0.482,0.5613238195935726,16.457223982069006,-23.7968930851244,-23.836740461258643,0.16744780922326616,0.01598030063762023,-23.44238147476281,-23.24163636139258,0.012690262618944601,0.007464238029799842,0.012690262618944601,PEM,0.017742424601378277,3.2754378266494326,0.6533114904088116,0.04692401982796747,3.844595990418807e-05,284767.54715146933,0.0007659324257554,1.7690850424819685e-05,0.00016643486897192924,0.2172970661318889,7193.702001271432,11.292935218721313,-43.817766853339336,254.34689074982697,8.165397611531455e-18,-1.3552527156068805e-19,1.2228292689542286e-07,-6.927791673660977e-14,1,0,0.0,0.0,1.6477550648121924e-07,2.7267350177782916e-08,0.0,0.0,1.2580308749536826e-11,2.158723674566739e-12,0.00016643488155223814,5.0873448797720984e-05,0.0,0.0
-25.0,13.8,2039.60396039604,0.487,0.5610020921445305,15.195501467049377,-23.7363164314894,-23.777919170313083,0.17527040871637756,0.01668021506616995,-23.378493727699862,-23.174946324501548,0.013435260172693137,0.007766043771612588,0.013435260172693137,PEM,0.01845981405184832,3.288562126247939,0.6535027496417252,0.046995077622264785,3.8722528635977853e-05,284658.89377160993,0.000803859626259044,1.797646251256784e-05,0.00017703254527303526,0.2202281834913133,7567.298119959215,14.114275490343333,-44.518104960968216,272.8829474295793,8.385626177817573e-18,-1.0842021724855044e-19,1.1880462125191116e-07,-6.217248937900877e-14,1,0,0.0,0.0,1.7025764607306832e-07,2.741069795924523e-08,0.0,0.0,1.3014636126897348e-11,2.171636886802595e-12,0.0001770325582876715,5.298838367716654e-05,0.0,0.0
-25.0,14.0,2052.80528052805,0.493,0.5606868994285271,13.729594204569398,-23.675764553626,-23.718892365767175,0.18216016654283992,0.017287481436313038,-23.3156090227169,-23.11017738259227,0.014198570301080276,0.008072057953794296,0.014198570301080276,PEM,0.019187206926062027,3.301773718166745,0.6536998802288251,0.047055379092161266,3.899906559996285e-05,284550.83592470957,0.0008420331072854383,1.8263357775633265e-05,0.00018804739876959986,0.2233254216996651,7943.451196990861,17.071579013577377,-45.221585647291256,292.3555518253155,8.792201992499638e-18,-1.0842021724855044e-19,1.1993807902399567e-07,-6.394884621840902e-14,1,0,0.0,0.0,1.7576557622862746e-07,2.7539650777795827e-08,0.0,0.0,1.3451239312654026e-11,2.183015928783397e-12,0.00018804741222083927,5.507426966583907e-05,0.0,0.0
-25.0,14.2,2039.60396039604,0.498,0.5615221304129735,12.755447874091065,-23.6157234077732,-23.660328782118626,0.18887998294705816,0.01787544979975546,-23.257708874773698,-23.05252044425862,0.014977523709113379,0.008381674279794355,0.014977523709113379,PEM,0.019923162062739135,3.3150479325782305,0.6533629095144997,0.04650614290211782,3.876866792335806e-05,284460.8524845107,0.0008802065883118326,1.855152333185089e-05,0.000199468346942225,0.22661537597075898,8319.497482354554,20.16117655369469,-45.92815462021862,312.76750057303866,9.47999274567013e-18,-5.421010862427522e-20,1.2275955896257074e-07,-5.3290705182007514e-14,1,0,0.0,0.0,1.81309856404877e-07,2.7721400881247734e-08,0.0,0.0,1.3890000292787321e-11,2.193804900666486e-12,0.00019946836083222535,5.71047430569306e-05,0.0,0.0
-25.0,14.4,2049.50495049505,0.504,0.5613591340656485,11.380780568581056,-23.5562817267264,-23.60175309301235,0.19303286831706357,0.018218153325542785,-23.196689693697692,-22.99051698025795,0.015769397644123554,0.008694275769405931,0.015769397644123554,PEM,0.020666212905647564,3.328360936063073,0.653501801997676,0.046474980512996936,3.898142973064041e-05,284357.6742350501,0.0009183492842728836,1.884105360280832e-05,0.00021128021779524792,0.23006520657609278,8695.103508887316,23.377720191399813,-46.63774607593971,334.11420804587834,9.561307908606542e-18,-2.710505431213761e-20,1.1583045989027596e-07,-3.907985046680551e-14,1,0,0.0,0.0,1.8703142485779964e-07,2.8607842264613096e-08,0.0,0.0,1.4330804263725525e-11,2.2040198546910088e-12,0.0002112802321260522,5.905935646913396e-05,0.0,0.0
-25.0,14.6,2039.60396039604,0.509,0.5620529332735176,10.422973138215632,-23.4972907226152,-23.543521834388883,0.19675081829407187,0.018518169463290646,-23.13877948249666,-22.932742601494738,0.016573226633787585,0.009009538230684806,0.016573226633787585,PEM,0.021415588853541254,3.3417017374328415,0.6532362969740524,0.0459955685848029,3.881374938839282e-05,284267.8843217221,0.0009564919802339342,1.913259440050159e-05,0.00022347209694249088,0.23363718835137032,9070.600323801562,26.715932401717215,-47.35031189226188,356.3943856307861,8.95822045016148e-18,-2.710505431213761e-20,1.1619101769611007e-07,-4.618527782440651e-14,1,0,0.0,0.0,1.936040834653511e-07,3.286329303775735e-08,0.0,0.0,1.481494898383372e-11,2.420723600540982e-12,0.0002234721117574399,6.095939815693865e-05,0.0,0.0
-25.0,14.8,2042.90429042904,0.513,0.5621749703925536,9.585764209074773,-23.4388364561636,-23.48543579907181,0.19881252636137145,0.01866129741533504,-23.079388245359354,-22.872896824389215,0.01738758856782601,0.009327104543587044,0.01738758856782601,PEM,0.022170441035386367,3.3550435324735233,0.653244598165588,0.04581202236178965,3.889946976157015e-05,284170.65122265025,0.000994573106064297,1.942563858230605e-05,0.0002360378552529409,0.23732579718245625,9445.324829238773,30.17524758686681,-48.06585170915157,379.60366738524664,9.202165938970719e-18,-2.710505431213761e-20,1.1465641591712483e-07,-7.105427357601002e-15,1,0,0.0,0.0,2.0043632865352224e-07,3.416122594085559e-08,0.0,0.0,1.535789155564187e-11,2.714712859040741e-12,0.00023603787061083248,6.282879426696259e-05,0.0,0.0
-25.0,15.0,2049.50495049505,0.518,0.5621547450204419,8.524082050278363,-23.3805827491521,-23.42727879750248,0.1997214904836958,0.018695662929574267,-23.019056510656412,-22.81161079346029,0.018212305902641227,0.009646778572599601,0.018212305902641227,PEM,0.02293030323888662,3.3683763688501127,0.6533191165371061,0.04570321433724808,3.9048862668188873e-05,284071.5809471353,0.0010327465870906907,1.9719918963158857e-05,0.00024896934667322,0.24107496435750192,9820.937099962997,33.753480571557304,-48.78440731891679,403.7400685016472,1.123504501238104e-17,-1.0842021724855044e-19,1.1526691423568991e-07,-4.263256414560601e-14,1,0,0.0,0.0,2.0729856033546507e-07,3.4311158409714256e-08,0.0,0.0,1.5903549372063873e-11,2.72828908211002e-12,0.0002489693625767695,6.465745982968522e-05,0.0,0.0
-25.0,15.2,2036.30363036304,0.522,0.5629779048183879,7.850173336855923,-23.3228196350011,-23.369607944307035,0.20061171864365238,0.018728270173636406,-22.962496554954896,-22.755612670020753,0.019047001029914246,0.009968386725141524,0.019047001029914246,PEM,0.02369476283608634,3.3816907553321145,0.652991700146281,0.04515801750903012,3.881695657907719e-05,283985.5826254439,0.0010708584979863972,2.0015430141074842e-05,0.0002622596357002256,0.24490596674851903,10195.779472592514,37.448332356242744,-49.50596590334086,428.8028735015236,1.1268926330271212e-17,-1.6263032587282567e-19,1.1613275319177774e-07,-4.973799150320701e-14,1,0,0.0,0.0,2.1419003214667503e-07,3.445735905604991e-08,0.0,0.0,1.645185799426188e-11,2.7415431109900386e-12,0.0002622596521520838,6.645144787657176e-05,0.0,0.0
-25.0,15.4,2039.60396039604,0.526,0.5630904486002067,7.05141608368949,-23.2655894165557,-23.31209814111375,0.19990348718591489,0.0186120952681525,-22.90392774512557,-22.696700439880885,0.019890607264037047,0.010291624726586462,0.019890607264037047,PEM,0.0244630965690194,3.3949716997380563,0.6530057800368984,0.04497909188123866,3.890241806411848e-05,283889.8977198484,0.001108878053686073,2.0312156002499037e-05,0.00027589843267352066,0.248808632974919,10569.523170612281,41.2564095120855,-50.23049147495872,454.78625927018123,1.1221492485224971e-17,-5.421010862427522e-20,1.1179923831150518e-07,-3.552713678800501e-14,1,0,0.0,0.0,2.2110945843235216e-07,3.459713142838546e-08,0.0,0.0,1.700270454995906e-11,2.7542327784858878e-12,0.00027589844967622525,6.819398762070694e-05,0.0,0.0
-25.0,15.6,2046.20462046205,0.53,0.5630605331251839,6.237836438713937,-23.2085088864539,-23.254510430367304,0.19820982096895975,0.018404924972023676,-22.844313543102203,-22.6361202114021,0.02074337452100506,0.010616360040256121,0.02074337452100506,PEM,0.02523498939923014,3.4082146007958114,0.6530854722545966,0.044875550480243956,3.9051718122811524e-05,283792.1405433705,0.0011469899645817803,2.061010708633929e-05,0.0002898770460018631,0.25272849366869493,10944.157653414757,45.174785890479676,-50.95800561134216,481.6878548619782,1.10893553454533e-17,-1.6263032587282567e-19,1.1272436495346483e-07,-3.552713678800501e-14,1,0,0.0,0.0,2.280588614935797e-07,3.4747015306137806e-08,0.0,0.0,1.755626629692183e-11,2.767808734813863e-12,0.00028987706355812953,6.989306940952169e-05,0.0,0.0
-25.0,15.8,2042.90429042904,0.534,0.563446565731141,5.514338151899067,-23.1516906025147,-23.19712941505486,0.19626563485270093,0.0181756479272478,-22.78651106031961,-22.57804442082491,0.021605438810085996,0.010942505910758762,0.021605438810085996,PEM,0.026010235109956648,3.4214137690034074,0.6529639754230359,0.044559696658205084,3.901017692598834e-05,283700.6458298703,0.001185132660542831,2.09092842051474e-05,0.0003041899914117021,0.25667168034367793,11319.021835505893,49.201630104636045,-51.688507104441115,509.50763165014416,1.1685666540320327e-17,-1.0842021724855044e-19,1.1039048786187777e-07,-3.552713678800501e-14,1,0,0.0,0.0,2.3503945780960635e-07,3.490298158013312e-08,0.0,0.0,1.811253705650006e-11,2.7813537978911416e-12,0.0003041900095242393,7.156472983054835e-05,0.0,0.0
-25.0,16.0,2046.20462046205,0.537,0.5635480046033825,4.943762495974389,-23.0951876329309,-23.13984268379852,0.19335218911123117,0.01785810496702885,-22.728012840616742,-22.519032598536796,0.022476406273960664,0.011269904393232534,0.022476406273960664,PEM,0.026788458267726488,3.4345607462999572,0.6529798381809522,0.044390082250623734,3.909585105818776e-05,283605.1093998441,0.0012232753565038816,2.1209692995536172e-05,0.0003188302368896944,0.26063652406185195,11693.786651463051,53.33457520582931,-52.42197344611785,538.243106390912,1.1377346547519762e-17,-5.421010862427522e-20,1.1151269063702784e-07,-3.552713678800501e-14,1,0,0.0,0.0,2.420686783260385e-07,3.514610258216091e-08,0.0,0.0,1.8671455914254567e-11,2.794594288772536e-12,0.0003188302555611504,7.320123018455587e-05,0.0,0.0
-25.0,16.2,2049.50495049505,0.541,0.5636462486295521,4.185997898253626,-23.0388738306811,-23.082587816732,0.18974011651856687,0.017477825445200976,-22.669400874247884,-22.45978233154233,0.023356328226810535,0.011598463650011919,0.023356328226810535,PEM,0.027569440575260087,3.4476519278238875,0.6529955572825863,0.044223622444596274,3.918166083370155e-05,283509.48620020767,0.0012614796225956203,2.1511470007204503e-05,0.00033379091211136033,0.264602698396786,12069.115449262412,57.57094004345741,-53.15839592380128,567.8928514532303,1.1082579081875266e-17,5.421010862427522e-20,1.1262000043643638e-07,-2.842170943040401e-14,1,0,0.0,0.0,2.4930569215071463e-07,3.6185069123380707e-08,0.0,0.0,1.9233085713680345e-11,2.8081489971289007e-12,0.000333790931344446,7.480337891647824e-05,0.0,0.0
-25.0,16.4,2046.20462046205,0.544,0.5640176951538466,3.6797233738688506,-22.9828684661874,-23.025561014823012,0.1857581384952888,0.01706561064751231,-22.612157732893706,-22.40241571480078,0.024245064970838566,0.011928102133561052,0.024245064970838566,PEM,0.02835298819482066,3.46068187126395,0.6528780880168711,0.04391896799978498,3.913996083665988e-05,283418.08602033276,0.001299683888687359,2.1815227711959752e-05,0.0003490668123491085,0.2685782407456442,12444.348066283643,61.907436759273594,-53.89771703214296,598.4557484280411,1.0296532506823275e-17,1.6263032587282567e-19,1.1487929896247806e-07,-7.105427357601002e-15,1,0,0.0,0.0,2.5739408804855453e-07,4.044197948919967e-08,0.0,0.0,1.983524983346968e-11,3.0108205989466863e-12,0.00034906683218435813,7.637950419956096e-05,0.0,0.0
-25.0,16.6,2042.90429042904,0.547,0.5643837849286485,3.1780228388754015,-22.9272916543083,-22.968805212623238,0.18106612390538696,0.01659064382661338,-22.555403975682765,-22.345713758419606,0.025142089523254262,0.012258688964460496,0.025142089523254262,PEM,0.02913879002724149,3.473632975573239,0.6527629500750833,0.043617913113195,3.909806068261986e-05,283326.9786200407,0.0013378265846484096,2.2120491233475882e-05,0.0003646562667516369,0.27257364365163306,12818.825334196254,66.34490840602612,-54.63993220410476,629.9284812374879,1.0696332057927305e-17,5.421010862427522e-20,1.1612462458288064e-07,-2.842170943040401e-14,1,0,0.0,0.0,2.6577548646380334e-07,4.1906992076243464e-08,0.0,0.0,2.0504822251008847e-11,3.3478620876957896e-12,0.00036465628725645906,7.79472753605035e-05,0.0,0.0
-25.0,16.8,2052.80528052805,0.551,0.5641931594576808,2.3944028053867035,-22.8719054033521,-22.911940174722645,0.17503907376548947,0.015996114815828015,-22.496371237175367,-22.285796112532267,0.02604730472785935,0.012590135507865256,0.02604730472785935,PEM,0.029926635388317697,3.4865005056574,0.6529177172433495,0.043600519027283575,3.931150529832291e-05,283227.3406488205,0.001376030850740148,2.2426954016171914e-05,0.00038055272934465047,0.2765582829338139,13193.87140680812,70.88179922495063,-55.38505687464668,662.307876235686,9.100521985300203e-18,5.421010862427522e-20,1.1424117474234663e-07,-5.684341886080802e-14,1,0,0.0,0.0,2.7419258627206365e-07,4.2085499041301697e-08,0.0,0.0,2.1177639142699896e-11,3.3640844584552545e-12,0.00038055275052228954,7.948231632915269e-05,0.0,0.0
-25.0,17.0,2042.90429042904,0.553,0.5648255518026777,2.1384361306831168,-22.8168337558885,-22.855427937326027,0.16914783992571994,0.01541712671020704,-22.440655917386096,-22.23035949596047,0.02696091407793729,0.012922428902084495,0.02696091407793729,PEM,0.030716493705929392,3.4992850230963333,0.6526680175371237,0.04316904633671115,3.91419430822372e-05,283140.2420169591,0.0014142351168318862,2.273461411054005e-05,0.0003967509746835949,0.28054102883004406,13568.826666167206,75.51637221354187,-56.13308387745124,695.5938159878668,7.924840254511234e-18,1.0842021724855044e-19,1.1922668363695266e-07,-5.684341886080802e-14,1,0,0.0,0.0,2.826457716443486e-07,4.2265926861424996e-08,0.0,0.0,2.1853737274811025e-11,3.38049066055566e-12,0.0003967509965373321,8.099123007521316e-05,0.0,0.0
-25.0,17.2,2042.90429042904,0.556,0.5650387954602467,1.625682636735011,-22.7622594931437,-22.799150241237925,0.16206979849842326,0.014733448218969826,-22.384115539984975,-22.17384808936032,0.02788211514537986,0.013255420742063952,0.02788211514537986,PEM,0.03150801222263835,3.5119792105095335,0.6526246507748863,0.04294915529182251,3.9163684733320816e-05,283047.1512512423,0.0014523470277275927,2.304344978853517e-05,0.0004132442777407271,0.28453549313713794,13942.70316430454,80.24643754273988,-56.88396441441442,729.7817974616257,1.0448998437329049e-17,1.6263032587282567e-19,1.195151071442524e-07,-2.842170943040401e-14,1,0,0.0,0.0,2.911331059156084e-07,4.2436671356299e-08,0.0,0.0,2.2532945271629598e-11,3.3960399840928743e-12,0.00041324430027367225,8.246651868170098e-05,0.0,0.0
-25.0,17.4,2042.90429042904,0.559,0.5652485208558395,1.1178033731376547,-22.7080085728985,-22.74300330844352,0.15410746139485426,0.013973190097079228,-22.327462117035225,-22.1170348759791,0.02881084559423243,0.013589030067410817,0.02881084559423243,PEM,0.032300998496341375,3.5245820238816026,0.6525807934374032,0.04273302878466458,3.918547938077434e-05,282954.1208509219,0.0014904589386232992,2.3353458809956134e-05,0.00043002485332367977,0.2885184168313173,14316.4931123546,85.06940352567406,-57.63769006386495,764.8683240554525,1.2492041906106421e-17,2.168404344971009e-19,1.233387365573435e-07,-4.263256414560601e-14,1,0,0.0,0.0,2.996557763248926e-07,4.261335204642128e-08,0.0,0.0,2.321537128439673e-11,3.412130063835669e-12,0.00043002487653905086,8.390288132689334e-05,0.0,0.0
-25.0,17.6,2046.20462046205,0.562,0.5653168495349363,0.5901867499886605,-22.6540310058563,-22.68691304487683,0.14514873318585642,0.013126773717185165,-22.27034280553073,-22.05954040365043,0.02974714082609732,0.013923211914833937,0.02974714082609732,PEM,0.033095345649712234,3.537092642753809,0.6526051792265098,0.042589373932543355,3.927128230679848e-05,282858.80926607095,0.0015286016345843498,2.3664636682837517e-05,0.0004470866889299847,0.29248083922895607,14690.528248143813,89.98327550788667,-58.39424860743037,800.8512683562774,1.2285365866976372e-17,2.168404344971009e-19,1.2066811905242503e-07,-5.684341886080802e-14,1,0,0.0,0.0,3.082142236434297e-07,4.279223659268469e-08,0.0,0.0,2.3901046862308235e-11,3.428377889557483e-12,0.00044708671283103137,8.530918145990134e-05,0.0,0.0
-25.0,17.8,2046.20462046205,0.565,0.5655176930468251,0.09162708793365322,-22.6003329305343,-22.63094841437041,0.1354647470469115,0.01221932728716015,-22.213830226602283,-22.002828151870375,0.030691078476288255,0.014257935367392609,0.030691078476288255,PEM,0.03389098019346948,3.5495107428975237,0.6525624161856229,0.04238114189244689,3.929317459499963e-05,282765.41310421814,0.0015667751156107446,2.397697988481901e-05,0.0004644245122845362,0.2964206590066366,15064.810155722625,94.98630316097956,-59.15362704373967,837.7293983950043,1.1611127640961949e-17,1.6263032587282567e-19,1.2401426374708535e-07,-8.526512829121202e-14,1,0,0.0,0.0,3.168102473642205e-07,4.298011860395427e-08,0.0,0.0,2.458999654422991e-11,3.4447484096083847e-12,0.0004644245368745326,8.668912021750638e-05,0.0,0.0
-25.0,18.0,2039.60396039604,0.568,0.5659861523290944,0.3545506462861815,-22.5470949039305,-22.575320490951015,0.12518502778641524,0.011263072552847874,-22.158872498293448,-21.948239002577537,0.03164232297948771,0.014593128598426175,0.03164232297948771,PEM,0.03468773139630657,3.5618334122578665,0.6523863340021205,0.042040645021539196,3.918686140636319e-05,282676.37220256357,0.001604887026506452,2.4290486842546833e-05,0.0004820330999907599,0.3003532909354116,15438.351762034054,100.07674385477227,-59.91579229733431,875.5003237630887,1.0550642390999565e-17,1.6263032587282567e-19,1.2254179182491498e-07,-2.842170943040401e-14,1,0,0.0,0.0,3.2545711978643693e-07,4.323436211108232e-08,0.0,0.0,2.5282137885188716e-11,3.4607067047940418e-12,0.0004820331252728976,8.80429419918255e-05,0.0,0.0
-25.0,18.2,2039.60396039604,0.57,0.5661775061660989,0.670612953315982,-22.4943192562649,-22.51988439785555,0.11365154597210976,0.010199306680299933,-22.103227461978747,-21.892662454385743,0.0326003663195399,0.01492868367258417,0.0326003663195399,PEM,0.03548534269689605,3.5740546795845676,0.6523475093389407,0.04183894300519035,3.920848465305606e-05,282583.3278763546,0.00164293736727147,2.4605223670245664e-05,0.0004999067496035726,0.30427620648363446,15811.155509130229,105.25250520317354,-60.68070634916347,914.1595271785358,1.1177446771967747e-17,1.0842021724855044e-19,1.2328484899626346e-07,-5.684341886080802e-14,1,0,0.0,0.0,3.3424606874163944e-07,4.394474477601269e-08,0.0,0.0,2.5977424248751857e-11,3.4764318178157177e-12,0.0004999067755809967,8.936825154049582e-05,0.0,0.0
-25.0,18.4,2039.60396039604,0.573,0.5663649338333294,1.1579522105882258,-22.4418905964999,-22.46458241702831,0.10111367592153994,0.009051091559184586,-22.04755715080998,-21.836936561052227,0.033565199789008814,0.015264556362356215,0.033565199789008814,PEM,0.03628370896685575,3.586164109142353,0.6523085304687308,0.041641204259391065,3.923014996327388e-05,282490.2512366558,0.0016809877080364883,2.4921572667801693e-05,0.0005180439575305942,0.30817831388886596,16183.881926676078,110.51203396522209,-61.44833394404307,953.7039200595634,1.0886067438112268e-17,3.2526065174565133e-19,1.237883680005325e-07,0.0,1,0,0.0,0.0,3.4361185325505993e-07,4.6828922567102604e-08,0.0,0.0,2.6675921339153938e-11,3.4924854520104176e-12,0.0005180439842065153,9.068604312759306e-05,0.0,0.0
-25.0,18.6,2046.20462046205,0.576,0.566277375378225,1.6879556635026005,-22.3896928834486,-22.409243474920686,0.08731960538207638,0.007796525573323371,-21.990774191010246,-21.779646103635002,0.03453694947937018,0.01560073453426317,0.03453694947937018,PEM,0.03708280136501823,3.5981621706357916,0.6524052225136249,0.04158123263501418,3.938020213211422e-05,282392.6286041413,0.0017190996189321965,2.523976272677182e-05,0.0005364397300071231,0.31204691345364144,16557.191230858996,115.85335886162953,-62.21864223025492,994.1316369658879,9.828970319938901e-18,3.2526065174565133e-19,1.2462578524718992e-07,-1.4210854715202004e-14,1,0,0.0,0.0,3.5368966221501913e-07,5.038904479979531e-08,0.0,0.0,2.7473181659937292e-11,3.986301603916713e-12,0.0005364397574803044,9.19788663689443e-05,0.0,0.0
-25.0,18.8,2046.20462046205,0.578,0.5664565890617486,1.9971299201126984,-22.337724316282,-22.354004730306542,0.07288304660773302,0.006491075438856441,-21.935014642455485,-21.723714839556152,0.035515868041188954,0.015937237492942628,0.035515868041188954,PEM,0.037882665778328085,3.610052154220313,0.6523662494435077,0.04139153819684763,3.940209481821126e-05,282298.86729258986,0.0017572730999585913,2.5559087545559646e-05,0.000555089573446844,0.3158812215698995,16931.08470737729,121.27662219304703,-62.991663258712336,1035.4425769678514,9.974659986866641e-18,2.168404344971009e-19,1.2757163858623244e-07,-2.842170943040401e-14,1,0,0.0,0.0,3.6381021332198656e-07,5.06027555348373e-08,0.0,0.0,2.8286721082035357e-11,4.067697110490339e-12,0.0005550896017335648,9.324922126630248e-05,0.0,0.0
-25.0,19.0,2042.90429042904,0.581,0.5667657604007026,2.4499551806019575,-22.2861487918866,-22.299014385561435,0.05772910247964865,0.005128516369686946,-21.880258016607286,-21.669177468346277,0.03650162991041175,0.016274023574639328,0.03650162991041175,PEM,0.03868320317242531,3.621832871488793,0.6522616885287431,0.04113877830828814,3.9359672898965275e-05,282207.1879147277,0.001795415795919642,2.5879524547114655e-05,0.000573989388850583,0.31969719223539306,17304.57697105392,126.78049610744267,-63.76736062452384,1077.634999904511,9.114074512456272e-18,3.2526065174565133e-19,1.2903319657198153e-07,-2.842170943040401e-14,1,0,0.0,0.0,3.739722513842514e-07,5.08101903113243e-08,0.0,0.0,2.910405089565865e-11,4.08664906811648e-12,0.0005739894179546336,9.449908110534419e-05,0.0,0.0
-25.0,19.2,2046.20462046205,0.583,0.5668019926118378,2.778388917351995,-22.2348957071518,-22.244100139020446,0.041396334796774355,0.0036683450741584237,-21.824602262466527,-21.613368744159118,0.03749390913433905,0.016611029865712026,0.03749390913433905,PEM,0.039484264002167875,3.63350361334765,0.6522935628274036,0.041021220569742556,3.944570143695244e-05,282111.2249516265,0.0018335584918806925,2.6201061776775585e-05,0.0005931334265070341,0.32348759482368816,17677.998778334586,132.3630918078241,-64.54570506158255,1120.7057540873889,7.636849052444772e-18,2.168404344971009e-19,1.3067051440884825e-07,-5.684341886080802e-14,1,0,0.0,0.0,3.8417576016370925e-07,5.101754389728952e-08,0.0,0.0,2.9925172217730247e-11,4.105606610357999e-12,0.0005931334564322062,9.572019238786334e-05,0.0,0.0
-25.0,19.4,2046.20462046205,0.585,0.5669693748815329,3.0821581399089046,-22.1838944970653,-22.189301360525974,0.024372922713771415,0.0021544197969837367,-21.769438500972996,-21.558154308144736,0.03849274858061964,0.016948243581278905,0.03849274858061964,PEM,0.04028581787801023,3.6450667874115914,0.6522574640906361,0.040841110566798434,3.946756508023084e-05,282017.1759678521,0.0018717319729070873,2.652369428668286e-05,0.0006125163893425953,0.32724577995601756,18051.68019788529,138.02265482552284,-65.32668196780675,1164.6532656304555,7.098136097991037e-18,1.0842021724855044e-19,1.303058070334373e-07,-8.526512829121202e-14,1,0,0.0,0.0,3.9442152638538303e-07,5.1228831108369115e-08,0.0,0.0,3.0750158647145804e-11,4.1249321470777986e-12,0.0006125164200927538,9.691481830273833e-05,0.0,0.0
-25.0,19.6,2049.50495049505,0.588,0.5669990588294329,3.5715886344501797,-22.1331314831823,-22.1345615389192,0.0064611541208576305,0.0005697050343071504,-21.713899051735837,-21.50241946865529,0.03949803868051425,0.017285641478053972,0.03949803868051425,PEM,0.04108780955087704,3.656523171173309,0.6522899647129246,0.0407295459272522,3.955378325099057e-05,281920.76703768776,0.0019099362389988263,2.6847412256496416e-05,0.0006321337684204921,0.3309711368960943,18425.622773988955,143.75770536591892,-66.11026730697353,1209.475863937308,5.119467133204991e-18,0.0,1.3118688002577983e-07,-1.4210854715202004e-13,1,0,0.0,0.0,4.04709409873443e-07,5.1439417440299166e-08,0.0,0.0,3.1578999980182265e-11,4.144206665182248e-12,0.000632133799999492,9.808689953368968e-05,0.0,0.0
-25.0,19.8,2046.20462046205,0.59,0.5672925283896375,3.84872400175635,-22.0826508436632,-22.080033572270196,0.011852161280510845,0.0010424578909993215,-21.659584730986808,-21.44831518844049,0.04050968229938897,0.01762320260693686,0.04050968229938897,PEM,0.041890189224950934,3.6678738806825217,0.6521876843825885,0.04049059429297797,3.95113273570813e-05,281828.4844732833,0.0019481405050905652,2.7172206549718444e-05,0.0006519811703422558,0.33466845365547515,18799.499102863767,149.5668010563204,-66.89643780027356,1255.1721527259147,3.6083603553033194e-18,1.0842021724855044e-19,1.3215731087257154e-07,-1.1368683772161603e-13,1,0,0.0,0.0,4.150394161368557e-07,5.165003131706354e-08,0.0,0.0,3.241169611753664e-11,4.163480686771876e-12,0.0006519812027539518,9.923701377229937e-05,0.0,0.0
-25.0,20.0,2042.90429042904,0.592,0.567581713262134,4.124710597612491,-22.0325550832597,-22.025768402011835,0.030802969615736826,0.0027025925061148724,-21.605741985539964,-21.39484457499958,0.04152720529398672,0.017960860488072827,0.04152720529398672,PEM,0.04269279887823348,3.6791168435112214,0.6520873147635372,0.040254559784318945,3.946870012772175e-05,281736.32476058137,0.001986283201051616,2.749806079415367e-05,0.0006720541049665327,0.3383475753159071,19172.653931844343,155.44848471405783,-67.68515447524882,1301.738932754626,1.4738373282224826e-18,1.0842021724855044e-19,1.3630165085487533e-07,-5.684341886080802e-14,1,0,0.0,0.0,4.25410842859331e-07,5.1857133612376755e-08,0.0,0.0,3.324815208523264e-11,4.182279838480027e-12,0.0006720541382146847,0.0001003646773036646,0.0,0.0
-25.0,20.2,2046.20462046205,0.594,0.5676010730981791,4.444263788185334,-21.9827211808523,-21.971571257677994,0.05072130553163795,0.004439241937376985,-21.550896756048957,-21.339922317159562,0.04255038294335732,0.01829856110388133,0.04255038294335732,PEM,0.04349551011143648,3.690244546150227,0.6521229430541857,0.04015089888395553,3.9554909117060205e-05,281639.8810276159,0.0020244258970126667,2.7824968114510948e-05,0.0006923503363651827,0.3419983598248006,19545.745767579527,161.40202623732745,-68.47639304761267,1349.1726877220844,8.707498697774207e-19,1.0842021724855044e-19,1.3653834685101174e-07,-2.842170943040401e-14,1,0,0.0,0.0,4.3582708217882036e-07,5.208119659744701e-08,0.0,0.0,3.408841507508675e-11,4.2013149492705645e-12,0.0006923503704535976,0.00010148116119456506,0.0,0.0
-25.0,20.4,2042.90429042904,0.597,0.5678829833553369,4.877222218536523,-21.9331433945714,-21.917577746611357,0.07096861439338548,0.006196100122568491,-21.497169542241096,-21.286439760539793,0.043579261065765526,0.018636297006055583,0.043579261065765526,PEM,0.04429830522000376,3.701254606936865,0.652022888357904,0.039921835038766035,3.951226125262037e-05,281547.5739820205,0.0020625685929737173,2.815293619420945e-05,0.0007128673201676808,0.3456211456899483,19918.775878395507,167.42655385694283,-69.27013287693774,1397.4716450396595,8.843023969334896e-19,0.0,1.3754402061749715e-07,-8.526512829121202e-14,1,0,0.0,0.0,4.463055770895499e-07,5.2392474553647795e-08,0.0,0.0,3.4932533521966674e-11,4.220592234399638e-12,0.0007128673551002144,0.00010258492323308428,0.0,0.0
-25.0,20.6,2046.20462046205,0.599,0.5678953449054958,5.192763788731923,-21.8838185036031,-21.86366386250998,0.09209837437556675,0.00802123109966032,-21.442640614255964,-21.231855645054992,0.0446136180481992,0.01897403234129639,0.0446136180481992,PEM,0.04510109898097549,3.7121470329212687,0.6520598884792791,0.03982410083409899,3.959855044975425e-05,281450.89558832056,0.002100711288934768,2.8482021063575667e-05,0.0007336006359829198,0.3492153537932931,20291.746058212924,173.52043555106522,-70.06633954352766,1446.6330736784635,5.759824041329242e-20,-2.168404344971009e-19,1.366618107567774e-07,-1.9895196601282805e-13,1,0,0.0,0.0,4.569230472562275e-07,5.3087350833387316e-08,0.0,0.0,3.578046739313239e-11,4.239669355828507e-12,0.0007336006717633874,0.00010366658331586351,0.0,0.0
-25.0,20.8,2049.50495049505,0.601,0.5679052127549491,5.506620173885338,-21.8346326329055,-21.80977169274962,0.11386012567215154,0.009892327881233232,-21.387958678083095,-21.176983749477756,0.045653611427562545,0.019311771310928417,0.045653611427562545,PEM,0.04590390138086146,3.7229259295601693,0.6520961316498259,0.039729378073341565,3.968501793747435e-05,281353.9007482857,0.002138915555026507,2.8812474497440056e-05,0.0007545452023436831,0.35276998223257683,20665.31366162529,179.68129419000564,-70.86498948896835,1496.6556675698316,-4.37069000783219e-19,0.0,1.400203473167494e-07,-1.7053025658242404e-13,1,0,0.0,0.0,4.679616968419943e-07,5.519324792883417e-08,0.0,0.0,3.663230940008722e-11,4.259210034774168e-12,0.0007545452389759924,0.00010472283606302573,0.0,0.0
-25.0,21.0,2039.60396039604,0.603,0.5684398107548019,5.731374667528707,-21.7858115700338,-21.75627559021683,0.13557438391506316,0.011750273577733224,-21.335857847675584,-21.125619252369745,0.04669902591228972,0.01964949944712805,0.04669902591228972,PEM,0.046706678029779056,3.7335917277941246,0.6518625241410723,0.039383223417728784,3.951311481667764e-05,281265.47935740126,0.0021770582509875575,2.914473886315376e-05,0.0007756980409796958,0.3563055975318178,21038.167928330724,185.9071182210935,-71.66602409743032,1547.5379986347925,-2.273436430430542e-18,-1.0842021724855044e-19,1.4397869563254062e-07,-2.2737367544323206e-13,1,0,0.0,0.0,4.798521125852697e-07,5.945207871637715e-08,0.0,0.0,3.7548335731537e-11,4.5801316572489185e-12,0.0007756980785280316,0.00010576419776019635,0.0,0.0
-25.0,21.2,2046.20462046205,0.605,0.5683101889256635,6.064431582534949,-21.7372996027683,-21.702813257071597,0.15865055148023396,0.01371702608587961,-21.281475769433797,-21.07113689037962,0.04774929151451565,0.01998713565314887,0.04774929151451565,PEM,0.04750923616151383,3.744141673322581,0.6519705328912404,0.039356446831587066,3.966404014266475e-05,281166.4690865116,0.002215170161883264,2.947813943776018e-05,0.0007970543903845302,0.35981632657371165,21410.638903236028,192.19808235044937,-72.46943325224868,1599.2753968586915,-2.6867885086906407e-18,-1.0842021724855044e-19,1.4646138879470527e-07,-1.9895196601282805e-13,1,0,0.0,0.0,4.918930892647569e-07,6.020488339743633e-08,0.0,0.0,3.8522567666095785e-11,4.871159672793949e-12,0.0007970544289070979,0.00010678175189533188,0.0,0.0
-25.0,21.4,2042.90429042904,0.607,0.5685741446823281,6.330453923833912,-21.6889862379797,-21.649516885380876,0.18197878022399328,0.01569601267740794,-21.228424188043476,-21.01831581258071,0.048804668168681654,0.020324695178935693,0.048804668168681654,PEM,0.04831161202504324,3.7545814824387826,0.6518730884252967,0.03914331600680154,3.962125399837444e-05,281073.6638127852,0.0022533128578443146,2.9812540760698114e-05,0.0008186086212648505,0.3632911508116063,21783.382889326378,198.55255811483457,-73.27522158488584,1651.866443436373,-3.449118161219511e-18,-1.0842021724855044e-19,1.4598094821849372e-07,-2.5579538487363607e-13,1,0,0.0,0.0,5.039830403937356e-07,6.044975564489367e-08,0.0,0.0,3.9501299656342335e-11,4.893659951232766e-12,0.0008186086607661503,0.00010777115929526225,0.0,0.0
-25.0,21.6,2042.90429042904,0.609,0.5687022418978924,6.617037455190077,-21.6409850738953,-21.596394948432675,0.2060448048476952,0.01772903666126137,-21.17530271720929,-20.965424771862928,0.04986486331126173,0.02066215203190787,0.04986486331126173,PEM,0.04911374383624404,3.7649105813151196,0.6518456774694648,0.038995835688997525,3.964301367325506e-05,280978.65620897006,0.002291424768740021,3.014792694362256e-05,0.0008403576753026614,0.3667402424757529,22155.746194112966,204.9695648213399,-74.0833529195062,1705.3085949900255,-4.228388472693467e-18,-3.2526065174565133e-19,1.4525062397297006e-07,-3.126388037344441e-13,1,0,0.0,0.0,5.161206116369794e-07,6.068785621621817e-08,0.0,0.0,4.048441161720049e-11,4.915559804290707e-12,0.0008403577157870733,0.00010874527510461337,0.0,0.0
-25.0,21.8,2046.20462046205,0.611,0.5686964870015248,6.92365188191084,-21.5931862401356,-21.54331541174608,0.23095632036381417,0.01982487679190006,-21.12160041176287,-20.9116621321474,0.05092985561138541,0.020999491484917625,0.05092985561138541,PEM,0.0499155965888225,3.775131621876887,0.6518860002536494,0.0389136231198234,3.9729570767937625e-05,280881.31520651764,0.0023295674647010717,3.0484291900612054e-05,0.0008622966535859479,0.370153114967459,22528.385281470575,211.4474830895331,-74.89381017218582,1759.5994871863977,-5.664956351236761e-18,-4.336808689942018e-19,1.4983402252255473e-07,-3.410605131648481e-13,1,0,0.0,0.0,5.283066778353359e-07,6.093033099178276e-08,0.0,0.0,4.14719859027112e-11,4.937871427553569e-12,0.0008622966950579342,0.00010969489635430489,0.0,0.0
-25.0,22.0,2042.90429042904,0.612,0.568949998543219,7.0343139635263,-21.5456467414467,-21.490441720539962,0.2562235497927316,0.0219412026031231,-21.069100587710267,-20.859492322937797,0.05199964873414314,0.021336717806717923,0.05199964873414314,PEM,0.05071718042956483,3.7852472457354267,0.6517907754386212,0.03870928211998852,3.9686679773215174e-05,280788.0858220469,0.0023677101606621224,3.0821627619784074e-05,0.0008844219966442548,0.37353473889596733,22900.973638940424,217.9851460957734,-75.70657266485102,1814.7377815175612,-6.152847328855238e-18,-4.336808689942018e-19,1.508194600319257e-07,-3.694822225952521e-13,1,0,0.0,0.0,5.405412639317952e-07,6.117293048229685e-08,0.0,0.0,4.24640276988448e-11,4.960208980668018e-12,0.000884422039108283,0.00011062672025174423,0.0,0.0
-25.0,22.2,2049.50495049505,0.614,0.5688077960831839,7.360293797527054,-21.4983089327524,-21.437554865587998,0.28259928422484004,0.02414212553340964,-21.01516711359824,-20.80535972236717,0.05307405992378775,0.02167380666557383,0.05307405992378775,PEM,0.051518437522162654,3.7952582093893255,0.6519003558697904,0.038693834937765015,3.9838144335163633e-05,280688.2111376294,0.002405883641688517,3.115992314068264e-05,0.0009067299179851428,0.37688020412690204,23273.84022268503,224.58131730139053,-76.52161419777002,1870.721022060983,-6.037650848028653e-18,-3.2526065174565133e-19,1.510666152171325e-07,-4.547473508864641e-13,1,0,0.0,0.0,5.528241957491299e-07,6.141465908667368e-08,0.0,0.0,4.346052396299659e-11,4.982481320758961e-12,0.000906729961445667,0.0001115396116869206,0.0,0.0
-25.0,22.4,2039.60396039604,0.616,0.5693164798641411,7.578493528548516,-21.4512841878099,-21.38502428558732,0.3088854804330702,0.026325085532824467,-20.964015551933045,-20.754933863806997,0.05415309394888114,0.02201076324516645,0.05415309394888114,PEM,0.05231938018817791,3.805167442252899,0.6516700266779882,0.03837115130566146,3.966555887894541e-05,280598.9994960905,0.0024440263376495678,3.149917130607763e-05,0.0009292169840691689,0.3801992514380191,23646.330940581545,231.23487041970446,-77.33891520011767,1927.5481478551094,-8.375461782450522e-18,-1.0842021724855044e-19,1.5527211871813051e-07,-3.126388037344441e-13,1,0,0.0,0.0,5.651556447689099e-07,6.16572450988999e-08,0.0,0.0,4.44614920167546e-11,5.0048402687900616e-12,0.000929217028530661,0.00011243533542497034,0.0,0.0
-25.0,22.6,2042.90429042904,0.618,0.5692988985285948,7.880437131295334,-21.4046276805359,-21.332622357351397,0.3364007272594586,0.028602441634211103,-20.911325051288856,-20.70243428936675,0.05523612081505223,0.022347514543274553,0.05523612081505223,PEM,0.053119834902007494,3.814971358390931,0.6517146255391133,0.03829757858890407,3.975212697949417e-05,280501.3433757944,0.002482107463479932,3.1839351734863625e-05,0.00095188004363335,0.3834967090017962,24018.120505943018,237.94480399160187,-78.15843000529868,1985.2146967266874,-9.025983085941824e-18,-3.2526065174565133e-19,1.538635387987597e-07,-3.410605131648481e-13,1,0,0.0,0.0,5.775339568995076e-07,6.189156065298781e-08,0.0,0.0,4.546677438699402e-11,5.02641185119703e-12,0.0009518800891001246,0.00011331530284731658,0.0,0.0
-25.0,22.8,2039.60396039604,0.62,0.5695404739167417,8.138633239235213,-21.3582291716582,-21.280405768605164,0.36437198246896096,0.03090784214154909,-20.859529361311957,-20.650997217567152,0.056323225283657546,0.022684052918454368,0.056323225283657546,PEM,0.05391978350001038,3.8246739214127468,0.6516217574906404,0.03810346666310356,3.97090315282723e-05,280407.9127612767,0.002520188589310294,3.218046343092401e-05,0.0009747137185281123,0.3867622140114778,24389.864073621444,244.70932662212454,-78.98015007197779,2043.7182012106543,-8.653288589149932e-18,-3.2526065174565133e-19,1.5575301404169295e-07,-4.547473508864641e-13,1,0,0.0,0.0,5.899614462263145e-07,6.213744663403456e-08,0.0,0.0,4.647652393946366e-11,5.048747762348229e-12,0.0009747137650046366,0.00011416837952256005,0.0,0.0
-25.0,23.0,2042.90429042904,0.621,0.5695183092450816,8.290127335735647,-21.3120887063724,-21.22826473575867,0.39331654334126814,0.03328488954786283,-20.80693131008266,-20.598459872017514,0.05741426552819601,0.023020362479341184,0.05741426552819601,PEM,0.05471918820855998,3.8342758443548517,0.651666432996765,0.03803438194626307,3.979573717608695e-05,280310.0430688923,0.0025582697151406565,3.252249873601072e-05,0.0009977146867615994,0.38999589482563374,24761.563078540683,251.5273480466071,-79.8040500717902,2103.055995138275,-9.317362419797304e-18,-2.168404344971009e-19,1.5178648027358577e-07,-4.263256414560601e-13,1,0,0.0,0.0,6.02441063406973e-07,6.239808590329285e-08,0.0,0.0,4.749070181562554e-11,5.070889380809413e-12,0.0009977147342523016,0.00011500484623832541,0.0,0.0
-25.0,23.2,2039.60396039604,0.623,0.5697539024193966,8.546725133323177,-21.2662060606365,-21.176320413145078,0.4226689388559929,0.03568536351054785,-20.755425584482367,-20.54732506251611,0.05850929992566398,0.023356447132641883,0.05850929992566398,PEM,0.05551805831386233,3.84378013296875,0.6515745680058754,0.03784551500718916,3.975259186376133e-05,280216.33686681534,0.002596350840971019,3.286546530271192e-05,0.001020879190639801,0.3931977044589238,25133.218373153028,258.39759306824186,-80.6301144577035,2163.2263963920986,-1.0191500421363742e-17,-6.505213034913027e-19,1.6073681763373315e-07,-5.684341886080801e-13,1,0,0.0,0.0,6.149876792374345e-07,6.273307915230763e-08,0.0,0.0,4.8509359349193715e-11,5.093287667840896e-12,0.001020879239149161,0.00011582252448429713,0.0,0.0
-25.0,23.4,2049.50495049505,0.625,0.5694678877193863,8.885137964898195,-21.2204718296628,-21.12427130970542,0.4533382703720342,0.03818548808313332,-20.70185981313557,-20.49338252578346,0.05960828010626417,0.023692297580492665,0.05960828010626417,PEM,0.05631637171498138,3.8531884633193663,0.6517557522477176,0.03790234807373846,3.9969500347828914e-05,280113.7058323068,0.0026344935369320695,3.320940140697323e-05,0.0010442036985849792,0.3963584210576502,25505.48524306562,265.31877762488193,-81.45832246322566,2224.227202797589,-1.1431556656144037e-17,-8.673617379884035e-19,1.5991463442333043e-07,-4.547473508864641e-13,1,0,0.0,0.0,6.27651971420065e-07,6.33214609131529e-08,0.0,0.0,4.9532516474118486e-11,5.115785624623874e-12,0.0010442037481174966,0.00011662254484167896,0.0,0.0
-25.0,23.6,2042.90429042904,0.626,0.5698277947737423,8.973195723044354,-21.1749404227378,-21.07246196682388,0.48396101178107337,0.040670079049033324,-20.65084716978427,-20.442827538466872,0.060711480033742604,0.024027952417952293,0.060711480033742604,PEM,0.057114220152014006,3.8625060107681195,0.651595680155468,0.03765799237641737,3.9861434410240124e-05,280021.541886472,0.0026726670179584642,3.3554444763070493e-05,0.0010676852071067932,0.39948306314729476,25878.03704014383,272.2895325523947,-82.28866140736012,2286.058695178997,-1.208207795963534e-17,-1.3010426069826053e-18,1.6164631233550608e-07,-5.684341886080801e-13,1,0,0.0,0.0,6.405858921771184e-07,6.466960378526613e-08,0.0,0.0,5.0560251378415925e-11,5.138674521487122e-12,0.0010676852576670458,0.00011740754774774408,0.0,0.0
-25.0,23.8,2036.30363036304,0.628,0.5701837684700233,9.206406294582282,-21.1298826485921,-21.0210327135579,0.5151468980896268,0.04319097069636866,-20.60070796721766,-20.39351715394477,0.061818173571776665,0.02436334909855738,0.061818173571776665,PEM,0.05791145495259657,3.8717280109524976,0.6514387841309934,0.03741545188438047,3.975301060717268e-05,279929.67359171633,0.0027107173587234824,3.3900933490734545e-05,0.0010913228156929525,0.40259557573603794,26249.241383507044,279.3086575708708,-83.12106279426034,2348.7172639873015,-1.1431556656144037e-17,-1.3010426069826053e-18,1.6896001397981308e-07,-6.821210263296962e-13,1,0,0.0,0.0,6.54176787745153e-07,6.795447784017302e-08,0.0,0.0,5.159226986496057e-11,5.160092432723258e-12,0.0010913228672852237,0.00011818804809089017,0.0,0.0
-25.0,24.0,2049.50495049505,0.629,0.5697627977646577,9.417679210706256,-21.0849716614398,-20.969413070812948,0.5480613988122363,0.04584475339103309,-20.547163814514306,-20.339466476561057,0.0629282206280321,0.024698442825572323,0.0629282206280321,PEM,0.05870796963530383,3.880856432491611,0.6516905066217908,0.03753650556503231,4.0035301039407966e-05,279824.72782784933,0.0027488292696191898,3.424892212555167e-05,0.0011151105606410476,0.4056674501270608,26621.059988296765,286.37425098778846,-83.95550979814674,2412.198704839306,-1.3647394846161287e-17,-1.3010426069826053e-18,1.742305357765872e-07,-5.684341886080801e-13,1,0,0.0,0.0,6.68396162063768e-07,7.109687159307538e-08,0.0,0.0,5.273550346802418e-11,5.716168015318053e-12,0.0011151106133765523,0.00011893873045664358,0.0,0.0
-25.0,24.2,2072.60726072607,0.628,0.5689599846668577,9.401276326933486,-21.0397204580467,-20.917193788388516,0.5823588288756055,0.04860042592503352,-20.490819423484538,-20.281502266644196,0.06404283147383943,0.025033355130666454,0.06404283147383943,PEM,0.05950405307978714,3.889905264573552,0.6521378752010845,0.037840075389936646,4.051393879363693e-05,279711.97686068015,0.0027872798162336793,3.459782186606003e-05,0.001139042753020193,0.4086574826058648,26996.434661005223,293.48576612684417,-84.79207153930253,2476.505977684828,-1.2922334643311606e-17,-1.5178830414797062e-18,1.6799685909063555e-07,-5.684341886080801e-13,1,0,0.0,0.0,6.82675996535212e-07,7.139917235722002e-08,0.0,0.0,5.3900020607957246e-11,5.8225856996653575e-12,0.001139042806920215,0.0001196609677183134,0.0,0.0
-25.0,24.4,2118.81188118812,0.625,0.5672771978164982,9.235648349360286,-20.9935880236675,-20.863712810420708,0.6186422878279497,0.05150581427966275,-20.429118542072644,-20.216358321047522,0.0651638658692135,0.02536831483014505,0.0651638658692135,PEM,0.060300249180282976,3.8988933723887698,0.653037183104913,0.03856474098374788,4.145063616625874e-05,279581.5569635867,0.0028263768492203896,3.494765749347962e-05,0.0011631172590713364,0.41152235569441614,27378.64323946856,300.6424149048771,-85.63080949615072,2541.649184477492,-1.4507980320571656e-17,-1.0842021724855044e-18,1.5986461221473292e-07,-5.115907697472721e-13,1,0,0.0,0.0,6.970222193922691e-07,7.173111428528591e-08,0.0,0.0,5.5070675680752634e-11,5.85327536397696e-12,0.0011631173141420132,0.0001203725361089915,0.0,0.0
-25.0,24.6,2168.31683168317,0.622,0.5654943212136142,9.084514274338552,-20.9461376322838,-20.808734247065672,0.6559843520093737,0.054481078889185575,-20.364635002859018,-20.14765254530775,0.06629381768127036,0.025703658276891226,0.06629381768127036,PEM,0.061097357444476405,3.9078460496496863,0.6539726612218705,0.03935015474213141,4.245516849866908e-05,279445.4362633293,0.0028663666491020733,3.529847003983024e-05,0.0011873353753869712,0.41423011105676916,27770.32217270374,307.844528016438,-86.47180804822086,2607.647469457846,-1.4494427793415587e-17,-8.673617379884035e-19,1.8191667550127022e-07,-4.547473508864641e-13,1,0,0.0,0.0,7.114418176592724e-07,7.209799133501537e-08,0.0,0.0,5.624811452797281e-11,5.887194236100806e-12,0.0011873354316350865,0.00012109058746536491,0.0,0.0
-25.0,24.8,2227.72277227723,0.62,0.5633692115218537,9.133998141636498,-20.8971498722965,-20.752006461222066,0.6945607987759611,0.05753885872883227,-20.29659820978233,-20.07458608636375,0.06743467820185631,0.026039704439037647,0.06743467820185631,PEM,0.06189613605666186,3.9167843493113863,0.6550680318463994,0.04031380726271271,4.365857693742231e-05,279298.91497385595,0.0029073723561401036,3.5650288067421987e-05,0.0012117032753073806,0.41676920837070436,28172.811369992087,315.0940935100756,-87.31512843259019,2674.52449147434,-1.502297635250227e-17,-6.505213034913027e-19,1.80559709406225e-07,-2.8421709430404007e-13,1,0,0.0,0.0,7.259388472345247e-07,7.248514787626182e-08,0.0,0.0,5.7432715974699356e-11,5.92300723363274e-12,0.0012117033327400971,0.00012183950552505378,0.0,0.0
-25.0,25.0,2310.23102310231,0.618,0.5604379123539333,9.314253664412094,-20.8460744945177,-20.692828745548013,0.7351300073785602,0.06073855119878357,-20.22191323608004,-19.992978400753117,0.06858866041390645,0.026376786626844152,0.06858866041390645,PEM,0.06269737729223711,3.9257334664458887,0.6565474196389753,0.041691512782023904,4.532400494552433e-05,279132.5751046093,0.00294970182098792,3.600315463636371e-05,0.001236226558920106,0.4191022123402516,28589.444026725785,322.392870722734,-88.16086117016405,2742.3091936544,-1.6107178524987775e-17,-2.168404344971009e-19,1.8555192582425661e-07,-2.8421709430404007e-13,1,0,0.0,0.0,7.405206399787115e-07,7.290896372093423e-08,0.0,0.0,5.862516091899689e-11,5.962224721487698e-12,0.001236226617545267,0.0001226164240258501,0.0,0.0
-25.0,25.2,2356.43564356436,0.615,0.5588712864455851,9.126620090148755,-20.7931279645042,-20.63205012051648,0.7746686514058598,0.06382938680784674,-20.150801285710344,-19.916901224146955,0.06975759881311451,0.026715251340926328,0.06975759881311451,PEM,0.06350190477995324,3.9347157930046377,0.6573216291390342,0.04241562643196506,4.627272841223883e-05,278985.43214205216,0.0029932319033841477,3.635710256281515e-05,0.0012609168164250326,0.4212559725156745,29018.93805259466,329.7446479305081,-89.00907538279984,2811.036974179209,-1.7957098481791167e-17,-2.168404344971009e-19,1.9085109670413658e-07,-1.1368683772161603e-13,1,0,0.0,0.0,7.551908326404222e-07,7.335096330855394e-08,0.0,0.0,5.982579274288086e-11,6.00315911941984e-12,0.0012609168762508255,0.00012345129352779268,0.0,0.0
-25.0,25.4,2379.53795379538,0.613,0.5581488077211624,8.947992215144799,-20.7393043651668,-20.570615691050563,0.8133767225074399,0.06683103253290061,-20.083869953220983,-19.847403310440654,0.07094018245971681,0.027055128414663093,0.07094018245971681,PEM,0.06430978943347537,3.943725857411286,0.6576775130708609,0.042720246371007395,4.676377353389229e-05,278851.0707848648,0.0030374084721525962,3.6712092066551516e-05,0.0012857914974996486,0.42331859849867826,29455.351821273453,337.15534728754756,-89.85969130088714,2880.7323672277403,-1.8939656700606156e-17,-4.336808689942018e-19,1.867379069153685e-07,-2.2737367544323206e-13,1,0,0.0,0.0,7.699409571370044e-07,7.375062248291097e-08,0.0,0.0,6.103384220656874e-11,6.040247318439451e-12,0.0012857915585334913,0.00012437341141332907,0.0,0.0
-25.0,25.6,2435.64356435644,0.612,0.5562674828781726,9.106620444743033,-20.6844413326095,-20.507714119133595,0.8543968417328667,0.07000052379767636,-20.010684292483802,-19.769837702192177,0.07213477151130943,0.027396286341266743,0.07213477151130943,PEM,0.06512071866238826,3.9527600199352118,0.6586026928295111,0.04360637201320543,4.791309778697157e-05,278693.44111732766,0.003082323882489298,3.706810304055626e-05,0.0013108553445556265,0.42528150659397096,29899.694360696278,344.62659720371386,-90.71266267435061,2951.4100929827914,-1.8851565274091708e-17,-4.336808689942018e-19,1.8196897144662216e-07,-2.2737367544323206e-13,1,0,0.0,0.0,7.847709769643724e-07,7.415009913683902e-08,0.0,0.0,6.22493126207426e-11,6.077352070869223e-12,0.0013108554068049397,0.00012531924135724017,0.0,0.0
-25.0,25.8,2488.44884488449,0.61,0.5545347129934257,9.09267000107775,-20.6280449647517,-20.443151972319498,0.8963185447197766,0.0732185810958082,-19.93533845435175,-19.689590520756354,0.07334191701864474,0.027738796218119196,0.07334191701864474,PEM,0.06593486146450961,3.9618335230000943,0.6594404149501725,0.04442919373314669,4.900000749912761e-05,278535.080608039,0.0031282551999823466,3.742517253917763e-05,0.0013361080751243364,0.4271096792652582,30354.975641404628,352.15821131409007,-91.5680595660153,3023.0928445351083,-1.9495310314004977e-17,-4.336808689942018e-19,1.7454567569075152e-07,-2.8421709430404007e-13,1,0,0.0,0.0,7.996897195323327e-07,7.459371283980193e-08,0.0,0.0,6.347301692720731e-11,6.118521532323555e-12,0.0013361081385973538,0.00012626365896207107,0.0,0.0
-25.0,26.0,2541.25412541254,0.609,0.5528278612682089,9.223668100458301,-20.5701748151091,-20.377016649695605,0.9390205340968665,0.07647410685794204,-19.8584522306046,-19.607851955242324,0.07456189642962968,0.028082753841205402,0.07456189642962968,PEM,0.06675244554600761,3.9709542444997736,0.6602555226108988,0.04524738174923522,5.0089881937012584e-05,278373.61752846435,0.0031751716395663995,3.778331453463068e-05,0.0013615571607075792,0.42881371946667834,30820.8866323406,359.75264764549735,-92.42591065169933,3095.8061463861063,-2.11148373091552e-17,-4.336808689942018e-19,1.8451009964337572e-07,-5.684341886080802e-14,1,0,0.0,0.0,8.146995008022657e-07,7.504890634966508e-08,0.0,0.0,6.470513845260657e-11,6.160607626996311e-12,0.001361557225412718,0.0001272454340768216,0.0,0.0
-25.0,26.2,2597.3597359736,0.607,0.5510347186258834,9.219980457020856,-20.5107797717003,-20.30921060964343,0.982747434765912,0.07978538006676893,-19.779286864182183,-19.523581226936045,0.07579482933828328,0.028428214253988535,0.07579482933828328,PEM,0.06757360174468394,3.980128681887451,0.6611014415468686,0.0461187219420359,5.124879970534807e-05,278206.98183549393,0.0032231039863067994,3.8142544480589306e-05,0.0013872090498937293,0.43039537532366917,31297.78568718981,367.41201817506624,-93.28624408107623,3169.575406529802,-2.245653749760601e-17,-2.168404344971009e-19,1.7691036191536114e-07,-1.7053025658242404e-13,1,0,0.0,0.0,8.298047694296521e-07,7.552634313693236e-08,0.0,0.0,6.59459325618956e-11,6.203970546445195e-12,0.001387209115839662,0.00012825945213472046,0.0,0.0
-25.0,26.4,2640.26402640264,0.606,0.5497145206980009,9.288032888118666,-20.4500320317769,-20.240077648056968,1.026670194910639,0.08308445205119049,-19.70084025849036,-19.440871279588578,0.07704060752485692,0.028775211324206563,0.07704060752485692,PEM,0.0683984105638378,3.989361148148052,0.661714790120022,0.04675141680294868,5.2146663468896574e-05,278046.2185535362,0.0032719598850075153,3.850287633663922e-05,0.0014130711482610034,0.4318730051477259,31784.687423241594,375.1387584350359,-94.1490750416689,3244.426237539732,-2.1724701031178295e-17,-6.505213034913027e-19,1.8410355551168323e-07,-2.8421709430404007e-13,1,0,0.0,0.0,8.450134377266124e-07,7.604334148480178e-08,0.0,0.0,6.719553973568827e-11,6.248035868963376e-12,0.0014130712154565438,0.00012931049808440935,0.0,0.0
-25.0,26.6,2706.27062706271,0.605,0.5476422631630969,9.480617658992237,-20.387770177953,-20.169078285841607,1.0726621410902704,0.08652079555769097,-19.617028008773246,-19.35143011621892,0.0782988685954232,0.02912372570607675,0.0782988685954232,PEM,0.06922682601872296,3.9986538412273784,0.662673623064834,0.047784111488702784,5.3510102171145e-05,277867.636670814,0.00332183169086458,3.886433548264475e-05,0.001439148952555173,0.4332395757777249,32282.62311895551,382.9346328946124,-95.01441504681985,3320.381766235656,-2.250397134265225e-17,-6.505213034913027e-19,1.81436917046085e-07,-2.8421709430404007e-13,1,0,0.0,0.0,8.603485982247343e-07,7.667580249060849e-08,0.0,0.0,6.845416463900759e-11,6.29312451659649e-12,0.0014391490210093384,0.0001303890277639712,0.0,0.0
-25.0,26.8,2778.87788778878,0.604,0.545389129359782,9.703786529837414,-20.3234972932413,-20.095829662815873,1.120218765207985,0.09004895767968071,-19.529082316195712,-19.2568419048512,0.07957058369556977,0.029473840713536637,0.07957058369556977,PEM,0.07005904614579661,4.008020198566693,0.66369737969212,0.048928092120450524,5.5010573958925137e-05,277681.0657733997,0.0033729964694660863,3.922702617396838e-05,0.0014654440198158295,0.43446354986781105,32794.65450965201,390.7998905137528,-95.88236052785213,3397.4717902078755,-2.3601726042293825e-17,-6.505213034913027e-19,1.7646652850089595e-07,-3.979039320256561e-13,1,0,0.0,0.0,8.758798649522614e-07,7.765633363763578e-08,0.0,0.0,6.972262998340615e-11,6.3423267219928194e-12,0.0014654440895384602,0.00013147534264560943,0.0,0.0
-25.0,27.0,2838.28382838284,0.603,0.5436019717926971,9.850419271526183,-20.2573315163051,-20.0206966501091,1.1681443136058263,0.09357126389421441,-19.441179865278656,-19.163070088432818,0.08085645551276475,0.029825666201029496,0.08085645551276475,PEM,0.07089533206805204,4.017468566696534,0.6644921697254983,0.04983613041084694,5.62503985996082e-05,277499.27811521984,0.0034253926506813475,3.959112562127648e-05,0.0014919649713509937,0.43556027687927273,33320.14204087094,398.7369430055296,-96.75296802399696,3475.73025918606,-2.5356778309004735e-17,-6.505213034913027e-19,1.829421307775192e-07,-6.252776074688882e-13,1,0,0.0,0.0,8.917703640240315e-07,7.945249535885096e-08,0.0,0.0,7.100124178137229e-11,6.393058989830747e-12,0.0014919650423522361,0.00013260476406888017,0.0,0.0
-25.0,27.2,2884.48844884488,0.602,0.5422661968008258,9.922558670959171,-20.1897284342133,-19.94416341774101,1.2162868721708968,0.09707651519832738,-19.35445226704087,-19.07171223814902,0.0821558619421692,0.030179193773055325,0.0821558619421692,PEM,0.07173566382946357,4.026997197367343,0.6650762464221174,0.05050592945602997,5.7227965069898235e-05,277323.21819951833,0.0034787739539876117,3.995698583684765e-05,0.001518723299464077,0.436568549595817,33856.40203966308,406.74869426967166,-97.62620960614564,3555.186579160979,-2.570236775148449e-17,-8.673617379884035e-19,1.8892387743107975e-07,-6.821210263296962e-13,1,0,0.0,0.0,9.084032403408213e-07,8.316438158394933e-08,0.0,0.0,7.228981851716983e-11,6.442883678987683e-12,0.0015187233717538964,0.00013379164700830167,0.0,0.0
-25.0,27.4,2904.2904290429,0.601,0.5417944271178283,9.851176852274818,-20.121367718675,-19.86704825943619,1.2639272975602585,0.1005101505493066,-19.27198190791239,-18.986822338712614,0.08346701731141475,0.03053428897723825,0.08346701731141475,PEM,0.07257972183798014,4.036597408057866,0.6652723729864494,0.050706024726462934,5.7675684318356564e-05,277162.8974879453,0.0035327709586007536,4.032465949536459e-05,0.0015457292316440729,0.4375401773163068,34399.369001280975,414.83864139153627,-98.50200201175136,3635.862199554422,-2.730156595590061e-17,-4.336808689942018e-19,1.8017635738942772e-07,-5.115907697472721e-13,1,0,0.0,0.0,9.257776073813172e-07,8.687183520247937e-08,0.0,0.0,7.370188855228942e-11,7.060350175598017e-12,0.0015457293053459619,0.000135029667960328,0.0,0.0
-25.0,27.6,2963.69636963696,0.6,0.5400754096420377,9.987431726327046,-20.0520330928385,-19.78841162792679,1.3146869631182647,0.10415787536073196,-19.182152961924857,-18.892343964688365,0.08478809736548219,0.030890739745911007,0.08478809736548219,PEM,0.07342700201072262,4.046261938190264,0.6660297256721265,0.05158258288394348,5.892370562874801e-05,276975.5171855679,0.0035875068047821496,4.06934658961245e-05,0.0015729845334766356,0.43846175605293514,34950.41133740424,423.008966249538,-99.38031447581213,3717.7705960566936,-2.838576812838611e-17,0.0,1.775229065970052e-07,-3.979039320256561e-13,1,0,0.0,0.0,9.432687093662932e-07,8.745550992487888e-08,0.0,0.0,7.514761575647893e-11,7.228636020947443e-12,0.0015729846086242514,0.00013627651639144575,0.0,0.0
-25.0,27.8,3019.80198019802,0.599,0.5384885239367201,10.102082815238713,-19.9811186912389,-19.707994598842163,1.3669109153357606,0.10788217374300448,-19.089839900707517,-18.794722571692944,0.08611973796076942,0.031248517291192882,0.08611973796076942,PEM,0.0742774359191654,4.056001488138142,0.6667140563001198,0.052397430696144165,6.010936946166146e-05,276787.6577449769,0.0036433201282505797,4.106344990218615e-05,0.001600483640010052,0.4392926187297627,35513.28834773748,431.2576789112045,-100.26125718796023,3800.935259578374,-2.919891975775024e-17,4.336808689942018e-19,1.8124137568520382e-07,-3.979039320256561e-13,1,0,0.0,0.0,9.608858781127945e-07,8.808584373250694e-08,0.0,0.0,7.66051624783605e-11,7.287733609407892e-12,0.0016004837166152142,0.0001374955399548145,0.0,0.0
-25.0,28.0,3066.00660066007,0.6,0.5372308838649715,10.461519355838075,-19.9088581589731,-19.626181246862643,1.419854970351737,0.11162361299409572,-18.997869386104213,-18.698231848468623,0.08746211207102456,0.03160764017702861,0.08746211207102456,PEM,0.07513106768963303,4.065817487599463,0.6672464444258893,0.05303621282723871,6.109826096943946e-05,276603.4427027748,0.0037000877887446697,4.1434625811681864e-05,0.0016282327531718197,0.4400524652752174,36086.65456561217,439.58681426323557,-101.14486131525287,3885.3827133993145,-2.8663594935085523e-17,2.168404344971009e-19,1.7535376173327677e-07,-4.547473508864641e-13,1,0,0.0,0.0,9.78630277199573e-07,8.872199543389226e-08,0.0,0.0,7.807465247438433e-11,7.347449980119122e-12,0.001628232831246472,0.000138745573156289,0.0,0.0
-25.0,28.2,3066.00660066007,0.602,0.5374196851434206,10.727627052587929,-19.8362085290258,-19.544349546498296,1.4713445974337014,0.11521638077133542,-18.914006347439425,-18.613427519082336,0.08881377143653654,0.03196800953966277,0.08881377143653654,PEM,0.07598766232389534,4.075700302588694,0.6671469718725872,0.05287189712235367,6.115315702631554e-05,276448.1528314379,0.003757286440153577,4.1806953834186676e-05,0.0016562427508573583,0.4408082208365408,36664.69977524985,448.0001044210286,-102.03104141502834,3971.1325168759176,-3.4267564914119975e-17,4.336808689942018e-19,1.8596347217680886e-07,-3.410605131648481e-13,1,0,0.0,0.0,9.964947845455058e-07,8.932253672966472e-08,0.0,0.0,7.955543747507021e-11,7.403925003429458e-12,0.0016562428304127954,0.00014004999583161812,0.0,0.0
-25.0,28.4,3066.00660066007,0.605,0.5376150704092052,11.138004891040461,-19.7639533785968,-19.462835251369086,1.523572341320167,0.11883769104209167,-18.83197097729368,-18.531548611402854,0.09017136213640818,0.032329326875767284,0.09017136213640818,PEM,0.07684651028230872,4.0856293013602345,0.6670564093171726,0.05269455280925926,6.120723249765092e-05,276293.6644433521,0.0038144850915624844,4.218034396431029e-05,0.0016845217571865418,0.441611834035647,37242.628139570865,456.50048275352987,-102.91960360540878,4058.187058358854,-3.9071935790946366e-17,0.0,1.9412345864111558e-07,-1.1368683772161603e-13,1,0,0.0,0.0,1.014467688958129e-06,8.986452206311658e-08,0.0,0.0,8.104643849610964e-11,7.455005105197184e-12,0.0016845218382329802,0.0001413950391009245,0.0,0.0
-25.0,28.6,3059.40594059406,0.607,0.5380223298614785,11.363701835011783,-19.6922044662986,-19.381732624699595,1.5766230851926768,0.12249449299645816,-18.751535255886296,-18.451775391462974,0.0915324092190066,0.03269127734489849,0.0915324092190066,PEM,0.07770686319205726,4.095592895337675,0.6668777309739872,0.052395493903896105,6.112698300014168e-05,276144.80696380354,0.0038716221728407017,4.255475494213007e-05,0.0017130648442972285,0.44246694739851433,37819.749417179635,465.08640765652655,-103.81044899243791,4146.542461771388,-3.794029977341462e-17,2.168404344971009e-19,1.995076672756113e-07,-2.2737367544323206e-13,1,0,0.0,0.0,1.0325476158986536e-06,9.03996347026214e-08,0.0,0.0,8.254753763779736e-11,7.505495708438482e-12,0.001713064926844766,0.00014271544305892634,0.0,0.0
-25.0,28.8,3062.70627062706,0.609,0.5381270534354909,11.63759385295715,-19.620906678104,-19.300812453256327,1.6313936460687726,0.12625542128266165,-18.669888529443796,-18.370269949836228,0.092895286407785,0.03305361346475028,0.092895286407785,PEM,0.07856813278999354,4.105581764064025,0.6668364668669132,0.05225975378183766,6.124729132183779e-05,275990.508557564,0.003928728469053574,4.2930163768857935e-05,0.0017418653718483494,0.44336618974025527,38396.40301273198,473.7557199613237,-104.7035221373609,4236.193173169968,-3.986475862957639e-17,2.168404344971009e-19,2.0717561710625887e-07,-2.8421709430404007e-13,1,0,0.0,0.0,1.0507343212484899e-06,9.093352674918181e-08,0.0,0.0,8.405872130712197e-11,7.55591834662309e-12,0.0017418654559070706,0.00014400264531152376,0.0,0.0
-25.0,29.0,3062.70627062706,0.611,0.5383352462064624,11.892758395014328,-19.549949608231,-19.220078152393256,1.6873263739711102,0.1300754693574185,-18.588730064127645,-18.28929729389978,0.094259390320722,0.03341616921683804,0.094259390320722,PEM,0.07942992445171866,4.115591002874093,0.6667497043565804,0.052066624787087505,6.130061600236523e-05,275838.92449741246,0.003985865550331793,4.330657329148219e-05,0.0017709150966727558,0.4442987537613607,38973.271210413106,482.5056628651008,-105.59882385743443,4327.135988731721,-4.220256956399826e-17,-2.168404344971009e-19,2.0156312530161813e-07,-3.979039320256561e-13,1,0,0.0,0.0,1.0690302307786761e-06,9.147954765093172e-08,0.0,0.0,8.55802196575747e-11,7.607491752263686e-12,0.0017709151822529756,0.0001452486317295257,0.0,0.0
-25.0,29.2,3062.70627062706,0.613,0.5385426085966115,12.146393377388005,-19.4793879220992,-19.139574521497025,1.744476787264242,0.13395852117777846,-18.50796031944438,-18.208821065412906,0.0956242409272791,0.03377881639345493,0.0956242409272791,PEM,0.080291933428702,4.125613920168178,0.6666646166731226,0.05187308019620702,6.135378728375783e-05,275687.75507372327,0.004043002631610012,4.3683978237744276e-05,0.0018002088987704825,0.4452653294597535,39550.012199505356,491.3345413746843,-106.49634105750397,4419.367795813233,-4.433031632750106e-17,0.0,2.0834249880863354e-07,-3.979039320256561e-13,1,0,0.0,0.0,1.0874353670639373e-06,9.202568142630589e-08,0.0,0.0,8.711199380994066e-11,7.658870761829801e-12,0.0018002089858824763,0.00014646901814750418,0.0,0.0
-25.0,29.4,3069.30693069307,0.615,0.5385462119691551,12.43151024891787,-19.4091101680522,-19.05910899840248,1.8032829254884217,0.13793644764213123,-18.42617235737552,-18.126882053469785,0.09698962712582278,0.03414144227633396,0.09698962712582278,PEM,0.08115389179066783,4.135645741228066,0.6666702530884395,0.05179110795480451,6.15413753361993e-05,275532.48664976755,0.004100201283018916,4.4062384880187094e-05,0.0018297400926644762,0.44625616314067057,40127.31007524299,500.24010779277313,-107.39607899956094,4512.885547509243,-4.5719450360998115e-17,0.0,2.094593583024107e-07,-2.8421709430404007e-13,1,0,0.0,0.0,1.1059545940495918e-06,9.259613492827298e-08,0.0,0.0,8.86541643839731e-11,7.710852870162243e-12,0.0018297401813186405,0.00014765597718082138,0.0,0.0
-25.0,29.6,3046.20462046205,0.617,0.5394594884438607,12.567343850265686,-19.3394978439257,-18.97946456483038,1.861647505022479,0.1418512142078052,-18.35003384959728,-18.05255537726947,0.09835516889974714,0.03450395685540219,0.09835516889974714,PEM,0.08201558558450722,4.145679895170581,0.6662709217751293,0.05121197900225457,6.112353665518884e-05,275397.27285543457,0.004157246009101102,4.444180103623995e-05,0.0018595057224756561,0.44729268328234606,40702.774001090045,509.221354066707,-108.29801325655045,4607.686410014218,-4.6932401541466273e-17,-2.168404344971009e-19,2.1303912944858894e-07,-3.410605131648481e-13,1,0,0.0,0.0,1.1246064713344106e-06,9.325938642409269e-08,0.0,0.0,9.020651406017464e-11,7.761748381007599e-12,0.0018595058126821705,0.00014882815681764783,0.0,0.0
-25.0,29.8,3069.30693069307,0.619,0.5389540805806627,12.931489405385662,-19.2702731034892,-18.899585960260453,1.9236216385621823,0.14600895776914474,-18.2669154725765,-17.968715484163397,0.09972007393094898,0.03486621101546871,0.09972007393094898,PEM,0.0828766603647937,4.155708047998045,0.6665090578380142,0.051404332350167205,6.164707824686099e-05,275232.31362159003,0.0042142907351832865,4.4822298813763716e-05,0.0018894998033666724,0.4483553513743268,41278.1143961866,518.2760754218822,-109.20210423237091,4703.761383981029,-4.843673205578991e-17,-8.673617379884035e-19,2.1310643205652013e-07,-5.684341886080801e-13,1,0,0.0,0.0,1.1434901306342222e-06,9.441829649905836e-08,0.0,0.0,9.176891322189969e-11,7.811995808625239e-12,0.0018894998951355865,0.00014997041226708075,0.0,0.0
-25.0,30.0,3059.40594059406,0.621,0.5394578882785112,13.130774834378236,-19.2012196511554,-18.819981629353094,1.9854885717083441,0.1501239821977518,-18.188179486038024,-17.89054123148813,0.10108529455228021,0.03522817532493123,0.10108529455228021,PEM,0.08373704617288145,4.165735032383149,0.6662890824871693,0.05105160034604532,6.14981727053476e-05,275088.7866952249,0.004271458601526846,4.5204292879222003e-05,0.001919710189543301,0.44942731947749526,41854.69541275494,527.3991051747995,-110.10843360064332,4801.111345555711,-4.9256659948732073e-17,-6.505213034913027e-19,2.183724063797854e-07,-3.410605131648481e-13,1,0,0.0,0.0,1.1630188403709766e-06,9.764354868377227e-08,0.0,0.0,9.334210990774787e-11,7.865983429240936e-12,0.0019197102828854115,0.00015105193874912555,0.0,0.0
-25.0,30.2,3066.00660066007,0.622,0.5394534956858899,13.27114217268652,-19.1326071895612,-18.740537060767366,2.0492247862996287,0.15434774936313764,-18.107928520777023,-17.810471591713252,0.10245039642144588,0.03558980270040826,0.10245039642144588,PEM,0.08459663109200918,4.175752487251296,0.6663007498119268,0.05097321537155222,6.16857280186495e-05,274934.48475481605,0.004328595682805062,4.558833420607311e-05,0.001950137981862575,0.4505244020847949,42430.814097241935,536.5895954608804,-111.01693676400129,4899.7327137485645,-4.9785208507818757e-17,-4.336808689942018e-19,2.1590676624327898e-07,-4.547473508864641e-13,1,0,0.0,0.0,1.1837043878410172e-06,1.0342773735020367e-07,0.0,0.0,9.502194819176705e-11,8.39919142009594e-12,0.0019501380768845236,0.000152138969995561,0.0,0.0
-25.0,30.4,3066.00660066007,0.624,0.5396493373680554,13.517734396144965,-19.0642679707173,-18.66124210121629,2.1140380009348303,0.15861806417944144,-18.02845260775638,-17.73128081030029,0.10381553372609312,0.03595103045696993,0.10381553372609312,PEM,0.08545526612067965,4.185760440219517,0.6662201904768698,0.05078782595669821,6.173871339464941e-05,274784.55557369994,0.004385794334213969,4.59734992986374e-05,0.0019807748335564884,0.4516342269185513,43007.494370519446,545.8471129783846,-111.92766120729124,4999.623078187401,-5.563990023924048e-17,-8.673617379884035e-19,2.1906362235313281e-07,-5.684341886080801e-13,1,0,0.0,0.0,1.204587347572981e-06,1.0441479865981903e-07,0.0,0.0,9.676793433342022e-11,8.729930708265886e-12,0.0019807749303244237,0.0001531842671995007,0.0,0.0
-25.0,30.6,3059.40594059406,0.625,0.5400428197126028,13.59314884598355,-18.9964144354131,-18.582365086645837,2.1796184231240705,0.1629130463957369,-17.95074738610336,-17.65448422497269,0.10518046190104466,0.03631181401634752,0.10518046190104466,PEM,0.08631284529676139,4.1957546331402575,0.6660515853478395,0.050495125842494964,6.165638163595678e-05,274639.1391301652,0.0044429314154921865,4.635966580758093e-05,0.002011618465988659,0.45276829144251207,43583.373609753864,555.1711097941193,-112.84058675777563,5100.779323479253,-5.568055782070869e-17,-1.734723475976807e-18,2.1270716388244182e-07,-1.1368683772161603e-12,1,0,0.0,0.0,1.2255909553747603e-06,1.0501803900889505e-07,0.0,0.0,9.85253936576981e-11,8.78729662138924e-12,0.002011618564514054,0.00015421817094815038,0.0,0.0
-25.0,30.8,3059.40594059406,0.627,0.5402336409842659,13.838334771249466,-18.9290413002308,-18.503758802210513,2.246719689998785,0.16728852734858068,-17.872468453248075,-17.576832058314835,0.10654477087681982,0.036672077946065876,0.10654477087681982,PEM,0.08716918931796025,4.20573120194101,0.6659754269892726,0.050311681579818655,6.170887577474328e-05,274489.7334700757,0.004500006926639717,4.6746822695616956e-05,0.0020426641612070586,0.45392467045209056,44158.453745238585,564.5600385456983,-113.75568944034906,5203.195745594776,-5.793705359219414e-17,-1.3010426069826053e-18,2.1018058760091662e-07,-7.958078640513122e-13,1,0,0.0,0.0,1.246714182811025e-06,1.0561613718132395e-07,0.0,0.0,1.0029423976755002e-10,8.844230549259671e-12,0.0020426642615013,0.00015522848493622874,0.0,0.0
-25.0,31.0,3059.40594059406,0.628,0.5404225745206358,13.945449917096212,-18.8620356699279,-18.42535762294679,2.3151162187510423,0.17172580233262186,-17.794226380060508,-17.49908741779413,0.10790847305576967,0.037031769621771536,0.10790847305576967,PEM,0.08802417309667586,4.215689611443697,0.6658990029122686,0.05013032465603812,6.176142316609125e-05,274340.4456872035,0.004557082437787248,4.7134976158289244e-05,0.002073904730935227,0.4550948461538561,44733.41754584793,574.011485770492,-114.67297965977227,5306.868072070874,-6.184695767671999e-17,-1.3010426069826053e-18,2.12734448723495e-07,-9.094947017729282e-13,1,0,0.0,0.0,1.2679590492174352e-06,1.0622433203205158e-07,0.0,0.0,1.0207467338272073e-10,8.902168075853581e-12,0.0020739048330099016,0.00015620285754300962,0.0,0.0
-25.0,31.2,3066.00660066007,0.629,0.5404094684383505,14.08434524032584,-18.7952853800418,-18.34699000988283,2.385147983094753,0.17624810722647172,-17.7149540311961,-17.419874514661558,0.10927172380668648,0.037390861040833515,0.10927172380668648,PEM,0.08887773007091399,4.225629516563651,0.6659133796966048,0.05005872353136841,6.19495305375212e-05,274186.62827817723,0.0046142195190654635,4.752413263426375e-05,0.0021053342395095306,0.45627093180342065,45308.947894168334,583.5234547579369,-115.59247035580107,5411.793304652312,-6.35613523619627e-17,-1.3010426069826053e-18,2.1534287952817976e-07,-4.547473508864641e-13,1,0,0.0,0.0,1.2893270078144566e-06,1.0683979298510723e-07,0.0,0.0,1.0386684211085237e-10,8.96084364065823e-12,0.002105334343376374,0.0001571475518323632,0.0,0.0
-25.0,31.4,3066.00660066007,0.631,0.5405934507593645,14.32750384162211,-18.7287861310029,-18.268788081610097,2.4561017792356483,0.18080176664421432,-17.636766149569212,-17.342065766740546,0.110634783204115,0.03774934269829303,0.110634783204115,PEM,0.0897298376474757,4.235551349571684,0.6658367669784352,0.04988246366472152,6.200242885737559e-05,274036.8847684959,0.004671418170474371,4.791430015423758e-05,0.0021369476205678473,0.45745157949557863,45885.0458349834,593.0942361866962,-116.51417721915311,5517.970266693814,-6.880618037136133e-17,-4.336808689942018e-19,2.204451448051259e-07,-4.547473508864641e-13,1,0,0.0,0.0,1.3108194553494453e-06,1.0746223767494392e-07,0.0,0.0,1.0567088428811388e-10,9.020210886307596e-12,0.002136947726238732,0.00015806691431179015,0.0,0.0
-25.0,31.6,3069.30693069307,0.632,0.540675510594297,14.450077437611238,-18.6625870154186,-18.190724494843607,2.528387517685262,0.1854168404798799,-17.558410546220983,-17.264027199011764,0.11199757480826587,0.038107193588212976,0.11199757480826587,PEM,0.09058044589544324,4.245453367723176,0.6658069099772643,0.049761056041427595,6.212315328384555e-05,273884.79395702184,0.00472864760694862,4.830547317948099e-05,0.00216874197292652,0.458638949906018,46461.37250652284,602.7228754832125,-117.43808806889214,5625.396582928064,-6.946347793843066e-17,4.336808689942018e-19,2.293581928825006e-07,0.0,1,0,0.0,0.0,1.332435959762522e-06,1.0808252206538177e-07,0.0,0.0,1.0748671035618433e-10,9.079130340352095e-12,0.00216874208041323,0.0001589717708724868,0.0,0.0
-25.0,31.8,3062.70627062706,0.633,0.5410533236391818,14.525541289228785,-18.5967899791813,-18.1130352483097,2.601280820040189,0.19004071126505734,-17.48200204539154,-17.188544710565736,0.11335996181293516,0.038464384407164334,0.11335996181293516,PEM,0.09142948516083749,4.2553344615772435,0.6656418886029142,0.04948161205125299,6.204022371802233e-05,273739.29743515124,0.004785846258357524,4.8697651971792924e-05,0.0022007136504464116,0.4598379328636613,47037.24803579179,612.4081546929334,-118.36419080441568,5734.0695205236725,-7.018176187770231e-17,0.0,2.3066877474775538e-07,0.0,1,0,0.0,0.0,1.3541820023449917e-06,1.0873021291234891e-07,0.0,0.0,1.0931428455276718e-10,9.13787098291428e-12,0.002200713759760696,0.00015985839673733206,0.0,0.0
-25.0,32.0,3062.70627062706,0.634,0.5412305245928777,14.632409370208569,-18.5314429371323,-18.035620335411153,2.6755747159205048,0.1947315260288451,-17.405126630776863,-17.11238571605668,0.11472152601032201,0.03882086695256429,0.11472152601032201,PEM,0.09227684086656593,4.265191736515503,0.6655698053094614,0.049309029289998384,6.209281041946578e-05,273589.6701184446,0.004842983339635743,4.9090858753569536e-05,0.002232859655372435,0.46105045150545076,47612.334012093066,622.1490058353073,-119.29245367025538,5843.983827825411,-7.060866648311848e-17,0.0,2.3657230485696346e-07,1.1368683772161603e-13,1,0,0.0,0.0,1.3760974572367631e-06,1.0957727445885752e-07,0.0,0.0,1.1115343590892746e-10,9.195756780801427e-12,0.002232859766525871,0.00016073003382587365,0.0,0.0
-25.0,32.2,3059.40594059406,0.635,0.5415050239542598,14.723618274919717,-18.4664871207278,-17.95849897121232,2.7508651006248113,0.19945859226320573,-17.32891818083013,-17.036983495955383,0.1160821824620685,0.03917660039171876,0.1160821824620685,PEM,0.09312241595369328,4.275025275564726,0.6654522009313858,0.04908544759554268,6.207738919116224e-05,273442.3918891476,0.004900089635848616,4.948529451616203e-05,0.002265173857264423,0.4622719226792536,48186.97168246041,631.9428295582793,-120.2228740286551,5955.135058449563,-7.243825764918776e-17,-4.336808689942018e-19,2.435344867990352e-07,0.0,1,0,0.0,0.0,1.3984050742880804e-06,1.115380852565847e-07,0.0,0.0,1.130043028421046e-10,9.254334665885601e-12,0.0022651739702687266,0.00016157101871427663,0.0,0.0
-25.0,32.3999999999999,3066.00660066007,0.636,0.5414808107587643,14.861507742332659,-18.4018111821687,-17.881435204049836,2.8278519596109457,0.20427072731456436,-17.25126871732749,-16.95955615426601,0.11744193491600641,0.039531558657822756,0.11744193491600641,PEM,0.09396614846166569,4.284834895504989,0.6654714761031392,0.04902161616356958,6.226612959552008e-05,273288.4830435036,0.004957226717126804,4.98817281449564e-05,0.002297651015780726,0.46349524580801077,48761.8427318391,641.7858928962592,-121.1554402455063,6067.519131147766,-7.473541100214143e-17,0.0,2.4027121980907395e-07,-1.1368683772161603e-13,1,0,0.0,0.0,1.4219033943913435e-06,1.1749160051637682e-07,0.0,0.0,1.1489468255724676e-10,9.451898575715657e-12,0.002297651130675409,0.0001623858020334954,0.0,0.0
-25.0,32.6,3066.00660066007,0.637,0.5416520883487725,14.968274984494107,-18.3373574064374,-17.804526520960252,2.905712495357123,0.20910692658489288,-17.174574349899558,-16.883317573174736,0.11880107984227789,0.039885738891429434,0.11880107984227789,PEM,0.09480803159360454,4.294622424524231,0.665398912633921,0.04885539614936054,6.231900491649184e-05,273138.6950544249,0.005014425368535739,5.0279781702840964e-05,0.002330285367082077,0.46471633254411027,49337.2878611514,651.6775528669083,-122.09017807109866,6181.134493376866,-7.527073582480615e-17,-4.336808689942018e-19,2.3079701350070536e-07,-1.1368683772161603e-13,1,0,0.0,0.0,1.4460700762011562e-06,1.2083340904900166e-07,0.0,0.0,1.1693202841515165e-10,1.0186729289519245e-11,0.002330285484014106,0.0001631717666934014,0.0,0.0
-25.0,32.7999999999999,3062.70627062706,0.638,0.5419189975850881,15.059718246851398,-18.2732798935056,-17.727935809867887,2.984379853074595,0.2139638659073502,-17.09898088577728,-16.808562039278684,0.12015948373451119,0.040239134121861295,0.12015948373451119,PEM,0.09564804878027405,4.304386082337744,0.6652828655610336,0.048638413936831555,6.23035646692957e-05,272991.0589865965,0.005071593234879269,5.067883592979641e-05,0.002363075596935419,0.46594343976241087,49912.28921905692,661.6187127501903,-123.02707864757544,6295.978362431481,-7.596869097334369e-17,4.336808689942018e-19,2.2907715901965275e-07,2.2737367544323206e-13,1,0,0.0,0.0,1.4703721136010295e-06,1.2151018699942926e-07,0.0,0.0,1.1898235506192065e-10,1.0251633233850358e-11,0.002363075715917774,0.0001639511595184257,0.0,0.0
-25.0,33.0,3066.00660066007,0.639,0.5419874999471808,15.181924890895033,-18.2095202811312,-17.651492504303235,3.0644836778385516,0.2188855129806463,-17.022582783455107,-16.73264279370062,0.12151696209312773,0.04059171267682055,0.12151696209312773,PEM,0.09648612473691598,4.31412528353474,0.6652585552352422,0.048526873812757915,6.242450438725165e-05,272839.06935484,0.005128761101222858,5.107888560831859e-05,0.002396017483110617,0.4671727607938944,50487.187972356915,671.6079760711403,-123.96612968376255,6412.046485246488,-7.659888348610089e-17,4.336808689942018e-19,2.15570253203623e-07,1.1368683772161603e-13,1,0,0.0,0.0,1.4948095986367091e-06,1.2218742517833563e-07,0.0,0.0,1.2104568284564193e-10,1.0316638918601082e-11,0.0023960176041562995,0.0001647094411925436,0.0,0.0
-25.0,33.1999999999999,3059.40594059406,0.64,0.5423486220178458,15.258027809711589,-18.1461262895538,-17.575410867481935,3.1451088401187195,0.22380656958956788,-16.947993482532127,-16.65906057432767,0.12287349727583373,0.04094345858899398,0.12287349727583373,PEM,0.0973222215093748,4.32384050113342,0.6650979074173324,0.048261416960111735,6.234062783329423e-05,272693.69004526094,0.005185898182501046,5.147993100804827e-05,0.0024291067014507845,0.4684061691853887,51061.645341943404,681.6439007939094,-124.90732921636207,6529.335764091948,-7.746624522408929e-17,-1.3010426069826053e-18,2.198503352701664e-07,-1.1368683772161603e-13,1,0,0.0,0.0,1.5193831154052473e-06,1.2286758384275038e-07,0.0,0.0,1.2312207892803014e-10,1.0381980411946105e-11,0.0024291068245728647,0.00016544610208290615,0.0,0.0
-25.0,33.3999999999999,3066.00660066007,0.641,0.5423154219637508,15.395409990054477,-18.0830401222479,-17.499416981792024,3.2274614031179136,0.2288117366261765,-16.871663103437356,-16.583081132942993,0.12422888948149584,0.04129434639105859,0.12422888948149584,PEM,0.09815627856205987,4.333530626786952,0.6651208473635996,0.0482041688843066,6.25299493376069e-05,272539.5190024064,0.0052430352637792615,5.188196416188994e-05,0.0024623398773558386,0.4696401518346733,51636.002713247726,691.7253794804575,-125.85066079202036,6647.841460109788,-7.92212974908002e-17,-8.673617379884035e-19,2.172937456634827e-07,-1.1368683772161603e-13,1,0,0.0,0.0,1.5440919138886826e-06,1.2354399241717893e-07,0.0,0.0,1.2521148339168562e-10,1.0447022318277583e-11,0.002462340002567323,0.00016616588997229496,0.0,0.0
-25.0,33.5999999999999,3066.00660066007,0.642,0.5424767558182703,15.502062956655724,-18.020151906979,-17.423568016824873,3.3106485074805345,0.2338353958242508,-16.796163896984922,-16.508081888781305,0.12558340916943356,0.0416443693722834,0.12558340916943356,PEM,0.09898827994362586,4.3431984323251625,0.6650511913197449,0.04804607731578024,6.258286973331926e-05,272389.49089522526,0.005300233915188169,5.228499855105829e-05,0.0024957103924723115,0.4708679715664415,52210.9393043479,701.8501714769072,-126.79614851546566,6767.561657881272,-8.245357521752261e-17,-1.3010426069826053e-18,2.1764208213426173e-07,-2.2737367544323206e-13,1,0,0.0,0.0,1.568939460320103e-06,1.2423773215710027e-07,0.0,0.0,1.2731423605891952e-10,1.0513763336169366e-11,0.002495710519786549,0.00016685258609612662,0.0,0.0
-25.0,33.7999999999999,3072.60726072607,0.642,0.5424406352480429,15.50768921370049,-17.9574570413802,-17.347760398125047,3.395228187655967,0.23891632419447928,-16.719852669410557,-16.431984159226545,0.12693710898419588,0.04199353103012147,0.12693710898419588,PEM,0.09981823396748625,4.352843931184959,0.6650734154836475,0.04799237741349681,6.277283048322985e-05,272234.73500737216,0.00535749413672776,5.268903208328726e-05,0.0025292157142982937,0.4720893107394203,52786.45668125623,712.0174364938326,-127.74378815819274,6888.494284412489,-8.328027937404281e-17,-1.3010426069826053e-18,2.0724382920889184e-07,-1.1368683772161603e-13,1,0,0.0,0.0,1.593925624846559e-06,1.2493082263228234e-07,0.0,0.0,1.2943030772449481e-10,1.0580358327876698e-11,0.0025292158437286026,0.00016752661971027266,0.0,0.0
-25.0,33.9999999999999,3062.70627062706,0.643,0.5428900510114827,15.569198909567236,-17.8951079224325,-17.27238311005945,3.479860613706781,0.2439619500745221,-16.646489996023945,-16.359790555910024,0.12828996541405296,0.04234183020341313,0.12828996541405296,PEM,0.1006461378735753,4.362467409589973,0.6648686353272979,0.04768409529048357,6.262025882235086e-05,272090.9349762839,0.005414723573202009,5.309406409177045e-05,0.002562853463529265,0.4733119666926442,53361.53759064397,722.2263833462137,-128.69357106323312,7010.637594735461,-8.4696518461852e-17,0.0,2.0662901079049334e-07,0.0,1,0,0.0,0.0,1.6190528499079472e-06,1.2563612530693944e-07,0.0,0.0,1.315596584531053e-10,1.064675364305227e-11,0.0025628535950889234,0.0001681887568016013,0.0,0.0
-25.0,34.1999999999999,3069.30693069307,0.643,0.5428505580315529,15.575340897114634,-17.8330990682988,-17.197125579373704,3.5662533275309447,0.24909180967037614,-16.571097703773887,-16.284849222641753,0.12964154352147886,0.042689235727996225,0.12964154352147886,PEM,0.10147191758496844,4.37206655559182,0.6648939696925391,0.047631649540370184,6.281021097749088e-05,271936.24327861227,0.005471922224610913,5.3500096004508914e-05,0.002596622156842811,0.4745356476676616,53936.184058445615,732.4765054460266,-129.64546134811437,7133.986179265372,-8.571295799855716e-17,-1.3010426069826053e-18,2.1848154574399814e-07,-4.547473508864641e-13,1,0,0.0,0.0,1.6443401893891486e-06,1.2643669740600544e-07,0.0,0.0,1.337020592068294e-10,1.0712003768620345e-11,0.002596622290544872,0.0001688434772797399,0.0,0.0
-25.0,34.3999999999999,3062.70627062706,0.644,0.5431990515061043,15.65232119470431,-17.7713730337817,-17.122185875441346,3.6529938182396506,0.2542057516920665,-16.497681845271188,-16.21239679378624,0.13099195745279169,0.0430357298041402,0.13099195745279169,PEM,0.10229553079187116,4.381643925567288,0.6647356198641724,0.04737753124842996,6.272587750223561e-05,271790.3724216666,0.005529120876019817,5.390724387312493e-05,0.0026305153179688135,0.47575652204992336,54510.73522277278,742.7653257759617,-130.59947383394626,7258.537293999016,-8.896556451601367e-17,-8.673617379884035e-19,2.1007235773140565e-07,-2.2737367544323206e-13,1,0,0.0,0.0,1.6699083279741969e-06,1.27840692925244e-07,0.0,0.0,1.3585782111339422e-10,1.0778809532824347e-11,0.0026305154538266355,0.0001694658164088219,0.0,0.0
-25.0,34.5999999999999,3062.70627062706,0.644,0.5433506544863528,15.628780359261993,-17.7100291967992,-17.047520469931214,3.7408675022835345,0.2593598506861736,-16.42390791167412,-16.139449038461805,0.1323409181665157,0.0433812995211941,0.1323409181665157,PEM,0.10311694680578583,4.3911973222805685,0.6646709732213663,0.047225932107309285,6.27785629960356e-05,271640.2178865008,0.005586257957298036,5.431594533973797e-05,0.002664532308887275,0.4769798189154977,55084.51519275772,753.0914362119843,-131.5555724744578,7384.286201764601,-9.023950206868414e-17,0.0,2.0884999685222283e-07,0.0,1,0,0.0,0.0,1.696249796682629e-06,1.317073435421583e-07,0.0,0.0,1.3802665849743125e-10,1.0844186920184987e-11,0.0026645324469139336,0.00017008496543648836,0.0,0.0
-25.0,34.7999999999999,3062.70627062706,0.644,0.543501033418183,15.605429593449847,-17.6489579867738,-16.973049539956378,3.8297357120117352,0.26454234452101955,-16.35014295221208,-16.066369870327435,0.13368842834395034,0.04372592161775065,0.13368842834395034,PEM,0.10393611033456299,4.400728101131097,0.6646057790442912,0.04707600439002979,6.283132766191913e-05,271490.1132571489,0.005643395038576255,5.472683226824303e-05,0.0026986674144407943,0.4781992747262343,55658.202517042075,763.4515681845278,-132.51375431223735,7511.228792980064,-9.94891018527011e-17,0.0,2.0776496967300773e-07,4.547473508864641e-13,1,0,0.0,0.0,1.7239104589816468e-06,1.3830331149509227e-07,0.0,0.0,1.40325292074348e-10,1.1493167884583965e-11,0.0026986675547660864,0.00017067553926076762,0.0,0.0
-25.0,34.9999999999999,3072.60726072607,0.644,0.5433596614477838,15.627381762766493,-17.5879985360918,-16.89851336666561,3.9202025631928294,0.26979173956874836,-16.274715997089288,-15.99097878157886,0.13503468446882447,0.044069593671984555,0.13503468446882447,PEM,0.10475301562154636,4.410238009606407,0.6646768879319794,0.047079187748119394,6.30907998710398e-05,271333.0533264404,0.005700624475050504,5.513881417300388e-05,0.0027329154813111487,0.47940633403798044,56232.81459875941,773.8467397568437,-133.47404922726605,7639.362439156821,-1.0150842839895535e-16,4.336808689942018e-19,2.0770676201209426e-07,5.684341886080801e-13,1,0,0.0,0.0,1.7517835368391675e-06,1.393653892876017e-07,0.0,0.0,1.4269567679757754e-10,1.1851923616147589e-11,0.002732915624006825,0.00017124034620369133,0.0,0.0
