time_s,j_A_cm2,charge_C_cm2,stopped,T1_C,T2_C,T3_C,T4_C,T5_C,TEL_C,TER_C,cell1_q_W_cm2,cell2_q_W_cm2,cell3_q_W_cm2,cell4_q_W_cm2,cell5_q_W_cm2,cell1_V_V,cell2_V_V,cell3_V_V,cell4_V_V,cell5_V_V,cell1_ice_bulk,cell2_ice_bulk,cell3_ice_bulk,cell4_ice_bulk,cell5_ice_bulk,cell1_pore_ice_bulk,cell2_pore_ice_bulk,cell3_pore_ice_bulk,cell4_pore_ice_bulk,cell5_pore_ice_bulk,cell1_mem_ice_bulk,cell2_mem_ice_bulk,cell3_mem_ice_bulk,cell4_mem_ice_bulk,cell5_mem_ice_bulk,cell1_pore_ice_saturation,cell2_pore_ice_saturation,cell3_pore_ice_saturation,cell4_pore_ice_saturation,cell5_pore_ice_saturation,cell1_lambda,cell2_lambda,cell3_lambda,cell4_lambda,cell5_lambda,cell1_j_over_jlim,cell2_j_over_jlim,cell3_j_over_jlim,cell4_j_over_jlim,cell5_j_over_jlim,cell1_gas_porosity,cell2_gas_porosity,cell3_gas_porosity,cell4_gas_porosity,cell5_gas_porosity,cell1_state,cell2_state,cell3_state,cell4_state,cell5_state,cell1_risk,cell2_risk,cell3_risk,cell4_risk,cell5_risk,cell1_rT_K_s,cell2_rT_K_s,cell3_rT_K_s,cell4_rT_K_s,cell5_rT_K_s,cell1_rV_V_s,cell2_rV_V_s,cell3_rV_V_s,cell4_rV_V_s,cell5_rV_V_s,cell1_ice_est,cell2_ice_est,cell3_ice_est,cell4_ice_est,cell5_ice_est,E_aux_J,E_gen_J,E_phase_J,E_loss_J,E_sensible_J,energy_residual_J,water_residual_kg,water_inventory_kg,water_produced_kg,water_out_kg,observer_T1_C,observer_T2_C,observer_T3_C,observer_T4_C,observer_T5_C,observer_TEL_C,observer_TER_C,cell1_observer_voltage_V,cell2_observer_voltage_V,cell3_observer_voltage_V,cell4_observer_voltage_V,cell5_observer_voltage_V,cell1_sensor_temperature_C,cell2_sensor_temperature_C,cell3_sensor_temperature_C,cell4_sensor_temperature_C,cell5_sensor_temperature_C,cell1_sensor_voltage_V,cell2_sensor_voltage_V,cell3_sensor_voltage_V,cell4_sensor_voltage_V,cell5_sensor_voltage_V,cell1_observer_ice_bulk,cell2_observer_ice_bulk,cell3_observer_ice_bulk,cell4_observer_ice_bulk,cell5_observer_ice_bulk,cell1_filtered_temperature_C,cell2_filtered_temperature_C,cell3_filtered_temperature_C,cell4_filtered_temperature_C,cell5_filtered_temperature_C,cell1_filtered_voltage_V,cell2_filtered_voltage_V,cell3_filtered_voltage_V,cell4_filtered_voltage_V,cell5_filtered_voltage_V
0,0,0,0,-13.6030547554,-13.5176892032,-13.4943856114,-13.5176890386,-13.6030620948,-13.734414793,-13.7344376359,0,0,0,0,0,1.25308644035,1.25301100958,1.25299041804,1.25301100943,1.25308644683,0,0,0,0,0,0,0,0,0,0,0,0,0,0,0,0,0,0,0,0,3,3,3,3,3,0,0,0,0,0,0.3916,0.3916,0.3916,0.3916,0.3916,0,0,0,0,0,0,0,0,0,0,0,0,0,0,5.61435839e-15,0,0,0,0,0,0,0,0,0,0,0,0,0,0,0,0,0,1.7415e-05,0,0,-13.6030547554,-13.5176892032,-13.4943856114,-13.5176890386,-13.6030620948,-13.734414793,-13.7344376359,1.25308644035,1.25301100958,1.25299041804,1.25301100943,1.25308644683,-13.6030547554,-13.5176892032,-13.4943856114,-13.5176890386,-13.6030620948,1.25308644035,1.25301100958,1.25299041804,1.25301100943,1.25308644683,0,0,0,0,0,-13.6030547554,-13.5176892032,-13.4943856114,-13.5176890386,-13.6030620948,1.25308644035,1.25301100958,1.25299041804,1.25301100943,1.25308644683
0.025,0.000125,1.5625e-06,0,-13.5526417327,-13.4369908042,-13.4437405919,-13.4369906614,-13.5526491037,-13.7343494353,-13.7343722726,1,1,0.624511558772,1,1,0.961569153301,0.961958062273,0.961933548161,0.961958062749,0.96156912865,3.24680440499e-10,3.22770485532e-10,3.22248671161e-10,3.22770481891e-10,3.24680604645e-10,1.49613030448e-10,1.48511280227e-10,1.48210707895e-10,1.48511278103e-10,1.49613125218e-10,3.24680440499e-10,3.22770485532e-10,3.22248671161e-10,3.22770481891e-10,3.24680604645e-10,3.55628786423e-10,3.53009936361e-10,3.52295478713e-10,3.53009931312e-10,3.55629011691e-10,2.99992609523,2.99992609524,2.99992609524,2.99992609524,2.99992609523,4.23294614729e-06,4.23151034179e-06,4.23205512723e-06,4.23151034099e-06,4.23294620788e-06,0.3916,0.3916,0.3916,0.3916,0.3916,0,0,0,0,0,0,0,0,0,0,0,0,0,0,5.61435839e-15,0,0,0,0,0,0,0,0,0,0,2.89031972423,9.51506198525e-05,-0.00107931541603,0.082236772909,2.80709878653,-1.85310100598e-13,-3.2134974181e-21,1.74145963341e-05,1.82185054672e-11,4.21884430751e-10,-13.5526417327,-13.4369908042,-13.4437405919,-13.4369906614,-13.5526491037,-13.7343494353,-13.7343722726,0.961569153301,0.961958062273,0.961933548161,0.961958062749,0.96156912865,-13.6030547554,-13.5176892032,-13.4943856114,-13.5176890386,-13.6030620948,1.25308644035,1.25301100958,1.25299041804,1.25301100943,1.25308644683,3.24680440499e-10,3.22770485532e-10,3.22248671161e-10,3.22770481891e-10,3.24680604645e-10,-13.6030547554,-13.5176892032,-13.4943856114,-13.5176890386,-13.6030620948,1.25308644035,1.25301100958,1.25299041804,1.25301100943,1.25308644683
0.05,0.00025,6.25e-06,0,-13.5023313619,-13.356455979,-13.3929173818,-13.3564558581,-13.5023387646,-13.7342660115,-13.7342888433,1,1,0.624511558772,1,1,0.930694814233,0.931167675202,0.93104813837,0.931167675591,0.930694790356,7.9306054425e-10,7.86058541377e-10,7.86048404e-10,7.8605853186e-10,7.9306101881e-10,7.9306054425e-10,7.86058541377e-10,7.86048404e-10,7.8605853186e-10,7.9306101881e-10,3.24680440499e-10,3.22770485532e-10,3.22248671161e-10,3.22770481891e-10,3.24680604645e-10,1.8850975618e-09,1.86845386588e-09,1.86842976943e-09,1.86845384326e-09,1.88509868983e-09,2.99985853679,2.99985851486,2.99985852634,2.99985851486,2.99985853679,8.46506221206e-06,8.46167214147e-06,8.46326300503e-06,8.46167214024e-06,8.46506233374e-06,0.3916,0.3916,0.3916,0.3916,0.3916,0,0,0,0,0,0,0,0,0,0,0,0,0,0,5.61435839e-15,0,0,0,0,0,0,0,0,0,0,5.78063944846,0.000409304173072,-0.00206758588405,0.164725097593,5.61425606916,-3.30679927885e-13,8.1606330512e-22,1.74142549495e-05,7.28740218687e-11,8.17924553304e-10,-13.5023313619,-13.356455979,-13.3929173818,-13.3564558581,-13.5023387646,-13.7342660115,-13.7342888433,0.930694814233,0.931167675202,0.93104813837,0.931167675591,0.930694790356,-13.6030547554,-13.5176892032,-13.4943856114,-13.5176890386,-13.6030620948,1.25308644035,1.25301100958,1.25299041804,1.25301100943,1.25308644683,7.9306054425e-10,7.86058541377e-10,7.86048404e-10,7.8605853186e-10,7.9306101881e-10,-13.6030547554,-13.5176892032,-13.4943856114,-13.5176890386,-13.6030620948,1.25308644035,1.25301100958,1.25299041804,1.25301100943,1.25308644683
0.075,0.000375,1.40625e-05,0,-13.4521247582,-13.2760856621,-13.3419200003,-13.2760855631,-13.4521321924,-13.7341645657,-13.7341873919,1,1,0.624511558772,1,1,0.912683494503,0.913241625621,0.913031951149,0.913241625932,0.912683471042,2.27377188782e-09,2.25009737346e-09,2.25412815069e-09,2.25009734987e-09,2.27377321715e-09,2.27377188782e-09,2.25009737346e-09,2.25412815069e-09,2.25009734987e-09,2.27377321715e-09,3.24680440499e-10,3.22770485532e-10,3.22248671161e-10,3.22770481891e-10,3.24680604645e-10,5.40473469888e-09,5.34846059772e-09,5.35804171782e-09,5.34846054165e-09,5.4047378587e-09,2.99979095666,2.99979091192,2.99979093697,2.99979091192,2.99979095666,1.26964244801e-05,1.26906067052e-05,1.26936931194e-05,1.26906067038e-05,1.26964246633e-05,0.3916,0.3916,0.3916,0.3916,0.3916,0,0,0,0,0,0,0,0,0,0,0,0,0,0,5.61435839e-15,0,0,0,0,0,0,0,0,0,0,8.6709591727,0.000955053833315,-0.00305760438783,0.247464455216,8.42139216693,-9.52016243616e-14,6.84852607635e-21,1.74139500226e-05,1.63966549205e-10,1.21394396479e-09,-13.4521247582,-13.2760856621,-13.3419200003,-13.2760855631,-13.4521321924,-13.7341645657,-13.7341873919,0.912683494503,0.913241625621,0.913031951149,0.913241625932,0.912683471042,-13.6030547554,-13.5176892032,-13.4943856114,-13.5176890386,-13.6030620948,1.25308644035,1.25301100958,1.25299041804,1.25301100943,1.25308644683,2.27377188782e-09,2.25009737346e-09,2.25412815069e-09,2.25009734987e-09,2.27377321715e-09,-13.6030547554,-13.5176892032,-13.4943856114,-13.5176890386,-13.6030620948,1.25308644035,1.25301100958,1.25299041804,1.25301100943,1.25308644683
0.1,0.0005,2.5e-05,0,-13.4020214853,-13.1958784942,-13.2907501403,-13.195878417,-13.4020289508,-13.7340451413,-13.734067962,1,1,0.624511558772,1,1,0.899937356889,0.900580569477,0.900283945646,0.900580569716,0.899937333695,4.92918485642e-09,4.86978663712e-09,4.88697196245e-09,4.86978659302e-09,4.92918770854e-09,4.92918485642e-09,4.86978663712e-09,4.88697196245e-09,4.86978659302e-09,4.92918770854e-09,3.24680440499e-10,3.22770485532e-10,3.22248671161e-10,3.22770481891e-10,3.24680604645e-10,1.17166267089e-08,1.15754376922e-08,1.16162870512e-08,1.15754375874e-08,1.17166334883e-08,2.9997235128,2.99972344279,2.99972348369,2.99972344279,2.99972351281,1.69270151103e-05,1.69182851997e-05,1.69233210788e-05,1.69182851987e-05,1.69270153556e-05,0.3916,0.3916,0.3916,0.3916,0.3916,0,0,0,0,0,0,0,0,0,0,0,0,0,0,5.61435839e-15,0,0,0,0,0,0,0,0,0,0,11.5612788969,0.00173946825983,-0.00404761603763,0.330454329126,11.22851642,1.96953564569e-13,8.52776889428e-21,1.74136815134e-05,2.91496087475e-10,1.60998267655e-09,-13.4020214853,-13.1958784942,-13.2907501403,-13.195878417,-13.4020289508,-13.7340451413,-13.734067962,0.899937356889,0.900580569477,0.900283945646,0.900580569716,0.899937333695,-13.6030547554,-13.5176892032,-13.4943856114,-13.5176890386,-13.6030620948,1.25308644035,1.25301100958,1.25299041804,1.25301100943,1.25308644683,4.92918485642e-09,4.86978663712e-09,4.88697196245e-09,4.86978659302e-09,4.92918770854e-09,-13.6030547554,-13.5176892032,-13.4943856114,-13.5176890386,-13.6030620948,1.25308644035,1.25301100958,1.25299041804,1.25301100943,1.25308644683
0.125,0.000625,3.90625e-05,0,-13.3520211743,-13.1158332272,-13.2394095777,-13.1158331719,-13.352028671,-13.7339077819,-13.7339305971,1,1,0.624511558772,1,1,0.890075560231,0.890803343577,0.890422265249,0.890803343746,0.890075537226,9.0925075385e-09,8.96777857852e-09,9.01474549119e-09,8.96777850936e-09,9.09251277635e-09,9.0925075385e-09,8.96777857852e-09,9.01474549119e-09,8.96777850936e-09,9.09251277635e-09,3.24680440499e-10,3.22770485532e-10,3.22248671161e-10,3.22770481891e-10,3.24680604645e-10,2.16128061291e-08,2.13163265475e-08,2.14279664635e-08,2.13163263831e-08,2.16128185794e-08,2.99965623872,2.99965614104,2.99965620001,2.99965614104,2.99965623872,2.11568368593e-05,2.1144711619e-05,2.11521431313e-05,2.11447116186e-05,2.11568371671e-05,0.3916,0.3916,0.3916,0.3916,0.3916,0,0,0,0,0,0,0,0,0,0,0,0,0,0,5.61435839e-15,0,0,0,0,0,0,0,0,0,0,14.4515986212,0.002767492399,-0.00503762887121,0.413694204513,14.0356342802,2.92932345047e-13,5.91731922996e-21,1.74134494155e-05,4.55462636679e-10,2.00604709567e-09,-13.3520211743,-13.1158332272,-13.2394095777,-13.1158331719,-13.352028671,-13.7339077819,-13.7339305971,0.890075560231,0.890803343577,0.890422265249,0.890803343746,0.890075537226,-13.6030547554,-13.5176892032,-13.4943856114,-13.5176890386,-13.6030620948,1.25308644035,1.25301100958,1.25299041804,1.25301100943,1.25308644683,9.0925075385e-09,8.96777857852e-09,9.01474549119e-09,8.96777850936e-09,9.09251277635e-09,-13.6030547554,-13.5176892032,-13.4943856114,-13.5176890386,-13.6030620948,1.25308644035,1.25301100958,1.25299041804,1.25301100943,1.25308644683
0.15,0.00075,5.625e-05,0,-13.3021234757,-13.0359486539,-13.1879001008,-13.0359486202,-13.3021310034,-13.7337525308,-13.7337753405,1,1,0.624511558772,1,1,0.882037723606,0.882849490837,0.882386069235,0.882849490938,0.882037700738,1.50927452338e-08,1.48602605532e-08,1.49632438017e-08,1.4860260458e-08,1.50927539172e-08,1.50927452338e-08,1.48602605532e-08,1.49632438017e-08,1.4860260458e-08,1.50927539172e-08,3.24680440499e-10,3.22770485532e-10,3.22248671161e-10,3.22770481891e-10,3.24680604645e-10,3.5875315507e-08,3.53227015763e-08,3.55674918033e-08,3.53227013501e-08,3.58753361473e-08,2.99958916723,2.99958903954,2.99958911874,2.99958903954,2.99958916724,2.53858935528e-05,2.5369891638e-05,2.53801566677e-05,2.53698916386e-05,2.53858939234e-05,0.3916,0.3916,0.3916,0.3916,0.3916,0,0,0,0,0,0,0,0,0,0,0,0,0,0,5.61435839e-15,0,0,0,0,0,0,0,0,0,0,17.3419183454,0.00404292611702,-0.00602763307496,0.497183568315,16.8427500701,-2.2454260673e-13,5.58300591359e-21,1.74132537274e-05,6.55866196818e-10,2.40213883844e-09,-13.3021234757,-13.0359486539,-13.1879001008,-13.0359486202,-13.3021310034,-13.7337525308,-13.7337753405,0.882037723606,0.882849490837,0.882386069235,0.882849490938,0.882037700738,-13.6030547554,-13.5176892032,-13.4943856114,-13.5176890386,-13.6030620948,1.25308644035,1.25301100958,1.25299041804,1.25301100943,1.25308644683,1.50927452338e-08,1.48602605532e-08,1.49632438017e-08,1.4860260458e-08,1.50927539172e-08,-13.6030547554,-13.5176892032,-13.4943856114,-13.5176890386,-13.6030620948,1.25308644035,1.25301100958,1.25299041804,1.25301100943,1.25308644683
0.175,0.000875,7.65625e-05,0,-13.2523280521,-12.956223596,-13.1362234995,-12.9562235841,-13.2523356107,-13.7335794312,-13.7336022354,1,1,0.624511558772,1,1,0.875258265447,0.876153424807,0.875609525301,0.876153424841,0.875258242682,2.32547271401e-08,2.28569961312e-08,2.30538775825e-08,2.28569960142e-08,2.32547405275e-08,2.32547271401e-08,2.28569961312e-08,2.30538775825e-08,2.28569960142e-08,2.32547405275e-08,3.24680440499e-10,3.22770485532e-10,3.22248671161e-10,3.22770481891e-10,3.24680604645e-10,5.52762708345e-08,5.43308679135e-08,5.47988532981e-08,5.43308676353e-08,5.52763026562e-08,2.99952232942,2.99952216937,2.99952227094,2.99952216937,2.99952232942,2.96141890427e-05,2.95938309509e-05,2.96073591804e-05,2.95938309528e-05,2.96141894768e-05,0.3916,0.3916,0.3916,0.3916,0.3916,0,0,0,0,0,0,0,0,0,0,0,0,0,0,5.61435839e-15,0,0,0,0,0,0,0,0,0,0,20.2322380696,0.0055688500764,-0.00701761806733,0.580921909158,19.6498673925,-2.99871238951e-13,5.68147349371e-21,1.74130944478e-05,8.92706767891e-10,2.79825898539e-09,-13.2523280521,-12.956223596,-13.1362234995,-12.9562235841,-13.2523356107,-13.7335794312,-13.7336022354,0.875258265447,0.876153424807,0.875609525301,0.876153424841,0.875258242682,-13.6030547554,-13.5176892032,-13.4943856114,-13.5176890386,-13.6030620948,1.25308644035,1.25301100958,1.25299041804,1.25301100943,1.25308644683,2.32547271401e-08,2.28569961312e-08,2.30538775825e-08,2.28569960142e-08,2.32547405275e-08,-13.6030547554,-13.5176892032,-13.4943856114,-13.5176890386,-13.6030620948,1.25308644035,1.25301100958,1.25299041804,1.25301100943,1.25308644683
0.2,0.001,0.0001,0,-13.2026345743,-12.8766568994,-13.0843815597,-12.8766569091,-13.2026421637,-13.7333885261,-13.7334113249,1,1,0.624511558772,1,1,0.869399618457,0.870377596696,0.869754912228,0.870377596666,0.869399595771,3.38991327996e-08,3.32613655847e-08,3.36036597756e-08,3.32613654569e-08,3.389915235e-08,3.38991327996e-08,3.32613655847e-08,3.36036597756e-08,3.32613654569e-08,3.389915235e-08,3.24680440499e-10,3.22770485532e-10,3.22248671161e-10,3.22770481891e-10,3.24680604645e-10,8.05779244106e-08,7.90619576532e-08,7.98755877719e-08,7.90619573495e-08,8.05779708819e-08,2.99945575467,2.99945555998,2.99945568599,2.99945555998,2.99945575468,3.38417271695e-05,3.38165352105e-05,3.38337482245e-05,3.3816535214e-05,3.38417276674e-05,0.3916,0.3916,0.3916,0.3916,0.3916,0,0,0,0,0,0.200000013697,0.200000013439,0.200000013577,0.200000013439,0.200000013697,0.93196873912,1.49198790687,0.954274976683,1.49198750096,0.931968157136,-0.89302223124,-0.890570446057,-0.891971803474,-0.89057044579,-0.893022299135,3.38991327996e-08,3.32613655847e-08,3.36036597756e-08,3.32613654569e-08,3.389915235e-08,23.1225577939,0.00734785057284,-0.00800757270986,0.664908717313,22.4569893544,2.34923192011e-13,1.01146321814e-20,1.74129715761e-05,1.1659843499e-09,3.19440827908e-09,-13.2026345743,-12.8766568994,-13.0843815597,-12.8766569091,-13.2026421637,-13.7333885261,-13.7334113249,0.869399618457,0.870377596696,0.869754912228,0.870377596666,0.869399595771,-13.2026345743,-12.8766568994,-13.0843815597,-12.8766569091,-13.2026421637,0.869399618457,0.870377596696,0.869754912228,0.870377596666,0.869399595771,3.38991327996e-08,3.32613655847e-08,3.36036597756e-08,3.32613654569e-08,3.389915235e-08,-13.3081841881,-13.0456311801,-13.1924574544,-13.0456311439,-13.3081917116,0.97053836664,0.971238669279,0.970774694784,0.971238669218,0.970538351644
0.225,0.001125,0.0001265625,0,-13.153042719,-12.7972474295,-13.03237606,-12.7972474609,-13.153050339,-13.7331798586,-13.7332026519,1,1,0.624511558772,1,1,0.864244067083,0.865304316845,0.864604411742,0.86530431675,0.864244044456,4.73425183091e-08,4.63704057686e-08,4.69251926167e-08,4.63704056496e-08,4.73425456841e-08,4.73425183091e-08,4.63704057686e-08,4.69251926167e-08,4.63704056496e-08,4.73425456841e-08,3.24680440499e-10,3.22770485532e-10,3.22248671161e-10,3.22770481891e-10,3.24680604645e-10,1.12532727143e-07,1.10222024646e-07,1.11540747841e-07,1.10222024363e-07,1.12532792213e-07,2.99938947079,2.99938923919,2.99938939166,2.99938923919,2.9993894708,3.80685117599e-05,3.80380100265e-05,3.80593214159e-05,3.8038010032e-05,3.80685123222e-05,0.3916,0.3916,0.3916,0.3916,0.3916,0,0,0,0,0,0.200000013697,0.200000013439,0.200000013577,0.200000013439,0.200000013697,0.93196873912,1.49198790687,0.954274976683,1.49198750096,0.931968157136,-0.89302223124,-0.890570446057,-0.891971803474,-0.89057044579,-0.893022299135,3.38991327996e-08,3.32613655847e-08,3.36036597756e-08,3.32613654569e-08,3.389915235e-08,26.0128775181,0.00938215298456,-0.00899748557603,0.749143484668,25.2641187008,6.20281603858e-13,1.01532780596e-20,1.74128851117e-05,1.47569894284e-09,3.59058723497e-09,-13.153042719,-12.7972474295,-13.03237606,-12.7972474609,-13.153050339,-13.7331798586,-13.7332026519,0.864244067083,0.865304316845,0.864604411742,0.86530431675,0.864244044456,-13.2026345743,-12.8766568994,-13.0843815597,-12.8766569091,-13.2026421637,0.869399618457,0.870377596696,0.869754912228,0.870377596666,0.869399595771,4.73425183091e-08,4.63704057686e-08,4.69251926167e-08,4.63704056496e-08,4.73425456841e-08,-13.3081841881,-13.0456311801,-13.1924574544,-13.0456311439,-13.3081917116,0.97053836664,0.971238669279,0.970774694784,0.971238669218,0.970538351644
0.25,0.00125,0.00015625,0,-13.1035521673,-12.7179940697,-12.9802087696,-12.7179941226,-13.1035598179,-13.7329534714,-13.7329762592,1,1,0.624511558772,1,1,0.859642971925,0.860784973184,0.86000931145,0.860784973026,0.859642949344,6.38973422955e-08,6.24748494041e-08,6.33266550796e-08,6.24748493235e-08,6.38973793608e-08,6.38973422955e-08,6.24748494041e-08,6.33266550796e-08,6.24748493235e-08,6.38973793608e-08,3.24680440499e-10,3.22770485532e-10,3.22248671161e-10,3.22770481891e-10,3.24680604645e-10,1.51883390291e-07,1.48502137875e-07,1.50526872069e-07,1.48502137684e-07,1.51883478395e-07,2.99932350406,2.99932323332,2.99932341423,2.99932323332,2.99932350407,4.22945466281e-05,4.22582609664e-05,4.22840764309e-05,4.22582609743e-05,4.22945472551e-05,0.3916,0.3916,0.3916,0.3916,0.3916,0,0,0,0,0,0.200000013697,0.200000013439,0.200000013577,0.200000013439,0.200000013697,0.93196873912,1.49198790687,0.954274976683,1.49198750096,0.931968157136,-0.89302223124,-0.890570446057,-0.891971803474,-0.89057044579,-0.893022299135,3.38991327996e-08,3.32613655847e-08,3.36036597756e-08,3.32613654569e-08,3.389915235e-08,28.9031972423,0.0116737075477,-0.00998734511313,0.833625704705,28.0712579001,1.07946984684e-12,8.39621408966e-21,1.74128350543e-05,1.82185054672e-09,3.98679620924e-09,-13.1035521673,-12.7179940697,-12.9802087696,-12.7179941226,-13.1035598179,-13.7329534714,-13.7329762592,0.859642971925,0.860784973184,0.86000931145,0.860784973026,0.859642949344,-13.2026345743,-12.8766568994,-13.0843815597,-12.8766569091,-13.2026421637,0.869399618457,0.870377596696,0.869754912228,0.870377596666,0.869399595771,6.38973422955e-08,6.24748494041e-08,6.33266550796e-08,6.24748493235e-08,6.38973793608e-08,-13.3081841881,-13.0456311801,-13.1924574544,-13.0456311439,-13.3081917116,0.97053836664,0.971238669279,0.970774694784,0.971238669218,0.970538351644
0.275,0.001375,0.0001890625,0,-13.054162604,-12.6388957193,-12.9278814469,-12.6388957938,-13.0541702849,-13.7327094071,-13.7327321895,1,1,0.624511558772,1,1,0.85549032548,0.856713584688,0.855863549345,0.856713584468,0.855490302931,8.38719916586e-08,8.18591637749e-08,8.31117907154e-08,8.18591637739e-08,8.38720404858e-08,8.38719916586e-08,8.18591637749e-08,8.31117907154e-08,8.18591637739e-08,8.38720404858e-08,3.24680440499e-10,3.22770485532e-10,3.22248671161e-10,3.22770481891e-10,3.24680604645e-10,1.99362946657e-07,1.94578473437e-07,1.97555956062e-07,1.94578473434e-07,1.99363062719e-07,2.99925787933,2.99925756725,2.99925777852,2.99925756725,2.99925787933,4.65198355749e-05,4.64772935562e-05,4.65080110051e-05,4.64772935668e-05,4.65198362672e-05,0.3916,0.3916,0.3916,0.3916,0.3916,0,0,0,0,0,0.200000013697,0.200000013439,0.200000013577,0.200000013439,0.200000013697,0.93196873912,1.49198790687,0.954274976683,1.49198750096,0.931968157136,-0.89302223124,-0.890570446057,-0.891971803474,-0.89057044579,-0.893022299135,3.38991327996e-08,3.32613655847e-08,3.36036597756e-08,3.32613654569e-08,3.389915235e-08,31.7935169666,0.0142242477841,-0.0109771397477,0.918354872483,30.8784092021,1.38788980308e-12,7.48618306695e-21,1.74128214037e-05,2.20443916153e-09,4.38303544354e-09,-13.054162604,-12.6388957193,-12.9278814469,-12.6388957938,-13.0541702849,-13.7327094071,-13.7327321895,0.85549032548,0.856713584688,0.855863549345,0.856713584468,0.855490302931,-13.2026345743,-12.8766568994,-13.0843815597,-12.8766569091,-13.2026421637,0.869399618457,0.870377596696,0.869754912228,0.870377596666,0.869399595771,8.38719916586e-08,8.18591637749e-08,8.31117907154e-08,8.18591637739e-08,8.38720404858e-08,-13.3081841881,-13.0456311801,-13.1924574544,-13.0456311439,-13.3081917116,0.97053836664,0.971238669279,0.970774694784,0.971238669218,0.970538351644
0.3,0.0015,0.000225,0,-13.0048737162,-12.5599512925,-12.8753958387,-12.5599513886,-13.0048814274,-13.7324477083,-13.7324704854,1,1,0.624511558772,1,1,0.851707863835,0.853011912242,0.85208881917,0.85301191196,0.85170784131,1.07570807083e-07,1.04801588842e-07,1.06579895878e-07,1.04801588976e-07,1.07570869952e-07,1.07570807083e-07,1.04801588842e-07,1.06579895878e-07,1.04801588976e-07,1.07570869952e-07,3.24680440499e-10,3.22770485532e-10,3.22248671161e-10,3.22770481891e-10,3.24680604645e-10,2.55694811227e-07,2.4911240514e-07,2.53339424479e-07,2.49112405457e-07,2.55694960665e-07,2.99919262006,2.9991922645,2.99919250801,2.9991922645,2.99919262007,5.07443823884e-05,5.06951132805e-05,5.07311229333e-05,5.06951132942e-05,5.07443831463e-05,0.3916,0.3916,0.3916,0.3916,0.3916,0,0,0,0,0,0.200000013697,0.200000013439,0.200000013577,0.200000013439,0.200000013697,0.93196873912,1.49198790687,0.954274976683,1.49198750096,0.931968157136,-0.89302223124,-0.890570446057,-0.891971803474,-0.89057044579,-0.893022299135,3.38991327996e-08,3.32613655847e-08,3.36036597756e-08,3.32613654569e-08,3.389915235e-08,34.6838366908,0.0170353321031,-0.0119668579573,1.00333048462,33.6855746803,9.99644811372e-13,1.23190354266e-20,1.74128441597e-05,2.62346478727e-09,4.77930509608e-09,-13.0048737162,-12.5599512925,-12.8753958387,-12.5599513886,-13.0048814274,-13.7324477083,-13.7324704854,0.851707863835,0.853011912242,0.85208881917,0.85301191196,0.85170784131,-13.2026345743,-12.8766568994,-13.0843815597,-12.8766569091,-13.2026421637,0.869399618457,0.870377596696,0.869754912228,0.870377596666,0.869399595771,1.07570807083e-07,1.04801588842e-07,1.06579895878e-07,1.04801588976e-07,1.07570869952e-07,-13.3081841881,-13.0456311801,-13.1924574544,-13.0456311439,-13.3081917116,0.97053836664,0.971238669279,0.970774694784,0.971238669218,0.970538351644
0.325,0.001625,0.0002640625,0,-12.9556851937,-12.4811597176,-12.8227536796,-12.4811598352,-12.9556929349,-13.7321684175,-13.7321911891,1,1,0.624511558772,1,1,0.848236158709,0.849620550442,0.848625658633,0.849620550099,0.848236136199,1.35294108321e-07,1.31574174791e-07,1.34025808329e-07,1.31574175128e-07,1.3529418772e-07,1.35294108321e-07,1.31574174791e-07,1.34025808329e-07,1.31574175128e-07,1.3529418772e-07,3.24680440499e-10,3.22770485532e-10,3.22248671161e-10,3.22770481891e-10,3.24680604645e-10,3.21592841266e-07,3.12750593751e-07,3.18578103944e-07,3.12750594552e-07,3.21593029998e-07,2.99912774846,2.99912734731,2.99912762486,2.99912734731,2.99912774847,5.49681908438e-05,5.49117255838e-05,5.49534100685e-05,5.49117256008e-05,5.49681916678e-05,0.3916,0.3916,0.3916,0.3916,0.3916,0,0,0,0,0,0.200000013697,0.200000013439,0.200000013577,0.200000013439,0.200000013697,0.93196873912,1.49198790687,0.954274976683,1.49198750096,0.931968157136,-0.89302223124,-0.890570446057,-0.891971803474,-0.89057044579,-0.893022299135,3.38991327996e-08,3.32613655847e-08,3.36036597756e-08,3.32613654569e-08,3.389915235e-08,37.574156415,0.0201083744797,-0.0129564883212,1.0885520393,36.4927562619,1.07691633389e-12,1.30379546406e-20,1.74129033222e-05,3.07892742395e-09,5.17560526394e-09,-12.9556851937,-12.4811597176,-12.8227536796,-12.4811598352,-12.9556929349,-13.7321684175,-13.7321911891,0.848236158709,0.849620550442,0.848625658633,0.849620550099,0.848236136199,-13.2026345743,-12.8766568994,-13.0843815597,-12.8766569091,-13.2026421637,0.869399618457,0.870377596696,0.869754912228,0.870377596666,0.869399595771,1.35294108321e-07,1.31574174791e-07,1.34025808329e-07,1.31574175128e-07,1.3529418772e-07,-13.3081841881,-13.0456311801,-13.1924574544,-13.0456311439,-13.3081917116,0.97053836664,0.971238669279,0.970774694784,0.971238669218,0.970538351644
0.35,0.00175,0.00030625,0,-12.9065967274,-12.4025199357,-12.7699566909,-12.4025200747,-12.9066044987,-13.7318715769,-13.7318943431,1,1,0.624511558772,1,1,0.845029020402,0.846493330583,0.845427849962,0.84649333018,0.845028997901,1.67338219242e-07,1.62442819007e-07,1.65739896206e-07,1.62442819633e-07,1.67338317872e-07,1.67338219242e-07,1.62442819007e-07,1.65739896206e-07,1.62442819633e-07,1.67338317872e-07,3.40440601783e-09,3.12958399946e-09,3.3194585971e-09,3.12958404849e-09,3.40441117026e-09,3.97761395868e-07,3.86125074892e-07,3.93962196829e-07,3.86125076381e-07,3.97761630311e-07,2.99906327939,2.99906283111,2.99906314409,2.99906283111,2.9990632794,5.91912647033e-05,5.91271358701e-05,5.91748703213e-05,5.91271358909e-05,5.91912655938e-05,0.3916,0.3916,0.3916,0.3916,0.3916,0,0,0,0,0,0.200000013697,0.200000013439,0.200000013577,0.200000013439,0.200000013697,0.93196873912,1.49198790687,0.954274976683,1.49198750096,0.931968157136,-0.89302223124,-0.890570446057,-0.891971803474,-0.89057044579,-0.893022299135,3.38991327996e-08,3.32613655847e-08,3.36036597756e-08,3.32613654569e-08,3.389915235e-08,40.4644761393,0.0234446677267,-0.0139460082233,1.17401903624,39.2999557625,1.54143364739e-12,8.91396297867e-21,1.74129988911e-05,3.57082707157e-09,5.57193599945e-09,-12.9065967274,-12.4025199357,-12.7699566909,-12.4025200747,-12.9066044987,-13.7318715769,-13.7318943431,0.845029020402,0.846493330583,0.845427849962,0.84649333018,0.845028997901,-13.2026345743,-12.8766568994,-13.0843815597,-12.8766569091,-13.2026421637,0.869399618457,0.870377596696,0.869754912228,0.870377596666,0.869399595771,1.67338219242e-07,1.62442819007e-07,1.65739896206e-07,1.62442819633e-07,1.67338317872e-07,-13.3081841881,-13.0456311801,-13.1924574544,-13.0456311439,-13.3081917116,0.97053836664,0.971238669279,0.970774694784,0.971238669218,0.970538351644
0.375,0.001875,0.0003515625,0,-12.8576080102,-12.3240309006,-12.7170065811,-12.324031061,-12.8576158113,-13.7315572287,-13.7315799895,1,1,0.624511558772,1,1,0.842049836622,0.843593659603,0.842458757139,0.843593659139,0.842049814123,2.03995492658e-07,1.97667302497e-07,2.02008047351e-07,1.97667303517e-07,2.03995613432e-07,2.03995492658e-07,1.97667302497e-07,2.02008047351e-07,1.97667303517e-07,2.03995613432e-07,1.01252375069e-08,9.37357130052e-09,9.90266971624e-09,9.37357146002e-09,1.01252507569e-08,4.84895394955e-07,4.69853345608e-07,4.80171255886e-07,4.69853348032e-07,4.84895682034e-07,2.99899922629,2.99899873024,2.99899907937,2.99899873024,2.9989992263,6.34136077167e-05,6.33413495046e-05,6.33955016597e-05,6.33413495294e-05,6.34136086741e-05,0.3916,0.3916,0.3916,0.3916,0.3916,0,0,0,0,0,0.200000013697,0.200000013439,0.200000013577,0.200000013439,0.200000013697,0.93196873912,1.49198790687,0.954274976683,1.49198750096,0.931968157136,-0.89302223124,-0.890570446057,-0.891971803474,-0.89057044579,-0.893022299135,3.38991327996e-08,3.32613655847e-08,3.36036597756e-08,3.32613654569e-08,3.389915235e-08,43.3547958635,0.0270454015694,-0.0149353949394,1.25973097668,42.1071748934,1.49769086022e-12,9.28242231072e-21,1.74131308664e-05,4.09916373011e-09,5.96829732117e-09,-12.8576080102,-12.3240309006,-12.7170065811,-12.324031061,-12.8576158113,-13.7315572287,-13.7315799895,0.842049836622,0.843593659603,0.842458757139,0.843593659139,0.842049814123,-13.2026345743,-12.8766568994,-13.0843815597,-12.8766569091,-13.2026421637,0.869399618457,0.870377596696,0.869754912228,0.870377596666,0.869399595771,2.03995492658e-07,1.97667302497e-07,2.02008047351e-07,1.97667303517e-07,2.03995613432e-07,-13.3081841881,-13.0456311801,-13.1924574544,-13.0456311439,-13.3081917116,0.97053836664,0.971238669279,0.970774694784,0.971238669218,0.970538351644
0.4,0.002,0.0004,0,-12.808718736,-12.2456915783,-12.663905045,-12.2456917601,-12.8087265668,-13.7312254149,-13.7312481703,1,1,0.624511558772,1,1,0.839269095432,0.840892043197,0.839688847776,0.840892042673,0.839269072931,2.4555433491e-07,2.37501325758e-07,2.43111658988e-07,2.37501327295e-07,2.45554480957e-07,2.4555433491e-07,2.37501325758e-07,2.43111658988e-07,2.37501327295e-07,2.45554480957e-07,2.07318022738e-08,1.92618753512e-08,2.03091886281e-08,1.92618756988e-08,2.07318270018e-08,5.83680377728e-07,5.64538449627e-07,5.77874159704e-07,5.6453845328e-07,5.8368072488e-07,2.99893560037,2.99893505577,2.99893544181,2.99893505577,2.99893560038,6.76352236208e-05,6.75543718132e-05,6.76153021077e-05,6.75543718424e-05,6.76352246456e-05,0.3916,0.3916,0.3916,0.3916,0.3916,0,0,0,0,0,0.200000099214,0.20000009596,0.200000098227,0.20000009596,0.200000099214,1.50534646242,2.41071265639,1.58125169109,2.41071199956,1.50534553312,-0.634050721429,-0.631001324809,-0.633237375054,-0.631001325788,-0.634050763872,2.4555433491e-07,2.37501325758e-07,2.43111658988e-07,2.37501327295e-07,2.45554480957e-07,46.2451155877,0.0309116769636,-0.0159246227809,1.34568736343,44.9144152785,1.84741111298e-12,1.67786638939e-20,1.74132992482e-05,4.6639373996e-09,6.3646892214e-09,-12.808718736,-12.2456915783,-12.663905045,-12.2456917601,-12.8087265668,-13.7312254149,-13.7312481703,0.839269095432,0.840892043197,0.839688847776,0.840892042673,0.839269072931,-12.808718736,-12.2456915783,-12.663905045,-12.2456917601,-12.8087265668,0.839269095432,0.840892043197,0.839688847776,0.840892042673,0.839269072931,2.4555433491e-07,2.37501325758e-07,2.43111658988e-07,2.37501327295e-07,2.45554480957e-07,-12.9403763998,-12.456553368,-12.8032299475,-12.4565534923,-12.9403841495,0.873871299645,0.875251040795,0.874242701895,0.875251040393,0.873871279122
0.425,0.002125,0.0004515625,0,-12.7599285999,-12.1675009467,-12.6106537643,-12.1675011498,-12.7599364602,-13.7308761774,-13.7308989275,1,1,0.624511558772,1,1,0.836662660565,0.838364361292,0.83709396767,0.838364360709,0.836662638059,2.92299230234e-07,2.82192544093e-07,2.8932762773e-07,2.82192546291e-07,2.92299404897e-07,2.92299230234e-07,2.82192544093e-07,2.8932762773e-07,2.82192546291e-07,2.92299404897e-07,3.54424326371e-08,3.29740814887e-08,3.47497366088e-08,3.29740821234e-08,3.54424724784e-08,6.94792560574e-07,6.70769061309e-07,6.8772908897e-07,6.70769066535e-07,6.94792975747e-07,2.99887241463,2.99887182158,2.99887224461,2.99887182159,2.99887241464,7.185611614e-05,7.17662080837e-05,7.18342697455e-05,7.17662081177e-05,7.18561172326e-05,0.3916,0.3916,0.3916,0.3916,0.3916,0,0,0,0,0,0.200000099214,0.20000009596,0.200000098227,0.20000009596,0.200000099214,1.50534646242,2.41071265639,1.58125169109,2.41071199956,1.50534553312,-0.634050721429,-0.631001324809,-0.633237375054,-0.631001325788,-0.634050763872,2.4555433491e-07,2.37501325758e-07,2.43111658988e-07,2.37501327295e-07,2.45554480957e-07,49.135435312,0.0350445176307,-0.0169136726334,1.43188770078,47.7216784562,2.6103563755e-12,1.38193425345e-20,1.74135040364e-05,5.26514808001e-09,6.761111673e-09,-12.7599285999,-12.1675009467,-12.6106537643,-12.1675011498,-12.7599364602,-13.7308761774,-13.7308989275,0.836662660565,0.838364361292,0.83709396767,0.838364360709,0.836662638059,-12.808718736,-12.2456915783,-12.663905045,-12.2456917601,-12.8087265668,0.839269095432,0.840892043197,0.839688847776,0.840892042673,0.839269072931,2.92299230234e-07,2.82192544093e-07,2.8932762773e-07,2.82192546291e-07,2.92299404897e-07,-12.9403763998,-12.456553368,-12.8032299475,-12.4565534923,-12.9403841495,0.873871299645,0.875251040795,0.874242701895,0.875251040393,0.873871279122
0.45,0.00225,0.00050625,0,-12.7112372981,-12.0894579953,-12.5572544073,-12.0894582197,-12.7112451879,-13.730509558,-13.7305323027,1,1,0.624511558772,1,1,0.834210540516,0.835990637295,0.834654109356,0.835990636653,0.834210517999,3.44510764875e-07,3.31982602387e-07,3.40928339919e-07,3.31982605414e-07,3.44510971718e-07,3.44510764875e-07,3.31982602387e-07,3.40928339919e-07,3.31982605414e-07,3.44510971718e-07,5.44524264633e-08,5.06657075184e-08,5.34116986011e-08,5.06657085616e-08,5.44524852918e-08,8.18898894402e-07,7.89119568307e-07,8.10383503491e-07,7.89119575503e-07,8.18899386065e-07,2.99880968389,2.99880904245,2.99880950254,2.99880904245,2.99880968391,7.60762889862e-05,7.59768635661e-05,7.60524027085e-05,7.59768636052e-05,7.6076290147e-05,0.3916,0.3916,0.3916,0.3916,0.3916,0,0,0,0,0,0.200000099214,0.20000009596,0.200000098227,0.20000009596,0.200000099214,1.50534646242,2.41071265639,1.58125169109,2.41071199956,1.50534553312,-0.634050721429,-0.631001324809,-0.633237375054,-0.631001325788,-0.634050763872,2.4555433491e-07,2.37501325758e-07,2.43111658988e-07,2.37501327295e-07,2.45554480957e-07,52.0257550362,0.0394448794874,-0.0179025301859,1.51833149456,50.5289658909,2.5019986083e-12,1.57770474338e-20,1.74137452311e-05,5.90279577136e-09,7.15756463832e-09,-12.7112372981,-12.0894579953,-12.5572544073,-12.0894582197,-12.7112451879,-13.730509558,-13.7305323027,0.834210540516,0.835990637295,0.834654109356,0.835990636653,0.834210517999,-12.808718736,-12.2456915783,-12.663905045,-12.2456917601,-12.8087265668,0.839269095432,0.840892043197,0.839688847776,0.840892042673,0.839269072931,3.44510764875e-07,3.31982602387e-07,3.40928339919e-07,3.31982605414e-07,3.44510971718e-07,-12.9403763998,-12.456553368,-12.8032299475,-12.4565534923,-12.9403841495,0.873871299645,0.875251040795,0.874242701895,0.875251040393,0.873871279122
0.475,0.002375,0.0005640625,0,-12.6626445276,-12.0115617247,-12.5037086286,-12.0115619705,-12.6626524468,-13.7301255983,-13.7301483378,1,1,0.624511558772,1,1,0.831895990921,0.833754140618,0.832352514091,0.833754139917,0.831895968391,4.02465650984e-07,3.87107169341e-07,3.98181662271e-07,3.87107173388e-07,4.02465893788e-07,4.02465650984e-07,3.87107169341e-07,3.98181662271e-07,3.87107173388e-07,4.02465893788e-07,7.79368549398e-08,7.24710396286e-08,7.64618674681e-08,7.24710412255e-08,7.79369368547e-08,9.56657121426e-07,9.20150152937e-07,9.46474119969e-07,9.20150162558e-07,9.56657698569e-07,2.99874742296,2.99874673343,2.99874723042,2.99874673343,2.99874742297,8.02957458586e-05,8.01863434732e-05,8.02696991865e-05,8.01863435176e-05,8.02957470881e-05,0.3916,0.3916,0.3916,0.3916,0.3916,0,0,0,0,0,0.200000099214,0.20000009596,0.200000098227,0.20000009596,0.200000099214,1.50534646242,2.41071265639,1.58125169109,2.41071199956,1.50534553312,-0.634050721429,-0.631001324809,-0.633237375054,-0.631001325788,-0.634050763872,2.4555433491e-07,2.37501325758e-07,2.43111658988e-07,2.37501327295e-07,2.45554480957e-07,54.9160747604,0.044113658453,-0.0188911833272,1.60501825213,53.3362789834,2.13851159003e-12,1.74721721195e-20,1.74140228324e-05,6.57688047365e-09,7.55404807268e-09,-12.6626445276,-12.0115617247,-12.5037086286,-12.0115619705,-12.6626524468,-13.7301255983,-13.7301483378,0.831895990921,0.833754140618,0.832352514091,0.833754139917,0.831895968391,-12.808718736,-12.2456915783,-12.663905045,-12.2456917601,-12.8087265668,0.839269095432,0.840892043197,0.839688847776,0.840892042673,0.839269072931,4.02465650984e-07,3.87107169341e-07,3.98181662271e-07,3.87107173388e-07,4.02465893788e-07,-12.9403763998,-12.456553368,-12.8032299475,-12.4565534923,-12.9403841495,0.873871299645,0.875251040795,0.874242701895,0.875251040393,0.873871279122
0.5,0.0025,0.000625,0,-12.6141499864,-11.9338111467,-12.4500180691,-11.9338114137,-12.6141579347,-13.72972434,-13.7297470741,1,1,0.624511558772,1,1,0.829704847489,0.831640719723,0.830175004478,0.831640718964,0.829704824942,4.66436750253e-07,4.47795971165e-07,4.61350932822e-07,4.4779597645e-07,4.66437033023e-07,4.66436750253e-07,4.47795971165e-07,4.61350932822e-07,4.4779597645e-07,4.66437033023e-07,1.13360290017e-07,1.03817296697e-07,1.10856969798e-07,1.03817299743e-07,1.133604247e-07,1.10871583136e-06,1.06440687227e-06,1.09662689047e-06,1.06440688483e-06,1.1087165035e-06,2.99868564582,2.99868490885,2.9986854423,2.99868490885,2.99868564583,8.45144904441e-05,8.43946529807e-05,8.44861574236e-05,8.43946530309e-05,8.45144917426e-05,0.3916,0.3916,0.3916,0.3916,0.3916,0,0,0,0,0,0.200000099214,0.20000009596,0.200000098227,0.20000009596,0.200000099214,1.50534646242,2.41071265639,1.58125169109,2.41071199956,1.50534553312,-0.634050721429,-0.631001324809,-0.633237375054,-0.631001325788,-0.634050763872,2.4555433491e-07,2.37501325758e-07,2.43111658988e-07,2.37501327295e-07,2.45554480957e-07,57.8063944846,0.0490516969859,-0.0198796203698,1.69194748232,56.1436190789,2.15538698001e-12,1.29490161812e-20,1.74143368403e-05,7.28740218687e-09,7.95056192729e-09,-12.6141499864,-11.9338111467,-12.4500180691,-11.9338114137,-12.6141579347,-13.72972434,-13.7297470741,0.829704847489,0.831640719723,0.830175004478,0.831640718964,0.829704824942,-12.808718736,-12.2456915783,-12.663905045,-12.2456917601,-12.8087265668,0.839269095432,0.840892043197,0.839688847776,0.840892042673,0.839269072931,4.66436750253e-07,4.47795971165e-07,4.61350932822e-07,4.4779597645e-07,4.66437033023e-07,-12.9403763998,-12.456553368,-12.8032299475,-12.4565534923,-12.9403841495,0.873871299645,0.875251040795,0.874242701895,0.875251040393,0.873871279122
0.525,0.002625,0.0006890625,0,-12.5657533729,-11.8562052835,-12.3961843563,-11.8562055716,-12.5657613503,-13.7293058244,-13.7293285532,1,1,0.624511558772,1,1,0.827625021872,0.829638298111,0.828109480118,0.829638297295,0.827624999307,5.36693097317e-07,5.14272824731e-07,5.30694952156e-07,5.14272831498e-07,5.36693424279e-07,5.36693097317e-07,5.14272824731e-07,5.30694952156e-07,5.14272831498e-07,5.36693424279e-07,1.56286726123e-07,1.43226483994e-07,1.52904792656e-07,1.43226488332e-07,1.56286904751e-07,1.27571451704e-06,1.22242173694e-06,1.26145698159e-06,1.22242175303e-06,1.27571529422e-06,2.99862436577,2.9986235823,2.99862415152,2.9986235823,2.99862436578,8.87325264171e-05,8.86017972283e-05,8.87017757168e-05,8.86017972846e-05,8.87325277851e-05,0.3916,0.3916,0.3916,0.3916,0.3916,0,0,0,0,0,0.200000099214,0.20000009596,0.200000098227,0.20000009596,0.200000099214,1.50534646242,2.41071265639,1.58125169109,2.41071199956,1.50534553312,-0.634050721429,-0.631001324809,-0.633237375054,-0.631001325788,-0.634050763872,2.4555433491e-07,2.37501325758e-07,2.43111658988e-07,2.37501327295e-07,2.45554480957e-07,60.6967142089,0.0542597896118,-0.0208678300327,1.77911869551,58.9509874729,2.05480077398e-12,1.33820617754e-20,1.74146872548e-05,8.03436091102e-09,8.3471061515e-09,-12.5657533729,-11.8562052835,-12.3961843563,-11.8562055716,-12.5657613503,-13.7293058244,-13.7293285532,0.827625021872,0.829638298111,0.828109480118,0.829638297295,0.827624999307,-12.808718736,-12.2456915783,-12.663905045,-12.2456917601,-12.8087265668,0.839269095432,0.840892043197,0.839688847776,0.840892042673,0.839269072931,5.36693097317e-07,5.14272824731e-07,5.30694952156e-07,5.14272831498e-07,5.36693424279e-07,-12.9403763998,-12.456553368,-12.8032299475,-12.4565534923,-12.9403841495,0.873871299645,0.875251040795,0.874242701895,0.875251040393,0.873871279122
0.55,0.00275,0.00075625,0,-12.5174543862,-11.7787431676,-12.3422091037,-11.778743477,-12.5174623926,-13.7288700927,-13.7288928162,1,1,0.624511558772,1,1,0.825646114945,0.827736487694,0.826145530711,0.82773648682,0.825646092358,6.13499922887e-07,5.8675567019e-07,6.06467974899e-07,5.86755678712e-07,6.13500298492e-07,6.13499922887e-07,5.8675567019e-07,6.06467974899e-07,5.86755678712e-07,6.13500298492e-07,2.06480303103e-07,1.89199338958e-07,2.02055869694e-07,1.89199344907e-07,2.0648053245e-07,1.4582836294e-06,1.39471278866e-06,1.44156875422e-06,1.39471280892e-06,1.45828452221e-06,2.9985635954,2.99856276669,2.9985633707,2.99856276669,2.99856359541,9.29498574396e-05,9.28077813197e-05,9.29165524163e-05,9.28077813823e-05,9.29498588775e-05,0.3916,0.3916,0.3916,0.3916,0.3916,0,0,0,0,0,0.200000099214,0.20000009596,0.200000098227,0.20000009596,0.200000099214,1.50534646242,2.41071265639,1.58125169109,2.41071199956,1.50534553312,-0.634050721429,-0.631001324809,-0.633237375054,-0.631001325788,-0.634050763872,2.4555433491e-07,2.37501325758e-07,2.43111658988e-07,2.37501327295e-07,2.45554480957e-07,63.5870339331,0.0597386876395,-0.0218558014257,1.86653140357,61.7583854158,2.45448106284e-12,1.47383732822e-20,1.7415074076e-05,8.81775664611e-09,8.74368069467e-09,-12.5174543862,-11.7787431676,-12.3422091037,-11.778743477,-12.5174623926,-13.7288700927,-13.7288928162,0.825646114945,0.827736487694,0.826145530711,0.82773648682,0.825646092358,-12.808718736,-12.2456915783,-12.663905045,-12.2456917601,-12.8087265668,0.839269095432,0.840892043197,0.839688847776,0.840892042673,0.839269072931,6.13499922887e-07,5.8675567019e-07,6.06467974899e-07,5.86755678712e-07,6.13500298492e-07,-12.9403763998,-12.456553368,-12.8032299475,-12.4565534923,-12.9403841495,0.873871299645,0.875251040795,0.874242701895,0.875251040393,0.873871279122
0.575,0.002875,0.0008265625,0,-12.469252726,-11.7014238421,-12.2880939116,-11.7014241726,-12.4692607611,-13.7284171862,-13.7284399045,1,1,0.624511558772,1,1,0.823759116131,0.825926288202,0.824274135241,0.825926287271,0.823759093521,6.9711867663e-07,6.65456603043e-07,6.88919701467e-07,6.65456613623e-07,6.97119105555e-07,6.9711867663e-07,6.65456603043e-07,6.88919701467e-07,6.65456613623e-07,6.97119105555e-07,2.64052335618e-07,2.41788499191e-07,2.58408188716e-07,2.41788507109e-07,2.64052622666e-07,1.65704463188e-06,1.58178417647e-06,1.63755574392e-06,1.58178420162e-06,1.65704565143e-06,2.99850334665,2.99850247428,2.99850311185,2.99850247428,2.99850334666,9.71664871613e-05,9.70126103231e-05,9.71304859241e-05,9.70126103925e-05,9.71664886695e-05,0.3916,0.3916,0.3916,0.3916,0.3916,0,0,0,0,0,0.200000099214,0.20000009596,0.200000098227,0.20000009596,0.200000099214,1.50534646242,2.41071265639,1.58125169109,2.41071199956,1.50534553312,-0.634050721429,-0.631001324809,-0.633237375054,-0.631001325788,-0.634050763872,2.4555433491e-07,2.37501325758e-07,2.43111658988e-07,2.37501327295e-07,2.45554480957e-07,66.4773536573,0.0654891032169,-0.0228435240356,1.95418511985,64.5658141167,2.17270645919e-12,2.08984203911e-20,1.74154973039e-05,9.63758939213e-09,9.14028550761e-09,-12.469252726,-11.7014238421,-12.2880939116,-11.7014241726,-12.4692607611,-13.7284171862,-13.7284399045,0.823759116131,0.825926288202,0.824274135241,0.825926287271,0.823759093521,-12.808718736,-12.2456915783,-12.663905045,-12.2456917601,-12.8087265668,0.839269095432,0.840892043197,0.839688847776,0.840892042673,0.839269072931,6.9711867663e-07,6.65456603043e-07,6.88919701467e-07,6.65456613623e-07,6.97119105555e-07,-12.9403763998,-12.456553368,-12.8032299475,-12.4565534923,-12.9403841495,0.873871299645,0.875251040795,0.874242701895,0.875251040393,0.873871279122
0.6,0.003,0.0009,0,-12.4211480924,-11.6242463599,-12.2338403665,-11.6242467114,-12.4211561562,-13.7279471459,-13.7279698589,1,1,0.624511558772,1,1,0.82195616678,0.824199850638,0.822487425246,0.82419984965,0.821956144144,7.87807049769e-07,7.50581905667e-07,7.78295270042e-07,7.50581918642e-07,7.8780753692e-07,7.87807049769e-07,7.50581905667e-07,7.78295270042e-07,7.50581918642e-07,7.8780753692e-07,3.29099958159e-07,3.01032053702e-07,3.22044951378e-07,3.01032063982e-07,3.29100310086e-07,1.87261005412e-06,1.78412623168e-06,1.85000064189e-06,1.78412626252e-06,1.87261121207e-06,2.99844363084,2.9984427167,2.99844338634,2.9984427167,2.99844363085,0.00010138241922,0.000101216289272,0.000101343574694,0.000101216289348,0.000101382420798,0.3916,0.3916,0.3916,0.3916,0.3916,0,0,0,0,0,0.200000318306,0.200000303265,0.200000314463,0.200000303265,0.200000318306,1.7622779289,2.82402699553,1.90695110975,2.8240262252,1.76227685613,-0.354085499804,-0.350952882747,-0.353414224735,-0.350952884471,-0.354085520336,7.87807049769e-07,7.50581905667e-07,7.78295270042e-07,7.50581918642e-07,7.8780753692e-07,69.3676733816,0.0715117128446,-0.0238309877132,2.04207935923,67.3732747475,2.24709140184e-12,1.58246930371e-20,1.74159569386e-05,1.04938591491e-08,9.53692054386e-09,-12.4211480924,-11.6242463599,-12.2338403665,-11.6242467114,-12.4211561562,-13.7279471459,-13.7279698589,0.82195616678,0.824199850638,0.822487425246,0.82419984965,0.821956144144,-12.4211480924,-11.6242463599,-12.2338403665,-11.6242467114,-12.4211561562,0.82195616678,0.824199850638,0.822487425246,0.82419984965,0.821956144144,7.87807049769e-07,7.50581905667e-07,7.78295270042e-07,7.50581918642e-07,7.8780753692e-07,-12.5580151882,-11.8436401053,-12.3839298305,-11.8436403969,-12.5580231693,0.835640847228,0.837656798261,0.836129968053,0.837656797427,0.83564082515
0.625,0.003125,0.0009765625,0,-12.3731401859,-11.5472097838,-12.1794500412,-11.5472101563,-12.3731482783,-13.7274600127,-13.7274827204,1,1,0.624511558772,1,1,0.820230371889,0.822550289062,0.820778496455,0.822550288018,0.820230349227,8.85818997396e-07,8.42332078297e-07,8.74835248758e-07,8.42332094034e-07,8.85819547907e-07,8.85818997396e-07,8.42332078297e-07,8.74835248758e-07,8.42332094034e-07,8.85819547907e-07,4.01707344593e-07,3.66954854524e-07,3.93035785539e-07,3.66954867598e-07,4.01707768763e-07,2.10558354503e-06,2.00221554147e-06,2.07947527634e-06,2.00221557888e-06,2.10558485359e-06,2.99838445806,2.99838350502,2.99838420469,2.99838350502,2.99838445808,0.00010559765724,0.000105418823165,0.000105555817231,0.000105418823249,0.00010559765889,0.3916,0.3916,0.3916,0.3916,0.3916,0,0,0,0,0,0.200000318306,0.200000303265,0.200000314463,0.200000303265,0.200000318306,1.7622779289,2.82402699553,1.90695110975,2.8240262252,1.76227685613,-0.354085499804,-0.350952882747,-0.353414224735,-0.350952884471,-0.354085520336,7.87807049769e-07,7.50581905667e-07,7.78295270042e-07,7.50581918642e-07,7.8780753692e-07,72.2579931058,0.0778071604394,-0.0248181820661,2.13021363807,70.1807684461,1.82298620643e-12,1.96871632766e-20,1.74164529802e-05,1.1386565917e-08,9.93358576074e-09,-12.3731401859,-11.5472097838,-12.1794500412,-11.5472101563,-12.3731482783,-13.7274600127,-13.7274827204,0.820230371889,0.822550289062,0.820778496455,0.822550288018,0.820230349227,-12.4211480924,-11.6242463599,-12.2338403665,-11.6242467114,-12.4211561562,0.82195616678,0.824199850638,0.822487425246,0.82419984965,0.821956144144,8.85818997396e-07,8.42332078297e-07,8.74835248758e-07,8.42332094034e-07,8.85819547907e-07,-12.5580151882,-11.8436401053,-12.3839298305,-11.8436403969,-12.5580231693,0.835640847228,0.837656798261,0.836129968053,0.837656797427,0.83564082515
0.65,0.00325,0.00105625,0,-12.3252287077,-11.4703131862,-12.1249244954,-11.4703135798,-12.3252368285,-13.7269558274,-13.7269785299,1,1,0.624511558772,1,1,0.818575648784,0.820971529325,0.819141257389,0.820971528224,0.818575626094,9.91404760489e-07,9.40901869441e-07,9.78775628081e-07,9.40901888344e-07,9.91405379726e-07,9.91404760489e-07,9.40901869441e-07,9.78775628081e-07,9.40901888344e-07,9.91405379726e-07,4.81946781619e-07,4.395696905e-07,4.71437823044e-07,4.39569706838e-07,4.81947285573e-07,2.3565599251e-06,2.23651502125e-06,2.32654059444e-06,2.23651506618e-06,2.35656139702e-06,2.99832583603,2.99832484778,2.9983255744,2.99832484778,2.99832583604,0.000109812204834,0.000109620216968,0.000109767212089,0.000109620217059,0.000109812206556,0.3916,0.3916,0.3916,0.3916,0.3916,0,0,0,0,0,0.200000318306,0.200000303265,0.200000314463,0.200000303265,0.200000318306,1.7622779289,2.82402699553,1.90695110975,2.8240262252,1.76227685613,-0.354085499804,-0.350952882747,-0.353414224735,-0.350952884471,-0.354085520336,7.87807049769e-07,7.50581905667e-07,7.78295270042e-07,7.50581918642e-07,7.8780753692e-07,75.14831283,0.0843760600215,-0.0258050931388,2.21858747423,72.9882963227,1.487698853e-12,1.59940996265e-20,1.74169854286e-05,1.23157096958e-08,1.03302811204e-08,-12.3252287077,-11.4703131862,-12.1249244954,-11.4703135798,-12.3252368285,-13.7269558274,-13.7269785299,0.818575648784,0.820971529325,0.819141257389,0.820971528224,0.818575626094,-12.4211480924,-11.6242463599,-12.2338403665,-11.6242467114,-12.4211561562,0.82195616678,0.824199850638,0.822487425246,0.82419984965,0.821956144144,9.91404760489e-07,9.40901869441e-07,9.78775628081e-07,9.40901888344e-07,9.91405379726e-07,-12.5580151882,-11.8436401053,-12.3839298305,-11.8436403969,-12.5580231693,0.835640847228,0.837656798261,0.836129968053,0.837656797427,0.83564082515
0.675,0.003375,0.0011390625,0,-12.2774133591,-11.3935556492,-12.0702652752,-11.3935560637,-12.2774215082,-13.7264346307,-13.7264573279,1,1,0.624511558772,1,1,0.816986604375,0.819458186377,0.817570306565,0.81945818522,0.816986581655,1.10481088761e-06,1.04648030574e-06,1.09034781335e-06,1.04648032825e-06,1.10481158117e-06,1.10481088761e-06,1.04648030574e-06,1.09034781335e-06,1.04648032825e-06,1.10481158117e-06,5.69879588588e-07,5.1887829838e-07,5.57296610397e-07,5.18878318491e-07,5.69880180036e-07,2.62612523796e-06,2.48747398559e-06,2.59174664453e-06,2.48747403909e-06,2.62612688654e-06,2.99826777426,2.99826675408,2.99826750505,2.99826675408,2.99826777427,0.000114026065605,0.000113820475611,0.000113977757875,0.00011382047571,0.000114026067398,0.3916,0.3916,0.3916,0.3916,0.3916,0,0,0,0,0,0.200000318306,0.200000303265,0.200000314463,0.200000303265,0.200000318306,1.7622779289,2.82402699553,1.90695110975,2.8240262252,1.76227685613,-0.354085499804,-0.350952882747,-0.353414224735,-0.350952884471,-0.354085520336,7.87807049769e-07,7.50581905667e-07,7.78295270042e-07,7.50581918642e-07,7.8780753692e-07,78.0386325543,0.0912189980842,-0.0267917109942,2.30720038706,75.7958594543,1.51345602717e-12,1.90074193364e-20,1.74175542839e-05,1.32812904856e-08,1.07270065907e-08,-12.2774133591,-11.3935556492,-12.0702652752,-11.3935560637,-12.2774215082,-13.7264346307,-13.7264573279,0.816986604375,0.819458186377,0.817570306565,0.81945818522,0.816986581655,-12.4211480924,-11.6242463599,-12.2338403665,-11.6242467114,-12.4211561562,0.82195616678,0.824199850638,0.822487425246,0.82419984965,0.821956144144,1.10481088761e-06,1.04648030574e-06,1.09034781335e-06,1.04648032825e-06,1.10481158117e-06,-12.5580151882,-11.8436401053,-12.3839298305,-11.8436403969,-12.5580231693,0.835640847228,0.837656798261,0.836129968053,0.837656797427,0.83564082515
0.7,0.0035,0.001225,0,-12.229693842,-11.3169362643,-12.0154739134,-11.3169366997,-12.2297020193,-13.7258964631,-13.7259191551,1,1,0.624511558772,1,1,0.815458434753,0.818005463908,0.816060832043,0.818005462695,0.815458412002,1.22628025626e-06,1.15925072124e-06,1.20977861747e-06,1.15925074783e-06,1.22628102998e-06,1.22628025626e-06,1.15925072124e-06,1.20977861747e-06,1.15925074783e-06,1.22628102998e-06,6.65557007473e-07,6.04872303477e-07,6.50646996331e-07,6.04872327908e-07,6.65557694282e-07,2.91485680119e-06,2.75552821782e-06,2.87563255876e-06,2.75552828102e-06,2.91485864031e-06,2.99821028176,2.99820923334,2.99821000575,2.99820923334,2.99821028178,0.000118239243139,0.000118019603992,0.00011818745324,0.0001180196041,0.000118239245004,0.3916,0.3916,0.3916,0.3916,0.3916,0,0,0,0,0,0.200000318306,0.200000303265,0.200000314463,0.200000303265,0.200000318306,1.7622779289,2.82402699553,1.90695110975,2.8240262252,1.76227685613,-0.354085499804,-0.350952882747,-0.353414224735,-0.350952884471,-0.354085520336,7.87807049769e-07,7.50581905667e-07,7.78295270042e-07,7.50581918642e-07,7.8780753692e-07,80.9289522785,0.0983365356957,-0.0277780266273,2.39605189741,78.6034588902,1.38600242394e-12,1.7440408384e-20,1.74181595461e-05,1.42833082863e-08,1.11237621463e-08,-12.229693842,-11.3169362643,-12.0154739134,-11.3169366997,-12.2297020193,-13.7258964631,-13.7259191551,0.815458434753,0.818005463908,0.816060832043,0.818005462695,0.815458412002,-12.4211480924,-11.6242463599,-12.2338403665,-11.6242467114,-12.4211561562,0.82195616678,0.824199850638,0.822487425246,0.82419984965,0.821956144144,1.22628025626e-06,1.15925072124e-06,1.20977861747e-06,1.15925074783e-06,1.22628102998e-06,-12.5580151882,-11.8436401053,-12.3839298305,-11.8436403969,-12.5580231693,0.835640847228,0.837656798261,0.836129968053,0.837656797427,0.83564082515
0.725,0.003625,0.0013140625,0,-12.1820698585,-11.2404541321,-11.9605519297,-11.2404545884,-12.1820780639,-13.725341365,-13.7253640518,1,1,0.624511558772,1,1,0.81398684242,0.816609071613,0.814608528611,0.816609070345,0.813986819637,1.35605217677e-06,1.27939084873e-06,1.33729033279e-06,1.27939087991e-06,1.3560530367e-06,1.35605217677e-06,1.27939084873e-06,1.33729033279e-06,1.27939087991e-06,1.3560530367e-06,7.690210266e-07,6.97534103991e-07,7.51513956758e-07,6.9753413333e-07,7.69021816788e-07,3.22332345321e-06,3.04110018714e-06,3.17872672401e-06,3.04110026127e-06,3.22332549727e-06,2.99815336712,2.99815229449,2.99815308515,2.99815229449,2.99815336713,0.000122451741014,0.000122217606978,0.00012239629689,0.000122217607095,0.000122451742952,0.3916,0.3916,0.3916,0.3916,0.3916,0,0,0,0,0,0.200000318306,0.200000303265,0.200000314463,0.200000303265,0.200000318306,1.7622779289,2.82402699553,1.90695110975,2.8240262252,1.76227685613,-0.354085499804,-0.350952882747,-0.353414224735,-0.350952884471,-0.354085520336,7.87807049769e-07,7.50581905667e-07,7.78295270042e-07,7.50581918642e-07,7.8780753692e-07,83.8192720027,0.105729210369,-0.0287640313689,2.4851415276,81.4110956541,1.27231558622e-12,2.22346148654e-20,1.74188012153e-05,1.53217630979e-08,1.15205477696e-08,-12.1820698585,-11.2404541321,-11.9605519297,-11.2404545884,-12.1820780639,-13.725341365,-13.7253640518,0.81398684242,0.816609071613,0.814608528611,0.816609070345,0.813986819637,-12.4211480924,-11.6242463599,-12.2338403665,-11.6242467114,-12.4211561562,0.82195616678,0.824199850638,0.822487425246,0.82419984965,0.821956144144,1.35605217677e-06,1.27939084873e-06,1.33729033279e-06,1.27939087991e-06,1.3560530367e-06,-12.5580151882,-11.8436401053,-12.3839298305,-11.8436403969,-12.5580231693,0.835640847228,0.837656798261,0.836129968053,0.837656797427,0.83564082515
0.75,0.00375,0.00140625,0,-12.1345411114,-11.1641083627,-11.9055008307,-11.1641088398,-12.1345493447,-13.7247693768,-13.7247920584,1,1,0.624511558772,1,1,0.812567967557,0.815265156496,0.813209529023,0.815265155173,0.812567944741,1.49436240253e-06,1.40707289414e-06,1.47310072298e-06,1.40707293048e-06,1.49436335499e-06,1.49436240253e-06,1.40707289414e-06,1.47310072298e-06,1.40707293048e-06,1.49436335499e-06,8.80305129508e-07,7.96837680828e-07,8.59913346633e-07,7.968377157e-07,8.80306031237e-07,3.55208557769e-06,3.34459922544e-06,3.50154676248e-06,3.34459931182e-06,3.55208784168e-06,2.99809703844,2.99809594602,2.99809675145,2.99809594602,2.99809703845,0.000126663562794,0.000126414489401,0.000126604287573,0.000126414489527,0.000126663564805,0.3916,0.3916,0.3916,0.3916,0.3916,0,0,0,0,0,0.200000318306,0.200000303265,0.200000314463,0.200000303265,0.200000318306,1.7622779289,2.82402699553,1.90695110975,2.8240262252,1.76227685613,-0.354085499804,-0.350952882747,-0.353414224735,-0.350952884471,-0.354085520336,7.87807049769e-07,7.50581905667e-07,7.78295270042e-07,7.50581918642e-07,7.8780753692e-07,86.709591727,0.113397537737,-0.0297497168776,2.57446880146,84.2187707464,1.85940152164e-12,1.86114314335e-20,1.74194792915e-05,1.63966549205e-08,1.19173634523e-08,-12.1345411114,-11.1641083627,-11.9055008307,-11.1641088398,-12.1345493447,-13.7247693768,-13.7247920584,0.812567967557,0.815265156496,0.813209529023,0.815265155173,0.812567944741,-12.4211480924,-11.6242463599,-12.2338403665,-11.6242467114,-12.4211561562,0.82195616678,0.824199850638,0.822487425246,0.82419984965,0.821956144144,1.49436240253e-06,1.40707289414e-06,1.47310072298e-06,1.40707293048e-06,1.49436335499e-06,-12.5580151882,-11.8436401053,-12.3839298305,-11.8436403969,-12.5580231693,0.835640847228,0.837656798261,0.836129968053,0.837656797427,0.83564082515
0.775,0.003875,0.0015015625,0,-12.0871073035,-11.0878980749,-11.8503221099,-11.0878985728,-12.0871155647,-13.7241805385,-13.724203215,1,1,0.624511558772,1,1,0.811198330568,0.813970245445,0.811860346515,0.813970244067,0.811198307718,1.64144281497e-06,1.54246316898e-06,1.61742267253e-06,1.54246321108e-06,1.6414438665e-06,1.64144281497e-06,1.54246316898e-06,1.61742267253e-06,1.54246321108e-06,1.6414438665e-06,9.99434975011e-07,9.02749334238e-07,9.75852584217e-07,9.02749375307e-07,9.99435996578e-07,3.90169435457e-06,3.66642065363e-06,3.84459869867e-06,3.66642075369e-06,3.90169685405e-06,2.99804130343,2.99804019603,2.99804101246,2.99804019603,2.99804130345,0.000130874712032,0.000130610256063,0.000130811424089,0.000130610256197,0.000130874714117,0.3916,0.3916,0.3916,0.3916,0.3916,0,0,0,0,0,0.200000318306,0.200000303265,0.200000314463,0.200000303265,0.200000318306,1.7622779289,2.82402699553,1.90695110975,2.8240262252,1.76227685613,-0.354085499804,-0.350952882747,-0.353414224735,-0.350952884471,-0.354085520336,7.87807049769e-07,7.50581905667e-07,7.78295270042e-07,7.50581918642e-07,7.8780753692e-07,89.5999114512,0.121342013052,-0.0307350751339,2.66403324429,87.0264851448,1.88027371451e-12,1.64853787359e-20,1.74201937746e-05,1.7507983754e-08,1.23142091963e-08,-12.0871073035,-11.0878980749,-11.8503221099,-11.0878985728,-12.0871155647,-13.7241805385,-13.724203215,0.811198330568,0.813970245445,0.811860346515,0.813970244067,0.811198307718,-12.4211480924,-11.6242463599,-12.2338403665,-11.6242467114,-12.4211561562,0.82195616678,0.824199850638,0.822487425246,0.82419984965,0.821956144144,1.64144281497e-06,1.54246316898e-06,1.61742267253e-06,1.54246321108e-06,1.6414438665e-06,-12.5580151882,-11.8436401053,-12.3839298305,-11.8436403969,-12.5580231693,0.835640847228,0.837656798261,0.836129968053,0.837656797427,0.83564082515
0.8,0.004,0.0016,0,-12.0397681381,-11.0118223964,-11.7950172476,-11.0118229151,-12.0397764269,-13.7235748904,-13.7235975616,1,1,0.624511558772,1,1,0.809874783754,0.812721196932,0.810557826449,0.812721195499,0.809874760869,1.79752185337e-06,1.68572255369e-06,1.77046459209e-06,1.68572260218e-06,1.79752301075e-06,1.79752185337e-06,1.68572255369e-06,1.77046459209e-06,1.68572260218e-06,1.79752301075e-06,1.12642901712e-06,1.01522835504e-06,1.0993312762e-06,1.01522840301e-06,1.12643016695e-06,4.27269278196e-06,4.00694688303e-06,4.20837792273e-06,4.00694699829e-06,4.27269553304e-06,2.99798616942,2.9979850522,2.99798587559,2.9979850522,2.99798616944,0.000135085192269,0.000134804911732,0.000135017705283,0.000134804911877,0.000135085194427,0.3916,0.3916,0.3916,0.3916,0.3916,0,0,0,0,0,0.200000726271,0.2000006811,0.200000715339,0.2000006811,0.200000726272,1.85451387952,2.97493801102,2.07220856656,2.97493719911,1.85451276848,-0.19023069444,-0.187145387533,-0.189532397461,-0.187145389563,-0.190230703871,1.79752185337e-06,1.68572255369e-06,1.77046459209e-06,1.68572260218e-06,1.79752301075e-06,92.4902311754,0.129563112544,-0.0317200984348,2.75383438288,89.8342398067,2.01438865588e-12,2.22600258538e-20,1.74209446646e-05,1.86557495984e-08,1.27110850156e-08,-12.0397681381,-11.0118223964,-11.7950172476,-11.0118229151,-12.0397764269,-13.7235748904,-13.7235975616,0.809874783754,0.812721196932,0.810557826449,0.812721195499,0.809874760869,-12.0397681381,-11.0118223964,-11.7950172476,-11.0118229151,-12.0397764269,0.809874783754,0.812721196932,0.810557826449,0.812721195499,0.809874760869,1.79752185337e-06,1.68572255369e-06,1.77046459209e-06,1.68572260218e-06,1.79752301075e-06,-12.1763765774,-11.2310871639,-11.9502529191,-11.2310876228,-12.1763847851,0.816666644346,0.819294150079,0.817298569792,0.819294148804,0.816666621674
0.825,0.004125,0.0017015625,0,-11.9925233188,-10.9358804639,-11.7395877117,-10.9358810034,-11.9925316352,-13.7229524722,-13.7229751383,1,1,0.624511558772,1,1,0.808594470427,0.81151516015,0.809299105415,0.811515158663,0.808594447506,1.96282439705e-06,1.83700638231e-06,1.9324302741e-06,1.83700643788e-06,1.9628256673e-06,1.96282439705e-06,1.83700638231e-06,1.9324302741e-06,1.83700643788e-06,1.9628256673e-06,1.26129907251e-06,1.13422763831e-06,1.23034179125e-06,1.13422769392e-06,1.26130035915e-06,4.66561539589e-06,4.36654714122e-06,4.5933688474e-06,4.3665472733e-06,4.66561841527e-06,2.99793164335,2.99793052186,2.99793134787,2.99793052186,2.99793164336,0.000139295007032,0.000138998461148,0.000139223130046,0.000138998461303,0.000139295009264,0.3916,0.3916,0.3916,0.3916,0.3916,0,0,0,0,0,0.200000726271,0.2000006811,0.200000715339,0.2000006811,0.200000726272,1.85451387952,2.97493801102,2.07220856656,2.97493719911,1.85451276848,-0.19023069444,-0.187145387533,-0.189532397461,-0.187145389563,-0.190230703871,1.79752185337e-06,1.68572255369e-06,1.77046459209e-06,1.68572260218e-06,1.79752301075e-06,95.3805508997,0.138061294642,-0.03270477939,2.84387174549,92.6420356694,1.96864746727e-12,1.90010665893e-20,1.74217319615e-05,1.98399524537e-08,1.31079909377e-08,-11.9925233188,-10.9358804639,-11.7395877117,-10.9358810034,-11.9925316352,-13.7229524722,-13.7229751383,0.808594470427,0.81151516015,0.809299105415,0.811515158663,0.808594447506,-12.0397681381,-11.0118223964,-11.7950172476,-11.0118229151,-12.0397764269,0.809874783754,0.812721196932,0.810557826449,0.812721195499,0.809874760869,1.96282439705e-06,1.83700638231e-06,1.9324302741e-06,1.83700643788e-06,1.9628256673e-06,-12.1763765774,-11.2310871639,-11.9502529191,-11.2310876228,-12.1763847851,0.816666644346,0.819294150079,0.817298569792,0.819294148804,0.816666621674
0.85,0.00425,0.00180625,0,-11.9453725495,-10.8600714226,-11.6840349569,-10.8600719827,-11.9453808933,-13.7223133239,-13.7223359849,1,1,0.624511558772,1,1,0.807354790133,0.810349540261,0.808081576422,0.810349538719,0.807354767176,2.13757178626e-06,1.99646446979e-06,2.10351888769e-06,1.99646453317e-06,2.13757317664e-06,2.13757178626e-06,1.99646446979e-06,2.10351888769e-06,1.99646453317e-06,2.13757317664e-06,1.40405084165e-06,1.25969424612e-06,1.36886978805e-06,1.25969431016e-06,1.40405227377e-06,5.08098832008e-06,4.74557753694e-06,5.00004489587e-06,4.74557768759e-06,5.08099162502e-06,2.9978777318,2.99787661197,2.99787743602,2.99787661197,2.99787773182,0.000143504159839,0.000143190909019,0.000143427697315,0.000143190909184,0.000143504162146,0.3916,0.3916,0.3916,0.3916,0.3916,0,0,0,0,0,0.200000726271,0.2000006811,0.200000715339,0.2000006811,0.200000726272,1.85451387952,2.97493801102,2.07220856656,2.97493719911,1.85451276848,-0.19023069444,-0.187145387533,-0.189532397461,-0.187145389563,-0.190230703871,1.79752185337e-06,1.68572255369e-06,1.77046459209e-06,1.68572260218e-06,1.79752301075e-06,98.2708706239,0.14683700109,-0.0336891109191,2.93414486188,95.4498736522,1.66400226931e-12,1.95198742695e-20,1.74225556653e-05,2.106059232e-08,1.35049270058e-08,-11.9453725495,-10.8600714226,-11.6840349569,-10.8600719827,-11.9453808933,-13.7223133239,-13.7223359849,0.807354790133,0.810349540261,0.808081576422,0.810349538719,0.807354767176,-12.0397681381,-11.0118223964,-11.7950172476,-11.0118229151,-12.0397764269,0.809874783754,0.812721196932,0.810557826449,0.812721195499,0.809874760869,2.13757178626e-06,1.99646446979e-06,2.10351888769e-06,1.99646453317e-06,2.13757317664e-06,-12.1763765774,-11.2310871639,-11.9502529191,-11.2310876228,-12.1763847851,0.816666644346,0.819294150079,0.817298569792,0.819294148804,0.816666621674
0.875,0.004375,0.0019140625,0,-11.8983155344,-10.7843944263,-11.6283604255,-10.784395007,-11.8983239056,-13.7216574851,-13.7216801409,1,1,0.624511558772,1,1,0.806153368912,0.809221968671,0.806902859159,0.809221967075,0.806153345918,2.32198184291e-06,2.16424113887e-06,2.28392497379e-06,2.16424121085e-06,2.32198336094e-06,2.32198184291e-06,2.16424113887e-06,2.28392497379e-06,2.16424121085e-06,2.32198336094e-06,1.55468438869e-06,1.39156992475e-06,1.51489470272e-06,1.39156999802e-06,1.55468597506e-06,5.5193293152e-06,5.14438112402e-06,5.42886849012e-06,5.1443812951e-06,5.51933292356e-06,2.99782444105,2.99782332918,2.9978241464,2.99782332918,2.99782444106,0.000147712654195,0.000147382260022,0.000147631406075,0.000147382260197,0.000147712656577,0.3916,0.3916,0.3916,0.3916,0.3916,0,0,0,0,0,0.200000726271,0.2000006811,0.200000715339,0.2000006811,0.200000726272,1.85451387952,2.97493801102,2.07220856656,2.97493719911,1.85451276848,-0.19023069444,-0.187145387533,-0.189532397461,-0.187145389563,-0.190230703871,1.79752185337e-06,1.68572255369e-06,1.77046459209e-06,1.68572260218e-06,1.79752301075e-06,101.161190348,0.155890657952,-0.0346730862501,3.02465326328,98.2577546566,1.29363186829e-12,1.88655413177e-20,1.74234157759e-05,2.23176691973e-08,1.39018932807e-08,-11.8983155344,-10.7843944263,-11.6283604255,-10.784395007,-11.8983239056,-13.7216574851,-13.7216801409,0.806153368912,0.809221968671,0.806902859159,0.809221967075,0.806153345918,-12.0397681381,-11.0118223964,-11.7950172476,-11.0118229151,-12.0397764269,0.809874783754,0.812721196932,0.810557826449,0.812721195499,0.809874760869,2.32198184291e-06,2.16424113887e-06,2.28392497379e-06,2.16424121085e-06,2.32198336094e-06,-12.1763765774,-11.2310871639,-11.9502529191,-11.2310876228,-12.1763847851,0.816666644346,0.819294150079,0.817298569792,0.819294148804,0.816666621674
0.9,0.0045,0.002025,0,-11.8513519782,-10.708848637,-11.572565547,-10.7088492384,-11.8513603766,-13.7209849954,-13.721007646,1,1,0.624511558772,1,1,0.80498803376,0.808130277514,0.805760774427,0.808130275864,0.804988010729,2.51626889115e-06,2.34047524658e-06,2.47383844045e-06,2.34047532798e-06,2.51627054459e-06,2.51626889115e-06,2.34047524658e-06,2.47383844045e-06,2.34047532798e-06,2.51627054459e-06,1.7131945841e-06,1.52979158061e-06,1.6683901997e-06,1.52979166398e-06,1.7131963336e-06,5.98114782778e-06,5.5632879643e-06,5.88029103981e-06,5.56328815778e-06,5.98115175799e-06,2.99777177704,2.99777067982,2.99777148506,2.99777067982,2.99777177705,0.000151920493592,0.000151572518804,0.000151834255352,0.00015157251899,0.000151920496049,0.3916,0.3916,0.3916,0.3916,0.3916,0,0,0,0,0,0.200000726271,0.2000006811,0.200000715339,0.2000006811,0.200000726272,1.85451387952,2.97493801102,2.07220856656,2.97493719911,1.85451276848,-0.19023069444,-0.187145387533,-0.189532397461,-0.187145389563,-0.190230703871,1.79752185337e-06,1.68572255369e-06,1.77046459209e-06,1.68572260218e-06,1.79752301075e-06,104.051510072,0.165222676543,-0.0356566989192,3.1153964824,101.065679568,1.71596070686e-12,2.05384313885e-20,1.74243122932e-05,2.36111830855e-08,1.42988898433e-08,-11.8513519782,-10.708848637,-11.572565547,-10.7088492384,-11.8513603766,-13.7209849954,-13.721007646,0.80498803376,0.808130277514,0.805760774427,0.808130275864,0.804988010729,-12.0397681381,-11.0118223964,-11.7950172476,-11.0118229151,-12.0397764269,0.809874783754,0.812721196932,0.810557826449,0.812721195499,0.809874760869,2.51626889115e-06,2.34047524658e-06,2.47383844045e-06,2.34047532798e-06,2.51627054459e-06,-12.1763765774,-11.2310871639,-11.9502529191,-11.2310876228,-12.1763847851,0.816666644346,0.819294150079,0.817298569792,0.819294148804,0.816666621674
0.925,0.004625,0.0021390625,0,-11.8044815857,-10.6334332255,-11.5166517386,-10.6334338474,-11.8044900112,-13.7202958942,-13.7203185397,1,1,0.624511558772,1,1,0.803856790584,0.80707247762,0.804653322094,0.807072475916,0.803856767515,2.7206437777e-06,2.52530021026e-06,2.67344455835e-06,2.52530030196e-06,2.72064557454e-06,2.7206437777e-06,2.52530021026e-06,2.67344455835e-06,2.52530030196e-06,2.72064557454e-06,1.87957151364e-06,1.67429171881e-06,1.8293245893e-06,1.67429181318e-06,1.87957343525e-06,6.4669450385e-06,6.00261518959e-06,6.35475293166e-06,6.00261540757e-06,6.46694930959e-06,2.99771974541,2.9977186699,2.99771945778,2.9977186699,2.99771974542,0.000156127681513,0.000155761689984,0.000156036244218,0.000155761690181,0.000156127684045,0.3916,0.3916,0.3916,0.3916,0.3916,0,0,0,0,0,0.200000726271,0.2000006811,0.200000715339,0.2000006811,0.200000726272,1.85451387952,2.97493801102,2.07220856656,2.97493719911,1.85451276848,-0.19023069444,-0.187145387533,-0.189532397461,-0.187145389563,-0.190230703871,1.79752185337e-06,1.68572255369e-06,1.77046459209e-06,1.68572260218e-06,1.79752301075e-06,106.941829797,0.174833454266,-0.0366399427715,3.2063740534,103.873649255,2.02060590482e-12,2.40790291081e-20,1.74252452172e-05,2.49411339846e-08,1.46959167975e-08,-11.8044815857,-10.6334332255,-11.5166517386,-10.6334338474,-11.8044900112,-13.7202958942,-13.7203185397,0.803856790584,0.80707247762,0.804653322094,0.807072475916,0.803856767515,-12.0397681381,-11.0118223964,-11.7950172476,-11.0118229151,-12.0397764269,0.809874783754,0.812721196932,0.810557826449,0.812721195499,0.809874760869,2.7206437777e-06,2.52530021026e-06,2.67344455835e-06,2.52530030196e-06,2.72064557454e-06,-12.1763765774,-11.2310871639,-11.9502529191,-11.2310876228,-12.1763847851,0.816666644346,0.819294150079,0.817298569792,0.819294148804,0.816666621674
0.95,0.00475,0.00225625,0,-11.7577040622,-10.5581473703,-11.460620405,-10.5581480128,-11.7577125147,-13.7195902208,-13.7196128613,1,1,0.624511558772,1,1,0.802757805102,0.806046739427,0.803578661975,0.80604673767,0.802757781993,2.93531389203e-06,2.71884403327e-06,2.88292395658e-06,2.71884413621e-06,2.93531584053e-06,2.93531389203e-06,2.71884403327e-06,2.88292395658e-06,2.71884413621e-06,2.93531584053e-06,2.05380085647e-06,1.82499884755e-06,1.99766121504e-06,1.82499895384e-06,2.05380295926e-06,6.97721391023e-06,6.46266706268e-06,6.85268351932e-06,6.46266730737e-06,6.9772185418e-06,2.99766835154,2.99766730517,2.99766807004,2.99766730517,2.99766835155,0.000160334221426,0.000159949778151,0.000160237371788,0.000159949778359,0.000160334224035,0.3916,0.3916,0.3916,0.3916,0.3916,0,0,0,0,0,0.200000726271,0.2000006811,0.200000715339,0.2000006811,0.200000726272,1.85451387952,2.97493801102,2.07220856656,2.97493719911,1.85451276848,-0.19023069444,-0.187145387533,-0.189532397461,-0.187145389563,-0.190230703871,1.79752185337e-06,1.68572255369e-06,1.77046459209e-06,1.68572260218e-06,1.79752301075e-06,109.832149521,0.184723375395,-0.0376228119639,3.29758551196,106.681664572,1.67954539165e-12,2.34606950566e-20,1.74262145476e-05,2.63075218946e-08,1.5092974273e-08,-11.7577040622,-10.5581473703,-11.460620405,-10.5581480128,-11.7577125147,-13.7195902208,-13.7196128613,0.802757805102,0.806046739427,0.803578661975,0.80604673767,0.802757781993,-12.0397681381,-11.0118223964,-11.7950172476,-11.0118229151,-12.0397764269,0.809874783754,0.812721196932,0.810557826449,0.812721195499,0.809874760869,2.93531389203e-06,2.71884403327e-06,2.88292395658e-06,2.71884413621e-06,2.93531584053e-06,-12.1763765774,-11.2310871639,-11.9502529191,-11.2310876228,-12.1763847851,0.816666644346,0.819294150079,0.817298569792,0.819294148804,0.816666621674
0.975,0.004875,0.0023765625,0,-11.7110191131,-10.4829902585,-11.4044729387,-10.4829909214,-11.7110275925,-13.7188680145,-13.7188906499,1,1,0.624511558772,1,1,0.801689386222,0.805051376383,0.802535097212,0.805051374573,0.801689363074,3.16048318636e-06,2.92122933024e-06,3.10245261854e-06,2.9212294454e-06,3.16048529501e-06,3.16048318636e-06,2.92122933024e-06,3.10245261854e-06,2.9212294454e-06,3.16048529501e-06,2.23586423519e-06,1.981837851e-06,2.17335881308e-06,1.98183797018e-06,2.23586652832e-06,7.51243923545e-06,6.94373503741e-06,7.37450111372e-06,6.94373531114e-06,7.51244424771e-06,2.99761760053,2.99761659111,2.99761732706,2.99761659111,2.99761760054,0.00016454011679,0.000164136787864,0.000164437637222,0.000164136788084,0.000164540119475,0.3916,0.3916,0.3916,0.3916,0.3916,0,0,0,0,0,0.200000726271,0.2000006811,0.200000715339,0.2000006811,0.200000726272,1.85451387952,2.97493801102,2.07220856656,2.97493719911,1.85451276848,-0.19023069444,-0.187145387533,-0.189532397461,-0.187145389563,-0.190230703871,1.79752185337e-06,1.68572255369e-06,1.77046459209e-06,1.68572260218e-06,1.79752301075e-06,112.722469245,0.194892811782,-0.038605300969,3.3890303952,109.489726361,1.71374026081e-12,2.32002324253e-20,1.74272202844e-05,2.77103468156e-08,1.54900624289e-08,-11.7110191131,-10.4829902585,-11.4044729387,-10.4829909214,-11.7110275925,-13.7188680145,-13.7188906499,0.801689386222,0.805051376383,0.802535097212,0.805051374573,0.801689363074,-12.0397681381,-11.0118223964,-11.7950172476,-11.0118229151,-12.0397764269,0.809874783754,0.812721196932,0.810557826449,0.812721195499,0.809874760869,3.16048318636e-06,2.92122933024e-06,3.10245261854e-06,2.9212294454e-06,3.16048529501e-06,-12.1763765774,-11.2310871639,-11.9502529191,-11.2310876228,-12.1763847851,0.816666644346,0.819294150079,0.817298569792,0.819294148804,0.816666621674
1,0.005,0.0025,0,-11.6644264443,-10.407961085,-11.3482107198,-10.4079617683,-11.6644349505,-13.7181293144,-13.7181519447,1,1,0.624511558772,1,1,0.800649971531,0.804084830435,0.801521059746,0.804084828572,0.800649948344,3.39635219541e-06,3.13257335193e-06,3.33220187812e-06,3.13257348035e-06,3.39635447298e-06,3.39635219541e-06,3.13257335193e-06,3.33220187812e-06,3.13257348035e-06,3.39635447298e-06,2.42573953996e-06,2.14473033344e-06,2.3563718462e-06,2.14473046651e-06,2.42574203269e-06,8.07309768341e-06,7.44609781777e-06,7.92061297391e-06,7.44609812302e-06,8.07310309716e-06,2.99756749724,2.99756653296,2.99756723384,2.99756653296,2.99756749725,0.00016874537105,0.000168322723655,0.000168637039721,0.000168322723887,0.000168745373812,0.3916,0.3916,0.3916,0.3916,0.3916,0,0,0,0,0,0.200001372264,0.200001265686,0.200001346344,0.200001265686,0.200001372264,1.87378966019,3.01022550285,2.16356226694,3.0102246816,1.87378855685,-0.107260398242,-0.104246281371,-0.10644686331,-0.104246283488,-0.10726040291,3.39635219541e-06,3.13257335193e-06,3.33220187812e-06,3.13257348035e-06,3.39635447298e-06,115.612788969,0.205342123517,-0.0395874045797,3.48070824171,112.297835447,2.12851958281e-12,2.37783324118e-20,1.74282624273e-05,2.91496087475e-08,1.58871814576e-08,-11.6644264443,-10.407961085,-11.3482107198,-10.4079617683,-11.6644349505,-13.7181293144,-13.7181519447,0.800649971531,0.804084830435,0.801521059746,0.804084828572,0.800649948344,-11.6644264443,-10.407961085,-11.3482107198,-10.4079617683,-11.6644349505,0.800649971531,0.804084830435,0.801521059746,0.804084828572,0.800649948344,3.39635219541e-06,3.13257335193e-06,3.33220187812e-06,3.13257348035e-06,3.39635447298e-06,-11.7993750343,-10.6249347637,-11.5069073205,-10.6249353879,-11.7993834617,0.804871920648,0.808093963566,0.80567996624,0.808093961858,0.804871897596
1.025,0.005125,0.0026265625,0,-11.6179257621,-10.3330590526,-11.2918351166,-10.3330597563,-11.6179342949,-13.7173741594,-13.7173967846,1,1,0.624511558772,1,1,0.799638114577,0.803145659327,0.80053509759,0.803145657411,0.79963809135,3.6431180561e-06,3.35298800977e-06,3.57233841598e-06,3.35298815255e-06,3.64312051158e-06,3.6431180561e-06,3.35298800977e-06,3.57233841598e-06,3.35298815255e-06,3.64312051158e-06,2.62340122887e-06,2.31359493676e-06,2.54665081414e-06,2.31359508477e-06,2.62340393051e-06,8.65965784669e-06,7.97002141614e-06,8.49141529828e-06,7.97002175552e-06,8.65966368333e-06,2.99751804628,2.99751713569,2.99751779513,2.99751713569,2.99751804629,0.000172949987642,0.000172507590028,0.000172835578528,0.000172507590272,0.000172949990481,0.3916,0.3916,0.3916,0.3916,0.3916,0,0,0,0,0,0.200001372264,0.200001265686,0.200001346344,0.200001265686,0.200001372264,1.87378966019,3.01022550285,2.16356226694,3.0102246816,1.87378855685,-0.107260398242,-0.104246281371,-0.10644686331,-0.104246283488,-0.10726040291,3.39635219541e-06,3.13257335193e-06,3.33220187812e-06,3.13257348035e-06,3.39635447298e-06,118.503108694,0.216071659536,-0.0405691179167,3.57261859157,115.105992644,2.32880381645e-12,2.05574896299e-20,1.74293409761e-05,3.06253076903e-08,1.6284331589e-08,-11.6179257621,-10.3330590526,-11.2918351166,-10.3330597563,-11.6179342949,-13.7173741594,-13.7173967846,0.799638114577,0.803145659327,0.80053509759,0.803145657411,0.79963809135,-11.6644264443,-10.407961085,-11.3482107198,-10.4079617683,-11.6644349505,0.800649971531,0.804084830435,0.801521059746,0.804084828572,0.800649948344,3.6431180561e-06,3.35298800977e-06,3.57233841598e-06,3.35298815255e-06,3.64312051158e-06,-11.7993750343,-10.6249347637,-11.5069073205,-10.6249353879,-11.7993834617,0.804871920648,0.808093963566,0.80567996624,0.808093961858,0.804871897596
1.05,0.00525,0.00275625,0,-11.5715167729,-10.258283372,-11.2353474851,-10.2582840961,-11.5715253322,-13.7166025884,-13.7166252085,1,1,0.624511558772,1,1,0.798652473675,0.802232525418,0.79957586364,0.802232523449,0.798652450407,3.90097452692e-06,3.58257989989e-06,3.8230242561e-06,3.58258005818e-06,3.90097716956e-06,3.90097452692e-06,3.58257989989e-06,3.8230242561e-06,3.58258005818e-06,3.90097716956e-06,2.8288206063e-06,2.48834763347e-06,2.7441425422e-06,2.4883477975e-06,2.82882352627e-06,9.27258028742e-06,8.51575921058e-06,9.0872932163e-06,8.51575958682e-06,9.27258656895e-06,2.99746925205,2.99746840407,2.99746901544,2.99746840407,2.99746925206,0.000177153969989,0.000176691391457,0.000177033252929,0.000176691391714,0.000177153972905,0.3916,0.3916,0.3916,0.3916,0.3916,0,0,0,0,0,0.200001372264,0.200001265686,0.200001346344,0.200001265686,0.200001372264,1.87378966019,3.01022550285,2.16356226694,3.0102246816,1.87378855685,-0.107260398242,-0.104246281371,-0.10644686331,-0.104246283488,-0.10726040291,3.39635219541e-06,3.13257335193e-06,3.33220187812e-06,3.13257348035e-06,3.39635447298e-06,121.393428418,0.227081758178,-0.0415504364364,3.66476098631,117.914198753,2.40474307134e-12,1.86876643988e-20,1.74304559305e-05,3.21374436441e-08,1.6681513095e-08,-11.5715167729,-10.258283372,-11.2353474851,-10.2582840961,-11.5715253322,-13.7166025884,-13.7166252085,0.798652473675,0.802232525418,0.79957586364,0.802232523449,0.798652450407,-11.6644264443,-10.407961085,-11.3482107198,-10.4079617683,-11.6644349505,0.800649971531,0.804084830435,0.801521059746,0.804084828572,0.800649948344,3.90097452692e-06,3.58257989989e-06,3.8230242561e-06,3.58258005818e-06,3.90097716956e-06,-11.7993750343,-10.6249347637,-11.5069073205,-10.6249353879,-11.7993834617,0.804871920648,0.808093963566,0.80567996624,0.808093961858,0.804871897596
1.075,0.005375,0.0028890625,0,-11.5251991836,-10.1836332618,-11.1787491698,-10.1836340063,-11.5252077693,-13.71581464,-13.7158372551,1,1,0.624511558772,1,1,0.797691802042,0.801344185823,0.798642105792,0.801344183801,0.797691778734,4.17011200719e-06,3.82145032691e-06,4.08441676242e-06,3.82145050192e-06,4.17011484651e-06,4.17011200719e-06,3.82145032691e-06,4.08441676242e-06,3.82145050192e-06,4.17011484651e-06,3.04196608113e-06,2.66890199699e-06,2.94879044978e-06,2.66890217815e-06,3.0419692289e-06,9.91231758306e-06,9.08355200122e-06,9.70862078065e-06,9.0835524172e-06,9.91232433209e-06,2.99742111875,2.99742034267,2.99742089912,2.99742034267,2.99742111876,0.000181357321502,0.000180874132392,0.000181230062251,0.000180874132662,0.000181357324496,0.3916,0.3916,0.3916,0.3916,0.3916,0,0,0,0,0,0.200001372264,0.200001265686,0.200001346344,0.200001265686,0.200001372264,1.87378966019,3.01022550285,2.16356226694,3.0102246816,1.87378855685,-0.107260398242,-0.104246281371,-0.10644686331,-0.104246283488,-0.10726040291,3.39635219541e-06,3.13257335193e-06,3.33220187812e-06,3.13257348035e-06,3.39635447298e-06,124.283748142,0.238372747714,-0.0425313559413,3.75713496892,120.722454565,2.08810746471e-12,2.18089808094e-20,1.74316072903e-05,3.36860166088e-08,1.70787262951e-08,-11.5251991836,-10.1836332618,-11.1787491698,-10.1836340063,-11.5252077693,-13.71581464,-13.7158372551,0.797691802042,0.801344185823,0.798642105792,0.801344183801,0.797691778734,-11.6644264443,-10.407961085,-11.3482107198,-10.4079617683,-11.6644349505,0.800649971531,0.804084830435,0.801521059746,0.804084828572,0.800649948344,4.17011200719e-06,3.82145032691e-06,4.08441676242e-06,3.82145050192e-06,4.17011484651e-06,-11.7993750343,-10.6249347637,-11.5069073205,-10.6249353879,-11.7993834617,0.804871920648,0.808093963566,0.80567996624,0.808093961858,0.804871897596
1.1,0.0055,0.003025,0,-11.4789727014,-10.1091079481,-11.122041503,-10.1091087128,-11.4789813134,-13.7150103529,-13.715032963,1,1,0.624511558772,1,1,0.796754939065,0.800479483688,0.797732658208,0.800479481614,0.796754915716,4.45071755619e-06,4.06969532727e-06,4.35666863574e-06,4.06969552026e-06,4.45072060195e-06,4.45071755619e-06,4.06969532727e-06,4.35666863574e-06,4.06969552026e-06,4.45072060195e-06,3.26280340611e-06,2.85516945107e-06,3.16053480029e-06,2.85516965051e-06,3.26280679123e-06,1.05793143717e-05,9.67362806577e-06,1.03557609597e-05,9.67362852451e-06,1.05793216115e-05,2.99737365035,2.99737295584,2.99737345029,2.99737295584,2.99737365036,0.00018556004558,0.000185055817252,0.00018542600586,0.000185055817536,0.000185560048652,0.3916,0.3916,0.3916,0.3916,0.3916,0,0,0,0,0,0.200001372264,0.200001265686,0.200001346344,0.200001265686,0.200001372264,1.87378966019,3.01022550285,2.16356226694,3.0102246816,1.87378855685,-0.107260398242,-0.104246281371,-0.10644686331,-0.104246283488,-0.10726040291,3.39635219541e-06,3.13257335193e-06,3.33220187812e-06,3.13257348035e-06,3.39635447298e-06,127.174067866,0.249944946823,-0.0435118725916,3.84974008389,123.530760857,2.33679742223e-12,2.20990895939e-20,1.7432795055e-05,3.52710265844e-08,1.7475971562e-08,-11.4789727014,-10.1091079481,-11.122041503,-10.1091087128,-11.4789813134,-13.7150103529,-13.715032963,0.796754939065,0.800479483688,0.797732658208,0.800479481614,0.796754915716,-11.6644264443,-10.407961085,-11.3482107198,-10.4079617683,-11.6644349505,0.800649971531,0.804084830435,0.801521059746,0.804084828572,0.800649948344,4.45071755619e-06,4.06969532727e-06,4.35666863574e-06,4.06969552026e-06,4.45072060195e-06,-11.7993750343,-10.6249347637,-11.5069073205,-10.6249353879,-11.7993834617,0.804871920648,0.808093963566,0.80567996624,0.808093961858,0.804871897596
1.125,0.005625,0.0031640625,0,-11.4328370338,-10.0347066646,-11.0652258055,-10.0347074496,-11.4328456719,-13.7141897656,-13.7142123707,1,1,0.624511558772,1,1,0.79584080254,0.799637340444,0.796846433555,0.799637338318,0.79584077915,4.74297491198e-06,4.3274056922e-06,4.63992791073e-06,4.32740590451e-06,4.74297817422e-06,4.74297491198e-06,4.3274056922e-06,4.63992791073e-06,4.32740590451e-06,4.74297817422e-06,3.49129590005e-06,3.04705949981e-06,3.37931293375e-06,3.04705971871e-06,3.49129953214e-06,1.12740073972e-05,1.02862032142e-05,1.10290656305e-05,1.02862037188e-05,1.12740151515e-05,2.99732685067,2.99732624775,2.99732667291,2.99732624775,2.99732685068,0.000189762145613,0.000189236450433,0.000189621083163,0.00018923645073,0.000189762148764,0.3916,0.3916,0.3916,0.3916,0.3916,0,0,0,0,0,0.200001372264,0.200001265686,0.200001346344,0.200001265686,0.200001372264,1.87378966019,3.01022550285,2.16356226694,3.0102246816,1.87378855685,-0.107260398242,-0.104246281371,-0.10644686331,-0.104246283488,-0.10726040291,3.39635219541e-06,3.13257335193e-06,3.33220187812e-06,3.13257348035e-06,3.39635447298e-06,130.06438759,0.261798665049,-0.0444919829187,3.94257587712,126.339118395,2.28483898468e-12,2.67005960798e-20,1.74340192242e-05,3.6892473571e-08,1.78732493277e-08,-11.4328370338,-10.0347066646,-11.0652258055,-10.0347074496,-11.4328456719,-13.7141897656,-13.7142123707,0.79584080254,0.799637340444,0.796846433555,0.799637338318,0.79584077915,-11.6644264443,-10.407961085,-11.3482107198,-10.4079617683,-11.6644349505,0.800649971531,0.804084830435,0.801521059746,0.804084828572,0.800649948344,4.74297491198e-06,4.3274056922e-06,4.63992791073e-06,4.32740590451e-06,4.74297817422e-06,-11.7993750343,-10.6249347637,-11.5069073205,-10.6249353879,-11.7993834617,0.804871920648,0.808093963566,0.80567996624,0.808093961858,0.804871897596
1.15,0.00575,0.00330625,0,-11.3867918886,-9.9604286526,-11.0083033865,-9.96042945776,-11.3868005529,-13.7133529165,-13.7133755165,1,1,0.624511558772,1,1,0.794948381781,0.798816748912,0.795982416102,0.798816746734,0.79494835835,5.04706451019e-06,4.59466699036e-06,4.93433795312e-06,4.5946672234e-06,5.04706799918e-06,5.04706451019e-06,4.59466699036e-06,4.93433795312e-06,4.5946672234e-06,5.04706799918e-06,3.72740465391e-06,3.24447993978e-06,3.60505948353e-06,3.24448017936e-06,3.72740854263e-06,1.19968255531e-05,1.09214808423e-05,1.1728875572e-05,1.09214813962e-05,1.19968338464e-05,2.99728072335,2.9972802224,2.99728057076,2.9972802224,2.99728072336,0.000193963624977,0.000193416036302,0.000193815293608,0.000193416036613,0.000193963628207,0.3916,0.3916,0.3916,0.3916,0.3916,0,0,0,0,0,0.200001372264,0.200001265686,0.200001346344,0.200001265686,0.200001372264,1.87378966019,3.01022550285,2.16356226694,3.0102246816,1.87378855685,-0.107260398242,-0.104246281371,-0.10644686331,-0.104246283488,-0.10726040291,3.39635219541e-06,3.13257335193e-06,3.33220187812e-06,3.13257348035e-06,3.39635447298e-06,132.954707315,0.273934203218,-0.0454716838408,4.03564189602,129.147527938,2.13873363464e-12,2.11207665398e-20,1.74352797975e-05,3.85503575685e-08,1.8270560091e-08,-11.3867918886,-9.9604286526,-11.0083033865,-9.96042945776,-11.3868005529,-13.7133529165,-13.7133755165,0.794948381781,0.798816748912,0.795982416102,0.798816746734,0.79494835835,-11.6644264443,-10.407961085,-11.3482107198,-10.4079617683,-11.6644349505,0.800649971531,0.804084830435,0.801521059746,0.804084828572,0.800649948344,5.04706451019e-06,4.59466699036e-06,4.93433795312e-06,4.5946672234e-06,5.04706799918e-06,-11.7993750343,-10.6249347637,-11.5069073205,-10.6249353879,-11.7993834617,0.804871920648,0.808093963566,0.80567996624,0.808093961858,0.804871897596
1.175,0.005875,0.0034515625,0,-11.3408369742,-9.88627316067,-10.9512755437,-9.88627398598,-11.3408456644,-13.7124998437,-13.7125224388,1,1,0.624511558772,1,1,0.794076731457,0.798016767156,0.795139655558,0.798016764927,0.794076707984,5.36316350248e-06,4.8715595901e-06,5.24003745701e-06,4.87155984531e-06,5.36316722877e-06,5.36316350248e-06,4.8715595901e-06,5.24003745701e-06,4.87155984531e-06,5.36316722877e-06,3.9710887221e-06,3.44733705556e-06,3.83770657818e-06,3.44733731706e-06,3.97109287719e-06,1.27481899275e-05,1.1579651985e-05,1.24555204588e-05,1.15796525917e-05,1.27481987848e-05,2.99723527184,2.99723488361,2.99723514746,2.99723488361,2.99723527185,0.000198164487039,0.000197594579201,0.000198008636681,0.000197594579526,0.000198164490347,0.3916,0.3916,0.3916,0.3916,0.3916,0,0,0,0,0,0.200001372264,0.200001265686,0.200001346344,0.200001265686,0.200001372264,1.87378966019,3.01022550285,2.16356226694,3.0102246816,1.87378855685,-0.107260398242,-0.104246281371,-0.10644686331,-0.104246283488,-0.10726040291,3.39635219541e-06,3.13257335193e-06,3.33220187812e-06,3.13257348035e-06,3.39635447298e-06,135.845027039,0.286351853831,-0.0464509726806,4.12893768942,131.955990231,1.72128977738e-12,2.52881686403e-20,1.74365767742e-05,4.0244678577e-08,1.86679044247e-08,-11.3408369742,-9.88627316067,-10.9512755437,-9.88627398598,-11.3408456644,-13.7124998437,-13.7125224388,0.794076731457,0.798016767156,0.795139655558,0.798016764927,0.794076707984,-11.6644264443,-10.407961085,-11.3482107198,-10.4079617683,-11.6644349505,0.800649971531,0.804084830435,0.801521059746,0.804084828572,0.800649948344,5.36316350248e-06,4.8715595901e-06,5.24003745701e-06,4.87155984531e-06,5.36316722877e-06,-11.7993750343,-10.6249347637,-11.5069073205,-10.6249353879,-11.7993834617,0.804871920648,0.808093963566,0.80567996624,0.808093961858,0.804871897596
1.2,0.006,0.0036,0,-11.2949719992,-9.81223944479,-10.8941435634,-9.81224029022,-11.2949807152,-13.7116305855,-13.7116531755,1,1,0.624511558772,1,1,0.793224966084,0.797236512978,0.794317261559,0.797236510697,0.793224942568,5.69144577498e-06,5.15815868132e-06,5.55716044242e-06,5.15815896023e-06,5.69144974938e-06,5.69144577498e-06,5.15815868132e-06,5.55716044242e-06,5.15815896023e-06,5.69144974938e-06,4.22230530009e-06,3.65553579997e-06,4.07718402954e-06,3.65553608469e-06,4.22230973133e-06,1.35285138459e-05,1.2260895368e-05,1.32093188553e-05,1.2260896031e-05,1.3528523293e-05,2.99719049948,2.99719023508,2.99719040649,2.99719023508,2.99719049949,0.000202364735151,0.000201772083445,0.000202201111906,0.000201772083784,0.000202364738539,0.3916,0.3916,0.3916,0.3916,0.3916,0,0,0,0,0,0.133136126709,0.127243143381,0.131214336803,0.127243147605,0.133136132304,1.86331512711,2.9989296921,2.22212359377,2.99892887503,1.86331404959,-0.0665669135675,-0.063620529638,-0.0656060457426,-0.0636205317502,-0.066566916364,5.69144577498e-06,5.15815868132e-06,5.55716044242e-06,5.15815896023e-06,5.69144974938e-06,138.735346763,0.299051901429,-0.0474298471845,4.22246280764,134.76450601,1.48059342564e-12,2.73739872729e-20,1.74379101536e-05,4.19754365964e-08,1.9065282984e-08,-11.2949719992,-9.81223944479,-10.8941435634,-9.81224029022,-11.2949807152,-13.7116305855,-13.7116531755,0.793224966084,0.797236512978,0.794317261559,0.797236510697,0.793224942568,-11.2949719992,-9.81223944479,-10.8941435634,-9.81224029022,-11.2949807152,0.793224966084,0.797236512978,0.794317261559,0.797236510697,0.793224942568,5.69144577498e-06,5.15815868132e-06,5.55716044242e-06,5.15815896023e-06,5.69144974938e-06,-11.4279311957,-10.026463605,-11.0556663362,-10.0264643921,-11.4279398356,0.796295069974,0.80009850588,0.797312437995,0.80009850375,0.796295046581
1.225,0.006125,0.0037515625,0,-11.2491966724,-9.73832676819,-10.8369087206,-9.73832763369,-11.2492054142,-13.7107451797,-13.7107677648,1,1,0.624511558772,1,1,0.792392255084,0.79647515898,0.793514398725,0.796475156648,0.792392231527,6.03208196641e-06,5.45453429707e-06,5.88583625284e-06,5.45453460127e-06,6.03208619998e-06,6.03208196641e-06,5.45453429707e-06,5.88583625284e-06,5.45453460127e-06,6.03208619998e-06,4.48100988927e-06,3.86897996015e-06,4.32341950814e-06,3.8689802694e-06,4.48101460651e-06,1.43382029152e-05,1.29653774592e-05,1.39905782097e-05,1.29653781822e-05,1.43382129783e-05,2.99714640945,2.99714628033,2.9971463512,2.99714628033,2.99714640945,0.000206564372658,0.000205948553324,0.000206392718847,0.000205948553679,0.000206564376126,0.3916,0.3916,0.3916,0.3916,0.3916,0,0,0,0,0,0.133136126709,0.127243143381,0.131214336803,0.127243147605,0.133136132304,1.86331512711,2.9989296921,2.22212359377,2.99892887503,1.86331404959,-0.0665669135675,-0.063620529638,-0.0656060457426,-0.0636205317502,-0.066566916364,5.69144577498e-06,5.15815868132e-06,5.55716044242e-06,5.15815896023e-06,5.69144974938e-06,141.625666487,0.312034622939,-0.0484083055447,4.31621680242,137.573076002,1.93445259811e-12,2.61733180702e-20,1.74392799351e-05,4.37426316267e-08,1.94626965159e-08,-11.2491966724,-9.73832676819,-10.8369087206,-9.73832763369,-11.2492054142,-13.7107451797,-13.7107677648,0.792392255084,0.79647515898,0.793514398725,0.796475156648,0.792392231527,-11.2949719992,-9.81223944479,-10.8941435634,-9.81224029022,-11.2949807152,0.793224966084,0.797236512978,0.794317261559,0.797236510697,0.793224942568,6.03208196641e-06,5.45453429707e-06,5.88583625284e-06,5.45453460127e-06,6.03208619998e-06,-11.4279311957,-10.026463605,-11.0556663362,-10.0264643921,-11.4279398356,0.796295069974,0.80009850588,0.797312437995,0.80009850375,0.796295046581
1.25,0.00625,0.00390625,0,-11.2035107033,-9.66453440124,-10.779572279,-9.66453528678,-11.2035194706,-13.7098436644,-13.7098662445,1,1,0.624511558772,1,1,0.791577818347,0.795731928135,0.792730282211,0.795731925751,0.791577794747,6.38523948612e-06,5.76075133468e-06,6.22618955307e-06,5.76075166584e-06,6.38524399019e-06,6.38523948612e-06,5.76075133468e-06,6.22618955307e-06,5.76075166584e-06,6.38524399019e-06,4.74715645018e-06,4.08757231046e-06,4.57633870678e-06,4.08757264559e-06,4.74716146332e-06,1.51776550656e-05,1.36932525189e-05,1.47995948492e-05,1.3693253306e-05,1.51776657718e-05,2.99710300478,2.99710302276,2.99710298479,2.99710302276,2.99710300478,0.00021076340289,0.000210123993105,0.000210583457104,0.000210123993474,0.000210763406438,0.3916,0.3916,0.3916,0.3916,0.3916,0,0,0,0,0,0.133136126709,0.127243143381,0.131214336803,0.127243147605,0.133136132304,1.86331512711,2.9989296921,2.22212359377,2.99892887503,1.86331404959,-0.0665669135675,-0.063620529638,-0.0656060457426,-0.0636205317502,-0.066566916364,5.69144577498e-06,5.15815868132e-06,5.55716044242e-06,5.15815896023e-06,5.69144974938e-06,144.515986212,0.325300287998,-0.0493863464234,4.41019922699,140.381700926,2.16804352249e-12,2.9226871845e-20,1.74406861178e-05,4.55462636679e-08,1.98601458685e-08,-11.2035107033,-9.66453440124,-10.779572279,-9.66453528678,-11.2035194706,-13.7098436644,-13.7098662445,0.791577818347,0.795731928135,0.792730282211,0.795731925751,0.791577794747,-11.2949719992,-9.81223944479,-10.8941435634,-9.81224029022,-11.2949807152,0.793224966084,0.797236512978,0.794317261559,0.797236510697,0.793224942568,6.38523948612e-06,5.76075133468e-06,6.22618955307e-06,5.76075166584e-06,6.38524399019e-06,-11.4279311957,-10.026463605,-11.0556663362,-10.0264643921,-11.4279398356,0.796295069974,0.80009850588,0.797312437995,0.80009850375,0.796295046581
1.275,0.006375,0.0040640625,0,-11.1579138014,-9.59086162143,-10.7221354913,-9.59086252696,-11.1579225943,-13.7089260773,-13.7089486524,1,1,0.624511558772,1,1,0.790780922225,0.795006089781,0.791964173712,0.795006087346,0.790780898583,6.75108253188e-06,6.07686957666e-06,6.5783403271e-06,6.0768699365e-06,6.75108731806e-06,6.75108253188e-06,6.07686957666e-06,6.5783403271e-06,6.0768699365e-06,6.75108731806e-06,5.02069754475e-06,4.31121475337e-06,4.83586549306e-06,4.31121511576e-06,5.02070286372e-06,1.6047260594e-05,1.44446626495e-05,1.56366539746e-05,1.44446635049e-05,1.60472719707e-05,2.99706028841,2.99706046566,2.99706031036,2.99706046566,2.99706028842,0.000214961829168,0.000214298407026,0.000214773326315,0.00021429840741,0.000214961832796,0.3916,0.3916,0.3916,0.3916,0.3916,0,0,0,0,0,0.133136126709,0.127243143381,0.131214336803,0.127243147605,0.133136132304,1.86331512711,2.9989296921,2.22212359377,2.99892887503,1.86331404959,-0.0665669135675,-0.063620529638,-0.0656060457426,-0.0636205317502,-0.066566916364,5.69144577498e-06,5.15815868132e-06,5.55716044242e-06,5.15815896023e-06,5.69144974938e-06,147.406305936,0.338849159248,-0.0503639689792,4.504409636,143.19038149,2.1191937094e-12,2.68212982748e-20,1.74421287007e-05,4.73863327201e-08,2.02576320024e-08,-11.1579138014,-9.59086162143,-10.7221354913,-9.59086252696,-11.1579225943,-13.7089260773,-13.7089486524,0.790780922225,0.795006089781,0.791964173712,0.795006087346,0.790780898583,-11.2949719992,-9.81223944479,-10.8941435634,-9.81224029022,-11.2949807152,0.793224966084,0.797236512978,0.794317261559,0.797236510697,0.793224942568,6.75108253188e-06,6.07686957666e-06,6.5783403271e-06,6.0768699365e-06,6.75108731806e-06,-11.4279311957,-10.026463605,-11.0556663362,-10.0264643921,-11.4279398356,0.796295069974,0.80009850588,0.797312437995,0.80009850375,0.796295046581
1.3,0.0065,0.004225,0,-11.112405677,-9.51730771325,-10.6645995992,-9.51730863872,-11.1124144953,-13.7079924559,-13.7080150261,1,1,0.624511558772,1,1,0.790000875922,0.794296956024,0.791215377839,0.794296953538,0.790000852237,7.12977210757e-06,6.40294371115e-06,6.94240387609e-06,6.40294410146e-06,7.12977718771e-06,7.12977210757e-06,6.40294371115e-06,6.94240387609e-06,6.40294410146e-06,7.12977718771e-06,5.30158446855e-06,4.53980844901e-06,5.10192205187e-06,4.53980884007e-06,5.30159010334e-06,1.69474022048e-05,1.52197378444e-05,1.65020296556e-05,1.52197387722e-05,1.69474142803e-05,2.99701826316,2.9970186122,2.99701833089,2.9970186122,2.99701826317,0.0002191596548,0.000218471799303,0.000218962326156,0.000218471799703,0.000219159658509,0.3916,0.3916,0.3916,0.3916,0.3916,0,0,0,0,0,0.133136126709,0.127243143381,0.131214336803,0.127243147605,0.133136132304,1.86331512711,2.9989296921,2.22212359377,2.99892887503,1.86331404959,-0.0665669135675,-0.063620529638,-0.0656060457426,-0.0636205317502,-0.066566916364,5.69144577498e-06,5.15815868132e-06,5.55716044242e-06,5.15815896023e-06,5.69144974938e-06,150.29662566,0.352681492631,-0.0513411728963,4.59884758557,145.999118394,2.16360263039e-12,2.69737642053e-20,1.74436076828e-05,4.92628387832e-08,2.06551560019e-08,-11.112405677,-9.51730771325,-10.6645995992,-9.51730863872,-11.1124144953,-13.7079924559,-13.7080150261,0.790000875922,0.794296956024,0.791215377839,0.794296953538,0.790000852237,-11.2949719992,-9.81223944479,-10.8941435634,-9.81224029022,-11.2949807152,0.793224966084,0.797236512978,0.794317261559,0.797236510697,0.793224942568,7.12977210757e-06,6.40294371115e-06,6.94240387609e-06,6.40294410146e-06,7.12977718771e-06,-11.4279311957,-10.026463605,-11.0556663362,-10.0264643921,-11.4279398356,0.796295069974,0.80009850588,0.797312437995,0.80009850375,0.796295046581
1.325,0.006625,0.0043890625,0,-11.0669860406,-9.4438719681,-10.6069658333,-9.44387291349,-11.0669948841,-13.707042838,-13.7070654032,1,1,0.624511558772,1,1,0.789237028226,0.793603878463,0.790483238851,0.793603875926,0.789237004499,7.52146604058e-06,6.73902335207e-06,7.31849081655e-06,6.73902377473e-06,7.52147142682e-06,7.52146604058e-06,6.73902335207e-06,7.31849081655e-06,6.73902377473e-06,7.52147142682e-06,5.58976737378e-06,4.77325393452e-06,5.37442901839e-06,4.7732543557e-06,5.58977333443e-06,1.78784550525e-05,1.60185960354e-05,1.73959848266e-05,1.601859704e-05,1.78784678555e-05,2.99697693175,2.99697746543,2.99697704927,2.99697746543,2.99697693175,0.000223356883084,0.000222644174127,0.000223150456337,0.000222644174543,0.000223356886874,0.3916,0.3916,0.3916,0.3916,0.3916,0,0,0,0,0,0.133136126709,0.127243143381,0.131214336803,0.127243147605,0.133136132304,1.86331512711,2.9989296921,2.22212359377,2.99892887503,1.86331404959,-0.0665669135675,-0.063620529638,-0.0656060457426,-0.0636205317502,-0.066566916364,5.69144577498e-06,5.15815868132e-06,5.55716044242e-06,5.15815896023e-06,5.69144974938e-06,153.186945384,0.366797537646,-0.0523179584167,4.69351263325,148.80791233,1.99928962274e-12,2.98282652376e-20,1.74451230628e-05,5.11757818573e-08,2.10527190879e-08,-11.0669860406,-9.4438719681,-10.6069658333,-9.44387291349,-11.0669948841,-13.707042838,-13.7070654032,0.789237028226,0.793603878463,0.790483238851,0.793603875926,0.789237004499,-11.2949719992,-9.81223944479,-10.8941435634,-9.81224029022,-11.2949807152,0.793224966084,0.797236512978,0.794317261559,0.797236510697,0.793224942568,7.52146604058e-06,6.73902335207e-06,7.31849081655e-06,6.73902377473e-06,7.52147142682e-06,-11.4279311957,-10.026463605,-11.0556663362,-10.0264643921,-11.4279398356,0.796295069974,0.80009850588,0.797312437995,0.80009850375,0.796295046581
1.35,0.00675,0.00455625,0,-11.0216546029,-9.37055368429,-10.5492354137,-9.37055464954,-11.0216634717,-13.7060772608,-13.7060998211,1,1,0.624511558772,1,1,0.788488764546,0.79292624524,0.789767137692,0.792926242653,0.788488740776,7.92631899913e-06,7.08515305896e-06,7.70670707854e-06,7.08515351591e-06,7.92632470386e-06,7.92631899913e-06,7.08515305896e-06,7.70670707854e-06,7.08515351591e-06,7.92632470386e-06,5.88519538367e-06,5.01145123379e-06,5.65330560233e-06,5.01145168656e-06,5.88520168025e-06,1.88407867819e-05,1.68413431399e-05,1.83187712825e-05,1.68413442261e-05,1.8840800342e-05,2.99693629678,2.99693702833,2.99693646831,2.99693702833,2.99693629678,0.000227553517307,0.000226815535665,0.000227337716605,0.000226815536097,0.000227553521178,0.3916,0.3916,0.3916,0.3916,0.3916,0,0,0,0,0,0.133136126709,0.127243143381,0.131214336803,0.127243147605,0.133136132304,1.86331512711,2.9989296921,2.22212359377,2.99892887503,1.86331404959,-0.0665669135675,-0.063620529638,-0.0656060457426,-0.0636205317502,-0.066566916364,5.69144577498e-06,5.15815868132e-06,5.55716044242e-06,5.15815896023e-06,5.69144974938e-06,156.077265109,0.38119753761,-0.0532943263743,4.78840433807,151.616763982,2.6103563755e-12,3.25599464925e-20,1.74466748393e-05,5.31251619423e-08,2.14503226312e-08,-11.0216546029,-9.37055368429,-10.5492354137,-9.37055464954,-11.0216634717,-13.7060772608,-13.7060998211,0.788488764546,0.79292624524,0.789767137692,0.792926242653,0.788488740776,-11.2949719992,-9.81223944479,-10.8941435634,-9.81224029022,-11.2949807152,0.793224966084,0.797236512978,0.794317261559,0.797236510697,0.793224942568,7.92631899913e-06,7.08515305896e-06,7.70670707854e-06,7.08515351591e-06,7.92632470386e-06,-11.4279311957,-10.026463605,-11.0556663362,-10.0264643921,-11.4279398356,0.796295069974,0.80009850588,0.797312437995,0.80009850375,0.796295046581
1.375,0.006875,0.0047265625,0,-10.9764110753,-9.29735216689,-10.4914095496,-9.29735315196,-10.9764199692,-13.7050957617,-13.7051183171,1,1,0.624511558772,1,1,0.78775550422,0.792263478347,0.789066489299,0.79226347571,0.787755480407,8.34448250931e-06,7.44137235641e-06,8.10715390407e-06,7.44137284966e-06,8.34448854521e-06,8.34448250931e-06,7.44137235641e-06,8.10715390407e-06,7.44137284966e-06,8.34448854521e-06,6.18781669891e-06,5.25429995835e-06,5.93846970422e-06,5.25430044421e-06,6.18782334153e-06,1.98347575691e-05,1.76880731077e-05,1.92706296745e-05,1.76880742802e-05,1.98347719164e-05,2.99689636081,2.99689730378,2.99689659072,2.99689730378,2.99689636081,0.000231749560743,0.000230985888059,0.000231524106743,0.000230985888508,0.000231749564696,0.3916,0.3916,0.3916,0.3916,0.3916,0,0,0,0,0,0.133136126709,0.127243143381,0.131214336803,0.127243147605,0.133136132304,1.86331512711,2.9989296921,2.22212359377,2.99892887503,1.86331404959,-0.0665669135675,-0.063620529638,-0.0656060457426,-0.0636205317502,-0.066566916364,5.69144577498e-06,5.15815868132e-06,5.55716044242e-06,5.15815896023e-06,5.69144974938e-06,158.967584833,0.395881729891,-0.0542702782332,4.88352226046,154.425674024,2.44870790311e-12,2.75370411152e-20,1.74482630109e-05,5.51109790382e-08,2.18479681676e-08,-10.9764110753,-9.29735216689,-10.4914095496,-9.29735315196,-10.9764199692,-13.7050957617,-13.7051183171,0.78775550422,0.792263478347,0.789066489299,0.79226347571,0.787755480407,-11.2949719992,-9.81223944479,-10.8941435634,-9.81224029022,-11.2949807152,0.793224966084,0.797236512978,0.794317261559,0.797236510697,0.793224942568,8.34448250931e-06,7.44137235641e-06,8.10715390407e-06,7.44137284966e-06,8.34448854521e-06,-11.4279311957,-10.026463605,-11.0556663362,-10.0264643921,-11.4279398356,0.796295069974,0.80009850588,0.797312437995,0.80009850375,0.796295046581
1.4,0.007,0.0049,0,-10.9312551696,-9.22426672768,-10.4334894394,-9.22426773253,-10.9312640884,-13.7040983778,-13.7041209283,1,1,0.624511558772,1,1,0.78703669807,0.791615031187,0.788380740145,0.791615028499,0.787036674214,8.77610497203e-06,7.80771575314e-06,8.51992784545e-06,7.8077162848e-06,8.77611135203e-06,8.77610497203e-06,7.80771575314e-06,8.51992784545e-06,7.8077162848e-06,8.77611135203e-06,6.49757869689e-06,5.5016994002e-06,6.22983802402e-06,5.5016999207e-06,6.4975856957e-06,2.08607201617e-05,1.85588679656e-05,2.02517895067e-05,1.85588692294e-05,2.08607353269e-05,2.9968571263,2.99685829459,2.99685741915,2.99685829459,2.9968571263,0.000235945016656,0.00023515523543,0.000235709626568,0.000235155235896,0.000235945020691,0.3916,0.3916,0.3916,0.3916,0.3916,0,0,0,0,0,0.0920780381032,0.0863027079023,0.0898503148963,0.086302712051,0.0920780423161,1.8414773265,2.97033931489,2.26557596753,2.97033850752,1.84147628115,-0.0460372461011,-0.0431497766348,-0.0449234362506,-0.0431497787091,-0.0460372482063,8.77610497203e-06,7.80771575314e-06,8.51992784545e-06,7.8077162848e-06,8.77611135203e-06,161.857904557,0.410850346137,-0.0552458161282,4.97886596231,157.234643125,3.26938476292e-12,3.17510300278e-20,1.74498875757e-05,5.7133233145e-08,2.22456574136e-08,-10.9312551696,-9.22426672768,-10.4334894394,-9.22426773253,-10.9312640884,-13.7040983778,-13.7041209283,0.78703669807,0.791615031187,0.788380740145,0.791615028499,0.787036674214,-10.9312551696,-9.22426672768,-10.4334894394,-9.22426773253,-10.9312640884,0.78703669807,0.791615031187,0.788380740145,0.791615028499,0.787036674214,8.77610497203e-06,7.80771575314e-06,8.51992784545e-06,7.8077162848e-06,8.77611135203e-06,-11.0621775486,-9.43572352875,-10.5974934888,-9.4357244762,-11.0621863939,0.789477178407,0.793851250837,0.790735110137,0.793851248296,0.789477154674
1.425,0.007125,0.0050765625,0,-10.8861865978,-9.15129668509,-10.3754762712,-9.15129770968,-10.8861955414,-13.7030851462,-13.7031076918,1,1,0.624511558772,1,1,0.786331826166,0.790980386339,0.787709366016,0.790980383601,0.786331802268,9.22133167964e-06,8.18421276084e-06,8.94512076385e-06,8.18421333307e-06,9.22133841696e-06,9.22133167964e-06,8.18421276084e-06,8.94512076385e-06,8.18421333307e-06,9.22133841696e-06,6.8144280241e-06,5.75354861715e-06,6.527326163e-06,5.75354917384e-06,6.81443538929e-06,2.19190199183e-05,1.94537978627e-05,2.12624691321e-05,1.94537992229e-05,2.19190359329e-05,2.99681859565,2.9968200035,2.99681895619,2.9968200035,2.99681859565,0.000240139888298,0.000239323581874,0.000239894275932,0.000239323582356,0.000240139892416,0.3916,0.3916,0.3916,0.3916,0.3916,0,0,0,0,0,0.0920780381032,0.0863027079023,0.0898503148963,0.086302712051,0.0920780423161,1.8414773265,2.97033931489,2.26557596753,2.97033850752,1.84147628115,-0.0460372461011,-0.0431497766348,-0.0449234362506,-0.0431497787091,-0.0460372482063,8.77610497203e-06,7.80771575314e-06,8.51992784545e-06,7.8077162848e-06,8.77611135203e-06,164.748224281,0.426103612484,-0.056220942909,5.07443500696,160.043671944,3.51274564991e-12,2.9531803706e-20,1.7451548532e-05,5.91919242628e-08,2.26433922831e-08,-10.8861865978,-9.15129668509,-10.3754762712,-9.15129770968,-10.8861955414,-13.7030851462,-13.7031076918,0.786331826166,0.790980386339,0.787709366016,0.790980383601,0.786331802268,-10.9312551696,-9.22426672768,-10.4334894394,-9.22426773253,-10.9312640884,0.78703669807,0.791615031187,0.788380740145,0.791615028499,0.787036674214,9.22133167964e-06,8.18421276084e-06,8.94512076385e-06,8.18421333307e-06,9.22133841696e-06,-11.0621775486,-9.43572352875,-10.5974934888,-9.4357244762,-11.0621863939,0.789477178407,0.793851250837,0.790735110137,0.793851248296,0.789477154674
1.45,0.00725,0.00525625,0,-10.8412050724,-9.07844136415,-10.3173712227,-9.07844240844,-10.8412140408,-13.7020561039,-13.7020786446,1,1,0.624511558772,1,1,0.785640395797,0.79035905353,0.787051869963,0.790359050742,0.785640371855,9.68030483247e-06,8.57088791253e-06,9.38281982787e-06,8.57088852758e-06,9.68031194059e-06,9.68030483247e-06,8.57088791253e-06,9.38281982787e-06,8.57088852758e-06,9.68031194059e-06,7.13831068244e-06,6.00974651122e-06,6.83084871907e-06,6.00974710569e-06,7.13831842422e-06,2.30099948478e-05,2.03729211137e-05,2.23028757496e-05,2.03729225757e-05,2.30100117437e-05,2.99678077121,2.99678243319,2.99678120437,2.99678243318,2.9967807712,0.000244334178912,0.000243490931462,0.000244078054721,0.000243490931962,0.000244334183112,0.3916,0.3916,0.3916,0.3916,0.3916,0,0,0,0,0,0.0920780381032,0.0863027079023,0.0898503148963,0.086302712051,0.0920780423161,1.8414773265,2.97033931489,2.26557596753,2.97033850752,1.84147628115,-0.0460372461011,-0.0431497766348,-0.0449234362506,-0.0431497787091,-0.0460372482063,8.77610497203e-06,7.80771575314e-06,8.51992784545e-06,7.8077162848e-06,8.77611135203e-06,167.638544005,0.441641749761,-0.0571956621874,5.17022895918,162.852761134,3.45767858789e-12,3.29411113187e-20,1.74532458775e-05,6.12870523916e-08,2.30411749064e-08,-10.8412050724,-9.07844136415,-10.3173712227,-9.07844240844,-10.8412140408,-13.7020561039,-13.7020786446,0.785640395797,0.79035905353,0.787051869963,0.790359050742,0.785640371855,-10.9312551696,-9.22426672768,-10.4334894394,-9.22426773253,-10.9312640884,0.78703669807,0.791615031187,0.788380740145,0.791615028499,0.787036674214,9.68030483247e-06,8.57088791253e-06,9.38281982787e-06,8.57088852758e-06,9.68031194059e-06,-11.0621775486,-9.43572352875,-10.5974934888,-9.4357244762,-11.0621863939,0.789477178407,0.793851250837,0.790735110137,0.793851248296,0.789477154674
1.475,0.007375,0.0054390625,0,-10.7963103066,-9.00570009636,-10.2591754611,-9.0057011603,-10.7963192996,-13.7010112876,-13.7010338235,1,1,0.624511558772,1,1,0.784961939597,0.789750567772,0.786407780445,0.789750564935,0.784961915612,1.01531635551e-05,8.96776078065e-06,9.83310751213e-06,8.96776144084e-06,1.01531710477e-05,1.01531635551e-05,8.96776078065e-06,9.83310751213e-06,8.96776144084e-06,1.01531710477e-05,7.46917210977e-06,6.27019190075e-06,7.1403193763e-06,6.27019253461e-06,7.4691802384e-06,2.41339756479e-05,2.13162842421e-05,2.33732054008e-05,2.13162858114e-05,2.41339934579e-05,2.99674365527,2.99674558629,2.99674416618,2.99674558629,2.99674365526,0.000248527891727,0.000247657288246,0.000248260962853,0.000247657288764,0.00024852789601,0.3916,0.3916,0.3916,0.3916,0.3916,0,0,0,0,0,0.0920780381032,0.0863027079023,0.0898503148963,0.086302712051,0.0920780423161,1.8414773265,2.97033931489,2.26557596753,2.97033850752,1.84147628115,-0.0460372461011,-0.0431497766348,-0.0449234362506,-0.0431497787091,-0.0460372482063,8.77610497203e-06,7.80771575314e-06,8.51992784545e-06,7.8077162848e-06,8.77611135203e-06,170.52886373,0.457464973681,-0.0581699783889,5.26624738516,165.66191134,3.71880304328e-12,3.45038871064e-20,1.74549796099e-05,6.34186175312e-08,2.34390076491e-08,-10.7963103066,-9.00570009636,-10.2591754611,-9.0057011603,-10.7963192996,-13.7010112876,-13.7010338235,0.784961939597,0.789750567772,0.786407780445,0.789750564935,0.784961915612,-10.9312551696,-9.22426672768,-10.4334894394,-9.22426773253,-10.9312640884,0.78703669807,0.791615031187,0.788380740145,0.791615028499,0.787036674214,1.01531635551e-05,8.96776078065e-06,9.83310751213e-06,8.96776144084e-06,1.01531710477e-05,-11.0621775486,-9.43572352875,-10.5974934888,-9.4357244762,-11.0621863939,0.789477178407,0.793851250837,0.790735110137,0.793851248296,0.789477154674
1.5,0.0075,0.005625,0,-10.7515020136,-8.93307221966,-10.2008901433,-8.93307330322,-10.7515110312,-13.6999507341,-13.6999732651,1,1,0.624511558772,1,1,0.784296013849,0.789154487661,0.785776649616,0.789154484774,0.784295989821,1.06400439122e-05,9.37484599473e-06,1.0296061596e-05,9.37484670248e-06,1.06400518035e-05,1.06400439122e-05,9.37484599473e-06,1.0296061596e-05,9.37484670248e-06,1.06400518035e-05,7.80695725531e-06,6.53478358665e-06,7.45565098894e-06,6.53478426156e-06,7.80696578108e-06,2.52912857433e-05,2.22839220222e-05,2.44736429664e-05,2.22839237045e-05,2.52913045008e-05,2.99670725009,2.99670946541,2.99670784408,2.99670946541,2.99670725009,0.000252721029961,0.000251822656253,0.000252443000282,0.000251822656788,0.000252721034328,0.3916,0.3916,0.3916,0.3916,0.3916,0,0,0,0,0,0.0920780381032,0.0863027079023,0.0898503148963,0.086302712051,0.0920780423161,1.8414773265,2.97033931489,2.26557596753,2.97033850752,1.84147628115,-0.0460372461011,-0.0431497766348,-0.0449234362506,-0.0431497787091,-0.0460372482063,8.77610497203e-06,7.80771575314e-06,8.51992784545e-06,7.8077162848e-06,8.77611135203e-06,173.419183454,0.473573495019,-0.0591438968073,5.36248985255,168.4711232,3.6788350144e-12,3.21576058425e-20,1.74567497265e-05,6.55866196818e-08,2.38368931337e-08,-10.7515020136,-8.93307221966,-10.2008901433,-8.93307330322,-10.7515110312,-13.6999507341,-13.6999732651,0.784296013849,0.789154487661,0.785776649616,0.789154484774,0.784295989821,-10.9312551696,-9.22426672768,-10.4334894394,-9.22426773253,-10.9312640884,0.78703669807,0.791615031187,0.788380740145,0.791615028499,0.787036674214,1.06400439122e-05,9.37484599473e-06,1.0296061596e-05,9.37484670248e-06,1.06400518035e-05,-11.0621775486,-9.43572352875,-10.5974934888,-9.4357244762,-11.0621863939,0.789477178407,0.793851250837,0.790735110137,0.793851248296,0.789477154674
1.525,0.007625,0.0058140625,0,-10.7067799074,-8.86055707839,-10.1425164161,-8.86055818152,-10.7067889494,-13.69887448,-13.6988970062,1,1,0.624511558772,1,1,0.783642196913,0.788570393809,0.78515805176,0.788570390872,0.783642172842,1.11410789249e-05,9.7921532588e-06,1.07717551621e-05,9.79215401659e-06,1.11410872291e-05,1.11410789249e-05,9.7921532588e-06,1.07717551621e-05,9.79215401659e-06,1.11410872291e-05,8.15161065022e-06,6.80342041335e-06,7.77675566041e-06,6.80342113098e-06,8.15161958343e-06,2.64822413237e-05,2.32758575203e-05,2.56043621633e-05,2.32758593216e-05,2.64822610627e-05,2.99667155792,2.99667407312,2.9966722405,2.99667407312,2.99667155791,0.000256913596823,0.000255987039487,0.000256624166992,0.000255987040041,0.000256913601273,0.3916,0.3916,0.3916,0.3916,0.3916,0,0,0,0,0,0.0920780381032,0.0863027079023,0.0898503148963,0.086302712051,0.0920780423161,1.8414773265,2.97033931489,2.26557596753,2.97033850752,1.84147628115,-0.0460372461011,-0.0431497766348,-0.0449234362506,-0.0431497787091,-0.0460372482063,8.77610497203e-06,7.80771575314e-06,8.51992784545e-06,7.8077162848e-06,8.77611135203e-06,176.309503178,0.489967519785,-0.0601174236636,5.45895593041,171.280397344,3.50475204414e-12,3.21321948541e-20,1.74585562246e-05,6.77910588433e-08,2.42348342615e-08,-10.7067799074,-8.86055707839,-10.1425164161,-8.86055818152,-10.7067889494,-13.69887448,-13.6988970062,0.783642196913,0.788570393809,0.78515805176,0.788570390872,0.783642172842,-10.9312551696,-9.22426672768,-10.4334894394,-9.22426773253,-10.9312640884,0.78703669807,0.791615031187,0.788380740145,0.791615028499,0.787036674214,1.11410789249e-05,9.7921532588e-06,1.07717551621e-05,9.79215401659e-06,1.11410872291e-05,-11.0621775486,-9.43572352875,-10.5974934888,-9.4357244762,-11.0621863939,0.789477178407,0.793851250837,0.790735110137,0.793851248296,0.789477154674
1.55,0.00775,0.00600625,0,-10.6621437024,-8.78815402316,-10.0840554164,-8.78815514582,-10.6621527687,-13.6977825618,-13.6978050831,1,1,0.624511558772,1,1,0.783000087794,0.787997887414,0.784551581853,0.787997884429,0.78300006368,1.16563985855e-05,1.02196873683e-05,1.12602565954e-05,1.02196881787e-05,1.16564073172e-05,1.16563985855e-05,1.02196873683e-05,1.12602565954e-05,1.02196881787e-05,1.16564073172e-05,8.5030764738e-06,7.07600132476e-06,8.10354481764e-06,7.0760020868e-06,8.5030858248e-06,2.77071513799e-05,2.42921021352e-05,2.67655255416e-05,2.42921040615e-05,2.77071721351e-05,2.99663658096,2.99663941196,2.99663735786,2.99663941195,2.99663658095,0.000261105595509,0.000260150441932,0.000260804463001,0.000260150442504,0.000261105600043,0.3916,0.3916,0.3916,0.3916,0.3916,0,0,0,0,0,0.0920780381032,0.0863027079023,0.0898503148963,0.086302712051,0.0920780423161,1.8414773265,2.97033931489,2.26557596753,2.97033850752,1.84147628115,-0.0460372461011,-0.0431497766348,-0.0449234362506,-0.0431497787091,-0.0460372482063,8.77610497203e-06,7.80771575314e-06,8.51992784545e-06,7.8077162848e-06,8.77611135203e-06,179.199822902,0.506647249388,-0.0610905661685,5.55564518923,174.089734396,3.60333984872e-12,3.69391068298e-20,1.74603991008e-05,7.00319350158e-08,2.46328342374e-08,-10.6621437024,-8.78815402316,-10.0840554164,-8.78815514582,-10.6621527687,-13.6977825618,-13.6978050831,0.783000087794,0.787997887414,0.784551581853,0.787997884429,0.78300006368,-10.9312551696,-9.22426672768,-10.4334894394,-9.22426773253,-10.9312640884,0.78703669807,0.791615031187,0.788380740145,0.791615028499,0.787036674214,1.16563985855e-05,1.02196873683e-05,1.12602565954e-05,1.02196881787e-05,1.16564073172e-05,-11.0621775486,-9.43572352875,-10.5974934888,-9.4357244762,-11.0621863939,0.789477178407,0.793851250837,0.790735110137,0.793851248296,0.789477154674
1.575,0.007875,0.0062015625,0,-10.6175931133,-8.71586241084,-10.0255082709,-8.71586355299,-10.6176022038,-13.6966750157,-13.6966975322,1,1,0.624511558772,1,1,0.782369304815,0.787436588939,0.783956854238,0.787436585904,0.782369280657,1.21861298736e-05,1.06574482266e-05,1.17616295813e-05,1.06574490923e-05,1.21861390477e-05,1.21861298736e-05,1.06574482266e-05,1.17616295813e-05,1.06574490923e-05,1.21861390477e-05,8.86129861576e-06,7.35242541581e-06,8.43592928122e-06,7.352426224e-06,8.86130839493e-06,2.8966317741e-05,2.53326556373e-05,2.79572844814e-05,2.53326576951e-05,2.89663395477e-05,2.99660232143,2.99660548446,2.99660319856,2.99660548446,2.99660232142,0.000265297029204,0.000264312867548,0.000264983888357,0.000264312868139,0.000265297033822,0.3916,0.3916,0.3916,0.3916,0.3916,0,0,0,0,0,0.0920780381032,0.0863027079023,0.0898503148963,0.086302712051,0.0920780423161,1.8414773265,2.97033931489,2.26557596753,2.97033850752,1.84147628115,-0.0460372461011,-0.0431497766348,-0.0449234362506,-0.0431497787091,-0.0460372482063,8.77610497203e-06,7.80771575314e-06,8.51992784545e-06,7.8077162848e-06,8.77611135203e-06,182.090142627,0.523612880793,-0.0620633325902,5.65255720094,176.899134974,3.55893092774e-12,3.37627332776e-20,1.74622783516e-05,7.23092481992e-08,2.50308965946e-08,-10.6175931133,-8.71586241084,-10.0255082709,-8.71586355299,-10.6176022038,-13.6966750157,-13.6966975322,0.782369304815,0.787436588939,0.783956854238,0.787436585904,0.782369280657,-10.9312551696,-9.22426672768,-10.4334894394,-9.22426773253,-10.9312640884,0.78703669807,0.791615031187,0.788380740145,0.791615028499,0.787036674214,1.21861298736e-05,1.06574482266e-05,1.17616295813e-05,1.06574490923e-05,1.21861390477e-05,-11.0621775486,-9.43572352875,-10.5974934888,-9.4357244762,-11.0621863939,0.789477178407,0.793851250837,0.790735110137,0.793851248296,0.789477154674
1.6,0.008,0.0064,0,-10.5731278554,-8.64368160445,-9.96687609641,-8.64368276604,-10.57313697,-13.6955518781,-13.6955743897,1,1,0.624511558772,1,1,0.781749484397,0.786886136892,0.783373501407,0.786886133809,0.781749460197,1.27303967706e-05,1.11054308615e-05,1.2275933105e-05,1.11054317852e-05,1.27304064022e-05,1.27303967706e-05,1.11054308615e-05,1.2275933105e-05,1.11054317852e-05,1.27304064022e-05,9.22622073482e-06,7.63259197986e-06,8.77381933153e-06,7.63259283595e-06,9.22623095255e-06,3.02600351097e-05,2.63975062076e-05,2.91797791895e-05,2.63975084032e-05,3.02600580039e-05,2.99656878153,2.99657229318,2.99656976503,2.99657229318,2.99656878151,0.000269487901081,0.000268474320274,0.000269162443141,0.000268474320884,0.000269487905784,0.3916,0.3916,0.3916,0.3916,0.3916,0,0,0,0,0,0.0698495155918,0.0641746026963,0.0673257263834,0.0641746067493,0.0698495193167,1.81569353486,2.93618608384,2.30120626137,2.93618528843,1.8156925233,-0.0349221859986,-0.0320850578268,-0.0336603832052,-0.0320850598531,-0.0349221878591,1.27303967706e-05,1.11054308615e-05,1.2275933105e-05,1.11054317852e-05,1.27304064022e-05,184.980462351,0.540864606663,-0.0630357323257,5.74969153888,179.708599686,3.55893092774e-12,3.81673046033e-20,1.74641939732e-05,7.46229983935e-08,2.54290252226e-08,-10.5731278554,-8.64368160445,-9.96687609641,-8.64368276604,-10.57313697,-13.6955518781,-13.6955743897,0.781749484397,0.786886136892,0.783373501407,0.786886133809,0.781749460197,-10.5731278554,-8.64368160445,-9.96687609641,-8.64368276604,-10.57313697,0.781749484397,0.786886136892,0.783373501407,0.786886133809,0.781749460197,1.27303967706e-05,1.11054308615e-05,1.2275933105e-05,1.11054317852e-05,1.27304064022e-05,-10.7020399549,-8.85246158896,-10.1331050363,-8.85246269411,-10.7020489986,0.783786482423,0.788722120995,0.7853140004,0.788722118054,0.783786458345
1.625,0.008125,0.0066015625,0,-10.5287476444,-8.57161097315,-9.90816000003,-8.57161215415,-10.5287567831,-13.694413185,-13.6944356919,1,1,0.624511558772,1,1,0.781140279943,0.786346186708,0.782801172872,0.786346183576,0.7811402557,1.32893202745e-05,1.15636254406e-05,1.28032214495e-05,1.15636264252e-05,1.3289330379e-05,1.32893202745e-05,1.15636254406e-05,1.28032214495e-05,1.15636264252e-05,1.3289330379e-05,9.59778631403e-06,7.91640055228e-06,9.11712477135e-06,7.91640145804e-06,9.59779698074e-06,3.15885910969e-05,2.74866304746e-05,3.04331386961e-05,2.74866328149e-05,3.15886151153e-05,2.99653596348,2.99653984066,2.9965370597,2.99653984066,2.99653596346,0.000273678214304,0.000272634804028,0.000273340127463,0.000272634804657,0.000273678219091,0.3916,0.3916,0.3916,0.3916,0.3916,0,0,0,0,0,0.0698495155918,0.0641746026963,0.0673257263834,0.0641746067493,0.0698495193167,1.81569353486,2.93618608384,2.30120626137,2.93618528843,1.8156925233,-0.0349221859986,-0.0320850578268,-0.0336603832052,-0.0320850598531,-0.0349221878591,1.27303967706e-05,1.11054308615e-05,1.2275933105e-05,1.11054317852e-05,1.27304064022e-05,187.870782075,0.558402615505,-0.0640077759768,5.84704777781,182.518129137,3.63087337973e-12,3.31740453792e-20,1.74661459612e-05,7.69731855988e-08,2.5827224396e-08,-10.5287476444,-8.57161097315,-9.90816000003,-8.57161215415,-10.5287567831,-13.694413185,-13.6944356919,0.781140279943,0.786346186708,0.782801172872,0.786346183576,0.7811402557,-10.5731278554,-8.64368160445,-9.96687609641,-8.64368276604,-10.57313697,0.781749484397,0.786886136892,0.783373501407,0.786886133809,0.781749460197,1.32893202745e-05,1.15636254406e-05,1.28032214495e-05,1.15636264252e-05,1.3289330379e-05,-10.7020399549,-8.85246158896,-10.1331050363,-8.85246269411,-10.7020489986,0.783786482423,0.788722120995,0.7853140004,0.788722118054,0.783786458345
1.65,0.00825,0.00680625,0,-10.4844521966,-8.49964989213,-9.84936107911,-8.49965109248,-10.4844613592,-13.6932589725,-13.6932814746,1,1,0.624511558772,1,1,0.780541360792,0.785816409711,0.78223953413,0.78581640653,0.780541336505,1.38630184141e-05,1.2032017287e-05,1.33435441941e-05,1.20320183353e-05,1.38630290074e-05,1.38630184141e-05,1.2032017287e-05,1.33435441941e-05,1.20320183353e-05,1.38630290074e-05,9.9759387131e-06,8.20375095071e-06,9.46575498517e-06,8.20375190795e-06,9.97594983924e-06,3.29522662566e-05,2.85999935513e-05,3.17174808511e-05,2.85999960431e-05,3.29522914365e-05,2.99650386952,2.99650812947,2.99650508502,2.99650812947,2.9965038695,0.000277867972023,0.000276794322706,0.000277516941465,0.000276794323354,0.000277867976895,0.3916,0.3916,0.3916,0.3916,0.3916,0,0,0,0,0,0.0698495155918,0.0641746026963,0.0673257263834,0.0641746067493,0.0698495193167,1.81569353486,2.93618608384,2.30120626137,2.93618528843,1.8156925233,-0.0349221859986,-0.0320850578268,-0.0336603832052,-0.0320850598531,-0.0349221878591,1.27303967706e-05,1.11054308615e-05,1.2275933105e-05,1.11054317852e-05,1.27304064022e-05,190.761101799,0.576227091801,-0.0649794754318,5.94462549392,185.327723922,3.75166564481e-12,3.20771377125e-20,1.7468134311e-05,7.9359809815e-08,2.62254988051e-08,-10.4844521966,-8.49964989213,-9.84936107911,-8.49965109248,-10.4844613592,-13.6932589725,-13.6932814746,0.780541360792,0.785816409711,0.78223953413,0.78581640653,0.780541336505,-10.5731278554,-8.64368160445,-9.96687609641,-8.64368276604,-10.57313697,0.781749484397,0.786886136892,0.783373501407,0.786886133809,0.781749460197,1.38630184141e-05,1.2032017287e-05,1.33435441941e-05,1.20320183353e-05,1.38630290074e-05,-10.7020399549,-8.85246158896,-10.1331050363,-8.85246269411,-10.7020489986,0.783786482423,0.788722120995,0.7853140004,0.788722118054,0.783786458345
1.675,0.008375,0.0070140625,0,-10.4402412288,-8.42779774256,-9.79048042136,-8.42779896223,-10.4402504152,-13.6920892765,-13.6921117738,1,1,0.624511558772,1,1,0.779952411262,0.785296492154,0.781688265702,0.785296488925,0.779952386932,1.44516068126e-05,1.25105871697e-05,1.38969466631e-05,1.25105882848e-05,1.44516179105e-05,1.44516068126e-05,1.25105871697e-05,1.38969466631e-05,1.25105882848e-05,1.44516179105e-05,1.03606212181e-05,8.49454331208e-06,9.81961899543e-06,8.49454432263e-06,1.03606328141e-05,3.43513354233e-05,2.97375497259e-05,3.30329133898e-05,2.97375523765e-05,3.43513618028e-05,2.99647250194,2.99647716222,2.99647384347,2.99647716222,2.99647250192,0.000282057177378,0.000280952880181,0.000281692885317,0.000280952880849,0.000282057182335,0.3916,0.3916,0.3916,0.3916,0.3916,0,0,0,0,0,0.0698495155918,0.0641746026963,0.0673257263834,0.0641746067493,0.0698495193167,1.81569353486,2.93618608384,2.30120626137,2.93618528843,1.8156925233,-0.0349221859986,-0.0320850578268,-0.0336603832052,-0.0320850598531,-0.0349221878591,1.27303967706e-05,1.11054308615e-05,1.2275933105e-05,1.11054317852e-05,1.27304064022e-05,193.651421524,0.594338216138,-0.0659508439511,6.04242426481,188.137384631,4.2019721036e-12,3.94124430357e-20,1.74701590175e-05,8.17828710421e-08,2.66238535893e-08,-10.4402412288,-8.42779774256,-9.79048042136,-8.42779896223,-10.4402504152,-13.6920892765,-13.6921117738,0.779952411262,0.785296492154,0.781688265702,0.785296488925,0.779952386932,-10.5731278554,-8.64368160445,-9.96687609641,-8.64368276604,-10.57313697,0.781749484397,0.786886136892,0.783373501407,0.786886133809,0.781749460197,1.44516068126e-05,1.25105871697e-05,1.38969466631e-05,1.25105882848e-05,1.44516179105e-05,-10.7020399549,-8.85246158896,-10.1331050363,-8.85246269411,-10.7020489986,0.783786482423,0.788722120995,0.7853140004,0.788722118054,0.783786458345
1.7,0.0085,0.007225,0,-10.3961144582,-8.35605391155,-9.73151910498,-8.3560551505,-10.3961236683,-13.6909041328,-13.6909266253,1,1,0.624511558772,1,1,0.779373129761,0.784786134338,0.781147062238,0.78478613106,0.779373105388,1.50551976436e-05,1.29993111536e-05,1.44634691986e-05,1.29993123385e-05,1.50552092624e-05,1.50551976436e-05,1.29993111536e-05,1.44634691986e-05,1.29993123385e-05,1.50552092624e-05,1.07517770887e-05,8.78867812686e-06,1.01786255161e-05,8.78867919257e-06,1.07517891651e-05,3.57860652332e-05,3.0899242105e-05,3.43795322049e-05,3.08992449216e-05,3.5786092851e-05,2.99644186175,2.99644694156,2.99644333761,2.99644694156,2.99644186173,0.000286245833496,0.000285110480308,0.00028586795922,0.000285110480996,0.00028624583854,0.3916,0.3916,0.3916,0.3916,0.3916,0,0,0,0,0,0.0698495155918,0.0641746026963,0.0673257263834,0.0641746067493,0.0698495193167,1.81569353486,2.93618608384,2.30120626137,2.93618528843,1.8156925233,-0.0349221859986,-0.0320850578268,-0.0336603832052,-0.0320850598531,-0.0349221878591,1.27303967706e-05,1.11054308615e-05,1.2275933105e-05,1.11054317852e-05,1.27304064022e-05,196.541741248,0.612736165329,-0.0669218952612,6.14044366949,190.947111848,3.96482846554e-12,3.58930211399e-20,1.74722200749e-05,8.42423692802e-08,2.7022294371e-08,-10.3961144582,-8.35605391155,-9.73151910498,-8.3560551505,-10.3961236683,-13.6909041328,-13.6909266253,0.779373129761,0.784786134338,0.781147062238,0.78478613106,0.779373105388,-10.5731278554,-8.64368160445,-9.96687609641,-8.64368276604,-10.57313697,0.781749484397,0.786886136892,0.783373501407,0.786886133809,0.781749460197,1.50551976436e-05,1.29993111536e-05,1.44634691986e-05,1.29993123385e-05,1.50552092624e-05,-10.7020399549,-8.85246158896,-10.1331050363,-8.85246269411,-10.7020489986,0.783786482423,0.788722120995,0.7853140004,0.788722118054,0.783786458345
1.725,0.008625,0.0074390625,0,-10.3520716024,-8.28441779208,-9.67247819868,-8.28441905025,-10.3520808361,-13.6897035769,-13.6897260647,1,1,0.624511558772,1,1,0.778803227964,0.784285049782,0.780615631701,0.784285046456,0.778803203548,1.56738998398e-05,1.34981597106e-05,1.50431469329e-05,1.34981609686e-05,1.56739119961e-05,1.56738998398e-05,1.34981597106e-05,1.50431469329e-05,1.34981609686e-05,1.56739119961e-05,1.11493495913e-05,9.08605627064e-06,1.05426830037e-05,9.08605739338e-06,1.11493621587e-05,3.7256714618e-05,3.20850005006e-05,3.57574208055e-05,3.20850034909e-05,3.72567435135e-05,2.99641195057,2.99641747019,2.99641357003,2.99641747019,2.99641195055,0.000290433943496,0.000289267126918,0.000290042163403,0.000289267127627,0.000290433948625,0.3916,0.3916,0.3916,0.3916,0.3916,0,0,0,0,0,0.0698495155918,0.0641746026963,0.0673257263834,0.0641746067493,0.0698495193167,1.81569353486,2.93618608384,2.30120626137,2.93618528843,1.8156925233,-0.0349221859986,-0.0320850578268,-0.0336603832052,-0.0320850598531,-0.0349221878591,1.27303967706e-05,1.11054308615e-05,1.2275933105e-05,1.11054317852e-05,1.27304064022e-05,199.432060972,0.631421112526,-0.0678926450509,6.2386832884,193.756906151,4.04298816647e-12,3.72863903381e-20,1.74743174772e-05,8.67383045292e-08,2.74208272932e-08,-10.3520716024,-8.28441779208,-9.67247819868,-8.28441905025,-10.3520808361,-13.6897035769,-13.6897260647,0.778803227964,0.784285049782,0.780615631701,0.784285046456,0.778803203548,-10.5731278554,-8.64368160445,-9.96687609641,-8.64368276604,-10.57313697,0.781749484397,0.786886136892,0.783373501407,0.786886133809,0.781749460197,1.56738998398e-05,1.34981597106e-05,1.50431469329e-05,1.34981609686e-05,1.56739119961e-05,-10.7020399549,-8.85246158896,-10.1331050363,-8.85246269411,-10.7020489986,0.783786482423,0.788722120995,0.7853140004,0.788722118054,0.783786458345
1.75,0.00875,0.00765625,0,-10.3081123797,-8.21288878291,-9.61335876177,-8.21289006028,-10.3081216369,-13.6884876445,-13.6885101275,1,1,0.624511558772,1,1,0.778242430048,0.783792964465,0.780093694591,0.783792961092,0.778242405589,1.6307819765e-05,1.40070989892e-05,1.56360106831e-05,1.40071003235e-05,1.63078324757e-05,1.6307819765e-05,1.40070989892e-05,1.56360106831e-05,1.40071003235e-05,1.63078324757e-05,1.15532820317e-05,9.38657903343e-06,1.09116997058e-05,9.38658021511e-06,1.15532951005e-05,3.87635364036e-05,3.32947444477e-05,3.71666524438e-05,3.32947476195e-05,3.87635666168e-05,2.99638277082,2.99638875089,2.99638454207,2.99638875089,2.99638277079,0.000294621510482,0.000293422823824,0.000294215498125,0.000293422824553,0.000294621515698,0.3916,0.3916,0.3916,0.3916,0.3916,0,0,0,0,0,0.0698495155918,0.0641746026963,0.0673257263834,0.0641746067493,0.0698495193167,1.81569353486,2.93618608384,2.30120626137,2.93618528843,1.8156925233,-0.0349221859986,-0.0320850578268,-0.0336603832052,-0.0320850598531,-0.0349221878591,1.27303967706e-05,1.11054308615e-05,1.2275933105e-05,1.11054317852e-05,1.27304064022e-05,202.322380696,0.65039322734,-0.0688631107372,6.33714270335,196.56676811,3.92130772298e-12,3.73499178092e-20,1.74764512177e-05,8.92706767891e-08,2.78194590579e-08,-10.3081123797,-8.21288878291,-9.61335876177,-8.21289006028,-10.3081216369,-13.6884876445,-13.6885101275,0.778242430048,0.783792964465,0.780093694591,0.783792961092,0.778242405589,-10.5731278554,-8.64368160445,-9.96687609641,-8.64368276604,-10.57313697,0.781749484397,0.786886136892,0.783373501407,0.786886133809,0.781749460197,1.6307819765e-05,1.40070989892e-05,1.56360106831e-05,1.40071003235e-05,1.63078324757e-05,-10.7020399549,-8.85246158896,-10.1331050363,-8.85246269411,-10.7020489986,0.783786482423,0.788722120995,0.7853140004,0.788722118054,0.783786458345
1.775,0.008875,0.0078765625,0,-10.264236509,-8.14146628859,-9.55416184431,-8.14146758511,-10.2642457896,-13.687256371,-13.6872788493,1,1,0.624511558772,1,1,0.777690471981,0.783309616118,0.779580983244,0.783309612696,0.777690447479,1.69570608955e-05,1.45260903751e-05,1.62420865674e-05,1.45260917892e-05,1.69570741777e-05,1.69570608955e-05,1.45260903751e-05,1.62420865674e-05,1.45260917892e-05,1.69570741777e-05,1.19635177967e-05,9.69014814678e-06,1.12855836966e-05,9.69014938931e-06,1.19635313775e-05,4.03067765522e-05,3.4528382161e-05,3.86072892023e-05,3.45283855223e-05,4.03068081239e-05,2.99635432498,2.99636078651,2.99635625599,2.9963607865,2.99635432495,0.000298808537548,0.000297577574816,0.00029838796367,0.000297577575566,0.00029880854285,0.3916,0.3916,0.3916,0.3916,0.3916,0,0,0,0,0,0.0698495155918,0.0641746026963,0.0673257263834,0.0641746067493,0.0698495193167,1.81569353486,2.93618608384,2.30120626137,2.93618528843,1.8156925233,-0.0349221859986,-0.0320850578268,-0.0336603832052,-0.0320850598531,-0.0349221878591,1.27303967706e-05,1.11054308615e-05,1.2275933105e-05,1.11054317852e-05,1.27304064022e-05,205.212700421,0.669652675938,-0.0698333118191,6.43582149761,199.376698287,4.15312229052e-12,3.30935772492e-20,1.74786212891e-05,9.183948606e-08,2.82181969672e-08,-10.264236509,-8.14146628859,-9.55416184431,-8.14146758511,-10.2642457896,-13.687256371,-13.6872788493,0.777690471981,0.783309616118,0.779580983244,0.783309612696,0.777690447479,-10.5731278554,-8.64368160445,-9.96687609641,-8.64368276604,-10.57313697,0.781749484397,0.786886136892,0.783373501407,0.786886133809,0.781749460197,1.69570608955e-05,1.45260903751e-05,1.62420865674e-05,1.45260917892e-05,1.69570741777e-05,-10.7020399549,-8.85246158896,-10.1331050363,-8.85246269411,-10.7020489986,0.783786482423,0.788722120995,0.7853140004,0.788722118054,0.783786458345
1.8,0.009,0.0081,0,-10.2204437096,-8.07014971933,-9.49488848719,-8.07015103495,-10.2204530135,-13.6860097918,-13.6860322653,1,1,0.624511558772,1,1,0.777147100864,0.782834753559,0.779077241162,0.78283475009,0.777147076319,1.76217238349e-05,1.50550905063e-05,1.6861396005e-05,1.50550920036e-05,1.7621737706e-05,1.76217238349e-05,1.50550905063e-05,1.6861396005e-05,1.50550920036e-05,1.7621737706e-05,1.23800003994e-05,9.99666580894e-06,1.16642429133e-05,9.99666711427e-06,1.23800145027e-05,4.18866741975e-05,3.57858105689e-05,4.00793819944e-05,3.57858141279e-05,4.18867071691e-05,2.99632661565,2.99633358,2.99632871461,2.99633357999,2.99632661561,0.000302995027776,0.000301731383665,0.000302559560352,0.000301731384436,0.000302995033164,0.3916,0.3916,0.3916,0.3916,0.3916,0,0,0,0,0,0.0566074434141,0.0510183730733,0.053804565258,0.0510183770272,0.0566074469653,1.78886047973,2.90097533442,2.33200077603,2.90097455194,1.78885950177,-0.0283001617628,-0.0255061451042,-0.0268988762864,-0.0255061470809,-0.0283001635356,1.76217238349e-05,1.50550905063e-05,1.6861396005e-05,1.50550920036e-05,1.7621737706e-05,208.103020145,0.689199621152,-0.0708032698721,6.5347192558,202.18669724,4.11937151057e-12,3.70026343008e-20,1.74808276834e-05,9.44447323418e-08,2.86170489671e-08,-10.2204437096,-8.07014971933,-9.49488848719,-8.07015103495,-10.2204530135,-13.6860097918,-13.6860322653,0.777147100864,0.782834753559,0.779077241162,0.78283475009,0.777147076319,-10.2204437096,-8.07014971933,-9.49488848719,-8.07015103495,-10.2204530135,0.777147100864,0.782834753559,0.779077241162,0.78283475009,0.777147076319,1.76217238349e-05,1.50550905063e-05,1.6861396005e-05,1.50550920036e-05,1.7621737706e-05,-10.3473911016,-8.27636488928,-9.66312054303,-8.27636614942,-10.3474003369,0.778897222842,0.784386646766,0.780721233049,0.784386643436,0.77889719842
1.825,0.009125,0.0083265625,0,-10.1767337013,-7.99893849098,-9.4355397222,-7.99893982566,-10.1767430285,-13.6847479419,-13.6847704107,1,1,0.624511558772,1,1,0.776612074311,0.782368136086,0.778582222406,0.782368132569,0.776612049724,1.83019063282e-05,1.55940512868e-05,1.74939557161e-05,1.55940528709e-05,1.83019208059e-05,1.83019063282e-05,1.55940512868e-05,1.74939557161e-05,1.55940528709e-05,1.83019208059e-05,1.2802673523e-05,1.03060347083e-05,1.20475852012e-05,1.03060360784e-05,1.28026881595e-05,4.35034616786e-05,3.70669153478e-05,4.15829705637e-05,3.70669191131e-05,4.35034960921e-05,2.99629964552,2.99630713441,2.99630192089,2.99630713441,2.99629964548,0.000307180984235,0.000305884254119,0.00030673028851,0.000305884254912,0.000307180989711,0.3916,0.3916,0.3916,0.3916,0.3916,0,0,0,0,0,0.0566074434141,0.0510183730733,0.053804565258,0.0510183770272,0.0566074469653,1.78886047973,2.90097533442,2.33200077603,2.90097455194,1.78885950177,-0.0283001617628,-0.0255061451042,-0.0268988762864,-0.0255061470809,-0.0283001635356,1.76217238349e-05,1.50550905063e-05,1.6861396005e-05,1.50550920036e-05,1.7621737706e-05,210.993339869,0.709034222573,-0.0717730084771,6.63383556397,204.996765519,4.38049596596e-12,3.7337212315e-20,1.74830703919e-05,9.70864156346e-08,2.90160236928e-08,-10.1767337013,-7.99893849098,-9.4355397222,-7.99893982566,-10.1767430285,-13.6847479419,-13.6847704107,0.776612074311,0.782368136086,0.778582222406,0.782368132569,0.776612049724,-10.2204437096,-8.07014971933,-9.49488848719,-8.07015103495,-10.2204530135,0.777147100864,0.782834753559,0.779077241162,0.78283475009,0.777147076319,1.83019063282e-05,1.55940512868e-05,1.74939557161e-05,1.55940528709e-05,1.83019208059e-05,-10.3473911016,-8.27636488928,-9.66312054303,-8.27636614942,-10.3474003369,0.778897222842,0.784386646766,0.780721233049,0.784386643436,0.77889719842
1.85,0.00925,0.00855625,0,-10.1331062046,-7.92783202499,-9.37611657208,-7.92783337869,-10.1331155549,-13.6834708566,-13.6834933206,1,1,0.624511558772,1,1,0.776085159883,0.7819095329,0.778095691015,0.781909529335,0.776085135252,1.89977032762e-05,1.61429199011e-05,1.81397777217e-05,1.61429215756e-05,1.89977183786e-05,1.89977032762e-05,1.61429199011e-05,1.81397777217e-05,1.61429215756e-05,1.89977183786e-05,1.32314810633e-05,1.06181580454e-05,1.24355183597e-05,1.06181594822e-05,1.32314962436e-05,4.51573645738e-05,3.83715709559e-05,4.31180834841e-05,3.83715749361e-05,4.51574004722e-05,2.9962734174,2.99628145293,2.99627587787,2.99628145293,2.99627341736,0.000311366409985,0.000310036189909,0.000310900148513,0.000310036190723,0.000311366415547,0.3916,0.3916,0.3916,0.3916,0.3916,0,0,0,0,0,0.0566074434141,0.0510183730733,0.053804565258,0.0510183770272,0.0566074469653,1.78886047973,2.90097533442,2.33200077603,2.90097455194,1.78885950177,-0.0283001617628,-0.0255061451042,-0.0268988762864,-0.0255061470809,-0.0283001635356,1.76217238349e-05,1.50550905063e-05,1.6861396005e-05,1.50550920036e-05,1.7621737706e-05,213.883659593,0.729156636645,-0.0727425533463,6.73317000958,207.806903667,4.67803573656e-12,4.0195948512e-20,1.74853494054e-05,9.97645359382e-08,2.94151305174e-08,-10.1331062046,-7.92783202499,-9.37611657208,-7.92783337869,-10.1331155549,-13.6834708566,-13.6834933206,0.776085159883,0.7819095329,0.778095691015,0.781909529335,0.776085135252,-10.2204437096,-8.07014971933,-9.49488848719,-8.07015103495,-10.2204530135,0.777147100864,0.782834753559,0.779077241162,0.78283475009,0.777147076319,1.89977032762e-05,1.61429199011e-05,1.81397777217e-05,1.61429215756e-05,1.89977183786e-05,-10.3473911016,-8.27636488928,-9.66312054303,-8.27636614942,-10.3474003369,0.778897222842,0.784386646766,0.780721233049,0.784386643436,0.77889719842
1.875,0.009375,0.0087890625,0,-10.0895609406,-7.85682974828,-9.31662005066,-7.85683112095,-10.0895703138,-13.6821785707,-13.6822010301,1,1,0.624511558772,1,1,0.775566134546,0.781458722575,0.777617420473,0.781458718963,0.775566109872,1.97092067499e-05,1.67016388278e-05,1.8798869344e-05,1.67016405965e-05,1.97092224953e-05,1.97092067499e-05,1.67016388278e-05,1.8798869344e-05,1.67016405965e-05,1.97092224953e-05,1.36663671684e-05,1.09329395529e-05,1.28279501872e-05,1.09329410585e-05,1.36663829032e-05,4.68486017349e-05,3.96996406651e-05,4.46847381601e-05,3.96996448692e-05,4.68486391616e-05,2.99624793426,2.99625653796,2.99625058878,2.99625653796,2.99624793421,0.000315551308071,0.000314187194743,0.000315069140752,0.000314187195579,0.000315551313721,0.3916,0.3916,0.3916,0.3916,0.3916,0,0,0,0,0,0.0566074434141,0.0510183730733,0.053804565258,0.0510183770272,0.0566074469653,1.78886047973,2.90097533442,2.33200077603,2.90097455194,1.78885950177,-0.0283001617628,-0.0255061451042,-0.0268988762864,-0.0255061470809,-0.0283001635356,1.76217238349e-05,1.50550905063e-05,1.6861396005e-05,1.50550920036e-05,1.7621737706e-05,216.773979317,0.749567016756,-0.0737119317476,6.83272218144,210.617112221,4.58033611039e-12,3.75786167049e-20,1.74876647137e-05,1.02479093253e-07,2.98143796019e-08,-10.0895609406,-7.85682974828,-9.31662005066,-7.85683112095,-10.0895703138,-13.6821785707,-13.6822010301,0.775566134546,0.781458722575,0.777617420473,0.781458718963,0.775566109872,-10.2204437096,-8.07014971933,-9.49488848719,-8.07015103495,-10.2204530135,0.777147100864,0.782834753559,0.779077241162,0.78283475009,0.777147076319,1.97092067499e-05,1.67016388278e-05,1.8798869344e-05,1.67016405965e-05,1.97092224953e-05,-10.3473911016,-8.27636488928,-9.66312054303,-8.27636614942,-10.3474003369,0.778897222842,0.784386646766,0.780721233049,0.784386643436,0.77889719842
1.9,0.0095,0.009025,0,-10.0460976306,-7.78593109325,-9.2570511629,-7.78593248486,-10.0461070268,-13.6808711192,-13.6808935739,1,1,0.624511558772,1,1,0.775054784176,0.781015492558,0.777147193211,0.781015488899,0.775054759459,2.0436506004e-05,1.72701458531e-05,1.94712332059e-05,1.72701477198e-05,2.0436522411e-05,2.0436506004e-05,1.72701458531e-05,1.94712332059e-05,1.72701477198e-05,2.0436522411e-05,1.41072762767e-05,1.12502835081e-05,1.32247885237e-05,1.12502850845e-05,1.41072925765e-05,4.85773853198e-05,4.1050976594e-05,4.62829408269e-05,4.10509810312e-05,4.8577424319e-05,2.99622319918,2.99623239244,2.99622605697,2.99623239244,2.99622319913,0.000319735681528,0.00031833727231,0.000319237265645,0.000318337273168,0.000319735687266,0.3916,0.3916,0.3916,0.3916,0.3916,0,0,0,0,0,0.0566074434141,0.0510183730733,0.053804565258,0.0510183770272,0.0566074469653,1.78886047973,2.90097533442,2.33200077603,2.90097455194,1.78885950177,-0.0283001617628,-0.0255061451042,-0.0268988762864,-0.0255061470809,-0.0283001635356,1.76217238349e-05,1.50550905063e-05,1.6861396005e-05,1.50550920036e-05,1.7621737706e-05,219.664299042,0.770265513323,-0.0746811736535,6.9324916698,213.427391712,4.9729109719e-12,3.70068694655e-20,1.74900163056e-05,1.05230087578e-07,3.02137819492e-08,-10.0460976306,-7.78593109325,-9.2570511629,-7.78593248486,-10.0461070268,-13.6808711192,-13.6808935739,0.775054784176,0.781015492558,0.777147193211,0.781015488899,0.775054759459,-10.2204437096,-8.07014971933,-9.49488848719,-8.07015103495,-10.2204530135,0.777147100864,0.782834753559,0.779077241162,0.78283475009,0.777147076319,2.0436506004e-05,1.72701458531e-05,1.94712332059e-05,1.72701477198e-05,2.0436522411e-05,-10.3473911016,-8.27636488928,-9.66312054303,-8.27636614942,-10.3474003369,0.778897222842,0.784386646766,0.780721233049,0.784386643436,0.77889719842
1.925,0.009625,0.0092640625,0,-10.0027159969,-7.71513549776,-9.19741090499,-7.71513690826,-10.0027254159,-13.6795485368,-13.6795709868,1,1,0.624511558772,1,1,0.774550903092,0.780579638706,0.776684800136,0.780579635,0.774550878333,2.11796874913e-05,1.78483740841e-05,2.01568672318e-05,1.78483760528e-05,2.11797045787e-05,2.11796874913e-05,1.78483740841e-05,2.01568672318e-05,1.78483760528e-05,2.11797045787e-05,1.45541531536e-05,1.15700947447e-05,1.36259412911e-05,1.1570096394e-05,1.45541700292e-05,5.03439208255e-05,4.24254197388e-05,4.79126865505e-05,4.24254244184e-05,5.03439614421e-05,2.99619921543,2.99620902001,2.99620228597,2.99620902,2.99619921538,0.000323919533377,0.000322486426278,0.000323404523635,0.000322486427158,0.000323919539203,0.3916,0.3916,0.3916,0.3916,0.3916,0,0,0,0,0,0.0566074434141,0.0510183730733,0.053804565258,0.0510183770272,0.0566074469653,1.78886047973,2.90097533442,2.33200077603,2.90097455194,1.78885950177,-0.0283001617628,-0.0255061451042,-0.0268988762864,-0.0255061470809,-0.0283001635356,1.76217238349e-05,1.50550905063e-05,1.6861396005e-05,1.50550920036e-05,1.7621737706e-05,222.554618766,0.791252273875,-0.0756503119914,7.03247806626,216.237742662,4.95248286825e-12,3.67824057345e-20,1.74924041695e-05,1.08017518915e-07,3.06133494595e-08,-10.0027159969,-7.71513549776,-9.19741090499,-7.71513690826,-10.0027254159,-13.6795485368,-13.6795709868,0.774550903092,0.780579638706,0.776684800136,0.780579635,0.774550878333,-10.2204437096,-8.07014971933,-9.49488848719,-8.07015103495,-10.2204530135,0.777147100864,0.782834753559,0.779077241162,0.78283475009,0.777147076319,2.11796874913e-05,1.78483740841e-05,2.01568672318e-05,1.78483760528e-05,2.11797045787e-05,-10.3473911016,-8.27636488928,-9.66312054303,-8.27636614942,-10.3474003369,0.778897222842,0.784386646766,0.780721233049,0.784386643436,0.77889719842
1.95,0.00975,0.00950625,0,-9.95941576223,-7.64444240505,-9.13770026441,-7.64444383439,-9.95942520396,-13.6782108582,-13.6782333035,1,1,0.624511558772,1,1,0.774054293621,0.780150964846,0.776230040199,0.780150961094,0.77405426882,2.19388348757e-05,1.84362519618e-05,2.08557646472e-05,1.84362540366e-05,2.19388526627e-05,2.19388348757e-05,1.84362519618e-05,2.08557646472e-05,1.84362540366e-05,2.19388526627e-05,1.50069429272e-05,1.18922786711e-05,1.40313165312e-05,1.18922803953e-05,1.50069603893e-05,5.21484071207e-05,4.38228000043e-05,4.9573959228e-05,4.38228049361e-05,5.21484494004e-05,2.99617598645,2.99618642448,2.99617927948,2.99618642447,2.9961759864,0.000328102866629,0.000326634660294,0.000327570915191,0.000326634661197,0.000328102872543,0.3916,0.3916,0.3916,0.3916,0.3916,0,0,0,0,0,0.0566074434141,0.0510183730733,0.053804565258,0.0510183770272,0.0566074469653,1.78886047973,2.90097533442,2.33200077603,2.90097455194,1.78885950177,-0.0283001617628,-0.0255061451042,-0.0268988762864,-0.0255061470809,-0.0283001635356,1.76217238349e-05,1.50550905063e-05,1.6861396005e-05,1.50550920036e-05,1.7621737706e-05,225.44493849,0.812527443132,-0.0766193823922,7.13268096385,219.048165587,4.73487915542e-12,4.1640139687e-20,1.74948282923e-05,1.10841387262e-07,3.1013094989e-08,-9.95941576223,-7.64444240505,-9.13770026441,-7.64444383439,-9.95942520396,-13.6782108582,-13.6782333035,0.774054293621,0.780150964846,0.776230040199,0.780150961094,0.77405426882,-10.2204437096,-8.07014971933,-9.49488848719,-8.07015103495,-10.2204530135,0.777147100864,0.782834753559,0.779077241162,0.78283475009,0.777147076319,2.19388348757e-05,1.84362519618e-05,2.08557646472e-05,1.84362540366e-05,2.19388526627e-05,-10.3473911016,-8.27636488928,-9.66312054303,-8.27636614942,-10.3474003369,0.778897222842,0.784386646766,0.780721233049,0.784386643436,0.77889719842
1.975,0.009875,0.0097515625,0,-9.91619664982,-7.57385126364,-9.07792022006,-7.57385271179,-9.91620611417,-13.6768581178,-13.6768805584,1,1,0.624511558772,1,1,0.773564765686,0.779729282374,0.775782719981,0.779729278575,0.773564740842,2.27140290462e-05,1.90337032737e-05,2.15679139791e-05,1.90337054588e-05,2.27140475524e-05,2.27140290462e-05,1.90337032737e-05,2.15679139791e-05,1.90337054588e-05,2.27140475524e-05,1.54655911238e-05,1.22167412897e-05,1.44408224434e-05,1.22167430909e-05,1.5465609183e-05,5.39910364778e-05,4.52429362342e-05,5.1266731588e-05,4.52429414281e-05,5.39910804668e-05,2.9961535159,2.99616460987,2.99615704144,2.99616460987,2.99615351585,0.00033228568428,0.000330781977988,0.000331736440803,0.000330781978914,0.000332285690283,0.3916,0.3916,0.3916,0.3916,0.3916,0,0,0,0,0,0.0566074434141,0.0510183730733,0.053804565258,0.0510183770272,0.0566074469653,1.78886047973,2.90097533442,2.33200077603,2.90097455194,1.78885950177,-0.0283001617628,-0.0255061451042,-0.0268988762864,-0.0255061470809,-0.0283001635356,1.76217238349e-05,1.50550905063e-05,1.6861396005e-05,1.50550920036e-05,1.7621737706e-05,228.335258214,0.834091163081,-0.0775884233509,7.23309995694,221.858660997,4.91784390988e-12,4.40075967746e-20,1.74972886602e-05,1.13701692621e-07,3.14130324114e-08,-9.91619664982,-7.57385126364,-9.07792022006,-7.57385271179,-9.91620611417,-13.6768581178,-13.6768805584,0.773564765686,0.779729282374,0.775782719981,0.779729278575,0.773564740842,-10.2204437096,-8.07014971933,-9.49488848719,-8.07015103495,-10.2204530135,0.777147100864,0.782834753559,0.779077241162,0.78283475009,0.777147076319,2.27140290462e-05,1.90337032737e-05,2.15679139791e-05,1.90337054588e-05,2.27140475524e-05,-10.3473911016,-8.27636488928,-9.66312054303,-8.27636614942,-10.3474003369,0.778897222842,0.784386646766,0.780721233049,0.784386643436,0.77889719842
2,0.01,0.01,0,-9.87305838362,-7.50336152735,-9.01807174228,-7.50336299426,-9.87306787049,-13.6754903501,-13.675512786,1,1,0.624511558772,1,1,0.773082136425,0.779314409867,0.775342653312,0.779314406021,0.773082111538,2.350534813e-05,1.96406471665e-05,2.22932990558e-05,1.96406494661e-05,2.35053673751e-05,2.350534813e-05,1.96406471665e-05,2.22932990558e-05,1.96406494661e-05,2.35053673751e-05,1.59300437017e-05,1.2543389215e-05,1.48543674196e-05,1.25433910954e-05,1.59300623688e-05,5.58719946043e-05,4.66856362407e-05,5.29909651909e-05,4.66856417069e-05,5.58720403497e-05,2.99613180763,2.99614358045,2.99613557598,2.99614358044,2.99613180758,0.000336467989316,0.000334928382966,0.000335901100987,0.000334928383915,0.000336467995408,0.3916,0.3916,0.3916,0.3916,0.3916,0,0,0,0,0,0.0479005516105,0.0423853372923,0.0448371351914,0.0423853411491,0.0479005550867,1.7620834579,2.86635668653,2.35923135308,2.86635591742,1.7620825127,-0.0239455272501,-0.0211887008387,-0.0224140638989,-0.0211887027666,-0.0239455289843,2.350534813e-05,1.96406471665e-05,2.22932990558e-05,1.96406494661e-05,2.35053673751e-05,231.225577939,0.85594357305,-0.0785574763944,7.3337346413,224.669229394,5.33262323188e-12,4.74041988931e-20,1.74997852583e-05,1.1659843499e-07,3.18131766818e-08,-9.87305838362,-7.50336152735,-9.01807174228,-7.50336299426,-9.87306787049,-13.6754903501,-13.675512786,0.773082136425,0.779314409867,0.775342653312,0.779314406021,0.773082111538,-9.87305838362,-7.50336152735,-9.01807174228,-7.50336299426,-9.87306787049,0.773082136425,0.779314409867,0.775342653312,0.779314406021,0.773082111538,2.350534813e-05,1.96406471665e-05,2.22932990558e-05,1.96406494661e-05,2.35053673751e-05,-9.99809113058,-7.70712300131,-9.18810476011,-7.70712441372,-9.99810055115,0.774614976562,0.780651436998,0.776760431538,0.780651433288,0.774614951798
2.025,0.010125,0.0102515625,0,-9.83000068812,-7.43297265521,-8.958155793,-7.43297414084,-9.83001019742,-13.6741075894,-13.6741300207,1,1,0.624511558772,1,1,0.772606229832,0.778906172729,0.774909660912,0.778906168836,0.772606204903,2.43128675058e-05,2.02569981577e-05,2.30318990075e-05,2.02570005763e-05,2.43128875098e-05,2.43128675058e-05,2.02569981577e-05,2.30318990075e-05,2.02570005763e-05,2.43128875098e-05,1.64002470859e-05,1.28721296905e-05,1.52718600792e-05,1.28721316522e-05,1.64002663716e-05,5.77914606746e-05,4.81506968332e-05,5.47466104289e-05,4.8150702582e-05,5.77915082239e-05,2.99611086573,2.99612334068,2.99611488746,2.99612334067,2.99611086567,0.000340649784708,0.000339073878817,0.000340064896281,0.000339073879789,0.000340649790889,0.3916,0.3916,0.3916,0.3916,0.3916,0,0,0,0,0,0.0479005516105,0.0423853372923,0.0448371351914,0.0423853411491,0.0479005550867,1.7620834579,2.86635668653,2.35923135308,2.86635591742,1.7620825127,-0.0239455272501,-0.0211887008387,-0.0224140638989,-0.0211887027666,-0.0239455289843,2.350534813e-05,1.96406471665e-05,2.22932990558e-05,1.96406494661e-05,2.35053673751e-05,234.115897663,0.878084809778,-0.0795265862558,7.43458461409,227.479871272,5.60529400673e-12,4.50790934529e-20,1.75023180705e-05,1.1953161437e-07,3.22135439041e-08,-9.83000068812,-7.43297265521,-8.958155793,-7.43297414084,-9.83001019742,-13.6741075894,-13.6741300207,0.772606229832,0.778906172729,0.774909660912,0.778906168836,0.772606204903,-9.87305838362,-7.50336152735,-9.01807174228,-7.50336299426,-9.87306787049,0.773082136425,0.779314409867,0.775342653312,0.779314406021,0.773082111538,2.43128675058e-05,2.02569981577e-05,2.30318990075e-05,2.02570005763e-05,2.43128875098e-05,-9.99809113058,-7.70712300131,-9.18810476011,-7.70712441372,-9.99810055115,0.774614976562,0.780651436998,0.776760431538,0.780651433288,0.774614951798
2.05,0.01025,0.01050625,0,-9.78702328846,-7.36268411141,-8.89817332576,-7.36268561572,-9.78703282009,-13.6727098698,-13.6727322965,1,1,0.624511558772,1,1,0.772136876421,0.778504402851,0.774483570051,0.778504398913,0.772136851449,2.51366598163e-05,2.08826661483e-05,2.37836882657e-05,2.08826686903e-05,2.51366805996e-05,2.51366598163e-05,2.08826661483e-05,2.37836882657e-05,2.08826686903e-05,2.51366805996e-05,1.68761482019e-05,1.32028706036e-05,1.56932093029e-05,1.32028726487e-05,1.6876168117e-05,5.97496073599e-05,4.96379038468e-05,5.65336065266e-05,4.96379098889e-05,5.97496567617e-05,2.99609069455,2.99610389532,2.99609498054,2.99610389531,2.99609069449,0.000344831073414,0.000343218469107,0.000344227827243,0.000343218470103,0.000344831079684,0.3916,0.3916,0.3916,0.3916,0.3916,0,0,0,0,0,0.0479005516105,0.0423853372923,0.0448371351914,0.0423853411491,0.0479005550867,1.7620834579,2.86635668653,2.35923135308,2.86635591742,1.7620825127,-0.0239455272501,-0.0211887008387,-0.0224140638989,-0.0211887027666,-0.0239455289843,2.350534813e-05,1.96406471665e-05,2.22932990558e-05,1.96406494661e-05,2.35053673751e-05,237.006217387,0.900515007483,-0.0804958010569,7.53564947382,230.29058712,5.59641222253e-12,4.60785923306e-20,1.75048870794e-05,1.22501230761e-07,3.26141514006e-08,-9.78702328846,-7.36268411141,-8.89817332576,-7.36268561572,-9.78703282009,-13.6727098698,-13.6727322965,0.772136876421,0.778504402851,0.774483570051,0.778504398913,0.772136851449,-9.87305838362,-7.50336152735,-9.01807174228,-7.50336299426,-9.87306787049,0.773082136425,0.779314409867,0.775342653312,0.779314406021,0.773082111538,2.51366598163e-05,2.08826661483e-05,2.37836882657e-05,2.08826686903e-05,2.51366805996e-05,-9.99809113058,-7.70712300131,-9.18810476011,-7.70712441372,-9.99810055115,0.774614976562,0.780651436998,0.776760431538,0.780651433288,0.774614951798
2.075,0.010375,0.0107640625,0,-9.74412591039,-7.29249536527,-8.83812528581,-7.29249688821,-9.74413546427,-13.6712972255,-13.6713196475,1,1,0.624511558772,1,1,0.771673912907,0.778108938301,0.774064214234,0.778108934316,0.771673887893,2.59767949815e-05,2.15175564337e-05,2.45486365642e-05,2.15175591037e-05,2.59768165648e-05,2.59767949815e-05,2.15175564337e-05,2.45486365642e-05,2.15175591037e-05,2.59768165648e-05,1.73576945099e-05,1.35355204995e-05,1.61183242654e-05,1.35355226302e-05,1.73577150651e-05,6.17466008592e-05,5.11470321695e-05,5.83518815407e-05,5.11470385159e-05,6.17466521627e-05,2.9960712987,2.99608524939,2.9960758601,2.99608524938,2.99607129864,0.000349011858381,0.000347362157383,0.000348389894457,0.000347362158403,0.000349011864741,0.3916,0.3916,0.3916,0.3916,0.3916,0,0,0,0,0,0.0479005516105,0.0423853372923,0.0448371351914,0.0423853411491,0.0479005550867,1.7620834579,2.86635668653,2.35923135308,2.86635591742,1.7620825127,-0.0239455272501,-0.0211887008387,-0.0224140638989,-0.0211887027666,-0.0239455289843,2.350534813e-05,1.96406471665e-05,2.22932990558e-05,1.96406494661e-05,2.35053673751e-05,239.896537111,0.923234297928,-0.0814651724981,7.63692882038,233.101377416,6.17728090901e-12,5.06356295869e-20,1.75074922664e-05,1.25507284163e-07,3.30150177852e-08,-9.74412591039,-7.29249536527,-8.83812528581,-7.29249688821,-9.74413546427,-13.6712972255,-13.6713196475,0.771673912907,0.778108938301,0.774064214234,0.778108934316,0.771673887893,-9.87305838362,-7.50336152735,-9.01807174228,-7.50336299426,-9.87306787049,0.773082136425,0.779314409867,0.775342653312,0.779314406021,0.773082111538,2.59767949815e-05,2.15175564337e-05,2.45486365642e-05,2.15175591037e-05,2.59768165648e-05,-9.99809113058,-7.70712300131,-9.18810476011,-7.70712441372,-9.99810055115,0.774614976562,0.780651436998,0.776760431538,0.780651433288,0.774614951798
2.1,0.0105,0.011025,0,-9.70130828031,-7.22240589117,-8.77801261019,-7.22240743269,-9.70131785633,-13.6698696904,-13.6698921078,1,1,0.624511558772,1,1,0.77121718191,0.777719623021,0.773651432904,0.77771961899,0.771217156855,2.68333402108e-05,2.21615697153e-05,2.53267089379e-05,2.21615725179e-05,2.68333626151e-05,2.68333402108e-05,2.21615697153e-05,2.53267089379e-05,2.21615725179e-05,2.68333626151e-05,1.78448340384e-05,1.38699885932e-05,1.65471144682e-05,1.38699908117e-05,1.78448552446e-05,6.37826009288e-05,5.26778457696e-05,6.02013523602e-05,5.26778524314e-05,6.37826541837e-05,2.99605268309,2.99606740822,2.99605753137,2.99606740821,2.99605268302,0.00035319214254,0.000351504947173,0.000352551098526,0.000351504948217,0.00035319214899,0.3916,0.3916,0.3916,0.3916,0.3916,0,0,0,0,0,0.0479005516105,0.0423853372923,0.0448371351914,0.0423853411491,0.0479005550867,1.7620834579,2.86635668653,2.35923135308,2.86635591742,1.7620825127,-0.0239455272501,-0.0211887008387,-0.0224140638989,-0.0211887027666,-0.0239455289843,2.350534813e-05,1.96406471665e-05,2.22932990558e-05,1.96406494661e-05,2.35053673751e-05,242.786856836,0.946242810481,-0.0824347560555,7.73842225504,235.912242635,6.2758687136e-12,4.49435681813e-20,1.75101336115e-05,1.28549774576e-07,3.34161630389e-08,-9.70130828031,-7.22240589117,-8.77801261019,-7.22240743269,-9.70131785633,-13.6698696904,-13.6698921078,0.77121718191,0.777719623021,0.773651432904,0.77771961899,0.771217156855,-9.87305838362,-7.50336152735,-9.01807174228,-7.50336299426,-9.87306787049,0.773082136425,0.779314409867,0.775342653312,0.779314406021,0.773082111538,2.68333402108e-05,2.21615697153e-05,2.53267089379e-05,2.21615725179e-05,2.68333626151e-05,-9.99809113058,-7.70712300131,-9.18810476011,-7.70712441372,-9.99810055115,0.774614976562,0.780651436998,0.776760431538,0.780651433288,0.774614951798
2.125,0.010625,0.0112890625,0,-9.65857012523,-7.15241516852,-8.71783622784,-7.15241672859,-9.6585797233,-13.6684272984,-13.6684497112,1,1,0.624511558772,1,1,0.770766531677,0.777336306551,0.773245071158,0.777336302474,0.770766506579,2.77063600153e-05,2.28146021112e-05,2.61178657239e-05,2.28146050514e-05,2.7706383262e-05,2.77063600153e-05,2.28146021112e-05,2.61178657239e-05,2.28146050514e-05,2.7706383262e-05,1.83375154183e-05,1.42061847819e-05,1.69794897706e-05,1.42061870904e-05,1.83375372862e-05,6.58577609112e-05,5.4230097721e-05,6.20819247061e-05,5.42301047097e-05,6.58578161682e-05,2.99603485293,2.99605037745,2.99603999986,2.99605037744,2.99603485286,0.000357371928811,0.000355646841981,0.000356711440073,0.00035564684305,0.000357371935351,0.3916,0.3916,0.3916,0.3916,0.3916,0,0,0,0,0,0.0479005516105,0.0423853372923,0.0448371351914,0.0423853411491,0.0479005550867,1.7620834579,2.86635668653,2.35923135308,2.86635591742,1.7620825127,-0.0239455272501,-0.0211887008387,-0.0224140638989,-0.0211887027666,-0.0239455289843,2.350534813e-05,1.96406471665e-05,2.22932990558e-05,1.96406494661e-05,2.35053673751e-05,245.67717656,0.969540672179,-0.0834046111858,7.84012938042,238.72318324,6.38511465922e-12,5.14868976989e-20,1.75128110934e-05,1.31628702e-07,3.38176085892e-08,-9.65857012523,-7.15241516852,-8.71783622784,-7.15241672859,-9.6585797233,-13.6684272984,-13.6684497112,0.770766531677,0.777336306551,0.773245071158,0.777336302474,0.770766506579,-9.87305838362,-7.50336152735,-9.01807174228,-7.50336299426,-9.87306787049,0.773082136425,0.779314409867,0.775342653312,0.779314406021,0.773082111538,2.77063600153e-05,2.28146021112e-05,2.61178657239e-05,2.28146050514e-05,2.7706383262e-05,-9.99809113058,-7.70712300131,-9.18810476011,-7.70712441372,-9.99810055115,0.774614976562,0.780651436998,0.776760431538,0.780651433288,0.774614951798
2.15,0.01075,0.01155625,0,-9.61591117283,-7.08252268173,-8.65759705962,-7.08252426031,-9.61592079286,-13.6669700832,-13.6669924914,1,1,0.624511558772,1,1,0.770321815814,0.776958843766,0.772844979484,0.776958839644,0.770321790674,2.85959162203e-05,2.34765451675e-05,2.69220625603e-05,2.34765482502e-05,2.85959403307e-05,2.85959162203e-05,2.34765451675e-05,2.69220625603e-05,2.34765482502e-05,2.85959403307e-05,1.88356879168e-05,1.4544019655e-05,1.74153604211e-05,1.45440220558e-05,1.88357104574e-05,6.79722277639e-05,5.58035302295e-05,6.39934931311e-05,5.58035375568e-05,6.79722850742e-05,2.99601781378,2.99603416308,2.99602327144,2.99603416307,2.9960178137,0.000361551220097,0.000359787845295,0.000360870919741,0.000359787846388,0.000361551226728,0.3916,0.3916,0.3916,0.3916,0.3916,0,0,0,0,0,0.0479005516105,0.0423853372923,0.0448371351914,0.0423853411491,0.0479005550867,1.7620834579,2.86635668653,2.35923135308,2.86635591742,1.7620825127,-0.0239455272501,-0.0211887008387,-0.0224140638989,-0.0211887027666,-0.0239455289843,2.350534813e-05,1.96406471665e-05,2.22932990558e-05,1.96406494661e-05,2.35053673751e-05,248.567496284,0.993128007784,-0.0843748015387,7.9420498005,241.53419969,6.79545308913e-12,5.27616822845e-20,1.7515524689e-05,1.34744066435e-07,3.42193773915e-08,-9.61591117283,-7.08252268173,-8.65759705962,-7.08252426031,-9.61592079286,-13.6669700832,-13.6669924914,0.770321815814,0.776958843766,0.772844979484,0.776958839644,0.770321790674,-9.87305838362,-7.50336152735,-9.01807174228,-7.50336299426,-9.87306787049,0.773082136425,0.779314409867,0.775342653312,0.779314406021,0.773082111538,2.85959162203e-05,2.34765451675e-05,2.69220625603e-05,2.34765482502e-05,2.85959403307e-05,-9.99809113058,-7.70712300131,-9.18810476011,-7.70712441372,-9.99810055115,0.774614976562,0.780651436998,0.776760431538,0.780651433288,0.774614951798
2.175,0.010875,0.0118265625,0,-9.57333115146,-7.01272792012,-8.59729601843,-7.01272951716,-9.57334079335,-13.6654980784,-13.665520482,1,1,0.624511558772,1,1,0.76988289304,0.77658709463,0.772451013516,0.776587090462,0.769882867858,2.9502067976e-05,2.4147285868e-05,2.77392503865e-05,2.41472890981e-05,2.95020929721e-05,2.9502067976e-05,2.4147285868e-05,2.77392503865e-05,2.41472890981e-05,2.95020929721e-05,1.93393014718e-05,1.48834045045e-05,1.78546370878e-05,1.48834069998e-05,1.93393246959e-05,7.01261420869e-05,5.73978746565e-05,6.59359410185e-05,5.73978823344e-05,7.01262015026e-05,2.99600157153,2.99601877147,2.99600735233,2.99601877146,2.99600157145,0.000365730019291,0.000363927960579,0.000365029538195,0.000363927961697,0.000365730026012,0.3916,0.3916,0.3916,0.3916,0.3916,0,0,0,0,0,0.0479005516105,0.0423853372923,0.0448371351914,0.0423853411491,0.0479005550867,1.7620834579,2.86635668653,2.35923135308,2.86635591742,1.7620825127,-0.0239455272501,-0.0211887008387,-0.0224140638989,-0.0211887027666,-0.0239455289843,2.350534813e-05,1.96406471665e-05,2.22932990558e-05,1.96406494661e-05,2.35053673751e-05,251.457816008,1.01700493984,-0.085345395177,8.04418312064,244.345292432,6.90469903475e-12,5.04662229974e-20,1.75182743739e-05,1.37895867881e-07,3.46214940143e-08,-9.57333115146,-7.01272792012,-8.59729601843,-7.01272951716,-9.57334079335,-13.6654980784,-13.665520482,0.76988289304,0.77658709463,0.772451013516,0.776587090462,0.769882867858,-9.87305838362,-7.50336152735,-9.01807174228,-7.50336299426,-9.87306787049,0.773082136425,0.779314409867,0.775342653312,0.779314406021,0.773082111538,2.9502067976e-05,2.4147285868e-05,2.77392503865e-05,2.41472890981e-05,2.95020929721e-05,-9.99809113058,-7.70712300131,-9.18810476011,-7.70712441372,-9.99810055115,0.774614976562,0.780651436998,0.776760431538,0.780651433288,0.774614951798
2.2,0.011,0.0121,0,-9.5308297901,-6.94303037792,-8.53693400928,-6.94303199337,-9.53083945376,-13.6640113176,-13.6640337166,1,1,0.624511558772,1,1,0.769449626954,0.776220923957,0.772063033795,0.776220919744,0.76944960173,3.04248717697e-05,2.48267066442e-05,2.85693754426e-05,2.48267100269e-05,3.04248976738e-05,3.04248717697e-05,2.48267066442e-05,2.85693754426e-05,2.48267100269e-05,3.04248976738e-05,1.98483067261e-05,1.52242513338e-05,1.8297230888e-05,1.52242539259e-05,1.98483306445e-05,7.23196381501e-05,5.90128515431e-05,6.79091405813e-05,5.90128595838e-05,7.23196997239e-05,2.99598613246,2.99600420936,2.99599224914,2.99600420934,2.99598613237,0.000369908329268,0.000368067191277,0.000369187296116,0.00036806719242,0.00036990833608,0.3916,0.3916,0.3916,0.3916,0.3916,0,0,0,0,0,0.0416748914747,0.0362236397327,0.0383690596605,0.0362236434959,0.0416748948994,1.73577427406,2.8328816592,2.38349762019,2.83288090368,1.73577336056,-0.0208312992986,-0.01810680437,-0.0191787582393,-0.018106806251,-0.0208313010057,3.04248717697e-05,2.48267066442e-05,2.85693754426e-05,2.48267100269e-05,3.04248976738e-05,254.348135732,1.04117158874,-0.0863164648039,8.14652894753,247.156461909,7.1143091418e-12,5.42058734595e-20,1.75210601216e-05,1.41084106338e-07,3.50239847269e-08,-9.5308297901,-6.94303037792,-8.53693400928,-6.94303199337,-9.53083945376,-13.6640113176,-13.6640337166,0.769449626954,0.776220923957,0.772063033795,0.776220919744,0.76944960173,-9.5308297901,-6.94303037792,-8.53693400928,-6.94303199337,-9.53083945376,0.769449626954,0.776220923957,0.772063033795,0.776220919744,0.76944960173,3.04248717697e-05,2.48267066442e-05,2.85693754426e-05,2.48267100269e-05,3.04248976738e-05,-9.65399854221,-7.1444430067,-8.70858075562,-7.14444456863,-9.65400814179,0.770811198328,0.777388794515,0.773301254396,0.777388790434,0.770811173226
2.225,0.011125,0.0123765625,0,-9.48840681844,-6.87342955421,-8.47651192936,-6.87343118803,-9.48841650378,-13.6625098342,-13.6625322286,1,1,0.624511558772,1,1,0.769021885813,0.775860201199,0.771680905548,0.77586019694,0.769021860548,3.13643814368e-05,2.55146853852e-05,2.94123792685e-05,2.55146889258e-05,3.13644082713e-05,3.13643814368e-05,2.55146853852e-05,2.94123792685e-05,2.55146889258e-05,3.13644082713e-05,2.03626550614e-05,1.55664728666e-05,1.87430534174e-05,1.55664755577e-05,2.03626796851e-05,7.45528439191e-05,6.06481706327e-05,6.99129528606e-05,6.06481790488e-05,7.45529077044e-05,2.99597150325,2.99599048391,2.99597796888,2.9959904839,2.99597150316,0.00037408615289,0.000372205540813,0.000373344194204,0.000372205541982,0.000374086159793,0.3916,0.3916,0.3916,0.3916,0.3916,0,0,0,0,0,0.0416748914747,0.0362236397327,0.0383690596605,0.0362236434959,0.0416748948994,1.73577427406,2.8328816592,2.38349762019,2.83288090368,1.73577336056,-0.0208312992986,-0.01810680437,-0.0191787582393,-0.018106806251,-0.0208313010057,3.04248717697e-05,2.48267066442e-05,2.85693754426e-05,2.48267100269e-05,3.04248976738e-05,257.238455457,1.06562807274,-0.0872880879985,8.24908688923,249.967708552,7.19779791325e-12,5.0055412018e-20,1.75238819042e-05,1.44308781805e-07,3.54268775908e-08,-9.48840681844,-6.87342955421,-8.47651192936,-6.87343118803,-9.48841650378,-13.6625098342,-13.6625322286,0.769021885813,0.775860201199,0.771680905548,0.77586019694,0.769021860548,-9.5308297901,-6.94303037792,-8.53693400928,-6.94303199337,-9.53083945376,0.769449626954,0.776220923957,0.772063033795,0.776220919744,0.76944960173,3.13643814368e-05,2.55146853852e-05,2.94123792685e-05,2.55146889258e-05,3.13644082713e-05,-9.65399854221,-7.1444430067,-8.70858075562,-7.14444456863,-9.65400814179,0.770811198328,0.777388794515,0.773301254396,0.777388790434,0.770811173226
2.25,0.01125,0.01265625,0,-9.44606196683,-6.80392495285,-8.41603066812,-6.803926605,-9.44607167375,-13.6609936614,-13.6610160513,1,1,0.624511558772,1,1,0.768599542323,0.775504800229,0.771304498483,0.775504795925,0.768599517017,3.23206481706e-05,2.62110954466e-05,3.02681987032e-05,2.62110991506e-05,3.23206759583e-05,3.23206481706e-05,2.62110954466e-05,3.02681987032e-05,2.62110991506e-05,3.23206759583e-05,2.08822986333e-05,1.59099825538e-05,1.91920167785e-05,1.59099853463e-05,2.08823239732e-05,7.68258810806e-05,6.23035308929e-05,7.19472277232e-05,6.23035396972e-05,7.68259471316e-05,2.99595769099,2.99597760272,2.99596451899,2.99597760271,2.9959576909,0.000378263493004,0.00037634301259,0.000377500233177,0.000376343013784,0.000378263499999,0.3916,0.3916,0.3916,0.3916,0.3916,0,0,0,0,0,0.0416748914747,0.0362236397327,0.0383690596605,0.0362236434959,0.0416748948994,1.73577427406,2.8328816592,2.38349762019,2.83288090368,1.73577336056,-0.0208312992986,-0.01810680437,-0.0191787582393,-0.018106806251,-0.0208313010057,3.04248717697e-05,2.48267066442e-05,2.85693754426e-05,2.48267100269e-05,3.04248976738e-05,260.128775181,1.09037450805,-0.0882603474575,8.35185655513,252.779032786,7.54951656745e-12,4.67646890179e-20,1.75267396917e-05,1.47569894284e-07,3.5830202553e-08,-9.44606196683,-6.80392495285,-8.41603066812,-6.803926605,-9.44607167375,-13.6609936614,-13.6610160513,0.768599542323,0.775504800229,0.771304498483,0.775504795925,0.768599517017,-9.5308297901,-6.94303037792,-8.53693400928,-6.94303199337,-9.53083945376,0.769449626954,0.776220923957,0.772063033795,0.776220919744,0.76944960173,3.23206481706e-05,2.62110954466e-05,3.02681987032e-05,2.62110991506e-05,3.23206759583e-05,-9.65399854221,-7.1444430067,-8.70858075562,-7.14444456863,-9.65400814179,0.770811198328,0.777388794515,0.773301254396,0.777388790434,0.770811173226
2.275,0.011375,0.0129390625,0,-9.40379496463,-6.73451608249,-8.35549110734,-6.73451775293,-9.40380469305,-13.6594628326,-13.6594852179,1,1,0.624511558772,1,1,0.768182473448,0.775154599153,0.770933686586,0.775154594804,0.7681824481,3.32937205332e-05,2.69158056595e-05,3.11367658834e-05,2.69158095323e-05,3.32937492972e-05,3.32937205332e-05,2.69158056595e-05,3.11367658834e-05,2.69158095323e-05,3.32937492972e-05,2.14071904058e-05,1.62546945808e-05,1.96440336084e-05,1.6254697477e-05,2.14072164728e-05,7.91388650659e-05,6.3978620536e-05,7.40118038589e-05,6.39786297415e-05,7.91389334377e-05,2.99594470322,2.99596557386,2.99595190736,2.99596557385,2.99594470313,0.000382440352451,0.000380479609989,0.00038165541377,0.000380479611208,0.000382440359537,0.3916,0.3916,0.3916,0.3916,0.3916,0,0,0,0,0,0.0416748914747,0.0362236397327,0.0383690596605,0.0362236434959,0.0416748948994,1.73577427406,2.8328816592,2.38349762019,2.83288090368,1.73577336056,-0.0208312992986,-0.01810680437,-0.0191787582393,-0.018106806251,-0.0208313010057,3.04248717697e-05,2.48267066442e-05,2.85693754426e-05,2.48267100269e-05,3.04248976738e-05,263.019094905,1.11541100888,-0.0892332921452,8.45483755598,255.590435066,7.74313946295e-12,5.26219218482e-20,1.75296334522e-05,1.50867443774e-07,3.62339915432e-08,-9.40379496463,-6.73451608249,-8.35549110734,-6.73451775293,-9.40380469305,-13.6594628326,-13.6594852179,0.768182473448,0.775154599153,0.770933686586,0.775154594804,0.7681824481,-9.5308297901,-6.94303037792,-8.53693400928,-6.94303199337,-9.53083945376,0.769449626954,0.776220923957,0.772063033795,0.776220919744,0.76944960173,3.32937205332e-05,2.69158056595e-05,3.11367658834e-05,2.69158095323e-05,3.32937492972e-05,-9.65399854221,-7.1444430067,-8.70858075562,-7.14444456863,-9.65400814179,0.770811198328,0.777388794515,0.773301254396,0.777388790434,0.770811173226
2.3,0.0115,0.013225,0,-9.36160552428,-6.66520245641,-8.29489411403,-6.6652041451,-9.3616152741,-13.6579173807,-13.6579397615,1,1,0.624511558772,1,1,0.767770560265,0.774809480119,0.77056834796,0.774809475725,0.767770534875,3.42836445409e-05,2.76286803382e-05,3.20180082423e-05,2.76286843854e-05,3.42836743046e-05,3.42836445409e-05,2.76286803382e-05,3.20180082423e-05,2.76286843854e-05,3.42836743046e-05,2.19372841855e-05,1.6600523873e-05,2.00990171056e-05,1.66005268753e-05,2.19373109906e-05,8.14919052553e-05,6.56731170387e-05,7.61065087765e-05,6.56731266588e-05,8.14919760034e-05,2.99593254795,2.99595440587,2.99594014237,2.99595440585,2.99593254785,0.000386616734162,0.000384615336368,0.000385809736755,0.000384615337614,0.000386616741339,0.3916,0.3916,0.3916,0.3916,0.3916,0,0,0,0,0,0.0416748914747,0.0362236397327,0.0383690596605,0.0362236434959,0.0416748948994,1.73577427406,2.8328816592,2.38349762019,2.83288090368,1.73577336056,-0.0208312992986,-0.01810680437,-0.0191787582393,-0.018106806251,-0.0208313010057,3.04248717697e-05,2.48267066442e-05,2.85693754426e-05,2.48267100269e-05,3.04248976738e-05,265.909414629,1.14073768746,-0.0902065128984,8.55802950399,258.4019163,7.67563790305e-12,5.17875943951e-20,1.75325631669e-05,1.54201430274e-07,3.66382633371e-08,-9.36160552428,-6.66520245641,-8.29489411403,-6.6652041451,-9.3616152741,-13.6579173807,-13.6579397615,0.767770560265,0.774809480119,0.77056834796,0.774809475725,0.767770534875,-9.5308297901,-6.94303037792,-8.53693400928,-6.94303199337,-9.53083945376,0.769449626954,0.776220923957,0.772063033795,0.776220919744,0.76944960173,3.42836445409e-05,2.76286803382e-05,3.20180082423e-05,2.76286843854e-05,3.42836743046e-05,-9.65399854221,-7.1444430067,-8.70858075562,-7.14444456863,-9.65400814179,0.770811198328,0.777388794515,0.773301254396,0.777388790434,0.770811173226
2.325,0.011625,0.0135140625,0,-9.31949337675,-6.59598359253,-8.23424052857,-6.59598529941,-9.31950314788,-13.6563573387,-13.656379715,1,1,0.624511558772,1,1,0.767363687691,0.774469329144,0.770208364673,0.774469324705,0.76736366226,3.52904651685e-05,2.83495802215e-05,3.2911849955e-05,2.83495844489e-05,3.52904959557e-05,3.52904651685e-05,2.83495802215e-05,3.2911849955e-05,2.83495844489e-05,3.52904959557e-05,2.24725346148e-05,1.69473861009e-05,2.05568810557e-05,1.69473892116e-05,2.24725621689e-05,8.38851085537e-05,6.73866893784e-05,7.82311622415e-05,6.73866994268e-05,8.38851817345e-05,2.99592123358,2.9959441078,2.99592923288,2.99594410778,2.99592123347,0.000390792640982,0.000388750195067,0.000389963202995,0.000388750196339,0.000390792648252,0.3916,0.3916,0.3916,0.3916,0.3916,0,0,0,0,0,0.0416748914747,0.0362236397327,0.0383690596605,0.0362236434959,0.0416748948994,1.73577427406,2.8328816592,2.38349762019,2.83288090368,1.73577336056,-0.0208312992986,-0.01810680437,-0.0191787582393,-0.018106806251,-0.0208313010057,3.04248717697e-05,2.48267066442e-05,2.85693754426e-05,2.48267100269e-05,3.04248976738e-05,268.799734354,1.1663546541,-0.091179867943,8.66143201267,261.213477127,7.96163135419e-12,5.15716009936e-20,1.75355289958e-05,1.57571853786e-07,3.70428579934e-08,-9.31949337675,-6.59598359253,-8.23424052857,-6.59598529941,-9.31950314788,-13.6563573387,-13.656379715,0.767363687691,0.774469329144,0.770208364673,0.774469324705,0.76736366226,-9.5308297901,-6.94303037792,-8.53693400928,-6.94303199337,-9.53083945376,0.769449626954,0.776220923957,0.772063033795,0.776220919744,0.76944960173,3.52904651685e-05,2.83495802215e-05,3.2911849955e-05,2.83495844489e-05,3.52904959557e-05,-9.65399854221,-7.1444430067,-8.70858075562,-7.14444456863,-9.65400814179,0.770811198328,0.777388794515,0.773301254396,0.777388790434,0.770811173226
2.35,0.01175,0.01380625,0,-9.27745825376,-6.52685898036,-8.17353120769,-6.5268607054,-9.27746804611,-13.6547827395,-13.6548051112,1,1,0.624511558772,1,1,0.766961744369,0.774134036035,0.769853622481,0.774134031552,0.766961718897,3.63142219148e-05,2.90783604653e-05,3.38182082129e-05,2.90783648786e-05,3.63142537495e-05,3.63142219148e-05,2.90783604653e-05,3.38182082129e-05,2.90783648786e-05,3.63142537495e-05,2.30128968073e-05,1.72951976838e-05,2.10175397623e-05,1.72952009053e-05,2.30129251215e-05,8.63185688491e-05,6.91189932619e-05,8.03855674183e-05,6.91190037524e-05,8.63186445197e-05,2.99591076805,2.99593468925,2.99591918806,2.99593468923,2.99591076794,0.000394968075718,0.000392884189506,0.000394115813328,0.000392884190804,0.00039496808308,0.3916,0.3916,0.3916,0.3916,0.3916,0,0,0,0,0,0.0416748914747,0.0362236397327,0.0383690596605,0.0362236434959,0.0416748948994,1.73577427406,2.8328816592,2.38349762019,2.83288090368,1.73577336056,-0.0208312992986,-0.01810680437,-0.0191787582393,-0.018106806251,-0.0208313010057,3.04248717697e-05,2.48267066442e-05,2.85693754426e-05,2.48267100269e-05,3.04248976738e-05,271.690054078,1.19226201725,-0.0921528966068,8.76504469692,264.025118502,8.30979729471e-12,5.34816602896e-20,1.7538530997e-05,1.60978714308e-07,3.74477173549e-08,-9.27745825376,-6.52685898036,-8.17353120769,-6.5268607054,-9.27746804611,-13.6547827395,-13.6548051112,0.766961744369,0.774134036035,0.769853622481,0.774134031552,0.766961718897,-9.5308297901,-6.94303037792,-8.53693400928,-6.94303199337,-9.53083945376,0.769449626954,0.776220923957,0.772063033795,0.776220919744,0.76944960173,3.63142219148e-05,2.90783604653e-05,3.38182082129e-05,2.90783648786e-05,3.63142537495e-05,-9.65399854221,-7.1444430067,-8.70858075562,-7.14444456863,-9.65400814179,0.770811198328,0.777388794515,0.773301254396,0.777388790434,0.770811173226
2.375,0.011875,0.0141015625,0,-9.23549988742,-6.45782814104,-8.11276700072,-6.45782988419,-9.23550970091,-13.6531936158,-13.6532159831,1,1,0.624511558772,1,1,0.766564622508,0.773803494069,0.769504010733,0.773803489542,0.766564596995,3.73549530253e-05,2.98148715454e-05,3.47369962528e-05,2.98148761508e-05,3.73549859318e-05,3.73549530253e-05,2.98148715454e-05,3.47369962528e-05,2.98148761508e-05,3.73549859318e-05,2.35583269992e-05,1.76438757909e-05,2.14809078728e-05,1.76438791256e-05,2.35583560845e-05,8.87923770509e-05,7.08696732717e-05,8.25695180718e-05,7.08696842187e-05,8.87924552693e-05,2.99590116083,2.99592616037,2.99591001695,2.99592616035,2.99590116072,0.000399143041156,0.000397017323057,0.000398267568568,0.000397017324382,0.000399143048611,0.3916,0.3916,0.3916,0.3916,0.3916,0,0,0,0,0,0.0416748914747,0.0362236397327,0.0383690596605,0.0362236434959,0.0416748948994,1.73577427406,2.8328816592,2.38349762019,2.83288090368,1.73577336056,-0.0208312992986,-0.01810680437,-0.0191787582393,-0.018106806251,-0.0208313010057,3.04248717697e-05,2.48267066442e-05,2.85693754426e-05,2.48267100269e-05,3.04248976738e-05,274.580373802,1.21845988351,-0.0931255525633,8.86886717295,266.83684096,8.2867046558e-12,5.33418998533e-20,1.75415693543e-05,1.64422011841e-07,3.78526575878e-08,-9.23549988742,-6.45782814104,-8.11276700072,-6.45782988419,-9.23550970091,-13.6531936158,-13.6532159831,0.766564622508,0.773803494069,0.769504010733,0.773803489542,0.766564596995,-9.5308297901,-6.94303037792,-8.53693400928,-6.94303199337,-9.53083945376,0.769449626954,0.776220923957,0.772063033795,0.776220919744,0.76944960173,3.73549530253e-05,2.98148715454e-05,3.47369962528e-05,2.98148761508e-05,3.73549859318e-05,-9.65399854221,-7.1444430067,-8.70858075562,-7.14444456863,-9.65400814179,0.770811198328,0.777388794515,0.773301254396,0.777388790434,0.770811173226
2.4,0.012,0.0144,0,-9.19361801049,-6.38889060378,-8.05194874927,-6.388892365,-9.19362784503,-13.6515900003,-13.6516123631,1,1,0.624511558772,1,1,0.766172217734,0.773477599911,0.769159422221,0.773477595339,0.76617219218,3.84126941821e-05,3.05589598827e-05,3.56681227949e-05,3.05589646862e-05,3.8412728185e-05,3.84126941821e-05,3.05589598827e-05,3.56681227949e-05,3.05589646862e-05,3.8412728185e-05,2.41087824697e-05,1.79933380531e-05,2.19469008359e-05,1.79933415034e-05,2.41088123372e-05,9.1306617975e-05,7.26383643515e-05,8.47827972306e-05,7.26383757694e-05,9.13066987997e-05,2.99589242194,2.99591853093,2.99590173001,2.99591853091,2.99589242182,0.000403317540068,0.00040114959902,0.000402418469546,0.000401149600372,0.000403317547616,0.3916,0.3916,0.3916,0.3916,0.3916,0,0,0,0,0,0.0369365745126,0.0315410197207,0.0334053908684,0.0315410233939,0.0369365778859,1.71008074245,2.80068971864,2.40513562729,2.80068897684,1.71007985955,-0.0184605271161,-0.0157643363331,-0.0166954897528,-0.0157643381687,-0.0184605287958,3.84126941821e-05,3.05589598827e-05,3.56681227949e-05,3.05589646862e-05,3.8412728185e-05,277.470693526,1.2449483577,-0.0940978449447,8.97289905831,269.648644981,7.8266282344e-12,4.98394186164e-20,1.75446440904e-05,1.67901746385e-07,3.82576559519e-08,-9.19361801049,-6.38889060378,-8.05194874927,-6.388892365,-9.19362784503,-13.6515900003,-13.6516123631,0.766172217734,0.773477599911,0.769159422221,0.773477595339,0.76617219218,-9.19361801049,-6.38889060378,-8.05194874927,-6.388892365,-9.19362784503,0.766172217734,0.773477599911,0.769159422221,0.773477595339,0.76617219218,3.84126941821e-05,3.05589598827e-05,3.56681227949e-05,3.05589646862e-05,3.8412728185e-05,-9.3149730011,-6.58805205489,-8.22503506694,-6.58805376358,-9.3149827737,0.767395039742,0.774508579615,0.770251197329,0.774508575173,0.767395014307
2.425,0.012125,0.0147015625,0,-9.15181235634,-6.32004590185,-7.99107728757,-6.3200476811,-9.15182221183,-13.6499719255,-13.6499942838,1,1,0.624511558772,1,1,0.765784428948,0.773156253481,0.76881975304,0.773156248865,0.765784403353,3.94874785147e-05,3.13104674351e-05,3.66114918679e-05,3.1310472443e-05,3.94875136391e-05,3.94874785147e-05,3.13104674351e-05,3.66114918679e-05,3.1310472443e-05,3.94875136391e-05,2.46642215377e-05,1.8343502942e-05,2.2415434833e-05,1.83435065103e-05,2.46642521985e-05,9.38613703702e-05,7.4424690837e-05,8.70251767718e-05,7.44247027406e-05,9.38614538605e-05,2.99588456198,2.9959118121,2.99589433826,2.99591181209,2.99588456186,0.000407491575211,0.000405281020666,0.000406568517104,0.000405281022046,0.000407491582851,0.3916,0.3916,0.3916,0.3916,0.3916,0,0,0,0,0,0.0369365745126,0.0315410197207,0.0334053908684,0.0315410233939,0.0369365778859,1.71008074245,2.80068971864,2.40513562729,2.80068897684,1.71007985955,-0.0184605271161,-0.0157643363331,-0.0166954897528,-0.0157643381687,-0.0184605287958,3.84126941821e-05,3.05589598827e-05,3.56681227949e-05,3.05589646862e-05,3.8412728185e-05,280.361013251,1.27172754288,-0.095069777927,9.07713997189,272.460531044,8.27071744425e-12,5.17875943951e-20,1.75477552057e-05,1.71417917941e-07,3.86627122765e-08,-9.15181235634,-6.32004590185,-7.99107728757,-6.3200476811,-9.15182221183,-13.6499719255,-13.6499942838,0.765784428948,0.773156253481,0.76881975304,0.773156248865,0.765784403353,-9.19361801049,-6.38889060378,-8.05194874927,-6.388892365,-9.19362784503,0.766172217734,0.773477599911,0.769159422221,0.773477595339,0.76617219218,3.94874785147e-05,3.13104674351e-05,3.66114918679e-05,3.1310472443e-05,3.94875136391e-05,-9.3149730011,-6.58805205489,-8.22503506694,-6.58805376358,-9.3149827737,0.767395039742,0.774508579615,0.770251197329,0.774508575173,0.767395014307
2.45,0.01225,0.01500625,0,-9.11008265898,-6.25129357278,-7.93015344252,-6.25129537002,-9.11009253533,-13.6483394239,-13.6483617776,1,1,0.624511558772,1,1,0.76540115819,0.77283935782,0.768484902451,0.77283935316,0.765401132554,4.05793366113e-05,3.20692317067e-05,3.75670028092e-05,3.20692369252e-05,4.05793728825e-05,4.05793366113e-05,3.20692317067e-05,3.75670028092e-05,3.20692369252e-05,4.05793728825e-05,2.52246035799e-05,1.86942897377e-05,2.2886426769e-05,1.86942934265e-05,2.52246350451e-05,9.6456706944e-05,7.62282664765e-05,8.92964174215e-05,7.6228278881e-05,9.64567931601e-05,2.99587759215,2.99590601581,2.99588785335,2.99590601579,2.99587759202,0.000411665149324,0.000409411591246,0.000410717712101,0.000409411592653,0.000411665157057,0.3916,0.3916,0.3916,0.3916,0.3916,0,0,0,0,0,0.0369365745126,0.0315410197207,0.0334053908684,0.0315410233939,0.0369365778859,1.71008074245,2.80068971864,2.40513562729,2.80068897684,1.71007985955,-0.0184605271161,-0.0157643363331,-0.0166954897528,-0.0157643381687,-0.0184605287958,3.84126941821e-05,3.05589598827e-05,3.56681227949e-05,3.05589646862e-05,3.8412728185e-05,283.251332975,1.29879754041,-0.0960413556256,9.18158953391,275.272499626,8.26361201689e-12,5.4150816318e-20,1.75509026999e-05,1.74970526507e-07,3.90678265638e-08,-9.11008265898,-6.25129357278,-7.93015344252,-6.25129537002,-9.11009253533,-13.6483394239,-13.6483617776,0.76540115819,0.77283935782,0.768484902451,0.77283935316,0.765401132554,-9.19361801049,-6.38889060378,-8.05194874927,-6.388892365,-9.19362784503,0.766172217734,0.773477599911,0.769159422221,0.773477595339,0.76617219218,4.05793366113e-05,3.20692317067e-05,3.75670028092e-05,3.20692369252e-05,4.05793728825e-05,-9.3149730011,-6.58805205489,-8.22503506694,-6.58805376358,-9.3149827737,0.767395039742,0.774508579615,0.770251197329,0.774508575173,0.767395014307
2.475,0.012375,0.0153140625,0,-9.06842865306,-6.18263315839,-7.86917803373,-6.18263497357,-9.06843855019,-13.6466925277,-13.6467148769,1,1,0.624511558772,1,1,0.765022310514,0.772526818964,0.768154772751,0.77252681426,0.765022284837,4.1688296529e-05,3.2835085755e-05,3.8534550265e-05,3.28350911907e-05,4.16883339724e-05,4.1688296529e-05,3.2835085755e-05,3.8534550265e-05,3.28350911907e-05,4.16883339724e-05,2.57898890559e-05,1.9045618493e-05,2.33597942795e-05,1.90456223049e-05,2.57899213366e-05,9.90926943879e-05,7.80486944497e-05,9.15962687544e-05,7.80487073704e-05,9.90927833906e-05,2.99587152428,2.99590115461,2.99588228759,2.99590115459,2.99587152414,0.00041583826513,0.000413541313986,0.000414866055406,0.000413541315421,0.000415838272957,0.3916,0.3916,0.3916,0.3916,0.3916,0,0,0,0,0,0.0369365745126,0.0315410197207,0.0334053908684,0.0315410233939,0.0369365778859,1.71008074245,2.80068971864,2.40513562729,2.80068897684,1.71007985955,-0.0184605271161,-0.0157643363331,-0.0166954897528,-0.0157643381687,-0.0184605287958,3.84126941821e-05,3.05589598827e-05,3.56681227949e-05,3.05589646862e-05,3.8412728185e-05,286.141652699,1.32615844997,-0.0970125823076,9.2862473659,278.084551201,8.58157989114e-12,5.45828031211e-20,1.75540865731e-05,1.78559572084e-07,3.94729989541e-08,-9.06842865306,-6.18263315839,-7.86917803373,-6.18263497357,-9.06843855019,-13.6466925277,-13.6467148769,0.765022310514,0.772526818964,0.768154772751,0.77252681426,0.765022284837,-9.19361801049,-6.38889060378,-8.05194874927,-6.388892365,-9.19362784503,0.766172217734,0.773477599911,0.769159422221,0.773477595339,0.76617219218,4.1688296529e-05,3.2835085755e-05,3.8534550265e-05,3.28350911907e-05,4.16883339724e-05,-9.3149730011,-6.58805205489,-8.22503506694,-6.58805376358,-9.3149827737,0.767395039742,0.774508579615,0.770251197329,0.774508575173,0.767395014307
2.5,0.0125,0.015625,0,-9.02685007388,-6.1140642047,-7.80815187365,-6.11406603777,-9.0268599917,-13.6450312691,-13.6450536139,1,1,0.624511558772,1,1,0.764647793863,0.77221854582,0.767829269155,0.772218541072,0.764647768146,4.28143838041e-05,3.36078581992e-05,3.95140241898e-05,3.36078638587e-05,4.28144224458e-05,4.28143838041e-05,3.36078581992e-05,3.95140241898e-05,3.36078638587e-05,4.28144224458e-05,2.63600395361e-05,1.93974100177e-05,2.38354557421e-05,1.93974139551e-05,2.63600726436e-05,0.000101769393402,7.98855673858e-05,9.39244691937e-05,7.98855808384e-05,0.000101769485253,2.99586637084,2.99589724175,2.99587765392,2.99589724173,2.9958663707,0.000420010925337,0.000417670192093,0.000419013547901,0.000417670193555,0.000420010933258,0.3916,0.3916,0.3916,0.3916,0.3916,0,0,0,0,0,0.0369365745126,0.0315410197207,0.0334053908684,0.0315410233939,0.0369365778859,1.71008074245,2.80068971864,2.40513562729,2.80068897684,1.71007985955,-0.0184605271161,-0.0157643363331,-0.0166954897528,-0.0157643381687,-0.0184605287958,3.84126941821e-05,3.05589598827e-05,3.56681227949e-05,3.05589646862e-05,3.8412728185e-05,289.031972423,1.35381036961,-0.0979834623865,9.39111309074,280.89668624,8.29381008316e-12,5.60989920967e-20,1.75573068251e-05,1.82185054672e-07,3.98782295914e-08,-9.02685007388,-6.1140642047,-7.80815187365,-6.11406603777,-9.0268599917,-13.6450312691,-13.6450536139,0.764647793863,0.77221854582,0.767829269155,0.772218541072,0.764647768146,-9.19361801049,-6.38889060378,-8.05194874927,-6.388892365,-9.19362784503,0.766172217734,0.773477599911,0.769159422221,0.773477595339,0.76617219218,4.28143838041e-05,3.36078581992e-05,3.95140241898e-05,3.36078638587e-05,4.28144224458e-05,-9.3149730011,-6.58805205489,-8.22503506694,-6.58805376358,-9.3149827737,0.767395039742,0.774508579615,0.770251197329,0.774508575173,0.767395014307
2.525,0.012625,0.0159390625,0,-8.98534665737,-6.04558626189,-7.74707576756,-6.04558811282,-8.98535659579,-13.6433556803,-13.6433780206,1,1,0.624511558772,1,1,0.76427751896,0.771914450054,0.76750829968,0.771914445262,0.764277493202,4.39576214627e-05,3.43873732274e-05,4.05053098467e-05,3.43873791175e-05,4.39576613289e-05,4.39576214627e-05,3.43873732274e-05,4.05053098467e-05,3.43873791175e-05,4.39576613289e-05,2.69350177299e-05,1.97495858673e-05,2.43133302884e-05,1.97495899326e-05,2.69350516753e-05,0.000104486858718,8.17384673816e-05,9.62807460107e-05,8.17384813821e-05,0.00010448695348,2.99586214497,2.99589429119,2.99587396599,2.99589429117,2.99586214483,0.000424183132633,0.000421798228751,0.00042316019048,0.000421798230241,0.000424183140648,0.3916,0.3916,0.3916,0.3916,0.3916,0,0,0,0,0,0.0369365745126,0.0315410197207,0.0334053908684,0.0315410233939,0.0369365778859,1.71008074245,2.80068971864,2.40513562729,2.80068897684,1.71007985955,-0.0184605271161,-0.0157643363331,-0.0166954897528,-0.0157643381687,-0.0184605287958,3.84126941821e-05,3.05589598827e-05,3.56681227949e-05,3.05589646862e-05,3.8412728185e-05,291.922292147,1.38175339575,-0.0989540004261,9.4961863326,283.70890521,8.41460234824e-12,5.69714360323e-20,1.75605634556e-05,1.85846974271e-07,4.02835186218e-08,-8.98534665737,-6.04558626189,-7.74707576756,-6.04558811282,-8.98535659579,-13.6433556803,-13.6433780206,0.76427751896,0.771914450054,0.76750829968,0.771914445262,0.764277493202,-9.19361801049,-6.38889060378,-8.05194874927,-6.388892365,-9.19362784503,0.766172217734,0.773477599911,0.769159422221,0.773477595339,0.76617219218,4.39576214627e-05,3.43873732274e-05,4.05053098467e-05,3.43873791175e-05,4.39576613289e-05,-9.3149730011,-6.58805205489,-8.22503506694,-6.58805376358,-9.3149827737,0.767395039742,0.774508579615,0.770251197329,0.774508575173,0.767395014307
2.55,0.01275,0.01625625,0,-8.94391814014,-5.97719888431,-7.68595051371,-5.97720075305,-8.94392809908,-13.6416657932,-13.6416881291,1,1,0.624511558772,1,1,0.763911399189,0.771614445979,0.76719177503,0.771614441143,0.763911373391,4.511803003e-05,3.51734506039e-05,4.15082878065e-05,3.51734567313e-05,4.51180711472e-05,4.511803003e-05,3.51734506039e-05,4.15082878065e-05,3.51734567313e-05,4.51180711472e-05,2.75147875131e-05,2.01020683323e-05,2.47933378155e-05,2.01020725282e-05,2.75148223077e-05,0.000107245139125,8.36069660183e-05,9.86648153233e-05,8.36069805831e-05,0.00010724523686,2.99585886051,2.9958923176,2.99587123815,2.99589231758,2.99585886036,0.000428354889691,0.00042592542712,0.000427305984048,0.000425925428638,0.000428354897799,0.3916,0.3916,0.3916,0.3916,0.3916,0,0,0,0,0,0.0369365745126,0.0315410197207,0.0334053908684,0.0315410233939,0.0369365778859,1.71008074245,2.80068971864,2.40513562729,2.80068897684,1.71007985955,-0.0184605271161,-0.0157643363331,-0.0166954897528,-0.0157643381687,-0.0184605287958,3.84126941821e-05,3.05589598827e-05,3.56681227949e-05,3.05589646862e-05,3.8412728185e-05,294.812611872,1.40998762327,-0.0999242011411,9.60146671701,286.521208577,8.28315194212e-12,5.77507063438e-20,1.75638564647e-05,1.8954533088e-07,4.06888661936e-08,-8.94391814014,-5.97719888431,-7.68595051371,-5.97720075305,-8.94392809908,-13.6416657932,-13.6416881291,0.763911399189,0.771614445979,0.76719177503,0.771614441143,0.763911373391,-9.19361801049,-6.38889060378,-8.05194874927,-6.388892365,-9.19362784503,0.766172217734,0.773477599911,0.769159422221,0.773477595339,0.76617219218,4.511803003e-05,3.51734506039e-05,4.15082878065e-05,3.51734567313e-05,4.51180711472e-05,-9.3149730011,-6.58805205489,-8.22503506694,-6.58805376358,-9.3149827737,0.767395039742,0.774508579615,0.770251197329,0.774508575173,0.767395014307
2.575,0.012875,0.0165765625,0,-8.90256425943,-5.90890163037,-7.62477690331,-5.90890351687,-8.9025742388,-13.6399616398,-13.6399839712,1,1,0.624511558772,1,1,0.763549350501,0.771318450454,0.766879608501,0.771318445575,0.763549324663,4.62956275397e-05,3.59659056756e-05,4.25228339471e-05,3.59659120474e-05,4.62956699348e-05,4.62956275397e-05,3.59659056756e-05,4.25228339471e-05,3.59659120474e-05,4.62956699348e-05,2.80993139555e-05,2.04547804271e-05,2.52753989959e-05,2.04547847561e-05,2.80993496105e-05,0.000110044277489,8.54906243775e-05,0.000101076382094,8.54906395233e-05,0.000110044378262,2.99585653198,2.99589133639,2.99586948546,2.99589133637,2.99585653183,0.000432526199163,0.000430051790338,0.000431450929519,0.000430051791885,0.000432526207366,0.3916,0.3916,0.3916,0.3916,0.3916,0,0,0,0,0,0.0369365745126,0.0315410197207,0.0334053908684,0.0315410233939,0.0369365778859,1.71008074245,2.80068971864,2.40513562729,2.80068897684,1.71007985955,-0.0184605271161,-0.0157643363331,-0.0166954897528,-0.0157643381687,-0.0184605287958,3.84126941821e-05,3.05589598827e-05,3.56681227949e-05,3.05589646862e-05,3.8412728185e-05,297.702931596,1.43851314552,-0.100894069397,9.70695387076,289.333596801,8.00071120466e-12,5.59380558367e-20,1.7567185852e-05,1.93280124501e-07,4.1094272457e-08,-8.90256425943,-5.90890163037,-7.62477690331,-5.90890351687,-8.9025742388,-13.6399616398,-13.6399839712,0.763549350501,0.771318450454,0.766879608501,0.771318445575,0.763549324663,-9.19361801049,-6.38889060378,-8.05194874927,-6.388892365,-9.19362784503,0.766172217734,0.773477599911,0.769159422221,0.773477595339,0.76617219218,4.62956275397e-05,3.59659056756e-05,4.25228339471e-05,3.59659120474e-05,4.62956699348e-05,-9.3149730011,-6.58805205489,-8.22503506694,-6.58805376358,-9.3149827737,0.767395039742,0.774508579615,0.770251197329,0.774508575173,0.767395014307
2.6,0.013,0.0169,0,-8.86128475315,-5.84069406254,-7.56355572063,-5.84069596676,-8.86129475286,-13.6382432517,-13.6382655787,1,1,0.624511558772,1,1,0.763191291308,0.771026382786,0.766571715872,0.771026377863,0.763191265429,4.74904295431e-05,3.67645493788e-05,4.35488194527e-05,3.67645560022e-05,4.74904732433e-05,4.74904295431e-05,3.67645493788e-05,4.35488194527e-05,3.67645560022e-05,4.74904732433e-05,2.86885633462e-05,2.08076458772e-05,2.57594352855e-05,2.08076503418e-05,2.8688599873e-05,0.000112884310775,8.73889930564e-05,0.00010351514013,8.73890088e-05,0.00011288441465,2.99585517465,2.99589136376,2.99586872374,2.99589136374,2.99585517449,0.000436697063684,0.000434177321521,0.000435595027817,0.000434177323097,0.000436697071981,0.3916,0.3916,0.3916,0.3916,0.3916,0,0,0,0,0,0.033169939961,0.027823070508,0.0294292668674,0.0278230740944,0.0331699432775,1.68505248425,2.76977466387,2.42437787725,2.76977393587,1.68505163086,-0.0165753759543,-0.0139041080723,-0.0147058356924,-0.0139041098642,-0.0165753776037,4.74904295431e-05,3.67645493788e-05,4.35488194527e-05,3.67645560022e-05,4.74904732433e-05,300.59325132,1.46733005431,-0.101863610209,9.812647422,292.146070342,8.38618063881e-12,5.65648602176e-20,1.75705516176e-05,1.97051355133e-07,4.14997375645e-08,-8.86128475315,-5.84069406254,-7.56355572063,-5.84069596676,-8.86129475286,-13.6382432517,-13.6382655787,0.763191291308,0.771026382786,0.766571715872,0.771026377863,0.763191265429,-8.86128475315,-5.84069406254,-7.56355572063,-5.84069596676,-8.86129475286,0.763191291308,0.771026382786,0.766571715872,0.771026377863,0.763191265429,4.74904295431e-05,3.67645493788e-05,4.35488194527e-05,3.67645560022e-05,4.74904732433e-05,-8.9808756769,-6.03769549047,-7.73791978324,-6.03769734315,-8.98088561675,0.764299387364,0.771944279904,0.767541616654,0.771944275108,0.764299361603
2.625,0.013125,0.0172265625,0,-8.82007935986,-5.77257574727,-7.50228774306,-5.77257766918,-8.82008937983,-13.6365106608,-13.6365329834,1,1,0.624511558772,1,1,0.76283714239,0.77073816463,0.766268015317,0.770738159665,0.762837116472,4.87024491176e-05,3.75691882448e-05,4.45861108122e-05,3.75691951269e-05,4.87024941504e-05,4.87024491176e-05,3.75691882448e-05,4.45861108122e-05,3.75691951269e-05,4.87024941504e-05,2.92825032183e-05,2.11605891044e-05,2.62453689294e-05,2.11605937073e-05,2.92825406282e-05,0.000115765270068,8.93016121816e-05,0.000105980772076,8.93016285403e-05,0.000115765377111,2.99585480452,2.99589241668,2.99586896957,2.99589241665,2.99585480435,0.00044086748587,0.00043830202376,0.000439738279875,0.000438302025365,0.000440867494262,0.3916,0.3916,0.3916,0.3916,0.3916,0,0,0,0,0,0.033169939961,0.027823070508,0.0294292668674,0.0278230740944,0.0331699432775,1.68505248425,2.76977466387,2.42437787725,2.76977393587,1.68505163086,-0.0165753759543,-0.0139041080723,-0.0147058356924,-0.0139041098642,-0.0165753776037,4.74904295431e-05,3.67645493788e-05,4.35488194527e-05,3.67645560022e-05,4.74904732433e-05,303.483571044,1.49643844001,-0.102832828745,9.91854700015,294.958629656,8.32400814943e-12,5.58279415535e-20,1.75739537611e-05,2.00859022776e-07,4.19052616708e-08,-8.82007935986,-5.77257574727,-7.50228774306,-5.77257766918,-8.82008937983,-13.6365106608,-13.6365329834,0.76283714239,0.77073816463,0.766268015317,0.770738159665,0.762837116472,-8.86128475315,-5.84069406254,-7.56355572063,-5.84069596676,-8.86129475286,0.763191291308,0.771026382786,0.766571715872,0.771026377863,0.763191265429,4.87024491176e-05,3.75691882448e-05,4.45861108122e-05,3.75691951269e-05,4.87024941504e-05,-8.9808756769,-6.03769549047,-7.73791978324,-6.03769734315,-8.98088561675,0.764299387364,0.771944279904,0.767541616654,0.771944275108,0.764299361603
2.65,0.01325,0.01755625,0,-8.7789478188,-5.70454625502,-7.44097374117,-5.70454819457,-8.77895785894,-13.6347638985,-13.6347862167,1,1,0.624511558772,1,1,0.762486826808,0.770453719908,0.765968427311,0.770453714899,0.76248680085,4.99316968743e-05,3.83796244054e-05,4.56345698174e-05,3.83796315536e-05,4.99317432675e-05,4.99316968743e-05,3.83796244054e-05,4.56345698174e-05,3.83796315536e-05,4.99317432675e-05,2.9881102371e-05,2.15135352104e-05,2.6733122965e-05,2.15135399541e-05,2.98811406754e-05,0.00011868718059,9.12280114223e-05,0.000108472949411,9.12280284136e-05,0.000118687290866,2.99585543833,2.9958945129,2.99587024032,2.99589451287,2.99585543817,0.000445037468318,0.000442425900122,0.000443880686632,0.000442425901756,0.000445037476806,0.3916,0.3916,0.3916,0.3916,0.3916,0,0,0,0,0,0.033169939961,0.027823070508,0.0294292668674,0.0278230740944,0.0331699432775,1.68505248425,2.76977466387,2.42437787725,2.76977393587,1.68505163086,-0.0165753759543,-0.0139041080723,-0.0147058356924,-0.0139041098642,-0.0165753776037,4.74904295431e-05,3.67645493788e-05,4.35488194527e-05,3.67645560022e-05,4.74904732433e-05,306.373890769,1.52583839153,-0.103801730323,10.024652236,297.771275194,8.58690896166e-12,5.69883766913e-20,1.75773922825e-05,2.04703127429e-07,4.23108449331e-08,-8.7789478188,-5.70454625502,-7.44097374117,-5.70454819457,-8.77895785894,-13.6347638985,-13.6347862167,0.762486826808,0.770453719908,0.765968427311,0.770453714899,0.76248680085,-8.86128475315,-5.84069406254,-7.56355572063,-5.84069596676,-8.86129475286,0.763191291308,0.771026382786,0.766571715872,0.771026377863,0.763191265429,4.99316968743e-05,3.83796244054e-05,4.56345698174e-05,3.83796315536e-05,4.99317432675e-05,-8.9808756769,-6.03769549047,-7.73791978324,-6.03769734315,-8.98088561675,0.764299387364,0.771944279904,0.767541616654,0.771944275108,0.764299361603
2.675,0.013375,0.0178890625,0,-8.73788986987,-5.63660516014,-7.37961447876,-5.63660711727,-8.73789993009,-13.6330029964,-13.6330253101,1,1,0.624511558772,1,1,0.762140269815,0.770172974716,0.765672874546,0.770172969664,0.762140243817,5.1178180965e-05,3.91956555977e-05,4.6694053561e-05,3.91956630197e-05,5.11782287468e-05,5.1178180965e-05,3.91956555977e-05,4.6694053561e-05,3.91956630197e-05,5.11782287468e-05,3.04843308906e-05,2.18664099574e-05,2.7222621223e-05,2.18664148447e-05,3.04843701011e-05,0.000121650061719,9.31677100018e-05,0.000110991332448,9.31677276437e-05,0.000121650175296,2.99585709364,2.99589767101,2.99587255412,2.99589767099,2.99585709346,0.000449207013605,0.000446548953649,0.000448022249037,0.000446548955312,0.000449207022188,0.3916,0.3916,0.3916,0.3916,0.3916,0,0,0,0,0,0.033169939961,0.027823070508,0.0294292668674,0.0278230740944,0.0331699432775,1.68505248425,2.76977466387,2.42437787725,2.76977393587,1.68505163086,-0.0165753759543,-0.0139041080723,-0.0147058356924,-0.0139041098642,-0.0165753776037,4.74904295431e-05,3.67645493788e-05,4.35488194527e-05,3.67645560022e-05,4.74904732433e-05,309.264210493,1.55552999638,-0.104770320413,10.1309627615,300.584007407,8.90132412223e-12,5.829280743e-20,1.75808671816e-05,2.08583669094e-07,4.27164875111e-08,-8.73788986987,-5.63660516014,-7.37961447876,-5.63660711727,-8.73789993009,-13.6330029964,-13.6330253101,0.762140269815,0.770172974716,0.765672874546,0.770172969664,0.762140243817,-8.86128475315,-5.84069406254,-7.56355572063,-5.84069596676,-8.86129475286,0.763191291308,0.771026382786,0.766571715872,0.771026377863,0.763191265429,5.1178180965e-05,3.91956555977e-05,4.6694053561e-05,3.91956630197e-05,5.11782287468e-05,-8.9808756769,-6.03769549047,-7.73791978324,-6.03769734315,-8.98088561675,0.764299387364,0.771944279904,0.767541616654,0.771944275108,0.764299361603
2.7,0.0135,0.018225,0,-8.69690525363,-5.56875204086,-7.31821071293,-5.56875401555,-8.69691533386,-13.6312279857,-13.631250295,1,1,0.624511558772,1,1,0.761797398776,0.769895857247,0.765381281847,0.769895852153,0.761797372738,5.24419070892e-05,4.00170751689e-05,4.77644144337e-05,4.00170828722e-05,5.2441956288e-05,5.24419070892e-05,4.00170751689e-05,4.77644144337e-05,4.00170828722e-05,5.2441956288e-05,3.10921601693e-05,2.22191397474e-05,2.77137883255e-05,2.22191447809e-05,3.10922002972e-05,0.000124653927001,9.51202167075e-05,0.00011353557032,9.51202350182e-05,0.000124654043946,2.99585978873,2.99590191043,2.99587592995,2.9959019104,2.99585978855,0.000453376124287,0.00045067118736,0.000452162968042,0.000450671189053,0.000453376132964,0.3916,0.3916,0.3916,0.3916,0.3916,0,0,0,0,0,0.033169939961,0.027823070508,0.0294292668674,0.0278230740944,0.0331699432775,1.68505248425,2.76977466387,2.42437787725,2.76977393587,1.68505163086,-0.0165753759543,-0.0139041080723,-0.0147058356924,-0.0139041098642,-0.0165753776037,4.74904295431e-05,3.67645493788e-05,4.35488194527e-05,3.67645560022e-05,4.74904732433e-05,312.154530217,1.58551334068,-0.105738604636,10.23747821,303.396826743,9.13757958187e-12,5.79624645806e-20,1.75843784582e-05,2.12500647769e-07,4.31221895669e-08,-8.69690525363,-5.56875204086,-7.31821071293,-5.56875401555,-8.69691533386,-13.6312279857,-13.631250295,0.761797398776,0.769895857247,0.765381281847,0.769895852153,0.761797372738,-8.86128475315,-5.84069406254,-7.56355572063,-5.84069596676,-8.86129475286,0.763191291308,0.771026382786,0.766571715872,0.771026377863,0.763191265429,5.24419070892e-05,4.00170751689e-05,4.77644144337e-05,4.00170828722e-05,5.2441956288e-05,-8.9808756769,-6.03769549047,-7.73791978324,-6.03769734315,-8.98088561675,0.764299387364,0.771944279904,0.767541616654,0.771944275108,0.764299361603
2.725,0.013625,0.0185640625,0,-8.65599371134,-5.50098647929,-7.25676319413,-5.50098847148,-8.65600381149,-13.6294388977,-13.6294612027,1,1,0.624511558772,1,1,0.761458143088,0.769622297714,0.765093576098,0.769622292577,0.761458117011,5.37228784984e-05,4.08436720789e-05,4.88455001202e-05,4.08436800713e-05,5.37229291431e-05,5.37228784984e-05,4.08436720789e-05,4.88455001202e-05,4.08436800713e-05,5.37229291431e-05,3.17045629206e-05,2.25716515981e-05,2.82065496806e-05,2.25716567803e-05,3.17046039774e-05,0.000127698784165,9.70850298999e-05,0.000116105300975,9.70850488979e-05,0.000127698904547,2.99586354272,2.9959072514,2.99588038758,2.99590725138,2.99586354254,0.000457544802898,0.000454792604247,0.000456302844606,0.00045479260597,0.000457544811671,0.3916,0.3916,0.3916,0.3916,0.3916,0,0,0,0,0,0.033169939961,0.027823070508,0.0294292668674,0.0278230740944,0.0331699432775,1.68505248425,2.76977466387,2.42437787725,2.76977393587,1.68505163086,-0.0165753759543,-0.0139041080723,-0.0147058356924,-0.0139041098642,-0.0165753776037,4.74904295431e-05,3.67645493788e-05,4.35488194527e-05,3.67645560022e-05,4.74904732433e-05,315.044849941,1.6157885092,-0.106706588765,10.3441982162,306.209733646,8.8320462055e-12,5.8919611811e-20,1.75879261122e-05,2.16454063455e-07,4.35279512653e-08,-8.65599371134,-5.50098647929,-7.25676319413,-5.50098847148,-8.65600381149,-13.6294388977,-13.6294612027,0.761458143088,0.769622297714,0.765093576098,0.769622292577,0.761458117011,-8.86128475315,-5.84069406254,-7.56355572063,-5.84069596676,-8.86129475286,0.763191291308,0.771026382786,0.766571715872,0.771026377863,0.763191265429,5.37228784984e-05,4.08436720789e-05,4.88455001202e-05,4.08436800713e-05,5.37229291431e-05,-8.9808756769,-6.03769549047,-7.73791978324,-6.03769734315,-8.98088561675,0.764299387364,0.771944279904,0.767541616654,0.771944275108,0.764299361603
2.75,0.01375,0.01890625,0,-8.61515498492,-5.4333080613,-7.19527266623,-5.43331007096,-8.6151651049,-13.6276357636,-13.6276580642,1,1,0.624511558772,1,1,0.761122434109,0.769352228273,0.764809686162,0.769352223093,0.761122407993,5.50210960013e-05,4.1675230904e-05,4.99371535953e-05,4.16752391936e-05,5.50211481209e-05,5.50210960013e-05,4.1675230904e-05,4.99371535953e-05,4.16752391936e-05,5.50211481209e-05,3.23215131939e-05,2.29238731164e-05,2.87008314748e-05,2.29238784502e-05,3.23215551913e-05,0.000130784635135,9.90616375184e-05,0.000118700151165,9.90616572226e-05,0.000130784759023,2.99586837551,2.99591371504,2.9958859476,2.99591371501,2.99586837532,0.000461713051954,0.000458913207277,0.000460441879695,0.000458913209031,0.000461713060823,0.3916,0.3916,0.3916,0.3916,0.3916,0,0,0,0,0,0.033169939961,0.027823070508,0.0294292668674,0.0278230740944,0.0331699432775,1.68505248425,2.76977466387,2.42437787725,2.76977393587,1.68505163086,-0.0165753759543,-0.0139041080723,-0.0147058356924,-0.0139041098642,-0.0165753776037,4.74904295431e-05,3.67645493788e-05,4.35488194527e-05,3.67645560022e-05,4.74904732433e-05,317.935169666,1.64635558536,-0.107674278727,10.451122416,309.022728556,8.79829542555e-12,6.18926974559e-20,1.75915101434e-05,2.20443916153e-07,4.39337727741e-08,-8.61515498492,-5.4333080613,-7.19527266623,-5.43331007096,-8.6151651049,-13.6276357636,-13.6276580642,0.761122434109,0.769352228273,0.764809686162,0.769352223093,0.761122407993,-8.86128475315,-5.84069406254,-7.56355572063,-5.84069596676,-8.86129475286,0.763191291308,0.771026382786,0.766571715872,0.771026377863,0.763191265429,5.50210960013e-05,4.1675230904e-05,4.99371535953e-05,4.16752391936e-05,5.50211481209e-05,-8.9808756769,-6.03769549047,-7.73791978324,-6.03769734315,-8.98088561675,0.764299387364,0.771944279904,0.767541616654,0.771944275108,0.764299361603
2.775,0.013875,0.0192515625,0,-8.57438881696,-5.36571637656,-7.13373986658,-5.36571840364,-8.5743989567,-13.6258186145,-13.6258409107,1,1,0.624511558772,1,1,0.760790205085,0.769085582952,0.764529542814,0.76908557773,0.760790178929,5.63365579658e-05,4.25115318384e-05,5.10392131178e-05,4.25115404331e-05,5.63366115898e-05,5.63365579658e-05,4.25115318384e-05,5.10392131178e-05,4.25115404331e-05,5.63366115898e-05,3.29429863854e-05,2.32757324703e-05,2.9196560662e-05,2.32757379583e-05,3.2943029335e-05,0.00013391147603,0.000101049517087,0.000121319736434,0.000101049537516,0.000133911603494,2.99587430781,2.9959213233,2.99589263146,2.99592132327,2.99587430761,0.000465880873945,0.000463032999392,0.000464580074273,0.000463033001175,0.00046588088291,0.3916,0.3916,0.3916,0.3916,0.3916,0,0,0,0,0,0.033169939961,0.027823070508,0.0294292668674,0.0278230740944,0.0331699432775,1.68505248425,2.76977466387,2.42437787725,2.76977393587,1.68505163086,-0.0165753759543,-0.0139041080723,-0.0147058356924,-0.0139041098642,-0.0165753776037,4.74904295431e-05,3.67645493788e-05,4.35488194527e-05,3.67645560022e-05,4.74904732433e-05,320.82548939,1.67721465129,-0.108641680598,10.5582504465,311.835811914,9.18909393022e-12,6.66530226194e-20,1.75951305516e-05,2.24470205861e-07,4.43396542635e-08,-8.57438881696,-5.36571637656,-7.13373986658,-5.36571840364,-8.5743989567,-13.6258186145,-13.6258409107,0.760790205085,0.769085582952,0.764529542814,0.76908557773,0.760790178929,-8.86128475315,-5.84069406254,-7.56355572063,-5.84069596676,-8.86129475286,0.763191291308,0.771026382786,0.766571715872,0.771026377863,0.763191265429,5.63365579658e-05,4.25115318384e-05,5.10392131178e-05,4.25115404331e-05,5.63366115898e-05,-8.9808756769,-6.03769549047,-7.73791978324,-6.03769734315,-8.98088561675,0.764299387364,0.771944279904,0.767541616654,0.771944275108,0.764299361603
2.8,0.014,0.0196,0,-8.53369495077,-5.29821101845,-7.07216552604,-5.2982130629,-8.53370511016,-13.6239874812,-13.624009773,1,1,0.624511558772,1,1,0.760461391083,0.768822297588,0.76425307867,0.768822292324,0.760461364888,5.76692603207e-05,4.3352350695e-05,5.21515122245e-05,4.33523596031e-05,5.76693154789e-05,5.76692603207e-05,4.3352350695e-05,5.21515122245e-05,4.33523596031e-05,5.76693154789e-05,3.35689592463e-05,2.36271583566e-05,2.96936649487e-05,2.36271640016e-05,3.35690031597e-05,0.000137079297173,0.000103048135714,0.000123963661099,0.000103048156889,0.000137079428284,2.99588136115,2.995930099,2.99590046144,2.99593009898,2.99588136095,0.000470048271343,0.000467151983504,0.000468717429313,0.000467151985318,0.000470048280404,0.3916,0.3916,0.3916,0.3916,0.3916,0,0,0,0,0,0.0300844765037,0.0247802708308,0.0261490132192,0.0247802743333,0.0300844797581,1.66069899564,2.74007621377,2.44140646192,2.7400754996,1.66069817069,-0.0150305878962,-0.0123813773647,-0.0130639709505,-0.0123813791142,-0.0150305895123,5.76692603207e-05,4.3352350695e-05,5.21515122245e-05,4.33523596031e-05,5.76693154789e-05,323.715809114,1.70836578785,-0.10960880061,10.6655819464,314.648984155,9.34186061841e-12,6.49928380428e-20,1.75987873367e-05,2.2853293258e-07,4.47455959073e-08,-8.53369495077,-5.29821101845,-7.07216552604,-5.2982130629,-8.53370511016,-13.6239874812,-13.624009773,0.760461391083,0.768822297588,0.76425307867,0.768822292324,0.760461364888,-8.53369495077,-5.29821101845,-7.07216552604,-5.2982130629,-8.53370511016,0.760461391083,0.768822297588,0.76425307867,0.768822292324,0.760461364888,5.76692603207e-05,4.3352350695e-05,5.21515122245e-05,4.33523596031e-05,5.76693154789e-05,-8.6515705104,-5.49313700895,-7.24765644293,-5.49313900286,-8.65158061192,0.761473075919,0.769645243192,0.765119927871,0.769645238051,0.761473049838
2.825,0.014125,0.0199515625,0,-8.49307313029,-5.23079158404,-7.01055036908,-5.23079364583,-8.49308330928,-13.6221423946,-13.622164682,1,1,0.624511558772,1,1,0.760135928923,0.768562309758,0.763980228125,0.768562304452,0.760135902689,5.90191965549e-05,4.41974589054e-05,5.32738797215e-05,4.41974681353e-05,5.90192532774e-05,5.90191965549e-05,4.41974589054e-05,5.32738797215e-05,4.41974681353e-05,5.90192532774e-05,3.41994098883e-05,2.39780799674e-05,3.01920727768e-05,2.39780857722e-05,3.41994547773e-05,0.000140288083087,0.000105056950096,0.000126631518235,0.000105056972035,0.000140288217916,2.99588955786,2.99594006585,2.99590946066,2.99594006582,2.99588955766,0.000474215246592,0.000471270162501,0.000472853945786,0.000471270164346,0.00047421525575,0.3916,0.3916,0.3916,0.3916,0.3916,0,0,0,0,0,0.0300844765037,0.0247802708308,0.0261490132192,0.0247802743333,0.0300844797581,1.66069899564,2.74007621377,2.44140646192,2.7400754996,1.66069817069,-0.0150305878962,-0.0123813773647,-0.0130639709505,-0.0123813791142,-0.0150305895123,5.76692603207e-05,4.3352350695e-05,5.21515122245e-05,4.33523596031e-05,5.76693154789e-05,326.606128838,1.73980907464,-0.110575645146,10.7731165553,317.462245713,8.99547103472e-12,6.34935897262e-20,1.76024804984e-05,2.3263209631e-07,4.51515978818e-08,-8.49307313029,-5.23079158404,-7.01055036908,-5.23079364583,-8.49308330928,-13.6221423946,-13.622164682,0.760135928923,0.768562309758,0.763980228125,0.768562304452,0.760135902689,-8.53369495077,-5.29821101845,-7.07216552604,-5.2982130629,-8.53370511016,0.760461391083,0.768822297588,0.76425307867,0.768822292324,0.760461364888,5.90191965549e-05,4.41974589054e-05,5.32738797215e-05,4.41974681353e-05,5.90192532774e-05,-8.6515705104,-5.49313700895,-7.24765644293,-5.49313900286,-8.65158061192,0.761473075919,0.769645243192,0.765119927871,0.769645238051,0.761473049838
2.85,0.01425,0.02030625,0,-8.45252310021,-5.16345767406,-6.9488951138,-5.16345975314,-8.45253329869,-13.6202833854,-13.6203056685,1,1,0.624511558772,1,1,0.759813757121,0.768305558721,0.763710927287,0.768305553372,0.759813730848,6.03863577146e-05,4.5046623518e-05,5.44061396749e-05,4.50466330782e-05,6.03864160318e-05,6.03863577146e-05,4.5046623518e-05,5.44061396749e-05,4.50466330782e-05,6.03864160318e-05,3.48343177867e-05,2.4328426953e-05,3.06917133026e-05,2.43284329204e-05,3.48343636631e-05,0.00014353781249,0.000107075406508,0.000129322889648,0.000107075429233,0.000143537951109,2.99589892111,2.9959512484,2.99591965307,2.99595124837,2.99589892089,0.000478381802116,0.000475387539241,0.000476989624667,0.000475387541117,0.00047838181137,0.3916,0.3916,0.3916,0.3916,0.3916,0,0,0,0,0,0.0300844765037,0.0247802708308,0.0261490132192,0.0247802743333,0.0300844797581,1.66069899564,2.74007621377,2.44140646192,2.7400754996,1.66069817069,-0.0150305878962,-0.0123813773647,-0.0130639709505,-0.0123813791142,-0.0150305895123,5.76692603207e-05,4.3352350695e-05,5.21515122245e-05,4.33523596031e-05,5.76693154789e-05,329.496448563,1.77154459001,-0.111542220743,10.8808539143,320.275597018,8.7556628614e-12,6.24856205189e-20,1.76062100367e-05,2.36767697051e-07,4.55576603669e-08,-8.45252310021,-5.16345767406,-6.9488951138,-5.16345975314,-8.45253329869,-13.6202833854,-13.6203056685,0.759813757121,0.768305558721,0.763710927287,0.768305553372,0.759813730848,-8.53369495077,-5.29821101845,-7.07216552604,-5.2982130629,-8.53370511016,0.760461391083,0.768822297588,0.76425307867,0.768822292324,0.760461364888,6.03863577146e-05,4.5046623518e-05,5.44061396749e-05,4.50466330782e-05,6.03864160318e-05,-8.6515705104,-5.49313700895,-7.24765644293,-5.49313900286,-8.65158061192,0.761473075919,0.769645243192,0.765119927871,0.769645238051,0.761473049838
2.875,0.014375,0.0206640625,0,-8.41204460586,-5.09620889285,-6.887200472,-5.09621098918,-8.41205482377,-13.6184104842,-13.618432763,1,1,0.624511558772,1,1,0.759494815829,0.768051985353,0.763445113922,0.768051979963,0.759494789517,6.17707323979e-05,4.58996071954e-05,5.5548111399e-05,4.58996170945e-05,6.17707923406e-05,6.17707323979e-05,4.58996071954e-05,5.5548111399e-05,4.58996170945e-05,6.17707923406e-05,3.54736637791e-05,2.46781293828e-05,3.11925163724e-05,2.46781355155e-05,3.54737106547e-05,0.000146828458279,0.000109102940802,0.00013203734585,0.000109102964332,0.000146828600762,2.99590947485,2.99596367208,2.9959310635,2.99596367205,2.99590947463,0.000482547940314,0.000479504116556,0.000481124466928,0.000479504118462,0.000482547949665,0.3916,0.3916,0.3916,0.3916,0.3916,0,0,0,0,0,0.0300844765037,0.0247802708308,0.0261490132192,0.0247802743333,0.0300844797581,1.66069899564,2.74007621377,2.44140646192,2.7400754996,1.66069817069,-0.0150305878962,-0.0123813773647,-0.0130639709505,-0.0123813791142,-0.0150305895123,5.76692603207e-05,4.3352350695e-05,5.21515122245e-05,4.33523596031e-05,5.76693154789e-05,332.386768287,1.80357241114,-0.112508534091,10.9887936657,323.089038498,9.44666567193e-12,6.40949831187e-20,1.76099759513e-05,2.40939734803e-07,4.59637835456e-08,-8.41204460586,-5.09620889285,-6.887200472,-5.09621098918,-8.41205482377,-13.6184104842,-13.618432763,0.759494815829,0.768051985353,0.763445113922,0.768051979963,0.759494789517,-8.53369495077,-5.29821101845,-7.07216552604,-5.2982130629,-8.53370511016,0.760461391083,0.768822297588,0.76425307867,0.768822292324,0.760461364888,6.17707323979e-05,4.58996071954e-05,5.5548111399e-05,4.58996170945e-05,6.17707923406e-05,-8.6515705104,-5.49313700895,-7.24765644293,-5.49313900286,-8.65158061192,0.761473075919,0.769645243192,0.765119927871,0.769645238051,0.761473049838
2.9,0.0145,0.021025,0,-8.3716373933,-5.02904484833,-6.82546714924,-5.02904696186,-8.37164763054,-13.6165237217,-13.6165459961,1,1,0.624511558772,1,1,0.759179046773,0.7678015321,0.763182727394,0.767801526667,0.759179020422,6.31723067467e-05,4.67561682092e-05,5.66996094425e-05,4.6756178456e-05,6.31723683459e-05,6.31723067467e-05,4.67561682092e-05,5.66996094425e-05,4.6756178456e-05,6.31723683459e-05,3.61174300623e-05,2.50271177033e-05,3.1694412495e-05,2.50271240042e-05,3.6117477949e-05,0.000150159987513,0.000111138978391,0.000134774446024,0.000111139002748,0.000150160133934,2.99592124386,2.99597736318,2.99594371758,2.99597736315,2.99592124364,0.000486713663558,0.000483619897245,0.000485258473543,0.000483619899183,0.000486713673006,0.3916,0.3916,0.3916,0.3916,0.3916,0,0,0,0,0,0.0300844765037,0.0247802708308,0.0261490132192,0.0247802743333,0.0300844797581,1.66069899564,2.74007621377,2.44140646192,2.7400754996,1.66069817069,-0.0150305878962,-0.0123813773647,-0.0130639709505,-0.0123813791142,-0.0150305895123,5.76692603207e-05,4.3352350695e-05,5.21515122245e-05,4.33523596031e-05,5.76693154789e-05,335.277088011,1.835892614,-0.113474592035,11.0969354531,325.90257058,9.32409705001e-12,6.40695721303e-20,1.7613778242e-05,2.45148209566e-07,4.63699676047e-08,-8.3716373933,-5.02904484833,-6.82546714924,-5.02904696186,-8.37164763054,-13.6165237217,-13.6165459961,0.759179046773,0.7678015321,0.763182727394,0.767801526667,0.759179020422,-8.53369495077,-5.29821101845,-7.07216552604,-5.2982130629,-8.53370511016,0.760461391083,0.768822297588,0.76425307867,0.768822292324,0.760461364888,6.31723067467e-05,4.67561682092e-05,5.66996094425e-05,4.6756178456e-05,6.31723683459e-05,-8.6515705104,-5.49313700895,-7.24765644293,-5.49313900286,-8.65158061192,0.761473075919,0.769645243192,0.765119927871,0.769645238051,0.761473049838
2.925,0.014625,0.0213890625,0,-8.33130120926,-4.96196515195,-6.7636958449,-4.96196728265,-8.33131146576,-13.6146231281,-13.6146453982,1,1,0.624511558772,1,1,0.758866393205,0.767554142914,0.762923708609,0.76755413744,0.758866366816,6.45910644346e-05,4.76160604338e-05,5.78604435719e-05,4.76160710372e-05,6.45911277218e-05,6.45910644346e-05,4.76160604338e-05,5.78604435719e-05,4.76160710372e-05,6.45911277218e-05,3.67656001854e-05,2.53753226936e-05,3.21973328108e-05,2.53753291656e-05,3.67656490951e-05,0.000153532361385,0.000113182934238,0.000137533737989,0.000113182959442,0.000153532511818,2.99593425373,2.99599234886,2.9959576418,2.99599234883,2.99593425349,0.000490878974197,0.000487734884081,0.000489391645483,0.000487734886051,0.000490878983742,0.3916,0.3916,0.3916,0.3916,0.3916,0,0,0,0,0,0.0300844765037,0.0247802708308,0.0261490132192,0.0247802743333,0.0300844797581,1.66069899564,2.74007621377,2.44140646192,2.7400754996,1.66069817069,-0.0150305878962,-0.0123813773647,-0.0130639709505,-0.0123813791142,-0.0150305895123,5.76692603207e-05,4.3352350695e-05,5.21515122245e-05,4.33523596031e-05,5.76693154789e-05,338.167407735,1.86850527341,-0.114440401572,11.2052789214,328.716193686,9.27791177219e-12,6.52977699038e-20,1.76176169086e-05,2.4939312134e-07,4.67762127342e-08,-8.33130120926,-4.96196515195,-6.7636958449,-4.96196728265,-8.33131146576,-13.6146231281,-13.6146453982,0.758866393205,0.767554142914,0.762923708609,0.76755413744,0.758866366816,-8.53369495077,-5.29821101845,-7.07216552604,-5.2982130629,-8.53370511016,0.760461391083,0.768822297588,0.76425307867,0.768822292324,0.760461364888,6.45910644346e-05,4.76160604338e-05,5.78604435719e-05,4.76160710372e-05,6.45911277218e-05,-8.6515705104,-5.49313700895,-7.24765644293,-5.49313900286,-8.65158061192,0.761473075919,0.769645243192,0.765119927871,0.769645238051,0.761473049838
2.95,0.01475,0.02175625,0,-8.29103580118,-4.89496941869,-6.70188725221,-4.8949715665,-8.29104607686,-13.6127087338,-13.6127309996,1,1,0.624511558772,1,1,0.75855679985,0.767309763209,0.762667999969,0.767309757694,0.758556773422,6.60269866516e-05,4.84790333377e-05,5.9030418753e-05,4.84790443068e-05,6.60270516584e-05,6.60269866516e-05,4.84790333377e-05,5.9030418753e-05,4.84790443068e-05,6.60270516584e-05,3.74181590397e-05,2.57226754187e-05,3.27012090576e-05,2.57226820646e-05,3.74182089845e-05,0.000156945535183,0.00011523421283,0.000140314758148,0.000115234238904,0.000156945689704,2.99594853081,2.99600865711,2.99597286348,2.99600865708,2.99594853057,0.000495043874552,0.000491849079806,0.000493523983717,0.000491849081807,0.000495043884195,0.3916,0.3916,0.3916,0.3916,0.3916,0,0,0,0,0,0.0300844765037,0.0247802708308,0.0261490132192,0.0247802743333,0.0300844797581,1.66069899564,2.74007621377,2.44140646192,2.7400754996,1.66069817069,-0.0150305878962,-0.0123813773647,-0.0130639709505,-0.0123813791142,-0.0150305895123,5.76692603207e-05,4.3352350695e-05,5.21515122245e-05,4.33523596031e-05,5.76693154789e-05,341.057727459,1.90141046303,-0.115405969855,11.3138237168,331.529908236,9.60120871696e-12,6.99903324316e-20,1.7621491951e-05,2.53674470125e-07,4.71825191279e-08,-8.29103580118,-4.89496941869,-6.70188725221,-4.8949715665,-8.29104607686,-13.6127087338,-13.6127309996,0.75855679985,0.767309763209,0.762667999969,0.767309757694,0.758556773422,-8.53369495077,-5.29821101845,-7.07216552604,-5.2982130629,-8.53370511016,0.760461391083,0.768822297588,0.76425307867,0.768822292324,0.760461364888,6.60269866516e-05,4.84790333377e-05,5.9030418753e-05,4.84790443068e-05,6.60270516584e-05,-8.6515705104,-5.49313700895,-7.24765644293,-5.49313900286,-8.65158061192,0.761473075919,0.769645243192,0.765119927871,0.769645238051,0.761473049838
2.975,0.014875,0.0221265625,0,-8.25084091722,-4.82805726697,-6.64004205832,-4.82805943186,-8.25085121199,-13.6107805691,-13.6108028306,1,1,0.624511558772,1,1,0.758250212852,0.767068339808,0.762415545316,0.767068334251,0.758250186386,6.74800520834e-05,4.93448319722e-05,6.02093351275e-05,4.93448433162e-05,6.7480118842e-05,6.74800520834e-05,4.93448319722e-05,6.02093351275e-05,4.93448433162e-05,6.7480118842e-05,3.80750928462e-05,2.60691071803e-05,3.32059735331e-05,2.60691140031e-05,3.80751438383e-05,0.000160399458244,0.000117292208158,0.000143117031442,0.000117292235123,0.000160399616929,2.99596410227,2.99602631678,2.99598941072,2.99602631675,2.99596410202,0.000499208366917,0.000495962487128,0.00049765548921,0.000495962489161,0.000499208376658,0.3916,0.3916,0.3916,0.3916,0.3916,0,0,0,0,0,0.0300844765037,0.0247802708308,0.0261490132192,0.0247802743333,0.0300844797581,1.66069899564,2.74007621377,2.44140646192,2.7400754996,1.66069817069,-0.0150305878962,-0.0123813773647,-0.0130639709505,-0.0123813791142,-0.0150305895123,5.76692603207e-05,4.3352350695e-05,5.21515122245e-05,4.33523596031e-05,5.76693154789e-05,343.948047184,1.93460825544,-0.116371304191,11.4225694864,334.343714648,1.02211572539e-11,6.89061302591e-20,1.76254033689e-05,2.57992255921e-07,4.75888869835e-08,-8.25084091722,-4.82805726697,-6.64004205832,-4.82805943186,-8.25085121199,-13.6107805691,-13.6108028306,0.758250212852,0.767068339808,0.762415545316,0.767068334251,0.758250186386,-8.53369495077,-5.29821101845,-7.07216552604,-5.2982130629,-8.53370511016,0.760461391083,0.768822297588,0.76425307867,0.768822292324,0.760461364888,6.74800520834e-05,4.93448319722e-05,6.02093351275e-05,4.93448433162e-05,6.7480118842e-05,-8.6515705104,-5.49313700895,-7.24765644293,-5.49313900286,-8.65158061192,0.761473075919,0.769645243192,0.765119927871,0.769645238051,0.761473049838
3,0.015,0.0225,0,-8.2107163062,-4.76122831866,-6.57816094437,-4.76123050058,-8.21072661999,-13.608838664,-13.6088609212,1,1,0.624511558772,1,1,0.757946579731,0.766829820896,0.762166289887,0.766829815298,0.757946553227,6.89502368868e-05,5.02131969583e-05,6.13969879872e-05,5.02132086867e-05,6.89503054296e-05,6.89502368868e-05,5.02131969583e-05,6.13969879872e-05,5.02132086867e-05,6.89503054296e-05,3.87363891392e-05,2.64145494656e-05,3.37115590552e-05,2.64145564682e-05,3.87364411907e-05,0.000163894073893,0.00011935630368,0.000145940071279,0.000119356331559,0.000163894236819,2.99598099604,2.99604535755,2.99600731247,2.99604535751,2.99598099578,0.000503372453559,0.000500075108726,0.000501786162921,0.000500075110791,0.000503372463397,0.3916,0.3916,0.3916,0.3916,0.3916,0,0,0,0,0,0.0275024243644,0.022235657489,0.0233857881416,0.0222356609102,0.0275024275533,1.63701501391,2.71151830725,2.45637858114,2.71151760692,1.63701421638,-0.0137372828414,-0.0111076846643,-0.0116804906389,-0.0111076863726,-0.013737284422,6.89502368868e-05,5.02131969583e-05,6.13969879872e-05,5.02132086867e-05,6.89503054296e-05,346.838366908,1.96809872207,-0.117336412043,11.5315158791,337.157613339,1.00808250636e-11,6.67631369026e-20,1.76293511622e-05,2.62346478727e-07,4.79953165026e-08,-8.2107163062,-4.76122831866,-6.57816094437,-4.76123050058,-8.21072661999,-13.608838664,-13.6088609212,0.757946579731,0.766829820896,0.762166289887,0.766829815298,0.757946553227,-8.2107163062,-4.76122831866,-6.57816094437,-4.76123050058,-8.21072661999,0.757946579731,0.766829820896,0.762166289887,0.766829815298,0.757946553227,6.89502368868e-05,5.02131969583e-05,6.13969879872e-05,5.02132086867e-05,6.89503054296e-05,-8.32692421275,-4.95415735478,-6.75463804177,-4.95415948714,-8.32693447059,0.758876154034,0.767571958156,0.762944860407,0.767571952678,0.758876127641
3.025,0.015125,0.0228765625,0,-8.17066171768,-4.69448219903,-6.51624458551,-4.69448439793,-8.17067205041,-13.6068830485,-13.6069053015,1,1,0.624511558772,1,1,0.757645849336,0.766594155974,0.761920180267,0.766594150335,0.757645822794,7.04375146581e-05,5.10838644704e-05,6.25931677438e-05,5.10838765927e-05,7.04375850178e-05,7.04375146581e-05,5.10838644704e-05,6.25931677438e-05,5.10838765927e-05,7.04375850178e-05,3.94020367475e-05,2.67589338938e-05,3.42178989178e-05,2.67589410792e-05,3.94020898706e-05,0.000167429319368,0.000121425872285,0.000148783379472,0.0001214259011,0.000167429486612,2.9959992408,2.9960658099,2.99602659846,2.99606580986,2.99599924054,0.000507536136715,0.000504186947245,0.000505916005805,0.000504186949343,0.000507536146651,0.3916,0.3916,0.3916,0.3916,0.3916,0,0,0,0,0,0.0275024243644,0.022235657489,0.0233857881416,0.0222356609102,0.0275024275533,1.63701501391,2.71151830725,2.45637858114,2.71151760692,1.63701421638,-0.0137372828414,-0.0111076846643,-0.0116804906389,-0.0111076863726,-0.013737284422,6.89502368868e-05,5.02131969583e-05,6.13969879872e-05,5.02132086867e-05,6.89503054296e-05,349.728686632,2.00188193332,-0.118301301028,11.6406625447,339.97160472,9.74686997779e-12,7.36495147638e-20,1.76333353307e-05,2.66737138545e-07,4.84018078908e-08,-8.17066171768,-4.69448219903,-6.51624458551,-4.69448439793,-8.17067205041,-13.6068830485,-13.6069053015,0.757645849336,0.766594155974,0.761920180267,0.766594150335,0.757645822794,-8.2107163062,-4.76122831866,-6.57816094437,-4.76123050058,-8.21072661999,0.757946579731,0.766829820896,0.762166289887,0.766829815298,0.757946553227,7.04375146581e-05,5.10838644704e-05,6.25931677438e-05,5.10838765927e-05,7.04375850178e-05,-8.32692421275,-4.95415735478,-6.75463804177,-4.95415948714,-8.32693447059,0.758876154034,0.767571958156,0.762944860407,0.767571952678,0.758876127641
3.05,0.01525,0.02325625,0,-8.13067690193,-4.6278185367,-6.45429365098,-4.62782075256,-8.13068725352,-13.6049137526,-13.6049360013,1,1,0.624511558772,1,1,0.757347971801,0.766361295818,0.761677164346,0.766361290138,0.757347945221,7.19418563951e-05,5.19565662165e-05,6.37976598933e-05,5.19565787423e-05,7.19419286048e-05,7.19418563951e-05,5.19565662165e-05,6.37976598933e-05,5.19565787423e-05,7.19419286048e-05,4.00720257724e-05,2.7102192161e-05,3.47249268456e-05,2.71021995322e-05,4.00720799795e-05,0.000171005125731,0.000123500276246,0.000151646446145,0.000123500306019,0.000171005297373,2.99601886599,2.99608770513,2.99604729918,2.99608770509,2.99601886572,0.000511699418593,0.000508298005297,0.000510045018809,0.000508298007427,0.000511699428627,0.3916,0.3916,0.3916,0.3916,0.3916,0,0,0,0,0,0.0275024243644,0.022235657489,0.0233857881416,0.0222356609102,0.0275024275533,1.63701501391,2.71151830725,2.45637858114,2.71151760692,1.63701421638,-0.0137372828414,-0.0111076846643,-0.0116804906389,-0.0111076863726,-0.013737284422,6.89502368868e-05,5.02131969583e-05,6.13969879872e-05,5.02132086867e-05,6.89503054296e-05,352.619006356,2.0359579585,-0.119265978918,11.7500091343,342.785689202,9.8872021681e-12,7.08966576852e-20,1.7637355874e-05,2.71164235373e-07,4.88083613581e-08,-8.13067690193,-4.6278185367,-6.45429365098,-4.62782075256,-8.13068725352,-13.6049137526,-13.6049360013,0.757347971801,0.766361295818,0.761677164346,0.766361290138,0.757347945221,-8.2107163062,-4.76122831866,-6.57816094437,-4.76123050058,-8.21072661999,0.757946579731,0.766829820896,0.762166289887,0.766829815298,0.757946553227,7.19418563951e-05,5.19565662165e-05,6.37976598933e-05,5.19565787423e-05,7.19419286048e-05,-8.32692421275,-4.95415735478,-6.75463804177,-4.95415948714,-8.32693447059,0.758876154034,0.767571958156,0.762944860407,0.767571952678,0.758876127641
3.075,0.015375,0.0236390625,0,-8.0907616099,-4.56123696366,-6.39230880413,-4.56123919641,-8.09077198027,-13.6029308061,-13.6029530505,1,1,0.624511558772,1,1,0.757052898503,0.766131192434,0.761437191276,0.766131186712,0.757052871884,7.34632304527e-05,5.28310294159e-05,6.50102449766e-05,5.2831042355e-05,7.34633045458e-05,7.34632304527e-05,5.28310294159e-05,6.50102449766e-05,5.2831042355e-05,7.34633045458e-05,4.07463475636e-05,2.74442559829e-05,3.52325769448e-05,2.74442635429e-05,4.07464028671e-05,0.000174621417763,0.000125578867164,0.000154528749647,0.00012557889792,0.000174621593881,2.99603990176,2.99611107531,2.99606944592,2.99611107527,2.99603990148,0.000515862301369,0.000512408285458,0.00051417320287,0.000512408287621,0.000515862311502,0.3916,0.3916,0.3916,0.3916,0.3916,0,0,0,0,0,0.0275024243644,0.022235657489,0.0233857881416,0.0222356609102,0.0275024275533,1.63701501391,2.71151830725,2.45637858114,2.71151760692,1.63701421638,-0.0137372828414,-0.0111076846643,-0.0116804906389,-0.0111076863726,-0.013737284422,6.89502368868e-05,5.02131969583e-05,6.13969879872e-05,5.02132086867e-05,6.89503054296e-05,355.509326081,2.07032686588,-0.120230453641,11.8595553003,345.599867193,9.97069093955e-12,7.41746751911e-20,1.76414127921e-05,2.75627769213e-07,4.92149771186e-08,-8.0907616099,-4.56123696366,-6.39230880413,-4.56123919641,-8.09077198027,-13.6029308061,-13.6029530505,0.757052898503,0.766131192434,0.761437191276,0.766131186712,0.757052871884,-8.2107163062,-4.76122831866,-6.57816094437,-4.76123050058,-8.21072661999,0.757946579731,0.766829820896,0.762166289887,0.766829815298,0.757946553227,7.34632304527e-05,5.28310294159e-05,6.50102449766e-05,5.2831042355e-05,7.34633045458e-05,-8.32692421275,-4.95415735478,-6.75463804177,-4.95415948714,-8.32693447059,0.758876154034,0.767571958156,0.762944860407,0.767571952678,0.758876127641
3.1,0.0155,0.024025,0,-8.05091559329,-4.49473711514,-6.33029070251,-4.49473936476,-8.05092598235,-13.6009342387,-13.6009564788,1,1,0.624511558772,1,1,0.75676058202,0.765903799019,0.761200211432,0.765903793257,0.756760555363,7.50016024888e-05,5.37069767727e-05,6.62306985331e-05,5.37069901352e-05,7.50016784991e-05,7.50016024888e-05,5.37069767727e-05,6.62306985331e-05,5.37069901352e-05,7.50016784991e-05,4.14249946918e-05,2.77850570368e-05,3.57407836527e-05,2.77850647887e-05,4.14250511041e-05,0.000178278113831,0.000127660985911,0.000157429756437,0.000127661017673,0.000178278294507,2.99606237898,2.99613595331,2.99609307067,2.99613595326,2.99606237869,0.00052002478719,0.000516517790268,0.000518300558917,0.000516517792464,0.00052002479742,0.3916,0.3916,0.3916,0.3916,0.3916,0,0,0,0,0,0.0275024243644,0.022235657489,0.0233857881416,0.0222356609102,0.0275024275533,1.63701501391,2.71151830725,2.45637858114,2.71151760692,1.63701421638,-0.0137372828414,-0.0111076846643,-0.0116804906389,-0.0111076863726,-0.013737284422,6.89502368868e-05,5.02131969583e-05,6.13969879872e-05,5.02132086867e-05,6.89503054296e-05,358.399645805,2.10498872272,-0.12119473328,11.9693006964,348.414139098,9.70956648416e-12,7.29972993944e-20,1.76455060847e-05,2.80127740063e-07,4.96216553909e-08,-8.05091559329,-4.49473711514,-6.33029070251,-4.49473936476,-8.05092598235,-13.6009342387,-13.6009564788,0.75676058202,0.765903799019,0.761200211432,0.765903793257,0.756760555363,-8.2107163062,-4.76122831866,-6.57816094437,-4.76123050058,-8.21072661999,0.757946579731,0.766829820896,0.762166289887,0.766829815298,0.757946553227,7.50016024888e-05,5.37069767727e-05,6.62306985331e-05,5.37069901352e-05,7.50016784991e-05,-8.32692421275,-4.95415735478,-6.75463804177,-4.95415948714,-8.32693447059,0.758876154034,0.767571958156,0.762944860407,0.767571952678,0.758876127641
3.125,0.015625,0.0244140625,0,-8.01113860447,-4.42831862968,-6.26823999791,-4.42832089611,-8.01114901216,-13.5989240799,-13.5989463158,1,1,0.624511558772,1,1,0.756470976095,0.765679069925,0.76096617637,0.765679064122,0.756470949401,7.65569354021e-05,5.45841264461e-05,6.74587910489e-05,5.45841402421e-05,7.65570133635e-05,7.65569354021e-05,5.45841264461e-05,6.74587910489e-05,5.45841402421e-05,7.65570133635e-05,4.21079609196e-05,2.81245269014e-05,3.62494816841e-05,2.81245348482e-05,4.21080184534e-05,0.000181975125748,0.000129745962553,0.000160348920962,0.000129745995346,0.000181975311061,2.99608632921,2.9961623727,2.99611820619,2.99616237266,2.99608632891,0.000524186878167,0.000520626522232,0.000522427087867,0.000520626524461,0.000524186888496,0.3916,0.3916,0.3916,0.3916,0.3916,0,0,0,0,0,0.0275024243644,0.022235657489,0.0233857881416,0.0222356609102,0.0275024275533,1.63701501391,2.71151830725,2.45637858114,2.71151760692,1.63701421638,-0.0137372828414,-0.0111076846643,-0.0116804906389,-0.0111076863726,-0.013737284422,6.89502368868e-05,5.02131969583e-05,6.13969879872e-05,5.02132086867e-05,6.89503054296e-05,361.289965529,2.13994359526,-0.122158826077,12.0792449773,351.228505321,9.72733005256e-12,7.4657483971e-20,1.76496357515e-05,2.84664147925e-07,5.00283963982e-08,-8.01113860447,-4.42831862968,-6.26823999791,-4.42832089611,-8.01114901216,-13.5989240799,-13.5989463158,0.756470976095,0.765679069925,0.76096617637,0.765679064122,0.756470949401,-8.2107163062,-4.76122831866,-6.57816094437,-4.76123050058,-8.21072661999,0.757946579731,0.766829820896,0.762166289887,0.766829815298,0.757946553227,7.65569354021e-05,5.45841264461e-05,6.74587910489e-05,5.45841402421e-05,7.65570133635e-05,-8.32692421275,-4.95415735478,-6.75463804177,-4.95415948714,-8.32693447059,0.758876154034,0.767571958156,0.762944860407,0.767571952678,0.758876127641
3.15,0.01575,0.02480625,0,-7.97143039657,-4.36198114903,-6.20615733638,-4.36198343223,-7.9714408228,-13.5969003594,-13.596922591,1,1,0.624511558772,1,1,0.7561840356,0.765456960618,0.760735038793,0.765456954775,0.756184008869,7.81291892593e-05,5.54621920165e-05,6.86942878985e-05,5.54622062563e-05,7.81292692064e-05,7.81291892593e-05,5.54621920165e-05,6.86942878985e-05,5.54622062563e-05,7.81292692064e-05,4.27952411701e-05,2.84625969957e-05,3.67586059764e-05,2.84626051406e-05,4.2795299838e-05,0.000185712358591,0.000131833116274,0.000163285685521,0.000131833150122,0.000185712548625,2.99611178468,2.99619036783,2.99614488593,2.99619036779,2.99611178438,0.000528348576378,0.000524734483814,0.000526552790624,0.000524734486077,0.000528348586807,0.3916,0.3916,0.3916,0.3916,0.3916,0,0,0,0,0,0.0275024243644,0.022235657489,0.0233857881416,0.0222356609102,0.0275024275533,1.63701501391,2.71151830725,2.45637858114,2.71151760692,1.63701421638,-0.0137372828414,-0.0111076846643,-0.0116804906389,-0.0111076863726,-0.013737284422,6.89502368868e-05,5.02131969583e-05,6.13969879872e-05,5.02132086867e-05,6.89503054296e-05,364.180285253,2.17519154878,-0.123122740425,12.1893877993,354.042966262,1.00524033542e-11,7.44118444163e-20,1.76538017924e-05,2.89236992797e-07,5.04352003681e-08,-7.97143039657,-4.36198114903,-6.20615733638,-4.36198343223,-7.9714408228,-13.5969003594,-13.596922591,0.7561840356,0.765456960618,0.760735038793,0.765456954775,0.756184008869,-8.2107163062,-4.76122831866,-6.57816094437,-4.76123050058,-8.21072661999,0.757946579731,0.766829820896,0.762166289887,0.766829815298,0.757946553227,7.81291892593e-05,5.54621920165e-05,6.86942878985e-05,5.54622062563e-05,7.81292692064e-05,-8.32692421275,-4.95415735478,-6.75463804177,-4.95415948714,-8.32693447059,0.758876154034,0.767571958156,0.762944860407,0.767571952678,0.758876127641
3.175,0.015875,0.0252015625,0,-7.93179072342,-4.29572431813,-6.14404335834,-4.29572661807,-7.93180116811,-13.5948631064,-13.5948853338,1,1,0.624511558772,1,1,0.755899716495,0.765237427645,0.760506752514,0.765237421761,0.755899689726,7.97183212119e-05,5.63408824474e-05,6.99369492788e-05,5.63408971413e-05,7.97184031794e-05,7.97183212119e-05,5.63408824474e-05,6.99369492788e-05,5.63408971413e-05,7.97184031794e-05,4.34868314935e-05,2.87991985174e-05,3.72680916327e-05,2.87992068636e-05,4.34868913083e-05,0.000189489710511,0.000133921755283,0.000166239480102,0.00013392179021,0.000189489905347,2.99613877828,2.99621997374,2.99617314404,2.99621997369,2.99613877797,0.000532509883868,0.000528841677442,0.000530677668079,0.000528841679738,0.000532509894395,0.3916,0.3916,0.3916,0.3916,0.3916,0,0,0,0,0,0.0275024243644,0.022235657489,0.0233857881416,0.0222356609102,0.0275024275533,1.63701501391,2.71151830725,2.45637858114,2.71151760692,1.63701421638,-0.0137372828414,-0.0111076846643,-0.0116804906389,-0.0111076863726,-0.013737284422,6.89502368868e-05,5.02131969583e-05,6.13969879872e-05,5.02132086867e-05,6.89503054296e-05,367.070604978,2.21073264755,-0.124086484878,12.2997288196,356.857522321,1.00683905657e-11,7.02867939632e-20,1.76580042071e-05,2.9384627468e-07,5.08420675334e-08,-7.93179072342,-4.29572431813,-6.14404335834,-4.29572661807,-7.93180116811,-13.5948631064,-13.5948853338,0.755899716495,0.765237427645,0.760506752514,0.765237421761,0.755899689726,-8.2107163062,-4.76122831866,-6.57816094437,-4.76123050058,-8.21072661999,0.757946579731,0.766829820896,0.762166289887,0.766829815298,0.757946553227,7.97183212119e-05,5.63408824474e-05,6.99369492788e-05,5.63408971413e-05,7.97184031794e-05,-8.32692421275,-4.95415735478,-6.75463804177,-4.95415948714,-8.32693447059,0.758876154034,0.767571958156,0.762944860407,0.767571952678,0.758876127641
3.2,0.016,0.0256,0,-7.89221933955,-4.22954778511,-6.08189869855,-4.22955010173,-7.89222980263,-13.5928123503,-13.5928345735,1,1,0.624511558772,1,1,0.755617975799,0.7650204286,0.76028127242,0.765020422675,0.755617948993,8.13242854004e-05,5.72199020434e-05,7.11865301362e-05,5.72199172021e-05,8.13243694232e-05,8.13242854004e-05,5.72199020434e-05,7.11865301362e-05,5.72199172021e-05,8.13243694232e-05,4.41827290321e-05,2.913426238e-05,3.77778738635e-05,2.91342709306e-05,4.41827900066e-05,0.000193307072499,0.000136011176714,0.000169209722216,0.000136011212746,0.000193307272221,2.99616734352,2.99625122617,2.99620301533,2.99625122612,2.9961673432,0.000536670802642,0.000532948105498,0.000534801721105,0.000532948107828,0.000536670813269,0.3916,0.3916,0.3916,0.3916,0.3916,0,0,0,0,0,0.0253068555992,0.0200729492284,0.0210216662214,0.0200729525709,0.0253068587208,1.61398973785,2.6840239056,2.46943648966,2.68402321909,1.61398896676,-0.012636998651,-0.010024915038,-0.0104964519935,-0.0100249167062,-0.0126370001948,8.13242854004e-05,5.72199020434e-05,7.11865301362e-05,5.72199172021e-05,8.13243694232e-05,369.960924702,2.24656695491,-0.125050068141,12.4102676967,359.672173892,1.03064223822e-11,7.06933697778e-20,1.76622429954e-05,2.98491993574e-07,5.12489981315e-08,-7.89221933955,-4.22954778511,-6.08189869855,-4.22955010173,-7.89222980263,-13.5928123503,-13.5928345735,0.755617975799,0.7650204286,0.76028127242,0.765020422675,0.755617948993,-7.89221933955,-4.22954778511,-6.08189869855,-4.22955010173,-7.89222980263,0.755617975799,0.7650204286,0.76028127242,0.765020422675,0.755617948993,8.13242854004e-05,5.72199020434e-05,7.11865301362e-05,5.72199172021e-05,8.13243694232e-05,-8.00680630005,-4.42055279393,-6.25923086412,-4.42055506198,-8.00681670903,0.756476822257,0.765693004488,0.76098338659,0.765692998682,0.75647679556
3.225,0.016125,0.0260015625,0,-7.85271600024,-4.16345120122,-6.01972398624,-4.16345353448,-7.85272648164,-13.5907481204,-13.5907703393,1,1,0.624511558772,1,1,0.755338771554,0.764805922089,0.760058554441,0.764805916124,0.755338744711,8.29470328457e-05,5.8098950404e-05,7.2442780085e-05,5.80989660384e-05,8.29471189594e-05,8.29470328457e-05,5.8098950404e-05,7.2442780085e-05,5.80989660384e-05,8.29471189594e-05,4.48829319844e-05,2.94677191495e-05,3.82878879274e-05,2.94677279077e-05,4.48829941316e-05,0.000197164328133,0.000138100666518,0.000172195816698,0.00013810070368,0.000197164532825,2.99619751454,2.99628416152,2.99623453526,2.99628416147,2.99619751421,0.000540831334669,0.000537053770327,0.00053892495056,0.000537053772691,0.000540831345395,0.3916,0.3916,0.3916,0.3916,0.3916,0,0,0,0,0,0.0253068555992,0.0200729492284,0.0210216662214,0.0200729525709,0.0253068587208,1.61398973785,2.6840239056,2.46943648966,2.68402321909,1.61398896676,-0.012636998651,-0.010024915038,-0.0104964519935,-0.0100249167062,-0.0126370001948,8.13242854004e-05,5.72199020434e-05,7.11865301362e-05,5.72199172021e-05,8.13243694232e-05,372.851244426,2.28269453326,-0.126013499081,12.5210040905,362.48692137,1.02957642412e-11,7.25991939092e-20,1.76665181571e-05,3.03174149479e-07,5.16559924049e-08,-7.85271600024,-4.16345120122,-6.01972398624,-4.16345353448,-7.85272648164,-13.5907481204,-13.5907703393,0.755338771554,0.764805922089,0.760058554441,0.764805916124,0.755338744711,-7.89221933955,-4.22954778511,-6.08189869855,-4.22955010173,-7.89222980263,0.755617975799,0.7650204286,0.76028127242,0.765020422675,0.755617948993,8.29470328457e-05,5.8098950404e-05,7.2442780085e-05,5.80989660384e-05,8.29471189594e-05,-8.00680630005,-4.42055279393,-6.25923086412,-4.42055506198,-8.00681670903,0.756476822257,0.765693004488,0.76098338659,0.765692998682,0.75647679556
3.25,0.01625,0.02640625,0,-7.81328046149,-4.09743422079,-5.95751984511,-4.09743657066,-7.81329096112,-13.5886704456,-13.5886926603,1,1,0.624511558772,1,1,0.755062062795,0.764593867702,0.759838555517,0.764593861697,0.755062035914,8.45865113279e-05,5.89777223737e-05,7.37054433188e-05,5.89777384945e-05,8.45865995682e-05,8.45865113279e-05,5.89777223737e-05,7.37054433188e-05,5.89777384945e-05,8.45865995682e-05,4.55874395673e-05,2.97994989807e-05,3.87980690705e-05,2.97995079498e-05,4.55875029001e-05,0.000201061353287,0.000140189499343,0.0001751971555,0.000140189537662,0.000201061563033,2.99622932604,2.99631881687,2.99626773995,2.99631881682,2.9962293257,0.000544991481877,0.000541158674225,0.000543047357279,0.000541158676623,0.000544991492702,0.3916,0.3916,0.3916,0.3916,0.3916,0,0,0,0,0,0.0253068555992,0.0200729492284,0.0210216662214,0.0200729525709,0.0253068587208,1.61398973785,2.6840239056,2.46943648966,2.68402321909,1.61398896676,-0.012636998651,-0.010024915038,-0.0104964519935,-0.0100249167062,-0.0126370001948,8.13242854004e-05,5.72199020434e-05,7.11865301362e-05,5.72199172021e-05,8.13243694232e-05,375.74156415,2.31911544407,-0.126976786717,12.631937662,365.301765146,1.02620134612e-11,7.50640597857e-20,1.76708296918e-05,3.07892742395e-07,5.2063050601e-08,-7.81328046149,-4.09743422079,-5.95751984511,-4.09743657066,-7.81329096112,-13.5886704456,-13.5886926603,0.755062062795,0.764593867702,0.759838555517,0.764593861697,0.755062035914,-7.89221933955,-4.22954778511,-6.08189869855,-4.22955010173,-7.89222980263,0.755617975799,0.7650204286,0.76028127242,0.765020422675,0.755617948993,8.45865113279e-05,5.89777223737e-05,7.37054433188e-05,5.89777384945e-05,8.45865995682e-05,-8.00680630005,-4.42055279393,-6.25923086412,-4.42055506198,-8.00681670903,0.756476822257,0.765693004488,0.76098338659,0.765692998682,0.75647679556
3.275,0.016375,0.0268140625,0,-7.77391248001,-4.03149650127,-5.89528689338,-4.03149886769,-7.7739229978,-13.5865793551,-13.5866015656,1,1,0.624511558772,1,1,0.754787809518,0.764384225981,0.759621233568,0.764384219936,0.7547877826,8.62426652488e-05,5.98559079874e-05,7.49742585123e-05,5.98559246058e-05,8.62427556518e-05,8.62426652488e-05,5.98559079874e-05,7.49742585123e-05,5.98559246058e-05,8.62427556518e-05,4.62962519781e-05,3.01295315536e-05,3.93083524652e-05,3.01295407369e-05,4.62963165098e-05,0.000204998015804,0.000142276938406,0.000178213117453,0.000142276977908,0.000204998230691,2.99626281333,2.99635522991,2.99630266612,2.99635522986,2.99626281298,0.000549151246153,0.000545262819446,0.000547168942078,0.000545262821878,0.000549151257079,0.3916,0.3916,0.3916,0.3916,0.3916,0,0,0,0,0,0.0253068555992,0.0200729492284,0.0210216662214,0.0200729525709,0.0253068587208,1.61398973785,2.6840239056,2.46943648966,2.68402321909,1.61398896676,-0.012636998651,-0.010024915038,-0.0104964519935,-0.0100249167062,-0.0126370001948,8.13242854004e-05,5.72199020434e-05,7.11865301362e-05,5.72199172021e-05,8.13243694232e-05,378.631883874,2.35582974791,-0.127939940226,12.7430680733,368.116705609,1.06350483975e-11,7.65633081023e-20,1.76751775993e-05,3.12647772322e-07,5.24701729728e-08,-7.77391248001,-4.03149650127,-5.89528689338,-4.03149886769,-7.7739229978,-13.5865793551,-13.5866015656,0.754787809518,0.764384225981,0.759621233568,0.764384219936,0.7547877826,-7.89221933955,-4.22954778511,-6.08189869855,-4.22955010173,-7.89222980263,0.755617975799,0.7650204286,0.76028127242,0.765020422675,0.755617948993,8.62426652488e-05,5.98559079874e-05,7.49742585123e-05,5.98559246058e-05,8.62427556518e-05,-8.00680630005,-4.42055279393,-6.25923086412,-4.42055506198,-8.00681670903,0.756476822257,0.765693004488,0.76098338659,0.765692998682,0.75647679556
3.3,0.0165,0.027225,0,-7.73461181325,-3.9656377031,-5.83302574386,-3.96564008604,-7.73462234911,-13.5844748777,-13.584497084,1,1,0.624511558772,1,1,0.754515972652,0.764176958388,0.759406547464,0.764176952304,0.754515945698,8.79154354814e-05,6.07331924134e-05,7.62489587154e-05,6.07332095405e-05,8.79155280835e-05,8.79154354814e-05,6.07331924134e-05,7.62489587154e-05,6.07332095405e-05,8.79155280835e-05,4.70093703559e-05,3.04577460096e-05,3.98186731489e-05,3.04577554103e-05,4.70094360996e-05,0.00020897417514,0.000144362235354,0.000181243068019,0.000144362276065,0.000208974395254,2.99629801226,2.99639343898,2.99633935107,2.99639343892,2.9962980119,0.000553310629343,0.000549366208193,0.000551289705748,0.00054936621066,0.000553310640368,0.3916,0.3916,0.3916,0.3916,0.3916,0,0,0,0,0,0.0253068555992,0.0200729492284,0.0210216662214,0.0200729525709,0.0253068587208,1.61398973785,2.6840239056,2.46943648966,2.68402321909,1.61398896676,-0.012636998651,-0.010024915038,-0.0104964519935,-0.0100249167062,-0.0126370001948,8.13242854004e-05,5.72199020434e-05,7.11865301362e-05,5.72199172021e-05,8.13243694232e-05,381.522203599,2.39283750446,-0.12890296894,12.8543949879,370.931743146,1.0674128248e-11,7.62753169002e-20,1.76795618795e-05,3.1743923926e-07,5.28773597781e-08,-7.73461181325,-3.9656377031,-5.83302574386,-3.96564008604,-7.73462234911,-13.5844748777,-13.584497084,0.754515972652,0.764176958388,0.759406547464,0.764176952304,0.754515945698,-7.89221933955,-4.22954778511,-6.08189869855,-4.22955010173,-7.89222980263,0.755617975799,0.7650204286,0.76028127242,0.765020422675,0.755617948993,8.79154354814e-05,6.07331924134e-05,7.62489587154e-05,6.07332095405e-05,8.79155280835e-05,-8.00680630005,-4.42055279393,-6.25923086412,-4.42055506198,-8.00681670903,0.756476822257,0.765693004488,0.76098338659,0.765692998682,0.75647679556
3.325,0.016625,0.0276390625,0,-7.69537821937,-3.89985748975,-5.77073700398,-3.89985988917,-7.69538877324,-13.5823570423,-13.5823792444,1,1,0.624511558772,1,1,0.754246514031,0.763972027284,0.759194456997,0.763972021159,0.75424648704,8.96047592015e-05,6.16092558924e-05,7.75292712392e-05,6.16092735397e-05,8.96048540394e-05,8.96047592015e-05,6.16092558924e-05,7.75292712392e-05,6.16092735397e-05,8.96048540394e-05,4.77267967423e-05,3.07840708875e-05,4.03289659616e-05,3.07840805091e-05,4.77268637114e-05,0.000212989681962,0.000146444630122,0.000184286359019,0.00014644467207,0.000212989907391,2.99633495922,2.99643348299,2.99637783271,2.99643348293,2.99633495885,0.000557469633244,0.00055346884262,0.000555409649056,0.000553468845122,0.000557469644369,0.3916,0.3916,0.3916,0.3916,0.3916,0,0,0,0,0,0.0253068555992,0.0200729492284,0.0210216662214,0.0200729525709,0.0253068587208,1.61398973785,2.6840239056,2.46943648966,2.68402321909,1.61398896676,-0.012636998651,-0.010024915038,-0.0104964519935,-0.0100249167062,-0.0126370001948,8.13242854004e-05,5.72199020434e-05,7.11865301362e-05,5.72199172021e-05,8.13243694232e-05,384.412523323,2.43013877251,-0.129865882349,12.9659180704,373.746878143,1.08713038571e-11,7.84691322336e-20,1.76839825319e-05,3.22267143209e-07,5.32846112804e-08,-7.69537821937,-3.89985748975,-5.77073700398,-3.89985988917,-7.69538877324,-13.5823570423,-13.5823792444,0.754246514031,0.763972027284,0.759194456997,0.763972021159,0.75424648704,-7.89221933955,-4.22954778511,-6.08189869855,-4.22955010173,-7.89222980263,0.755617975799,0.7650204286,0.76028127242,0.765020422675,0.755617948993,8.96047592015e-05,6.16092558924e-05,7.75292712392e-05,6.16092735397e-05,8.96048540394e-05,-8.00680630005,-4.42055279393,-6.25923086412,-4.42055506198,-8.00681670903,0.756476822257,0.765693004488,0.76098338659,0.765692998682,0.75647679556
3.35,0.01675,0.02805625,0,-7.65621145728,-3.83415552768,-5.70842127585,-3.83415794352,-7.65622202909,-13.5802258775,-13.5802480754,1,1,0.624511558772,1,1,0.753979396366,0.763769395894,0.758984922853,0.76376938973,0.753979369339,9.13105697055e-05,6.24837736748e-05,7.88149175334e-05,6.24837918539e-05,9.13106668164e-05,9.13105697055e-05,6.24837736748e-05,7.88149175334e-05,6.24837918539e-05,9.13106668164e-05,4.84485340427e-05,3.11084340604e-05,4.08391654845e-05,3.11084439062e-05,4.84486022507e-05,0.000217044377717,0.000148523350784,0.000187342328342,0.000148523393995,0.000217044608549,2.99637369113,2.99647540145,2.99641814951,2.99647540139,2.99637369075,0.00056162825961,0.000557570724831,0.000559528772738,0.000557570727367,0.000561628270835,0.3916,0.3916,0.3916,0.3916,0.3916,0,0,0,0,0,0.0253068555992,0.0200729492284,0.0210216662214,0.0200729525709,0.0253068587208,1.61398973785,2.6840239056,2.46943648966,2.68402321909,1.61398896676,-0.012636998651,-0.010024915038,-0.0104964519935,-0.0100249167062,-0.0126370001948,8.13242854004e-05,5.72199020434e-05,7.11865301362e-05,5.72199172021e-05,8.13243694232e-05,387.302843047,2.46773361,-0.130828690097,13.0776369867,376.56211098,1.10436104706e-11,7.82404333379e-20,1.76884395564e-05,3.27131484169e-07,5.36919277485e-08,-7.65621145728,-3.83415552768,-5.70842127585,-3.83415794352,-7.65622202909,-13.5802258775,-13.5802480754,0.753979396366,0.763769395894,0.758984922853,0.76376938973,0.753979369339,-7.89221933955,-4.22954778511,-6.08189869855,-4.22955010173,-7.89222980263,0.755617975799,0.7650204286,0.76028127242,0.765020422675,0.755617948993,9.13105697055e-05,6.24837736748e-05,7.88149175334e-05,6.24837918539e-05,9.13106668164e-05,-8.00680630005,-4.42055279393,-6.25923086412,-4.42055506198,-8.00681670903,0.756476822257,0.765693004488,0.76098338659,0.765692998682,0.75647679556
3.375,0.016875,0.0284765625,0,-7.61711128661,-3.76853148627,-5.64607915631,-3.7685339185,-7.61712187627,-13.578081412,-13.5781036058,1,1,0.624511558772,1,1,0.753714583219,0.763569028286,0.758777906587,0.763569022083,0.753714556155,9.30327962105e-05,6.3356415956e-05,8.01056130568e-05,6.33564346785e-05,9.30328956316e-05,9.30327962105e-05,6.3356415956e-05,8.01056130568e-05,6.33564346785e-05,9.30328956316e-05,4.91745859873e-05,3.14307626727e-05,4.13492059779e-05,3.14307727462e-05,4.91746554478e-05,0.000221138094154,0.000150597613397,0.000190410299636,0.0001505976579,0.000221138330477,2.99641424539,2.99651923445,2.99646034047,2.99651923439,2.996414245,0.000565786510143,0.000561671856872,0.000563647077502,0.000561671859443,0.000565786521469,0.3916,0.3916,0.3916,0.3916,0.3916,0,0,0,0,0,0.0253068555992,0.0200729492284,0.0210216662214,0.0200729525709,0.0253068587208,1.61398973785,2.6840239056,2.46943648966,2.68402321909,1.61398896676,-0.012636998651,-0.010024915038,-0.0104964519935,-0.0100249167062,-0.0126370001948,8.13242854004e-05,5.72199020434e-05,7.11865301362e-05,5.72199172021e-05,8.13243694232e-05,390.193162771,2.50562207401,-0.131791401985,13.1895514037,379.37744204,1.12727605028e-11,7.43949037573e-20,1.76929329527e-05,3.32032262139e-07,5.4099309457e-08,-7.61711128661,-3.76853148627,-5.64607915631,-3.7685339185,-7.61712187627,-13.578081412,-13.5781036058,0.753714583219,0.763569028286,0.758777906587,0.763569022083,0.753714556155,-7.89221933955,-4.22954778511,-6.08189869855,-4.22955010173,-7.89222980263,0.755617975799,0.7650204286,0.76028127242,0.765020422675,0.755617948993,9.30327962105e-05,6.3356415956e-05,8.01056130568e-05,6.33564346785e-05,9.30328956316e-05,-8.00680630005,-4.42055279393,-6.25923086412,-4.42055506198,-8.00681670903,0.756476822257,0.765693004488,0.76098338659,0.765692998682,0.75647679556
3.4,0.017,0.0289,0,-7.57807746773,-3.70298503784,-5.58371123693,-3.70298748642,-7.57808807517,-13.5759236743,-13.5759458639,1,1,0.624511558772,1,1,0.753452038977,0.763370889347,0.758573370596,0.763370883104,0.753452011877,9.47713636389e-05,6.42268478107e-05,8.14010671405e-05,6.42268670885e-05,9.4771465408e-05,9.47713636389e-05,6.42268478107e-05,8.14010671405e-05,6.42268670885e-05,9.4771465408e-05,4.99049570931e-05,3.17509830775e-05,4.18590213197e-05,3.17509933822e-05,4.99050278197e-05,0.000225270652814,0.000152666621846,0.000193489581984,0.000152666667669,0.000225270894718,2.99645665992,2.99656502265,2.99650444516,2.99656502259,2.99645665952,0.000569944386497,0.000565772240736,0.000567764564021,0.000565772243342,0.000569944397924,0.3916,0.3916,0.3916,0.3916,0.3916,0,0,0,0,0,0.0234163021459,0.0182112094252,0.0189742604239,0.0182112126912,0.0234163051996,1.59161011479,2.65751962173,2.48071127259,2.65751894902,1.59160936921,-0.0116890053429,-0.00909262959183,-0.00947068555193,-0.00909263122093,-0.0116890068492,9.47713636389e-05,6.42268478107e-05,8.14010671405e-05,6.42268670885e-05,9.4771465408e-05,393.083482496,2.54380422079,-0.132754027969,13.3016609899,382.192871699,1.13278275649e-11,8.2687356311e-20,1.76974627204e-05,3.36969477121e-07,5.45067566858e-08,-7.57807746773,-3.70298503784,-5.58371123693,-3.70298748642,-7.57808807517,-13.5759236743,-13.5759458639,0.753452038977,0.763370889347,0.758573370596,0.763370883104,0.753452011877,-7.57807746773,-3.70298503784,-5.58371123693,-3.70298748642,-7.57808807517,0.753452038977,0.763370889347,0.758573370596,0.763370883104,0.753452011877,9.47713636389e-05,6.42268478107e-05,8.14010671405e-05,6.42268670885e-05,9.4771465408e-05,-7.69108916096,-3.89213384475,-5.7617762774,-3.89213624574,-7.69109971609,0.754249363193,0.763982992253,0.759208643915,0.763982986125,0.754249336199
3.425,0.017125,0.0293265625,0,-7.53910976173,-3.63751585759,-5.52131810412,-3.63751832247,-7.53912038688,-13.5737526927,-13.5737748782,1,1,0.624511558772,1,1,0.753191728832,0.763174944754,0.758371278096,0.763174938472,0.753191701695,9.65261923877e-05,6.50947291286e-05,8.27009828459e-05,6.50947489737e-05,9.6526296543e-05,9.65261923877e-05,6.50947291286e-05,8.27009828459e-05,6.50947489737e-05,9.6526296543e-05,5.06396526257e-05,3.20690207749e-05,4.23685449448e-05,3.20690313142e-05,5.06397246322e-05,0.000229441864482,0.000154729567693,0.000196579469565,0.000154729614865,0.000229442112058,2.99650097311,2.99661280723,2.99655050367,2.99661280717,2.9965009727,0.000574101890269,0.000569871878355,0.000571881232933,0.000569871880997,0.000574101901797,0.3916,0.3916,0.3916,0.3916,0.3916,0,0,0,0,0,0.0234163021459,0.0182112094252,0.0189742604239,0.0182112126912,0.0234163051996,1.59161011479,2.65751962173,2.48071127259,2.65751894902,1.59160936921,-0.0116890053429,-0.00909262959183,-0.00947068555193,-0.00909263122093,-0.0116890068492,9.47713636389e-05,6.42268478107e-05,8.14010671405e-05,6.42268670885e-05,9.4771465408e-05,395.97380222,2.58228010576,-0.133716578161,13.4139654145,385.008400333,1.1260326005e-11,8.53131584475e-20,1.77020288594e-05,3.41943129113e-07,5.49142697208e-08,-7.53910976173,-3.63751585759,-5.52131810412,-3.63751832247,-7.53912038688,-13.5737526927,-13.5737748782,0.753191728832,0.763174944754,0.758371278096,0.763174938472,0.753191701695,-7.57807746773,-3.70298503784,-5.58371123693,-3.70298748642,-7.57808807517,0.753452038977,0.763370889347,0.758573370596,0.763370883104,0.753452011877,9.65261923877e-05,6.50947291286e-05,8.27009828459e-05,6.50947489737e-05,9.6526296543e-05,-7.69108916096,-3.89213384475,-5.7617762774,-3.89213624574,-7.69109971609,0.754249363193,0.763982992253,0.759208643915,0.763982986125,0.754249336199
3.45,0.01725,0.02975625,0,-7.50020793045,-3.57212362359,-5.45890033915,-3.57212610473,-7.50021857323,-13.5715684957,-13.571590677,1,1,0.624511558772,1,1,0.752933618751,0.762981160954,0.758171593098,0.762981154632,0.752933591578,9.82971980827e-05,6.59597145508e-05,8.40050568177e-05,6.59597349754e-05,9.82973046625e-05,9.82971980827e-05,6.59597145508e-05,8.40050568177e-05,6.59597349754e-05,9.82973046625e-05,5.1378678563e-05,3.23848003506e-05,4.28777097843e-05,3.23848111282e-05,5.13787518635e-05,0.000233651528602,0.000156785630023,0.000199679241307,0.000156785678572,0.000233651781941,2.99654722383,2.99666262994,2.99659855659,2.99666262988,2.99654722341,0.000578259023004,0.0005739707716,0.000575997084839,0.000573970774277,0.000578259034632,0.3916,0.3916,0.3916,0.3916,0.3916,0,0,0,0,0,0.0234163021459,0.0182112094252,0.0189742604239,0.0182112126912,0.0234163051996,1.59161011479,2.65751962173,2.48071127259,2.65751894902,1.59160936921,-0.0116890053429,-0.00909262959183,-0.00947068555193,-0.00909263122093,-0.0116890068492,9.47713636389e-05,6.42268478107e-05,8.14010671405e-05,6.42268670885e-05,9.4771465408e-05,398.864121944,2.62104978354,-0.134679062828,13.5264643483,387.824028317,1.16386900118e-11,8.17471497395e-20,1.77066313693e-05,3.46953218117e-07,5.53218488534e-08,-7.50020793045,-3.57212362359,-5.45890033915,-3.57212610473,-7.50021857323,-13.5715684957,-13.571590677,0.752933618751,0.762981160954,0.758171593098,0.762981154632,0.752933591578,-7.57807746773,-3.70298503784,-5.58371123693,-3.70298748642,-7.57808807517,0.753452038977,0.763370889347,0.758573370596,0.763370883104,0.753452011877,9.82971980827e-05,6.59597145508e-05,8.40050568177e-05,6.59597349754e-05,9.82973046625e-05,-7.69108916096,-3.89213384475,-5.7617762774,-3.89213624574,-7.69109971609,0.754249363193,0.763982992253,0.759208643915,0.763982986125,0.754249336199
3.475,0.017375,0.0301890625,0,-7.46137173644,-3.50680801673,-5.39645851817,-3.50681051409,-7.46138239678,-13.5693711115,-13.5693932886,1,1,0.624511558772,1,1,0.752677675458,0.762789505141,0.757974280386,0.762789498781,0.752677648249,0.000100084291319,6.68214534099e-05,8.53129791345e-05,6.68214744264e-05,0.000100084400362,0.000100084291319,6.68214534099e-05,8.53129791345e-05,6.68214744264e-05,0.000100084400362,5.21220415594e-05,3.26982454156e-05,4.33864482062e-05,3.2698256435e-05,5.21221161678e-05,0.000237899432657,0.000158833975303,0.000202788160529,0.000158834025259,0.000237899691851,2.99659545141,2.99671453306,2.99664864505,2.99671453299,2.99659545097,0.000582415786185,0.000578068922278,0.000580112120297,0.000578068924991,0.000582415797915,0.3916,0.3916,0.3916,0.3916,0.3916,0,0,0,0,0,0.0234163021459,0.0182112094252,0.0189742604239,0.0182112126912,0.0234163051996,1.59161011479,2.65751962173,2.48071127259,2.65751894902,1.59160936921,-0.0116890053429,-0.00909262959183,-0.00947068555193,-0.00909263122093,-0.0116890068492,9.47713636389e-05,6.42268478107e-05,8.14010671405e-05,6.42268670885e-05,9.4771465408e-05,401.754441668,2.66011330795,-0.135641492392,13.6391574629,390.639756021,1.20419230143e-11,7.98836772556e-20,1.77112702498e-05,3.51999744131e-07,5.5729494381e-08,-7.46137173644,-3.50680801673,-5.39645851817,-3.50681051409,-7.46138239678,-13.5693711115,-13.5693932886,0.752677675458,0.762789505141,0.757974280386,0.762789498781,0.752677648249,-7.57807746773,-3.70298503784,-5.58371123693,-3.70298748642,-7.57808807517,0.753452038977,0.763370889347,0.758573370596,0.763370883104,0.753452011877,0.000100084291319,6.68214534099e-05,8.53129791345e-05,6.68214744264e-05,0.000100084400362,-7.69108916096,-3.89213384475,-5.7617762774,-3.89213624574,-7.69109971609,0.754249363193,0.763982992253,0.759208643915,0.763982986125,0.754249336199
3.5,0.0175,0.030625,0,-7.42260094303,-3.44156872071,-5.3339932123,-3.44157123423,-7.42261162085,-13.5671605681,-13.5671827411,1,1,0.624511558772,1,1,0.752423866412,0.762599945237,0.757779305492,0.762599938838,0.752423839167,0.000101887377388,6.76795896756e-05,8.6624433157e-05,6.76796112965e-05,0.000101887488933,0.000101887377388,6.76795896756e-05,8.6624433157e-05,6.76796112965e-05,0.000101887488933,5.2869748911e-05,3.30092785461e-05,4.38946919561e-05,3.3009289811e-05,5.28698248415e-05,0.000242185351529,0.000160873757251,0.000205905474583,0.000160873808644,0.000242185616671,2.99664569561,2.99676855938,2.99670081067,2.99676855931,2.99664569516,0.000586572181238,0.000582166332129,0.000584226339823,0.000582166334878,0.000586572193069,0.3916,0.3916,0.3916,0.3916,0.3916,0,0,0,0,0,0.0234163021459,0.0182112094252,0.0189742604239,0.0182112126912,0.0234163051996,1.59161011479,2.65751962173,2.48071127259,2.65751894902,1.59160936921,-0.0116890053429,-0.00909262959183,-0.00947068555193,-0.00909263122093,-0.0116890068492,9.47713636389e-05,6.42268478107e-05,8.14010671405e-05,6.42268670885e-05,9.4771465408e-05,404.644761393,2.69947073202,-0.136603877429,13.7520444315,393.455583816,1.21307408563e-11,8.43983628644e-20,1.77159455005e-05,3.57082707157e-07,5.6137206607e-08,-7.42260094303,-3.44156872071,-5.3339932123,-3.44157123423,-7.42261162085,-13.5671605681,-13.5671827411,0.752423866412,0.762599945237,0.757779305492,0.762599938838,0.752423839167,-7.57807746773,-3.70298503784,-5.58371123693,-3.70298748642,-7.57808807517,0.753452038977,0.763370889347,0.758573370596,0.763370883104,0.753452011877,0.000101887377388,6.76795896756e-05,8.6624433157e-05,6.76796112965e-05,0.000101887488933,-7.69108916096,-3.89213384475,-5.7617762774,-3.89213624574,-7.69109971609,0.754249363193,0.763982992253,0.759208643915,0.763982986125,0.754249336199
3.525,0.017625,0.0310640625,0,-7.38389531425,-3.37640542199,-5.27150498763,-3.37640795165,-7.38390600949,-13.5649368937,-13.5649590625,1,1,0.624511558772,1,1,0.752172159785,0.762412449867,0.757586634681,0.762412443429,0.752172132504,0.000103706355998,6.8533761906e-05,8.79390953783e-05,6.85337841439e-05,0.000103706470084,0.000103706355998,6.8533761906e-05,8.79390953783e-05,6.85337841439e-05,0.000103706470084,5.36218085226e-05,3.3317821225e-05,4.44023720997e-05,3.3317832739e-05,5.36218857895e-05,0.000246509046821,0.000162904116725,0.000209030414496,0.000162904169584,0.000246509318004,2.99669799667,2.99682475224,2.99675509558,2.99682475216,2.99669799622,0.000590728209524,0.000586263002825,0.000588339743884,0.00058626300561,0.000590728221456,0.3916,0.3916,0.3916,0.3916,0.3916,0,0,0,0,0,0.0234163021459,0.0182112094252,0.0189742604239,0.0182112126912,0.0234163051996,1.59161011479,2.65751962173,2.48071127259,2.65751894902,1.59160936921,-0.0116890053429,-0.00909262959183,-0.00947068555193,-0.00909263122093,-0.0116890068492,9.47713636389e-05,6.42268478107e-05,8.14010671405e-05,6.42268670885e-05,9.4771465408e-05,407.535081117,2.73912210801,-0.137566228672,13.8651249282,396.271512068,1.24824595105e-11,8.47032947254e-20,1.77206571214e-05,3.62202107193e-07,5.65449858405e-08,-7.38389531425,-3.37640542199,-5.27150498763,-3.37640795165,-7.38390600949,-13.5649368937,-13.5649590625,0.752172159785,0.762412449867,0.757586634681,0.762412443429,0.752172132504,-7.57807746773,-3.70298503784,-5.58371123693,-3.70298748642,-7.57808807517,0.753452038977,0.763370889347,0.758573370596,0.763370883104,0.753452011877,0.000103706355998,6.8533761906e-05,8.79390953783e-05,6.85337841439e-05,0.000103706470084,-7.69108916096,-3.89213384475,-5.7617762774,-3.89213624574,-7.69109971609,0.754249363193,0.763982992253,0.759208643915,0.763982986125,0.754249336199
3.55,0.01775,0.03150625,0,-7.34525461488,-3.3113178098,-5.20899440529,-3.31132035555,-7.34526532746,-13.5627001161,-13.5627222808,1,1,0.624511558772,1,1,0.751922524442,0.76222698834,0.757396234923,0.762226981863,0.751922497126,0.000105541120978,6.93836032085e-05,8.92566352765e-05,6.93836260762e-05,0.000105541237646,0.000105541120978,6.93836032085e-05,8.92566352765e-05,6.93836260762e-05,0.000105541237646,5.43782288758e-05,3.36237937827e-05,4.49094189652e-05,3.36238055497e-05,5.43783074936e-05,0.000250870266171,0.000164924181622,0.00021216219462,0.000164924235979,0.000250870543489,2.99675239528,2.99688315549,2.9968115424,2.99688315542,2.99675239481,0.000594883872339,0.000590358935965,0.000592452332901,0.000590358938786,0.000594883884373,0.3916,0.3916,0.3916,0.3916,0.3916,0,0,0,0,0,0.0234163021459,0.0182112094252,0.0189742604239,0.0182112126912,0.0234163051996,1.59161011479,2.65751962173,2.48071127259,2.65751894902,1.59160936921,-0.0116890053429,-0.00909262959183,-0.00947068555193,-0.00909263122093,-0.0116890068492,9.47713636389e-05,6.42268478107e-05,8.14010671405e-05,6.42268670885e-05,9.4771465408e-05,410.425400841,2.77906748742,-0.138528557003,13.9783986284,399.087541143,1.26121335597e-11,8.33988639867e-20,1.77254051118e-05,3.6735794424e-07,5.69528323969e-08,-7.34525461488,-3.3113178098,-5.20899440529,-3.31132035555,-7.34526532746,-13.5627001161,-13.5627222808,0.751922524442,0.76222698834,0.757396234923,0.762226981863,0.751922497126,-7.57807746773,-3.70298503784,-5.58371123693,-3.70298748642,-7.57808807517,0.753452038977,0.763370889347,0.758573370596,0.763370883104,0.753452011877,0.000105541120978,6.93836032085e-05,8.92566352765e-05,6.93836260762e-05,0.000105541237646,-7.69108916096,-3.89213384475,-5.7617762774,-3.89213624574,-7.69109971609,0.754249363193,0.763982992253,0.759208643915,0.763982986125,0.754249336199
3.575,0.017875,0.0319515625,0,-7.30667861044,-3.24630557607,-5.14646202151,-3.24630813786,-7.30668934029,-13.5604502631,-13.5604724238,1,1,0.624511558772,1,1,0.751674929922,0.762043530632,0.757208073882,0.762043524116,0.75167490257,0.000107391559987,7.02287412105e-05,9.0576715173e-05,7.02287647211e-05,0.000107391679276,0.000107391559987,7.02287412105e-05,9.0576715173e-05,7.02287647211e-05,0.000107391679276,5.51390189985e-05,3.39271153405e-05,4.54157620871e-05,3.39271273641e-05,5.51390989818e-05,0.000255268742542,0.000166933066818,0.000215300012296,0.000166933122703,0.000255269026091,2.99680893254,2.99694381353,2.99687019426,2.99694381345,2.99680893205,0.000599039170913,0.000594454133073,0.000596564107239,0.000594454135931,0.000599039183048,0.3916,0.3916,0.3916,0.3916,0.3916,0,0,0,0,0,0.0234163021459,0.0182112094252,0.0189742604239,0.0182112126912,0.0234163051996,1.59161011479,2.65751962173,2.48071127259,2.65751894902,1.59160936921,-0.0116890053429,-0.00909262959183,-0.00947068555193,-0.00909263122093,-0.0116890068492,9.47713636389e-05,6.42268478107e-05,8.14010671405e-05,6.42268670885e-05,9.4771465408e-05,413.315720565,2.81930692099,-0.139490873462,14.0918652085,401.903671404,1.26103572029e-11,7.86046575052e-20,1.77301894717e-05,3.72550218298e-07,5.73607465977e-08,-7.30667861044,-3.24630557607,-5.14646202151,-3.24630813786,-7.30668934029,-13.5604502631,-13.5604724238,0.751674929922,0.762043530632,0.757208073882,0.762043524116,0.75167490257,-7.57807746773,-3.70298503784,-5.58371123693,-3.70298748642,-7.57808807517,0.753452038977,0.763370889347,0.758573370596,0.763370883104,0.753452011877,0.000107391559987,7.02287412105e-05,9.0576715173e-05,7.02287647211e-05,0.000107391679276,-7.69108916096,-3.89213384475,-5.7617762774,-3.89213624574,-7.69109971609,0.754249363193,0.763982992253,0.759208643915,0.763982986125,0.754249336199
3.6,0.018,0.0324,0,-7.26816706721,-3.18136841544,-5.0839083876,-3.18137099323,-7.26817781426,-13.5581873626,-13.5582095192,1,1,0.624511558772,1,1,0.751429346419,0.761862047365,0.757022119887,0.761862040811,0.751429319032,0.000109257554212,7.10687980443e-05,9.18989900994e-05,7.10688222109e-05,0.000109257676163,0.000109257554212,7.10687980443e-05,9.18989900994e-05,7.10688222109e-05,0.000109257676163,5.59041884362e-05,3.42277037524e-05,4.5921330151e-05,3.42277160365e-05,5.59042697997e-05,0.000259704193516,0.000168929874125,0.000218443047539,0.000168929931568,0.000259704483391,2.99686765001,2.99700677125,2.99693109479,2.99700677117,2.99686764952,0.000603194106402,0.000598548595598,0.000600675067213,0.000598548598493,0.000603194118639,0.3916,0.3916,0.3916,0.3916,0.3916,0,0,0,0,0,0.021771482016,0.0165915982992,0.0171834404399,0.0165916014909,0.0217714850025,1.56986206142,2.63193698186,2.49032456049,2.63193632288,1.56986134045,-0.0108636687748,-0.00828144181668,-0.00857315476741,-0.00828144340764,-0.0108636702435,0.000109257554212,7.10687980443e-05,9.18989900994e-05,7.10688222109e-05,0.000109257676163,416.206040289,2.85984045874,-0.140453189241,14.2055243463,404.719903213,1.24931176515e-11,8.69394617062e-20,1.77350102006e-05,3.77778929367e-07,5.77687287702e-08,-7.26816706721,-3.18136841544,-5.0839083876,-3.18137099323,-7.26817781426,-13.5581873626,-13.5582095192,0.751429346419,0.761862047365,0.757022119887,0.761862040811,0.751429319032,-7.26816706721,-3.18136841544,-5.0839083876,-3.18137099323,-7.26817781426,0.751429346419,0.761862047365,0.757022119887,0.761862040811,0.751429319032,0.000109257554212,7.10687980443e-05,9.18989900994e-05,7.10688222109e-05,0.000109257676163,-7.37964812077,-3.36872414848,-5.26259242337,-3.36872667967,-7.37965881723,0.75217269477,0.762421122367,0.757598481364,0.762421115926,0.752172667487
3.625,0.018125,0.0328515625,0,-7.22971975219,-3.11650602519,-5.02133405007,-3.11650861895,-7.22973051636,-13.5559114422,-13.5559335946,1,1,0.624511558772,1,1,0.751185744763,0.76168250979,0.756838341925,0.761682503198,0.751185717341,0.000111138978068,7.19033903455e-05,9.32231076757e-05,7.19034151813e-05,0.000111139102721,0.000111138978068,7.19033903455e-05,9.32231076757e-05,7.19034151813e-05,0.000111139102721,5.66737472243e-05,3.45254755494e-05,4.64260509387e-05,3.45254880979e-05,5.66738299829e-05,0.000264176320581,0.000170913692288,0.000221590462742,0.000170913751322,0.000264176616878,2.99692858972,2.99707207411,2.99699428812,2.99707207402,2.99692858922,0.000607348679894,0.000602642324908,0.000604785213076,0.00060264232784,0.000607348692233,0.3916,0.3916,0.3916,0.3916,0.3916,0,0,0,0,0,0.021771482016,0.0165915982992,0.0171834404399,0.0165916014909,0.0217714850025,1.56986206142,2.63193698186,2.49032456049,2.63193632288,1.56986134045,-0.0108636687748,-0.00828144181668,-0.00857315476741,-0.00828144340764,-0.0108636702435,0.000109257554212,7.10687980443e-05,9.18989900994e-05,7.10688222109e-05,0.000109257676163,419.096360014,2.90066814995,-0.141415515683,14.3193757206,407.536236927,1.27098331859e-11,8.13321035954e-20,1.77398672982e-05,3.83044077447e-07,5.81767792485e-08,-7.22971975219,-3.11650602519,-5.02133405007,-3.11650861895,-7.22973051636,-13.5559114422,-13.5559335946,0.751185744763,0.76168250979,0.756838341925,0.761682503198,0.751185717341,-7.26816706721,-3.18136841544,-5.0839083876,-3.18137099323,-7.26817781426,0.751429346419,0.761862047365,0.757022119887,0.761862040811,0.751429319032,0.000111138978068,7.19033903455e-05,9.32231076757e-05,7.19034151813e-05,0.000111139102721,-7.37964812077,-3.36872414848,-5.26259242337,-3.36872667967,-7.37965881723,0.75217269477,0.762421122367,0.757598481364,0.762421115926,0.752172667487
3.65,0.01825,0.03330625,0,-7.19133643311,-3.05171810526,-4.95873955061,-3.05172071494,-7.19134721434,-13.5536225294,-13.5536446778,1,1,0.624511558772,1,1,0.750944096405,0.76150488977,0.756656709613,0.76150488314,0.750944068947,0.000113035698905,7.27321292693e-05,9.45487080019e-05,7.27321547878e-05,0.0001130358263,0.000113035698905,7.27321292693e-05,9.45487080019e-05,7.27321547878e-05,0.0001130358263,5.74477058626e-05,3.48203458833e-05,4.69298512746e-05,3.48203587001e-05,5.74477900312e-05,0.000268684808427,0.000172883597027,0.000224741402429,0.000172883657684,0.000268685111244,2.99699179412,2.99713976807,2.9970598189,2.99713976799,2.9969917936,0.000611502892399,0.000606735322292,0.000608894545024,0.000606735325261,0.000611502904841,0.3916,0.3916,0.3916,0.3916,0.3916,0,0,0,0,0,0.021771482016,0.0165915982992,0.0171834404399,0.0165916014909,0.0217714850025,1.56986206142,2.63193698186,2.49032456049,2.63193632288,1.56986134045,-0.0108636687748,-0.00828144181668,-0.00857315476741,-0.00828144340764,-0.0108636702435,0.000109257554212,7.10687980443e-05,9.18989900994e-05,7.10688222109e-05,0.000109257676163,421.986679738,2.94179004319,-0.142377864286,14.4334190115,410.352672905,1.31024080474e-11,8.70580463188e-20,1.77447607642e-05,3.88345662538e-07,5.85848983723e-08,-7.19133643311,-3.05171810526,-4.95873955061,-3.05172071494,-7.19134721434,-13.5536225294,-13.5536446778,0.750944096405,0.76150488977,0.756656709613,0.76150488314,0.750944068947,-7.26816706721,-3.18136841544,-5.0839083876,-3.18137099323,-7.26817781426,0.751429346419,0.761862047365,0.757022119887,0.761862040811,0.751429319032,0.000113035698905,7.27321292693e-05,9.45487080019e-05,7.27321547878e-05,0.0001130358263,-7.37964812077,-3.36872414848,-5.26259242337,-3.36872667967,-7.37965881723,0.75217269477,0.762421122367,0.757598481364,0.762421115926,0.752172667487
3.675,0.018375,0.0337640625,0,-7.15301687849,-2.9870043582,-4.89612542617,-2.98700698375,-7.15302767669,-13.5513206517,-13.551342796,1,1,0.624511558772,1,1,0.750704373396,0.761329159762,0.756477193188,0.761329153094,0.750704345903,0.000114947576721,7.35546205256e-05,9.58754235678e-05,7.35546467404e-05,0.0001149477069,0.000114947576721,7.35546205256e-05,9.58754235678e-05,7.35546467404e-05,0.0001149477069,5.82260752904e-05,3.51122284706e-05,4.74326569721e-05,3.51122415597e-05,5.82261608843e-05,0.000273229324271,0.000174838651119,0.00022789499303,0.000174838713431,0.000273229633705,2.99705730612,2.99720989968,2.99712773228,2.99720989959,2.99705730559,0.000615656744854,0.000610827588952,0.000613003063191,0.000610827591958,0.000615656757398,0.3916,0.3916,0.3916,0.3916,0.3916,0,0,0,0,0,0.021771482016,0.0165915982992,0.0171834404399,0.0165916014909,0.0217714850025,1.56986206142,2.63193698186,2.49032456049,2.63193632288,1.56986134045,-0.0108636687748,-0.00828144181668,-0.00857315476741,-0.00828144340764,-0.0108636702435,0.000109257554212,7.10687980443e-05,9.18989900994e-05,7.10688222109e-05,0.000109257676163,424.876999462,2.98320618631,-0.143340246699,14.5476539001,413.169211502,1.29567467866e-11,8.32463980562e-20,1.77496905982e-05,3.9368368464e-07,5.89930864883e-08,-7.15301687849,-2.9870043582,-4.89612542617,-2.98700698375,-7.15302767669,-13.5513206517,-13.551342796,0.750704373396,0.761329159762,0.756477193188,0.761329153094,0.750704345903,-7.26816706721,-3.18136841544,-5.0839083876,-3.18137099323,-7.26817781426,0.751429346419,0.761862047365,0.757022119887,0.761862040811,0.751429319032,0.000114947576721,7.35546205256e-05,9.58754235678e-05,7.35546467404e-05,0.0001149477069,-7.37964812077,-3.36872414848,-5.26259242337,-3.36872667967,-7.37965881723,0.75217269477,0.762421122367,0.757598481364,0.762421115926,0.752172667487
3.7,0.0185,0.034225,0,-7.11476085754,-2.92236448913,-4.83349220899,-2.92236713051,-7.11477167266,-13.5490058365,-13.5490279767,1,1,0.624511558772,1,1,0.750466548375,0.761155292802,0.756299763486,0.761155286095,0.750466520847,0.000116874463885,7.43704644352e-05,9.72028791824e-05,7.437049136e-05,0.000116874596889,0.000116874463885,7.43704644352e-05,9.72028791824e-05,7.437049136e-05,0.000116874596889,5.9008866864e-05,3.54010355378e-05,4.79343927817e-05,3.54010489033e-05,5.90089538984e-05,0.000277809517197,0.000176777904529,0.00023105034272,0.000176777968529,0.000277809833346,2.99712516909,2.997282516,2.99719807396,2.99728251591,2.99712516854,0.000619810238114,0.000614919126008,0.000617110767646,0.000614919129052,0.000619810250761,0.3916,0.3916,0.3916,0.3916,0.3916,0,0,0,0,0,0.021771482016,0.0165915982992,0.0171834404399,0.0165916014909,0.0217714850025,1.56986206142,2.63193698186,2.49032456049,2.63193632288,1.56986134045,-0.0108636687748,-0.00828144181668,-0.00857315476741,-0.00828144340764,-0.0108636702435,0.000109257554212,7.10687980443e-05,9.18989900994e-05,7.10688222109e-05,0.000109257676163,427.767319186,3.02491662647,-0.144302674721,14.6620800688,415.985853069,1.28057564552e-11,8.15777431501e-20,1.77546567998e-05,3.99058143753e-07,5.9401343949e-08,-7.11476085754,-2.92236448913,-4.83349220899,-2.92236713051,-7.11477167266,-13.5490058365,-13.5490279767,0.750466548375,0.761155292802,0.756299763486,0.761155286095,0.750466520847,-7.26816706721,-3.18136841544,-5.0839083876,-3.18137099323,-7.26817781426,0.751429346419,0.761862047365,0.757022119887,0.761862040811,0.751429319032,0.000116874463885,7.43704644352e-05,9.72028791824e-05,7.437049136e-05,0.000116874596889,-7.37964812077,-3.36872414848,-5.26259242337,-3.36872667967,-7.37965881723,0.75217269477,0.762421122367,0.757598481364,0.762421115926,0.752172667487
3.725,0.018625,0.0346890625,0,-7.07656814026,-2.85779820575,-4.77084042662,-2.85780086292,-7.07657897222,-13.5466781109,-13.5467002471,1,1,0.624511558772,1,1,0.750230594551,0.760983262487,0.75612439193,0.760983255743,0.750230566989,0.000118816204879,7.51792560079e-05,9.85306919264e-05,7.51792836566e-05,0.00011881634075,0.000118816204879,7.51792560079e-05,9.85306919264e-05,7.51792836566e-05,0.00011881634075,5.97960923346e-05,3.56866777658e-05,4.84349823382e-05,3.56866914117e-05,5.9796180825e-05,0.00028242501754,0.000178700394599,0.000234206541304,0.00017870046032,0.000282425340504,2.99719542687,2.99735766467,2.99727089013,2.99735766458,2.99719542631,0.000623963372958,0.000619009934492,0.000621217658394,0.000619009937573,0.000623963385707,0.3916,0.3916,0.3916,0.3916,0.3916,0,0,0,0,0,0.021771482016,0.0165915982992,0.0171834404399,0.0165916014909,0.0217714850025,1.56986206142,2.63193698186,2.49032456049,2.63193632288,1.56986134045,-0.0108636687748,-0.00828144181668,-0.00857315476741,-0.00828144340764,-0.0108636702435,0.000109257554212,7.10687980443e-05,9.18989900994e-05,7.10688222109e-05,0.000109257676163,430.657638911,3.06692141016,-0.145265160303,14.776697201,418.80259796,1.33546507186e-11,8.73206265324e-20,1.77596593688e-05,4.04469039877e-07,5.98096711136e-08,-7.07656814026,-2.85779820575,-4.77084042662,-2.85780086292,-7.07657897222,-13.5466781109,-13.5467002471,0.750230594551,0.760983262487,0.75612439193,0.760983255743,0.750230566989,-7.26816706721,-3.18136841544,-5.0839083876,-3.18137099323,-7.26817781426,0.751429346419,0.761862047365,0.757022119887,0.761862040811,0.751429319032,0.000118816204879,7.51792560079e-05,9.85306919264e-05,7.51792836566e-05,0.00011881634075,-7.37964812077,-3.36872414848,-5.26259242337,-3.36872667967,-7.37965881723,0.75217269477,0.762421122367,0.757598481364,0.762421115926,0.752172667487
3.75,0.01875,0.03515625,0,-7.03843849737,-2.79330521828,-4.708170602,-2.7933078912,-7.0384493461,-13.5443375023,-13.5443596344,1,1,0.624511558772,1,1,0.749996485688,0.760813042965,0.755951050512,0.760813036182,0.74999645809,0.00012077263606,7.59805850456e-05,9.98584711311e-05,7.59806134324e-05,0.00012077277484,0.00012077263606,7.59805850456e-05,9.98584711311e-05,7.59806134324e-05,0.00012077277484,6.05877638281e-05,3.59690642349e-05,4.89343481097e-05,3.59690781653e-05,6.05878537901e-05,0.000287075436321,0.000180605146293,0.000237362660164,0.000180605213768,0.000287075766198,2.99726812376,2.99743539391,2.99734622757,2.99743539382,2.99726812318,0.000628116150081,0.000623100015348,0.000625323735369,0.000623100018467,0.000628116162933,0.3916,0.3916,0.3916,0.3916,0.3916,0,0,0,0,0,0.021771482016,0.0165915982992,0.0171834404399,0.0165916014909,0.0217714850025,1.56986206142,2.63193698186,2.49032456049,2.63193632288,1.56986134045,-0.0108636687748,-0.00828144181668,-0.00857315476741,-0.00828144340764,-0.0108636702435,0.000109257554212,7.10687980443e-05,9.18989900994e-05,7.10688222109e-05,0.000109257676163,433.547958635,3.10922058316,-0.146227715548,14.8915049814,421.619446521,1.35091937636e-11,8.39833167203e-20,1.77646983047e-05,4.09916373011e-07,6.02180683479e-08,-7.03843849737,-2.79330521828,-4.708170602,-2.7933078912,-7.0384493461,-13.5443375023,-13.5443596344,0.749996485688,0.760813042965,0.755951050512,0.760813036182,0.74999645809,-7.26816706721,-3.18136841544,-5.0839083876,-3.18137099323,-7.26817781426,0.751429346419,0.761862047365,0.757022119887,0.761862040811,0.751429319032,0.00012077263606,7.59805850456e-05,9.98584711311e-05,7.59806134324e-05,0.00012077277484,-7.37964812077,-3.36872414848,-5.26259242337,-3.36872667967,-7.37965881723,0.75217269477,0.762421122367,0.757598481364,0.762421115926,0.752172667487
3.775,0.018875,0.0356265625,0,-7.00037170035,-2.72888523945,-4.64548325348,-2.72888792808,-7.00038256578,-13.5419840376,-13.5420061657,1,1,0.624511558772,1,1,0.749764196089,0.760644608913,0.755779711778,0.760644602092,0.749764168457,0.000122743585441,7.67740362699e-05,0.000101185818385,7.67740654088e-05,0.000122743727171,0.000122743585441,7.67740362699e-05,0.000101185818385,7.67740654088e-05,0.000122743727171,6.13838938256e-05,3.62481023695e-05,4.94324113453e-05,3.62481165886e-05,6.1383985275e-05,0.000291760364727,0.000182491172498,0.000240517752281,0.000182491241761,0.000291760701619,2.99734330455,2.99751575251,2.99742413358,2.99751575241,2.99734330396,0.000632268570096,0.00062718936943,0.000629428998441,0.000627189372587,0.000632268583051,0.3916,0.3916,0.3916,0.3916,0.3916,0,0,0,0,0,0.021771482016,0.0165915982992,0.0171834404399,0.0165916014909,0.0217714850025,1.56986206142,2.63193698186,2.49032456049,2.63193632288,1.56986134045,-0.0108636687748,-0.00828144181668,-0.00857315476741,-0.00828144340764,-0.0108636702435,0.000109257554212,7.10687980443e-05,9.18989900994e-05,7.10688222109e-05,0.000109257676163,436.438278359,3.15181419063,-0.147190352707,15.0065030957,424.436399101,1.37223565844e-11,8.83285957397e-20,1.77697736071e-05,4.15400143157e-07,6.06265360241e-08,-7.00037170035,-2.72888523945,-4.64548325348,-2.72888792808,-7.00038256578,-13.5419840376,-13.5420061657,0.749764196089,0.760644608913,0.755779711778,0.760644602092,0.749764168457,-7.26816706721,-3.18136841544,-5.0839083876,-3.18137099323,-7.26817781426,0.751429346419,0.761862047365,0.757022119887,0.761862040811,0.751429319032,0.000122743585441,7.67740362699e-05,0.000101185818385,7.67740654088e-05,0.000122743727171,-7.37964812077,-3.36872414848,-5.26259242337,-3.36872667967,-7.37965881723,0.75217269477,0.762421122367,0.757598481364,0.762421115926,0.752172667487
3.8,0.019,0.0361,0,-6.96236752141,-2.66453798449,-4.58277889484,-2.66454068878,-6.96237840347,-13.5396177439,-13.5396398679,1,1,0.624511558772,1,1,0.749533700586,0.760477935529,0.755610348814,0.760477928671,0.749533672919,0.000124728872503,7.75591894754e-05,0.00010251232757,7.75592193807e-05,0.000124729017227,0.000124728872503,7.75591894754e-05,0.00010251232757,7.75592193807e-05,0.000124729017227,6.21844951451e-05,3.65236978832e-05,4.99290920247e-05,3.65237123953e-05,6.21845880978e-05,0.000296479373671,0.000184357474389,0.000243670852317,0.000184357545473,0.000296479717677,2.99742101452,2.99759878986,2.99750465602,2.99759878975,2.99742101391,0.000636420633536,0.000631277997504,0.000633533447406,0.000631278000698,0.000636420646594,0.3916,0.3916,0.3916,0.3916,0.3916,0,0,0,0,0,0.0203278325333,0.0151699265452,0.0156038592286,0.0151699296647,0.0203278354542,1.5487309516,2.60721256627,2.49838952076,2.60721192095,1.54873025438,-0.0101387185146,-0.00756929474945,-0.00778122005316,-0.00756929630319,-0.0101387199458,0.000124728872503,7.75591894754e-05,0.00010251232757,7.75592193807e-05,0.000124729017227,439.328598083,3.19470227702,-0.148153084181,15.1216912309,427.253456045,1.38307143516e-11,8.53639804243e-20,1.77748852758e-05,4.20920350314e-07,6.10350745211e-08,-6.96236752141,-2.66453798449,-4.58277889484,-2.66454068878,-6.96237840347,-13.5396177439,-13.5396398679,0.749533700586,0.760477935529,0.755610348814,0.760477928671,0.749533672919,-6.96236752141,-2.66453798449,-4.58277889484,-2.66454068878,-6.96237840347,0.749533700586,0.760477935529,0.755610348814,0.760477928671,0.749533672919,0.000124728872503,7.75591894754e-05,0.00010251232757,7.75592193807e-05,0.000124729017227,-7.07236149319,-2.85015944202,-4.76197579542,-2.85016210068,-7.07237232633,0.7502293319,0.760990154019,0.756134414864,0.760990147271,0.750229304335
3.825,0.019125,0.0365765625,0,-6.92442573352,-2.60026317106,-4.52005803538,-2.60026589098,-6.92443663214,-13.5372386481,-13.5372607681,1,1,0.624511558772,1,1,0.74930497452,0.760312998517,0.755442935235,0.760312991622,0.749304946819,0.000126728308042,7.833561971e-05,0.000103837584932,7.83356503962e-05,0.000126728455802,0.000126728308042,7.833561971e-05,0.000103837584932,7.83356503962e-05,0.000126728455802,6.29895809241e-05,3.67957547227e-05,5.0424308806e-05,3.67957695321e-05,6.29896753963e-05,0.000301232013412,0.000186203041859,0.000246820976782,0.0001862031148,0.000301232364634,2.99750129945,2.99768455594,2.99758784333,2.99768455584,2.99750129883,0.000640572340846,0.000635365900244,0.000637637081993,0.000635365903477,0.000640572354008,0.3916,0.3916,0.3916,0.3916,0.3916,0,0,0,0,0,0.0203278325333,0.0151699265452,0.0156038592286,0.0151699296647,0.0203278354542,1.5487309516,2.60721256627,2.49838952076,2.60721192095,1.54873025438,-0.0101387185146,-0.00756929474945,-0.00778122005316,-0.00756929630319,-0.0101387199458,0.000124728872503,7.75591894754e-05,0.00010251232757,7.75592193807e-05,0.000124729017227,442.218917808,3.23788488617,-0.14911592252,15.237069075,430.070617696,1.38662414884e-11,8.591455184e-20,1.77800333103e-05,4.26476994481e-07,6.14436842242e-08,-6.92442573352,-2.60026317106,-4.52005803538,-2.60026589098,-6.92443663214,-13.5372386481,-13.5372607681,0.74930497452,0.760312998517,0.755442935235,0.760312991622,0.749304946819,-6.96236752141,-2.66453798449,-4.58277889484,-2.66454068878,-6.96237840347,0.749533700586,0.760477935529,0.755610348814,0.760477928671,0.749533672919,0.000126728308042,7.833561971e-05,0.000103837584932,7.83356503962e-05,0.000126728455802,-7.07236149319,-2.85015944202,-4.76197579542,-2.85016210068,-7.07237232633,0.7502293319,0.760990154019,0.756134414864,0.760990147271,0.750229304335
3.85,0.01925,0.03705625,0,-6.8865461104,-2.53606051929,-4.4573211799,-2.53606325478,-6.88655702552,-13.534846777,-13.5348688929,1,1,0.624511558772,1,1,0.749077993734,0.760149774071,0.755277445167,0.760149767139,0.749077965999,0.000128741694041,7.91028974814e-05,0.000105161169185,7.91029289631e-05,0.000128741844879,0.000128741694041,7.91028974814e-05,0.000105161169185,7.91029289631e-05,0.000128741844879,6.37991646027e-05,3.70641750123e-05,5.09179789744e-05,3.70641901234e-05,6.37992606107e-05,0.000306017813265,0.000188026854009,0.000249967124282,0.00018802692884,0.000306018171806,2.99758420563,2.99777310139,2.99767374456,2.99777310128,2.99758420499,0.000644723692392,0.000639453078237,0.000641739901858,0.000639453081508,0.000644723705657,0.3916,0.3916,0.3916,0.3916,0.3916,0,0,0,0,0,0.0203278325333,0.0151699265452,0.0156038592286,0.0151699296647,0.0203278354542,1.5487309516,2.60721256627,2.49838952076,2.60721192095,1.54873025438,-0.0101387185146,-0.00756929474945,-0.00778122005316,-0.00756929630319,-0.0101387199458,0.000124728872503,7.75591894754e-05,0.00010251232757,7.75592193807e-05,0.000124729017227,445.109237532,3.28136206126,-0.150078880423,15.3526363171,432.887884396,1.42232892131e-11,9.02937121773e-20,1.77852177101e-05,4.32070075659e-07,6.1852365526e-08,-6.8865461104,-2.53606051929,-4.4573211799,-2.53606325478,-6.88655702552,-13.534846777,-13.5348688929,0.749077993734,0.760149774071,0.755277445167,0.760149767139,0.749077965999,-6.96236752141,-2.66453798449,-4.58277889484,-2.66454068878,-6.96237840347,0.749533700586,0.760477935529,0.755610348814,0.760477928671,0.749533672919,0.000128741694041,7.91028974814e-05,0.000105161169185,7.91029289631e-05,0.000128741844879,-7.07236149319,-2.85015944202,-4.76197579542,-2.85016210068,-7.07237232633,0.7502293319,0.760990154019,0.756134414864,0.760990147271,0.750229304335
3.875,0.019375,0.0375390625,0,-6.84872842651,-2.47192975169,-4.39456882877,-2.47193250272,-6.84873935805,-13.5324421572,-13.5324642691,1,1,0.624511558772,1,1,0.748852734554,0.759988238866,0.755113853235,0.759988231896,0.748852706785,0.000130768823585,7.98605889895e-05,0.000106482651647,7.98606212815e-05,0.000130768977545,0.000130768823585,7.98605889895e-05,0.000106482651647,7.98606212815e-05,0.000130768977545,6.46132599077e-05,3.73288589973e-05,5.14100183907e-05,3.73288744145e-05,6.46133574678e-05,0.0003108362814,0.000189827879699,0.000253108275842,0.000189827956457,0.00031083664736,2.99766977987,2.99786447743,2.99776240931,2.99786447732,2.99766977921,0.000648874688453,0.000643539531977,0.000645841906588,0.000643539535287,0.000648874701822,0.3916,0.3916,0.3916,0.3916,0.3916,0,0,0,0,0,0.0203278325333,0.0151699265452,0.0156038592286,0.0151699296647,0.0203278354542,1.5487309516,2.60721256627,2.49838952076,2.60721192095,1.54873025438,-0.0101387185146,-0.00756929474945,-0.00778122005316,-0.00756929630319,-0.0101387199458,0.000124728872503,7.75591894754e-05,0.00010251232757,7.75592193807e-05,0.000124729017227,447.999557256,3.32513384485,-0.151041970737,15.4683926477,435.705256482,1.42890144161e-11,8.99633693279e-20,1.7790438475e-05,4.37699593849e-07,6.22611188254e-08,-6.84872842651,-2.47192975169,-4.39456882877,-2.47193250272,-6.84873935805,-13.5324421572,-13.5324642691,0.748852734554,0.759988238866,0.755113853235,0.759988231896,0.748852706785,-6.96236752141,-2.66453798449,-4.58277889484,-2.66454068878,-6.96237840347,0.749533700586,0.760477935529,0.755610348814,0.760477928671,0.749533672919,0.000130768823585,7.98605889895e-05,0.000106482651647,7.98606212815e-05,0.000130768977545,-7.07236149319,-2.85015944202,-4.76197579542,-2.85016210068,-7.07237232633,0.7502293319,0.760990154019,0.756134414864,0.760990147271,0.750229304335
3.9,0.0195,0.038025,0,-6.81097245697,-2.40787059317,-4.331801478,-2.4078733597,-6.81098340487,-13.5300248154,-13.5300469233,1,1,0.624511558772,1,1,0.748629173779,0.759828370041,0.754952134554,0.759828363034,0.748629145976,0.000132809480817,8.06082563841e-05,0.000107801596412,8.06082895011e-05,0.000132809637941,0.000132809480817,8.06082563841e-05,0.000107801596412,8.06082895011e-05,0.000132809637941,6.54318808361e-05,3.75897049869e-05,5.19003414385e-05,3.75897207146e-05,6.5431979965e-05,0.000315686904723,0.000191605078165,0.000256243395322,0.000191605156884,0.000315687278206,2.99775806676,2.99795873596,2.99785388783,2.99795873584,2.99775806609,0.000653025329227,0.000647625261872,0.000649943095699,0.00064762526522,0.0006530253427,0.3916,0.3916,0.3916,0.3916,0.3916,0,0,0,0,0,0.0203278325333,0.0151699265452,0.0156038592286,0.0151699296647,0.0203278354542,1.5487309516,2.60721256627,2.49838952076,2.60721192095,1.54873025438,-0.0101387185146,-0.00756929474945,-0.00778122005316,-0.00756929630319,-0.0101387199458,0.000124728872503,7.75591894754e-05,0.00010251232757,7.75592193807e-05,0.000124729017227,450.88987698,3.36920027888,-0.152005204345,15.584337758,438.522734297,1.44879663821e-11,9.06409956857e-20,1.77956956045e-05,4.43365549049e-07,6.26699445284e-08,-6.81097245697,-2.40787059317,-4.331801478,-2.4078733597,-6.81098340487,-13.5300248154,-13.5300469233,0.748629173779,0.759828370041,0.754952134554,0.759828363034,0.748629145976,-6.96236752141,-2.66453798449,-4.58277889484,-2.66454068878,-6.96237840347,0.749533700586,0.760477935529,0.755610348814,0.760477928671,0.749533672919,0.000132809480817,8.06082563841e-05,0.000107801596412,8.06082895011e-05,0.000132809637941,-7.07236149319,-2.85015944202,-4.76197579542,-2.85016210068,-7.07237232633,0.7502293319,0.760990154019,0.756134414864,0.760990147271,0.750229304335
3.925,0.019625,0.0385140625,0,-6.77327797768,-2.34388277095,-4.26901961905,-2.34388555294,-6.77328894186,-13.5275947781,-13.527616882,1,1,0.624511558772,1,1,0.748407288667,0.759670145191,0.754792264707,0.759670138147,0.74840726083,0.000134863440928,8.13454580468e-05,0.00010911756056,8.13454920038e-05,0.00013486360126,0.000134863440928,8.13454580468e-05,0.00010911756056,8.13454920038e-05,0.00013486360126,6.62550416313e-05,3.78466092963e-05,5.23888609714e-05,3.78466253392e-05,6.62551423458e-05,0.000320569148866,0.000193357399683,0.000259371429901,0.000193357480399,0.000320569529975,2.99784911194,2.99805592834,2.99794822807,2.99805592822,2.99784911125,0.00065717561483,0.000651710268239,0.000654043468638,0.000651710271627,0.000657175628406,0.3916,0.3916,0.3916,0.3916,0.3916,0,0,0,0,0,0.0203278325333,0.0151699265452,0.0156038592286,0.0151699296647,0.0203278354542,1.5487309516,2.60721256627,2.49838952076,2.60721192095,1.54873025438,-0.0101387185146,-0.00756929474945,-0.00778122005316,-0.00756929630319,-0.0101387199458,0.000124728872503,7.75591894754e-05,0.00010251232757,7.75592193807e-05,0.000124729017227,453.780196704,3.41356140466,-0.15296859061,15.7004713407,441.340318178,1.44737555274e-11,8.76763803703e-20,1.78009890982e-05,4.4906794126e-07,6.30788430479e-08,-6.77327797768,-2.34388277095,-4.26901961905,-2.34388555294,-6.77328894186,-13.5275947781,-13.527616882,0.748407288667,0.759670145191,0.754792264707,0.759670138147,0.74840726083,-6.96236752141,-2.66453798449,-4.58277889484,-2.66454068878,-6.96237840347,0.749533700586,0.760477935529,0.755610348814,0.760477928671,0.749533672919,0.000134863440928,8.13454580468e-05,0.00010911756056,8.13454920038e-05,0.00013486360126,-7.07236149319,-2.85015944202,-4.76197579542,-2.85016210068,-7.07237232633,0.7502293319,0.760990154019,0.756134414864,0.760990147271,0.750229304335
3.95,0.01975,0.03900625,0,-6.73564476533,-2.2799660146,-4.20622373923,-2.279968812,-6.73565574573,-13.5251520718,-13.5251741716,1,1,0.624511558772,1,1,0.748187056931,0.759513542354,0.754634219747,0.759513535273,0.74818702906,0.000136930470193,8.20717488955e-05,0.000110430094395,8.20717837076e-05,0.000136930633777,0.000136930470193,8.20717488955e-05,0.000110430094395,8.20717837076e-05,0.000136930633777,6.70827567549e-05,3.80994661872e-05,5.2875488253e-05,3.80994825499e-05,6.70828590721e-05,0.000325482458268,0.000195083786298,0.000262491310662,0.000195083869046,0.000325482847105,2.99794296375,2.99815610715,2.9980454812,2.99815610702,2.99794296304,0.000661325545295,0.000655794551314,0.000658143024782,0.00065579455474,0.000661325558976,0.3916,0.3916,0.3916,0.3916,0.3916,0,0,0,0,0,0.0203278325333,0.0151699265452,0.0156038592286,0.0151699296647,0.0203278354542,1.5487309516,2.60721256627,2.49838952076,2.60721192095,1.54873025438,-0.0101387185146,-0.00756929474945,-0.00778122005316,-0.00756929630319,-0.0101387199458,0.000124728872503,7.75591894754e-05,0.00010251232757,7.75592193807e-05,0.000124729017227,456.670516429,3.4582172629,-0.153932142158,15.8167930895,444.15800846,1.4599876863e-11,9.2402824216e-20,1.78063189557e-05,4.54806770482e-07,6.3487814804e-08,-6.73564476533,-2.2799660146,-4.20622373923,-2.279968812,-6.73565574573,-13.5251520718,-13.5251741716,0.748187056931,0.759513542354,0.754634219747,0.759513535273,0.74818702906,-6.96236752141,-2.66453798449,-4.58277889484,-2.66454068878,-6.96237840347,0.749533700586,0.760477935529,0.755610348814,0.760477928671,0.749533672919,0.000136930470193,8.20717488955e-05,0.000110430094395,8.20717837076e-05,0.000136930633777,-7.07236149319,-2.85015944202,-4.76197579542,-2.85016210068,-7.07237232633,0.7502293319,0.760990154019,0.756134414864,0.760990147271,0.750229304335
3.975,0.019875,0.0395015625,0,-6.69807259738,-2.21612005606,-4.14341432156,-2.21612286883,-6.69808359394,-13.5226967227,-13.5227188186,1,1,0.624511558772,1,1,0.747968456722,0.759358539999,0.754477976177,0.759358532881,0.747968428818,0.00013901032605,8.27866807094e-05,0.000111738741725,8.27867163918e-05,0.000139010492929,0.00013901032605,8.27866807094e-05,0.000111738741725,8.27867163918e-05,0.000139010492929,6.79150408669e-05,3.83481678064e-05,5.3360132898e-05,3.83481844935e-05,6.79151448038e-05,0.000330426256358,0.000196783172592,0.000265601953233,0.000196783257409,0.000330426653028,2.99803967108,2.99825932632,2.99814569934,2.99825932619,2.99803967034,0.000665475120579,0.000659878111243,0.000662241763444,0.000659878114708,0.000665475134364,0.3916,0.3916,0.3916,0.3916,0.3916,0,0,0,0,0,0.0203278325333,0.0151699265452,0.0156038592286,0.0151699296647,0.0203278354542,1.5487309516,2.60721256627,2.49838952076,2.60721192095,1.54873025438,-0.0101387185146,-0.00756929474945,-0.00778122005316,-0.00756929630319,-0.0101387199458,0.000124728872503,7.75591894754e-05,0.00010251232757,7.75592193807e-05,0.000124729017227,459.560836153,3.50316789373,-0.154895872403,15.933302699,446.975805475,1.46354039998e-11,9.33853824348e-20,1.78116851765e-05,4.60582036716e-07,6.38968602235e-08,-6.69807259738,-2.21612005606,-4.14341432156,-2.21612286883,-6.69808359394,-13.5226967227,-13.5227188186,0.747968456722,0.759358539999,0.754477976177,0.759358532881,0.747968428818,-6.96236752141,-2.66453798449,-4.58277889484,-2.66454068878,-6.96237840347,0.749533700586,0.760477935529,0.755610348814,0.760477928671,0.749533672919,0.00013901032605,8.27866807094e-05,0.000111738741725,8.27867163918e-05,0.000139010492929,-7.07236149319,-2.85015944202,-4.76197579542,-2.85016210068,-7.07237232633,0.7502293319,0.760990154019,0.756134414864,0.760990147271,0.750229304335
4,0.02,0.04,0,-6.66056125205,-2.15234462955,-4.08059184483,-2.15234745764,-6.6605722647,-13.5202287572,-13.5202508491,1,1,0.624511558772,1,1,0.747751466619,0.759205117018,0.754323510941,0.759205109863,0.747751438681,0.000141102757215,8.34898024729e-05,0.000113043040161,8.34898390409e-05,0.000141102927433,0.000141102757215,8.34898024729e-05,0.000113043040161,8.34898390409e-05,0.000141102927433,6.87519088115e-05,3.85926041258e-05,5.38427028179e-05,3.8592621142e-05,6.87520143855e-05,0.000335399945841,0.000198454486506,0.000268702258524,0.000198454573427,0.000335400350448,2.99813928337,2.99836564046,2.99824893527,2.99836564033,2.99813928262,0.000669624340559,0.000663960948093,0.00066633968387,0.000663960951598,0.000669624354448,0.3916,0.3916,0.3916,0.3916,0.3916,0,0,0,0,0,0.0190510120362,0.0139121740223,0.0142004499799,0.0139121770718,0.0190510148934,1.52820184332,2.58328778832,2.50501157497,2.58328715657,1.52820116903,-0.00949700041058,-0.00693922038439,-0.00707738801213,-0.00693922190176,-0.00949700180477,0.000141102757215,8.34898024729e-05,0.000113043040161,8.34898390409e-05,0.000141102927433,462.451155877,3.54841333667,-0.155859794906,16.0499998652,449.793709554,1.46087586472e-11,8.81846001386e-20,1.78170877602e-05,4.6639373996e-07,6.43059797406e-08,-6.66056125205,-2.15234462955,-4.08059184483,-2.15234745764,-6.6605722647,-13.5202287572,-13.5202508491,0.747751466619,0.759205117018,0.754323510941,0.759205109863,0.747751438681,-6.66056125205,-2.15234462955,-4.08059184483,-2.15234745764,-6.6605722647,0.747751466619,0.759205117018,0.754323510941,0.759205109863,0.747751438681,0.000141102757215,8.34898024729e-05,0.000113043040161,8.34898390409e-05,0.000141102927433,-6.76911061709,-2.33628661705,-4.26020270416,-2.33628940048,-6.76912158242,0.748404624816,0.759675647662,0.754800860033,0.759675640615,0.748404596976
4.025,0.020125,0.0405015625,0,-6.6231105083,-2.08863947155,-4.01775678363,-2.08864231493,-6.62312153696,-13.5177482014,-13.5177702893,1,1,0.624511558772,1,1,0.747536065617,0.759053252712,0.754170801413,0.759053245521,0.747536037645,0.000143207503847,8.41806607349e-05,0.000114342521456,8.41806982039e-05,0.000143207677448,0.000143207503847,8.41806607349e-05,0.000114342521456,8.41806982039e-05,0.000143207677448,6.95933756051e-05,3.88326628822e-05,5.4323104166e-05,3.88326802325e-05,6.95934828338e-05,0.000340402909073,0.00020009665019,0.000271791113515,0.000200096739253,0.000340403321721,2.99824185067,2.99847510488,2.99835524242,2.99847510474,2.9982418499,0.000673773205037,0.000668043061852,0.000670436785242,0.000668043065397,0.000673773219031,0.3916,0.3916,0.3916,0.3916,0.3916,0,0,0,0,0,0.0190510120362,0.0139121740223,0.0142004499799,0.0139121770718,0.0190510148934,1.52820184332,2.58328778832,2.50501157497,2.58328715657,1.52820116903,-0.00949700041058,-0.00693922038439,-0.00707738801213,-0.00693922190176,-0.00949700180477,0.000141102757215,8.34898024729e-05,0.000113043040161,8.34898390409e-05,0.000141102927433,465.341475601,3.59395363067,-0.156823923376,16.1668842851,452.611721024,1.47046819166e-11,8.83540067281e-20,1.78225267064e-05,4.72241880215e-07,6.47151737966e-08,-6.6231105083,-2.08863947155,-4.01775678363,-2.08864231493,-6.62312153696,-13.5177482014,-13.5177702893,0.747536065617,0.759053252712,0.754170801413,0.759053245521,0.747536037645,-6.66056125205,-2.15234462955,-4.08059184483,-2.15234745764,-6.6605722647,0.747751466619,0.759205117018,0.754323510941,0.759205109863,0.747751438681,0.000143207503847,8.41806607349e-05,0.000114342521456,8.41806982039e-05,0.000143207677448,-6.76911061709,-2.33628661705,-4.26020270416,-2.33628940048,-6.76912158242,0.748404624816,0.759675647662,0.754800860033,0.759675640615,0.748404596976
4.05,0.02025,0.04100625,0,-6.58572014583,-2.02500432082,-3.95490960835,-2.02500717944,-6.58573119044,-13.5152550814,-13.5152771653,1,1,0.624511558772,1,1,0.747322233118,0.758902926785,0.754019825387,0.758902919558,0.747322205113,0.000145324297742,8.48587999822e-05,0.000115636711865,8.48588383676e-05,0.000145324474771,0.000145324297742,8.48587999822e-05,0.000115636711865,8.48588383676e-05,0.000145324474771,7.04394564237e-05,3.90682295163e-05,5.48012412832e-05,3.90682472054e-05,7.04395653248e-05,0.000345434508539,0.000201708580894,0.00027486739212,0.000201708672136,0.000345434929333,2.99834742354,2.99858777558,2.99846467489,2.99858777544,2.99834742275,0.000677921713743,0.000672124452429,0.000674533066683,0.000672124456013,0.000677921727841,0.3916,0.3916,0.3916,0.3916,0.3916,0,0,0,0,0,0.0190510120362,0.0139121740223,0.0142004499799,0.0139121770718,0.0190510148934,1.52820184332,2.58328778832,2.50501157497,2.58328715657,1.52820116903,-0.00949700041058,-0.00693922038439,-0.00707738801213,-0.00693922190176,-0.00949700180477,0.000141102757215,8.34898024729e-05,0.000113043040161,8.34898390409e-05,0.000141102927433,468.231795326,3.63978881408,-0.157788271669,16.2839556567,455.429840211,1.46762602071e-11,8.99548989984e-20,1.78280020146e-05,4.7812645748e-07,6.51244428403e-08,-6.58572014583,-2.02500432082,-3.95490960835,-2.02500717944,-6.58573119044,-13.5152550814,-13.5152771653,0.747322233118,0.758902926785,0.754019825387,0.758902919558,0.747322205113,-6.66056125205,-2.15234462955,-4.08059184483,-2.15234745764,-6.6605722647,0.747751466619,0.759205117018,0.754323510941,0.759205109863,0.747751438681,0.000145324297742,8.48587999822e-05,0.000115636711865,8.48588383676e-05,0.000145324474771,-6.76911061709,-2.33628661705,-4.26020270416,-2.33628940048,-6.76912158242,0.748404624816,0.759675647662,0.754800860033,0.759675640615,0.748404596976
4.075,0.020375,0.0415140625,0,-6.5483899451,-1.96143891831,-3.89205078529,-1.96144179214,-6.5484010056,-13.5127494231,-13.512771503,1,1,0.624511558772,1,1,0.747109948921,0.758754119328,0.753870561065,0.758754112064,0.747109920883,0.000147452862575,8.55237630229e-05,0.000116925132532,8.55238023404e-05,0.000147453043074,0.000147452862575,8.55237630229e-05,0.000116925132532,8.55238023404e-05,0.000147453043074,7.12901665881e-05,3.92991871092e-05,5.52770166398e-05,3.92992051422e-05,7.12902771797e-05,0.000350494087414,0.000203289191878,0.000277929956101,0.000203289285335,0.000350494516459,2.99845605317,2.99870370925,2.99857728745,2.9987037091,2.99845605236,0.000682069866335,0.000676205119659,0.000678628527256,0.000676205123283,0.000682069880538,0.3916,0.3916,0.3916,0.3916,0.3916,0,0,0,0,0,0.0190510120362,0.0139121740223,0.0142004499799,0.0139121770718,0.0190510148934,1.52820184332,2.58328778832,2.50501157497,2.58328715657,1.52820116903,-0.00949700041058,-0.00693922038439,-0.00707738801213,-0.00693922190176,-0.00949700180477,0.000141102757215,8.34898024729e-05,0.000113043040161,8.34898390409e-05,0.000141102927433,471.12211505,3.68591892473,-0.15875285379,16.4012136794,458.248067441,1.45234935189e-11,9.24959978402e-20,1.78335136844e-05,4.84047471757e-07,6.5533787328e-08,-6.5483899451,-1.96143891831,-3.89205078529,-1.96144179214,-6.5484010056,-13.5127494231,-13.512771503,0.747109948921,0.758754119328,0.753870561065,0.758754112064,0.747109920883,-6.66056125205,-2.15234462955,-4.08059184483,-2.15234745764,-6.6605722647,0.747751466619,0.759205117018,0.754323510941,0.759205109863,0.747751438681,0.000147452862575,8.55237630229e-05,0.000116925132532,8.55238023404e-05,0.000147453043074,-6.76911061709,-2.33628661705,-4.26020270416,-2.33628940048,-6.76912158242,0.748404624816,0.759675647662,0.754800860033,0.759675640615,0.748404596976
4.1,0.0205,0.042025,0,-6.51111968731,-1.89794300719,-3.82918077661,-1.89794589618,-6.51113076363,-13.5102312524,-13.5102533284,1,1,0.624511558772,1,1,0.746899193212,0.758606810813,0.75372298705,0.758606803513,0.74689916514,0.000149592914166,8.61750913781e-05,0.000118207299893,8.61751316434e-05,0.00014959309818,0.000149592914166,8.61750913781e-05,0.000118207299893,8.61751316434e-05,0.00014959309818,7.21455215474e-05,3.95254163196e-05,5.57503307771e-05,3.95254347015e-05,7.21456338475e-05,0.000355580970206,0.00020483739334,0.000280977656034,0.00020483748905,0.000355581407606,2.9985677913,2.9988229633,2.99869313552,2.99882296315,2.99856779047,0.000686217662404,0.000680285063307,0.000682723165971,0.000680285066972,0.000686217676712,0.3916,0.3916,0.3916,0.3916,0.3916,0,0,0,0,0,0.0190510120362,0.0139121740223,0.0142004499799,0.0139121770718,0.0190510148934,1.52820184332,2.58328778832,2.50501157497,2.58328715657,1.52820116903,-0.00949700041058,-0.00693922038439,-0.00707738801213,-0.00693922190176,-0.00949700180477,0.000141102757215,8.34898024729e-05,0.000113043040161,8.34898390409e-05,0.000141102927433,474.012434774,3.73234399984,-0.15971768389,16.5186580532,461.066403037,1.45519152284e-11,9.49269823988e-20,1.78390617153e-05,4.90004923045e-07,6.59432077233e-08,-6.51111968731,-1.89794300719,-3.82918077661,-1.89794589618,-6.51113076363,-13.5102312524,-13.5102533284,0.746899193212,0.758606810813,0.75372298705,0.758606803513,0.74689916514,-6.66056125205,-2.15234462955,-4.08059184483,-2.15234745764,-6.6605722647,0.747751466619,0.759205117018,0.754323510941,0.759205109863,0.747751438681,0.000149592914166,8.61750913781e-05,0.000118207299893,8.61751316434e-05,0.00014959309818,-6.76911061709,-2.33628661705,-4.26020270416,-2.33628940048,-6.76912158242,0.748404624816,0.759675647662,0.754800860033,0.759675640615,0.748404596976
4.125,0.020625,0.0425390625,0,-6.47390915444,-1.83451633282,-3.76630004042,-1.83451923694,-6.47392024651,-13.5077005951,-13.5077226672,1,1,0.624511558772,1,1,0.746689946553,0.758460982085,0.753577082334,0.758460974749,0.746689918449,0.000151744160787,8.6812325678e-05,0.000119482726104,8.68123669069e-05,0.00015174434836,0.000151744160787,8.6812325678e-05,0.000119482726104,8.68123669069e-05,0.00015174434836,7.30055368596e-05,3.97467953174e-05,5.62210822461e-05,3.97468140533e-05,7.30056508867e-05,0.000360694463482,0.000206352093364,0.000284009332313,0.000206352191364,0.000360694909343,2.99868269023,2.99894559583,2.9988122752,2.99894559568,2.99868268938,0.000690365101475,0.000684364283071,0.000686816981782,0.000684364286775,0.000690365115888,0.3916,0.3916,0.3916,0.3916,0.3916,0,0,0,0,0,0.0190510120362,0.0139121740223,0.0142004499799,0.0139121770718,0.0190510148934,1.52820184332,2.58328778832,2.50501157497,2.58328715657,1.52820116903,-0.00949700041058,-0.00693922038439,-0.00707738801213,-0.00693922190176,-0.00949700180477,0.000141102757215,8.34898024729e-05,0.000113043040161,8.34898390409e-05,0.000141102927433,476.902754498,3.7790640761,-0.160682776266,16.6362884797,463.884847318,1.48290268953e-11,9.14117956677e-20,1.78446461068e-05,4.95998811344e-07,6.6352704498e-08,-6.47390915444,-1.83451633282,-3.76630004042,-1.83451923694,-6.47392024651,-13.5077005951,-13.5077226672,0.746689946553,0.758460982085,0.753577082334,0.758460974749,0.746689918449,-6.66056125205,-2.15234462955,-4.08059184483,-2.15234745764,-6.6605722647,0.747751466619,0.759205117018,0.754323510941,0.759205109863,0.747751438681,0.000151744160787,8.6812325678e-05,0.000119482726104,8.68123669069e-05,0.00015174434836,-6.76911061709,-2.33628661705,-4.26020270416,-2.33628940048,-6.76912158242,0.748404624816,0.759675647662,0.754800860033,0.759675640615,0.748404596976
4.15,0.02075,0.04305625,0,-6.43675812918,-1.77115864271,-3.70340903083,-1.7711615619,-6.43676923695,-13.505157477,-13.5051795451,1,1,0.624511558772,1,1,0.746482189877,0.758316614351,0.753432826291,0.758316606979,0.74648216174,0.000153906303494,8.74350060608e-05,0.000120750919473,8.74350482691e-05,0.000153906494671,0.000153906303494,8.74350060608e-05,0.000120750919473,8.74350482691e-05,0.000153906494671,7.38702281705e-05,3.99631997177e-05,5.66891675436e-05,3.99632188127e-05,7.38703439431e-05,0.000365833856652,0.000207832198861,0.000287023816196,0.00020783229919,0.000365834311079,2.99880080286,2.99907166563,2.99893476325,2.99907166547,2.99880080198,0.000694512183014,0.000688442778584,0.000690909973596,0.000688442782329,0.000694512197532,0.3916,0.3916,0.3916,0.3916,0.3916,0,0,0,0,0,0.0190510120362,0.0139121740223,0.0142004499799,0.0139121770718,0.0190510148934,1.52820184332,2.58328778832,2.50501157497,2.58328715657,1.52820116903,-0.00949700041058,-0.00693922038439,-0.00707738801213,-0.00693922190176,-0.00949700180477,0.000141102757215,8.34898024729e-05,0.000113043040161,8.34898390409e-05,0.000141102927433,479.793074223,3.82607918966,-0.161648145362,16.7541046613,466.703400606,1.46833656345e-11,9.08866352404e-20,1.78502668585e-05,5.02029136653e-07,6.67622781314e-08,-6.43675812918,-1.77115864271,-3.70340903083,-1.7711615619,-6.43676923695,-13.505157477,-13.5051795451,0.746482189877,0.758316614351,0.753432826291,0.758316606979,0.74648216174,-6.66056125205,-2.15234462955,-4.08059184483,-2.15234745764,-6.6605722647,0.747751466619,0.759205117018,0.754323510941,0.759205109863,0.747751438681,0.000153906303494,8.74350060608e-05,0.000120750919473,8.74350482691e-05,0.000153906494671,-6.76911061709,-2.33628661705,-4.26020270416,-2.33628940048,-6.76912158242,0.748404624816,0.759675647662,0.754800860033,0.759675640615,0.748404596976
4.175,0.020875,0.0435765625,0,-6.39966639501,-1.7078696865,-3.64050819791,-1.70787262073,-6.39967751839,-13.5026019236,-13.5026239878,1,1,0.624511558772,1,1,0.746275904476,0.75817368917,0.753290198664,0.758173681762,0.746275876306,0.000156079036484,8.804267257e-05,0.000122011384913,8.80427157736e-05,0.000156079231309,0.000156079036484,8.804267257e-05,0.000122011384913,8.80427157736e-05,0.000156079231309,7.47396111898e-05,4.01745025126e-05,5.71544810473e-05,4.01745219721e-05,7.47397287267e-05,0.000370998422828,0.00020927661652,0.00029001993086,0.000209276719215,0.000370998885926,2.99892218262,2.99920123218,2.9990606571,2.99920123202,2.99892218173,0.000698658906427,0.00069252054942,0.000695002140274,0.000692520553205,0.00069865892105,0.3916,0.3916,0.3916,0.3916,0.3916,0,0,0,0,0,0.0190510120362,0.0139121740223,0.0142004499799,0.0139121770718,0.0190510148934,1.52820184332,2.58328778832,2.50501157497,2.58328715657,1.52820116903,-0.00949700041058,-0.00693922038439,-0.00707738801213,-0.00693922190176,-0.00949700180477,0.000141102757215,8.34898024729e-05,0.000113043040161,8.34898390409e-05,0.000141102927433,482.683393947,3.87338937612,-0.16261380577,16.8721063015,469.522063216,1.47757361901e-11,9.75527845353e-20,1.78559239699e-05,5.08095898974e-07,6.7171929111e-08,-6.39966639501,-1.7078696865,-3.64050819791,-1.70787262073,-6.39967751839,-13.5026019236,-13.5026239878,0.746275904476,0.75817368917,0.753290198664,0.758173681762,0.746275876306,-6.66056125205,-2.15234462955,-4.08059184483,-2.15234745764,-6.6605722647,0.747751466619,0.759205117018,0.754323510941,0.759205109863,0.747751438681,0.000156079036484,8.804267257e-05,0.000122011384913,8.80427157736e-05,0.000156079231309,-6.76911061709,-2.33628661705,-4.26020270416,-2.33628940048,-6.76912158242,0.748404624816,0.759675647662,0.754800860033,0.759675640615,0.748404596976
4.2,0.021,0.0441,0,-6.36263373611,-1.64464921596,-3.57759798781,-1.64465216519,-6.36264487506,-13.5000339605,-13.5000560208,1,1,0.624511558772,1,1,0.746071071991,0.758032188448,0.753149179563,0.758032181004,0.746071043788,0.000158262047474,8.86348655491e-05,0.000123263624392,8.86349097641e-05,0.000158262245992,0.000158262047474,8.86348655491e-05,0.000123263624392,8.86349097641e-05,0.000158262245992,7.56137016651e-05,4.03805740025e-05,5.76169149484e-05,4.03805938317e-05,7.56138209852e-05,0.000376187419715,0.000210684253742,0.000292996492493,0.00021068435884,0.000376187891589,2.99904688353,2.99933435564,2.99919001482,2.99933435547,2.99904688261,0.000702805271066,0.000696597595095,0.000699093480634,0.000696597598921,0.000702805285794,0.3916,0.3916,0.3916,0.3916,0.3916,0,0,0,0,0,0.0179140274613,0.0127916319595,0.0129455509992,0.012791634941,0.0179140302572,1.50825960841,2.56010857182,2.51028899674,2.56010795353,1.50825895625,-0.00892504159986,-0.00637790994631,-0.00644787375732,-0.00637791142814,-0.00892504295771,0.000158262047474,8.86348655491e-05,0.000123263624392,8.86349097641e-05,0.000158262245992,485.573713671,3.92099467054,-0.163579772225,16.990293105,472.340835464,1.45909950788e-11,9.34954967179e-20,1.78616174404e-05,5.14199098305e-07,6.75816579326e-08,-6.36263373611,-1.64464921596,-3.57759798781,-1.64465216519,-6.36264487506,-13.5000339605,-13.5000560208,0.746071071991,0.758032188448,0.753149179563,0.758032181004,0.746071043788,-6.36263373611,-1.64464921596,-3.57759798781,-1.64465216519,-6.36264487506,0.746071071991,0.758032188448,0.753149179563,0.758032181004,0.746071043788,0.000158262047474,8.86348655491e-05,0.000123263624392,8.86349097641e-05,0.000158262245992,-6.46977987865,-1.8269628555,-3.75753063751,-1.82696576103,-6.46979097183,0.746686189837,0.758465399593,0.753584557808,0.758465392254,0.74668616173
4.225,0.021125,0.0446265625,0,-6.32565993747,-1.58149698496,-3.51467884274,-1.58149994914,-6.32567109191,-13.4974536131,-13.4974756695,1,1,0.624511558772,1,1,0.745867674407,0.757892094424,0.753009749448,0.757892086945,0.745867646171,0.0001604550181,8.92111260306e-05,0.000124507137396,8.9211171273e-05,0.000160455220354,0.0001604550181,8.92111260306e-05,0.000124507137396,8.9211171273e-05,0.000160455220354,7.6492515353e-05,4.05812817255e-05,5.80763591823e-05,4.05813019299e-05,7.64926364756e-05,0.000381400090564,0.000212054019564,0.000295952311377,0.000212054127105,0.00038140057132,2.99917496013,2.99947109682,2.99932289512,2.99947109665,2.99917495919,0.000706951276231,0.000700673915077,0.000703183993456,0.000700673918943,0.000706951291065,0.3916,0.3916,0.3916,0.3916,0.3916,0,0,0,0,0,0.0179140274613,0.0127916319595,0.0129455509992,0.012791634941,0.0179140302572,1.50825960841,2.56010857182,2.51028899674,2.56010795353,1.50825895625,-0.00892504159986,-0.00637790994631,-0.00644787375732,-0.00637791142814,-0.00892504295771,0.000158262047474,8.86348655491e-05,0.000123263624392,8.86349097641e-05,0.000158262245992,488.464033395,3.96889510748,-0.164546059608,17.1086647774,475.159717666,1.47792889038e-11,9.65109340102e-20,1.78673472695e-05,5.20338734648e-07,6.79914651001e-08,-6.32565993747,-1.58149698496,-3.51467884274,-1.58149994914,-6.32567109191,-13.4974536131,-13.4974756695,0.745867674407,0.757892094424,0.753009749448,0.757892086945,0.745867646171,-6.36263373611,-1.64464921596,-3.57759798781,-1.64465216519,-6.36264487506,0.746071071991,0.758032188448,0.753149179563,0.758032181004,0.746071043788,0.0001604550181,8.92111260306e-05,0.000124507137396,8.9211171273e-05,0.000160455220354,-6.46977987865,-1.8269628555,-3.75753063751,-1.82696576103,-6.46979097183,0.746686189837,0.758465399593,0.753584557808,0.758465392254,0.74668616173
4.25,0.02125,0.04515625,0,-6.28874478478,-1.51841274942,-3.45175120102,-1.51841572852,-6.28875595465,-13.4948609068,-13.4948829592,1,1,0.624511558772,1,1,0.745665694044,0.757753389671,0.752871889129,0.757753382155,0.745665665776,0.000162657624327,8.97709961167e-05,0.000125741421389,8.97710424027e-05,0.000162657830361,0.000162657624327,8.97709961167e-05,0.000125741421389,8.97710424027e-05,0.000162657830361,7.73760679883e-05,4.07764903868e-05,5.85327013568e-05,4.07765109719e-05,7.73761909328e-05,0.000386635665145,0.000213384825569,0.000298886192985,0.00021338493559,0.000386636154888,2.99930646749,2.99961151718,2.99945935732,2.999611517,2.99930646652,0.000711096921177,0.000704749508782,0.000707273677485,0.000704749512689,0.000711096936117,0.3916,0.3916,0.3916,0.3916,0.3916,0,0,0,0,0,0.0179140274613,0.0127916319595,0.0129455509992,0.012791634941,0.0179140302572,1.50825960841,2.56010857182,2.51028899674,2.56010795353,1.50825895625,-0.00892504159986,-0.00637790994631,-0.00644787375732,-0.00637791142814,-0.00892504295771,0.000158262047474,8.86348655491e-05,0.000123263624392,8.86349097641e-05,0.000158262245992,491.35435312,4.01709072094,-0.165512682948,17.2272210256,477.978710132,1.46016532199e-11,9.17167275287e-20,1.78731134569e-05,5.26514808001e-07,6.84013511261e-08,-6.28874478478,-1.51841274942,-3.45175120102,-1.51841572852,-6.28875595465,-13.4948609068,-13.4948829592,0.745665694044,0.757753389671,0.752871889129,0.757753382155,0.745665665776,-6.36263373611,-1.64464921596,-3.57759798781,-1.64465216519,-6.36264487506,0.746071071991,0.758032188448,0.753149179563,0.758032181004,0.746071043788,0.000162657624327,8.97709961167e-05,0.000125741421389,8.97710424027e-05,0.000162657830361,-6.46977987865,-1.8269628555,-3.75753063751,-1.82696576103,-6.46979097183,0.746686189837,0.758465399593,0.753584557808,0.758465392254,0.74668616173
4.275,0.021375,0.0456890625,0,-6.2518880645,-1.45539626735,-3.38881549712,-1.45539926131,-6.25189924974,-13.4922558668,-13.4922779153,1,1,0.624511558772,1,1,0.745465113549,0.757616057078,0.752735579752,0.757616049527,0.745465085249,0.000164869536869,9.03140193507e-05,0.000126965972265,9.03140666964e-05,0.000164869746729,0.000164869536869,9.03140193507e-05,0.000126965972265,9.03140666964e-05,0.000164869746729,7.82643752493e-05,4.09660617863e-05,5.89858266797e-05,4.09660827578e-05,7.82645000355e-05,0.000391893360753,0.000214675586762,0.000301796939065,0.000214675699302,0.000391893859588,2.99944146118,2.9997556788,2.99959946135,2.99975567861,2.99944146019,0.000715242205114,0.000708824375585,0.000711362531434,0.000708824379534,0.00071524222016,0.3916,0.3916,0.3916,0.3916,0.3916,0,0,0,0,0,0.0179140274613,0.0127916319595,0.0129455509992,0.012791634941,0.0179140302572,1.50825960841,2.56010857182,2.51028899674,2.56010795353,1.50825895625,-0.00892504159986,-0.00637790994631,-0.00644787375732,-0.00637791142814,-0.00892504295771,0.000158262047474,8.86348655491e-05,0.000123263624392,8.86349097641e-05,0.000158262245992,494.244672844,4.06558154444,-0.166479657416,17.3459615573,480.797813173,1.45590206557e-11,9.73664372869e-20,1.78789160018e-05,5.32727318366e-07,6.88113165319e-08,-6.2518880645,-1.45539626735,-3.38881549712,-1.45539926131,-6.25189924974,-13.4922558668,-13.4922779153,0.745465113549,0.757616057078,0.752735579752,0.757616049527,0.745465085249,-6.36263373611,-1.64464921596,-3.57759798781,-1.64465216519,-6.36264487506,0.746071071991,0.758032188448,0.753149179563,0.758032181004,0.746071043788,0.000164869536869,9.03140193507e-05,0.000126965972265,9.03140666964e-05,0.000164869746729,-6.46977987865,-1.8269628555,-3.75753063751,-1.82696576103,-6.46979097183,0.746686189837,0.758465399593,0.753584557808,0.758465392254,0.74668616173
4.3,0.0215,0.046225,0,-6.21508956385,-1.39244729876,-3.32587216168,-1.39245030756,-6.21510076439,-13.4896385183,-13.4896605629,1,1,0.624511558772,1,1,0.745265915887,0.75748007985,0.752600802796,0.757480072263,0.745265887554,0.000167090421623,9.08397410761e-05,0.000128180284805,9.08397894978e-05,0.000167090635352,0.000167090421623,9.08397410761e-05,0.000128180284805,9.08397894978e-05,0.000167090635352,7.91574527211e-05,4.11498547463e-05,5.94356178827e-05,4.11498761097e-05,7.91575793689e-05,0.000397172383225,0.00021592522243,0.000304683348716,0.000215925337528,0.000397172891257,2.99957999728,2.99990364433,2.99974326772,2.99990364414,2.99957999626,0.000719387127213,0.000712898514822,0.00071545055399,0.000712898518812,0.000719387142365,0.3916,0.3916,0.3916,0.3916,0.3916,0,0,0,0,0,0.0179140274613,0.0127916319595,0.0129455509992,0.012791634941,0.0179140302572,1.50825960841,2.56010857182,2.51028899674,2.56010795353,1.50825895625,-0.00892504159986,-0.00637790994631,-0.00644787375732,-0.00637791142814,-0.00892504295771,0.000158262047474,8.86348655491e-05,0.000123263624392,8.86349097641e-05,0.000158262245992,497.134992568,4.11436761097,-0.167446998331,17.4648860815,483.617027099,1.47082346302e-11,9.77306614542e-20,1.78847549039e-05,5.38976265741e-07,6.92213618477e-08,-6.21508956385,-1.39244729876,-3.32587216168,-1.39245030756,-6.21510076439,-13.4896385183,-13.4896605629,0.745265915887,0.75748007985,0.752600802796,0.757480072263,0.745265887554,-6.36263373611,-1.64464921596,-3.57759798781,-1.64465216519,-6.36264487506,0.746071071991,0.758032188448,0.753149179563,0.758032181004,0.746071043788,0.000167090421623,9.08397410761e-05,0.000128180284805,9.08397894978e-05,0.000167090635352,-6.46977987865,-1.8269628555,-3.75753063751,-1.82696576103,-6.46979097183,0.746686189837,0.758465399593,0.753584557808,0.758465392254,0.74668616173
4.325,0.021625,0.0467640625,0,-6.17834907077,-1.3295656057,-3.26292162155,-1.32956862929,-6.17836028655,-13.4870088864,-13.4870309271,1,1,0.624511558772,1,1,0.745068084335,0.757345441496,0.752467540059,0.757345433874,0.74506805597,0.000169319940097,9.13477087834e-05,0.000129383853119,9.13477582973e-05,0.000169320157739,0.000169319940097,9.13477087834e-05,0.000129383853119,9.13477582973e-05,0.000169320157739,8.00553158552e-05,4.13277250374e-05,5.9881955145e-05,4.13277467986e-05,8.00554443847e-05,0.000402471927969,0.000217132656961,0.00030754421944,0.000217132774655,0.000402472445303,2.99972213231,3.00005547701,2.99989083749,3.00005547681,2.99972213127,0.000723531686611,0.000716971925793,0.000719537743818,0.000716971929824,0.000723531701869,0.3916,0.3916,0.3916,0.3916,0.3916,0,0,0,0,0,0.0179140274613,0.0127916319595,0.0129455509992,0.012791634941,0.0179140302572,1.50825960841,2.56010857182,2.51028899674,2.56010795353,1.50825895625,-0.00892504159986,-0.00637790994631,-0.00644787375732,-0.00637791142814,-0.00892504295771,0.000158262047474,8.86348655491e-05,0.000123263624392,8.86349097641e-05,0.000158262245992,500.025312292,4.16344895303,-0.168414721154,17.5839943081,486.436352216,1.49675827288e-11,1.00729158087e-19,1.78906301625e-05,5.45261650127e-07,6.96314876128e-08,-6.17834907077,-1.3295656057,-3.26292162155,-1.32956862929,-6.17836028655,-13.4870088864,-13.4870309271,0.745068084335,0.757345441496,0.752467540059,0.757345433874,0.74506805597,-6.36263373611,-1.64464921596,-3.57759798781,-1.64465216519,-6.36264487506,0.746071071991,0.758032188448,0.753149179563,0.758032181004,0.746071043788,0.000169319940097,9.13477087834e-05,0.000129383853119,9.13477582973e-05,0.000169320157739,-6.46977987865,-1.8269628555,-3.75753063751,-1.82696576103,-6.46979097183,0.746686189837,0.758465399593,0.753584557808,0.758465392254,0.74668616173
4.35,0.02175,0.04730625,0,-6.14166637398,-1.26675095219,-3.19996429984,-1.26675399053,-6.14167760493,-13.4843669961,-13.4843890329,1,1,0.624511558772,1,1,0.744871602474,0.757212125825,0.752335773659,0.757212118168,0.744871574078,0.000171557749845,9.18374724417e-05,0.00013057617108,9.18375230643e-05,0.000171557971445,0.000171557749845,9.18374724417e-05,0.00013057617108,9.18375230643e-05,0.000171557971445,8.09579799262e-05,4.14995253056e-05,6.03247160144e-05,4.14995474704e-05,8.09581103577e-05,0.000407791180995,0.000218296820636,0.00031037834818,0.000218296940966,0.000407791707736,2.99986792322,3.00021124057,3.00004223221,3.00021124036,2.99986792215,0.000727675882411,0.000721044607769,0.000723624099564,0.000721044611841,0.000727675897776,0.3916,0.3916,0.3916,0.3916,0.3916,0,0,0,0,0,0.0179140274613,0.0127916319595,0.0129455509992,0.012791634941,0.0179140302572,1.50825960841,2.56010857182,2.51028899674,2.56010795353,1.50825895625,-0.00892504159986,-0.00637790994631,-0.00644787375732,-0.00637791142814,-0.00892504295771,0.000158262047474,8.86348655491e-05,0.000123263624392,8.86349097641e-05,0.000158262245992,502.915632016,4.21282560263,-0.169382841493,17.7032859481,489.255788829,1.49924517245e-11,9.88063932972e-20,1.78965417771e-05,5.51583471524e-07,7.00416943761e-08,-6.14166637398,-1.26675095219,-3.19996429984,-1.26675399053,-6.14167760493,-13.4843669961,-13.4843890329,0.744871602474,0.757212125825,0.752335773659,0.757212118168,0.744871574078,-6.36263373611,-1.64464921596,-3.57759798781,-1.64465216519,-6.36264487506,0.746071071991,0.758032188448,0.753149179563,0.758032181004,0.746071043788,0.000171557749845,9.18374724417e-05,0.00013057617108,9.18375230643e-05,0.000171557971445,-6.46977987865,-1.8269628555,-3.75753063751,-1.82696576103,-6.46979097183,0.746686189837,0.758465399593,0.753584557808,0.758465392254,0.74668616173
4.375,0.021875,0.0478515625,0,-6.10504126291,-1.20400310426,-3.13700061591,-1.2040061573,-6.10505250898,-13.4817128722,-13.4817349052,1,1,0.624511558772,1,1,0.744676454184,0.757080116936,0.752205486018,0.757080109244,0.744676425756,0.000173803504897,9.2308584816e-05,0.000131756732747,9.23086365636e-05,0.000173803730499,0.000173803504897,9.2308584816e-05,0.000131756732747,9.23086365636e-05,0.000173803730499,8.18654599845e-05,4.16651049972e-05,6.07637753262e-05,4.16651275715e-05,8.18655923387e-05,0.000413129319937,0.000219416650383,0.00031318453232,0.000219416773386,0.000413129856189,3.00001742735,3.00037099923,3.00019751394,3.00037099902,3.00001742625,0.000731819713692,0.000725116559996,0.000727709619857,0.00072511656411,0.000731819729164,0.3916,0.3916,0.3916,0.3916,0.3916,0,0,0,0,0,0.0179140274613,0.0127916319595,0.0129455509992,0.012791634941,0.0179140302572,1.50825960841,2.56010857182,2.51028899674,2.56010795353,1.50825895625,-0.00892504159986,-0.00637790994631,-0.00644787375732,-0.00637791142814,-0.00892504295771,0.000158262047474,8.86348655491e-05,0.000123263624392,8.86349097641e-05,0.000158262245992,505.805951741,4.26249759127,-0.170351375101,17.8227607137,492.075337243,1.50492951434e-11,1.00949386654e-19,1.79024897472e-05,5.57941729932e-07,7.0451982696e-08,-6.10504126291,-1.20400310426,-3.13700061591,-1.2040061573,-6.10505250898,-13.4817128722,-13.4817349052,0.744676454184,0.757080116936,0.752205486018,0.757080109244,0.744676425756,-6.36263373611,-1.64464921596,-3.57759798781,-1.64465216519,-6.36264487506,0.746071071991,0.758032188448,0.753149179563,0.758032181004,0.746071043788,0.000173803504897,9.2308584816e-05,0.000131756732747,9.23086365636e-05,0.000173803730499,-6.46977987865,-1.8269628555,-3.75753063751,-1.82696576103,-6.46979097183,0.746686189837,0.758465399593,0.753584557808,0.758465392254,0.74668616173
4.4,0.022,0.0484,0,-6.06847352779,-1.14132182985,-3.07403098544,-1.14132489756,-6.0684847889,-13.4790465397,-13.4790685688,1,1,0.624511558772,1,1,0.744482623634,0.756949399216,0.752076659864,0.756949391489,0.744482595173,0.000176056856187,9.27606017677e-05,0.000132925032775,9.27606546567e-05,0.000176057085834,0.000176056856187,9.27606017677e-05,0.000132925032775,9.27606546567e-05,0.000176057085834,8.27777708064e-05,4.18243102853e-05,6.11990051218e-05,4.18243332752e-05,8.27779051043e-05,0.000418485515064,0.000220491090487,0.000315961570657,0.000220491216203,0.000418486060932,3.0001707024,3.00053481765,3.00035674515,3.00053481743,3.00017070128,0.00073596317951,0.000729187781699,0.000731794303321,0.000729187785855,0.000735963195087,0.3916,0.3916,0.3916,0.3916,0.3916,0,0,0,0,0,0.0168953117748,0.0117869947708,0.0118169828651,0.0117869976863,0.0168953145121,1.48888898056,2.53762498905,2.51431339396,2.53762438411,1.48888834978,-0.00841208884575,-0.00587475786989,-0.00588163789059,-0.00587475931697,-0.00841209016802,0.000176056856187,9.27606017677e-05,0.000132925032775,9.27606546567e-05,0.000176057085834,508.696271465,4.31246494998,-0.171320337873,17.9424183179,494.894997759,1.50741641392e-11,1.00703747099e-19,1.79084740722e-05,5.64336425351e-07,7.08623531407e-08,-6.06847352779,-1.14132182985,-3.07403098544,-1.14132489756,-6.0684847889,-13.4790465397,-13.4790685688,0.744482623634,0.756949399216,0.752076659864,0.756949391489,0.744482595173,-6.06847352779,-1.14132182985,-3.07403098544,-1.14132489756,-6.0684847889,0.744482623634,0.756949399216,0.752076659864,0.756949391489,0.744482595173,0.000176056856187,9.27606017677e-05,0.000132925032775,9.27606546567e-05,0.000176057085834,-6.17425673338,-1.32205484198,-3.25419953763,-1.32205786694,-6.17426795023,0.745063477379,0.757349012577,0.752474137447,0.757349004952,0.745063449011
4.425,0.022125,0.0489515625,0,-6.03196295954,-1.07870689885,-3.01105582046,-1.07870998119,-6.03197423564,-13.4763680232,-13.4763900484,1,1,0.624511558772,1,1,0.744290095276,0.756819957327,0.751949278216,0.756819949565,0.744290066784,0.000178317451967,9.31930825388e-05,0.000134080566807,9.31931365856e-05,0.000178317685703,0.000178317451967,9.31930825388e-05,0.000134080566807,9.31931365856e-05,0.000178317685703,8.36949268402e-05,4.19769839957e-05,6.16302745643e-05,4.19770074073e-05,8.36950631028e-05,0.000423858930276,0.00022151909327,0.000318708264339,0.000221519221739,0.000423859485863,3.00032780638,3.00070276085,3.00051998871,3.00070276063,3.00032780523,0.000740106278899,0.000733258272088,0.00073587814857,0.000733258276286,0.000740106294584,0.3916,0.3916,0.3916,0.3916,0.3916,0,0,0,0,0,0.0168953117748,0.0117869947708,0.0118169828651,0.0117869976863,0.0168953145121,1.48888898056,2.53762498905,2.51431339396,2.53762438411,1.48888834978,-0.00841208884575,-0.00587475786989,-0.00588163789059,-0.00587475931697,-0.00841209016802,0.000176056856187,9.27606017677e-05,0.000132925032775,9.27606546567e-05,0.000176057085834,511.586591189,4.3627277093,-0.172289745852,18.0622584749,497.714770678,1.52766688188e-11,1.06073935985e-19,1.79144947515e-05,5.70767557781e-07,7.1272806289e-08,-6.03196295954,-1.07870689885,-3.01105582046,-1.07870998119,-6.03197423564,-13.4763680232,-13.4763900484,0.744290095276,0.756819957327,0.751949278216,0.756819949565,0.744290066784,-6.06847352779,-1.14132182985,-3.07403098544,-1.14132489756,-6.0684847889,0.744482623634,0.756949399216,0.752076659864,0.756949391489,0.744482595173,0.000178317451967,9.31930825388e-05,0.000134080566807,9.31931365856e-05,0.000178317685703,-6.17425673338,-1.32205484198,-3.25419953763,-1.32205786694,-6.17426795023,0.745063477379,0.757349012577,0.752474137447,0.757349004952,0.745063449011
4.45,0.02225,0.04950625,0,-5.99550934987,-1.01615808309,-2.94807552936,-1.01616118002,-5.99552064089,-13.4736773475,-13.4736993688,1,1,0.624511558772,1,1,0.744098853843,0.756691776203,0.751823324383,0.756691768407,0.744098825318,0.000180584938219,9.36055900194e-05,0.000135222831854,9.36056452405e-05,0.000180585176087,0.000180584938219,9.36055900194e-05,0.000135222831854,9.36056452405e-05,0.000180585176087,8.46169421479e-05,4.21229655327e-05,6.20574498545e-05,4.21229893722e-05,8.46170803966e-05,0.000429248724077,0.000222499619728,0.000321423417765,0.000222499750988,0.000429249289487,3.00048879755,3.00087489418,3.0006873078,3.00087489395,3.00048879637,0.000744249010884,0.000737328030362,0.00073996115422,0.000737328034602,0.000744249026676,0.3916,0.3916,0.3916,0.3916,0.3916,0,0,0,0,0,0.0168953117748,0.0117869947708,0.0118169828651,0.0117869976863,0.0168953145121,1.48888898056,2.53762498905,2.51431339396,2.53762438411,1.48888834978,-0.00841208884575,-0.00587475786989,-0.00588163789059,-0.00587475931697,-0.00841209016802,0.000176056856187,9.27606017677e-05,0.000132925032775,9.27606546567e-05,0.000176057085834,514.476910913,4.41328589929,-0.173259615225,18.1822808999,500.534656298,1.55786494815e-11,1.05658889841e-19,1.79205517845e-05,5.77235127222e-07,7.16833427299e-08,-5.99550934987,-1.01615808309,-2.94807552936,-1.01616118002,-5.99552064089,-13.4736773475,-13.4736993688,0.744098853843,0.756691776203,0.751823324383,0.756691768407,0.744098825318,-6.06847352779,-1.14132182985,-3.07403098544,-1.14132489756,-6.0684847889,0.744482623634,0.756949399216,0.752076659864,0.756949391489,0.744482595173,0.000180584938219,9.36055900194e-05,0.000135222831854,9.36056452405e-05,0.000180585176087,-6.17425673338,-1.32205484198,-3.25419953763,-1.32205786694,-6.17426795023,0.745063477379,0.757349012577,0.752474137447,0.757349004952,0.745063449011
4.475,0.022375,0.0500640625,0,-5.95911249121,-0.953675156272,-2.88509051694,-0.953678267736,-5.9591237971,-13.470974537,-13.4709965545,1,1,0.624511558772,1,1,0.743908884334,0.756564841046,0.751698781955,0.756564833214,0.743908855778,0.000182858959053,9.39976909978e-05,0.000136351326653,9.39977474097e-05,0.000182859201097,0.000182858959053,9.39976909978e-05,0.000136351326653,9.39977474097e-05,0.000182859201097,8.55438303446e-05,4.22620908069e-05,6.24803941439e-05,4.22621150807e-05,8.55439706012e-05,0.000434654050518,0.000223431640118,0.000324105839441,0.000223431774209,0.000434654625855,3.0006537344,3.00105128325,3.00085876592,3.00105128301,3.00065373319,0.000748391374478,0.000741397055713,0.000744043318888,0.000741397059996,0.000748391390376,0.3916,0.3916,0.3916,0.3916,0.3916,0,0,0,0,0,0.0168953117748,0.0117869947708,0.0118169828651,0.0117869976863,0.0168953145121,1.48888898056,2.53762498905,2.51431339396,2.53762438411,1.48888834978,-0.00841208884575,-0.00587475786989,-0.00588163789059,-0.00587475931697,-0.00841209016802,0.000176056856187,9.27606017677e-05,0.000132925032775,9.27606546567e-05,0.000176057085834,517.367230638,4.46413954958,-0.174229962324,18.3024853092,503.354654916,1.552891149e-11,1.07674828255e-19,1.79266451706e-05,5.83739133674e-07,7.20939630635e-08,-5.95911249121,-0.953675156272,-2.88509051694,-0.953678267736,-5.9591237971,-13.470974537,-13.4709965545,0.743908884334,0.756564841046,0.751698781955,0.756564833214,0.743908855778,-6.06847352779,-1.14132182985,-3.07403098544,-1.14132489756,-6.0684847889,0.744482623634,0.756949399216,0.752076659864,0.756949391489,0.744482595173,0.000182858959053,9.39976909978e-05,0.000136351326653,9.39977474097e-05,0.000182859201097,-6.17425673338,-1.32205484198,-3.25419953763,-1.32205786694,-6.17426795023,0.745063477379,0.757349012577,0.752474137447,0.757349004952,0.745063449011
4.5,0.0225,0.050625,0,-5.92277217674,-0.891257893967,-2.82210118442,-0.891261019934,-5.92278349744,-13.4682596162,-13.4682816299,1,1,0.624511558772,1,1,0.743720172016,0.756439137314,0.751575634796,0.756439129448,0.743720143429,0.000185139157091,9.4368956394e-05,0.000137465552016,9.43690140133e-05,0.000185139403356,0.000185139157091,9.4368956394e-05,0.000137465552016,9.43690140133e-05,0.000185139403356,8.64756045332e-05,4.23941921627e-05,6.28989674486e-05,4.23942168772e-05,8.64757468194e-05,0.000440074060118,0.000224314134524,0.0003267543428,0.000224314271484,0.000440074645485,3.00082267554,3.00123199384,3.00103442673,3.00123199359,3.0008226743,0.000752533368687,0.000745465347334,0.000748124641202,0.000745465351659,0.000752533384692,0.3916,0.3916,0.3916,0.3916,0.3916,0,0,0,0,0,0.0168953117748,0.0117869947708,0.0118169828651,0.0117869976863,0.0168953145121,1.48888898056,2.53762498905,2.51431339396,2.53762438411,1.48888834978,-0.00841208884575,-0.00587475786989,-0.00588163789059,-0.00587475931697,-0.00841209016802,0.000176056856187,9.27606017677e-05,0.000132925032775,9.27606546567e-05,0.000176057085834,520.257550362,4.51528868928,-0.175200803626,18.42287142,506.174766827,1.52340362547e-11,1.06192520597e-19,1.79327749092e-05,5.90279577136e-07,7.25046679014e-08,-5.92277217674,-0.891257893967,-2.82210118442,-0.891261019934,-5.92278349744,-13.4682596162,-13.4682816299,0.743720172016,0.756439137314,0.751575634796,0.756439129448,0.743720143429,-6.06847352779,-1.14132182985,-3.07403098544,-1.14132489756,-6.0684847889,0.744482623634,0.756949399216,0.752076659864,0.756949391489,0.744482595173,0.000185139157091,9.4368956394e-05,0.000137465552016,9.43690140133e-05,0.000185139403356,-6.17425673338,-1.32205484198,-3.25419953763,-1.32205786694,-6.17426795023,0.745063477379,0.757349012577,0.752474137447,0.757349004952,0.745063449011
4.525,0.022625,0.0511890625,0,-5.8864882004,-0.828906073622,-2.7591079295,-0.828909214051,-5.88649953584,-13.4655326096,-13.4655546194,1,1,0.624511558772,1,1,0.743532702416,0.75631465072,0.751453867042,0.75631464282,0.743532673798,0.000187425173844,9.47189614765e-05,0.000138565011152,9.47190203195e-05,0.000187425424371,0.000187425173844,9.47189614765e-05,0.000138565011152,9.47190203195e-05,0.000187425424371,8.74122772355e-05,4.25190983076e-05,6.33130265616e-05,4.25191234693e-05,8.74124215736e-05,0.000445507900746,0.00022514609336,0.000329367746974,0.000225146233229,0.000445508496247,3.00099567969,3.00141709185,3.00121435408,3.0014170916,3.00099567841,0.000756674992519,0.00074953290442,0.0007522051198,0.000749532908787,0.000756675008632,0.3916,0.3916,0.3916,0.3916,0.3916,0,0,0,0,0,0.0168953117748,0.0117869947708,0.0118169828651,0.0117869976863,0.0168953145121,1.48888898056,2.53762498905,2.51431339396,2.53762438411,1.48888834978,-0.00841208884575,-0.00587475786989,-0.00588163789059,-0.00587475931697,-0.00841209016802,0.000176056856187,9.27606017677e-05,0.000132925032775,9.27606546567e-05,0.000176057085834,523.147870086,4.56673334709,-0.176172155755,18.5434389507,508.994992327,1.54614099301e-11,1.07776472209e-19,1.79389409997e-05,5.9685645761e-07,7.29154578665e-08,-5.8864882004,-0.828906073622,-2.7591079295,-0.828909214051,-5.88649953584,-13.4655326096,-13.4655546194,0.743532702416,0.75631465072,0.751453867042,0.75631464282,0.743532673798,-6.06847352779,-1.14132182985,-3.07403098544,-1.14132489756,-6.0684847889,0.744482623634,0.756949399216,0.752076659864,0.756949391489,0.744482595173,0.000187425173844,9.47189614765e-05,0.000138565011152,9.47190203195e-05,0.000187425424371,-6.17425673338,-1.32205484198,-3.25419953763,-1.32205786694,-6.17426795023,0.745063477379,0.757349012577,0.752474137447,0.757349004952,0.745063449011
4.55,0.02275,0.05175625,0,-5.85026035686,-0.766619474514,-2.69611114638,-0.766622629365,-5.85027170698,-13.4627935415,-13.4628155474,1,1,0.624511558772,1,1,0.743346461311,0.756191367226,0.75133346309,0.756191359291,0.743346432661,0.000189716650063,9.50472860616e-05,0.000139649209977,9.5047346145e-05,0.000189716904896,0.000189716650063,9.50472860616e-05,0.000139649209977,9.5047346145e-05,0.000189716904896,8.83538603203e-05,4.26366342431e-05,6.37224249649e-05,4.26366598587e-05,8.83540067327e-05,0.000450954718477,0.000225926517855,0.00033194487753,0.000225926660673,0.000450955324212,3.00117280559,3.00160664323,3.00139861187,3.00160664297,3.00117280428,0.000760816244985,0.000753599726176,0.000756284753338,0.000753599730586,0.000760816261205,0.3916,0.3916,0.3916,0.3916,0.3916,0,0,0,0,0,0.0168953117748,0.0117869947708,0.0118169828651,0.0117869976863,0.0168953145121,1.48888898056,2.53762498905,2.51431339396,2.53762438411,1.48888834978,-0.00841208884575,-0.00587475786989,-0.00588163789059,-0.00587475931697,-0.00841209016802,0.000176056856187,9.27606017677e-05,0.000132925032775,9.27606546567e-05,0.000176057085834,526.03818981,4.61847355122,-0.177144035481,18.6641876205,511.815331706,1.57029944603e-11,1.08792911745e-19,1.79451434415e-05,6.03469775095e-07,7.33263335945e-08,-5.85026035686,-0.766619474514,-2.69611114638,-0.766622629365,-5.85027170698,-13.4627935415,-13.4628155474,0.743346461311,0.756191367226,0.75133346309,0.756191359291,0.743346432661,-6.06847352779,-1.14132182985,-3.07403098544,-1.14132489756,-6.0684847889,0.744482623634,0.756949399216,0.752076659864,0.756949391489,0.744482595173,0.000189716650063,9.50472860616e-05,0.000139649209977,9.5047346145e-05,0.000189716904896,-6.17425673338,-1.32205484198,-3.25419953763,-1.32205786694,-6.17426795023,0.745063477379,0.757349012577,0.752474137447,0.757349004952,0.745063449011
4.575,0.022875,0.0523265625,0,-5.81408844154,-0.704397877743,-2.63311122578,-0.704401046975,-5.81409980627,-13.460042436,-13.4600644381,1,1,0.624511558772,1,1,0.743161434727,0.756069273033,0.751214407594,0.756069265064,0.743161406046,0.000192013226088,9.53535146981e-05,0.000140717657405,9.53535760385e-05,0.00019201348527,0.000192013226088,9.53535146981e-05,0.000140717657405,9.53535760385e-05,0.00019201348527,8.93003649272e-05,4.27466211974e-05,6.41270127414e-05,4.27466472736e-05,8.93005134368e-05,0.000456413658399,0.000226654420485,0.000334484567162,0.000226654566291,0.000456414274471,3.00135411192,3.00180071386,3.001587264,3.0018007136,3.00135411058,0.000764957125103,0.000757665811821,0.000760363540495,0.000757665816274,0.00076495714143,0.3916,0.3916,0.3916,0.3916,0.3916,0,0,0,0,0,0.0168953117748,0.0117869947708,0.0118169828651,0.0117869976863,0.0168953145121,1.48888898056,2.53762498905,2.51431339396,2.53762438411,1.48888834978,-0.00841208884575,-0.00587475786989,-0.00588163789059,-0.00587475931697,-0.00841209016802,0.000176056856187,9.27606017677e-05,0.000132925032775,9.27606546567e-05,0.000176057085834,528.928509535,4.67050932946,-0.17811645972,18.7851171499,514.635785254,1.61008983923e-11,1.07056494203e-19,1.79513822339e-05,6.1011952959e-07,7.37372957334e-08,-5.81408844154,-0.704397877743,-2.63311122578,-0.704401046975,-5.81409980627,-13.460042436,-13.4600644381,0.743161434727,0.756069273033,0.751214407594,0.756069265064,0.743161406046,-6.06847352779,-1.14132182985,-3.07403098544,-1.14132489756,-6.0684847889,0.744482623634,0.756949399216,0.752076659864,0.756949391489,0.744482595173,0.000192013226088,9.53535146981e-05,0.000140717657405,9.53535760385e-05,0.00019201348527,-6.17425673338,-1.32205484198,-3.25419953763,-1.32205786694,-6.17426795023,0.745063477379,0.757349012577,0.752474137447,0.757349004952,0.745063449011
4.6,0.023,0.0529,0,-5.77797225058,-0.642241066209,-2.57010855497,-0.642244249782,-5.77798362987,-13.4572793173,-13.4573013156,1,1,0.624511558772,1,1,0.742977608931,0.755948354581,0.751096685462,0.755948346578,0.742977580219,0.000194314542175,9.56372368351e-05,0.000141769865619,9.56372994489e-05,0.000194314805748,0.000194314542175,9.56372368351e-05,0.000141769865619,9.56372994489e-05,0.000194314805748,9.02518013878e-05,4.28488765601e-05,6.45266364879e-05,4.28489031038e-05,9.02519520175e-05,0.000461883865402,0.000227328825375,0.000336985656333,0.000227328974207,0.000461884491913,3.00153965726,3.0019993695,3.00178037428,3.00199936922,3.00153965589,0.000769097631905,0.000761731160593,0.000764441479976,0.000761731165089,0.00076909764834,0.3916,0.3916,0.3916,0.3916,0.3916,0,0,0,0,0,0.0159774014488,0.010881044974,0.0107967235421,0.0108810478255,0.0159774041304,1.47007464267,2.51579095145,2.51717019528,2.51579035973,1.47007403254,-0.00794944526134,-0.00542120183307,-0.00536972139418,-0.00542120324618,-0.00794944654887,0.000194314542175,9.56372368351e-05,0.000141769865619,9.56372994489e-05,0.000194314805748,531.818829259,4.72284070913,-0.179089445536,18.9062272602,517.456353262,1.57385215971e-11,1.07564713972e-19,1.79576573762e-05,6.16805721097e-07,7.41483449447e-08,-5.77797225058,-0.642241066209,-2.57010855497,-0.642244249782,-5.77798362987,-13.4572793173,-13.4573013156,0.742977608931,0.755948354581,0.751096685462,0.755948346578,0.742977580219,-5.77797225058,-0.642241066209,-2.57010855497,-0.642244249782,-5.77798362987,0.742977608931,0.755948354581,0.751096685462,0.755948346578,0.742977580219,0.000194314542175,9.56372368351e-05,0.000141769865619,9.56372994489e-05,0.000194314805748,-5.88243170613,-0.821438031955,-2.75043298021,-0.821441173717,-5.8824430426,0.743527437884,0.75631756402,0.751459777863,0.756317556117,0.743527409263
4.625,0.023125,0.0534765625,0,-5.74191158089,-0.580148824598,-2.50710351781,-0.580152022471,-5.74192297468,-13.4545042095,-13.454526204,1,1,0.624511558772,1,1,0.742794970427,0.755828598538,0.750980281846,0.755828590501,0.742794941685,0.000196620238804,9.58980469747e-05,0.000142805350329,9.58981108785e-05,0.000196620506811,0.000196620238804,9.58980469747e-05,0.000142805350329,9.58981108785e-05,0.000196620506811,9.12081791431e-05,4.29432138198e-05,6.49211392276e-05,4.29432408379e-05,9.12083319161e-05,0.000467364484916,0.000227948768659,0.00033944699389,0.000227948920558,0.000467365121967,3.00172949996,3.00220267566,3.00197800637,3.00220267537,3.00172949856,0.000773237764439,0.000765795771754,0.000768518570515,0.000765795776293,0.000773237780982,0.3916,0.3916,0.3916,0.3916,0.3916,0,0,0,0,0,0.0159774014488,0.010881044974,0.0107967235421,0.0108810478255,0.0159774041304,1.47007464267,2.51579095145,2.51717019528,2.51579035973,1.47007403254,-0.00794944526134,-0.00542120183307,-0.00536972139418,-0.00542120324618,-0.00794944654887,0.000194314542175,9.56372368351e-05,0.000141769865619,9.56372994489e-05,0.000194314805748,534.709148983,4.77546771713,-0.180063010143,19.0275176738,520.277036016,1.61790580933e-11,1.08301632636e-19,1.79639688677e-05,6.23528349614e-07,7.45594819038e-08,-5.74191158089,-0.580148824598,-2.50710351781,-0.580152022471,-5.74192297468,-13.4545042095,-13.454526204,0.742794970427,0.755828598538,0.750980281846,0.755828590501,0.742794941685,-5.77797225058,-0.642241066209,-2.57010855497,-0.642244249782,-5.77798362987,0.742977608931,0.755948354581,0.751096685462,0.755948346578,0.742977580219,0.000196620238804,9.58980469747e-05,0.000142805350329,9.58981108785e-05,0.000196620506811,-5.88243170613,-0.821438031955,-2.75043298021,-0.821441173717,-5.8824430426,0.743527437884,0.75631756402,0.751459777863,0.756317556117,0.743527409263
4.65,0.02325,0.05405625,0,-5.70590623011,-0.518120939359,-2.44409649479,-0.518124151492,-5.70591763834,-13.4517171365,-13.4517391272,1,1,0.624511558772,1,1,0.74261350595,0.755709991802,0.750865182138,0.75570998373,0.742613477177,0.000198929956985,9.6135544811e-05,0.000143823631008,9.61356100213e-05,0.000198930229468,0.000198929956985,9.6135544811e-05,0.000143823631008,9.61356100213e-05,0.000198930229468,9.21695066582e-05,4.30294425044e-05,6.53103603243e-05,4.3029470004e-05,9.21696615981e-05,0.000472854663619,0.000228513298814,0.000341867437622,0.000228513453818,0.00047285531131,3.00192369812,3.00241069754,3.00218022364,3.00241069725,3.00192369668,0.000777377521774,0.000769859644593,0.000772594810885,0.000769859649176,0.000777377538425,0.3916,0.3916,0.3916,0.3916,0.3916,0,0,0,0,0,0.0159774014488,0.010881044974,0.0107967235421,0.0108810478255,0.0159774041304,1.47007464267,2.51579095145,2.51717019528,2.51579035973,1.47007403254,-0.00794944526134,-0.00542120183307,-0.00536972139418,-0.00542120324618,-0.00794944654887,0.000194314542175,9.56372368351e-05,0.000141769865619,9.56372994489e-05,0.000194314805748,537.599468707,4.82839037992,-0.181037170901,19.1489881142,523.097833802,1.62394542258e-11,1.05176081061e-19,1.79703167078e-05,6.30287415142e-07,7.49707073006e-08,-5.70590623011,-0.518120939359,-2.44409649479,-0.518124151492,-5.70591763834,-13.4517171365,-13.4517391272,0.74261350595,0.755709991802,0.750865182138,0.75570998373,0.742613477177,-5.77797225058,-0.642241066209,-2.57010855497,-0.642244249782,-5.77798362987,0.742977608931,0.755948354581,0.751096685462,0.755948346578,0.742977580219,0.000198929956985,9.6135544811e-05,0.000143823631008,9.61356100213e-05,0.000198930229468,-5.88243170613,-0.821438031955,-2.75043298021,-0.821441173717,-5.8824430426,0.743527437884,0.75631756402,0.751459777863,0.756317556117,0.743527409263
4.675,0.023375,0.0546390625,0,-5.66995599662,-0.45615719869,-2.38108786303,-0.456160425042,-5.66996741922,-13.4489181222,-13.4489401091,1,1,0.624511558772,1,1,0.74243320246,0.755592521486,0.750751371969,0.755592513381,0.742433173656,0.00020124333853,9.63493353536e-05,0.000144824231113,9.6349401887e-05,0.000201243615532,0.00020124333853,9.63493353536e-05,0.000144824231113,9.6349401887e-05,0.000201243615532,9.31357913341e-05,4.31073681245e-05,6.56941353977e-05,4.31073961127e-05,9.31359484649e-05,0.000478353550106,0.000229021476952,0.000344245854796,0.000229021635101,0.000478354208537,3.00212230946,3.00262349993,3.00238708915,3.00262349963,3.00212230798,0.000781516903007,0.000773922778435,0.000776670199896,0.000773922783061,0.000781516919766,0.3916,0.3916,0.3916,0.3916,0.3916,0,0,0,0,0,0.0159774014488,0.010881044974,0.0107967235421,0.0108810478255,0.0159774041304,1.47007464267,2.51579095145,2.51717019528,2.51579035973,1.47007403254,-0.00794944526134,-0.00542120183307,-0.00536972139418,-0.00542120324618,-0.00794944654887,0.000194314542175,9.56372368351e-05,0.000141769865619,9.56372994489e-05,0.000194314805748,540.489788431,4.88160872354,-0.182011945323,19.2706383056,525.918746904,1.6481038756e-11,1.14425680845e-19,1.79767008958e-05,6.37082917682e-07,7.53820218404e-08,-5.66995599662,-0.45615719869,-2.38108786303,-0.456160425042,-5.66996741922,-13.4489181222,-13.4489401091,0.74243320246,0.755592521486,0.750751371969,0.755592513381,0.742433173656,-5.77797225058,-0.642241066209,-2.57010855497,-0.642244249782,-5.77798362987,0.742977608931,0.755948354581,0.751096685462,0.755948346578,0.742977580219,0.00020124333853,9.63493353536e-05,0.000144824231113,9.6349401887e-05,0.000201243615532,-5.88243170613,-0.821438031955,-2.75043298021,-0.821441173717,-5.8824430426,0.743527437884,0.75631756402,0.751459777863,0.756317556117,0.743527409263
4.7,0.0235,0.055225,0,-5.63406067952,-0.394257392516,-2.31807799634,-0.394260633047,-5.63407211644,-13.4461071904,-13.4461291735,1,1,0.624511558772,1,1,0.742254047138,0.755476174924,0.750638837197,0.755476166785,0.742254018303,0.000203560026328,9.65390290388e-05,0.000145806678294,9.65390969119e-05,0.000203560307891,0.000203560026328,9.65390290388e-05,0.000145806678294,9.65390969119e-05,0.000203560307891,9.41070394177e-05,4.31767921204e-05,6.60722962403e-05,4.31768206045e-05,9.41071987634e-05,0.000483860295527,0.000229472377083,0.000346581122639,0.000229472538417,0.000483860964798,3.00232539123,3.00284114707,3.00259866547,3.00284114676,3.00232538972,0.000785655907262,0.000777985172641,0.000780744736406,0.000777985177311,0.000785655924129,0.3916,0.3916,0.3916,0.3916,0.3916,0,0,0,0,0,0.0159774014488,0.010881044974,0.0107967235421,0.0108810478255,0.0159774041304,1.47007464267,2.51579095145,2.51717019528,2.51579035973,1.47007403254,-0.00794944526134,-0.00542120183307,-0.00536972139418,-0.00542120324618,-0.00794944654887,0.000194314542175,9.56372368351e-05,0.000141769865619,9.56372994489e-05,0.000194314805748,543.380108156,4.93512277357,-0.182987351074,19.3924679736,528.739775605,1.67190705724e-11,1.11808349038e-19,1.7983121431e-05,6.43914857232e-07,7.57934262447e-08,-5.63406067952,-0.394257392516,-2.31807799634,-0.394260633047,-5.63407211644,-13.4461071904,-13.4461291735,0.742254047138,0.755476174924,0.750638837197,0.755476166785,0.742254018303,-5.77797225058,-0.642241066209,-2.57010855497,-0.642244249782,-5.77798362987,0.742977608931,0.755948354581,0.751096685462,0.755948346578,0.742977580219,0.000203560026328,9.65390290388e-05,0.000145806678294,9.65390969119e-05,0.000203560307891,-5.88243170613,-0.821438031955,-2.75043298021,-0.821441173717,-5.8824430426,0.743527437884,0.75631756402,0.751459777863,0.756317556117,0.743527409263
4.725,0.023625,0.0558140625,0,-5.59822007868,-0.332421312477,-2.25506726521,-0.332424567147,-5.59823152986,-13.4432843649,-13.4433063442,1,1,0.624511558772,1,1,0.742076027381,0.755360939658,0.750527563906,0.755360931485,0.742075998516,0.000205879664595,9.67042418275e-05,0.000146770504583,9.67043110568e-05,0.00020587995076,0.000205879664595,9.67042418275e-05,0.000146770504583,9.67043110568e-05,0.00020587995076,9.50832559084e-05,4.3237511813e-05,6.64446707369e-05,4.32375408005e-05,9.50834174936e-05,0.000489374054185,0.00022986508635,0.000348872128792,0.000229865250907,0.000489374734395,3.00253300017,3.00306370258,3.00281501466,3.00306370226,3.00253299862,0.000789794533699,0.000782046826615,0.000784818419318,0.000782046831329,0.000789794550675,0.3916,0.3916,0.3916,0.3916,0.3916,0,0,0,0,0,0.0159774014488,0.010881044974,0.0107967235421,0.0108810478255,0.0159774041304,1.47007464267,2.51579095145,2.51717019528,2.51579035973,1.47007403254,-0.00794944526134,-0.00542120183307,-0.00536972139418,-0.00542120324618,-0.00794944654887,0.000194314542175,9.56372368351e-05,0.000141769865619,9.56372994489e-05,0.000194314805748,546.27042788,4.98893255522,-0.183963405972,19.5144768446,531.560920185,1.68185465554e-11,1.09910995236e-19,1.79895783125e-05,6.50783233793e-07,7.62049212518e-08,-5.59822007868,-0.332421312477,-2.25506726521,-0.332424567147,-5.59823152986,-13.4432843649,-13.4433063442,0.742076027381,0.755360939658,0.750527563906,0.755360931485,0.742075998516,-5.77797225058,-0.642241066209,-2.57010855497,-0.642244249782,-5.77798362987,0.742977608931,0.755948354581,0.751096685462,0.755948346578,0.742977580219,0.000205879664595,9.67042418275e-05,0.000146770504583,9.67043110568e-05,0.00020587995076,-5.88243170613,-0.821438031955,-2.75043298021,-0.821441173717,-5.8824430426,0.743527437884,0.75631756402,0.751459777863,0.756317556117,0.743527409263
4.75,0.02375,0.05640625,0,-5.56243399468,-0.270648751904,-2.19205603689,-0.270652020673,-5.56244546006,-13.4404496693,-13.4404716448,1,1,0.624511558772,1,1,0.741899130798,0.755246803436,0.750417538401,0.755246795229,0.741899101903,0.000208201899113,9.684459529e-05,0.000147715246566,9.6844665892e-05,0.000208202189921,0.000208201899113,9.684459529e-05,0.000147715246566,9.6844665892e-05,0.000208202189921,9.60644444644e-05,4.3289320359e-05,6.68110827859e-05,4.32893498574e-05,9.60646083138e-05,0.000494893984104,0.000230198705229,0.000351117771729,0.00023019887305,0.000494894675352,3.00274519237,3.00329122936,3.00303619812,3.00329122903,3.00274519078,0.000793932781515,0.000786107739809,0.000788891247589,0.000786107744566,0.000793932798599,0.3916,0.3916,0.3916,0.3916,0.3916,0,0,0,0,0,0.0159774014488,0.010881044974,0.0107967235421,0.0108810478255,0.0159774041304,1.47007464267,2.51579095145,2.51717019528,2.51579035973,1.47007403254,-0.00794944526134,-0.00542120183307,-0.00536972139418,-0.00542120324618,-0.00794944654887,0.000194314542175,9.56372368351e-05,0.000141769865619,9.56372994489e-05,0.000194314805748,549.160747604,5.04303809323,-0.184940127988,19.636664646,534.382180923,1.69322333932e-11,1.08792911745e-19,1.79960715397e-05,6.57688047365e-07,7.66165076183e-08,-5.56243399468,-0.270648751904,-2.19205603689,-0.270652020673,-5.56244546006,-13.4404496693,-13.4404716448,0.741899130798,0.755246803436,0.750417538401,0.755246795229,0.741899101903,-5.77797225058,-0.642241066209,-2.57010855497,-0.642244249782,-5.77798362987,0.742977608931,0.755948354581,0.751096685462,0.755948346578,0.742977580219,0.000208201899113,9.684459529e-05,0.000147715246566,9.6844665892e-05,0.000208202189921,-5.88243170613,-0.821438031955,-2.75043298021,-0.821441173717,-5.8824430426,0.743527437884,0.75631756402,0.751459777863,0.756317556117,0.743527409263
4.775,0.023875,0.0570015625,0,-5.52670222885,-0.208939505808,-2.12904467538,-0.208942788635,-5.52671370838,-13.4376031271,-13.4376250989,1,1,0.624511558772,1,1,0.741723345203,0.755133754207,0.750308747201,0.755133745967,0.741723316277,0.000210526377451,9.69597166801e-05,0.000148640445551,9.69597886712e-05,0.000210526672944,0.000210526377451,9.69597166801e-05,0.000148640445551,9.69597886712e-05,0.000210526672944,9.70506073065e-05,4.33320067098e-05,6.7171352224e-05,4.33320367266e-05,9.70507734451e-05,0.000500419247567,0.000230472347706,0.000353316961138,0.000230472518829,0.000500419949951,3.0029620232,3.00352378944,3.00326227652,3.00352378911,3.00296202157,0.000798070649949,0.000790167911725,0.000792963220234,0.000790167916526,0.000798070667142,0.3916,0.3916,0.3916,0.3916,0.3916,0,0,0,0,0,0.0159774014488,0.010881044974,0.0107967235421,0.0108810478255,0.0159774041304,1.47007464267,2.51579095145,2.51717019528,2.51579035973,1.47007403254,-0.00794944526134,-0.00542120183307,-0.00536972139418,-0.00542120324618,-0.00794944654887,0.000194314542175,9.56372368351e-05,0.000141769865619,9.56372994489e-05,0.000194314805748,552.051067328,5.09743941198,-0.185917535253,19.7590311061,537.203558099,1.70992109361e-11,1.10741087524e-19,1.80026011118e-05,6.64629297948e-07,7.70281861197e-08,-5.52670222885,-0.208939505808,-2.12904467538,-0.208942788635,-5.52671370838,-13.4376031271,-13.4376250989,0.741723345203,0.755133754207,0.750308747201,0.755133745967,0.741723316277,-5.77797225058,-0.642241066209,-2.57010855497,-0.642244249782,-5.77798362987,0.742977608931,0.755948354581,0.751096685462,0.755948346578,0.742977580219,0.000210526377451,9.69597166801e-05,0.000148640445551,9.69597886712e-05,0.000210526672944,-5.88243170613,-0.821438031955,-2.75043298021,-0.821441173717,-5.8824430426,0.743527437884,0.75631756402,0.751459777863,0.756317556117,0.743527409263
4.8,0.024,0.0576,0,-5.49102458325,-0.147293370857,-2.06603354147,-0.147296667703,-5.49103607686,-13.4347447618,-13.4347667298,1,1,0.624511558772,1,1,0.741548658612,0.755021780117,0.750201177038,0.755021771844,0.741548629655,0.000212852749188,9.70492389969e-05,0.000149545647707,9.70493123937e-05,0.000212853049407,0.000212852749188,9.70492389969e-05,0.000149545647707,9.70493123937e-05,0.000212853049407,9.80417451209e-05,4.33653555756e-05,6.75252947537e-05,4.33653861188e-05,9.80419135742e-05,0.000505949011618,0.000230685141424,0.000355468618272,0.000230685315887,0.000505949725235,3.0031835472,3.00376144395,3.00349330967,3.0037614436,3.00318354553,0.000802208138287,0.00079422734192,0.000797034336329,0.000794227346765,0.000802208155588,0.3916,0.3916,0.3916,0.3916,0.3916,0,0,0,0,0,0.0151460023366,0.0100597235289,0.00986997149708,0.0100597263184,0.0151460049652,1.4518012918,2.4945639242,2.51893907815,2.49456334556,1.45180070161,-0.00753000061292,-0.00501025585761,-0.00490477450658,-0.00501025723749,-0.00753000186658,0.000212852749188,9.70492389969e-05,0.000149545647707,9.70493123937e-05,0.000212853049407,554.941387053,5.1521365354,-0.186895646057,19.8815759545,540.025051988,1.73514536073e-11,1.10232867756e-19,1.8009167028e-05,6.71606985542e-07,7.74399575517e-08,-5.49102458325,-0.147293370857,-2.06603354147,-0.147296667703,-5.49103607686,-13.4347447618,-13.4347667298,0.741548658612,0.755021780117,0.750201177038,0.755021771844,0.741548629655,-5.49102458325,-0.147293370857,-2.06603354147,-0.147296667703,-5.49103607686,0.741548658612,0.755021780117,0.750201177038,0.755021771844,0.741548629655,0.000212852749188,9.70492389969e-05,0.000149545647707,9.70493123937e-05,0.000212853049407,-5.59419838068,-0.324995974199,-2.24643927485,-0.324999230165,-5.59420983287,0.742070259165,0.755363345046,0.750532940613,0.75536333687,0.742070230297
4.825,0.024125,0.0582015625,0,-5.45540086067,-0.0857101453634,-2.00302299277,-0.085713456187,-5.4554123683,-13.4318745968,-13.431896561,1,1,0.624511558772,1,1,0.741375059237,0.754910869507,0.750094814848,0.7549108612,0.741375030251,0.000215180666101,9.71128010364e-05,0.000150430404207,9.71128758553e-05,0.000215180971086,0.000215180666101,9.71128010364e-05,0.000150430404207,9.71128758553e-05,0.000215180971086,9.90378569625e-05,4.33891473948e-05,6.78727218749e-05,4.33891784721e-05,9.90380277561e-05,0.00051148244854,0.000230836227802,0.00035757167627,0.000230836405646,0.000511483173488,3.00340981802,3.00400425291,3.00372935645,3.00400425255,3.00340981631,0.000806345245862,0.00079828603001,0.000801104595012,0.000798286034899,0.000806345263272,0.3916,0.3916,0.3916,0.3916,0.3916,0,0,0,0,0,0.0151460023366,0.0100597235289,0.00986997149708,0.0100597263184,0.0151460049652,1.4518012918,2.4945639242,2.51893907815,2.49456334556,1.45180070161,-0.00753000061292,-0.00501025585761,-0.00490477450658,-0.00501025723749,-0.00753000186658,0.000212852749188,9.70492389969e-05,0.000149545647707,9.70493123937e-05,0.000212853049407,557.831706777,5.20712948704,-0.187874478851,20.0042989214,542.846662864,1.77600156803e-11,1.15704700595e-19,1.80157692874e-05,6.78621110147e-07,7.78518227315e-08,-5.45540086067,-0.0857101453634,-2.00302299277,-0.085713456187,-5.4554123683,-13.4318745968,-13.431896561,0.741375059237,0.754910869507,0.750094814848,0.7549108612,0.741375030251,-5.49102458325,-0.147293370857,-2.06603354147,-0.147296667703,-5.49103607686,0.741548658612,0.755021780117,0.750201177038,0.755021771844,0.741548629655,0.000215180666101,9.71128010364e-05,0.000150430404207,9.71128758553e-05,0.000215180971086,-5.59419838068,-0.324995974199,-2.24643927485,-0.324999230165,-5.59420983287,0.742070259165,0.755363345046,0.750532940613,0.75536333687,0.742070230297
4.85,0.02425,0.05880625,0,-5.41983086463,-0.0241896292578,-1.94001338372,-0.02419295402,-5.41984238623,-13.4289926554,-13.4290146159,1,1,0.624511558772,1,1,0.741202535486,0.754801010901,0.749989647771,0.754801002561,0.74120250647,0.000217509782362,9.71500474321e-05,0.000151294271342,9.71501236895e-05,0.000217510092155,0.000217509782362,9.71500474321e-05,0.000151294271342,9.71501236895e-05,0.000217510092155,0.000100038940157,4.34031583072e-05,6.82134408203e-05,4.34031899267e-05,0.000100039113316,0.000517018736302,0.000230924762139,0.000359625080441,0.000230924943403,0.000517019472677,3.00364088829,3.00425227511,3.00397047469,3.00425227474,3.00364088654,0.000810481972061,0.000802343975674,0.00080517399549,0.000802343980608,0.00081048198958,0.3916,0.3916,0.3916,0.3916,0.3916,0,0,0,0,0,0.0151460023366,0.0100597235289,0.00986997149708,0.0100597263184,0.0151460049652,1.4518012918,2.4945639242,2.51893907815,2.49456334556,1.45180070161,-0.00753000061292,-0.00501025585761,-0.00490477450658,-0.00501025723749,-0.00753000186658,0.000212852749188,9.70492389969e-05,0.000149545647707,9.70493123937e-05,0.000212853049407,560.722026501,5.26241829005,-0.188854052165,20.1271997383,545.668391001,1.80833126251e-11,1.12519856713e-19,1.80224078893e-05,6.85671671762e-07,7.82637824995e-08,-5.41983086463,-0.0241896292578,-1.94001338372,-0.02419295402,-5.41984238623,-13.4289926554,-13.4290146159,0.741202535486,0.754801010901,0.749989647771,0.754801002561,0.74120250647,-5.49102458325,-0.147293370857,-2.06603354147,-0.147296667703,-5.49103607686,0.741548658612,0.755021780117,0.750201177038,0.755021771844,0.741548629655,0.000217509782362,9.71500474321e-05,0.000151294271342,9.71501236895e-05,0.000217510092155,-5.59419838068,-0.324995974199,-2.24643927485,-0.324999230165,-5.59420983287,0.742070259165,0.755363345046,0.750532940613,0.75536333687,0.742070230297
4.875,0.024375,0.0594140625,0,-5.38431439939,0.0372683759059,-1.87700506566,0.0372650372451,-5.3843259349,-13.4260989609,-13.4261209176,1,1,0.624511558772,1,1,0.741031075953,0.754692193011,0.749885663142,0.754692184638,0.741031046907,0.000219839754715,9.71606286856e-05,0.000152136810636,9.7160706398e-05,0.000219840069356,0.000219839754715,9.71606286856e-05,0.000152136810636,9.7160706398e-05,0.000219840069356,0.000101044990201,4.34071601337e-05,6.85472544946e-05,4.34071923035e-05,0.000101045165754,0.000522557058986,0.000230949913681,0.000361627788533,0.000230950098403,0.000522557806884,3.00387680955,3.00450556832,3.00421672105,3.00450556794,3.00387680776,0.000814618316326,0.000806401178657,0.000809242537041,0.000806401183635,0.000814618333954,0.3916,0.3916,0.3916,0.3916,0.3916,0,0,0,0,0,0.0151460023366,0.0100597235289,0.00986997149708,0.0100597263184,0.0151460049652,1.4518012918,2.4945639242,2.51893907815,2.49456334556,1.45180070161,-0.00753000061292,-0.00501025585761,-0.00490477450658,-0.00501025723749,-0.00753000186658,0.000212852749188,9.70492389969e-05,0.000149545647707,9.70493123937e-05,0.000212853049407,563.612346225,5.31800296717,-0.189834384901,20.2502781374,548.49023667,1.80087056378e-11,1.1241821276e-19,1.80290828327e-05,6.92758670389e-07,7.86758377203e-08,-5.38431439939,0.0372683759059,-1.87700506566,0.0372650372451,-5.3843259349,-13.4260989609,-13.4261209176,0.741031075953,0.754692193011,0.749885663142,0.754692184638,0.741031046907,-5.49102458325,-0.147293370857,-2.06603354147,-0.147296667703,-5.49103607686,0.741548658612,0.755021780117,0.750201177038,0.755021771844,0.741548629655,0.000219839754715,9.71606286856e-05,0.000152136810636,9.7160706398e-05,0.000219840069356,-5.59419838068,-0.324995974199,-2.24643927485,-0.324999230165,-5.59420983287,0.742070259165,0.755363345046,0.750532940613,0.75536333687,0.742070230297
4.9,0.0245,0.060025,0,-5.34885126986,0.0986640857474,-1.81399838661,0.0986607332261,-5.34886281922,-13.4231935364,-13.4232154893,1,1,0.624511558772,1,1,0.740860669417,0.754584399194,0.749782848488,0.754584390789,0.740860640341,0.00022217024264,9.71602972737e-05,0.000152957588944,9.71603750156e-05,0.000222170562168,0.00022217024264,9.71602972737e-05,0.000152957588944,9.71603750156e-05,0.000222170562168,0.000102056000672,4.34070120732e-05,6.88739614188e-05,4.34070442562e-05,0.000102056178643,0.000528096607179,0.000230949125918,0.000363578770962,0.00023094931071,0.000528097366694,3.00411763215,3.00476414935,3.00446814952,3.00476414897,3.00411763031,0.00081875427816,0.000810457638985,0.000813310219016,0.000810457644008,0.000818754295896,0.3916,0.3916,0.3916,0.3916,0.3916,0,0,0,0,0,0.0151460023366,0.0100597235289,0.00986997149708,0.0100597263184,0.0151460049652,1.4518012918,2.4945639242,2.51893907815,2.49456334556,1.45180070161,-0.00753000061292,-0.00501025585761,-0.00490477450658,-0.00501025723749,-0.00753000186658,0.000212852749188,9.70492389969e-05,0.000149545647707,9.70493123937e-05,0.000212853049407,566.50266595,5.37388354093,-0.190815204052,20.3735338522,551.312200434,1.78346226676e-11,1.14959311601e-19,1.80357941167e-05,6.99882106027e-07,7.90879892848e-08,-5.34885126986,0.0986640857474,-1.81399838661,0.0986607332261,-5.34886281922,-13.4231935364,-13.4232154893,0.740860669417,0.754584399194,0.749782848488,0.754584390789,0.740860640341,-5.49102458325,-0.147293370857,-2.06603354147,-0.147296667703,-5.49103607686,0.741548658612,0.755021780117,0.750201177038,0.755021771844,0.741548629655,0.00022217024264,9.71602972737e-05,0.000152957588944,9.71603750156e-05,0.000222170562168,-5.59419838068,-0.324995974199,-2.24643927485,-0.324999230165,-5.59420983287,0.742070259165,0.755363345046,0.750532940613,0.75536333687,0.742070230297
4.925,0.024625,0.0606390625,0,-5.31344128166,0.159997707652,-1.75099369141,0.15999434131,-5.31345284481,-13.4202764049,-13.4202983541,1,1,0.624511558772,1,1,0.740691304838,0.754477614816,0.749681191526,0.754477606379,0.740691275732,0.000224500908513,9.71594199037e-05,0.000153756178535,9.71594976746e-05,0.000224501232968,0.000224500908513,9.71594199037e-05,0.000153756178535,9.71594976746e-05,0.000224501232968,0.000103071963123,4.34066201023e-05,6.91933556785e-05,4.34066522983e-05,0.00010307214354,0.000533636578352,0.000230947040418,0.000365477011017,0.000230947225278,0.00053363734958,3.00436340517,3.00502804403,3.00472481265,3.00502804364,3.00436340329,0.000822889857122,0.000814513356813,0.000817377040843,0.000814513361881,0.000822889874968,0.3916,0.3916,0.3916,0.3916,0.3916,0,0,0,0,0,0.0151460023366,0.0100597235289,0.00986997149708,0.0100597263184,0.0151460049652,1.4518012918,2.4945639242,2.51893907815,2.49456334556,1.45180070161,-0.00753000061292,-0.00501025585761,-0.00490477450658,-0.00501025723749,-0.00753000186658,0.000212852749188,9.70492389969e-05,0.000149545647707,9.70493123937e-05,0.000212853049407,569.392985674,5.43006003358,-0.191796337988,20.4969666169,554.134282753,1.75930381374e-11,1.17212419241e-19,1.80425417402e-05,7.07041978675e-07,7.95002384867e-08,-5.31344128166,0.159997707652,-1.75099369141,0.15999434131,-5.31345284481,-13.4202764049,-13.4202983541,0.740691304838,0.754477614816,0.749681191526,0.754477606379,0.740691275732,-5.49102458325,-0.147293370857,-2.06603354147,-0.147296667703,-5.49103607686,0.741548658612,0.755021780117,0.750201177038,0.755021771844,0.741548629655,0.000224500908513,9.71594199037e-05,0.000153756178535,9.71594976746e-05,0.000224501232968,-5.59419838068,-0.324995974199,-2.24643927485,-0.324999230165,-5.59420983287,0.742070259165,0.755363345046,0.750532940613,0.75536333687,0.742070230297
4.95,0.02475,0.06125625,0,-5.27808424111,0.221269435872,-1.68799132197,0.221266055749,-5.278095818,-13.4173475894,-13.4173695349,1,1,0.624511558772,1,1,0.740522971352,0.754371828975,0.749580680159,0.754371820505,0.740522942217,0.000226831417754,9.71579971454e-05,0.000154532157174,9.71580749451e-05,0.000226831747177,0.000226831417754,9.71579971454e-05,0.000154532157174,9.71580749451e-05,0.000226831747177,0.000104092866996,4.34059844755e-05,6.95052268767e-05,4.34060166844e-05,0.000104093049887,0.000539176177214,0.000230943658534,0.000367321505049,0.000230943843464,0.000539176960249,3.00461417631,3.00529730186,3.00498676325,3.00529730146,3.00461417439,0.000827025052841,0.000818568332264,0.00082144300203,0.000818568337377,0.000827025070796,0.3916,0.3916,0.3916,0.3916,0.3916,0,0,0,0,0,0.0151460023366,0.0100597235289,0.00986997149708,0.0100597263184,0.0151460049652,1.4518012918,2.4945639242,2.51893907815,2.49456334556,1.45180070161,-0.00753000061292,-0.00501025585761,-0.00490477450658,-0.00501025723749,-0.00753000186658,0.000212852749188,9.70492389969e-05,0.000149545647707,9.70493123937e-05,0.000212853049407,572.283305398,5.48653246701,-0.19277779431,20.6205761668,556.956483904,1.83852932878e-11,1.14095337995e-19,1.80493257024e-05,7.14238288335e-07,7.99125858965e-08,-5.27808424111,0.221269435872,-1.68799132197,0.221266055749,-5.278095818,-13.4173475894,-13.4173695349,0.740522971352,0.754371828975,0.749580680159,0.754371820505,0.740522942217,-5.49102458325,-0.147293370857,-2.06603354147,-0.147296667703,-5.49103607686,0.741548658612,0.755021780117,0.750201177038,0.755021771844,0.741548629655,0.000226831417754,9.71579971454e-05,0.000154532157174,9.71580749451e-05,0.000226831747177,-5.59419838068,-0.324995974199,-2.24643927485,-0.324999230165,-5.59420983287,0.742070259165,0.755363345046,0.750532940613,0.75536333687,0.742070230297
4.975,0.024875,0.0618765625,0,-5.24277995527,0.282479462934,-1.62499161716,0.28247606907,-5.24279154584,-13.4144071129,-13.4144290547,1,1,0.624511558772,1,1,0.740355658267,0.754267030937,0.749481302473,0.754267022435,0.740355629103,0.000229161438969,9.71560295763e-05,0.000155285108186,9.71561074045e-05,0.000229161773398,0.000229161438969,9.71560295763e-05,0.000155285108186,9.71561074045e-05,0.000229161773398,0.000105118699528,4.34051054509e-05,6.98093600929e-05,4.34051376726e-05,0.000105118884919,0.000544714616043,0.000230938981641,0.000369111262624,0.000230939166638,0.000544715410978,3.00486999184,3.00557196988,3.00525405256,3.00557196947,3.00486998987,0.000831159865007,0.00082262256551,0.000825508102163,0.000822622570667,0.000831159883072,0.3916,0.3916,0.3916,0.3916,0.3916,0,0,0,0,0,0.0151460023366,0.0100597235289,0.00986997149708,0.0100597263184,0.0151460049652,1.4518012918,2.4945639242,2.51893907815,2.49456334556,1.45180070161,-0.00753000061292,-0.00501025585761,-0.00490477450658,-0.00501025723749,-0.00753000186658,0.000212852749188,9.70492389969e-05,0.000149545647707,9.70493123937e-05,0.000212853049407,575.173625122,5.54330086273,-0.193759583557,20.744362238,559.778804163,1.8836487925e-11,1.20803838937e-19,1.80561460025e-05,7.21471035005e-07,8.03250324861e-08,-5.24277995527,0.282479462934,-1.62499161716,0.28247606907,-5.24279154584,-13.4144071129,-13.4144290547,0.740355658267,0.754267030937,0.749481302473,0.754267022435,0.740355629103,-5.49102458325,-0.147293370857,-2.06603354147,-0.147296667703,-5.49103607686,0.741548658612,0.755021780117,0.750201177038,0.755021771844,0.741548629655,0.000229161438969,9.71560295763e-05,0.000155285108186,9.71561074045e-05,0.000229161773398,-5.59419838068,-0.324995974199,-2.24643927485,-0.324999230165,-5.59420983287,0.742070259165,0.755363345046,0.750532940613,0.75536333687,0.742070230297
5,0.025,0.0625,0,-5.20752823167,0.343627979839,-1.56199491285,0.343624572273,-5.20753983586,-13.4114549982,-13.4114769363,1,1,0.624511558772,1,1,0.740189355047,0.754163210134,0.74938304673,0.7541632016,0.740189325853,0.00023149064408,9.71535177812e-05,0.000156014620511,9.71535956376e-05,0.000231490983554,0.00023149064408,9.71535177812e-05,0.000156014620511,9.71535956376e-05,0.000231490983554,0.000106149445657,4.34039832896e-05,7.01055358484e-05,4.3404015524e-05,0.000106149633578,0.000550251114998,0.000230933011127,0.000370845306658,0.000230933196191,0.000550251921926,3.00513088907,3.00585209313,3.00552673026,3.00585209271,3.00513088705,0.000835294293382,0.000826676056805,0.000829572340916,0.000826676062008,0.000835294311556,0.3916,0.3916,0.3916,0.3916,0.3916,0,0,0,0,0,0.014389318339,0.00931216686955,0.00902447062274,0.00931216958389,0.0143893209175,1.43405370424,2.47390561888,2.51969437166,2.47390505317,1.43405313334,-0.00714789338284,-0.00463645646149,-0.00448071720621,-0.00463645780293,-0.00714789460349,0.00023149064408,9.71535177812e-05,0.000156014620511,9.71535956376e-05,0.000231490983554,578.063944846,5.60036524188,-0.194741710664,20.8683245678,562.60124381,1.8946622049e-11,1.19143654361e-19,1.80630026394e-05,7.28740218687e-07,8.07375792676e-08,-5.20752823167,0.343627979839,-1.56199491285,0.343624572273,-5.20753983586,-13.4114549982,-13.4114769363,0.740189355047,0.754163210134,0.74938304673,0.7541632016,0.740189325853,-5.20752823167,0.343627979839,-1.56199491285,0.343624572273,-5.20753983586,0.740189355047,0.754163210134,0.74938304673,0.7541632016,0.740189325853,0.00023149064408,9.71535177812e-05,0.000156014620511,9.71535956376e-05,0.000231490983554,-5.30945337635,0.167380619079,-1.74241248787,0.167377251474,-5.30946494047,0.74068515599,0.754479562262,0.749686155466,0.754479553822,0.740685126882
5.025,0.025125,0.0631265625,0,-5.17232887877,0.404715176075,-1.49900154195,0.404711754846,-5.17234049653,-13.4084912681,-13.4085132024,1,1,0.624511558772,1,1,0.740024051331,0.754060356157,0.749285901364,0.754060347591,0.740024022108,0.000233818708447,9.71504623522e-05,0.000156720288753,9.71505402364e-05,0.000233819053005,0.000233818708447,9.71504623522e-05,0.000156720288753,9.71505402364e-05,0.000233819053005,0.000107185087933,4.34026182563e-05,7.03935300783e-05,4.34026505032e-05,0.000107185278411,0.000555784902417,0.000230925748401,0.000372522673528,0.000230925933531,0.00055578572143,3.00539690984,3.00613771453,3.00580484429,3.00613771411,3.00539690777,0.000839428337794,0.000830728806492,0.000833635718044,0.00083072881174,0.000839428356078,0.3916,0.3916,0.3916,0.3916,0.3916,0,0,0,0,0,0.014389318339,0.00931216686955,0.00902447062274,0.00931216958389,0.0143893209175,1.43405370424,2.47390561888,2.51969437166,2.47390505317,1.43405313334,-0.00714789338284,-0.00463645646149,-0.00448071720621,-0.00463645780293,-0.00714789460349,0.00023149064408,9.71535177812e-05,0.000156014620511,9.71535956376e-05,0.000231490983554,580.954264571,5.65772562524,-0.195724185464,20.9924628944,565.423803116,1.89217530533e-11,1.20651373007e-19,1.80698956121e-05,7.36045839379e-07,8.11502272902e-08,-5.17232887877,0.404715176075,-1.49900154195,0.404711754846,-5.17234049653,-13.4084912681,-13.4085132024,0.740024051331,0.754060356157,0.749285901364,0.754060347591,0.740024022108,-5.20752823167,0.343627979839,-1.56199491285,0.343624572273,-5.20753983586,0.740189355047,0.754163210134,0.74938304673,0.7541632016,0.740189325853,0.000233818708447,9.71504623522e-05,0.000156720288753,9.71505402364e-05,0.000233819053005,-5.30945337635,0.167380619079,-1.74241248787,0.167377251474,-5.30946494047,0.74068515599,0.754479562262,0.749686155466,0.754479553822,0.740685126882
5.05,0.02525,0.06375625,0,-5.13718170578,0.465741239634,-1.43601183444,0.465737804781,-5.13719333705,-13.4055159451,-13.4055378758,1,1,0.624511558772,1,1,0.739859736922,0.753958458757,0.749189854981,0.75395845016,0.739859707669,0.000236145310989,9.71468638889e-05,0.000157401713219,9.71469418006e-05,0.00023614566067,0.000236145310989,9.71468638889e-05,0.000157401713219,9.71469418006e-05,0.00023614566067,0.000108225606419,4.34010106188e-05,7.06731141082e-05,4.3401042878e-05,0.000108225799482,0.000561315215091,0.000230917194887,0.000374142413165,0.000230917380082,0.00056131604628,3.0056680955,3.00642887485,3.00608844083,3.00642887442,3.00566809339,0.000843561998146,0.000834780815,0.000837698233389,0.000834780820293,0.00084356201654,0.3916,0.3916,0.3916,0.3916,0.3916,0,0,0,0,0,0.014389318339,0.00931216686955,0.00902447062274,0.00931216958389,0.0143893209175,1.43405370424,2.47390561888,2.51969437166,2.47390505317,1.43405313334,-0.00714789338284,-0.00463645646149,-0.00448071720621,-0.00463645780293,-0.00714789460349,0.00023149064408,9.71535177812e-05,0.000156014620511,9.71535956376e-05,0.000231490983554,583.844584295,5.71538203324,-0.1967070189,21.1167769568,568.246482353,1.86730630958e-11,1.17602054397e-19,1.80768249194e-05,7.43387897082e-07,8.15629776432e-08,-5.13718170578,0.465741239634,-1.43601183444,0.465737804781,-5.13719333705,-13.4055159451,-13.4055378758,0.739859736922,0.753958458757,0.749189854981,0.75395845016,0.739859707669,-5.20752823167,0.343627979839,-1.56199491285,0.343624572273,-5.20753983586,0.740189355047,0.754163210134,0.74938304673,0.7541632016,0.740189325853,0.000236145310989,9.71468638889e-05,0.000157401713219,9.71469418006e-05,0.00023614566067,-5.30945337635,0.167380619079,-1.74241248787,0.167377251474,-5.30946494047,0.74068515599,0.754479562262,0.749686155466,0.754479553822,0.740685126882
5.075,0.025375,0.0643890625,0,-5.10208652264,0.526706357025,-1.37302611735,0.526702908589,-5.10209816737,-13.402529052,-13.4025509789,1,1,0.624511558772,1,1,0.739696401781,0.75385750784,0.749094896351,0.753857499211,0.739696372499,0.000238470134289,9.71427229981e-05,0.000158058499942,9.71428009371e-05,0.000238470489132,0.000238470134289,9.71427229981e-05,0.000158058499942,9.71428009371e-05,0.000238470489132,0.000109270978606,4.33991606482e-05,7.09440546378e-05,4.33991929197e-05,0.000109271174283,0.000566841298525,0.000230907352028,0.000375703589117,0.000230907537288,0.000566842141981,3.00594448569,3.0067256126,3.00637756422,3.00672561216,3.00594448352,0.000847695274411,0.000838832082847,0.000841759886881,0.000838832088185,0.000847695292916,0.3916,0.3916,0.3916,0.3916,0.3916,0,0,0,0,0,0.014389318339,0.00931216686955,0.00902447062274,0.00931216958389,0.0143893209175,1.43405370424,2.47390561888,2.51969437166,2.47390505317,1.43405313334,-0.00714789338284,-0.00463645646149,-0.00448071720621,-0.00463645780293,-0.00714789460349,0.00023149064408,9.71535177812e-05,0.000156014620511,9.71535956376e-05,0.000231490983554,586.734904019,5.77333448594,-0.197690222088,21.2412664951,571.069281788,1.95363725197e-11,1.23480463051e-19,1.80837905603e-05,7.50766391797e-07,8.19758314585e-08,-5.10208652264,0.526706357025,-1.37302611735,0.526702908589,-5.10209816737,-13.402529052,-13.4025509789,0.739696401781,0.75385750784,0.749094896351,0.753857499211,0.739696372499,-5.20752823167,0.343627979839,-1.56199491285,0.343624572273,-5.20753983586,0.740189355047,0.754163210134,0.74938304673,0.7541632016,0.740189325853,0.000238470134289,9.71427229981e-05,0.000158058499942,9.71428009371e-05,0.000238470489132,-5.30945337635,0.167380619079,-1.74241248787,0.167377251474,-5.30946494047,0.74068515599,0.754479562262,0.749686155466,0.754479553822,0.740685126882
5.1,0.0255,0.065025,0,-5.06704314001,0.587610713293,-1.31004471485,0.587607251313,-5.06705479813,-13.3995306112,-13.3995525344,1,1,0.624511558772,1,1,0.739534036023,0.753757493461,0.74900101441,0.7537574848,0.739534006713,0.000240792864702,9.71380402942e-05,0.000158690260707,9.71381182601e-05,0.000240793224743,0.000240792864702,9.71380402942e-05,0.000158690260707,9.71381182601e-05,0.000240793224743,0.000110321179343,4.33970686189e-05,7.12061137294e-05,4.33971009025e-05,0.000110321377663,0.000572362407183,0.000230896221284,0.000377205278599,0.000230896406608,0.000572363262998,3.0062261182,3.00702796399,3.00667225685,3.00702796355,3.00622611598,0.000851828166637,0.000842882610639,0.000845820678538,0.000842882616023,0.000851828185252,0.3916,0.3916,0.3916,0.3916,0.3916,0,0,0,0,0,0.014389318339,0.00931216686955,0.00902447062274,0.00931216958389,0.0143893209175,1.43405370424,2.47390561888,2.51969437166,2.47390505317,1.43405313334,-0.00714789338284,-0.00463645646149,-0.00448071720621,-0.00463645780293,-0.00714789460349,0.00023149064408,9.71535177812e-05,0.000156014620511,9.71535956376e-05,0.000231490983554,589.625223743,5.83158300306,-0.198673806323,21.3659312502,573.89220169,1.94262383957e-11,1.19363882927e-19,1.80907925336e-05,7.58181323522e-07,8.23887899145e-08,-5.06704314001,0.587610713293,-1.31004471485,0.587607251313,-5.06705479813,-13.3995306112,-13.3995525344,0.739534036023,0.753757493461,0.74900101441,0.7537574848,0.739534006713,-5.20752823167,0.343627979839,-1.56199491285,0.343624572273,-5.20753983586,0.740189355047,0.754163210134,0.74938304673,0.7541632016,0.740189325853,0.000240792864702,9.71380402942e-05,0.000158690260707,9.71381182601e-05,0.000240793224743,-5.30945337635,0.167380619079,-1.74241248787,0.167377251474,-5.30946494047,0.74068515599,0.754479562262,0.749686155466,0.754479553822,0.740685126882
5.125,0.025625,0.0656640625,0,-5.03205136924,0.648454492032,-1.24706794824,0.648451016547,-5.0320630407,-13.3965206452,-13.3965425647,1,1,0.624511558772,1,1,0.739372629916,0.753658405824,0.748908198249,0.753658397132,0.739372600576,0.000243113192444,9.71328163986e-05,0.000159296613058,9.7132894391e-05,0.000243113557721,0.000243113192444,9.71328163986e-05,0.000159296613058,9.7132894391e-05,0.000243113557721,0.000111376180759,4.33947348086e-05,7.14590488025e-05,4.33947671043e-05,0.000111376381752,0.000577877804715,0.000230883804133,0.000378646572517,0.00023088398952,0.000577878672977,3.00651302897,3.0073359629,3.00697255915,3.00733596245,3.0065130267,0.000855960674945,0.000846932399071,0.000849880608464,0.0008469324045,0.000855960693669,0.3916,0.3916,0.3916,0.3916,0.3916,0,0,0,0,0,0.014389318339,0.00931216686955,0.00902447062274,0.00931216958389,0.0143893209175,1.43405370424,2.47390561888,2.51969437166,2.47390505317,1.43405313334,-0.00714789338284,-0.00463645646149,-0.00448071720621,-0.00463645780293,-0.00714789460349,0.00023149064408,9.71535177812e-05,0.000156014620511,9.71535956376e-05,0.000231490983554,592.515543468,5.89012760397,-0.199657783094,21.4907709642,576.715242324,1.96358485027e-11,1.2605544321e-19,1.8097830838e-05,7.65632692258e-07,8.28018542393e-08,-5.03205136924,0.648454492032,-1.24706794824,0.648451016547,-5.0320630407,-13.3965206452,-13.3965425647,0.739372629916,0.753658405824,0.748908198249,0.753658397132,0.739372600576,-5.20752823167,0.343627979839,-1.56199491285,0.343624572273,-5.20753983586,0.740189355047,0.754163210134,0.74938304673,0.7541632016,0.740189325853,0.000243113192444,9.71328163986e-05,0.000159296613058,9.7132894391e-05,0.000243113557721,-5.30945337635,0.167380619079,-1.74241248787,0.167377251474,-5.30946494047,0.74068515599,0.754479562262,0.749686155466,0.754479553822,0.740685126882
5.15,0.02575,0.06630625,0,-4.99711102242,0.709237875398,-1.18409613596,0.709234386446,-4.99712270717,-13.3934991763,-13.3935210921,1,1,0.624511558772,1,1,0.739212173872,0.753560235278,0.748816437118,0.753560226554,0.739212144504,0.000245430811685,9.71270519401e-05,0.000159877180302,9.71271299588e-05,0.000245431182237,0.000245430811685,9.71270519401e-05,0.000159877180302,9.71271299588e-05,0.000245431182237,0.000112435952208,4.33921594983e-05,7.17026126343e-05,4.33921918058e-05,0.000112436155904,0.000583386764168,0.000230870102068,0.000380026575475,0.000230870287518,0.000583387644966,3.006805252,3.0076496408,3.0072785095,3.00764964034,3.00680524968,0.000860092799529,0.000850981448926,0.000853939676854,0.000850981454401,0.000860092818364,0.3916,0.3916,0.3916,0.3916,0.3916,0,0,0,0,0,0.014389318339,0.00931216686955,0.00902447062274,0.00931216958389,0.0143893209175,1.43405370424,2.47390561888,2.51969437166,2.47390505317,1.43405313334,-0.00714789338284,-0.00463645646149,-0.00448071720621,-0.00463645780293,-0.00714789460349,0.00023149064408,9.71535177812e-05,0.000156014620511,9.71535956376e-05,0.000231490983554,595.405863192,5.9489683077,-0.200642164086,21.6157853799,579.538403956,2.00728322852e-11,1.25039003674e-19,1.81049054723e-05,7.73120498005e-07,8.32150257146e-08,-4.99711102242,0.709237875398,-1.18409613596,0.709234386446,-4.99712270717,-13.3934991763,-13.3935210921,0.739212173872,0.753560235278,0.748816437118,0.753560226554,0.739212144504,-5.20752823167,0.343627979839,-1.56199491285,0.343624572273,-5.20753983586,0.740189355047,0.754163210134,0.74938304673,0.7541632016,0.740189325853,0.000245430811685,9.71270519401e-05,0.000159877180302,9.71271299588e-05,0.000245431182237,-5.30945337635,0.167380619079,-1.74241248787,0.167377251474,-5.30946494047,0.74068515599,0.754479562262,0.749686155466,0.754479553822,0.740685126882
5.175,0.025875,0.0669515625,0,-4.96222191234,0.769961044125,-1.12112959366,0.769957541746,-4.96223361033,-13.3904662268,-13.390488139,1,1,0.624511558772,1,1,0.739052658451,0.753462972314,0.748725720417,0.753462963558,0.739052629054,0.000247745420635,9.71207475549e-05,0.000160431591503,9.71208255996e-05,0.000247745796498,0.000247745420635,9.71207475549e-05,0.000160431591503,9.71208255996e-05,0.000247745796498,0.000113500460204,4.33893429721e-05,7.19365533656e-05,4.33893752914e-05,0.000113500666632,0.000588888568183,0.000230855116603,0.00038134440576,0.000230855302115,0.000588889461606,3.00710281931,3.00796902672,3.00759014418,3.00796902625,3.00710281694,0.000864224540661,0.000855029761075,0.000857997883992,0.000855029766597,0.000864224559606,0.3916,0.3916,0.3916,0.3916,0.3916,0,0,0,0,0,0.014389318339,0.00931216686955,0.00902447062274,0.00931216958389,0.0143893209175,1.43405370424,2.47390561888,2.51969437166,2.47390505317,1.43405313334,-0.00714789338284,-0.00463645646149,-0.00448071720621,-0.00463645780293,-0.00714789460349,0.00023149064408,9.71535177812e-05,0.000156014620511,9.71535956376e-05,0.000231490983554,598.296182916,6.00810513293,-0.201626961201,21.7409742411,582.361686847,1.99911198706e-11,1.25140647627e-19,1.81120164351e-05,7.80644740763e-07,8.36283056802e-08,-4.96222191234,0.769961044125,-1.12112959366,0.769957541746,-4.96223361033,-13.3904662268,-13.390488139,0.739052658451,0.753462972314,0.748725720417,0.753462963558,0.739052629054,-5.20752823167,0.343627979839,-1.56199491285,0.343624572273,-5.20753983586,0.740189355047,0.754163210134,0.74938304673,0.7541632016,0.740189325853,0.000247745420635,9.71207475549e-05,0.000160431591503,9.71208255996e-05,0.000247745796498,-5.30945337635,0.167380619079,-1.74241248787,0.167377251474,-5.30946494047,0.74068515599,0.754479562262,0.749686155466,0.754479553822,0.740685126882
5.2,0.026,0.0676,0,-4.92738385251,0.830624177541,-1.05816863418,0.830620661774,-4.92739556367,-13.3874218189,-13.3874437274,1,1,0.624511558772,1,1,0.738894074354,0.753366607559,0.748636037699,0.753366598772,0.738894044929,0.000250056721612,9.71139038863e-05,0.000160959481468,9.71139819567e-05,0.000250057102823,0.000250056721612,9.71139038863e-05,0.000160959481468,9.71139819567e-05,0.000250057102823,0.000114569668365,4.33862855174e-05,7.21606145129e-05,4.33863178483e-05,0.000114569877557,0.000594382509181,0.000230838849266,0.000382599195312,0.000230839034839,0.000594383415316,3.00740576091,3.00829414721,3.00790749733,3.00829414673,3.00740575848,0.000868355898683,0.000859077336477,0.000862055230247,0.000859077342044,0.000868355917739,0.3916,0.3916,0.3916,0.3916,0.3916,0,0,0,0,0,0.0136975614833,0.00863130478421,0.00825001140086,0.00863130741871,0.0136975640143,1.41681688264,2.45378310642,2.51950555016,2.45378255347,1.41681633037,-0.00679826423224,-0.00429603342162,-0.00409248863346,-0.0042960347231,-0.00679826542074,0.000250056721612,9.71139038863e-05,0.000160959481468,9.71139819567e-05,0.000250057102823,601.18650264,6.067538098,-0.20261218656,21.8663372925,585.185091259,1.98241423277e-11,1.2719046736e-19,1.8119163725e-05,7.88205420532e-07,8.40416955383e-08,-4.92738385251,0.830624177541,-1.05816863418,0.830620661774,-4.92739556367,-13.3874218189,-13.3874437274,0.738894074354,0.753366607559,0.748636037699,0.753366598772,0.738894044929,-4.92738385251,0.830624177541,-1.05816863418,0.830620661774,-4.92739556367,0.738894074354,0.753366607559,0.748636037699,0.753366598772,0.738894044929,0.000250056721612,9.71139038863e-05,0.000160959481468,9.71139819567e-05,0.000250057102823,-5.02809628555,0.655795073657,-1.23853335578,0.655791596945,-5.02810795796,0.739366198348,0.753659979233,0.748912845737,0.753659970538,0.739366169006
5.225,0.026125,0.0682515625,0,-4.89259665713,0.89122745358,-0.995213567589,0.891223924464,-4.89260838143,-13.3843659748,-13.3843878797,1,1,0.624511558772,1,1,0.73873641242,0.753271131779,0.74854737866,0.753271122961,0.738736382966,0.000252364421122,9.7106521585e-05,0.000161460490723,9.71065996806e-05,0.000252364807718,0.000252364421122,9.7106521585e-05,0.000161460490723,9.71065996806e-05,0.000252364807718,0.000115643537368,4.33829874249e-05,7.23745349853e-05,4.33830197674e-05,0.000115643749354,0.000599867889523,0.000230821301604,0.000383790089667,0.000230821487237,0.000599868808458,3.00771410475,3.00862502634,3.00823060091,3.00862502585,3.00771410226,0.000872486874015,0.000863124176174,0.000866111716078,0.000863124181787,0.000872486893181,0.3916,0.3916,0.3916,0.3916,0.3916,0,0,0,0,0,0.0136975614833,0.00863130478421,0.00825001140086,0.00863130741871,0.0136975640143,1.41681688264,2.45378310642,2.51950555016,2.45378255347,1.41681633037,-0.00679826423224,-0.00429603342162,-0.00409248863346,-0.0042960347231,-0.00679826542074,0.000250056721612,9.71139038863e-05,0.000160959481468,9.71139819567e-05,0.000250057102823,604.076822365,6.12726722094,-0.203597852521,21.9918742799,588.008617453,1.9920065597e-11,1.26275671777e-19,1.81263473406e-05,7.95802537311e-07,8.44551967586e-08,-4.89259665713,0.89122745358,-0.995213567589,0.891223924464,-4.89260838143,-13.3843659748,-13.3843878797,0.73873641242,0.753271131779,0.74854737866,0.753271122961,0.738736382966,-4.92738385251,0.830624177541,-1.05816863418,0.830620661774,-4.92739556367,0.738894074354,0.753366607559,0.748636037699,0.753366598772,0.738894044929,0.000252364421122,9.7106521585e-05,0.000161460490723,9.71065996806e-05,0.000252364807718,-5.02809628555,0.655795073657,-1.23853335578,0.655791596945,-5.02810795796,0.739366198348,0.753659979233,0.748912845737,0.753659970538,0.739366169006
5.25,0.02625,0.06890625,0,-4.85786014114,0.951771048797,-0.932264701234,0.951767506371,-4.8578718785,-13.3812987166,-13.3813206178,1,1,0.624511558772,1,1,0.738579663622,0.753176535872,0.748459733141,0.753176527023,0.73857963414,0.000254668229916,9.70986013087e-05,0.000161934265488,9.70986794293e-05,0.000254668621933,0.000254668229916,9.70986013087e-05,0.000161934265488,9.70986794293e-05,0.000254668621933,0.000116722024895,4.33794489886e-05,7.25780491078e-05,4.33794813424e-05,0.000116722239706,0.000605344021669,0.000230802475181,0.000384916247891,0.000230802660873,0.00060534495349,3.00802787667,3.00896168565,3.00855948466,3.00896168515,3.00802787413,0.000876617467148,0.000867170281295,0.000870167342031,0.000867170286954,0.000876617486425,0.3916,0.3916,0.3916,0.3916,0.3916,0,0,0,0,0,0.0136975614833,0.00863130478421,0.00825001140086,0.00863130741871,0.0136975640143,1.41681688264,2.45378310642,2.51950555016,2.45378255347,1.41681633037,-0.00679826423224,-0.00429603342162,-0.00409248863346,-0.0042960347231,-0.00679826542074,0.000250056721612,9.71139038863e-05,0.000160959481468,9.71139819567e-05,0.000250057102823,606.967142089,6.18729251944,-0.204583971693,22.1175849499,590.832265687,2.01012539947e-11,1.26919416817e-19,1.81335672802e-05,8.03436091102e-07,8.48688108832e-08,-4.85786014114,0.951771048797,-0.932264701234,0.951767506371,-4.8578718785,-13.3812987166,-13.3813206178,0.738579663622,0.753176535872,0.748459733141,0.753176527023,0.73857963414,-4.92738385251,0.830624177541,-1.05816863418,0.830620661774,-4.92739556367,0.738894074354,0.753366607559,0.748636037699,0.753366598772,0.738894044929,0.000254668229916,9.70986013087e-05,0.000161934265488,9.70986794293e-05,0.000254668621933,-5.02809628555,0.655795073657,-1.23853335578,0.655791596945,-5.02810795796,0.739366198348,0.753659979233,0.748912845737,0.753659970538,0.739366169006
5.275,0.026375,0.0695640625,0,-4.82317412016,1.01225513838,-0.869322339728,1.01225158268,-4.82318587054,-13.3782200661,-13.3782419636,1,1,0.624511558772,1,1,0.738423819069,0.753082810866,0.748373091125,0.753082801986,0.738423789558,0.000256967863051,9.70901437224e-05,0.000162380457635,9.70902218676e-05,0.000256968260525,0.000256967863051,9.70901437224e-05,0.000162380457635,9.70902218676e-05,0.000256968260525,0.000117805085598,4.33756705054e-05,7.27708866491e-05,4.33757028704e-05,0.000117805303266,0.000610810228312,0.000230782371577,0.000385976842489,0.000230782557327,0.000610811173104,3.00834710042,3.00930414415,3.00889417608,3.00930414365,3.00834709783,0.000880747678646,0.000871215653049,0.000874222108736,0.000871215658755,0.000880747698034,0.3916,0.3916,0.3916,0.3916,0.3916,0,0,0,0,0,0.0136975614833,0.00863130478421,0.00825001140086,0.00863130741871,0.0136975640143,1.41681688264,2.45378310642,2.51950555016,2.45378255347,1.41681633037,-0.00679826423224,-0.00429603342162,-0.00409248863346,-0.0042960347231,-0.00679826542074,0.000250056721612,9.71139038863e-05,0.000160959481468,9.71139819567e-05,0.000250057102823,609.857461813,6.24761401084,-0.205570556949,22.2434690499,593.656036217,1.95541360881e-11,1.25479460806e-19,1.81408235424e-05,8.11106081904e-07,8.52825395327e-08,-4.82317412016,1.01225513838,-0.869322339728,1.01225158268,-4.82318587054,-13.3782200661,-13.3782419636,0.738423819069,0.753082810866,0.748373091125,0.753082801986,0.738423789558,-4.92738385251,0.830624177541,-1.05816863418,0.830620661774,-4.92739556367,0.738894074354,0.753366607559,0.748636037699,0.753366598772,0.738894044929,0.000256967863051,9.70901437224e-05,0.000162380457635,9.70902218676e-05,0.000256968260525,-5.02809628555,0.655795073657,-1.23853335578,0.655791596945,-5.02810795796,0.739366198348,0.753659979233,0.748912845737,0.753659970538,0.739366169006
5.3,0.0265,0.070225,0,-4.78853841051,1.07267989617,-0.806386784991,1.07267632724,-4.78855017385,-13.3751300454,-13.3751519393,1,1,0.624511558772,1,1,0.738268869998,0.752989947916,0.748287442729,0.752989939006,0.738268840458,0.00025926303994,9.70811494983e-05,0.000162798724647,9.70812276679e-05,0.000259263442907,0.00025926303994,9.70811494983e-05,0.000162798724647,9.70812276679e-05,0.000259263442907,0.00011889267106,4.33716522756e-05,7.2952772855e-05,4.33716846518e-05,0.000118892891617,0.0006162658425,0.00023076099239,0.0003869710593,0.000230761178198,0.000616266800349,3.00867179761,3.00965241831,3.0092347004,3.0096524178,3.00867179495,0.000884877509146,0.000875260292729,0.000878276016909,0.000875260298481,0.000884877528645,0.3916,0.3916,0.3916,0.3916,0.3916,0,0,0,0,0,0.0136975614833,0.00863130478421,0.00825001140086,0.00863130741871,0.0136975640143,1.41681688264,2.45378310642,2.51950555016,2.45378255347,1.41681633037,-0.00679826423224,-0.00429603342162,-0.00409248863346,-0.0042960347231,-0.00679826542074,0.000250056721612,9.71139038863e-05,0.000160959481468,9.71139819567e-05,0.000250057102823,612.747781537,6.3082317122,-0.20655762144,22.3695263284,596.4799293,2.00728322852e-11,1.32526774927e-19,1.81481161253e-05,8.18812509717e-07,8.56963844118e-08,-4.78853841051,1.07267989617,-0.806386784991,1.07267632724,-4.78855017385,-13.3751300454,-13.3751519393,0.738268869998,0.752989947916,0.748287442729,0.752989939006,0.738268840458,-4.92738385251,0.830624177541,-1.05816863418,0.830620661774,-4.92739556367,0.738894074354,0.753366607559,0.748636037699,0.753366598772,0.738894044929,0.00025926303994,9.70811494983e-05,0.000162798724647,9.70812276679e-05,0.000259263442907,-5.02809628555,0.655795073657,-1.23853335578,0.655791596945,-5.02810795796,0.739366198348,0.753659979233,0.748912845737,0.753659970538,0.739366169006
5.325,0.026625,0.0708890625,0,-4.75395282925,1.13304549466,-0.743458336274,1.13304191253,-4.7539646055,-13.3720286762,-13.3720505664,1,1,0.624511558772,1,1,0.738114807772,0.752897938303,0.74820277821,0.752897929362,0.738114778204,0.000261553484399,9.70716193157e-05,0.000163188729565,9.70716975094e-05,0.000261553892894,0.000261553484399,9.70716193157e-05,0.000163188729565,9.70716975094e-05,0.000261553892894,0.000119984729765,4.33673946029e-05,7.3123428486e-05,4.33674269901e-05,0.000119984953242,0.000621710207746,0.000230738339234,0.000387898097372,0.0002307385251,0.000621711178736,3.00900198768,3.01000652208,3.00958108058,3.01000652157,3.00900198497,0.000889006959354,0.000879304201703,0.000882329067347,0.000879304207502,0.000889006978964,0.3916,0.3916,0.3916,0.3916,0.3916,0,0,0,0,0,0.0136975614833,0.00863130478421,0.00825001140086,0.00863130741871,0.0136975640143,1.41681688264,2.45378310642,2.51950555016,2.45378255347,1.41681633037,-0.00679826423224,-0.00429603342162,-0.00409248863346,-0.0042960347231,-0.00679826542074,0.000250056721612,9.71139038863e-05,0.000160959481468,9.71139819567e-05,0.000250057102823,615.638101262,6.36914564024,-0.207545178617,22.4957565349,599.303945188,2.01261229904e-11,1.31273166165e-19,1.81554450272e-05,8.2655537454e-07,8.61103473163e-08,-4.75395282925,1.13304549466,-0.743458336274,1.13304191253,-4.7539646055,-13.3720286762,-13.3720505664,0.738114807772,0.752897938303,0.74820277821,0.752897929362,0.738114778204,-4.92738385251,0.830624177541,-1.05816863418,0.830620661774,-4.92739556367,0.738894074354,0.753366607559,0.748636037699,0.753366598772,0.738894044929,0.000261553484399,9.70716193157e-05,0.000163188729565,9.70716975094e-05,0.000261553892894,-5.02809628555,0.655795073657,-1.23853335578,0.655791596945,-5.02810795796,0.739366198348,0.753659979233,0.748912845737,0.753659970538,0.739366169006
5.35,0.02675,0.07155625,0,-4.71941719409,1.19335210502,-0.680537290176,1.19334850974,-4.7194289832,-13.3689159803,-13.3689378669,1,1,0.624511558772,1,1,0.737961623881,0.75280677343,0.748119087952,0.752806764459,0.737961594286,0.000263838924684,9.70615538612e-05,0.000163550140926,9.70616320785e-05,0.000263839338744,0.000263838924684,9.70615538612e-05,0.000163550140926,9.70616320785e-05,0.000263839338744,0.000121081207072,4.33628977938e-05,7.32825698605e-05,4.33629301918e-05,0.000121081433502,0.000627142678118,0.000230714413742,0.000388757168827,0.000230714599664,0.000627143662334,3.00933768793,3.01036646688,3.00993333732,3.01036646635,3.00933768516,0.000893136030045,0.00088334738142,0.000886381260931,0.000883347387265,0.000893136049767,0.3916,0.3916,0.3916,0.3916,0.3916,0,0,0,0,0,0.0136975614833,0.00863130478421,0.00825001140086,0.00863130741871,0.0136975640143,1.41681688264,2.45378310642,2.51950555016,2.45378255347,1.41681633037,-0.00679826423224,-0.00429603342162,-0.00409248863346,-0.0042960347231,-0.00679826542074,0.000250056721612,9.71139038863e-05,0.000160959481468,9.71139819567e-05,0.000250057102823,618.528420986,6.43035581135,-0.208533242242,22.6221594194,602.128084135,2.01048067083e-11,1.26140146505e-19,1.81628102462e-05,8.34334676375e-07,8.65244301394e-08,-4.71941719409,1.19335210502,-0.680537290176,1.19334850974,-4.7194289832,-13.3689159803,-13.3689378669,0.737961623881,0.75280677343,0.748119087952,0.752806764459,0.737961594286,-4.92738385251,0.830624177541,-1.05816863418,0.830620661774,-4.92739556367,0.738894074354,0.753366607559,0.748636037699,0.753366598772,0.738894044929,0.000263838924684,9.70615538612e-05,0.000163550140926,9.70616320785e-05,0.000263839338744,-5.02809628555,0.655795073657,-1.23853335578,0.655791596945,-5.02810795796,0.739366198348,0.753659979233,0.748912845737,0.753659970538,0.739366169006
5.375,0.026875,0.0722265625,0,-4.6849313235,1.25359989713,-0.617623940673,1.25359628873,-4.68494312541,-13.3657919794,-13.3658138624,1,1,0.624511558772,1,1,0.737809309936,0.75271644482,0.748036362474,0.752716435818,0.737809280313,0.000266119093527,9.70509538282e-05,0.000163882632703,9.7051032069e-05,0.000266119513186,0.000266119093527,9.70509538282e-05,0.000163882632703,9.7051032069e-05,0.000266119513186,0.000122182045195,4.33581621583e-05,7.34299089013e-05,4.3358194567e-05,0.00012218227461,0.00063256261832,0.000230689217562,0.0003895474987,0.000230689403539,0.000632563615845,3.0096789135,3.0107322616,3.01029148899,3.01073226107,3.00967891067,0.000897264722064,0.000887389833398,0.000890432598619,0.000887389839291,0.000897264741896,0.3916,0.3916,0.3916,0.3916,0.3916,0,0,0,0,0,0.0136975614833,0.00863130478421,0.00825001140086,0.00863130741871,0.0136975640143,1.41681688264,2.45378310642,2.51950555016,2.45378255347,1.41681633037,-0.00679826423224,-0.00429603342162,-0.00409248863346,-0.0042960347231,-0.00679826542074,0.000250056721612,9.71139038863e-05,0.000160959481468,9.71139819567e-05,0.000250057102823,621.41874071,6.49186224163,-0.209521826416,22.7487347333,604.952346392,2.03534966658e-11,1.32577596904e-19,1.81702117803e-05,8.4215041522e-07,8.69386348798e-08,-4.6849313235,1.25359989713,-0.617623940673,1.25359628873,-4.68494312541,-13.3657919794,-13.3658138624,0.737809309936,0.75271644482,0.748036362474,0.752716435818,0.737809280313,-4.92738385251,0.830624177541,-1.05816863418,0.830620661774,-4.92739556367,0.738894074354,0.753366607559,0.748636037699,0.753366598772,0.738894044929,0.000266119093527,9.70509538282e-05,0.000163882632703,9.7051032069e-05,0.000266119513186,-5.02809628555,0.655795073657,-1.23853335578,0.655791596945,-5.02810795796,0.739366198348,0.753659979233,0.748912845737,0.753659970538,0.739366169006
5.4,0.027,0.0729,0,-4.6504950366,1.31378903953,-0.554718579141,1.31378541806,-4.65050685126,-13.3626566952,-13.3626785746,1,1,0.624511558772,1,1,0.737657857668,0.752626944113,0.747954592418,0.75262693508,0.737657828017,0.000268393728159,9.70398199175e-05,0.000164185884232,9.70398981814e-05,0.000268394153451,0.000268393728159,9.70398199175e-05,0.000164185884232,9.70398981814e-05,0.000268394153451,0.000123287183189,4.33531880093e-05,7.35651531866e-05,4.33532204286e-05,0.000123287415622,0.000637969403753,0.000230662752359,0.000390268324772,0.000230662938392,0.000637970414669,3.01002567738,3.01110391267,3.01065555172,3.01110391213,3.01002567449,0.000901393036319,0.000891431559231,0.000894483081449,0.00089143156517,0.000901393056263,0.3916,0.3916,0.3916,0.3916,0.3916,0,0,0,0,0,0.0130625722863,0.0080087836032,0.00753804760694,0.00800878616422,0.0130625747725,1.40007600357,2.43416214208,2.51843741966,2.43416160173,1.40007546932,-0.00647706518799,-0.00398478779758,-0.00373585493797,-0.00398478906227,-0.00647706634515,0.000268393728159,9.70398199175e-05,0.000164185884232,9.70398981814e-05,0.000268394153451,624.309060434,6.55366494687,-0.210510945591,22.8754822286,607.776732207,2.03606020932e-11,1.33407689193e-19,1.81776496274e-05,8.50002591076e-07,8.73529636489e-08,-4.6504950366,1.31378903953,-0.554718579141,1.31378541806,-4.65050685126,-13.3626566952,-13.3626785746,0.737657857668,0.752626944113,0.747954592418,0.75262693508,0.737657828017,-4.6504950366,1.31378903953,-0.554718579141,1.31378541806,-4.65050685126,0.737657857668,0.752626944113,0.747954592418,0.75262693508,0.737657828017,0.000268393728159,9.70398199175e-05,0.000164185884232,9.70398981814e-05,0.000268394153451,-4.75002964517,1.14034371323,-0.734970197265,1.14034012991,-4.75004142233,0.738108171382,0.752899249214,0.74820718525,0.752899240271,0.738108141813
5.425,0.027125,0.0735765625,0,-4.61610815323,1.37391969951,-0.491821494371,1.373916065,-4.61611998059,-13.3595101491,-13.3595320249,1,1,0.624511558772,1,1,0.737507258925,0.752538263065,0.747873768552,0.752538254002,0.737507229246,0.000270662570331,9.70281528368e-05,0.00016445958013,9.70282311234e-05,0.000270663001291,0.000270662570331,9.70281528368e-05,0.00016445958013,9.70282311234e-05,0.000270663001291,0.000124396556939,4.3347975663e-05,7.36880060047e-05,4.33480080928e-05,0.000124396792424,0.000643362420563,0.000230635019817,0.000390918897384,0.000230635205903,0.000643363444952,3.0103779904,3.01148142406,3.01102553938,3.01148142352,3.01037798745,0.000905520973783,0.00089547256058,0.00089853271053,0.000895472566566,0.000905520993838,0.3916,0.3916,0.3916,0.3916,0.3916,0,0,0,0,0,0.0130625722863,0.0080087836032,0.00753804760694,0.00800878616422,0.0130625747725,1.40007600357,2.43416214208,2.51843741966,2.43416160173,1.40007546932,-0.00647706518799,-0.00398478779758,-0.00373585493797,-0.00398478906227,-0.00647706634515,0.000268393728159,9.70398199175e-05,0.000164185884232,9.70398981814e-05,0.000268394153451,627.199380158,6.61576394255,-0.211500614596,23.0024016582,610.601241828,2.070521532e-11,1.28901473913e-19,1.81851237853e-05,8.57891203944e-07,8.77674186795e-08,-4.61610815323,1.37391969951,-0.491821494371,1.373916065,-4.61611998059,-13.3595101491,-13.3595320249,0.737507258925,0.752538263065,0.747873768552,0.752538254002,0.737507229246,-4.6504950366,1.31378903953,-0.554718579141,1.31378541806,-4.65050685126,0.737657857668,0.752626944113,0.747954592418,0.75262693508,0.737657828017,0.000270662570331,9.70281528368e-05,0.00016445958013,9.70282311234e-05,0.000270663001291,-4.75002964517,1.14034371323,-0.734970197265,1.14034012991,-4.75004142233,0.738108171382,0.752899249214,0.74820718525,0.752899240271,0.738108141813
5.45,0.02725,0.07425625,0,-4.58177049393,1.43399204307,-0.428932972604,1.43398839555,-4.58178233393,-13.3563523626,-13.3563742348,1,1,0.624511558772,1,1,0.737357505669,0.752450393545,0.747793881769,0.752450384452,0.737357475962,0.000272925366329,9.70159533009e-05,0.000164703410216,9.70160316099e-05,0.000272925802992,0.000272925366329,9.70159533009e-05,0.000164703410216,9.70160316099e-05,0.000272925802992,0.000125510099162,4.33425254388e-05,7.37981664122e-05,4.33425578789e-05,0.000125510337732,0.000648741065674,0.000230606021633,0.000391498479238,0.000230606207773,0.000648742103618,3.01073586129,3.01186479732,3.01140146356,3.01186479676,3.01073585827,0.000909648535492,0.00089951283917,0.00090258148705,0.000899512845203,0.000909648555659,0.3916,0.3916,0.3916,0.3916,0.3916,0,0,0,0,0,0.0130625722863,0.0080087836032,0.00753804760694,0.00800878616422,0.0130625747725,1.40007600357,2.43416214208,2.51843741966,2.43416160173,1.40007546932,-0.00647706518799,-0.00398478779758,-0.00373585493797,-0.00398478906227,-0.00647706634515,0.000268393728159,9.70398199175e-05,0.000164185884232,9.70398981814e-05,0.000268394153451,630.089699883,6.67815924384,-0.212490848662,23.1294927762,613.425875502,2.09290362818e-11,1.34695179272e-19,1.81926342515e-05,8.65816253822e-07,8.81820023348e-08,-4.58177049393,1.43399204307,-0.428932972604,1.43398839555,-4.58178233393,-13.3563523626,-13.3563742348,0.737357505669,0.752450393545,0.747793881769,0.752450384452,0.737357475962,-4.6504950366,1.31378903953,-0.554718579141,1.31378541806,-4.65050685126,0.737657857668,0.752626944113,0.747954592418,0.75262693508,0.737657828017,0.000272925366329,9.70159533009e-05,0.000164703410216,9.70160316099e-05,0.000272925802992,-4.75002964517,1.14034371323,-0.734970197265,1.14034012991,-4.75004142233,0.738108171382,0.752899249214,0.74820718525,0.752899240271,0.738108141813
5.475,0.027375,0.0749390625,0,-4.54748187992,1.49400623493,-0.366053297541,1.49400257445,-4.54749373251,-13.3531833572,-13.3532052258,1,1,0.624511558772,1,1,0.737208589974,0.752363327533,0.747714923077,0.752363318409,0.73720856024,0.000275181866983,9.70032220316e-05,0.000164917069419,9.70033003627e-05,0.000275182309382,0.000275181866983,9.70032220316e-05,0.000164917069419,9.70033003627e-05,0.000275182309382,0.0001266277394,4.33368376592e-05,7.38953292948e-05,4.33368701095e-05,0.000126627981089,0.00065410474681,0.000230575759524,0.000392006345185,0.000230575945716,0.000654105798388,3.01109929664,3.0122540316,3.01178333368,3.01225403104,3.01109929355,0.00091377572254,0.000903552396794,0.000906629412262,0.000903552402874,0.000913775742819,0.3916,0.3916,0.3916,0.3916,0.3916,0,0,0,0,0,0.0130625722863,0.0080087836032,0.00753804760694,0.00800878616422,0.0130625747725,1.40007600357,2.43416214208,2.51843741966,2.43416160173,1.40007546932,-0.00647706518799,-0.00398478779758,-0.00373585493797,-0.00398478906227,-0.00647706634515,0.000268393728159,9.70398199175e-05,0.000164185884232,9.70398981814e-05,0.000268394153451,632.980019607,6.74085086562,-0.213481663442,23.2567553371,616.250633472,2.11954898077e-11,1.31713623298e-19,1.82001810236e-05,8.73777740711e-07,8.85967171176e-08,-4.54748187992,1.49400623493,-0.366053297541,1.49400257445,-4.54749373251,-13.3531833572,-13.3532052258,0.737208589974,0.752363327533,0.747714923077,0.752363318409,0.73720856024,-4.6504950366,1.31378903953,-0.554718579141,1.31378541806,-4.65050685126,0.737657857668,0.752626944113,0.747954592418,0.75262693508,0.737657828017,0.000275181866983,9.70032220316e-05,0.000164917069419,9.70033003627e-05,0.000275182309382,-4.75002964517,1.14034371323,-0.734970197265,1.14034012991,-4.75004142233,0.738108171382,0.752899249214,0.74820718525,0.752899240271,0.738108141813
5.5,0.0275,0.075625,0,-4.51324213313,1.55396243861,-0.303182750374,1.5539587652,-4.51325399826,-13.3500031541,-13.3500250191,1,1,0.624511558772,1,1,0.737060504027,0.752277057116,0.747636883608,0.752277047963,0.737060474265,0.000277431827664,9.69899597577e-05,0.000165100257688,9.69900381106e-05,0.000277432275833,0.000277431827664,9.69899597577e-05,0.000165100257688,9.69900381106e-05,0.000277432275833,0.000127749404033,4.33309126497e-05,7.39791854314e-05,4.33309451101e-05,0.000127749648875,0.000659452882491,0.000230544235222,0.000392441782001,0.000230544421466,0.000659453947785,3.01146830098,3.01264912376,3.01217115693,3.01264912319,3.01146829783,0.000917902536081,0.0009075912353,0.00091067648749,0.000907591241427,0.000917902556471,0.3916,0.3916,0.3916,0.3916,0.3916,0,0,0,0,0,0.0130625722863,0.0080087836032,0.00753804760694,0.00800878616422,0.0130625747725,1.40007600357,2.43416214208,2.51843741966,2.43416160173,1.40007546932,-0.00647706518799,-0.00398478779758,-0.00373585493797,-0.00398478906227,-0.00647706634515,0.000268393728159,9.70398199175e-05,0.000164185884232,9.70398981814e-05,0.000268394153451,635.870339331,6.80383882248,-0.21447307504,23.3841890968,619.075515982,2.17639239963e-11,1.32272665043e-19,1.82077640989e-05,8.81775664611e-07,8.90115656806e-08,-4.51324213313,1.55396243861,-0.303182750374,1.5539587652,-4.51325399826,-13.3500031541,-13.3500250191,0.737060504027,0.752277057116,0.747636883608,0.752277047963,0.737060474265,-4.6504950366,1.31378903953,-0.554718579141,1.31378541806,-4.65050685126,0.737657857668,0.752626944113,0.747954592418,0.75262693508,0.737657828017,0.000277431827664,9.69899597577e-05,0.000165100257688,9.69900381106e-05,0.000277432275833,-4.75002964517,1.14034371323,-0.734970197265,1.14034012991,-4.75004142233,0.738108171382,0.752899249214,0.74820718525,0.752899240271,0.738108141813
5.525,0.027625,0.0763140625,0,-4.47905107617,1.61386081633,-0.240321609794,1.61385713004,-4.47906295379,-13.3468117746,-13.346833636,1,1,0.624511558772,1,1,0.736913240121,0.75219157449,0.747559754603,0.752191565307,0.736913210332,0.000279675008284,9.6976167215e-05,0.000165252679886,9.69762455894e-05,0.000279675462257,0.000279675008284,9.6976167215e-05,0.000165252679886,9.69762455894e-05,0.000279675462257,0.000128875016289,4.33247507391e-05,7.40494215599e-05,4.33247832094e-05,0.00012887526432,0.00066478490203,0.000230511450475,0.000392804088153,0.000230511636771,0.00066478598112,3.01184287679,3.01305006835,3.01256493812,3.01305006777,3.01184287358,0.000922028977324,0.000911629356596,0.000914722714124,0.000911629362771,0.000922028997826,0.3916,0.3916,0.3916,0.3916,0.3916,0,0,0,0,0,0.0130625722863,0.0080087836032,0.00753804760694,0.00800878616422,0.0130625747725,1.40007600357,2.43416214208,2.51843741966,2.43416160173,1.40007546932,-0.00647706518799,-0.00398478779758,-0.00373585493797,-0.00398478906227,-0.00647706634515,0.000268393728159,9.70398199175e-05,0.000164185884232,9.70398981814e-05,0.000268394153451,638.760659055,6.86712312872,-0.215465099945,23.5117938117,621.900523272,2.19380069666e-11,1.31764445275e-19,1.82153834747e-05,8.89810025522e-07,8.94265508368e-08,-4.47905107617,1.61386081633,-0.240321609794,1.61385713004,-4.47906295379,-13.3468117746,-13.346833636,0.736913240121,0.75219157449,0.747559754603,0.752191565307,0.736913210332,-4.6504950366,1.31378903953,-0.554718579141,1.31378541806,-4.65050685126,0.737657857668,0.752626944113,0.747954592418,0.75262693508,0.737657828017,0.000279675008284,9.6976167215e-05,0.000165252679886,9.69762455894e-05,0.000279675462257,-4.75002964517,1.14034371323,-0.734970197265,1.14034012991,-4.75004142233,0.738108171382,0.752899249214,0.74820718525,0.752899240271,0.738108141813
5.55,0.02775,0.07700625,0,-4.44490853236,1.67370152914,-0.177470152017,1.67369782999,-4.44492042241,-13.3436092399,-13.3436310976,1,1,0.624511558772,1,1,0.736766790654,0.752106871955,0.747483527421,0.752106862742,0.736766760838,0.000281911173284,9.69618451463e-05,0.000165374045692,9.69619235418e-05,0.000281911633094,0.000281911173284,9.69618451463e-05,0.000165374045692,9.69619235418e-05,0.000281911633094,0.000130004496261,4.33183522592e-05,7.41057204461e-05,4.33183847394e-05,0.000130004747515,0.000670100245506,0.000230477407051,0.000393092573548,0.000230477593396,0.00067010133847,3.01222302455,3.01345685772,3.0129646799,3.01345685713,3.01222302126,0.000926155047529,0.000915666762643,0.000918768093614,0.000915666768866,0.000926155068143,0.3916,0.3916,0.3916,0.3916,0.3916,0,0,0,0,0,0.0130625722863,0.0080087836032,0.00753804760694,0.00800878616422,0.0130625747725,1.40007600357,2.43416214208,2.51843741966,2.43416160173,1.40007546932,-0.00647706518799,-0.00398478779758,-0.00373585493797,-0.00398478906227,-0.00647706634515,0.000268393728159,9.70398199175e-05,0.000164185884232,9.70398981814e-05,0.000268394153451,641.65097878,6.93070379832,-0.216457755127,23.6395692393,624.725655583,2.20303775222e-11,1.30087320039e-19,1.82230391479e-05,8.97880823444e-07,8.98416755706e-08,-4.44490853236,1.67370152914,-0.177470152017,1.67369782999,-4.44492042241,-13.3436092399,-13.3436310976,0.736766790654,0.752106871955,0.747483527421,0.752106862742,0.736766760838,-4.6504950366,1.31378903953,-0.554718579141,1.31378541806,-4.65050685126,0.737657857668,0.752626944113,0.747954592418,0.75262693508,0.737657828017,0.000281911173284,9.69618451463e-05,0.000165374045692,9.69619235418e-05,0.000281911633094,-4.75002964517,1.14034371323,-0.734970197265,1.14034012991,-4.75004142233,0.738108171382,0.752899249214,0.74820718525,0.752899240271,0.738108141813
5.575,0.027875,0.0777015625,0,-4.41081432568,1.73348473683,-0.114628650848,1.73348102487,-4.41082622812,-13.340395571,-13.3404174252,1,1,0.624511558772,1,1,0.736621148131,0.752022941912,0.747408193532,0.752022932669,0.736621118287,0.000284140091618,9.69469943013e-05,0.000165464069492,9.69470727176e-05,0.000284140557297,0.000284140091618,9.69469943013e-05,0.000165464069492,9.69470727176e-05,0.000284140557297,0.000131137760928,4.33117175449e-05,7.41477609531e-05,4.33117500348e-05,0.000131138015439,0.000675398363722,0.00023044210673,0.000393306559286,0.000230442293125,0.000675399470638,3.01260874274,3.01386948206,3.01337038346,3.01386948147,3.01260873939,0.000930280748009,0.000919703455453,0.000922812627473,0.000919703461723,0.000930280768735,0.3916,0.3916,0.3916,0.3916,0.3916,0,0,0,0,0,0.0130625722863,0.0080087836032,0.00753804760694,0.00800878616422,0.0130625747725,1.40007600357,2.43416214208,2.51843741966,2.43416160173,1.40007546932,-0.00647706518799,-0.00398478779758,-0.00373585493797,-0.00398478906227,-0.00647706634515,0.000268393728159,9.70398199175e-05,0.000164185884232,9.70398981814e-05,0.000268394153451,644.541298504,6.99458084502,-0.217451058334,23.767515138,627.550913153,2.2730262117e-11,1.3554221222e-19,1.82307311153e-05,9.05988058377e-07,9.02569430499e-08,-4.41081432568,1.73348473683,-0.114628650848,1.73348102487,-4.41082622812,-13.340395571,-13.3404174252,0.736621148131,0.752022941912,0.747408193532,0.752022932669,0.736621118287,-4.6504950366,1.31378903953,-0.554718579141,1.31378541806,-4.65050685126,0.737657857668,0.752626944113,0.747954592418,0.75262693508,0.737657828017,0.000284140091618,9.69469943013e-05,0.000165464069492,9.69470727176e-05,0.000284140557297,-4.75002964517,1.14034371323,-0.734970197265,1.14034012991,-4.75004142233,0.738108171382,0.752899249214,0.74820718525,0.752899240271,0.738108141813
5.6,0.028,0.0784,0,-4.37676828082,1.79321059801,-0.051797377666,1.79320687328,-4.3767801956,-13.3371707891,-13.3371926397,1,1,0.624511558772,1,1,0.736476305157,0.751939776865,0.747333744514,0.751939767593,0.736476275286,0.000286361536727,9.69316154366e-05,0.000165522470267,9.69316938734e-05,0.000286362008309,0.000286361536727,9.69316154366e-05,0.000165522470267,9.69316938734e-05,0.000286362008309,0.000132274724179,4.33048469343e-05,7.41752181124e-05,4.33048794338e-05,0.000132274981983,0.000680678718153,0.000230405551311,0.000393445377388,0.000230405737755,0.0006806798391,3.01300002795,3.01428792949,3.01378204798,3.0142879289,3.01300002453,0.000934406080125,0.000923739437086,0.000926856317268,0.000923739443404,0.000934406100963,0.3916,0.3916,0.3916,0.3916,0.3916,0,0,0,0,0,0.012477521904,0.00743730684594,0.00688139256673,0.00743730933829,0.0124775243478,1.38381639698,2.41501082964,2.51655033619,2.41501030173,1.38381588015,-0.00618091013652,-0.00369907127844,-0.00340725740049,-0.00369907250877,-0.00618091126314,0.000286361536727,9.69316154366e-05,0.000165522470267,9.69316938734e-05,0.000286362008309,647.431618228,7.05875428224,-0.218445027886,23.8956312668,630.376296216,2.29611885061e-11,1.31459513414e-19,1.82384593737e-05,9.14131730321e-07,9.06723566386e-08,-4.37676828082,1.79321059801,-0.051797377666,1.79320687328,-4.3767801956,-13.3371707891,-13.3371926397,0.736476305157,0.751939776865,0.747333744514,0.751939767593,0.736476275286,-4.37676828082,1.79321059801,-0.051797377666,1.79320687328,-4.3767801956,0.736476305157,0.751939776865,0.747333744514,0.751939767593,0.736476275286,0.000286361536727,9.69316154366e-05,0.000165522470267,9.69316938734e-05,0.000286362008309,-4.47515890824,1.62111675561,-0.231879777751,1.62111306816,-4.47517078674,0.736906460423,0.752192691031,0.747563980993,0.752192681845,0.736906430632
5.625,0.028125,0.0791015625,0,-4.34277022317,1.85287927009,0.0110233985521,1.85287553263,-4.34278215023,-13.3339349151,-13.3339567621,1,1,0.624511558772,1,1,0.736332254436,0.751857369416,0.747260172056,0.751857360114,0.736332224538,0.000288575286518,9.69157093157e-05,0.000165548971482,9.69157877726e-05,0.000288575764036,0.000288575286518,9.69157093157e-05,0.000165548971482,9.69157877726e-05,0.000288575764036,0.000133415296847,4.32977407685e-05,7.4187763197e-05,4.32977732774e-05,0.00013341555798,0.000685940780885,0.000230367742609,0.00039350837053,0.000230367929101,0.000685941915939,3.01339687487,3.0147121861,3.0141996707,3.0147121855,3.01339687138,0.000938531045283,0.000927774709645,0.000930899164624,0.000927774716011,0.000938531066233,0.3916,0.3916,0.3916,0.3916,0.3916,0,0,0,0,0,0.012477521904,0.00743730684594,0.00688139256673,0.00743730933829,0.0124775243478,1.38381639698,2.41501082964,2.51655033619,2.41501030173,1.38381588015,-0.00618091013652,-0.00369907127844,-0.00340725740049,-0.00369907250877,-0.00618091126314,0.000286361536727,9.69316154366e-05,0.000165522470267,9.69316938734e-05,0.000286362008309,650.321937952,7.12322412314,-0.219439682713,24.0239173858,633.201805007,2.27835528221e-11,1.352203397e-19,1.82462239194e-05,9.22311839276e-07,9.10879199094e-08,-4.34277022317,1.85287927009,0.0110233985521,1.85287553263,-4.34278215023,-13.3339349151,-13.3339567621,0.736332254436,0.751857369416,0.747260172056,0.751857360114,0.736332224538,-4.37676828082,1.79321059801,-0.051797377666,1.79320687328,-4.3767801956,0.736476305157,0.751939776865,0.747333744514,0.751939767593,0.736476275286,0.000288575286518,9.69157093157e-05,0.000165548971482,9.69157877726e-05,0.000288575764036,-4.47515890824,1.62111675561,-0.231879777751,1.62111306816,-4.47517078674,0.736906460423,0.752192691031,0.747563980993,0.752192681845,0.736906430632
5.65,0.02825,0.07980625,0,-4.30881997877,1.91249090932,0.0738334185239,1.91248715916,-4.30883191806,-13.3306879698,-13.3307098133,1,1,0.624511558772,1,1,0.736188988772,0.751775712265,0.747187466,0.751775702933,0.736188958847,0.000290781123326,9.6899276709e-05,0.000165548804457,9.68993551857e-05,0.000290781606811,0.000290781123326,9.6899276709e-05,0.000165548804457,9.68993551857e-05,0.000290781606811,0.000134559386739,4.32903993917e-05,7.4187688348e-05,4.32904319098e-05,0.000134559651237,0.000691184034528,0.000230328682455,0.000393507973514,0.000230328868994,0.000691185183767,3.01379927638,3.01514223605,3.01462322745,3.01514223543,3.01379927282,0.000942655644932,0.000931809275275,0.0009349411713,0.000931809281688,0.000942655665994,0.3916,0.3916,0.3916,0.3916,0.3916,0,0,0,0,0,0.012477521904,0.00743730684594,0.00688139256673,0.00743730933829,0.0124775243478,1.38381639698,2.41501082964,2.51655033619,2.41501030173,1.38381588015,-0.00618091013652,-0.00369907127844,-0.00340725740049,-0.00369907250877,-0.00618091126314,0.000286361536727,9.69316154366e-05,0.000165522470267,9.69316938734e-05,0.000286362008309,653.212257677,7.18799038063,-0.22043498583,24.1523732561,636.027439815,2.31672458995e-11,1.35914906716e-19,1.82540247486e-05,9.30528385241e-07,9.15036366581e-08,-4.30881997877,1.91249090932,0.0738334185239,1.91248715916,-4.30883191806,-13.3306879698,-13.3307098133,0.736188988772,0.751775712265,0.747187466,0.751775702933,0.736188958847,-4.37676828082,1.79321059801,-0.051797377666,1.79320687328,-4.3767801956,0.736476305157,0.751939776865,0.747333744514,0.751939767593,0.736476275286,0.000290781123326,9.6899276709e-05,0.000165548804457,9.68993551857e-05,0.000290781606811,-4.47515890824,1.62111675561,-0.231879777751,1.62111306816,-4.47517078674,0.736906460423,0.752192691031,0.747563980993,0.752192681845,0.736906430632
5.675,0.028375,0.0805140625,0,-4.27491737437,1.97204567085,0.136632451843,1.97204190803,-4.27492932584,-13.3274299742,-13.3274518141,1,1,0.624511558772,1,1,0.736046501066,0.751694798205,0.747115609021,0.751694788844,0.736046471114,0.000292978833877,9.68823183936e-05,0.000165547685754,9.68823968899e-05,0.000292979323361,0.000292978833877,9.68823183936e-05,0.000165547685754,9.68823968899e-05,0.000292979323361,0.000135706898677,4.3282823151e-05,7.41871870215e-05,4.32828556783e-05,0.000135707166577,0.000696407972133,0.000230288372697,0.000393505314367,0.000230288559282,0.000696409135633,3.01420722361,3.01557806162,3.01505261671,3.015578061,3.01420721998,0.000946779880561,0.000935843136158,0.000938982339475,0.000935843142619,0.000946779901736,0.3916,0.3916,0.3916,0.3916,0.3916,0,0,0,0,0,0.012477521904,0.00743730684594,0.00688139256673,0.00743730933829,0.0124775243478,1.38381639698,2.41501082964,2.51655033619,2.41501030173,1.38381588015,-0.00618091013652,-0.00369907127844,-0.00340725740049,-0.00369907250877,-0.00618091126314,0.000286361536727,9.69316154366e-05,0.000165522470267,9.69316938734e-05,0.000286362008309,656.102577401,7.25305306753,-0.221430695686,24.2809986393,638.853201133,2.34052777159e-11,1.34525772683e-19,1.82618618571e-05,9.38781368218e-07,9.19195111053e-08,-4.27491737437,1.97204567085,0.136632451843,1.97204190803,-4.27492932584,-13.3274299742,-13.3274518141,0.736046501066,0.751694798205,0.747115609021,0.751694788844,0.736046471114,-4.37676828082,1.79321059801,-0.051797377666,1.79320687328,-4.3767801956,0.736476305157,0.751939776865,0.747333744514,0.751939767593,0.736476275286,0.000292978833877,9.68823183936e-05,0.000165547685754,9.68823968899e-05,0.000292979323361,-4.47515890824,1.62111675561,-0.231879777751,1.62111306816,-4.47517078674,0.736906460423,0.752192691031,0.747563980993,0.752192681845,0.736906430632
5.7,0.0285,0.081225,0,-4.24106223732,2.03154370865,0.199420237382,2.03153993321,-4.24107420092,-13.324160949,-13.3241827853,1,1,0.624511558772,1,1,0.735904784306,0.751614620127,0.747044592983,0.751614610737,0.735904754327,0.000295168209243,9.68648351538e-05,0.000165545615564,9.68649136692e-05,0.000295168704758,0.000295168209243,9.68648351538e-05,0.000165545615564,9.68649136692e-05,0.000295168704758,0.000136857734539,4.32750123967e-05,7.41862593031e-05,4.32750449331e-05,0.000136858005876,0.000701612097083,0.000230246815198,0.000393500393543,0.000230247001828,0.000701613274919,3.0146207033,3.01601964335,3.01548782374,3.01601964272,3.0146206996,0.000950903753698,0.00093987629451,0.000943022671269,0.00093987630102,0.000950903774985,0.3916,0.3916,0.3916,0.3916,0.3916,0,0,0,0,0,0.012477521904,0.00743730684594,0.00688139256673,0.00743730933829,0.0124775243478,1.38381639698,2.41501082964,2.51655033619,2.41501030173,1.38381588015,-0.00618091013652,-0.00369907127844,-0.00340725740049,-0.00369907250877,-0.00618091126314,0.000286361536727,9.69316154366e-05,0.000165522470267,9.69316938734e-05,0.000286362008309,658.992897125,7.31841219635,-0.222426824271,24.4097932982,641.679089199,2.36610731008e-11,1.35389746289e-19,1.82697352409e-05,9.47070788205e-07,9.23355473466e-08,-4.24106223732,2.03154370865,0.199420237382,2.03153993321,-4.24107420092,-13.324160949,-13.3241827853,0.735904784306,0.751614620127,0.747044592983,0.751614610737,0.735904754327,-4.37676828082,1.79321059801,-0.051797377666,1.79320687328,-4.3767801956,0.736476305157,0.751939776865,0.747333744514,0.751939767593,0.736476275286,0.000295168209243,9.68648351538e-05,0.000165545615564,9.68649136692e-05,0.000295168704758,-4.47515890824,1.62111675561,-0.231879777751,1.62111306816,-4.47517078674,0.736906460423,0.752192691031,0.747563980993,0.752192681845,0.736906430632
5.725,0.028625,0.0819390625,0,-4.20725439545,2.09098517557,0.262196516154,2.09098138754,-4.20726637113,-13.3208809148,-13.3209027476,1,1,0.624511558772,1,1,0.735763831561,0.75153517101,0.746974409852,0.75153516159,0.735763801556,0.000297349044797,9.68468277802e-05,0.000165542594097,9.68469063145e-05,0.000297349546376,0.000297349044797,9.68468277802e-05,0.000165542594097,9.68469063145e-05,0.000297349546376,0.000138011793298,4.32669674823e-05,7.41849052878e-05,4.32670000275e-05,0.00013801206811,0.000706795922979,0.000230204011838,0.000393493211545,0.000230204198513,0.000706797115227,3.01503969524,3.01646696005,3.01592883128,3.01646695942,3.01503969146,0.000955027265905,0.000943908752582,0.000947062168736,0.000943908759139,0.000955027287304,0.3916,0.3916,0.3916,0.3916,0.3916,0,0,0,0,0,0.012477521904,0.00743730684594,0.00688139256673,0.00743730933829,0.0124775243478,1.38381639698,2.41501082964,2.51655033619,2.41501030173,1.38381588015,-0.00618091013652,-0.00369907127844,-0.00340725740049,-0.00369907250877,-0.00618091126314,0.000286361536727,9.69316154366e-05,0.000165522470267,9.69316938734e-05,0.000286362008309,661.883216849,7.38406777938,-0.223423381543,24.5387569963,644.505104251,2.39879227593e-11,1.38066370402e-19,1.82776448953e-05,9.55396645204e-07,9.27517499287e-08,-4.20725439545,2.09098517557,0.262196516154,2.09098138754,-4.20726637113,-13.3208809148,-13.3209027476,0.735763831561,0.75153517101,0.746974409852,0.75153516159,0.735763801556,-4.37676828082,1.79321059801,-0.051797377666,1.79320687328,-4.3767801956,0.736476305157,0.751939776865,0.747333744514,0.751939767593,0.736476275286,0.000297349044797,9.68468277802e-05,0.000165542594097,9.68469063145e-05,0.000297349546376,-4.47515890824,1.62111675561,-0.231879777751,1.62111306816,-4.47517078674,0.736906460423,0.752192691031,0.747563980993,0.752192681845,0.736906430632
5.75,0.02875,0.08265625,0,-4.17349367756,2.15037022329,0.324961031473,2.15036642272,-4.17350566528,-13.3175898922,-13.3176117215,1,1,0.624511558772,1,1,0.735623636011,0.751456443926,0.74690505169,0.751456434477,0.735623605979,0.000299521140159,9.68282970705e-05,0.000165538621586,9.68283756234e-05,0.000299521647832,0.000299521140159,9.68282970705e-05,0.000165538621586,9.68283756234e-05,0.000299521647832,0.000139168971071,4.32586887639e-05,7.41831250794e-05,4.32587213179e-05,0.000139169249394,0.000711958973518,0.000230159964513,0.000393483768924,0.000230160151232,0.000711960180251,3.0154641856,3.01691998894,3.01637562006,3.0169199883,3.01546418175,0.000959150418777,0.000947940512649,0.000951100833968,0.000947940519255,0.000959150440289,0.3916,0.3916,0.3916,0.3916,0.3916,0,0,0,0,0,0.012477521904,0.00743730684594,0.00688139256673,0.00743730933829,0.0124775243478,1.38381639698,2.41501082964,2.51655033619,2.41501030173,1.38381588015,-0.00618091013652,-0.00369907127844,-0.00340725740049,-0.00369907250877,-0.00618091126314,0.000286361536727,9.69316154366e-05,0.000165522470267,9.69316938734e-05,0.000286362008309,664.773536573,7.45001982864,-0.224420384429,24.667889498,647.33124652,2.42650344262e-11,1.35000111133e-19,1.82855908155e-05,9.63758939213e-07,9.31681236854e-08,-4.17349367756,2.15037022329,0.324961031473,2.15036642272,-4.17350566528,-13.3175898922,-13.3176117215,0.735623636011,0.751456443926,0.74690505169,0.751456434477,0.735623605979,-4.37676828082,1.79321059801,-0.051797377666,1.79320687328,-4.3767801956,0.736476305157,0.751939776865,0.747333744514,0.751939767593,0.736476275286,0.000299521140159,9.68282970705e-05,0.000165538621586,9.68283756234e-05,0.000299521647832,-4.47515890824,1.62111675561,-0.231879777751,1.62111306816,-4.47517078674,0.736906460423,0.752192691031,0.747563980993,0.752192681845,0.736906430632
5.775,0.028875,0.0833765625,0,-4.13977991314,2.20969900239,0.38771352893,2.20969518931,-4.13979191284,-13.314287902,-13.3143097277,1,1,0.624511558772,1,1,0.735484190923,0.751378432035,0.74683651066,0.751378422558,0.735484160864,0.000301684299136,9.68092438292e-05,0.000165533698284,9.68093224002e-05,0.000301684812934,0.000301684299136,9.68092438292e-05,0.000165533698284,9.68093224002e-05,0.000301684812934,0.000140329161157,4.3250176601e-05,7.41809187909e-05,4.32502091636e-05,0.000140329443029,0.000717100782352,0.000230114675135,0.00039347206628,0.000230114861897,0.000717102003646,3.01589415907,3.01737870571,3.01682816899,3.01737870507,3.01589415514,0.00096327321394,0.000951971577014,0.000955138669095,0.000951971583668,0.000963273235565,0.3916,0.3916,0.3916,0.3916,0.3916,0,0,0,0,0,0.012477521904,0.00743730684594,0.00688139256673,0.00743730933829,0.0124775243478,1.38381639698,2.41501082964,2.51655033619,2.41501030173,1.38381588015,-0.00618091013652,-0.00369907127844,-0.00340725740049,-0.00369907250877,-0.00618091126314,0.000286361536727,9.69316154366e-05,0.000165522470267,9.69316938734e-05,0.000286362008309,667.663856298,7.51626835589,-0.225417850677,24.7971905684,650.157516235,2.42188491484e-11,1.352203397e-19,1.82935729965e-05,9.72157670234e-07,9.35846737525e-08,-4.13977991314,2.20969900239,0.38771352893,2.20969518931,-4.13979191284,-13.314287902,-13.3143097277,0.735484190923,0.751378432035,0.74683651066,0.751378422558,0.735484160864,-4.37676828082,1.79321059801,-0.051797377666,1.79320687328,-4.3767801956,0.736476305157,0.751939776865,0.747333744514,0.751939767593,0.736476275286,0.000301684299136,9.68092438292e-05,0.000165533698284,9.68093224002e-05,0.000301684812934,-4.47515890824,1.62111675561,-0.231879777751,1.62111306816,-4.47517078674,0.736906460423,0.752192691031,0.747563980993,0.752192681845,0.736906430632
5.8,0.029,0.0841,0,-4.10611293233,2.26897166231,0.450453756379,2.26896783676,-4.10612494396,-13.3109749644,-13.3109967866,1,1,0.624511558772,1,1,0.735345489652,0.751301128585,0.746768779019,0.751301119079,0.735345459568,0.000303838329664,9.67896688672e-05,0.000165527824462,9.67897474561e-05,0.000303838849619,0.000303838329664,9.67896688672e-05,0.000165527824462,9.67897474561e-05,0.000303838849619,0.000141492254091,4.32414313559e-05,7.41782865444e-05,4.32414639271e-05,0.000141492539549,0.00072222089295,0.000230068145631,0.00039345810426,0.000230068332437,0.000722222128877,3.01632959889,3.01784308462,3.0172864552,3.01784308397,3.01632959489,0.000967395653047,0.000956001948,0.000959175676285,0.000956001954703,0.000967395674785,0.3916,0.3916,0.3916,0.3916,0.3916,0,0,0,0,0,0.0119366694518,0.00691091355695,0.00627542834232,0.00691091598361,0.0119366718555,1.36802360259,2.39630019212,2.5139026994,2.39629967647,1.3680231026,-0.00590695324514,-0.00343590331002,-0.00310427420662,-0.00343590450747,-0.00590695434198,0.000303838329664,9.67896688672e-05,0.000165527824462,9.67897474561e-05,0.000303838849619,670.554176022,7.58281337262,-0.226415798904,24.9266599737,652.983913622,2.40873987423e-11,1.3023978597e-19,1.83015914327e-05,9.80592838265e-07,9.4001405586e-08,-4.10611293233,2.26897166231,0.450453756379,2.26896783676,-4.10612494396,-13.3109749644,-13.3109967866,0.735345489652,0.751301128585,0.746768779019,0.751301119079,0.735345459568,-4.10611293233,2.26897166231,0.450453756379,2.26896783676,-4.10612494396,0.735345489652,0.751301128585,0.746768779019,0.751301119079,0.735345459568,0.000303838329664,9.67896688672e-05,0.000165527824462,9.67897474561e-05,0.000303838849619,-4.20339239541,2.09819896299,0.270592589542,2.09819517384,-4.20340437195,0.73575695708,0.751536141894,0.746978391984,0.751536132473,0.735756927073
5.825,0.029125,0.0848265625,0,-4.07249256597,2.32818835139,0.513181463908,2.3281845134,-4.07250458948,-13.3076510999,-13.3076729186,1,1,0.624511558772,1,1,0.735207525642,0.75122452691,0.746701849119,0.751224517375,0.735207495531,0.000305983043744,9.67695730024e-05,0.000165521000414,9.67696516089e-05,0.000305983569886,0.000305983043744,9.67695730024e-05,0.000165521000414,9.67696516089e-05,0.000305983569886,0.000142658137696,4.3232453394e-05,7.4175228471e-05,4.32324859735e-05,0.000142658426778,0.000727318858437,0.000230020377947,0.00039344188356,0.000230020564794,0.000727320109071,3.01677048696,3.01831309858,3.01775045418,3.01831309793,3.01677048288,0.000971517737776,0.000960031627953,0.000963211857736,0.000960031634704,0.000971517759627,0.3916,0.3916,0.3916,0.3916,0.3916,0,0,0,0,0,0.0119366694518,0.00691091355695,0.00627542834232,0.00691091598361,0.0119366718555,1.36802360259,2.39630019212,2.5139026994,2.39629967647,1.3680231026,-0.00590695324514,-0.00343590331002,-0.00310427420662,-0.00343590450747,-0.00590695434198,0.000303838329664,9.67896688672e-05,0.000165527824462,9.67897474561e-05,0.000303838849619,673.444495746,7.6496548901,-0.227414248646,25.0562974808,655.810438907,2.42259545757e-11,1.32662300199e-19,1.83096461183e-05,9.89064443307e-07,9.44183249809e-08,-4.07249256597,2.32818835139,0.513181463908,2.3281845134,-4.07250458948,-13.3076510999,-13.3076729186,0.735207525642,0.75122452691,0.746701849119,0.751224517375,0.735207495531,-4.10611293233,2.26897166231,0.450453756379,2.26896783676,-4.10612494396,0.735345489652,0.751301128585,0.746768779019,0.751301119079,0.735345459568,0.000305983043744,9.67695730024e-05,0.000165521000414,9.67696516089e-05,0.000305983569886,-4.20339239541,2.09819896299,0.270592589542,2.09819517384,-4.20340437195,0.73575695708,0.751536141894,0.746978391984,0.751536132473,0.735756927073
5.85,0.02925,0.08555625,0,-4.03891864557,2.38734921686,0.575896403827,2.38734536647,-4.03893068092,-13.3043163289,-13.3043381441,1,1,0.624511558772,1,1,0.73507029242,0.751148620428,0.746635713403,0.751148610865,0.735070262282,0.000308118257373,9.67489570592e-05,0.000165513226451,9.6749035683e-05,0.000308118789732,0.000308118257373,9.67489570592e-05,0.000165513226451,9.6749035683e-05,0.000308118789732,0.000143826697143,4.32232430836e-05,7.41717447108e-05,4.32232756714e-05,0.000143826989888,0.000732394241437,0.000229971374041,0.000393423404922,0.000229971560929,0.000732395506851,3.01721680385,3.01878871924,3.0182201399,3.01878871858,3.0172167997,0.000975639469826,0.00096406061923,0.000967247215677,0.00096406062603,0.000975639491789,0.3916,0.3916,0.3916,0.3916,0.3916,0,0,0,0,0,0.0119366694518,0.00691091355695,0.00627542834232,0.00691091598361,0.0119366718555,1.36802360259,2.39630019212,2.5139026994,2.39629967647,1.3680231026,-0.00590695324514,-0.00343590331002,-0.00310427420662,-0.00343590450747,-0.00590695434198,0.000303838329664,9.67896688672e-05,0.000165527824462,9.67897474561e-05,0.000303838849619,676.33481547,7.71679291933,-0.228413220412,25.1861028575,658.637092312,2.43751685503e-11,1.27275170654e-19,1.83177370473e-05,9.9757248536e-07,9.48354380909e-08,-4.03891864557,2.38734921686,0.575896403827,2.38734536647,-4.03893068092,-13.3043163289,-13.3043381441,0.73507029242,0.751148620428,0.746635713403,0.751148610865,0.735070262282,-4.10611293233,2.26897166231,0.450453756379,2.26896783676,-4.10612494396,0.735345489652,0.751301128585,0.746768779019,0.751301119079,0.735345459568,0.000308118257373,9.67489570592e-05,0.000165513226451,9.6749035683e-05,0.000308118789732,-4.20339239541,2.09819896299,0.270592589542,2.09819517384,-4.20340437195,0.73575695708,0.751536141894,0.746978391984,0.751536132473,0.735756927073
5.875,0.029375,0.0862890625,0,-4.00539100332,2.44645440487,0.638598330643,2.44645054212,-4.00540305045,-13.3009706717,-13.3009924833,1,1,0.624511558772,1,1,0.734933783596,0.751073402641,0.746570364406,0.751073393049,0.734933753432,0.000310243790468,9.67278218689e-05,0.000165504502906,9.67279005095e-05,0.000310244329076,0.000310243790468,9.67278218689e-05,0.000165504502906,9.67279005095e-05,0.000310244329076,0.000144997815009,4.32138007961e-05,7.41678354128e-05,4.3213833392e-05,0.000144998111455,0.000737446613901,0.00022992113589,0.000393402669137,0.000229921322818,0.000737447894167,3.01766852894,3.01926991708,3.01869548486,3.01926991641,3.01766852471,0.000979760850916,0.000968088924207,0.000971281752361,0.000968088931056,0.000979760872993,0.3916,0.3916,0.3916,0.3916,0.3916,0,0,0,0,0,0.0119366694518,0.00691091355695,0.00627542834232,0.00691091598361,0.0119366718555,1.36802360259,2.39630019212,2.5139026994,2.39629967647,1.3680231026,-0.00590695324514,-0.00343590331002,-0.00310427420662,-0.00343590450747,-0.00590695434198,0.000303838329664,9.67896688672e-05,0.000165527824462,9.67897474561e-05,0.000303838849619,679.225135195,7.78422747107,-0.229412735732,25.3160758724,661.463874058,2.46522802172e-11,1.30019557404e-19,1.8325864213e-05,1.00611696442e-06,9.52527514494e-08,-4.00539100332,2.44645440487,0.638598330643,2.44645054212,-4.00540305045,-13.3009706717,-13.3009924833,0.734933783596,0.751073402641,0.746570364406,0.751073393049,0.734933753432,-4.10611293233,2.26897166231,0.450453756379,2.26896783676,-4.10612494396,0.735345489652,0.751301128585,0.746768779019,0.751301119079,0.735345459568,0.000310243790468,9.67278218689e-05,0.000165504502906,9.67279005095e-05,0.000310244329076,-4.20339239541,2.09819896299,0.270592589542,2.09819517384,-4.20340437195,0.73575695708,0.751536141894,0.746978391984,0.751536132473,0.735756927073
5.9,0.0295,0.087025,0,-3.97190947208,2.50550406048,0.701287001038,2.50550018541,-3.97192153095,-13.2976141484,-13.2976359566,1,1,0.624511558772,1,1,0.734797992863,0.750998867131,0.746505794755,0.750998857511,0.734797962674,0.000312359466801,9.67061682691e-05,0.000165494830133,9.67062469263e-05,0.000312360011687,0.000312359466801,9.67061682691e-05,0.000165494830133,9.67062469263e-05,0.000312360011687,0.000146171371341,4.32041269057e-05,7.41635007352e-05,4.32041595096e-05,0.000146171671526,0.00074247555693,0.000229869665484,0.000393379677045,0.000229869852451,0.000742476852119,3.01812564046,3.0197566615,3.01917646023,3.01975666082,3.01812563615,0.000983881882784,0.000972116545268,0.000975315470063,0.000972116552165,0.000983881904974,0.3916,0.3916,0.3916,0.3916,0.3916,0,0,0,0,0,0.0119366694518,0.00691091355695,0.00627542834232,0.00691091598361,0.0119366718555,1.36802360259,2.39630019212,2.5139026994,2.39629967647,1.3680231026,-0.00590695324514,-0.00343590331002,-0.00310427420662,-0.00343590450747,-0.00590695434198,0.000303838329664,9.67896688672e-05,0.000165527824462,9.67897474561e-05,0.000303838849619,682.115454919,7.85195855583,-0.230412817218,25.4462162949,664.290784363,2.48512321832e-11,1.33018054037e-19,1.83340276085e-05,1.0146978805e-06,9.56702719911e-08,-3.97190947208,2.50550406048,0.701287001038,2.50550018541,-3.97192153095,-13.2976141484,-13.2976359566,0.734797992863,0.750998867131,0.746505794755,0.750998857511,0.734797962674,-4.10611293233,2.26897166231,0.450453756379,2.26896783676,-4.10612494396,0.735345489652,0.751301128585,0.746768779019,0.751301119079,0.735345459568,0.000312359466801,9.67061682691e-05,0.000165494830133,9.67062469263e-05,0.000312360011687,-4.20339239541,2.09819896299,0.270592589542,2.09819517384,-4.20340437195,0.73575695708,0.751536141894,0.746978391984,0.751536132473,0.735756927073
5.925,0.029625,0.0877640625,0,-3.93847388539,2.56449832768,0.763962173856,2.56449444032,-3.93848595594,-13.2942467793,-13.2942685839,1,1,0.624511558772,1,1,0.734662913996,0.750925007563,0.746441997161,0.750924997914,0.734662883781,0.000314465113913,9.66839971042e-05,0.000165484208503,9.66840757777e-05,0.000314465665107,0.000314465113913,9.66839971042e-05,0.000165484208503,9.66840757777e-05,0.000314465665107,0.000147347243719,4.31942217896e-05,7.41587408449e-05,4.31942544013e-05,0.000147347547683,0.000747480660596,0.000229816964831,0.00039335442953,0.000229817151837,0.00074748197078,3.01858811555,3.02024892089,3.01966303597,3.02024892021,3.01858811116,0.000988002567182,0.000976143484804,0.000979348371077,0.00097614349175,0.000988002589485,0.3916,0.3916,0.3916,0.3916,0.3916,0,0,0,0,0,0.0119366694518,0.00691091355695,0.00627542834232,0.00691091598361,0.0119366718555,1.36802360259,2.39630019212,2.5139026994,2.39629967647,1.3680231026,-0.00590695324514,-0.00343590331002,-0.00310427420662,-0.00343590450747,-0.00590695434198,0.000303838329664,9.67896688672e-05,0.000165527824462,9.67897474561e-05,0.000303838849619,685.005774643,7.9199861839,-0.231413488619,25.5765238953,667.117823443,2.48157050464e-11,1.33424629851e-19,1.83422272265e-05,1.02331523359e-06,9.60880070738e-08,-3.93847388539,2.56449832768,0.763962173856,2.56449444032,-3.93848595594,-13.2942467793,-13.2942685839,0.734662913996,0.750925007563,0.746441997161,0.750924997914,0.734662883781,-4.10611293233,2.26897166231,0.450453756379,2.26896783676,-4.10612494396,0.735345489652,0.751301128585,0.746768779019,0.751301119079,0.735345459568,0.000314465113913,9.66839971042e-05,0.000165484208503,9.66840757777e-05,0.000314465665107,-4.20339239541,2.09819896299,0.270592589542,2.09819517384,-4.20340437195,0.73575695708,0.751536141894,0.746978391984,0.751536132473,0.735756927073
5.95,0.02975,0.08850625,0,-3.90508407747,2.62343734938,0.826623610078,2.62343344977,-3.90509615966,-13.2908685843,-13.2908903854,1,1,0.624511558772,1,1,0.734528540847,0.750851817679,0.746378964427,0.750851808002,0.734528510606,0.000316560563041,9.66613092252e-05,0.00016547263841,9.66613879146e-05,0.000316561120574,0.000316560563041,9.66613092252e-05,0.00016547263841,9.66613879146e-05,0.000316561120574,0.000148525307317,4.31840858281e-05,7.4153555918e-05,4.31841184475e-05,0.000148525615099,0.000752461523749,0.000229763035952,0.000393326927526,0.000229763222996,0.000752462848998,3.01905593035,3.02074666276,3.02015518087,3.02074666207,3.01905592588,0.000992122905874,0.000980169745215,0.000983380457714,0.00098016975221,0.00099212292829,0.3916,0.3916,0.3916,0.3916,0.3916,0,0,0,0,0,0.0119366694518,0.00691091355695,0.00627542834232,0.00691091598361,0.0119366718555,1.36802360259,2.39630019212,2.5139026994,2.39629967647,1.3680231026,-0.00590695324514,-0.00343590331002,-0.00310427420662,-0.00343590450747,-0.00590695434198,0.000303838329664,9.67896688672e-05,0.000165527824462,9.67897474561e-05,0.000303838849619,687.896094367,7.98831036531,-0.232414774884,25.7069984447,669.944991513,2.49009701747e-11,1.33068876014e-19,1.83504630592e-05,1.03196902368e-06,9.65059645024e-08,-3.90508407747,2.62343734938,0.826623610078,2.62343344977,-3.90509615966,-13.2908685843,-13.2908903854,0.734528540847,0.750851817679,0.746378964427,0.750851808002,0.734528510606,-4.10611293233,2.26897166231,0.450453756379,2.26896783676,-4.10612494396,0.735345489652,0.751301128585,0.746768779019,0.751301119079,0.735345459568,0.000316560563041,9.66613092252e-05,0.00016547263841,9.66613879146e-05,0.000316561120574,-4.20339239541,2.09819896299,0.270592589542,2.09819517384,-4.20340437195,0.73575695708,0.751536141894,0.746978391984,0.751536132473,0.735756927073
5.975,0.029875,0.0892515625,0,-3.87173988319,2.68232126747,0.889271072801,2.68231735564,-3.87175197697,-13.2874795835,-13.2875013811,1,1,0.624511558772,1,1,0.734394867349,0.7507792913,0.746316689438,0.750779281595,0.734394837082,0.000318645649035,9.66381054896e-05,0.000165460120266,9.66381841946e-05,0.000318646212936,0.000318645649035,9.66381054896e-05,0.000165460120266,9.66381841946e-05,0.000318646212936,0.00014970543497,4.31737194042e-05,7.41479461392e-05,4.31737520311e-05,0.000149705746608,0.000757417753828,0.000229707880888,0.000393297172013,0.000229708067969,0.000757419094214,3.01952906009,3.02124985376,3.0206528627,3.02124985306,3.01952905554,0.000996242900634,0.000984195328902,0.000987411732298,0.000984195335946,0.000996242923164,0.3916,0.3916,0.3916,0.3916,0.3916,0,0,0,0,0,0.0119366694518,0.00691091355695,0.00627542834232,0.00691091598361,0.0119366718555,1.36802360259,2.39630019212,2.5139026994,2.39629967647,1.3680231026,-0.00590695324514,-0.00343590331002,-0.00310427420662,-0.00343590450747,-0.00590695434198,0.000303838329664,9.67896688672e-05,0.000165527824462,9.67897474561e-05,0.000303838849619,690.786414092,8.05693110987,-0.233416702223,25.837639715,672.772288784,2.47517562002e-11,1.29934854109e-19,1.83587350982e-05,1.04065925079e-06,9.69241525525e-08,-3.87173988319,2.68232126747,0.889271072801,2.68231735564,-3.87175197697,-13.2874795835,-13.2875013811,0.734394867349,0.7507792913,0.746316689438,0.750779281595,0.734394837082,-4.10611293233,2.26897166231,0.450453756379,2.26896783676,-4.10612494396,0.735345489652,0.751301128585,0.746768779019,0.751301119079,0.735345459568,0.000318645649035,9.66381054896e-05,0.000165460120266,9.66381841946e-05,0.000318646212936,-4.20339239541,2.09819896299,0.270592589542,2.09819517384,-4.20340437195,0.73575695708,0.751536141894,0.746978391984,0.751536132473,0.735756927073
6,0.03,0.09,0,-3.83844113811,2.74115022274,0.951904327223,2.74114629874,-3.83845324344,-13.2840797968,-13.2841015909,1,1,0.624511558772,1,1,0.734261887508,0.750707422325,0.746255165165,0.750707412592,0.734261857215,0.000320720210276,9.66143867614e-05,0.000165446654503,9.66144654817e-05,0.000320720780573,0.000320720210276,9.66143867614e-05,0.000165446654503,9.66144654817e-05,0.000320720780573,0.000150887497231,4.31631229038e-05,7.41419117023e-05,4.31631555382e-05,0.000150887812766,0.000762348966664,0.000229651501691,0.00039326516402,0.000229651688808,0.000762350322256,3.02000747912,3.02175845981,3.02115604826,3.02175845911,3.02000747449,0.00100036255325,0.000988220238267,0.000991442197162,0.00098822024536,0.00100036257589,0.3916,0.3916,0.3916,0.3916,0.3916,0,0,0,0,0,0.011435157155,0.00642468387498,0.00571743194503,0.00642468623789,0.0114351595211,1.35268339507,2.37800380803,2.51055048059,2.37800330447,1.35268291138,-0.00565278661585,-0.00319282387956,-0.00282529240595,-0.00319282504511,-0.00565278768365,0.000320720210276,9.66143867614e-05,0.000165446654503,9.66144654817e-05,0.000320720780573,693.676733816,8.12584842714,-0.234419298173,25.9684474791,675.599715466,2.48618903242e-11,1.30307548606e-19,1.83670433349e-05,1.04938591491e-06,9.73425799961e-08,-3.83844113811,2.74115022274,0.951904327223,2.74114629874,-3.83845324344,-13.2840797968,-13.2841015909,0.734261887508,0.750707422325,0.746255165165,0.750707412592,0.734261857215,-3.83844113811,2.74115022274,0.951904327223,2.74114629874,-3.83845324344,0.734261887508,0.750707422325,0.746255165165,0.750707412592,0.734261857215,0.000320720210276,9.66143867614e-05,0.000165446654503,9.66144654817e-05,0.000320720780573,-3.93464124509,2.57167011072,0.772312503006,2.57166622227,-3.93465331647,0.734655983569,0.750925870431,0.746445805684,0.750925860781,0.734655953351
6.025,0.030125,0.0907515625,0,-3.80518767847,2.79992435499,1.01452314062,2.79992041885,-3.8051997953,-13.2806692441,-13.2806910348,1,1,0.624511558772,1,1,0.73412959541,0.750636204725,0.746194384661,0.750636194964,0.734129565091,0.000322784088588,9.65901539111e-05,0.000165432241574,9.65902326463e-05,0.000322784665312,0.000322784088588,9.65901539111e-05,0.000165432241574,9.65902326463e-05,0.000322784665312,0.000152071362444,4.3152296716e-05,7.41354528099e-05,4.31523293578e-05,0.000152071681915,0.00076725478628,0.000229593900431,0.000393230904621,0.000229594087583,0.000767256157148,3.02049116102,3.02227244617,3.0216647035,3.02227244547,3.02049115631,0.0010044818655,0.000992244475711,0.000995471854648,0.000992244482853,0.00100448188826,0.3916,0.3916,0.3916,0.3916,0.3916,0,0,0,0,0,0.011435157155,0.00642468387498,0.00571743194503,0.00642468623789,0.0114351595211,1.35268339507,2.37800380803,2.51055048059,2.37800330447,1.35268291138,-0.00565278661585,-0.00319282387956,-0.00282529240595,-0.00319282504511,-0.00565278768365,0.000320720210276,9.66143867614e-05,0.000165446654503,9.66144654817e-05,0.000320720780573,696.56705354,8.19506232648,-0.235422591663,26.0994215104,678.427271764,2.5185187269e-11,1.27478458562e-19,1.83753877599e-05,1.05814901604e-06,9.77612561274e-08,-3.80518767847,2.79992435499,1.01452314062,2.79992041885,-3.8051997953,-13.2806692441,-13.2806910348,0.73412959541,0.750636204725,0.746194384661,0.750636194964,0.734129565091,-3.83844113811,2.74115022274,0.951904327223,2.74114629874,-3.83845324344,0.734261887508,0.750707422325,0.746255165165,0.750707412592,0.734261857215,0.000322784088588,9.65901539111e-05,0.000165432241574,9.65902326463e-05,0.000322784665312,-3.93464124509,2.57167011072,0.772312503006,2.57166622227,-3.93465331647,0.734655983569,0.750925870431,0.746445805684,0.750925860781,0.734655953351
6.05,0.03025,0.09150625,0,-3.77197934116,2.85864380296,1.07712728233,2.85863985471,-3.77199146943,-13.2772479453,-13.2772697325,1,1,0.624511558772,1,1,0.733997985211,0.750565632547,0.746134341063,0.750565622759,0.733997954867,0.000324837129159,9.65654078158e-05,0.00016541688195,9.65654865657e-05,0.000324837712339,0.000324837129159,9.65654078158e-05,0.00016541688195,9.65654865657e-05,0.000324837712339,0.000153256896797,4.31412412326e-05,7.41285696734e-05,4.31412738815e-05,0.000153257220245,0.000772134844686,0.000229535079191,0.000393194394936,0.000229535266379,0.000772136230899,3.02098007865,3.02279177752,3.02217879363,3.02279177681,3.02098007385,0.00100860083919,0.000996268043632,0.000999500707101,0.000996268050824,0.00100860086206,0.3916,0.3916,0.3916,0.3916,0.3916,0,0,0,0,0,0.011435157155,0.00642468387498,0.00571743194503,0.00642468623789,0.0114351595211,1.35268339507,2.37800380803,2.51055048059,2.37800330447,1.35268291138,-0.00565278661585,-0.00319282387956,-0.00282529240595,-0.00319282504511,-0.00565278768365,0.000320720210276,9.66143867614e-05,0.000165446654503,9.66144654817e-05,0.000320720780573,699.457373264,8.26457281699,-0.23642661309,26.2305615834,681.254957885,2.60307331246e-11,1.27868093718e-19,1.83837683634e-05,1.06694855418e-06,9.81801907897e-08,-3.77197934116,2.85864380296,1.07712728233,2.85863985471,-3.77199146943,-13.2772479453,-13.2772697325,0.733997985211,0.750565632547,0.746134341063,0.750565622759,0.733997954867,-3.83844113811,2.74115022274,0.951904327223,2.74114629874,-3.83845324344,0.734261887508,0.750707422325,0.746255165165,0.750707412592,0.734261857215,0.000324837129159,9.65654078158e-05,0.00016541688195,9.65654865657e-05,0.000324837712339,-3.93464124509,2.57167011072,0.772312503006,2.57166622227,-3.93465331647,0.734655983569,0.750925870431,0.746445805684,0.750925860781,0.734655953351
6.075,0.030375,0.0922640625,0,-3.73881596376,2.91730870437,1.13971652373,2.91730474406,-3.73882810343,-13.27381592,-13.2738377037,1,1,0.624511558772,1,1,0.733867051144,0.750495699914,0.746075027587,0.750495690097,0.733867020775,0.000326879180452,9.6540149359e-05,0.000165400576122,9.65402281231e-05,0.000326879770116,0.000326879180452,9.6540149359e-05,0.000165400576122,9.65402281231e-05,0.000326879770116,0.000154443964393,4.31299568482e-05,7.41212625131e-05,4.31299895042e-05,0.000154444291857,0.000776988781678,0.000229475040074,0.000393155636135,0.000229475227295,0.000776990183305,3.02147420422,3.02331641801,3.02269828313,3.02331641729,3.02147419934,0.0010127194761,0.00100029094442,0.00100352875687,0.00100029095166,0.00101271949908,0.3916,0.3916,0.3916,0.3916,0.3916,0,0,0,0,0,0.011435157155,0.00642468387498,0.00571743194503,0.00642468623789,0.0114351595211,1.35268339507,2.37800380803,2.51055048059,2.37800330447,1.35268291138,-0.00565278661585,-0.00319282387956,-0.00282529240595,-0.00319282504511,-0.00565278768365,0.000320720210276,9.66143867614e-05,0.000165446654503,9.66144654817e-05,0.000320720780573,702.347692988,8.33437990757,-0.237431394385,26.3618674732,684.082774029,2.62403432316e-11,1.30053438721e-19,1.83921851349e-05,1.07578452933e-06,9.85993944039e-08,-3.73881596376,2.91730870437,1.13971652373,2.91730474406,-3.73882810343,-13.27381592,-13.2738377037,0.733867051144,0.750495699914,0.746075027587,0.750495690097,0.733867020775,-3.83844113811,2.74115022274,0.951904327223,2.74114629874,-3.83845324344,0.734261887508,0.750707422325,0.746255165165,0.750707412592,0.734261857215,0.000326879180452,9.6540149359e-05,0.000165400576122,9.65402281231e-05,0.000326879770116,-3.93464124509,2.57167011072,0.772312503006,2.57166622227,-3.93465331647,0.734655983569,0.750925870431,0.746445805684,0.750925860781,0.734655953351
6.1,0.0305,0.093025,0,-3.70569738448,2.97591919592,1.20229063821,2.97591522358,-3.70570953551,-13.270373188,-13.2703949683,1,1,0.624511558772,1,1,0.733736787513,0.750426401016,0.74601643753,0.750426391171,0.733736757118,0.000328910094116,9.65143794304e-05,0.000165383324602,9.65144582085e-05,0.000328910690294,0.000328910094116,9.65143794304e-05,0.000165383324602,9.65144582085e-05,0.000328910690294,0.000155632427304,4.31184439604e-05,7.41135315578e-05,4.31184766233e-05,0.000155632758826,0.000781816244631,0.000229413785192,0.000393114629432,0.000229413972447,0.00078181766174,3.02197350936,3.02384633136,3.02322313593,3.02384633064,3.0219735044,0.00101683777804,0.00100431318047,0.00100755600631,0.00100431318776,0.00101683780114,0.3916,0.3916,0.3916,0.3916,0.3916,0,0,0,0,0,0.011435157155,0.00642468387498,0.00571743194503,0.00642468623789,0.0114351595211,1.35268339507,2.37800380803,2.51055048059,2.37800330447,1.35268291138,-0.00565278661585,-0.00319282387956,-0.00282529240595,-0.00319282504511,-0.00565278768365,0.000320720210276,9.66143867614e-05,0.000165446654503,9.66144654817e-05,0.000320720780573,705.238012713,8.40448360688,-0.238436969091,26.4933389559,686.910720395,2.6435742484e-11,1.31950792523e-19,1.84006380635e-05,1.08465694149e-06,9.90188779974e-08,-3.70569738448,2.97591919592,1.20229063821,2.97591522358,-3.70570953551,-13.270373188,-13.2703949683,0.733736787513,0.750426401016,0.74601643753,0.750426391171,0.733736757118,-3.83844113811,2.74115022274,0.951904327223,2.74114629874,-3.83845324344,0.734261887508,0.750707422325,0.746255165165,0.750707412592,0.734261857215,0.000328910094116,9.65143794304e-05,0.000165383324602,9.65144582085e-05,0.000328910690294,-3.93464124509,2.57167011072,0.772312503006,2.57166622227,-3.93465331647,0.734655983569,0.750925870431,0.746445805684,0.750925860781,0.734655953351
6.125,0.030625,0.0937890625,0,-3.67262344225,3.03447541332,1.26484940118,3.03447142898,-3.67263560458,-13.2669197689,-13.2669415457,1,1,0.624511558772,1,1,0.733607188691,0.750357730116,0.745958564264,0.750357720245,0.73360715827,0.000330929724903,9.64880989265e-05,0.00016536512792,9.64881777182e-05,0.000330930327623,0.000330929724903,9.64880989265e-05,0.00016536512792,9.64881777182e-05,0.000330930327623,0.000156822145638,4.31067029697e-05,7.41053770456e-05,4.31067356393e-05,0.000156822481258,0.000786616888289,0.000229351316678,0.000393071376088,0.000229351503965,0.000786618320949,3.02247796519,3.02438148094,3.02375331542,3.02438148022,3.02247796014,0.00102095574679,0.00100833475414,0.00101158245776,0.00100833476148,0.00102095577,0.3916,0.3916,0.3916,0.3916,0.3916,0,0,0,0,0,0.011435157155,0.00642468387498,0.00571743194503,0.00642468623789,0.0114351595211,1.35268339507,2.37800380803,2.51055048059,2.37800330447,1.35268291138,-0.00565278661585,-0.00319282387956,-0.00282529240595,-0.00319282504511,-0.00565278768365,0.000320720210276,9.66143867614e-05,0.000165446654503,9.66144654817e-05,0.000320720780573,708.128332437,8.47488392336,-0.239443372444,26.6249758083,689.73879718,2.64961386165e-11,1.26580603638e-19,1.84091271374e-05,1.09356579067e-06,9.94386532337e-08,-3.67262344225,3.03447541332,1.26484940118,3.03447142898,-3.67263560458,-13.2669197689,-13.2669415457,0.733607188691,0.750357730116,0.745958564264,0.750357720245,0.73360715827,-3.83844113811,2.74115022274,0.951904327223,2.74114629874,-3.83845324344,0.734261887508,0.750707422325,0.746255165165,0.750707412592,0.734261857215,0.000330929724903,9.64880989265e-05,0.00016536512792,9.64881777182e-05,0.000330930327623,-3.93464124509,2.57167011072,0.772312503006,2.57166622227,-3.93465331647,0.734655983569,0.750925870431,0.746445805684,0.750925860781,0.734655953351
6.15,0.03075,0.09455625,0,-3.63959397664,3.09297749126,1.32739259001,3.09297349496,-3.63960615023,-13.2634556822,-13.2634774555,1,1,0.624511558772,1,1,0.733478249122,0.750289681549,0.745901401244,0.75028967165,0.733478218677,0.000332937930579,9.64613087499e-05,0.000165345986627,9.64613875549e-05,0.00033293853987,0.000332937930579,9.64613087499e-05,0.000165345986627,9.64613875549e-05,0.00033293853987,0.000158012977596,4.30947342793e-05,7.40967992228e-05,4.30947669555e-05,0.000158013317356,0.000791390374564,0.000229287636677,0.000393025877411,0.000229287823995,0.000791391822842,3.02298754237,3.02492182981,3.02428878455,3.02492182908,3.02298753724,0.00102507338415,0.00101235566782,0.00101560811356,0.00101235567521,0.00102507340748,0.3916,0.3916,0.3916,0.3916,0.3916,0,0,0,0,0,0.011435157155,0.00642468387498,0.00571743194503,0.00642468623789,0.0114351595211,1.35268339507,2.37800380803,2.51055048059,2.37800330447,1.35268291138,-0.00565278661585,-0.00319282387956,-0.00282529240595,-0.00319282504511,-0.00565278768365,0.000320720210276,9.66143867614e-05,0.000165446654503,9.66144654817e-05,0.000320720780573,711.018652161,8.54558086526,-0.240450641446,26.756777808,692.567004577,2.66986432962e-11,1.33560155123e-19,1.84176523444e-05,1.10251107685e-06,9.98587324444e-08,-3.63959397664,3.09297749126,1.32739259001,3.09297349496,-3.63960615023,-13.2634556822,-13.2634774555,0.733478249122,0.750289681549,0.745901401244,0.75028967165,0.733478218677,-3.83844113811,2.74115022274,0.951904327223,2.74114629874,-3.83845324344,0.734261887508,0.750707422325,0.746255165165,0.750707412592,0.734261857215,0.000332937930579,9.64613087499e-05,0.000165345986627,9.64613875549e-05,0.00033293853987,-3.93464124509,2.57167011072,0.772312503006,2.57166622227,-3.93465331647,0.734655983569,0.750925870431,0.746445805684,0.750925860781,0.734655953351
6.175,0.030875,0.0953265625,0,-3.60660882789,3.15142556343,1.38991998406,3.15142155521,-3.60662101269,-13.2599809474,-13.2600027173,1,1,0.624511558772,1,1,0.733349963321,0.750222249716,0.745844941994,0.75022223979,0.73334993285,0.000334934571836,9.64340098096e-05,0.000165325901291,9.64340886275e-05,0.000334935187726,0.000334934571836,9.64340098096e-05,0.000165325901291,9.64340886275e-05,0.000334935187726,0.000159204779534,4.30825382953e-05,7.40877983446e-05,4.3082570978e-05,0.000159205123474,0.000796136372322,0.000229222747349,0.000392978134754,0.000229222934698,0.000796137836287,3.02350221118,3.02546734079,3.02482950591,3.02546734005,3.02350220596,0.0010291906919,0.00101637592384,0.00101963297607,0.00101637593128,0.00102919071534,0.3916,0.3916,0.3916,0.3916,0.3916,0,0,0,0,0,0.011435157155,0.00642468387498,0.00571743194503,0.00642468623789,0.0114351595211,1.35268339507,2.37800380803,2.51055048059,2.37800330447,1.35268291138,-0.00565278661585,-0.00319282387956,-0.00282529240595,-0.00319282504511,-0.00565278768365,0.000320720210276,9.66143867614e-05,0.000165446654503,9.66144654817e-05,0.000320720780573,713.908971885,8.61657444057,-0.241458814957,26.8887447334,695.395342778,2.69650968221e-11,1.31086818917e-19,1.84262136714e-05,1.11149280005e-06,1.00279128661e-07,-3.60660882789,3.15142556343,1.38991998406,3.15142155521,-3.60662101269,-13.2599809474,-13.2600027173,0.733349963321,0.750222249716,0.745844941994,0.75022223979,0.73334993285,-3.83844113811,2.74115022274,0.951904327223,2.74114629874,-3.83845324344,0.734261887508,0.750707422325,0.746255165165,0.750707412592,0.734261857215,0.000334934571836,9.64340098096e-05,0.000165325901291,9.64340886275e-05,0.000334935187726,-3.93464124509,2.57167011072,0.772312503006,2.57166622227,-3.93465331647,0.734655983569,0.750925870431,0.746445805684,0.750925860781,0.734655953351
6.2,0.031,0.0961,0,-3.5736678369,3.20981976255,1.4524313646,3.20981574245,-3.57368003287,-13.2564955839,-13.2565173503,1,1,0.624511558772,1,1,0.733222325867,0.750155429087,0.74578918012,0.750155419133,0.733222295372,0.000336919512207,9.6406203021e-05,0.000165304872502,9.64062818515e-05,0.000336920134725,0.000336919512207,9.6406203021e-05,0.000165304872502,9.64062818515e-05,0.000336920134725,0.000160397406014,4.30701154266e-05,7.40783746751e-05,4.30701481158e-05,0.000160397754176,0.000800854557184,0.00022915665087,0.000392928149518,0.000229156838249,0.000800856036902,3.02402194156,3.02601797654,3.02537544179,3.02601797579,3.02402193625,0.00103330767182,0.00102039552455,0.00102365704759,0.00102039553204,0.00103330769538,0.3916,0.3916,0.3916,0.3916,0.3916,0,0,0,0,0,0.0109688275466,0.0059744694623,0.0052020855518,0.00597447176296,0.0109688298772,1.33778169602,2.36009731274,2.50654087662,2.3600968211,1.3377812281,-0.00541634922537,-0.00296775873054,-0.00256764785216,-0.00296775986494,-0.00541635026491,0.000336919512207,9.6406203021e-05,0.000165304872502,9.64062818515e-05,0.000336920134725,716.79929161,8.68786465709,-0.242467933771,27.0208763637,698.223811969,2.71391797924e-11,1.27901975035e-19,1.84348111046e-05,1.12051096025e-06,1.00699855647e-07,-3.5736678369,3.20981976255,1.4524313646,3.20981574245,-3.57368003287,-13.2564955839,-13.2565173503,0.733222325867,0.750155429087,0.74578918012,0.750155419133,0.733222295372,-3.5736678369,3.20981976255,1.4524313646,3.20981574245,-3.57368003287,0.733222325867,0.750155429087,0.74578918012,0.750155419133,0.733222295372,0.000336919512207,9.6406203021e-05,0.000165304872502,9.64062818515e-05,0.000336920134725,-3.66881939423,3.04160534064,1.27315397911,3.04160135524,-3.66883155736,0.733600233934,0.75035851522,0.74596226474,0.750358505346,0.733600203512
6.225,0.031125,0.0968765625,0,-3.54077084525,3.26816022036,1.51492651486,3.26815618841,-3.54078305234,-13.2529996111,-13.2530213741,1,1,0.624511558772,1,1,0.733095331409,0.750089214197,0.745734109297,0.750089204215,0.733095300888,0.000338892617981,9.63778893056e-05,0.000165282900869,9.63779681485e-05,0.000338893247154,0.000338892617981,9.63778893056e-05,0.000165282900869,9.63779681485e-05,0.000338893247154,0.00016159070987,4.30574660851e-05,7.40685284867e-05,4.30574987805e-05,0.000161591062295,0.000805544611316,0.000229089349431,0.000392875923149,0.00022908953684,0.000805546106854,3.02454670319,3.0265736996,3.02592655428,3.02657369885,3.02454669779,0.00103742432568,0.00102441447228,0.00102768033047,0.00102441447982,0.00103742434935,0.3916,0.3916,0.3916,0.3916,0.3916,0,0,0,0,0,0.0109688275466,0.0059744694623,0.0052020855518,0.00597447176296,0.0109688298772,1.33778169602,2.36009731274,2.50654087662,2.3600968211,1.3377812281,-0.00541634922537,-0.00296775873054,-0.00256764785216,-0.00296775986494,-0.00541635026491,0.000336919512207,9.6406203021e-05,0.000165304872502,9.64062818515e-05,0.000336920134725,719.689611334,8.75945152243,-0.243478040715,27.1531724789,701.052412337,2.7121416224e-11,1.28105262943e-19,1.84434446295e-05,1.12956555747e-06,1.01120927934e-07,-3.54077084525,3.26816022036,1.51492651486,3.26815618841,-3.54078305234,-13.2529996111,-13.2530213741,0.733095331409,0.750089214197,0.745734109297,0.750089204215,0.733095300888,-3.5736678369,3.20981976255,1.4524313646,3.20981574245,-3.57368003287,0.733222325867,0.750155429087,0.74578918012,0.750155419133,0.733222295372,0.000338892617981,9.63778893056e-05,0.000165282900869,9.63779681485e-05,0.000338893247154,-3.66881939423,3.04160534064,1.27315397911,3.04160135524,-3.66883155736,0.733600233934,0.75035851522,0.74596226474,0.750358505346,0.733600203512
6.25,0.03125,0.09765625,0,-3.50791769518,3.3264470676,1.57740521995,3.32644302384,-3.50792991334,-13.2494930484,-13.2495148079,1,1,0.624511558772,1,1,0.732968974659,0.750023599648,0.745679723275,0.75002358964,0.732968944113,0.000340853758113,9.63490695915e-05,0.000165259987018,9.63491484463e-05,0.000340854393969,0.000340853758113,9.63490695915e-05,0.000165259987018,9.63491484463e-05,0.000340854393969,0.000162784542254,4.30445906852e-05,7.40582600608e-05,4.30446233867e-05,0.000162784898985,0.000810206223229,0.000229020845238,0.000392821457137,0.000229021032675,0.000810207734654,3.02507646551,3.02713447246,3.02648280527,3.02713447171,3.02507646003,0.00104154065524,0.00102843276933,0.001031702827,0.00102843277692,0.00104154067902,0.3916,0.3916,0.3916,0.3916,0.3916,0,0,0,0,0,0.0109688275466,0.0059744694623,0.0052020855518,0.00597447176296,0.0109688298772,1.33778169602,2.36009731274,2.50654087662,2.3600968211,1.3377812281,-0.00541634922537,-0.00296775873054,-0.00256764785216,-0.00296775986494,-0.00541635026491,0.000336919512207,9.6406203021e-05,0.000165304872502,9.64062818515e-05,0.000336920134725,722.579931058,8.83133504395,-0.244489180732,27.2856328599,703.881144061,2.71000999419e-11,1.29934854109e-19,1.84521142308e-05,1.1386565917e-06,1.01542360858e-07,-3.50791769518,3.3264470676,1.57740521995,3.32644302384,-3.50792991334,-13.2494930484,-13.2495148079,0.732968974659,0.750023599648,0.745679723275,0.75002358964,0.732968944113,-3.5736678369,3.20981976255,1.4524313646,3.20981574245,-3.57368003287,0.733222325867,0.750155429087,0.74578918012,0.750155419133,0.733222295372,0.000340853758113,9.63490695915e-05,0.000165259987018,9.63491484463e-05,0.000340854393969,-3.66881939423,3.04160534064,1.27315397911,3.04160135524,-3.66883155736,0.733600233934,0.75035851522,0.74596226474,0.750358505346,0.733600203512
6.275,0.031375,0.0984390625,0,-3.47510822941,3.38468043407,1.63986726689,3.38467637853,-3.4751204586,-13.2459759149,-13.245997671,1,1,0.624511558772,1,1,0.732843250382,0.749958580107,0.745626015875,0.749958570072,0.732843219812,0.000342802804143,9.63197448127e-05,0.000165236131596,9.63198236792e-05,0.000342803446711,0.000342802804143,9.63197448127e-05,0.000165236131596,9.63198236792e-05,0.000342803446711,0.000163978752696,4.30314896444e-05,7.40475696871e-05,4.30315223518e-05,0.000163979113775,0.000814839087576,0.00022895114051,0.000392764753021,0.000228951327975,0.000814840614954,3.02561119252,3.02770025762,3.02704415659,3.02770025686,3.02561118694,0.00104565666225,0.001032450418,0.00103572453949,0.00103245042564,0.00104565668615,0.3916,0.3916,0.3916,0.3916,0.3916,0,0,0,0,0,0.0109688275466,0.0059744694623,0.0052020855518,0.00597447176296,0.0109688298772,1.33778169602,2.36009731274,2.50654087662,2.3600968211,1.3377812281,-0.00541634922537,-0.00296775873054,-0.00256764785216,-0.00296775986494,-0.00541635026491,0.000336919512207,9.6406203021e-05,0.000165304872502,9.64062818515e-05,0.000336920134725,725.470250782,8.90351522883,-0.245501396867,27.4182572882,706.710007326,2.73345790447e-11,1.30222845311e-19,1.84608198923e-05,1.14778406294e-06,1.01964170591e-07,-3.47510822941,3.38468043407,1.63986726689,3.38467637853,-3.4751204586,-13.2459759149,-13.245997671,0.732843250382,0.749958580107,0.745626015875,0.749958570072,0.732843219812,-3.5736678369,3.20981976255,1.4524313646,3.20981574245,-3.57368003287,0.733222325867,0.750155429087,0.74578918012,0.750155419133,0.733222295372,0.000342802804143,9.63197448127e-05,0.000165236131596,9.63198236792e-05,0.000342803446711,-3.66881939423,3.04160534064,1.27315397911,3.04160135524,-3.66883155736,0.733600233934,0.75035851522,0.74596226474,0.750358505346,0.733600203512
6.3,0.0315,0.099225,0,-3.44234229133,3.4428604486,1.70231244456,3.44285638132,-3.4423545315,-13.2424482297,-13.2424699824,1,1,0.624511558772,1,1,0.732718153408,0.749894150305,0.74557298099,0.749894140243,0.732718122813,0.000344739630115,9.62899159097e-05,0.00016521133527,9.62899947875e-05,0.000344740279422,0.000344739630115,9.62899159097e-05,0.00016521133527,9.62899947875e-05,0.000344740279422,0.000165173189152,4.30181633826e-05,7.40364576641e-05,4.30181960959e-05,0.000165173554621,0.000819442904955,0.000228880237484,0.000392705812384,0.000228880424976,0.000819444448352,3.02615084757,3.0282710176,3.02761057001,3.02827101684,3.02615084191,0.00104977234845,0.00103646742056,0.00103974547022,0.00103646742825,0.00104977237246,0.3916,0.3916,0.3916,0.3916,0.3916,0,0,0,0,0,0.0109688275466,0.0059744694623,0.0052020855518,0.00597447176296,0.0109688298772,1.33778169602,2.36009731274,2.50654087662,2.3600968211,1.3377812281,-0.00541634922537,-0.00296775873054,-0.00256764785216,-0.00296775986494,-0.00541635026491,0.000336919512207,9.6406203021e-05,0.000165304872502,9.64062818515e-05,0.000336920134725,728.360570507,8.97599208403,-0.246514734102,27.5510455461,709.53900231,2.72812883395e-11,1.26038502551e-19,1.8469561597e-05,1.15694797119e-06,1.02386374186e-07,-3.44234229133,3.4428604486,1.70231244456,3.44285638132,-3.4423545315,-13.2424482297,-13.2424699824,0.732718153408,0.749894150305,0.74557298099,0.749894140243,0.732718122813,-3.5736678369,3.20981976255,1.4524313646,3.20981574245,-3.57368003287,0.733222325867,0.750155429087,0.74578918012,0.750155419133,0.733222295372,0.000344739630115,9.62899159097e-05,0.00016521133527,9.62899947875e-05,0.000344740279422,-3.66881939423,3.04160534064,1.27315397911,3.04160135524,-3.66883155736,0.733600233934,0.75035851522,0.74596226474,0.750358505346,0.733600203512
6.325,0.031625,0.1000140625,0,-3.40961972517,3.50098723906,1.76474054367,3.50098316007,-3.40963197628,-13.2389100121,-13.2389317614,1,1,0.624511558772,1,1,0.732593678638,0.749830305035,0.745520612581,0.749830294945,0.732593648019,0.000346664112486,9.6259583829e-05,0.000165185598724,9.62596627177e-05,0.00034666476856,0.000346664112486,9.6259583829e-05,0.000165185598724,9.62596627177e-05,0.00034666476856,0.000166367698052,4.30046123228e-05,7.40249242987e-05,4.30046450418e-05,0.000166368067953,0.000824017381712,0.00022880813841,0.000392644636853,0.000228808325928,0.000824018941194,3.02669539987,3.02884671502,3.0281820073,3.02884671426,3.02669539411,0.00105388771555,0.00104048377927,0.00104376562147,0.00104048378701,0.00105388773968,0.3916,0.3916,0.3916,0.3916,0.3916,0,0,0,0,0,0.0109688275466,0.0059744694623,0.0052020855518,0.00597447176296,0.0109688298772,1.33778169602,2.36009731274,2.50654087662,2.3600968211,1.3377812281,-0.00541634922537,-0.00296775873054,-0.00256764785216,-0.00296775986494,-0.00541635026491,0.000336919512207,9.6406203021e-05,0.000165304872502,9.64062818515e-05,0.000336920134725,731.250890231,9.04876561634,-0.247529244372,27.6839974169,712.368129186,2.75122147286e-11,1.26817772863e-19,1.84783393268e-05,1.16614831645e-06,1.02808989608e-07,-3.40961972517,3.50098723906,1.76474054367,3.50098316007,-3.40963197628,-13.2389100121,-13.2389317614,0.732593678638,0.749830305035,0.745520612581,0.749830294945,0.732593648019,-3.5736678369,3.20981976255,1.4524313646,3.20981574245,-3.57368003287,0.733222325867,0.750155429087,0.74578918012,0.750155419133,0.733222295372,0.000346664112486,9.6259583829e-05,0.000165185598724,9.62596627177e-05,0.00034666476856,-3.66881939423,3.04160534064,1.27315397911,3.04160135524,-3.66883155736,0.733600233934,0.75035851522,0.74596226474,0.750358505346,0.733600203512
6.35,0.03175,0.10080625,0,-3.37694037584,3.55906093237,1.8271513568,3.55905684172,-3.37695263784,-13.235361281,-13.2353830269,1,1,0.624511558772,1,1,0.732469821041,0.74976703915,0.745468904679,0.749767029034,0.732469790397,0.000348576130056,9.62287495233e-05,0.000165158922663,9.62288284227e-05,0.000348576792924,0.000348576130056,9.62287495233e-05,0.000165158922663,9.62288284227e-05,0.000348576792924,0.000167562124344,4.29908368907e-05,7.40129699066e-05,4.29908696153e-05,0.00016756249872,0.000828562229751,0.000228734845551,0.000392581228102,0.000228735033094,0.000828563805383,3.02724481857,3.02942731267,3.02875843033,3.0294273119,3.02724481272,0.00105800276529,0.00104449949636,0.00104778499549,0.00104449950415,0.00105800278952,0.3916,0.3916,0.3916,0.3916,0.3916,0,0,0,0,0,0.0109688275466,0.0059744694623,0.0052020855518,0.00597447176296,0.0109688298772,1.33778169602,2.36009731274,2.50654087662,2.3600968211,1.3377812281,-0.00541634922537,-0.00296775873054,-0.00256764785216,-0.00296775986494,-0.00541635026491,0.000336919512207,9.6406203021e-05,0.000165304872502,9.64062818515e-05,0.000336920134725,734.141209955,9.1218358323,-0.24854498213,27.8171126843,715.197388121,2.7430502314e-11,1.25191469604e-19,1.84871530629e-05,1.17538509872e-06,1.03232035782e-07,-3.37694037584,3.55906093237,1.8271513568,3.55905684172,-3.37695263784,-13.235361281,-13.2353830269,0.732469821041,0.74976703915,0.745468904679,0.749767029034,0.732469790397,-3.5736678369,3.20981976255,1.4524313646,3.20981574245,-3.57368003287,0.733222325867,0.750155429087,0.74578918012,0.750155419133,0.733222295372,0.000348576130056,9.62287495233e-05,0.000165158922663,9.62288284227e-05,0.000348576792924,-3.66881939423,3.04160534064,1.27315397911,3.04160135524,-3.66883155736,0.733600233934,0.75035851522,0.74596226474,0.750358505346,0.733600203512
6.375,0.031875,0.1016015625,0,-3.3443040889,3.61708165452,1.88954467832,3.61707755223,-3.34431636175,-13.2318020555,-13.231823798,1,1,0.624511558772,1,1,0.732346575643,0.749704347568,0.745417851384,0.749704337425,0.732346544975,0.000350475563879,9.61974139515e-05,0.000165131307809,9.61974928612e-05,0.00035047623357,0.000350475563879,9.61974139515e-05,0.000165131307809,9.61974928612e-05,0.00035047623357,0.000168756311543,4.29768375146e-05,7.40005948116e-05,4.29768702446e-05,0.000168756690437,0.000833077166341,0.000228660361187,0.00039251558785,0.000228660548755,0.000833078758188,3.02779907287,3.03001277348,3.02933980105,3.03001277271,3.02779906692,0.00106211749934,0.00104851457404,0.00105180359451,0.00104851458188,0.00106211752369,0.3916,0.3916,0.3916,0.3916,0.3916,0,0,0,0,0,0.0109688275466,0.0059744694623,0.0052020855518,0.00597447176296,0.0109688298772,1.33778169602,2.36009731274,2.50654087662,2.3600968211,1.3377812281,-0.00541634922537,-0.00296775873054,-0.00256764785216,-0.00296775986494,-0.00541635026491,0.000336919512207,9.6406203021e-05,0.000165304872502,9.64062818515e-05,0.000336920134725,737.031529679,9.19520273828,-0.249562004452,27.9503911332,718.02677928,2.73665534678e-11,1.25343935535e-19,1.84960027854e-05,1.184658318e-06,1.03655532627e-07,-3.3443040889,3.61708165452,1.88954467832,3.61707755223,-3.34431636175,-13.2318020555,-13.231823798,0.732346575643,0.749704347568,0.745417851384,0.749704337425,0.732346544975,-3.5736678369,3.20981976255,1.4524313646,3.20981574245,-3.57368003287,0.733222325867,0.750155429087,0.74578918012,0.750155419133,0.733222295372,0.000350475563879,9.61974139515e-05,0.000165131307809,9.61974928612e-05,0.00035047623357,-3.66881939423,3.04160534064,1.27315397911,3.04160135524,-3.66883155736,0.733600233934,0.75035851522,0.74596226474,0.750358505346,0.733600203512
6.4,0.032,0.1024,0,-3.31171071059,3.67504953054,1.95192030439,3.67504541665,-3.31172299424,-13.2282323544,-13.2282540935,1,1,0.624511558772,1,1,0.732223937531,0.749642225263,0.745367446859,0.749642215094,0.732223906838,0.000352362297192,9.61655780785e-05,0.000165102754904,9.61656569981e-05,0.000352362973731,0.000352362297192,9.61655780785e-05,0.000165102754904,9.61656569981e-05,0.000352362973731,0.00016995010177,4.29626146256e-05,7.39877993465e-05,4.29626473609e-05,0.000169950485226,0.000837561913933,0.000228584687612,0.000392447717862,0.000228584875204,0.000837563522061,3.02835813201,3.03060306062,3.0299260816,3.03060305985,3.02835812597,0.0010662319194,0.00105252901452,0.00105582142078,0.00105252902241,0.00106623194386,0.3916,0.3916,0.3916,0.3916,0.3916,0,0,0,0,0,0.010534091949,0.00555670634332,0.00472472770154,0.00555670858298,0.0105340942463,1.32330461004,2.34255802711,2.50191782866,2.34255754719,1.32330415737,-0.00519586167203,-0.00275892578215,-0.00232900975887,-0.00275892688604,-0.00519586268403,0.000352362297192,9.61655780785e-05,0.000165102754904,9.61656569981e-05,0.000352362973731,739.921849404,9.26886634047,-0.250580371148,28.083832549,720.856302824,2.73949751772e-11,1.32204902407e-19,1.85048884732e-05,1.1939679743e-06,1.04079501103e-07,-3.31171071059,3.67504953054,1.95192030439,3.67504541665,-3.31172299424,-13.2282323544,-13.2282540935,0.732223937531,0.749642225263,0.745367446859,0.749642215094,0.732223906838,-3.31171071059,3.67504953054,1.95192030439,3.67504541665,-3.31172299424,0.732223937531,0.749642225263,0.745367446859,0.749642215094,0.732223906838,0.000352362297192,9.61655780785e-05,0.000165102754904,9.61656569981e-05,0.000352362973731,-3.40584353759,3.50807545492,1.77299944359,3.50807137491,-3.40585578947,0.732586725324,0.749831037246,0.74552423915,0.749831027155,0.732586694703
6.425,0.032125,0.1032015625,0,-3.2791600878,3.73296468454,2.01427803296,3.73296055909,-3.27917238221,-13.2246521967,-13.2246739324,1,1,0.624511558772,1,1,0.732101901851,0.749580667272,0.745317685338,0.749580657076,0.732101871134,0.000354236215332,9.61332428754e-05,0.000165073264711,9.61333218047e-05,0.000354236898748,0.000354236215332,9.61332428754e-05,0.000165073264711,9.61333218047e-05,0.000354236898748,0.000171143335801,4.29481686576e-05,7.3974583852e-05,4.2948201398e-05,0.000171143723861,0.000842016199981,0.000228507827134,0.000392377619945,0.000228508014748,0.000842017824454,3.02892196537,3.03119813752,3.03051723429,3.03119813673,3.02892195924,0.00107034602712,0.00105654281997,0.00105983847648,0.00105654282791,0.0010703460517,0.3916,0.3916,0.3916,0.3916,0.3916,0,0,0,0,0,0.010534091949,0.00555670634332,0.00472472770154,0.00555670858298,0.0105340942463,1.32330461004,2.34255802711,2.50191782866,2.34255754719,1.32330415737,-0.00519586167203,-0.00275892578215,-0.00232900975887,-0.00275892688604,-0.00519586268403,0.000352362297192,9.61655780785e-05,0.000165102754904,9.61656569981e-05,0.000352362973731,742.812169128,9.34282664483,-0.251600144875,28.2174367178,723.68595891,2.77111666946e-11,1.28122203602e-19,1.85138101043e-05,1.2033140676e-06,1.04503963254e-07,-3.2791600878,3.73296468454,2.01427803296,3.73296055909,-3.27917238221,-13.2246521967,-13.2246739324,0.732101901851,0.749580667272,0.745317685338,0.749580657076,0.732101871134,-3.31171071059,3.67504953054,1.95192030439,3.67504541665,-3.31172299424,0.732223937531,0.749642225263,0.745367446859,0.749642215094,0.732223906838,0.000354236215332,9.61332428754e-05,0.000165073264711,9.61333218047e-05,0.000354236898748,-3.40584353759,3.50807545492,1.77299944359,3.50807137491,-3.40585578947,0.732586725324,0.749831037246,0.74552423915,0.749831027155,0.732586694703
6.45,0.03225,0.10400625,0,-3.24665206808,3.79082723972,2.07661766373,3.79082310274,-3.24666437321,-13.2210616011,-13.2210833334,1,1,0.624511558772,1,1,0.731980463807,0.749519668686,0.745268561116,0.749519658464,0.731980433066,0.000356097205668,9.61004093193e-05,0.000165042838007,9.61004882579e-05,0.000356097895987,0.000356097205668,9.61004093193e-05,0.000165042838007,9.61004882579e-05,0.000356097895987,0.000172335853106,4.2933500047e-05,7.39609486777e-05,4.29335327924e-05,0.000172336245814,0.000846439756757,0.000228429782076,0.000392305295952,0.000228429969712,0.000846441397641,3.02949054245,3.03179796787,3.03111322169,3.03179796708,3.02949053622,0.00107445982416,0.00106055599254,0.00106385476381,0.00106055600053,0.00107445984886,0.3916,0.3916,0.3916,0.3916,0.3916,0,0,0,0,0,0.010534091949,0.00555670634332,0.00472472770154,0.00555670858298,0.0105340942463,1.32330461004,2.34255802711,2.50191782866,2.34255754719,1.32330415737,-0.00519586167203,-0.00275892578215,-0.00232900975887,-0.00275892688604,-0.00519586268403,0.000352362297192,9.61655780785e-05,0.000165102754904,9.61656569981e-05,0.000352362973731,745.702488852,9.41708365715,-0.252621391248,28.3512034267,726.515747691,2.77928791093e-11,1.29663803566e-19,1.85227676557e-05,1.21269659792e-06,1.04928942251e-07,-3.24665206808,3.79082723972,2.07661766373,3.79082310274,-3.24666437321,-13.2210616011,-13.2210833334,0.731980463807,0.749519668686,0.745268561116,0.749519658464,0.731980433066,-3.31171071059,3.67504953054,1.95192030439,3.67504541665,-3.31172299424,0.732223937531,0.749642225263,0.745367446859,0.749642215094,0.732223906838,0.000356097205668,9.61004093193e-05,0.000165042838007,9.61004882579e-05,0.000356097895987,-3.40584353759,3.50807545492,1.77299944359,3.50807137491,-3.40585578947,0.732586725324,0.749831037246,0.74552423915,0.749831027155,0.732586694703
6.475,0.032375,0.1048140625,0,-3.21418649968,3.84863731832,2.13893899815,3.84863316985,-3.21419881547,-13.2174605863,-13.2174823152,1,1,0.624511558772,1,1,0.731859618662,0.749459224658,0.745220068555,0.749459214409,0.731859587897,0.000357945157523,9.60670783933e-05,0.000165011475592,9.60671573409e-05,0.000357945854773,0.000357945157523,9.60670783933e-05,0.000165011475592,9.60671573409e-05,0.000357945854773,0.000173527491891,4.2918609233e-05,7.39468941814e-05,4.29186419834e-05,0.000173527889291,0.000850832321187,0.000228350554774,0.000392230747783,0.000228350742431,0.000850833978544,3.03006383294,3.03240251571,3.03171400664,3.03240251492,3.03006382661,0.00107857331215,0.00106456853436,0.00106787028493,0.0010645685424,0.00107857333696,0.3916,0.3916,0.3916,0.3916,0.3916,0,0,0,0,0,0.010534091949,0.00555670634332,0.00472472770154,0.00555670858298,0.0105340942463,1.32330461004,2.34255802711,2.50191782866,2.34255754719,1.32330415737,-0.00519586167203,-0.00275892578215,-0.00232900975887,-0.00275892688604,-0.00519586268403,0.000352362297192,9.61655780785e-05,0.000165102754904,9.61656569981e-05,0.000352362973731,748.592808576,9.49163738303,-0.253644178965,28.4851324634,729.345669317,2.81126233403e-11,1.2525923224e-19,1.85317611028e-05,1.22211556524e-06,1.05354462442e-07,-3.21418649968,3.84863731832,2.13893899815,3.84863316985,-3.21419881547,-13.2174605863,-13.2174823152,0.731859618662,0.749459224658,0.745220068555,0.749459214409,0.731859587897,-3.31171071059,3.67504953054,1.95192030439,3.67504541665,-3.31172299424,0.732223937531,0.749642225263,0.745367446859,0.749642215094,0.732223906838,0.000357945157523,9.60670783933e-05,0.000165011475592,9.60671573409e-05,0.000357945854773,-3.40584353759,3.50807545492,1.77299944359,3.50807137491,-3.40585578947,0.732586725324,0.749831037246,0.74552423915,0.749831027155,0.732586694703
6.5,0.0325,0.105625,0,-3.18176323146,3.90639504169,2.20124183937,3.90639088176,-3.18177555787,-13.2138491711,-13.2138708966,1,1,0.624511558772,1,1,0.731739361734,0.749399330393,0.745172202077,0.749399320118,0.731739330945,0.000359779962106,9.60332510865e-05,0.000164979178283,9.60333300427e-05,0.000359780666314,0.000359779962106,9.60332510865e-05,0.000164979178283,9.60333300427e-05,0.000359780666314,0.000174718089137,4.29034966577e-05,7.39324207293e-05,4.29035294128e-05,0.000174718491273,0.000855193634671,0.000228270147579,0.000392153977379,0.000228270335257,0.000855195308567,3.03064180672,3.0330117454,3.03231955229,3.03301174461,3.0306418003,0.00108268649269,0.00106858044754,0.001071885042,0.00106858045563,0.00108268651762,0.3916,0.3916,0.3916,0.3916,0.3916,0,0,0,0,0,0.010534091949,0.00555670634332,0.00472472770154,0.00555670858298,0.0105340942463,1.32330461004,2.34255802711,2.50191782866,2.34255754719,1.32330415737,-0.00519586167203,-0.00275892578215,-0.00232900975887,-0.00275892688604,-0.00519586268403,0.000352362297192,9.61655780785e-05,0.000165102754904,9.61656569981e-05,0.000352362973731,751.4831283,9.56648782786,-0.254668579924,28.6192236164,732.175723932,2.82618373149e-11,1.22396260878e-19,1.85407904202e-05,1.23157096958e-06,1.05780549394e-07,-3.18176323146,3.90639504169,2.20124183937,3.90639088176,-3.18177555787,-13.2138491711,-13.2138708966,0.731739361734,0.749399330393,0.745172202077,0.749399320118,0.731739330945,-3.31171071059,3.67504953054,1.95192030439,3.67504541665,-3.31172299424,0.732223937531,0.749642225263,0.745367446859,0.749642215094,0.732223906838,0.000359779962106,9.60332510865e-05,0.000164979178283,9.60333300427e-05,0.000359780666314,-3.40584353759,3.50807545492,1.77299944359,3.50807137491,-3.40585578947,0.732586725324,0.749831037246,0.74552423915,0.749831027155,0.732586694703
6.525,0.032625,0.1064390625,0,-3.14938211297,3.96410053027,2.26352599227,3.96409635892,-3.14939444997,-13.2102273741,-13.2102490962,1,1,0.624511558772,1,1,0.731619688398,0.749339981154,0.74512495617,0.749339970854,0.731619657584,0.000361601512441,9.5998928394e-05,0.000164945946916,9.59990073586e-05,0.000361602223633,0.000361601512441,9.5998928394e-05,0.000164945946916,9.59990073586e-05,0.000361602223633,0.000175907480642,4.28881627655e-05,7.39175286959e-05,4.28881955252e-05,0.000175907887558,0.00085952344293,0.000228188562857,0.000392074986727,0.000228188750555,0.000859525133428,3.03122443392,3.0336256217,3.03292982214,3.0336256209,3.0312244274,0.0010867993674,0.00107259173417,0.00107589903715,0.00107259174231,0.00108679939244,0.3916,0.3916,0.3916,0.3916,0.3916,0,0,0,0,0,0.010534091949,0.00555670634332,0.00472472770154,0.00555670858298,0.0105340942463,1.32330461004,2.34255802711,2.50191782866,2.34255754719,1.32330415737,-0.00519586167203,-0.00275892578215,-0.00232900975887,-0.00275892688604,-0.00519586268403,0.000352362297192,9.61655780785e-05,0.000165102754904,9.61656569981e-05,0.000352362973731,754.373448025,9.64163499686,-0.255694669349,28.753476675,735.005911677,2.82547318875e-11,1.24581605882e-19,1.8549855581e-05,1.24106281093e-06,1.06207229947e-07,-3.14938211297,3.96410053027,2.26352599227,3.96409635892,-3.14939444997,-13.2102273741,-13.2102490962,0.731619688398,0.749339981154,0.74512495617,0.749339970854,0.731619657584,-3.31171071059,3.67504953054,1.95192030439,3.67504541665,-3.31172299424,0.732223937531,0.749642225263,0.745367446859,0.749642215094,0.732223906838,0.000361601512441,9.5998928394e-05,0.000164945946916,9.59990073586e-05,0.000361602223633,-3.40584353759,3.50807545492,1.77299944359,3.50807137491,-3.40585578947,0.732586725324,0.749831037246,0.74552423915,0.749831027155,0.732586694703
6.55,0.03275,0.10725625,0,-3.11704299444,4.02175390358,2.32579126339,4.02174972084,-3.11705534197,-13.2065952137,-13.2066169324,1,1,0.624511558772,1,1,0.731500594082,0.74928117226,0.74507832538,0.749281161934,0.731500563244,0.000363409703298,9.59641113169e-05,0.000164911782345,9.59641902894e-05,0.000363410421502,0.000363409703298,9.59641113169e-05,0.000164911782345,9.59641902894e-05,0.000363410421502,0.000177095501048,4.28726080036e-05,7.39022184642e-05,4.28726407678e-05,0.000177095912789,0.000863821495836,0.000228105802988,0.000391993777857,0.000228105990705,0.000863823203,3.03181168494,3.03424410973,3.03354478004,3.03424410893,3.03181167833,0.00109091193783,0.0010766023963,0.00107991227249,0.0010766024045,0.00109091196298,0.3916,0.3916,0.3916,0.3916,0.3916,0,0,0,0,0,0.010534091949,0.00555670634332,0.00472472770154,0.00555670858298,0.0105340942463,1.32330461004,2.34255802711,2.50191782866,2.34255754719,1.32330415737,-0.00519586167203,-0.00275892578215,-0.00232900975887,-0.00275892688604,-0.00519586268403,0.000352362297192,9.61655780785e-05,0.000165102754904,9.61656569981e-05,0.000352362973731,757.263767749,9.71707889508,-0.256722525922,28.8878914292,737.836232689,2.80522272078e-11,1.23514344369e-19,1.8558956557e-05,1.25059108929e-06,1.06634532261e-07,-3.11704299444,4.02175390358,2.32579126339,4.02174972084,-3.11705534197,-13.2065952137,-13.2066169324,0.731500594082,0.74928117226,0.74507832538,0.749281161934,0.731500563244,-3.31171071059,3.67504953054,1.95192030439,3.67504541665,-3.31172299424,0.732223937531,0.749642225263,0.745367446859,0.749642215094,0.732223906838,0.000363409703298,9.59641113169e-05,0.000164911782345,9.59641902894e-05,0.000363410421502,-3.40584353759,3.50807545492,1.77299944359,3.50807137491,-3.40585578947,0.732586725324,0.749831037246,0.74552423915,0.749831027155,0.732586694703
6.575,0.032875,0.1080765625,0,-3.08474572673,4.07935528024,2.38803746095,4.07935108615,-3.08475808475,-13.2029527086,-13.2029744239,1,1,0.624511558772,1,1,0.731382074269,0.749222899082,0.745032304317,0.74922288873,0.731382043408,0.000365204431133,9.59288008621e-05,0.000164876685442,9.59288798423e-05,0.000365205156375,0.000365204431133,9.59288008621e-05,0.000164876685442,9.59288798423e-05,0.000365205156375,0.000178281983885,4.28568328219e-05,7.38864904252e-05,4.28568655905e-05,0.000178282400495,0.000868087547262,0.000228021870364,0.000391910352846,0.000228022058099,0.000868089271155,3.03240353046,3.03486717506,3.03416439025,3.03486717426,3.03240352375,0.00109502420554,0.001080612436,0.00108392475012,0.00108061244424,0.00109502423081,0.3916,0.3916,0.3916,0.3916,0.3916,0,0,0,0,0,0.010534091949,0.00555670634332,0.00472472770154,0.00555670858298,0.0105340942463,1.32330461004,2.34255802711,2.50191782866,2.34255754719,1.32330415737,-0.00519586167203,-0.00275892578215,-0.00232900975887,-0.00275892688604,-0.00519586268403,0.000352362297192,9.61655780785e-05,0.000165102754904,9.61656569981e-05,0.000352362973731,760.154087473,9.79281952734,-0.257752231907,29.0224676696,740.666687099,2.81872303276e-11,1.2573357069e-19,1.85680933188e-05,1.26015580466e-06,1.07062485866e-07,-3.08474572673,4.07935528024,2.38803746095,4.07935108615,-3.08475808475,-13.2029527086,-13.2029744239,0.731382074269,0.749222899082,0.745032304317,0.74922288873,0.731382043408,-3.31171071059,3.67504953054,1.95192030439,3.67504541665,-3.31172299424,0.732223937531,0.749642225263,0.745367446859,0.749642215094,0.732223906838,0.000365204431133,9.59288008621e-05,0.000164876685442,9.59288798423e-05,0.000365205156375,-3.40584353759,3.50807545492,1.77299944359,3.50807137491,-3.40585578947,0.732586725324,0.749831037246,0.74552423915,0.749831027155,0.732586694703
6.6,0.033,0.1089,0,-3.05249016138,4.13690477797,2.45026439482,4.13690057256,-3.05250252985,-13.1992998771,-13.1993215891,1,1,0.624511558772,1,1,0.731264124498,0.749165157046,0.744986887649,0.749165146668,0.731264093613,0.000366985594018,9.58929980424e-05,0.0001648406571,9.58930770299e-05,0.000366986326325,0.000366985594018,9.58929980424e-05,0.0001648406571,9.58930770299e-05,0.000366986326325,0.000179466761597,4.2840837673e-05,7.38703449784e-05,4.28408704457e-05,0.00017946718312,0.000872321354927,0.000227936767393,0.000391824713811,0.000227936955146,0.000872323095614,3.03299994147,3.03549478367,3.03478861743,3.03549478286,3.03299993466,0.00109913617208,0.00108462185526,0.00108793647209,0.00108462186356,0.00109913619746,0.3916,0.3916,0.3916,0.3916,0.3916,0,0,0,0,0,0.0101278242395,0.00516829042066,0.00428153836385,0.00516829260056,0.0101278265059,1.30923839626,2.32536468832,2.49672269088,2.32536421993,1.30923795837,-0.00498977361591,-0.00256477288749,-0.00210746803908,-0.00256477396149,-0.00498977460117,0.000366985594018,9.58929980424e-05,0.0001648406571,9.58930770299e-05,0.000366986326325,763.044407197,9.86885689834,-0.258783873293,29.1572051879,743.497275035,2.84998691313e-11,1.23717632276e-19,1.85772658353e-05,1.26975695704e-06,1.07491121719e-07,-3.05249016138,4.13690477797,2.45026439482,4.13690057256,-3.05250252985,-13.1992998771,-13.1993215891,0.731264124498,0.749165157046,0.744986887649,0.749165146668,0.731264093613,-3.05249016138,4.13690477797,2.45026439482,4.13690057256,-3.05250252985,0.731264124498,0.749165157046,0.744986887649,0.749165146668,0.731264093613,0.000366985594018,9.58929980424e-05,0.0001648406571,9.58930770299e-05,0.000366986326325,-3.14563310009,3.97114716805,2.27173929193,3.97114299569,-3.14564543783,0.731612758291,0.749340681161,0.745128531967,0.749340670858,0.731612727475
6.625,0.033125,0.1097265625,0,-3.0202761506,4.1944025136,2.5124718765,4.19439829691,-3.02028852948,-13.1956367376,-13.1956584462,1,1,0.624511558772,1,1,0.731146740356,0.749107941629,0.744942070101,0.749107931224,0.731146709448,0.000368753091583,9.58567038765e-05,0.000164803698228,9.5856782871e-05,0.000368753830982,0.000368753091583,9.58567038765e-05,0.000164803698228,9.5856782871e-05,0.000368753830982,0.000180649665574,4.28246230119e-05,7.38537825316e-05,4.28246557887e-05,0.000180650092056,0.000876522680255,0.000227850496498,0.000391736862915,0.000227850684267,0.000876524437798,3.0336008893,3.036126902,3.0354174267,3.03612690119,3.03360088239,0.00110324783896,0.0010886306561,0.00109194744048,0.00108863066445,0.00110324786446,0.3916,0.3916,0.3916,0.3916,0.3916,0,0,0,0,0,0.0101278242395,0.00516829042066,0.00428153836385,0.00516829260056,0.0101278265059,1.30923839626,2.32536468832,2.49672269088,2.32536421993,1.30923795837,-0.00498977361591,-0.00256477288749,-0.00210746803908,-0.00256477396149,-0.00498977460117,0.000366985594018,9.58929980424e-05,0.0001648406571,9.58930770299e-05,0.000366986326325,765.934726922,9.94519101255,-0.259817539927,29.2921037762,746.327996618,2.86775048153e-11,1.25445579488e-19,1.85864740742e-05,1.27939454643e-06,1.07920472254e-07,-3.0202761506,4.1944025136,2.5124718765,4.19439829691,-3.02028852948,-13.1956367376,-13.1956584462,0.731146740356,0.749107941629,0.744942070101,0.749107931224,0.731146709448,-3.05249016138,4.13690477797,2.45026439482,4.13690057256,-3.05250252985,0.731264124498,0.749165157046,0.744986887649,0.749165146668,0.731264093613,0.000368753091583,9.58567038765e-05,0.000164803698228,9.5856782871e-05,0.000368753830982,-3.14563310009,3.97114716805,2.27173929193,3.97114299569,-3.14564543783,0.731612758291,0.749340681161,0.745128531967,0.749340670858,0.731612727475
6.65,0.03325,0.11055625,0,-2.98810354725,4.25184860307,2.57465971908,4.25184437514,-2.9881159365,-13.1919633085,-13.1919850138,1,1,0.624511558772,1,1,0.731029917486,0.74905124836,0.74489784646,0.74905123793,0.731029886554,0.000370506824957,9.5819919389e-05,0.000164765809755,9.58199983902e-05,0.000370507571473,0.000370506824957,9.5819919389e-05,0.000164765809755,9.58199983902e-05,0.000370507571473,0.00018183052618,4.28081892962e-05,7.38368035007e-05,4.2808222077e-05,0.000181830957666,0.000880691288226,0.000227763060112,0.000391646802365,0.000227763247897,0.000880693062688,3.03420634564,3.03676349696,3.03605078361,3.03676349614,3.03420633862,0.00110735920768,0.00109263884048,0.00109595765731,0.00109263884888,0.00110735923329,0.3916,0.3916,0.3916,0.3916,0.3916,0,0,0,0,0,0.0101278242395,0.00516829042066,0.00428153836385,0.00516829260056,0.0101278265059,1.30923839626,2.32536468832,2.49672269088,2.32536421993,1.30923795837,-0.00498977361591,-0.00256477288749,-0.00210746803908,-0.00256477396149,-0.00498977460117,0.000366985594018,9.58929980424e-05,0.0001648406571,9.58930770299e-05,0.000366986326325,768.825046646,10.0218218743,-0.260853325656,29.4271632275,749.158851967,2.8780533512e-11,1.26580603638e-19,1.85957180014e-05,1.28906857284e-06,1.0835057144e-07,-2.98810354725,4.25184860307,2.57465971908,4.25184437514,-2.9881159365,-13.1919633085,-13.1919850138,0.731029917486,0.74905124836,0.74489784646,0.74905123793,0.731029886554,-3.05249016138,4.13690477797,2.45026439482,4.13690057256,-3.05250252985,0.731264124498,0.749165157046,0.744986887649,0.749165146668,0.731264093613,0.000370506824957,9.5819919389e-05,0.000164765809755,9.58199983902e-05,0.000370507571473,-3.14563310009,3.97114716805,2.27173929193,3.97114299569,-3.14564543783,0.731612758291,0.749340681161,0.745128531967,0.749340670858,0.731612727475
6.675,0.033375,0.1113890625,0,-2.95597220284,4.30924316144,2.63682773727,4.3092389223,-2.9559846024,-13.1882796079,-13.1883013099,1,1,0.624511558772,1,1,0.730913651584,0.748995072819,0.744854211568,0.748995062364,0.730913620629,0.000372246696705,9.57826456101e-05,0.000164726992626,9.57827246176e-05,0.000372247450366,0.000372246696705,9.57826456101e-05,0.000164726992626,9.57827246176e-05,0.000372247450366,0.000183009172783,4.27915369865e-05,7.38194083097e-05,4.2791569771e-05,0.000183009609317,0.000884826947242,0.000227674460685,0.000391554534409,0.000227674648485,0.000884828738687,3.03481628253,3.03740453593,3.0366886542,3.03740453511,3.03481627542,0.00111147027975,0.00109664641037,0.00109996712459,0.00109664641882,0.00111147030548,0.3916,0.3916,0.3916,0.3916,0.3916,0,0,0,0,0,0.0101278242395,0.00516829042066,0.00428153836385,0.00516829260056,0.0101278265059,1.30923839626,2.32536468832,2.49672269088,2.32536421993,1.30923795837,-0.00498977361591,-0.00256477288749,-0.00210746803908,-0.00256477396149,-0.00498977460117,0.000366985594018,9.58929980424e-05,0.0001648406571,9.58930770299e-05,0.000366986326325,771.71536637,10.0987494877,-0.261891281497,29.5623833355,751.989841241,2.89510637685e-11,1.24259733362e-19,1.86049975814e-05,1.29877903625e-06,1.08781454832e-07,-2.95597220284,4.30924316144,2.63682773727,4.3092389223,-2.9559846024,-13.1882796079,-13.1883013099,0.730913651584,0.748995072819,0.744854211568,0.748995062364,0.730913620629,-3.05249016138,4.13690477797,2.45026439482,4.13690057256,-3.05250252985,0.731264124498,0.749165157046,0.744986887649,0.749165146668,0.731264093613,0.000372246696705,9.57826456101e-05,0.000164726992626,9.57827246176e-05,0.000372247450366,-3.14563310009,3.97114716805,2.27173929193,3.97114299569,-3.14564543783,0.731612758291,0.749340681161,0.745128531967,0.749340670858,0.731612727475
6.7,0.0335,0.112225,0,-2.92388194806,4.36658630294,2.69897574735,4.36658205261,-2.9238943579,-13.1845856542,-13.1846073528,1,1,0.624511558772,1,1,0.730797938454,0.748939410639,0.744811160323,0.748939400158,0.730797907475,0.000373972610777,9.5744883576e-05,0.000164687247806,9.57449625895e-05,0.000373973371609,0.000373972610777,9.5744883576e-05,0.000164687247806,9.57449625895e-05,0.000373973371609,0.000184185433776,4.27746665454e-05,7.38015973908e-05,4.27746993336e-05,0.000184185875405,0.000888929428993,0.00022758470068,0.00039146006134,0.000227584888494,0.000888931237483,3.03543067243,3.03804998679,3.037331005,3.03804998597,3.03543066521,0.00111558105704,0.00110065336769,0.00110397584433,0.00110065337619,0.00111558108288,0.3916,0.3916,0.3916,0.3916,0.3916,0,0,0,0,0,0.0101278242395,0.00516829042066,0.00428153836385,0.00516829260056,0.0101278265059,1.30923839626,2.32536468832,2.49672269088,2.32536421993,1.30923795837,-0.00498977361591,-0.00256477288749,-0.00210746803908,-0.00256477396149,-0.00498977460117,0.000366985594018,9.58929980424e-05,0.0001648406571,9.58930770299e-05,0.000366986326325,774.605686094,10.1759738567,-0.262930965538,29.6977638947,754.820965091,2.92317281492e-11,1.26275671777e-19,1.86143127954e-05,1.30852593667e-06,1.09213141308e-07,-2.92388194806,4.36658630294,2.69897574735,4.36658205261,-2.9238943579,-13.1845856542,-13.1846073528,0.730797938454,0.748939410639,0.744811160323,0.748939400158,0.730797907475,-3.05249016138,4.13690477797,2.45026439482,4.13690057256,-3.05250252985,0.731264124498,0.749165157046,0.744986887649,0.749165146668,0.731264093613,0.000373972610777,9.5744883576e-05,0.000164687247806,9.57449625895e-05,0.000373973371609,-3.14563310009,3.97114716805,2.27173929193,3.97114299569,-3.14564543783,0.731612758291,0.749340681161,0.745128531967,0.749340670858,0.731612727475
6.725,0.033625,0.1130640625,0,-2.89183263646,4.42387814091,2.76110356716,4.42387387944,-2.89184505653,-13.1808814654,-13.1809031606,1,1,0.624511558772,1,1,0.730682773888,0.748884257498,0.744768687681,0.748884246992,0.730682742885,0.00037568447244,9.57066343285e-05,0.000164646576278,9.57067133476e-05,0.000375685240469,0.00037568447244,9.57066343285e-05,0.000164646576278,9.57067133476e-05,0.000375685240469,0.000185359136587,4.27575784384e-05,7.37833711846e-05,4.27576112302e-05,0.000185359583356,0.000892998508296,0.000227493782573,0.000391363385495,0.000227493970401,0.000893000333894,3.03604948809,3.03869981792,3.03797780302,3.0386998171,3.03604948077,0.00111969154112,0.00110465971436,0.00110798381849,0.00110465972292,0.00111969156708,0.3916,0.3916,0.3916,0.3916,0.3916,0,0,0,0,0,0.0101278242395,0.00516829042066,0.00428153836385,0.00516829260056,0.0101278265059,1.30923839626,2.32536468832,2.49672269088,2.32536421993,1.30923795837,-0.00498977361591,-0.00256477288749,-0.00210746803908,-0.00256477396149,-0.00498977460117,0.000366985594018,9.58929980424e-05,0.0001648406571,9.58930770299e-05,0.000366986326325,777.496005819,10.2534949851,-0.263972449993,29.8333047005,757.652223653,2.93383095595e-11,1.24734071813e-19,1.8623663817e-05,1.31830927411e-06,1.09645457126e-07,-2.89183263646,4.42387814091,2.76110356716,4.42387387944,-2.89184505653,-13.1808814654,-13.1809031606,0.730682773888,0.748884257498,0.744768687681,0.748884246992,0.730682742885,-3.05249016138,4.13690477797,2.45026439482,4.13690057256,-3.05250252985,0.731264124498,0.749165157046,0.744986887649,0.749165146668,0.731264093613,0.00037568447244,9.57066343285e-05,0.000164646576278,9.57067133476e-05,0.000375685240469,-3.14563310009,3.97114716805,2.27173929193,3.97114299569,-3.14564543783,0.731612758291,0.749340681161,0.745128531967,0.749340670858,0.731612727475
6.75,0.03375,0.11390625,0,-2.85982412232,4.48111878783,2.82321101629,4.48111451525,-2.85983655258,-13.1771670595,-13.1771887515,1,1,0.624511558772,1,1,0.73056815373,0.748829609126,0.744726788651,0.748829598595,0.730568122704,0.000377382188234,9.56678989151e-05,0.000164604979042,9.56679779395e-05,0.000377382963486,0.000377382188234,9.56678989151e-05,0.000164604979042,9.56679779395e-05,0.000377382963486,0.000186530107623,4.27402731337e-05,7.37647301394e-05,4.27403059288e-05,0.000186530559579,0.000897033962999,0.000227401708854,0.000391264509252,0.000227401896695,0.000897035805767,3.03667270206,3.03935399821,3.03862901581,3.03935399738,3.03667269464,0.00112380173347,0.00110866545227,0.00111199104903,0.00110866546087,0.00112380175954,0.3916,0.3916,0.3916,0.3916,0.3916,0,0,0,0,0,0.0101278242395,0.00516829042066,0.00428153836385,0.00516829260056,0.0101278265059,1.30923839626,2.32536468832,2.49672269088,2.32536421993,1.30923795837,-0.00498977361591,-0.00256477288749,-0.00210746803908,-0.00256477396149,-0.00498977460117,0.000366985594018,9.58929980424e-05,0.0001648406571,9.58930770299e-05,0.000366986326325,780.386325543,10.3313128765,-0.265015812081,29.9690055488,760.483617058,2.90718560336e-11,1.23582107004e-19,1.86330506228e-05,1.32812904856e-06,1.10078425785e-07,-2.85982412232,4.48111878783,2.82321101629,4.48111451525,-2.85983655258,-13.1771670595,-13.1771887515,0.73056815373,0.748829609126,0.744726788651,0.748829598595,0.730568122704,-3.05249016138,4.13690477797,2.45026439482,4.13690057256,-3.05250252985,0.731264124498,0.749165157046,0.744986887649,0.749165146668,0.731264093613,0.000377382188234,9.56678989151e-05,0.000164604979042,9.56679779395e-05,0.000377382963486,-3.14563310009,3.97114716805,2.27173929193,3.97114299569,-3.14564543783,0.731612758291,0.749340681161,0.745128531967,0.749340670858,0.731612727475
6.775,0.033875,0.1147515625,0,-2.82785626009,4.53830836314,2.88529796849,4.53830407949,-2.82786870051,-13.1734424547,-13.1734641433,1,1,0.624511558772,1,1,0.730454073852,0.74877546132,0.744685458431,0.748775450764,0.730454042804,0.000379065665926,9.5628678389e-05,0.000164562457118,9.56287574185e-05,0.000379066448429,0.000379065665926,9.5628678389e-05,0.000164562457118,9.56287574185e-05,0.000379066448429,0.00018769817243,4.27227511016e-05,7.37456747119e-05,4.27227839e-05,0.000187698629618,0.000901035573868,0.000227308482028,0.000391163435032,0.00022730866988,0.000901037433869,3.03730028011,3.04001249706,3.03928461142,3.04001249623,3.03730027258,0.00112791163552,0.00111267058336,0.0011159975384,0.00111267059201,0.00112791166171,0.3916,0.3916,0.3916,0.3916,0.3916,0,0,0,0,0,0.0101278242395,0.00516829042066,0.00428153836385,0.00516829260056,0.0101278265059,1.30923839626,2.32536468832,2.49672269088,2.32536421993,1.30923795837,-0.00498977361591,-0.00256477288749,-0.00210746803908,-0.00256477396149,-0.00498977460117,0.000366985594018,9.58929980424e-05,0.0001648406571,9.58930770299e-05,0.000366986326325,783.276645267,10.4094275343,-0.266060595113,30.1048662364,763.31514597,2.89865909053e-11,1.24022564137e-19,1.86424731855e-05,1.33798526001e-06,1.10512074536e-07,-2.82785626009,4.53830836314,2.88529796849,4.53830407949,-2.82786870051,-13.1734424547,-13.1734641433,0.730454073852,0.74877546132,0.744685458431,0.748775450764,0.730454042804,-3.05249016138,4.13690477797,2.45026439482,4.13690057256,-3.05250252985,0.731264124498,0.749165157046,0.744986887649,0.749165146668,0.731264093613,0.000379065665926,9.5628678389e-05,0.000164562457118,9.56287574185e-05,0.000379066448429,-3.14563310009,3.97114716805,2.27173929193,3.97114299569,-3.14564543783,0.731612758291,0.749340681161,0.745128531967,0.749340670858,0.731612727475
6.8,0.034,0.1156,0,-2.79592890486,4.59544702887,2.9473642493,4.59544273418,-2.79594135538,-13.1697076688,-13.1697293541,1,1,0.624511558772,1,1,0.730340530191,0.748721810034,0.744644692142,0.748721799452,0.730340499119,0.000380734814462,9.55889738092e-05,0.000164519011542,9.55890528433e-05,0.000380735604241,0.000380734814462,9.55889738092e-05,0.000164519011542,9.55890528433e-05,0.000380735604241,0.000188863155683,4.27050128152e-05,7.37262053662e-05,4.27050456167e-05,0.000188863618149,0.000905003124464,0.000227214104609,0.0003910601653,0.000227214292473,0.00090500500176,3.03793219364,3.04067528439,3.03994455842,3.04067528356,3.037932186,0.0011320212487,0.00111667510998,0.00112000328876,0.00111667511869,0.00113202127501,0.3916,0.3916,0.3916,0.3916,0.3916,0,0,0,0,0,0.00974726564424,0.00480649279913,0.0038693127285,0.00480649492043,0.00974726788196,1.29557034081,2.30849739356,2.49099445858,2.30849693652,1.29556991722,-0.00479671669799,-0.00238393549576,-0.0019014202003,-0.00238393654045,-0.0047967176573,0.000380734814462,9.55889738092e-05,0.000164519011542,9.55890528433e-05,0.000380735604241,786.166964991,10.4878389619,-0.267106059426,30.2408865608,766.146811333,2.85993451143e-11,1.21871100451e-19,1.86519316824e-05,1.34787790848e-06,1.10946226113e-07,-2.79592890486,4.59544702887,2.9473642493,4.59544273418,-2.79594135538,-13.1697076688,-13.1697293541,0.730340530191,0.748721810034,0.744644692142,0.748721799452,0.730340499119,-2.79592890486,4.59544702887,2.9473642493,4.59544273418,-2.79594135538,0.730340530191,0.748721810034,0.744644692142,0.748721799452,0.730340499119,0.000380734814462,9.55889738092e-05,0.000164519011542,9.55890528433e-05,0.000380735604241,-2.88810992991,4.43088337223,2.7692714441,4.43087910979,-2.8881223507,0.730675885877,0.748884942692,0.744772230935,0.748884932184,0.730675854873
6.825,0.034125,0.1164515625,0,-2.76404191241,4.652534898,3.00940968566,4.6525305923,-2.764054373,-13.1659627198,-13.1659844017,1,1,0.624511558772,1,1,0.730227518732,0.748668651142,0.74460448496,0.748668640535,0.730227487638,0.000382389543916,9.55487862396e-05,0.000164474643366,9.5548865278e-05,0.000382390340996,0.000382389543916,9.55487862396e-05,0.000164474643366,9.5548865278e-05,0.000382390340996,0.000190024881194,4.26870587499e-05,7.37063225747e-05,4.26870915544e-05,0.000190025348985,0.000908936401036,0.000227118579129,0.000390954702558,0.000227118767002,0.000908938295689,3.03856841732,3.04134233057,3.04060882521,3.04134232973,3.03856840957,0.00113613057443,0.00112067903424,0.0011240083021,0.001120679043,0.00113613060085,0.3916,0.3916,0.3916,0.3916,0.3916,0,0,0,0,0,0.00974726564424,0.00480649279913,0.0038693127285,0.00480649492043,0.00974726788196,1.29557034081,2.30849739356,2.49099445858,2.30849693652,1.29556991722,-0.00479671669799,-0.00238393549576,-0.0019014202003,-0.00238393654045,-0.0047967176573,0.000380734814462,9.55889738092e-05,0.000164519011542,9.55890528433e-05,0.000380735604241,789.057284715,10.5665471623,-0.268152214683,30.37706632,768.978613343,2.91109358841e-11,1.17890045599e-19,1.86614264067e-05,1.35780699396e-06,1.11380587281e-07,-2.76404191241,4.652534898,3.00940968566,4.6525305923,-2.764054373,-13.1659627198,-13.1659844017,0.730227518732,0.748668651142,0.74460448496,0.748668640535,0.730227487638,-2.79592890486,4.59544702887,2.9473642493,4.59544273418,-2.79594135538,0.730340530191,0.748721810034,0.744644692142,0.748721799452,0.730340499119,0.000382389543916,9.55487862396e-05,0.000164474643366,9.5548865278e-05,0.000382390340996,-2.88810992991,4.43088337223,2.7692714441,4.43087910979,-2.8881223507,0.730675885877,0.748884942692,0.744772230935,0.748884932184,0.730675854873
6.85,0.03425,0.11730625,0,-2.73219513914,4.7095720826,3.07143410636,4.70956776594,-2.73220760975,-13.1622076254,-13.1622293041,1,1,0.624511558772,1,1,0.730115035512,0.748615980569,0.744564832116,0.748615969937,0.730115004395,0.000384029765447,9.55081167497e-05,0.000164429353664,9.55081957921e-05,0.000384030569856,0.000384029765447,9.55081167497e-05,0.000164429353664,9.55081957921e-05,0.000384030569856,0.000191183171927,4.26688893836e-05,7.36860268176e-05,4.26689221909e-05,0.000191183645089,0.00091283519241,0.000227021908129,0.000390847049355,0.000227022096012,0.000912837104482,3.03920892624,3.04201360596,3.04127738142,3.04201360512,3.03920891839,0.00114023961409,0.00112468235802,0.00112801258034,0.00112468236683,0.00114023964062,0.3916,0.3916,0.3916,0.3916,0.3916,0,0,0,0,0,0.00974726564424,0.00480649279913,0.0038693127285,0.00480649492043,0.00974726788196,1.29557034081,2.30849739356,2.49099445858,2.30849693652,1.29556991722,-0.00479671669799,-0.00238393549576,-0.0019014202003,-0.00238393654045,-0.0047967176573,0.000380734814462,9.55889738092e-05,0.000164519011542,9.55890528433e-05,0.000380735604241,791.94760444,10.6455521384,-0.269199071513,30.5134053132,771.810552193,2.94022584058e-11,1.23632928981e-19,1.86709573631e-05,1.36777251645e-06,1.11815153343e-07,-2.73219513914,4.7095720826,3.07143410636,4.70956776594,-2.73220760975,-13.1622076254,-13.1622293041,0.730115035512,0.748615980569,0.744564832116,0.748615969937,0.730115004395,-2.79592890486,4.59544702887,2.9473642493,4.59544273418,-2.79594135538,0.730340530191,0.748721810034,0.744644692142,0.748721799452,0.730340499119,0.000384029765447,9.55081167497e-05,0.000164429353664,9.55081957921e-05,0.000384030569856,-2.88810992991,4.43088337223,2.7692714441,4.43087910979,-2.8881223507,0.730675885877,0.748884942692,0.744772230935,0.748884932184,0.730675854873
6.875,0.034375,0.1181640625,0,-2.70038844199,4.76655869427,3.13343734181,4.76655436666,-2.70040092259,-13.1584424035,-13.1584640788,1,1,0.624511558772,1,1,0.730003076611,0.748563794284,0.744525728891,0.748563783628,0.73000304547,0.000385655391255,9.54669664147e-05,0.000164383143523,9.54670454607e-05,0.000385656203019,0.000385655391255,9.54669664147e-05,0.000164383143523,9.54670454607e-05,0.000385656203019,0.000192337850005,4.26505051964e-05,7.36653185829e-05,4.26505380065e-05,0.000192338328586,0.000916699289887,0.000226924094164,0.00039073720828,0.000226924282055,0.000916701219441,3.03985369596,3.04268908204,3.04195019721,3.0426890812,3.039853688,0.00114434836905,0.00112868508316,0.00113201612542,0.00112868509202,0.00114434839571,0.3916,0.3916,0.3916,0.3916,0.3916,0,0,0,0,0,0.00974726564424,0.00480649279913,0.0038693127285,0.00480649492043,0.00974726788196,1.29557034081,2.30849739356,2.49099445858,2.30849693652,1.29556991722,-0.00479671669799,-0.00238393549576,-0.0019014202003,-0.00238393654045,-0.0047967176573,0.000380734814462,9.55889738092e-05,0.000164519011542,9.55890528433e-05,0.000380735604241,794.837924164,10.7248538931,-0.270246637208,30.6499033398,774.64262808,2.95976576581e-11,1.20007627967e-19,1.86805245509e-05,1.37777447595e-06,1.12249925064e-07,-2.70038844199,4.76655869427,3.13343734181,4.76655436666,-2.70040092259,-13.1584424035,-13.1584640788,0.730003076611,0.748563794284,0.744525728891,0.748563783628,0.73000304547,-2.79592890486,4.59544702887,2.9473642493,4.59544273418,-2.79594135538,0.730340530191,0.748721810034,0.744644692142,0.748721799452,0.730340499119,0.000385655391255,9.54669664147e-05,0.000164383143523,9.54670454607e-05,0.000385656203019,-2.88810992991,4.43088337223,2.7692714441,4.43087910979,-2.8881223507,0.730675885877,0.748884942692,0.744772230935,0.748884932184,0.730675854873
6.9,0.0345,0.119025,0,-2.66862167854,4.82349484386,3.19541922397,4.82349050535,-2.66863416908,-13.1546670718,-13.1546887438,1,1,0.624511558772,1,1,0.729891638154,0.748512088305,0.744487170618,0.748512077623,0.72989160699,0.000387266334541,9.54253363153e-05,0.000164336014052,9.54254153646e-05,0.000387267153685,0.000387266334541,9.54253363153e-05,0.000164336014052,9.54254153646e-05,0.000387267153685,0.000193488736731,4.26319066713e-05,7.36441983668e-05,4.26319394839e-05,0.000193489220778,0.000920528487144,0.000226825139803,0.000390625181964,0.000226825327703,0.000920530434241,3.04050270251,3.0433687308,3.04262724327,3.04336872996,3.04050269444,0.0011484568407,0.0011326872115,0.00113601893924,0.00113268722042,0.00114845686746,0.3916,0.3916,0.3916,0.3916,0.3916,0,0,0,0,0,0.00974726564424,0.00480649279913,0.0038693127285,0.00480649492043,0.00974726788196,1.29557034081,2.30849739356,2.49099445858,2.30849693652,1.29556991722,-0.00479671669799,-0.00238393549576,-0.0019014202003,-0.00238393654045,-0.0047967176573,0.000380734814462,9.55889738092e-05,0.000164519011542,9.55890528433e-05,0.000380735604241,797.728243888,10.8044524289,-0.271294919038,30.7865602001,777.474841198,2.98285840472e-11,1.14434151174e-19,1.86901279692e-05,1.38781287247e-06,1.12684903292e-07,-2.66862167854,4.82349484386,3.19541922397,4.82349050535,-2.66863416908,-13.1546670718,-13.1546887438,0.729891638154,0.748512088305,0.744487170618,0.748512077623,0.72989160699,-2.79592890486,4.59544702887,2.9473642493,4.59544273418,-2.79594135538,0.730340530191,0.748721810034,0.744644692142,0.748721799452,0.730340499119,0.000387266334541,9.54253363153e-05,0.000164336014052,9.54254153646e-05,0.000387267153685,-2.88810992991,4.43088337223,2.7692714441,4.43087910979,-2.8881223507,0.730675885877,0.748884942692,0.744772230935,0.748884932184,0.730675854873
6.925,0.034625,0.1198890625,0,-2.63689470692,4.88038064154,3.25737958641,4.88037629216,-2.63690720736,-13.1508816479,-13.1509033166,1,1,0.624511558772,1,1,0.729780716311,0.74846085869,0.744449152679,0.748460847984,0.729780685125,0.000388862509463,9.53832275375e-05,0.000164287966374,9.53833065898e-05,0.000388863336013,0.000388862509463,9.53832275375e-05,0.000164287966374,9.53833065898e-05,0.000388863336013,0.000194635652597,4.26130942934e-05,7.36226666732e-05,4.26131271085e-05,0.000194636142156,0.000924322580136,0.000226725047629,0.000390510973079,0.000226725235536,0.000924324544838,3.04115592238,3.0440525248,3.04330849086,3.04405252395,3.04115591421,0.00115256503035,0.00113668874486,0.00114002102371,0.00113668875383,0.00115256505724,0.3916,0.3916,0.3916,0.3916,0.3916,0,0,0,0,0,0.00974726564424,0.00480649279913,0.0038693127285,0.00480649492043,0.00974726788196,1.29557034081,2.30849739356,2.49099445858,2.30849693652,1.29556991722,-0.00479671669799,-0.00238393549576,-0.0019014202003,-0.00238393654045,-0.0047967176573,0.000380734814462,9.55889738092e-05,0.000164519011542,9.55890528433e-05,0.000380735604241,800.618563612,10.8843477482,-0.272343924286,30.9233756954,780.307191741,3.02087244108e-11,1.19601052152e-19,1.86997676171e-05,1.39788770599e-06,1.13120088874e-07,-2.63689470692,4.88038064154,3.25737958641,4.88037629216,-2.63690720736,-13.1508816479,-13.1509033166,0.729780716311,0.74846085869,0.744449152679,0.748460847984,0.729780685125,-2.79592890486,4.59544702887,2.9473642493,4.59544273418,-2.79594135538,0.730340530191,0.748721810034,0.744644692142,0.748721799452,0.730340499119,0.000388862509463,9.53832275375e-05,0.000164287966374,9.53833065898e-05,0.000388863336013,-2.88810992991,4.43088337223,2.7692714441,4.43087910979,-2.8881223507,0.730675885877,0.748884942692,0.744772230935,0.748884932184,0.730675854873
6.95,0.03475,0.12075625,0,-2.60520738585,4.93721619677,3.31931826424,4.93721183655,-2.60521989614,-13.1470861495,-13.1471078149,1,1,0.624511558772,1,1,0.729670307296,0.748410101545,0.744411670507,0.748410090814,0.729670276087,0.000390443831099,9.53406411729e-05,0.000164239001632,9.53407202278e-05,0.000390444665081,0.000390443831099,9.53406411729e-05,0.000164239001632,9.53407202278e-05,0.000390444665081,0.000195778417294,4.25940685505e-05,7.36007240138e-05,4.25941013678e-05,0.000195778912414,0.000928081367005,0.000226623820235,0.000390394584341,0.000226624008148,0.000928083349374,3.04181333254,3.0447404371,3.04399391177,3.04474043625,3.04181332425,0.00115667293936,0.00114068968505,0.0011440223807,0.00114068969407,0.00115667296635,0.3916,0.3916,0.3916,0.3916,0.3916,0,0,0,0,0,0.00974726564424,0.00480649279913,0.0038693127285,0.00480649492043,0.00974726788196,1.29557034081,2.30849739356,2.49099445858,2.30849693652,1.29556991722,-0.00479671669799,-0.00238393549576,-0.0019014202003,-0.00238393654045,-0.0047967176573,0.000380734814462,9.55889738092e-05,0.000164519011542,9.55890528433e-05,0.000380735604241,803.508883337,10.9645398534,-0.273393660252,31.0603496271,783.139679903,3.04822833641e-11,1.19905984013e-19,1.87094434939e-05,1.40799897652e-06,1.13555482652e-07,-2.60520738585,4.93721619677,3.31931826424,4.93721183655,-2.60521989614,-13.1470861495,-13.1471078149,0.729670307296,0.748410101545,0.744411670507,0.748410090814,0.729670276087,-2.79592890486,4.59544702887,2.9473642493,4.59544273418,-2.79594135538,0.730340530191,0.748721810034,0.744644692142,0.748721799452,0.730340499119,0.000390443831099,9.53406411729e-05,0.000164239001632,9.53407202278e-05,0.000390444665081,-2.88810992991,4.43088337223,2.7692714441,4.43087910979,-2.8881223507,0.730675885877,0.748884942692,0.744772230935,0.748884932184,0.730675854873
6.975,0.034875,0.1216265625,0,-2.57355957463,4.99400161833,3.38123509413,4.99399724732,-2.57357209475,-13.1432805941,-13.1433022562,1,1,0.624511558772,1,1,0.729560407366,0.748359813016,0.744374719583,0.748359802261,0.729560376134,0.000392010215409,9.52975783185e-05,0.000164189120986,9.52976573758e-05,0.000392011056849,0.000392010215409,9.52975783185e-05,0.000164189120986,9.52976573758e-05,0.000392011056849,0.000196916849733,4.25748299325e-05,7.35783709084e-05,4.2574862752e-05,0.00019691735046,0.000931804647988,0.000226521460229,0.000390276018506,0.000226521648148,0.000931806648085,3.04247491041,3.0454324413,3.04468347837,3.04543244045,3.04247490201,0.00116078056902,0.00114469003385,0.00114802301209,0.00114469004292,0.00116078059613,0.3916,0.3916,0.3916,0.3916,0.3916,0,0,0,0,0,0.00974726564424,0.00480649279913,0.0038693127285,0.00480649492043,0.00974726788196,1.29557034081,2.30849739356,2.49099445858,2.30849693652,1.29556991722,-0.00479671669799,-0.00238393549576,-0.0019014202003,-0.00238393654045,-0.0047967176573,0.000380734814462,9.55889738092e-05,0.000164519011542,9.55890528433e-05,0.000380735604241,806.399203061,11.0450287466,-0.27444413425,31.197481798,785.972305875,3.1047164839e-11,1.21345940024e-19,1.87191555986e-05,1.41814668407e-06,1.13991085465e-07,-2.57355957463,4.99400161833,3.38123509413,4.99399724732,-2.57357209475,-13.1432805941,-13.1433022562,0.729560407366,0.748359813016,0.744374719583,0.748359802261,0.729560376134,-2.79592890486,4.59544702887,2.9473642493,4.59544273418,-2.79594135538,0.730340530191,0.748721810034,0.744644692142,0.748721799452,0.730340499119,0.000392010215409,9.52975783185e-05,0.000164189120986,9.52976573758e-05,0.000392011056849,-2.88810992991,4.43088337223,2.7692714441,4.43087910979,-2.8881223507,0.730675885877,0.748884942692,0.744772230935,0.748884932184,0.730675854873
7,0.035,0.1225,0,-2.54195113316,5.05073701431,3.44312991427,5.05073263253,-2.54196366305,-13.1394649992,-13.139486658,1,1,0.624511558772,1,1,0.72945101282,0.748309989293,0.744338295437,0.748309978514,0.729450981567,0.000393561579198,9.52540400767e-05,0.000164138325611,9.52541191359e-05,0.000393562428123,0.000393561579198,9.52540400767e-05,0.000164138325611,9.52541191359e-05,0.000393562428123,0.000198050768047,4.2555378932e-05,7.35556078841e-05,4.25554117536e-05,0.000198051274429,0.000935492225335,0.000226417970232,0.000390155278371,0.000226418158155,0.000935494243222,3.0431406339,3.04612851153,3.04537716352,3.04612851068,3.04314062539,0.00116488792064,0.00114868979304,0.00115202291974,0.00114868980216,0.00116488794787,0.3916,0.3916,0.3916,0.3916,0.3916,0,0,0,0,0,0.00938996928914,0.00446886975332,0.00348525505044,0.00446887181723,0.00938997150048,1.28229031099,2.291943791,2.48477570149,2.2919433451,1.28228990125,-0.00461547725483,-0.00221519163624,-0.00170946826752,-0.00221519265222,-0.004615478189,0.000393561579198,9.52540400767e-05,0.000164138325611,9.52541191359e-05,0.000393562428123,809.289522785,11.1258144297,-0.275495353614,31.334772011,788.80506985,3.13988834932e-11,1.18652375251e-19,1.87289039305e-05,1.42833082863e-06,1.14426898147e-07,-2.54195113316,5.05073701431,3.44312991427,5.05073263253,-2.54196366305,-13.1394649992,-13.139486658,0.72945101282,0.748309989293,0.744338295437,0.748309978514,0.729450981567,-2.54195113316,5.05073701431,3.44312991427,5.05073263253,-2.54196366305,0.72945101282,0.748309989293,0.744338295437,0.748309978514,0.729450981567,0.000393561579198,9.52540400767e-05,0.000164138325611,9.52541191359e-05,0.000393562428123,-2.63319760131,4.88734536821,3.26550275004,4.88734101789,-2.63321010245,0.729773885853,0.748461545364,0.744452679592,0.748461534656,0.729773854665
7.025,0.035125,0.1233765625,0,-2.51038192188,5.10742249213,3.50500256439,5.10741809962,-2.5103944615,-13.1356393822,-13.1356610377,1,1,0.624511558772,1,1,0.729342120001,0.748260626608,0.744302393645,0.748260615804,0.729342088725,0.000395097840086,9.52100275551e-05,0.000164086616702,9.5210106616e-05,0.000395098696521,0.000395097840086,9.52100275551e-05,0.000164086616702,9.5210106616e-05,0.000395098696521,0.000199179989606,4.25357160439e-05,7.35324354763e-05,4.25357488673e-05,0.000199180501692,0.000939143903224,0.000226313352876,0.000390032366774,0.000226313540803,0.000939145938962,3.0438104814,3.04682862244,3.04607494066,3.04682862158,3.04381047278,0.00116899499551,0.00115268896438,0.00115602210549,0.00115268897356,0.00116899502286,0.3916,0.3916,0.3916,0.3916,0.3916,0,0,0,0,0,0.00938996928914,0.00446886975332,0.00348525505044,0.00446887181723,0.00938997150048,1.28229031099,2.291943791,2.48477570149,2.2919433451,1.28228990125,-0.00461547725483,-0.00221519163624,-0.00170946826752,-0.00221519265222,-0.004615478189,0.000393561579198,9.52540400767e-05,0.000164138325611,9.52541191359e-05,0.000393562428123,812.179842509,11.2068969046,-0.27654732569,31.47222007,791.637972018,3.16866533012e-11,1.18093333506e-19,1.87386884887e-05,1.43855141019e-06,1.14862921531e-07,-2.51038192188,5.10742249213,3.50500256439,5.10741809962,-2.5103944615,-13.1356393822,-13.1356610377,0.729342120001,0.748260626608,0.744302393645,0.748260615804,0.729342088725,-2.54195113316,5.05073701431,3.44312991427,5.05073263253,-2.54196366305,0.72945101282,0.748309989293,0.744338295437,0.748309978514,0.729450981567,0.000395097840086,9.52100275551e-05,0.000164086616702,9.5210106616e-05,0.000395098696521,-2.63319760131,4.88734536821,3.26550275004,4.88734101789,-2.63321010245,0.729773885853,0.748461545364,0.744452679592,0.748461534656,0.729773854665
7.05,0.03525,0.12425625,0,-2.47885180182,5.16405815854,3.56685288571,5.16405375532,-2.47886435114,-13.1318037605,-13.1318254128,1,1,0.624511558772,1,1,0.729233725292,0.748211721234,0.744267009833,0.748211710405,0.729233693993,0.000396618916467,9.5165541867e-05,0.00016403399547,9.51656209291e-05,0.000396619780438,0.000396618916467,9.5165541867e-05,0.00016403399547,9.51656209291e-05,0.000396619780438,0.00020030433103,4.25158417655e-05,7.35088542276e-05,4.25158745906e-05,0.000200304848867,0.000942759487681,0.000226207610808,0.000389907286594,0.000226207798738,0.000942761541331,3.04448443176,3.04753274919,3.04677678376,3.04753274833,3.04448442302,0.0011731017949,0.00115668754963,0.00116002057119,0.00115668755886,0.00117310182236,0.3916,0.3916,0.3916,0.3916,0.3916,0,0,0,0,0,0.00938996928914,0.00446886975332,0.00348525505044,0.00446887181723,0.00938997150048,1.28229031099,2.291943791,2.48477570149,2.2919433451,1.28228990125,-0.00461547725483,-0.00221519163624,-0.00170946826752,-0.00221519265222,-0.004615478189,0.000393561579198,9.52540400767e-05,0.000164138325611,9.52541191359e-05,0.000393562428123,815.070162234,11.2882761729,-0.277600057844,31.6098257796,794.471012569,3.24362758874e-11,1.21278177388e-19,1.87485092723e-05,1.44880842877e-06,1.15299156444e-07,-2.47885180182,5.16405815854,3.56685288571,5.16405375532,-2.47886435114,-13.1318037605,-13.1318254128,0.729233725292,0.748211721234,0.744267009833,0.748211710405,0.729233693993,-2.54195113316,5.05073701431,3.44312991427,5.05073263253,-2.54196366305,0.72945101282,0.748309989293,0.744338295437,0.748309978514,0.729450981567,0.000396618916467,9.5165541867e-05,0.00016403399547,9.51656209291e-05,0.000396619780438,-2.63319760131,4.88734536821,3.26550275004,4.88734101789,-2.63321010245,0.729773885853,0.748461545364,0.744452679592,0.748461534656,0.729773854665
7.075,0.035375,0.1251390625,0,-2.4473606346,5.2206441196,3.62868072096,5.22063970572,-2.44737319358,-13.1279581515,-13.1279798005,1,1,0.624511558772,1,1,0.729125825116,0.748163269483,0.744232139669,0.748163258631,0.729125793795,0.000398124727483,9.51205841305e-05,0.000163980463145,9.51206631936e-05,0.000398125599015,0.000398124727483,9.51205841305e-05,0.000163980463145,9.51206631936e-05,0.000398125599015,0.000201423608191,4.24957565963e-05,7.34848646888e-05,4.2495789423e-05,0.000201424131829,0.000946338786505,0.000226100746685,0.000389780040753,0.000226100934618,0.00094634085813,3.04516246431,3.04824086748,3.04748266734,3.04824086662,3.04516245546,0.00117720832007,0.00116068555052,0.00116401831866,0.0011606855598,0.00117720834765,0.3916,0.3916,0.3916,0.3916,0.3916,0,0,0,0,0,0.00938996928914,0.00446886975332,0.00348525505044,0.00446887181723,0.00938997150048,1.28229031099,2.291943791,2.48477570149,2.2919433451,1.28228990125,-0.00461547725483,-0.00221519163624,-0.00170946826752,-0.00221519265222,-0.004615478189,0.000393561579198,9.52540400767e-05,0.000164138325611,9.52541191359e-05,0.000393562428123,817.960481958,11.3699522361,-0.278653557458,31.7475889451,797.304191691,3.26743077039e-11,1.19397764245e-19,1.87583662806e-05,1.45910188436e-06,1.15735603711e-07,-2.4473606346,5.2206441196,3.62868072096,5.22063970572,-2.44737319358,-13.1279581515,-13.1279798005,0.729125825116,0.748163269483,0.744232139669,0.748163258631,0.729125793795,-2.54195113316,5.05073701431,3.44312991427,5.05073263253,-2.54196366305,0.72945101282,0.748309989293,0.744338295437,0.748309978514,0.729450981567,0.000398124727483,9.51205841305e-05,0.000163980463145,9.51206631936e-05,0.000398125599015,-2.63319760131,4.88734536821,3.26550275004,4.88734101789,-2.63321010245,0.729773885853,0.748461545364,0.744452679592,0.748461534656,0.729773854665
7.1,0.0355,0.126025,0,-2.4159082824,5.27718048075,3.69048591437,5.27717605623,-2.41592085099,-13.1241025724,-13.1241242181,1,1,0.624511558772,1,1,0.729018415938,0.748115267712,0.74419777887,0.748115256835,0.729018384595,0.000399615192989,9.50751554694e-05,0.000163926020971,9.50752345331e-05,0.000399616072109,0.000399615192989,9.50751554694e-05,0.000163926020971,9.50752345331e-05,0.000399616072109,0.00020253763623,4.24754610383e-05,7.34604674179e-05,4.24754938666e-05,0.000202538165716,0.000949881609196,0.000225992763179,0.00038965063221,0.000225992951113,0.000949883698856,3.04584455885,3.04895295351,3.04819256642,3.04895295265,3.04584454989,0.00118131457225,0.00116468296877,0.00116801534971,0.0011646829781,0.00118131459995,0.3916,0.3916,0.3916,0.3916,0.3916,0,0,0,0,0,0.00938996928914,0.00446886975332,0.00348525505044,0.00446887181723,0.00938997150048,1.28229031099,2.291943791,2.48477570149,2.2919433451,1.28228990125,-0.00461547725483,-0.00221519163624,-0.00170946826752,-0.00221519265222,-0.004615478189,0.000393561579198,9.52540400767e-05,0.000164138325611,9.52541191359e-05,0.000393562428123,820.850801682,11.4519250955,-0.279707831931,31.8855093722,800.137509573,3.2684965845e-11,1.14857667648e-19,1.87682595128e-05,1.46943177696e-06,1.16172264152e-07,-2.4159082824,5.27718048075,3.69048591437,5.27717605623,-2.41592085099,-13.1241025724,-13.1241242181,0.729018415938,0.748115267712,0.74419777887,0.748115256835,0.729018384595,-2.54195113316,5.05073701431,3.44312991427,5.05073263253,-2.54196366305,0.72945101282,0.748309989293,0.744338295437,0.748309978514,0.729450981567,0.000399615192989,9.50751554694e-05,0.000163926020971,9.50752345331e-05,0.000399616072109,-2.63319760131,4.88734536821,3.26550275004,4.88734101789,-2.63321010245,0.729773885853,0.748461545364,0.744452679592,0.748461534656,0.729773854665
7.125,0.035625,0.1269140625,0,-2.38449460795,5.33366734675,3.75226831161,5.33366291163,-2.38450718612,-13.1202370404,-13.1202586829,1,1,0.624511558772,1,1,0.728911494262,0.748067712312,0.744163923196,0.748067701411,0.728911462896,0.000401090233526,9.50292570125e-05,0.000163870670211,9.50293360765e-05,0.000401091120259,0.000401090233526,9.50292570125e-05,0.000163870670211,9.50293360765e-05,0.000401091120259,0.000203646229557,4.2454955596e-05,7.34356629808e-05,4.24549884256e-05,0.00020364676494,0.00095338776688,0.000225883662972,0.000389519063968,0.000225883850907,0.000953389874636,3.04653069566,3.04966898398,3.04890645658,3.04966898312,3.04653068657,0.0011854205527,0.0011686798061,0.00117201166615,0.00116867981548,0.00118542058051,0.3916,0.3916,0.3916,0.3916,0.3916,0,0,0,0,0,0.00938996928914,0.00446886975332,0.00348525505044,0.00446887181723,0.00938997150048,1.28229031099,2.291943791,2.48477570149,2.2919433451,1.28228990125,-0.00461547725483,-0.00221519163624,-0.00170946826752,-0.00221519265222,-0.004615478189,0.000393561579198,9.52540400767e-05,0.000164138325611,9.52541191359e-05,0.000393562428123,823.741121406,11.5341947525,-0.280762888679,32.0235868678,802.970966402,3.28341798195e-11,1.17043012652e-19,1.8778188968e-05,1.47979810657e-06,1.16609138586e-07,-2.38449460795,5.33366734675,3.75226831161,5.33366291163,-2.38450718612,-13.1202370404,-13.1202586829,0.728911494262,0.748067712312,0.744163923196,0.748067701411,0.728911462896,-2.54195113316,5.05073701431,3.44312991427,5.05073263253,-2.54196366305,0.72945101282,0.748309989293,0.744338295437,0.748309978514,0.729450981567,0.000401090233526,9.50292570125e-05,0.000163870670211,9.50293360765e-05,0.000401091120259,-2.63319760131,4.88734536821,3.26550275004,4.88734101789,-2.63321010245,0.729773885853,0.748461545364,0.744452679592,0.748461534656,0.729773854665
7.15,0.03575,0.12780625,0,-2.35311947458,5.39010482173,3.81402775983,5.39010037604,-2.35313206228,-13.1163615727,-13.1163832119,1,1,0.624511558772,1,1,0.728805056631,0.748020599717,0.744130568454,0.748020588792,0.728805025243,0.000402549770292,9.49828898938e-05,0.000163814412145,9.49829689578e-05,0.000402550664664,0.000402549770292,9.49828898938e-05,0.000163814412145,9.49829689578e-05,0.000402550664664,0.000204749201861,4.24342407759e-05,7.34104519509e-05,4.24342736067e-05,0.000204749743191,0.000956857072242,0.000225773448761,0.000389385339067,0.000225773636696,0.000956859198157,3.04722085545,3.05038893611,3.0496243139,3.05038893524,3.04722084625,0.00118952626262,0.00117267606421,0.00117600726977,0.00117267607364,0.00118952629054,0.3916,0.3916,0.3916,0.3916,0.3916,0,0,0,0,0,0.00938996928914,0.00446886975332,0.00348525505044,0.00446887181723,0.00938997150048,1.28229031099,2.291943791,2.48477570149,2.2919433451,1.28228990125,-0.00461547725483,-0.00221519163624,-0.00170946826752,-0.00221519265222,-0.004615478189,0.000393561579198,9.52540400767e-05,0.000164138325611,9.52541191359e-05,0.000393562428123,826.63144113,11.616761208,-0.281818735136,32.1618212389,805.804562364,3.26423332808e-11,1.1160506113e-19,1.87881546454e-05,1.49020087319e-06,1.17046227828e-07,-2.35311947458,5.39010482173,3.81402775983,5.39010037604,-2.35313206228,-13.1163615727,-13.1163832119,0.728805056631,0.748020599717,0.744130568454,0.748020588792,0.728805025243,-2.54195113316,5.05073701431,3.44312991427,5.05073263253,-2.54196366305,0.72945101282,0.748309989293,0.744338295437,0.748309978514,0.729450981567,0.000402549770292,9.49828898938e-05,0.000163814412145,9.49829689578e-05,0.000402550664664,-2.63319760131,4.88734536821,3.26550275004,4.88734101789,-2.63321010245,0.729773885853,0.748461545364,0.744452679592,0.748461534656,0.729773854665
7.175,0.035875,0.1287015625,0,-2.32178274615,5.44649300918,3.87576410764,5.44648855296,-2.32179534335,-13.1124761864,-13.1124978223,1,1,0.624511558772,1,1,0.728699099627,0.747973926397,0.744097710493,0.747973915449,0.728699068217,0.000403993725113,9.49360552527e-05,0.00016375724807,9.49361343163e-05,0.00040399462715,0.000403993725113,9.49360552527e-05,0.00016375724807,9.49361343163e-05,0.00040399462715,0.000205846366121,4.2413317087e-05,7.33848349092e-05,4.24133499188e-05,0.000205846913446,0.000960289339464,0.000225662123253,0.000389249460589,0.000225662311187,0.000960291483598,3.04791501945,3.0511127876,3.050346115,3.05111278672,3.04791501013,0.00119363170322,0.00117667174479,0.00118000216237,0.00117667175427,0.00119363173126,0.3916,0.3916,0.3916,0.3916,0.3916,0,0,0,0,0,0.00938996928914,0.00446886975332,0.00348525505044,0.00446887181723,0.00938997150048,1.28229031099,2.291943791,2.48477570149,2.2919433451,1.28228990125,-0.00461547725483,-0.00221519163624,-0.00170946826752,-0.00221519265222,-0.004615478189,0.000393561579198,9.52540400767e-05,0.000164138325611,9.52541191359e-05,0.000393562428123,829.521760855,11.6996244629,-0.282875378754,32.3002122937,808.638297645,3.26565441355e-11,1.13265245707e-19,1.87981565441e-05,1.50064007683e-06,1.17483532687e-07,-2.32178274615,5.44649300918,3.87576410764,5.44648855296,-2.32179534335,-13.1124761864,-13.1124978223,0.728699099627,0.747973926397,0.744097710493,0.747973915449,0.728699068217,-2.54195113316,5.05073701431,3.44312991427,5.05073263253,-2.54196366305,0.72945101282,0.748309989293,0.744338295437,0.748309978514,0.729450981567,0.000403993725113,9.49360552527e-05,0.00016375724807,9.49361343163e-05,0.00040399462715,-2.63319760131,4.88734536821,3.26550275004,4.88734101789,-2.63321010245,0.729773885853,0.748461545364,0.744452679592,0.748461534656,0.729773854665
7.2,0.036,0.1296,0,-2.29048428711,5.50283201195,3.93747720508,5.50282754523,-2.29049689377,-13.1085808985,-13.1086025312,1,1,0.624511558772,1,1,0.72859361987,0.747927688863,0.744065345204,0.747927677891,0.728593588438,0.000405422020415,9.48887542334e-05,0.000163699179298,9.48888332963e-05,0.000405422930143,0.000405422020415,9.48887542334e-05,0.000163699179298,9.48888332963e-05,0.000405422930143,0.000206937534603,4.23921850406e-05,7.33588124442e-05,4.23922178733e-05,0.000206938087973,0.000963684384158,0.000225549689169,0.000389111431656,0.000225549877101,0.000963686546571,3.0486131693,3.05184051664,3.051071837,3.05184051577,3.04861315986,0.00119773687571,0.00118066684952,0.00118399634572,0.00118066685906,0.00119773690387,0.3916,0.3916,0.3916,0.3916,0.3916,0,0,0,0,0,0.0090537689864,0.00415326320749,0.00312692125923,0.00415326521513,0.00905377117368,1.26938557985,2.27568997299,2.47810294681,2.27568953805,1.26938518351,-0.00444498105473,-0.00205746215845,-0.00153039008835,-0.00205746314629,-0.00444498196459,0.000405422020415,9.48887542334e-05,0.000163699179298,9.48888332963e-05,0.000405422930143,832.412080579,11.782784518,-0.283932827002,32.4387598407,811.472172429,3.29620775119e-11,1.11249307292e-19,1.88081946635e-05,1.51111571747e-06,1.17921053974e-07,-2.29048428711,5.50283201195,3.93747720508,5.50282754523,-2.29049689377,-13.1085808985,-13.1086025312,0.72859361987,0.747927688863,0.744065345204,0.747927677891,0.728593588438,-2.29048428711,5.50283201195,3.93747720508,5.50282754523,-2.29049689377,0.72859361987,0.747927688863,0.744065345204,0.747927677891,0.728593588438,0.000405422020415,9.48887542334e-05,0.000163699179298,9.48888332963e-05,0.000405422930143,-2.38082253593,5.34059149411,3.76034666184,5.34058705807,-2.38083511477,0.728904734605,0.748068411908,0.74416744544,0.748068401006,0.728904703238
7.225,0.036125,0.1305015625,0,-2.25922396218,5.55912193227,3.99916690359,5.55911745509,-2.25923657825,-13.1046757261,-13.1046973555,1,1,0.624511558772,1,1,0.728488613994,0.74788188366,0.744033468524,0.747881872664,0.728488582541,0.000406834579204,9.48409879855e-05,0.000163640207159,9.48410670474e-05,0.000406835496648,0.000406834579204,9.48409879855e-05,0.000163640207159,9.48410670474e-05,0.000406835496648,0.000208022518871,4.23708451501e-05,7.3332385152e-05,4.23708779837e-05,0.000208023078335,0.000967042023304,0.000225436149241,0.000388971255429,0.00022543633717,0.000967044204059,3.0493152783,3.05257210192,3.05180145752,3.05257210105,3.04931526874,0.00120184178126,0.00118466138007,0.00118798982159,0.00118466138966,0.00120184180953,0.3916,0.3916,0.3916,0.3916,0.3916,0,0,0,0,0,0.0090537689864,0.00415326320749,0.00312692125923,0.00415326521513,0.00905377117368,1.26938557985,2.27568997299,2.47810294681,2.27568953805,1.26938518351,-0.00444498105473,-0.00205746215845,-0.00153039008835,-0.00205746314629,-0.00444498196459,0.000405422020415,9.48887542334e-05,0.000163699179298,9.48888332963e-05,0.000405422930143,835.302400303,11.866241374,-0.28499108054,32.5774636894,814.306186907,3.33386651619e-11,1.16534792883e-19,1.88182690026e-05,1.52162779512e-06,1.18358792492e-07,-2.25922396218,5.55912193227,3.99916690359,5.55911745509,-2.25923657825,-13.1046757261,-13.1046973555,0.728488613994,0.74788188366,0.744033468524,0.747881872664,0.728488582541,-2.29048428711,5.50283201195,3.93747720508,5.50282754523,-2.29049689377,0.72859361987,0.747927688863,0.744065345204,0.747927677891,0.728593588438,0.000406834579204,9.48409879855e-05,0.000163640207159,9.48410670474e-05,0.000406835496648,-2.38082253593,5.34059149411,3.76034666184,5.34058705807,-2.38083511477,0.728904734605,0.748068411908,0.74416744544,0.748068401006,0.728904703238
7.25,0.03625,0.13140625,0,-2.22800163689,5.61536287176,4.06083305607,5.61535838414,-2.22801426234,-13.100760686,-13.1007823122,1,1,0.624511558772,1,1,0.728384078694,0.747836507372,0.744002076431,0.747836496353,0.728384047219,0.000408231325036,9.47927576635e-05,0.000163580333001,9.4792836724e-05,0.000408232250221,0.000408231325036,9.47927576635e-05,0.000163580333001,9.4792836724e-05,0.000408232250221,0.000209101129792,4.23492979315e-05,7.3305553636e-05,4.23493307657e-05,0.0002091016954,0.000970362075198,0.000225321506212,0.00038882893511,0.000225321694138,0.000970364274355,3.05002132855,3.05330752261,3.05253495469,3.05330752173,3.05002131887,0.00120594642105,0.0011886553381,0.00119198259175,0.00118865534774,0.00120594644944,0.3916,0.3916,0.3916,0.3916,0.3916,0,0,0,0,0,0.0090537689864,0.00415326320749,0.00312692125923,0.00415326521513,0.00905377117368,1.26938557985,2.27568997299,2.47810294681,2.27568953805,1.26938518351,-0.00444498105473,-0.00205746215845,-0.00153039008835,-0.00205746314629,-0.00444498196459,0.000405422020415,9.48887542334e-05,0.000163699179298,9.48888332963e-05,0.000405422930143,838.192720027,11.9499950312,-0.286050146493,32.7163236496,817.140341262,3.34949845637e-11,1.17347944513e-19,1.88283795607e-05,1.53217630979e-06,1.18796749045e-07,-2.22800163689,5.61536287176,4.06083305607,5.61535838414,-2.22801426234,-13.100760686,-13.1007823122,0.728384078694,0.747836507372,0.744002076431,0.747836496353,0.728384047219,-2.29048428711,5.50283201195,3.93747720508,5.50282754523,-2.29049689377,0.72859361987,0.747927688863,0.744065345204,0.747927677891,0.728593588438,0.000408231325036,9.47927576635e-05,0.000163580333001,9.4792836724e-05,0.000408232250221,-2.38082253593,5.34059149411,3.76034666184,5.34058705807,-2.38083511477,0.728904734605,0.748068411908,0.74416744544,0.748068401006,0.728904703238
7.275,0.036375,0.1323140625,0,-2.19681717738,5.67155493139,4.12247551679,5.67155043337,-2.19682981217,-13.0968357952,-13.0968574182,1,1,0.624511558772,1,1,0.728280010699,0.74779155662,0.743971164942,0.747791545578,0.728279979203,0.000409612181993,9.4744064427e-05,0.000163519558186,9.47441434858e-05,0.000409613114946,0.000409612181993,9.4744064427e-05,0.000163519558186,9.47441434858e-05,0.000409613114946,0.000210173177535,4.23275439027e-05,7.32783185071e-05,4.23275767374e-05,0.000210173749336,0.000973644359385,0.000225205762841,0.000388684473939,0.000225205950763,0.000973646577005,3.05073130323,3.05404675832,3.05327230714,3.05404675744,3.05073129343,0.00121005079625,0.00119264872526,0.00119597465794,0.00119264873495,0.00121005082476,0.3916,0.3916,0.3916,0.3916,0.3916,0,0,0,0,0,0.0090537689864,0.00415326320749,0.00312692125923,0.00415326521513,0.00905377117368,1.26938557985,2.27568997299,2.47810294681,2.27568953805,1.26938518351,-0.00444498105473,-0.00205746215845,-0.00153039008835,-0.00205746314629,-0.00444498196459,0.000405422020415,9.48887542334e-05,0.000163699179298,9.48888332963e-05,0.000405422930143,841.083039752,12.03404549,-0.287110032529,32.8553395322,819.974635677,3.35944605467e-11,1.13333008343e-19,1.8838526337e-05,1.54276126147e-06,1.19234924429e-07,-2.19681717738,5.67155493139,4.12247551679,5.67155043337,-2.19682981217,-13.0968357952,-13.0968574182,0.728280010699,0.74779155662,0.743971164942,0.747791545578,0.728279979203,-2.29048428711,5.50283201195,3.93747720508,5.50282754523,-2.29049689377,0.72859361987,0.747927688863,0.744065345204,0.747927677891,0.728593588438,0.000409612181993,9.4744064427e-05,0.000163519558186,9.47441434858e-05,0.000409613114946,-2.38082253593,5.34059149411,3.76034666184,5.34058705807,-2.38083511477,0.728904734605,0.748068411908,0.74416744544,0.748068401006,0.728904703238
7.3,0.0365,0.133225,0,-2.16567045033,5.72769821157,4.18409414143,5.72769370318,-2.16568309442,-13.0929010706,-13.0929226903,1,1,0.624511558772,1,1,0.728176406779,0.74774702806,0.743940730119,0.747747016994,0.728176375261,0.000410977074666,9.46949094407e-05,0.000163457884094,9.46949884974e-05,0.000410978015412,0.000410977074666,9.46949094407e-05,0.000163457884094,9.46949884974e-05,0.000410978015412,0.000211238471576,4.23055835841e-05,7.32506803837e-05,4.23056164191e-05,0.000211239049622,0.000976888696615,0.000225088921894,0.000388537875194,0.000225089109811,0.00097689093276,3.05144518601,3.05478978917,3.05401349396,3.05478978829,3.05144517608,0.00121415490801,0.00119664154319,0.00119996602192,0.00119664155294,0.00121415493664,0.3916,0.3916,0.3916,0.3916,0.3916,0,0,0,0,0,0.0090537689864,0.00415326320749,0.00312692125923,0.00415326521513,0.00905377117368,1.26938557985,2.27568997299,2.47810294681,2.27568953805,1.26938518351,-0.00444498105473,-0.00205746215845,-0.00153039008835,-0.00205746314629,-0.00444498196459,0.000405422020415,9.48887542334e-05,0.000163699179298,9.48888332963e-05,0.000405422930143,843.973359476,12.1183927506,-0.28817074634,32.9945111483,822.809070332,3.42765815731e-11,1.10673324888e-19,1.88487093307e-05,1.55338265015e-06,1.19673319441e-07,-2.16567045033,5.72769821157,4.18409414143,5.72769370318,-2.16568309442,-13.0929010706,-13.0929226903,0.728176406779,0.74774702806,0.743940730119,0.747747016994,0.728176375261,-2.29048428711,5.50283201195,3.93747720508,5.50282754523,-2.29049689377,0.72859361987,0.747927688863,0.744065345204,0.747927677891,0.728593588438,0.000410977074666,9.46949094407e-05,0.000163457884094,9.46949884974e-05,0.000410978015412,-2.38082253593,5.34059149411,3.76034666184,5.34058705807,-2.38083511477,0.728904734605,0.748068411908,0.74416744544,0.748068401006,0.728904703238
7.325,0.036625,0.1341390625,0,-2.13456132298,5.78379281207,4.24568878703,5.78378829334,-2.13457397633,-13.0889565287,-13.0889781453,1,1,0.624511558772,1,1,0.728073263736,0.747702918383,0.743910768061,0.747702907293,0.728073232196,0.000412325928126,9.46452938741e-05,0.000163395312122,9.46453729284e-05,0.00041232687669,0.000412325928126,9.46452938741e-05,0.000163395312122,9.46453729284e-05,0.00041232687669,0.000212296820703,4.22834174981e-05,7.32226398914e-05,4.22834503334e-05,0.000212297405043,0.000980094908784,0.000224970986152,0.000388389142197,0.000224971174063,0.000980097163514,3.05216296097,3.0555365957,3.05475849474,3.05553659481,3.05216295092,0.00121825875749,0.00120063379354,0.00120395668543,0.00120063380334,0.00121825878623,0.3916,0.3916,0.3916,0.3916,0.3916,0,0,0,0,0,0.0090537689864,0.00415326320749,0.00312692125923,0.00415326521513,0.00905377117368,1.26938557985,2.27568997299,2.47810294681,2.27568953805,1.26938518351,-0.00444498105473,-0.00205746215845,-0.00153039008835,-0.00205746314629,-0.00444498196459,0.000405422020415,9.48887542334e-05,0.000163699179298,9.48888332963e-05,0.000405422930143,846.8636792,12.203036813,-0.289232295636,33.1338383101,825.643645407,3.38999939231e-11,1.10571680935e-19,1.8858928541e-05,1.56404047585e-06,1.20111934875e-07,-2.13456132298,5.78379281207,4.24568878703,5.78378829334,-2.13457397633,-13.0889565287,-13.0889781453,0.728073263736,0.747702918383,0.743910768061,0.747702907293,0.728073232196,-2.29048428711,5.50283201195,3.93747720508,5.50282754523,-2.29049689377,0.72859361987,0.747927688863,0.744065345204,0.747927677891,0.728593588438,0.000412325928126,9.46452938741e-05,0.000163395312122,9.46453729284e-05,0.00041232687669,-2.38082253593,5.34059149411,3.76034666184,5.34058705807,-2.38083511477,0.728904734605,0.748068411908,0.74416744544,0.748068401006,0.728904703238
7.35,0.03675,0.13505625,0,-2.10348966311,5.83983883207,4.30725931203,5.83983430304,-2.10350232568,-13.0850021866,-13.0850237998,1,1,0.624511558772,1,1,0.727970578409,0.747659224315,0.74388127491,0.747659213202,0.727970546848,0.000413658667905,9.45952189018e-05,0.000163331843682,9.45952979534e-05,0.000413659624315,0.000413658667905,9.45952189018e-05,0.000163331843682,9.45952979534e-05,0.000413659624315,0.000213348033013,4.22610461696e-05,7.31941976633e-05,4.22610790051e-05,0.000213348623697,0.000983262818886,0.000224851958407,0.000388238278303,0.000224852146312,0.000983265092262,3.05288461265,3.05628715891,3.05550728955,3.05628715803,3.05288460248,0.0012223623458,0.00120462547792,0.0012079466502,0.00120462548777,0.00122236237466,0.3916,0.3916,0.3916,0.3916,0.3916,0,0,0,0,0,0.0090537689864,0.00415326320749,0.00312692125923,0.00415326521513,0.00905377117368,1.26938557985,2.27568997299,2.47810294681,2.27568953805,1.26938518351,-0.00444498105473,-0.00205746215845,-0.00153039008835,-0.00205746314629,-0.00444498196459,0.000405422020415,9.48887542334e-05,0.000163699179298,9.48888332963e-05,0.000405422930143,849.753998924,12.2879776772,-0.290294688152,33.2733208301,828.478361083,3.41771055901e-11,1.12723144621e-19,1.8869183967e-05,1.57473473856e-06,1.2055077152e-07,-2.10348966311,5.83983883207,4.30725931203,5.83983430304,-2.10350232568,-13.0850021866,-13.0850237998,0.727970578409,0.747659224315,0.74388127491,0.747659213202,0.727970546848,-2.29048428711,5.50283201195,3.93747720508,5.50282754523,-2.29049689377,0.72859361987,0.747927688863,0.744065345204,0.747927677891,0.728593588438,0.000413658667905,9.45952189018e-05,0.000163331843682,9.45952979534e-05,0.000413659624315,-2.38082253593,5.34059149411,3.76034666184,5.34058705807,-2.38083511477,0.728904734605,0.748068411908,0.74416744544,0.748068401006,0.728904703238
7.375,0.036875,0.1359765625,0,-2.07245533907,5.89583637018,4.36880557619,5.89583183088,-2.07246801082,-13.0810380606,-13.0810596707,1,1,0.624511558772,1,1,0.727868347671,0.747615942617,0.743852246846,0.747615931481,0.727868316088,0.00041497521998,9.45446857033e-05,0.000163267480203,9.45447647519e-05,0.000414976184259,0.00041497521998,9.45446857033e-05,0.000163267480203,9.45447647519e-05,0.000414976184259,0.000214391915919,4.22384701255e-05,7.31653543397e-05,4.22385029609e-05,0.000214392512998,0.000986392250962,0.000224731841463,0.000388085286909,0.00022473202936,0.000986394543045,3.05361012601,3.05704146028,3.05625985891,3.05704145939,3.05361011571,0.00122646567408,0.00120861659795,0.00121193591797,0.00120861660786,0.00122646570306,0.3916,0.3916,0.3916,0.3916,0.3916,0,0,0,0,0,0.0090537689864,0.00415326320749,0.00312692125923,0.00415326521513,0.00905377117368,1.26938557985,2.27568997299,2.47810294681,2.27568953805,1.26938518351,-0.00444498105473,-0.00205746215845,-0.00153039008835,-0.00205746314629,-0.00444498196459,0.000405422020415,9.48887542334e-05,0.000163699179298,9.48888332963e-05,0.000405422930143,852.644318649,12.3732153429,-0.291357931644,33.4129585217,831.313217538,3.42410544363e-11,1.19058951066e-19,1.88794756081e-05,1.58546543828e-06,1.20989830166e-07,-2.07245533907,5.89583637018,4.36880557619,5.89583183088,-2.07246801082,-13.0810380606,-13.0810596707,0.727868347671,0.747615942617,0.743852246846,0.747615931481,0.727868316088,-2.29048428711,5.50283201195,3.93747720508,5.50282754523,-2.29049689377,0.72859361987,0.747927688863,0.744065345204,0.747927677891,0.728593588438,0.00041497521998,9.45446857033e-05,0.000163267480203,9.45447647519e-05,0.000414976184259,-2.38082253593,5.34059149411,3.76034666184,5.34058705807,-2.38083511477,0.728904734605,0.748068411908,0.74416744544,0.748068401006,0.728904703238
7.4,0.037,0.1369,0,-2.04145821973,5.9517855244,4.43032744065,5.95178097486,-2.04147090063,-13.0770641676,-13.0770857745,1,1,0.624511558772,1,1,0.727766568429,0.747573070085,0.743823680088,0.747573058926,0.727766536824,0.000416275510744,9.44936954629e-05,0.000163202223129,9.44937745081e-05,0.000416276482919,0.000416275510744,9.44936954629e-05,0.000163202223129,9.44937745081e-05,0.000416276482919,0.000215428276148,4.22156898949e-05,7.31361105681e-05,4.22157227301e-05,0.000215428879673,0.000989483030054,0.000224610638134,0.000387930171451,0.000224610826024,0.000989485340906,3.05433948642,3.05779948167,3.05701618379,3.05779948078,3.054339476,0.00123056874345,0.00121260715524,0.00121592449045,0.0012126071652,0.00123056877254,0.3916,0.3916,0.3916,0.3916,0.3916,0,0,0,0,0,0.00873673748383,0.00385776867583,0.00279215025534,0.00385777062839,0.00873673964937,1.25684347894,2.25971956867,2.47100794209,2.25971914448,1.25684309559,-0.00428427267914,-0.00190979470247,-0.00136310498159,-0.00190979566278,-0.00428427356551,0.000416275510744,9.44936954629e-05,0.000163202223129,9.44937745081e-05,0.000416276482919,855.534638373,12.4587498097,-0.292422033891,33.5527511989,834.14821495,3.38502559316e-11,1.16704199473e-19,1.88898034634e-05,1.59623257501e-06,1.21429111596e-07,-2.04145821973,5.9517855244,4.43032744065,5.95178097486,-2.04147090063,-13.0770641676,-13.0770857745,0.727766568429,0.747573070085,0.743823680088,0.747573058926,0.727766536824,-2.04145821973,5.9517855244,4.43032744065,5.95178097486,-2.04147090063,0.727766568429,0.747573070085,0.743823680088,0.747573058926,0.727766536824,0.000416275510744,9.44936954629e-05,0.000163202223129,9.44937745081e-05,0.000416276482919,-2.13091368226,5.79067652718,4.25372242476,5.79067200756,-2.13092633626,0.728066585776,0.747703640772,0.743914295651,0.747703629681,0.728066554234
7.425,0.037125,0.1378265625,0,-2.01049817453,6.00768639216,4.49182476787,6.00768183241,-2.01051086455,-13.0730805241,-13.0731021277,1,1,0.624511558772,1,1,0.727665237624,0.747530603547,0.743795570893,0.747530592365,0.727665205998,0.000417559466995,9.44422493699e-05,0.000163136073923,9.44423284113e-05,0.000417560447092,0.000417559466995,9.44422493699e-05,0.000163136073923,9.44423284113e-05,0.000417560447092,0.000216456919746,4.2192706009e-05,7.31064670035e-05,4.21927388439e-05,0.000216457529769,0.000992534982162,0.000224488351248,0.000387772935401,0.000224488539128,0.000992537311842,3.05507267971,3.05856120541,3.05777624564,3.05856120452,3.05507266916,0.00123467155502,0.0012165971514,0.00121991236936,0.00121659716141,0.00123467158423,0.3916,0.3916,0.3916,0.3916,0.3916,0,0,0,0,0,0.00873673748383,0.00385776867583,0.00279215025534,0.00385777062839,0.00873673964937,1.25684347894,2.25971956867,2.47100794209,2.25971914448,1.25684309559,-0.00428427267914,-0.00190979470247,-0.00136310498159,-0.00190979566278,-0.00428427356551,0.000416275510744,9.44936954629e-05,0.000163202223129,9.44937745081e-05,0.000416276482919,858.424958097,12.5445810771,-0.293487002693,33.6926986763,836.983353495,3.37863070854e-11,1.09555241398e-19,1.89001675322e-05,1.60703614875e-06,1.21868616595e-07,-2.01049817453,6.00768639216,4.49182476787,6.00768183241,-2.01051086455,-13.0730805241,-13.0731021277,0.727665237624,0.747530603547,0.743795570893,0.747530592365,0.727665205998,-2.04145821973,5.9517855244,4.43032744065,5.95178097486,-2.04147090063,0.727766568429,0.747573070085,0.743823680088,0.747573058926,0.727766536824,0.000417559466995,9.44422493699e-05,0.000163136073923,9.44423284113e-05,0.000417560447092,-2.13091368226,5.79067652718,4.25372242476,5.79067200756,-2.13092633626,0.728066585776,0.747703640772,0.743914295651,0.747703629681,0.728066554234
7.45,0.03725,0.13875625,0,-1.97957507345,6.06353907033,4.55329742164,6.0635345004,-1.97958777254,-13.0690871465,-13.069108747,1,1,0.624511558772,1,1,0.727564352229,0.747488539864,0.743767915557,0.747488528659,0.727564320583,0.000418827015915,9.43903486182e-05,0.000163069034062,9.43904276555e-05,0.000418828003958,0.000418827015915,9.43903486182e-05,0.000163069034062,9.43904276555e-05,0.000418828003958,0.00021747765208,4.21695190014e-05,7.30764243079e-05,4.21695518358e-05,0.000217478268651,0.000995547934193,0.000224364983642,0.000387613582272,0.000224365171513,0.000995550282763,3.05580969209,3.05932661424,3.05854002633,3.05932661334,3.05580968141,0.00123877410989,0.00122058658801,0.00122389955642,0.00122058659808,0.00123877413921,0.3916,0.3916,0.3916,0.3916,0.3916,0,0,0,0,0,0.00873673748383,0.00385776867583,0.00279215025534,0.00385777062839,0.00873673964937,1.25684347894,2.25971956867,2.47100794209,2.25971914448,1.25684309559,-0.00428427267914,-0.00190979470247,-0.00136310498159,-0.00190979566278,-0.00428427356551,0.000416275510744,9.44936954629e-05,0.000163202223129,9.44937745081e-05,0.000416276482919,861.315277821,12.6307091446,-0.294552845874,33.8328007692,839.818633351,3.37081473845e-11,1.11418713882e-19,1.89105678136e-05,1.61787615951e-06,1.22308345942e-07,-1.97957507345,6.06353907033,4.55329742164,6.0635345004,-1.97958777254,-13.0690871465,-13.069108747,0.727564352229,0.747488539864,0.743767915557,0.747488528659,0.727564320583,-2.04145821973,5.9517855244,4.43032744065,5.95178097486,-2.04147090063,0.727766568429,0.747573070085,0.743823680088,0.747573058926,0.727766536824,0.000418827015915,9.43903486182e-05,0.000163069034062,9.43904276555e-05,0.000418828003958,-2.13091368226,5.79067652718,4.25372242476,5.79067200756,-2.13092633626,0.728066585776,0.747703640772,0.743914295651,0.747703629681,0.728066554234
7.475,0.037375,0.1396890625,0,-1.94868878701,6.11934365517,4.61474526705,6.11933907511,-1.94870149512,-13.0650840514,-13.0651056487,1,1,0.624511558772,1,1,0.727463909253,0.747446875932,0.743740710413,0.747446864704,0.727463877585,0.000420078085048,9.43379944067e-05,0.000163001105038,9.43380734396e-05,0.000420079081064,0.000420078085048,9.43379944067e-05,0.000163001105038,9.43380734396e-05,0.000420079081064,0.000218490277837,4.21461294076e-05,7.30459831504e-05,4.21461622414e-05,0.000218490901008,0.000998521713924,0.000224240538167,0.000387452115613,0.000224240726027,0.000998524081446,3.05655051019,3.06009569131,3.05930750818,3.06009569042,3.05655049938,0.00124287640915,0.00122457546667,0.00122788605333,0.0012245754768,0.00124287643859,0.3916,0.3916,0.3916,0.3916,0.3916,0,0,0,0,0,0.00873673748383,0.00385776867583,0.00279215025534,0.00385777062839,0.00873673964937,1.25684347894,2.25971956867,2.47100794209,2.25971914448,1.25684309559,-0.00428427267914,-0.00190979470247,-0.00136310498159,-0.00190979566278,-0.00428427356551,0.000416275510744,9.44936954629e-05,0.000163202223129,9.44937745081e-05,0.000416276482919,864.205597546,12.7171340112,-0.295619571281,33.9730572935,842.654054692,3.3779201658e-11,1.16958309357e-19,1.89210043069e-05,1.62875260727e-06,1.22748300417e-07,-1.94868878701,6.11934365517,4.61474526705,6.11933907511,-1.94870149512,-13.0650840514,-13.0651056487,0.727463909253,0.747446875932,0.743740710413,0.747446864704,0.727463877585,-2.04145821973,5.9517855244,4.43032744065,5.95178097486,-2.04147090063,0.727766568429,0.747573070085,0.743823680088,0.747573058926,0.727766536824,0.000420078085048,9.43379944067e-05,0.000163001105038,9.43380734396e-05,0.000420079081064,-2.13091368226,5.79067652718,4.25372242476,5.79067200756,-2.13092633626,0.728066585776,0.747703640772,0.743914295651,0.747703629681,0.728066554234
7.5,0.0375,0.140625,0,-1.91783918624,6.17510024243,4.67616817053,6.17509565226,-1.91785190335,-13.0610712552,-13.0610928492,1,1,0.624511558772,1,1,0.727363905734,0.747405608675,0.74371395183,0.747405597425,0.727363874045,0.000421312602289,9.42851879389e-05,0.000162932288362,9.42852669672e-05,0.000421313606303,0.000421312602289,9.42851879389e-05,0.000162932288362,9.42852669672e-05,0.000421313606303,0.000219494601028,4.21225377652e-05,7.30151442074e-05,4.21225705983e-05,0.00021949523085,0.00100145614996,0.000224115017682,0.000387288539011,0.000224115205532,0.00100145853649,3.05729512104,3.0608684202,3.06007867392,3.06086841931,3.0572951101,0.00124697845389,0.00122856378897,0.0012318718618,0.00122856379914,0.00124697848345,0.3916,0.3916,0.3916,0.3916,0.3916,0,0,0,0,0,0.00873673748383,0.00385776867583,0.00279215025534,0.00385777062839,0.00873673964937,1.25684347894,2.25971956867,2.47100794209,2.25971914448,1.25684309559,-0.00428427267914,-0.00190979470247,-0.00136310498159,-0.00190979566278,-0.00428427356551,0.000416275510744,9.44936954629e-05,0.000163202223129,9.44937745081e-05,0.000416276482919,867.09591727,12.8038556761,-0.296687186782,34.1134680658,845.489617693,3.40349970429e-11,1.16568674201e-19,1.89314770113e-05,1.63966549205e-06,1.23188480795e-07,-1.91783918624,6.17510024243,4.67616817053,6.17509565226,-1.91785190335,-13.0610712552,-13.0610928492,0.727363905734,0.747405608675,0.74371395183,0.747405597425,0.727363874045,-2.04145821973,5.9517855244,4.43032744065,5.95178097486,-2.04147090063,0.727766568429,0.747573070085,0.743823680088,0.747573058926,0.727766536824,0.000421312602289,9.42851879389e-05,0.000162932288362,9.42852669672e-05,0.000421313606303,-2.13091368226,5.79067652718,4.25372242476,5.79067200756,-2.13092633626,0.728066585776,0.747703640772,0.743914295651,0.747703629681,0.728066554234
7.525,0.037625,0.1415640625,0,-1.88702614276,6.23080892727,4.73756599977,6.23080432702,-1.88703886883,-13.0570487742,-13.057070365,1,1,0.624511558772,1,1,0.727264338744,0.747364735054,0.743687636215,0.747364723781,0.727264307033,0.000422530495862,9.42319304233e-05,0.000162862585558,9.42320094464e-05,0.0004225315079,0.000422530495862,9.42319304233e-05,0.000162862585558,9.42320094464e-05,0.0004225315079,0.000220490424988,4.20987446142e-05,7.29839081624e-05,4.20987774464e-05,0.000220491061513,0.00100435107169,0.000223988425061,0.000387122856092,0.000223988612898,0.0010043534773,3.05804351207,3.06164478487,3.06085350673,3.06164478397,3.058043501,0.00125108024518,0.00123255155647,0.00123585698352,0.0012325515667,0.00125108027486,0.3916,0.3916,0.3916,0.3916,0.3916,0,0,0,0,0,0.00873673748383,0.00385776867583,0.00279215025534,0.00385777062839,0.00873673964937,1.25684347894,2.25971956867,2.47100794209,2.25971914448,1.25684309559,-0.00428427267914,-0.00190979470247,-0.00136310498159,-0.00190979566278,-0.00428427356551,0.000416275510744,9.44936954629e-05,0.000163202223129,9.44937745081e-05,0.000416276482919,869.986236994,12.8908741383,-0.297755700272,34.2540329032,848.325322529,3.4653169223e-11,1.14434151174e-19,1.8941985926e-05,1.65061481383e-06,1.2362888785e-07,-1.88702614276,6.23080892727,4.73756599977,6.23080432702,-1.88703886883,-13.0570487742,-13.057070365,0.727264338744,0.747364735054,0.743687636215,0.747364723781,0.727264307033,-2.04145821973,5.9517855244,4.43032744065,5.95178097486,-2.04147090063,0.727766568429,0.747573070085,0.743823680088,0.747573058926,0.727766536824,0.000422530495862,9.42319304233e-05,0.000162862585558,9.42320094464e-05,0.0004225315079,-2.13091368226,5.79067652718,4.25372242476,5.79067200756,-2.13092633626,0.728066585776,0.747703640772,0.743914295651,0.747703629681,0.728066554234
7.55,0.03775,0.14250625,0,-1.8562495287,6.28646980431,4.79893862375,6.28646519401,-1.85626226368,-13.0530166247,-13.0530382124,1,1,0.624511558772,1,1,0.727165205384,0.747324252057,0.74366176001,0.747324240762,0.727165173653,0.000423731694306,9.41782230726e-05,0.000162791998167,9.41783020903e-05,0.000423732714394,0.000423731694306,9.41782230726e-05,0.000162791998167,9.41783020903e-05,0.000423732714394,0.000221477552376,4.20747504964e-05,7.29522757057e-05,4.20747833276e-05,0.000221478195657,0.00100720630926,0.000223860763187,0.000386955070517,0.000223860951011,0.001007208734,3.0587956711,3.06242476969,3.06163199017,3.06242476879,3.0587956599,0.00125518178411,0.00123653877075,0.0012398414202,0.00123653878103,0.0012551818139,0.3916,0.3916,0.3916,0.3916,0.3916,0,0,0,0,0,0.00873673748383,0.00385776867583,0.00279215025534,0.00385777062839,0.00873673964937,1.25684347894,2.25971956867,2.47100794209,2.25971914448,1.25684309559,-0.00428427267914,-0.00190979470247,-0.00136310498159,-0.00190979566278,-0.00428427356551,0.000416275510744,9.44936954629e-05,0.000163202223129,9.44937745081e-05,0.000416276482919,872.876556718,12.9781893966,-0.298825119666,34.3947516238,851.161169371,3.5328184822e-11,1.16026573115e-19,1.89525310503e-05,1.66160057263e-06,1.24069522354e-07,-1.8562495287,6.28646980431,4.79893862375,6.28646519401,-1.85626226368,-13.0530166247,-13.0530382124,0.727165205384,0.747324252057,0.74366176001,0.747324240762,0.727165173653,-2.04145821973,5.9517855244,4.43032744065,5.95178097486,-2.04147090063,0.727766568429,0.747573070085,0.743823680088,0.747573058926,0.727766536824,0.000423731694306,9.41782230726e-05,0.000162791998167,9.41783020903e-05,0.000423732714394,-2.13091368226,5.79067652718,4.25372242476,5.79067200756,-2.13092633626,0.728066585776,0.747703640772,0.743914295651,0.747703629681,0.728066554234
7.575,0.037875,0.1434515625,0,-1.8255092167,6.3420829676,4.86028591273,6.34207834729,-1.82552196057,-13.048974823,-13.0489964075,1,1,0.624511558772,1,1,0.727066502789,0.747284156706,0.743636319693,0.747284145387,0.727066471037,0.000424916126461,9.41240671047e-05,0.000162720527745,9.41241461167e-05,0.000424917154624,0.000424916126461,9.41240671047e-05,0.000162720527745,9.41241461167e-05,0.000424917154624,0.000222455785181,4.20505559558e-05,7.29202475351e-05,4.20505887859e-05,0.000222456435269,0.00101002169351,0.000223732034953,0.000386785185988,0.000223732222764,0.00101002413745,3.05955158635,3.0632083594,3.06241410823,3.06320835849,3.05955157501,0.00125928307173,0.00124052543336,0.00124382517351,0.0012405254437,0.00125928310163,0.3916,0.3916,0.3916,0.3916,0.3916,0,0,0,0,0,0.00873673748383,0.00385776867583,0.00279215025534,0.00385777062839,0.00873673964937,1.25684347894,2.25971956867,2.47100794209,2.25971914448,1.25684309559,-0.00428427267914,-0.00190979470247,-0.00136310498159,-0.00190979566278,-0.00428427356551,0.000416275510744,9.44936954629e-05,0.000163202223129,9.44937745081e-05,0.000416276482919,875.766876442,13.0658014496,-0.299895452903,34.5356240458,853.997158393,3.56621399078e-11,1.13959812724e-19,1.89631123834e-05,1.67262276844e-06,1.24510385076e-07,-1.8255092167,6.3420829676,4.86028591273,6.34207834729,-1.82552196057,-13.048974823,-13.0489964075,0.727066502789,0.747284156706,0.743636319693,0.747284145387,0.727066471037,-2.04145821973,5.9517855244,4.43032744065,5.95178097486,-2.04147090063,0.727766568429,0.747573070085,0.743823680088,0.747573058926,0.727766536824,0.000424916126461,9.41240671047e-05,0.000162720527745,9.41241461167e-05,0.000424917154624,-2.13091368226,5.79067652718,4.25372242476,5.79067200756,-2.13092633626,0.728066585776,0.747703640772,0.743914295651,0.747703629681,0.728066554234
7.6,0.038,0.1444,0,-1.79480507998,6.39764851069,4.92160773823,6.3976438804,-1.79481783269,-13.0449233854,-13.0449449666,1,1,0.624511558772,1,1,0.726968228123,0.74724444605,0.743611311778,0.747244434709,0.72696819635,0.000426083721449,9.40694637417e-05,0.000162648175865,9.40695427476e-05,0.000426084757713,0.000426083721449,9.40694637417e-05,0.000162648175865,9.40695427476e-05,0.000426084757713,0.000223424924715,4.20261615385e-05,7.2887824355e-05,4.20261943673e-05,0.000223425581662,0.00101279705598,0.000223602243265,0.000386613206241,0.000223602431062,0.00101279951917,3.06031124638,3.06399553913,3.0631998453,3.06399553823,3.06031123491,0.0012633841091,0.00124451154588,0.00124780824515,0.00124451155627,0.00126338413912,0.3916,0.3916,0.3916,0.3916,0.3916,0,0,0,0,0,0.00843715094006,0.00358068653515,0.00247900898867,0.00358068843378,0.00843715308622,1.24465189878,2.24401766871,2.46352068846,2.24401725509,1.244651528,-0.00413249795054,-0.00177133933551,-0.00120664627699,-0.00177134026886,-0.00413249881428,0.000426083721449,9.40694637417e-05,0.000162648175865,9.40695427476e-05,0.000426084757713,878.657196167,13.1537102961,-0.300966707948,34.6766499885,856.833289766,3.59321461474e-11,1.17127715946e-19,1.89737299245e-05,1.68368140125e-06,1.24951476784e-07,-1.79480507998,6.39764851069,4.92160773823,6.3976438804,-1.79481783269,-13.0449233854,-13.0449449666,0.726968228123,0.74724444605,0.743611311778,0.747244434709,0.72696819635,-1.79480507998,6.39764851069,4.92160773823,6.3976438804,-1.79481783269,0.726968228123,0.74724444605,0.743611311778,0.747244434709,0.72696819635,0.000426083721449,9.40694637417e-05,0.000162648175865,9.40695427476e-05,0.000426084757713,-1.88340234564,6.23765243292,4.74555508101,6.2376478318,-1.88341507233,0.727257752057,0.747365488465,0.74369117746,0.74736547719,0.727257720345
7.625,0.038125,0.1453515625,0,-1.76413699226,6.45316652655,4.98290397302,6.45316188631,-1.76414975378,-13.0408623278,-13.0408839059,1,1,0.624511558772,1,1,0.726870378581,0.747205117172,0.743586732812,0.747205105809,0.726870346787,0.00042723440866,9.40144142106e-05,0.000162574944115,9.40144932101e-05,0.00042723545305,0.00042723440866,9.40144142106e-05,0.000162574944115,9.40144932101e-05,0.00042723545305,0.000224384771618,4.20015677927e-05,7.28550068769e-05,4.200160062e-05,0.000224385435478,0.00101553222881,0.00022347139104,0.000386439135049,0.000223471578821,0.00101553471131,3.06107464017,3.06478629439,3.06398918615,3.06478629349,3.06107462856,0.00126748489727,0.00124849710985,0.0012517906368,0.00124849712029,0.00126748492741,0.3916,0.3916,0.3916,0.3916,0.3916,0,0,0,0,0,0.00843715094006,0.00358068653515,0.00247900898867,0.00358068843378,0.00843715308622,1.24465189878,2.24401766871,2.46352068846,2.24401725509,1.244651528,-0.00413249795054,-0.00177133933551,-0.00120664627699,-0.00177134026886,-0.00413249881428,0.000426083721449,9.40694637417e-05,0.000162648175865,9.40695427476e-05,0.000426084757713,881.547515891,13.2419159342,-0.302038892787,34.8178292717,859.669563661,3.60600438398e-11,1.16382326953e-19,1.89843836728e-05,1.69477647108e-06,1.25392798243e-07,-1.76413699226,6.45316652655,4.98290397302,6.45316188631,-1.76414975378,-13.0408623278,-13.0408839059,0.726870378581,0.747205117172,0.743586732812,0.747205105809,0.726870346787,-1.79480507998,6.39764851069,4.92160773823,6.3976438804,-1.79481783269,0.726968228123,0.74724444605,0.743611311778,0.747244434709,0.72696819635,0.00042723440866,9.40144142106e-05,0.000162574944115,9.40144932101e-05,0.00042723545305,-1.88340234564,6.23765243292,4.74555508101,6.2376478318,-1.88341507233,0.727257752057,0.747365488465,0.74369117746,0.74736547719,0.727257720345
7.65,0.03825,0.14630625,0,-1.73350482758,6.50863710765,5.04417449111,6.50863245749,-1.73351759787,-13.0367916666,-13.0368132415,1,1,0.624511558772,1,1,0.726772951369,0.747166167182,0.743562579377,0.747166155797,0.726772919555,0.000428368117738,9.39589197427e-05,0.000162500834098,9.39589987355e-05,0.00042836917028,0.000428368117738,9.39589197427e-05,0.000162500834098,9.39589987355e-05,0.00042836917028,0.000225335125859,4.19767752683e-05,7.28217958193e-05,4.19768080941e-05,0.000225335796684,0.00101822704478,0.000223339481205,0.000386262976224,0.00022333966897,0.00101822954666,3.06184175092,3.06558061106,3.06478211594,3.06558061015,3.06184173917,0.00127158543729,0.00125248212681,0.00125577235013,0.0012524821373,0.00127158546755,0.3916,0.3916,0.3916,0.3916,0.3916,0,0,0,0,0,0.00843715094006,0.00358068653515,0.00247900898867,0.00358068843378,0.00843715308622,1.24465189878,2.24401766871,2.46352068846,2.24401725509,1.244651528,-0.00413249795054,-0.00177133933551,-0.00120664627699,-0.00177134026886,-0.00413249881428,0.000426083721449,9.40694637417e-05,0.000162648175865,9.40695427476e-05,0.000426084757713,884.437835615,13.3304183625,-0.303112010687,34.9591617156,862.505980251,3.63726826436e-11,1.18872603818e-19,1.89950736277e-05,1.70590797792e-06,1.25834350217e-07,-1.73350482758,6.50863710765,5.04417449111,6.50863245749,-1.73351759787,-13.0367916666,-13.0368132415,0.726772951369,0.747166167182,0.743562579377,0.747166155797,0.726772919555,-1.79480507998,6.39764851069,4.92160773823,6.3976438804,-1.79481783269,0.726968228123,0.74724444605,0.743611311778,0.747244434709,0.72696819635,0.000428368117738,9.39589197427e-05,0.000162500834098,9.39589987355e-05,0.00042836917028,-1.88340234564,6.23765243292,4.74555508101,6.2376478318,-1.88341507233,0.727257752057,0.747365488465,0.74369117746,0.74736547719,0.727257720345
7.675,0.038375,0.1472640625,0,-1.70290846067,6.56406034592,5.10541916775,6.56405568588,-1.7029212397,-13.0327114176,-13.0327329894,1,1,0.624511558772,1,1,0.726675943739,0.747127593222,0.743538848089,0.747127581814,0.726675911904,0.000429484778569,9.39029815741e-05,0.000162425847431,9.39030605598e-05,0.000429485839289,0.000429484778569,9.39029815741e-05,0.000162425847431,9.39030605598e-05,0.000429485839289,0.000226275786732,4.19517845177e-05,7.27881919074e-05,4.19518173418e-05,0.000226276464575,0.00102088133722,0.000223206516696,0.000386084733614,0.000223206704444,0.00102088385854,3.06261256668,3.06637847536,3.06557862022,3.06637847445,3.0626125548,0.00127568573019,0.00125646659831,0.00125975338683,0.00125646660886,0.00127568576057,0.3916,0.3916,0.3916,0.3916,0.3916,0,0,0,0,0,0.00843715094006,0.00358068653515,0.00247900898867,0.00358068843378,0.00843715308622,1.24465189878,2.24401766871,2.46352068846,2.24401725509,1.244651528,-0.00413249795054,-0.00177133933551,-0.00120664627699,-0.00177134026886,-0.00413249881428,0.000426083721449,9.40694637417e-05,0.000162648175865,9.40695427476e-05,0.000426084757713,887.328155339,13.4192175791,-0.304186068421,35.1006471413,865.342539709,3.65503183275e-11,1.10351452368e-19,1.90057997883e-05,1.71707592178e-06,1.26276133467e-07,-1.70290846067,6.56406034592,5.10541916775,6.56405568588,-1.7029212397,-13.0327114176,-13.0327329894,0.726675943739,0.747127593222,0.743538848089,0.747127581814,0.726675911904,-1.79480507998,6.39764851069,4.92160773823,6.3976438804,-1.79481783269,0.726968228123,0.74724444605,0.743611311778,0.747244434709,0.72696819635,0.000429484778569,9.39029815741e-05,0.000162425847431,9.39030605598e-05,0.000429485839289,-1.88340234564,6.23765243292,4.74555508101,6.2376478318,-1.88341507233,0.727257752057,0.747365488465,0.74369117746,0.74736547719,0.727257720345
7.7,0.0385,0.148225,0,-1.67234776685,6.61943633277,5.1666378794,6.61943166288,-1.67236055457,-13.028621597,-13.0286431656,1,1,0.624511558772,1,1,0.726579352972,0.747089392459,0.743515535597,0.74708938103,0.726579321117,0.000430584321264,9.38466009452e-05,0.00016234998575,9.38466799234e-05,0.000430585390188,0.000430584321264,9.38466009452e-05,0.00016234998575,9.38466799234e-05,0.000430585390188,0.000227206552857,4.19265960949e-05,7.27541958735e-05,4.19266289172e-05,0.000227207237772,0.00102349494001,0.000223072500464,0.000385904411101,0.000223072688194,0.00102349748084,3.06338707773,3.06717987388,3.06637868489,3.06717987297,3.06338706571,0.00127978577702,0.00126045052589,0.00126373374856,0.00126045053649,0.00127978580751,0.3916,0.3916,0.3916,0.3916,0.3916,0,0,0,0,0,0.00843715094006,0.00358068653515,0.00247900898867,0.00358068843378,0.00843715308622,1.24465189878,2.24401766871,2.46352068846,2.24401725509,1.244651528,-0.00413249795054,-0.00177133933551,-0.00120664627699,-0.00177134026886,-0.00413249881428,0.000426083721449,9.40694637417e-05,0.000162648175865,9.40695427476e-05,0.000426084757713,890.218475064,13.5083135821,-0.305261074223,35.2422853705,868.179242201,3.63797880709e-11,1.15772463231e-19,1.90165621539e-05,1.72828030264e-06,1.26718148752e-07,-1.67234776685,6.61943633277,5.1666378794,6.61943166288,-1.67236055457,-13.028621597,-13.0286431656,0.726579352972,0.747089392459,0.743515535597,0.74708938103,0.726579321117,-1.79480507998,6.39764851069,4.92160773823,6.3976438804,-1.79481783269,0.726968228123,0.74724444605,0.743611311778,0.747244434709,0.72696819635,0.000430584321264,9.38466009452e-05,0.00016234998575,9.38466799234e-05,0.000430585390188,-1.88340234564,6.23765243292,4.74555508101,6.2376478318,-1.88341507233,0.727257752057,0.747365488465,0.74369117746,0.74736547719,0.727257720345
7.725,0.038625,0.1491890625,0,-1.64182262195,6.67476515911,5.22783050375,6.67476047938,-1.64183541833,-13.0245222206,-13.0245437861,1,1,0.624511558772,1,1,0.726483176381,0.747051562092,0.743492638583,0.747051550641,0.726483144505,0.000431666676148,9.37897791008e-05,0.000162273250703,9.37898580713e-05,0.000431667753301,0.000431666676148,9.37897791008e-05,0.000162273250703,9.37898580713e-05,0.000431667753301,0.000228127222181,4.19012105563e-05,7.27198084566e-05,4.19012433765e-05,0.000228127914221,0.00102606768754,0.000222937435467,0.000385722012605,0.000222937623179,0.00102607024792,3.0641652747,3.06798479355,3.06718229622,3.06798479264,3.06416526254,0.0012838855788,0.00126443391108,0.00126771343699,0.00126443392173,0.00128388560941,0.3916,0.3916,0.3916,0.3916,0.3916,0,0,0,0,0,0.00843715094006,0.00358068653515,0.00247900898867,0.00358068843378,0.00843715308622,1.24465189878,2.24401766871,2.46352068846,2.24401725509,1.244651528,-0.00413249795054,-0.00177133933551,-0.00120664627699,-0.00177134026886,-0.00413249881428,0.000426083721449,9.40694637417e-05,0.000162648175865,9.40695427476e-05,0.000426084757713,893.108794788,13.5977063694,-0.306337036352,35.3840762254,871.016087895,3.67421648662e-11,1.13671821522e-19,1.90273607237e-05,1.73952112051e-06,1.27160396828e-07,-1.64182262195,6.67476515911,5.22783050375,6.67476047938,-1.64183541833,-13.0245222206,-13.0245437861,0.726483176381,0.747051562092,0.743492638583,0.747051550641,0.726483144505,-1.79480507998,6.39764851069,4.92160773823,6.3976438804,-1.79481783269,0.726968228123,0.74724444605,0.743611311778,0.747244434709,0.72696819635,0.000431666676148,9.37897791008e-05,0.000162273250703,9.37898580713e-05,0.000431667753301,-1.88340234564,6.23765243292,4.74555508101,6.2376478318,-1.88341507233,0.727257752057,0.747365488465,0.74369117746,0.74736547719,0.727257720345
7.75,0.03875,0.15015625,0,-1.61133290232,6.7300469153,5.28899691968,6.73004222579,-1.61134570733,-13.0204133044,-13.0204348667,1,1,0.624511558772,1,1,0.726387411308,0.747014099347,0.743470153762,0.747014087874,0.726387379411,0.000432731773744,9.37325172904e-05,0.000162195643954,9.37325962528e-05,0.000432732859152,0.000432731773744,9.37325172904e-05,0.000162195643954,9.37325962528e-05,0.000432732859152,0.000229037591976,4.18756284598e-05,7.26850304025e-05,4.1875661278e-05,0.000229038291194,0.00102859941465,0.000222801324674,0.000385537542083,0.000222801512367,0.00102860199466,3.06494714855,3.06879322166,3.06798944086,3.06879322075,3.06494713625,0.00128798513654,0.0012684167554,0.0012716924538,0.0012684167661,0.00128798516727,0.3916,0.3916,0.3916,0.3916,0.3916,0,0,0,0,0,0.00843715094006,0.00358068653515,0.00247900898867,0.00358068843378,0.00843715308622,1.24465189878,2.24401766871,2.46352068846,2.24401725509,1.244651528,-0.00413249795054,-0.00177133933551,-0.00120664627699,-0.00177134026886,-0.00413249881428,0.000426083721449,9.40694637417e-05,0.000162648175865,9.40695427476e-05,0.000426084757713,895.999114512,13.6873959387,-0.307413963096,35.5260195289,873.853076959,3.67919028577e-11,1.12045518263e-19,1.90381954969e-05,1.7507983754e-06,1.27602878452e-07,-1.61133290232,6.7300469153,5.28899691968,6.73004222579,-1.61134570733,-13.0204133044,-13.0204348667,0.726387411308,0.747014099347,0.743470153762,0.747014087874,0.726387379411,-1.79480507998,6.39764851069,4.92160773823,6.3976438804,-1.79481783269,0.726968228123,0.74724444605,0.743611311778,0.747244434709,0.72696819635,0.000432731773744,9.37325172904e-05,0.000162195643954,9.37325962528e-05,0.000432732859152,-1.88340234564,6.23765243292,4.74555508101,6.2376478318,-1.88341507233,0.727257752057,0.747365488465,0.74369117746,0.74736547719,0.727257720345
7.775,0.038875,0.1511265625,0,-1.58087848485,6.78528169123,5.35013700726,6.78527699196,-1.58089129845,-13.0162948643,-13.0163164235,1,1,0.624511558772,1,1,0.726292055119,0.746977001478,0.74344807788,0.746976989983,0.726292023202,0.000433779544765,9.36748167676e-05,0.000162117167184,9.36748957216e-05,0.000433780638453,0.000433779544765,9.36748167676e-05,0.000162117167184,9.36748957216e-05,0.000433780638453,0.000229937458835,4.18498503657e-05,7.26498624638e-05,4.18498831816e-05,0.000229938165286,0.00103108995665,0.000222664171066,0.000385351003527,0.000222664358739,0.00103109255634,3.0657326906,3.06960514581,3.06880010578,3.06960514489,3.06573267815,0.00129208445128,0.00127239906037,0.00127567080063,0.00127239907113,0.00129208448212,0.3916,0.3916,0.3916,0.3916,0.3916,0,0,0,0,0,0.00843715094006,0.00358068653515,0.00247900898867,0.00358068843378,0.00843715308622,1.24465189878,2.24401766871,2.46352068846,2.24401725509,1.244651528,-0.00413249795054,-0.00177133933551,-0.00120664627699,-0.00177134026886,-0.00413249881428,0.000426083721449,9.40694637417e-05,0.000162648175865,9.40695427476e-05,0.000426084757713,898.889434236,13.7773822879,-0.308491862769,35.6681151045,876.690209557,3.73390207642e-11,1.1177446772e-19,1.90490664729e-05,1.76211206729e-06,1.28045594379e-07,-1.58087848485,6.78528169123,5.35013700726,6.78527699196,-1.58089129845,-13.0162948643,-13.0163164235,0.726292055119,0.746977001478,0.74344807788,0.746976989983,0.726292023202,-1.79480507998,6.39764851069,4.92160773823,6.3976438804,-1.79481783269,0.726968228123,0.74724444605,0.743611311778,0.747244434709,0.72696819635,0.000433779544765,9.36748167676e-05,0.000162117167184,9.36748957216e-05,0.000433780638453,-1.88340234564,6.23765243292,4.74555508101,6.2376478318,-1.88341507233,0.727257752057,0.747365488465,0.74369117746,0.74736547719,0.727257720345
7.8,0.039,0.1521,0,-1.55045924691,6.84046957628,5.41125064774,6.84046486728,-1.55047206907,-13.012166916,-13.012188472,1,1,0.624511558772,1,1,0.726197105211,0.746940265766,0.743426407716,0.746940254249,0.726197073274,0.000434809920098,9.36166787906e-05,0.000162037822085,9.36167577358e-05,0.000434811022092,0.000434809920098,9.36166787906e-05,0.000162037822085,9.36167577358e-05,0.000434811022092,0.000230826618674,4.1823876836e-05,7.26143053997e-05,4.18239096495e-05,0.000230827332411,0.00103353914927,0.000222525977634,0.000385162400963,0.000222526165286,0.0010335417687,3.0665218925,3.07042055393,3.06961427831,3.07042055302,3.06652187991,0.00129618352401,0.00127638082752,0.00127964847916,0.00127638083833,0.00129618355497,0.3916,0.3916,0.3916,0.3916,0.3916,0,0,0,0,0,0.00815346500357,0.00332049562144,0.00218576149284,0.00332049746727,0.00815346713267,1.23279923055,2.2285709679,2.45566969673,2.22857056464,1.23279887196,-0.00398889211389,-0.00164133535036,-0.00106014583287,-0.00164133625732,-0.00398889295581,0.000434809920098,9.36166787906e-05,0.000162037822085,9.36167577358e-05,0.000434811022092,901.779753961,13.8676654145,-0.309570743712,35.8103627762,879.527485855,3.74384967472e-11,1.10893553455e-19,1.90599736508e-05,1.7734621962e-06,1.2848854536e-07,-1.55045924691,6.84046957628,5.41125064774,6.84046486728,-1.55047206907,-13.012166916,-13.012188472,0.726197105211,0.746940265766,0.743426407716,0.746940254249,0.726197073274,-1.55045924691,6.84046957628,5.41125064774,6.84046486728,-1.55047206907,0.726197105211,0.746940265766,0.743426407716,0.746940254249,0.726197073274,0.000434809920098,9.36166787906e-05,0.000162037822085,9.36167577358e-05,0.000434811022092,-1.63822209489,6.68156870249,5.2357752015,6.68156402192,-1.63823489188,0.726476688684,0.747052353253,0.743496200263,0.7470523418,0.726476656807
7.825,0.039125,0.1530765625,0,-1.52007506643,6.89561065933,5.47233772357,6.89560594063,-1.5200878971,-13.0080294753,-13.0080510282,1,1,0.624511558772,1,1,0.726102559008,0.74690388952,0.743405140079,0.746903877981,0.726102527051,0.000435822830793,9.35581046218e-05,0.000161957610368,9.35581835579e-05,0.00043582394112,0.000435822830793,9.35581046218e-05,0.000161957610368,9.35581835579e-05,0.00043582394112,0.000231704866731,4.17977084346e-05,7.25783599762e-05,4.17977412456e-05,0.000231705587809,0.0010359468286,0.000222386747378,0.000384971738454,0.000222386935008,0.00103594946784,3.06731474623,3.07123943429,3.07043194611,3.07123943338,3.0673147335,0.00130028235575,0.00128036205835,0.00128362549103,0.00128036206922,0.00130028238683,0.3916,0.3916,0.3916,0.3916,0.3916,0,0,0,0,0,0.00815346500357,0.00332049562144,0.00218576149284,0.00332049746727,0.00815346713267,1.23279923055,2.2285709679,2.45566969673,2.22857056464,1.23279887196,-0.00398889211389,-0.00164133535036,-0.00106014583287,-0.00164133625732,-0.00398889295581,0.000434809920098,9.36166787906e-05,0.000162037822085,9.36167577358e-05,0.000434811022092,904.670073685,13.9582453159,-0.310650614294,35.9527623688,882.364906018,3.76800812774e-11,1.10300630391e-19,1.907091703e-05,1.78484876211e-06,1.28931732148e-07,-1.52007506643,6.89561065933,5.47233772357,6.89560594063,-1.5200878971,-13.0080294753,-13.0080510282,0.726102559008,0.74690388952,0.743405140079,0.746903877981,0.726102527051,-1.55045924691,6.84046957628,5.41125064774,6.84046486728,-1.55047206907,0.726197105211,0.746940265766,0.743426407716,0.746940254249,0.726197073274,0.000435822830793,9.35581046218e-05,0.000161957610368,9.35581835579e-05,0.00043582394112,-1.63822209489,6.68156870249,5.2357752015,6.68156402192,-1.63823489188,0.726476688684,0.747052353253,0.743496200263,0.7470523418,0.726476656807
7.85,0.03925,0.15405625,0,-1.4897258218,6.95070502877,5.53339811834,6.9507003004,-1.48973866096,-13.0038825579,-13.0039041076,1,1,0.624511558772,1,1,0.72600841396,0.746867870074,0.743384271811,0.746867858514,0.726008381982,0.000436818208052,9.3499095528e-05,0.000161876533756,9.34991744546e-05,0.000436819326737,0.000436818208052,9.3499095528e-05,0.000161876533756,9.34991744546e-05,0.000436819326737,0.000232571997564,4.17713457276e-05,7.25420269658e-05,4.1771378536e-05,0.000232572726036,0.00103831283112,0.000222246483309,0.000384779020099,0.000222246670917,0.00103831549022,3.0681112441,3.07206177547,3.0712530972,3.07206177456,3.06811123122,0.00130438094749,0.00128434275438,0.00128760183791,0.0012843427653,0.00130438097869,0.3916,0.3916,0.3916,0.3916,0.3916,0,0,0,0,0,0.00815346500357,0.00332049562144,0.00218576149284,0.00332049746727,0.00815346713267,1.23279923055,2.2285709679,2.45566969673,2.22857056464,1.23279887196,-0.00398889211389,-0.00164133535036,-0.00106014583287,-0.00164133625732,-0.00398889295581,0.000434809920098,9.36166787906e-05,0.000162037822085,9.36167577358e-05,0.000434811022092,907.560393409,14.0491219895,-0.311731482911,36.0953137076,885.202470208,3.80424580726e-11,1.08623505156e-19,1.90818966095e-05,1.79627176504e-06,1.29375155492e-07,-1.4897258218,6.95070502877,5.53339811834,6.9507003004,-1.48973866096,-13.0038825579,-13.0039041076,0.72600841396,0.746867870074,0.743384271811,0.746867858514,0.726008381982,-1.55045924691,6.84046957628,5.41125064774,6.84046486728,-1.55047206907,0.726197105211,0.746940265766,0.743426407716,0.746940254249,0.726197073274,0.000436818208052,9.3499095528e-05,0.000161876533756,9.34991744546e-05,0.000436819326737,-1.63822209489,6.68156870249,5.2357752015,6.68156402192,-1.63823489188,0.726476688684,0.747052353253,0.743496200263,0.7470523418,0.726476656807
7.875,0.039375,0.1550390625,0,-1.45941139196,7.00575277249,5.5944317168,7.00574803448,-1.45942423957,-12.9997261795,-12.9997477261,1,1,0.624511558772,1,1,0.725914667542,0.74683220479,0.743363799783,0.746832193209,0.725914635544,0.000437795983217,9.343965278e-05,0.000161794593988,9.34397316969e-05,0.000437797110285,0.000437795983217,9.343965278e-05,0.000161794593988,9.34397316969e-05,0.000437797110285,0.000233427805049,4.17447892827e-05,7.2505307148e-05,4.17448220883e-05,0.000233428540971,0.00104063699362,0.000222105188448,0.000384584250031,0.000222105376033,0.00104063967265,3.06891137873,3.07288756636,3.07207771988,3.07288756544,3.0689113657,0.00130847930024,0.00128832291709,0.00129157752144,0.00128832292807,0.00130847933155,0.3916,0.3916,0.3916,0.3916,0.3916,0,0,0,0,0,0.00815346500357,0.00332049562144,0.00218576149284,0.00332049746727,0.00815346713267,1.23279923055,2.2285709679,2.45566969673,2.22857056464,1.23279887196,-0.00398889211389,-0.00164133535036,-0.00106014583287,-0.00164133625732,-0.00398889295581,0.000434809920098,9.36166787906e-05,0.000162037822085,9.36167577358e-05,0.000434811022092,910.450713133,14.1402954326,-0.312813357987,36.2380166185,888.040178589,3.82129883292e-11,1.16788902767e-19,1.90929123888e-05,1.80773120498e-06,1.29818816141e-07,-1.45941139196,7.00575277249,5.5944317168,7.00574803448,-1.45942423957,-12.9997261795,-12.9997477261,0.725914667542,0.74683220479,0.743363799783,0.746832193209,0.725914635544,-1.55045924691,6.84046957628,5.41125064774,6.84046486728,-1.55047206907,0.726197105211,0.746940265766,0.743426407716,0.746940254249,0.726197073274,0.000437795983217,9.343965278e-05,0.000161794593988,9.34397316969e-05,0.000437797110285,-1.63822209489,6.68156870249,5.2357752015,6.68156402192,-1.63823489188,0.726476688684,0.747052353253,0.743496200263,0.7470523418,0.726476656807
7.9,0.0395,0.156025,0,-1.42913165635,7.06075397791,5.65543840485,7.0607492303,-1.42914451237,-12.9955603557,-12.9955818991,1,1,0.624511558772,1,1,0.725821317258,0.746796891057,0.743343720896,0.746796879453,0.725821285241,0.000438756087759,9.33797776531e-05,0.000161711792818,9.33798565599e-05,0.000438757223236,0.000438756087759,9.33797776531e-05,0.000161711792818,9.33798565599e-05,0.000438757223236,0.000234272082382,4.17180396697e-05,7.24682013083e-05,4.17180724723e-05,0.000234272825808,0.00104291915322,0.000221962865826,0.000384387432417,0.000221963053387,0.00104292185224,3.06971514307,3.07371679614,3.07290580281,3.07371679522,3.06971512989,0.00131257741498,0.00129230254801,0.00129555254327,0.00129230255904,0.00131257744641,0.3916,0.3916,0.3916,0.3916,0.3916,0,0,0,0,0,0.00815346500357,0.00332049562144,0.00218576149284,0.00332049746727,0.00815346713267,1.23279923055,2.2285709679,2.45566969673,2.22857056464,1.23279887196,-0.00398889211389,-0.00164133535036,-0.00106014583287,-0.00164133625732,-0.00398889295581,0.000434809920098,9.36166787906e-05,0.000162037822085,9.36167577358e-05,0.000434811022092,913.341032857,14.231765642,-0.313896247973,36.3808709281,890.878031324,3.86606302527e-11,1.10605562252e-19,1.91039643671e-05,1.81922708193e-06,1.30262714841e-07,-1.42913165635,7.06075397791,5.65543840485,7.0607492303,-1.42914451237,-12.9955603557,-12.9955818991,0.725821317258,0.746796891057,0.743343720896,0.746796879453,0.725821285241,-1.55045924691,6.84046957628,5.41125064774,6.84046486728,-1.55047206907,0.726197105211,0.746940265766,0.743426407716,0.746940254249,0.726197073274,0.000438756087759,9.33797776531e-05,0.000161711792818,9.33798565599e-05,0.000438757223236,-1.63822209489,6.68156870249,5.2357752015,6.68156402192,-1.63823489188,0.726476688684,0.747052353253,0.743496200263,0.7470523418,0.726476656807
7.925,0.039625,0.1570140625,0,-1.39888649491,7.11570873198,5.71641806952,7.1157039748,-1.3988993593,-12.991385102,-12.9914066423,1,1,0.624511558772,1,1,0.725728360637,0.746761926286,0.743324032081,0.746761914661,0.725728328599,0.000439698453265,9.33194714268e-05,0.000161628132014,9.33195503231e-05,0.000439699597178,0.000439698453265,9.33194714268e-05,0.000161628132014,9.33195503231e-05,0.000439699597178,0.000235104622074,4.16910974601e-05,7.24307102393e-05,4.16911302596e-05,0.00023510537306,0.00104515914729,0.000221819518485,0.000384188571462,0.000221819706021,0.00104516186636,3.07052253036,3.07454945432,3.07373733493,3.07454945339,3.07052251704,0.0013166752927,0.0012962816486,0.00129952690504,0.00129628165969,0.00131667532425,0.3916,0.3916,0.3916,0.3916,0.3916,0,0,0,0,0,0.00815346500357,0.00332049562144,0.00218576149284,0.00332049746727,0.00815346713267,1.23279923055,2.2285709679,2.45566969673,2.22857056464,1.23279887196,-0.00398889211389,-0.00164133535036,-0.00106014583287,-0.00164133625732,-0.00398889295581,0.000434809920098,9.36166787906e-05,0.000162037822085,9.36167577358e-05,0.000434811022092,916.231352582,14.323532615,-0.314980161349,36.5238764634,893.716028572,3.87601062357e-11,1.13908990747e-19,1.91150525436e-05,1.83075939589e-06,1.30706852339e-07,-1.39888649491,7.11570873198,5.71641806952,7.1157039748,-1.3988993593,-12.991385102,-12.9914066423,0.725728360637,0.746761926286,0.743324032081,0.746761914661,0.725728328599,-1.55045924691,6.84046957628,5.41125064774,6.84046486728,-1.55047206907,0.726197105211,0.746940265766,0.743426407716,0.746940254249,0.726197073274,0.000439698453265,9.33194714268e-05,0.000161628132014,9.33195503231e-05,0.000439699597178,-1.63822209489,6.68156870249,5.2357752015,6.68156402192,-1.63823489188,0.726476688684,0.747052353253,0.743496200263,0.7470523418,0.726476656807
7.95,0.03975,0.15800625,0,-1.36867578809,7.17061712116,5.77737059898,7.17061235444,-1.36868866082,-12.9872004339,-12.9872219711,1,1,0.624511558772,1,1,0.725635795233,0.746727307917,0.7433047303,0.746727296271,0.725635763175,0.000440623011431,9.32587353845e-05,0.000161543613358,9.32588142701e-05,0.000440624163805,0.000440623011431,9.32587353845e-05,0.000161543613358,9.32588142701e-05,0.000440624163805,0.000235925215956,4.16639632273e-05,7.23928347397e-05,4.16639960236e-05,0.000235925974557,0.00104735681348,0.000221675149476,0.000383987671401,0.000221675336986,0.00104735955266,3.07133353417,3.07538553067,3.07457230552,3.07538552974,3.0713335207,0.00132077293438,0.00130026022038,0.0013035006084,0.00130026023151,0.00132077296605,0.3916,0.3916,0.3916,0.3916,0.3916,0,0,0,0,0,0.00815346500357,0.00332049562144,0.00218576149284,0.00332049746727,0.00815346713267,1.23279923055,2.2285709679,2.45566969673,2.22857056464,1.23279887196,-0.00398889211389,-0.00164133535036,-0.00106014583287,-0.00164133625732,-0.00398889295581,0.000434809920098,9.36166787906e-05,0.000162037822085,9.36167577358e-05,0.000434811022092,919.121672306,14.4155963483,-0.316065106622,36.6670330523,896.554170495,3.89377419197e-11,1.16297623658e-19,1.91261769175e-05,1.84232814686e-06,1.31151229379e-07,-1.36867578809,7.17061712116,5.77737059898,7.17061235444,-1.36868866082,-12.9872004339,-12.9872219711,0.725635795233,0.746727307917,0.7433047303,0.746727296271,0.725635763175,-1.55045924691,6.84046957628,5.41125064774,6.84046486728,-1.55047206907,0.726197105211,0.746940265766,0.743426407716,0.746940254249,0.726197073274,0.000440623011431,9.32587353845e-05,0.000161543613358,9.32588142701e-05,0.000440624163805,-1.63822209489,6.68156870249,5.2357752015,6.68156402192,-1.63823489188,0.726476688684,0.747052353253,0.743496200263,0.7470523418,0.726476656807
7.975,0.039875,0.1590015625,0,-1.33849941683,7.22547923146,5.83829588249,7.22547445522,-1.33851229786,-12.983006367,-12.9830279011,1,1,0.624511558772,1,1,0.725543618624,0.746693033415,0.743285812541,0.746693021747,0.725543586546,0.00044152969405,9.3197570814e-05,0.000161458238648,9.31976496885e-05,0.000441530854911,0.00044152969405,9.3197570814e-05,0.000161458238648,9.31976496885e-05,0.000441530854911,0.00023673365517,4.16366375467e-05,7.23545756149e-05,4.16366703397e-05,0.000236734421441,0.00104951198966,0.000221529761859,0.000383784736507,0.000221529949343,0.00104951474901,3.07214814836,3.07622501527,3.07541070413,3.07622501435,3.07214813473,0.001324870341,0.00130423826481,0.00130747365498,0.001304238276,0.00132487037279,0.3916,0.3916,0.3916,0.3916,0.3916,0,0,0,0,0,0.00815346500357,0.00332049562144,0.00218576149284,0.00332049746727,0.00815346713267,1.23279923055,2.2285709679,2.45566969673,2.22857056464,1.23279887196,-0.00398889211389,-0.00164133535036,-0.00106014583287,-0.00164133625732,-0.00398889295581,0.000434809920098,9.36166787906e-05,0.000162037822085,9.36167577358e-05,0.000434811022092,922.01199203,14.5079568388,-0.317151092326,36.810340523,899.392457254,3.9143799313e-11,1.15094836873e-19,1.91373374881e-05,1.85393333484e-06,1.31595846704e-07,-1.33849941683,7.22547923146,5.83829588249,7.22547445522,-1.33851229786,-12.983006367,-12.9830279011,0.725543618624,0.746693033415,0.743285812541,0.746693021747,0.725543586546,-1.55045924691,6.84046957628,5.41125064774,6.84046486728,-1.55047206907,0.726197105211,0.746940265766,0.743426407716,0.746940254249,0.726197073274,0.00044152969405,9.3197570814e-05,0.000161458238648,9.31976496885e-05,0.000441530854911,-1.63822209489,6.68156870249,5.2357752015,6.68156402192,-1.63823489188,0.726476688684,0.747052353253,0.743496200263,0.7470523418,0.726476656807
8,0.04,0.16,0,-1.30835726258,7.28029514839,5.89919381047,7.28029036268,-1.30837015189,-12.9788029166,-12.9788244476,1,1,0.624511558772,1,1,0.725451828416,0.746659100266,0.743267275824,0.746659088578,0.725451796318,0.000442418432998,9.31359790072e-05,0.000161372009695,9.31360578702e-05,0.000442419602372,0.000442418432998,9.31359790072e-05,0.000161372009695,9.31360578702e-05,0.000442419602372,0.000237529730174,4.16091209954e-05,7.23159336766e-05,4.16091537849e-05,0.000237530504171,0.0010516245139,0.000221383358705,0.000383579771085,0.000221383546162,0.00105162729349,3.07296636707,3.07706789848,3.07625252064,3.07706789756,3.07296635329,0.00132896751353,0.00130821578338,0.00131144604643,0.00130821579463,0.00132896754543,0.3916,0.3916,0.3916,0.3916,0.3916,0,0,0,0,0,0.00788429501696,0.00307583227848,0.00191084522862,0.00307583407259,0.00788429713134,1.22127428348,2.21336744023,2.44748191159,2.21336704714,1.2212739367,-0.00385277004727,-0.00151910078994,-0.000922822208312,-0.00151910167107,-0.00385277086822,0.000442418432998,9.31359790072e-05,0.000161372009695,9.31360578702e-05,0.000442419602372,924.902311754,14.6006140829,-0.318238127026,36.9537987045,902.230889006,3.9143799313e-11,1.08640445815e-19,1.91485342548e-05,1.86557495984e-06,1.32040705056e-07,-1.30835726258,7.28029514839,5.89919381047,7.28029036268,-1.30837015189,-12.9788029166,-12.9788244476,0.725451828416,0.746659100266,0.743267275824,0.746659088578,0.725451796318,-1.30835726258,7.28029514839,5.89919381047,7.28029036268,-1.30837015189,0.725451828416,0.746659100266,0.743267275824,0.746659088578,0.725451796318,0.000442418432998,9.31359790072e-05,0.000161372009695,9.31360578702e-05,0.000442419602372,-1.39530868834,7.12247257074,5.72431856377,7.12246781274,-1.39532155332,0.725721978649,0.746762760628,0.743327619651,0.746762749002,0.72572194661
8.025,0.040125,0.1610015625,0,-1.27824920731,7.33506495705,5.96006427438,7.33506016188,-1.27826210485,-12.9745900982,-12.974611626,1,1,0.624511558772,1,1,0.725360422236,0.746625505986,0.743249117196,0.746625494276,0.725360390119,0.000443289160232,9.30739612597e-05,0.000161284928325,9.3074040111e-05,0.000443290338145,0.000443289160232,9.30739612597e-05,0.000161284928325,9.3074040111e-05,0.000443290338145,0.000238313230739,4.15814141523e-05,7.22769097429e-05,4.15814469381e-05,0.000238314012517,0.00105369422446,0.000221235943094,0.000383372779475,0.000221236130523,0.00105369702435,3.07378818476,3.07791417095,3.0770977452,3.07791417002,3.07378817083,0.00133306445294,0.00131219277756,0.00131541778437,0.00131219278886,0.00133306448496,0.3916,0.3916,0.3916,0.3916,0.3916,0,0,0,0,0,0.00788429501696,0.00307583227848,0.00191084522862,0.00307583407259,0.00788429713134,1.22127428348,2.21336744023,2.44748191159,2.21336704714,1.2212739367,-0.00385277004727,-0.00151910078994,-0.000922822208312,-0.00151910167107,-0.00385277086822,0.000442418432998,9.31359790072e-05,0.000161372009695,9.31360578702e-05,0.000442419602372,927.792631479,14.6935680773,-0.319326219314,37.0974074262,905.06946591,3.9442227262e-11,1.10520858958e-19,1.91597672167e-05,1.87725302184e-06,1.32485805177e-07,-1.27824920731,7.33506495705,5.96006427438,7.33506016188,-1.27826210485,-12.9745900982,-12.974611626,0.725360422236,0.746625505986,0.743249117196,0.746625494276,0.725360390119,-1.30835726258,7.28029514839,5.89919381047,7.28029036268,-1.30837015189,0.725451828416,0.746659100266,0.743267275824,0.746659088578,0.725451796318,0.000443289160232,9.30739612597e-05,0.000161284928325,9.3074040111e-05,0.000443290338145,-1.39530868834,7.12247257074,5.72431856377,7.12246781274,-1.39532155332,0.725721978649,0.746762760628,0.743327619651,0.746762749002,0.72572194661
8.05,0.04025,0.16200625,0,-1.24817513344,7.38978874204,6.02090716682,7.38978393745,-1.24818803919,-12.9703679269,-12.9703894517,1,1,0.624511558772,1,1,0.725269397738,0.74659224811,0.743231333732,0.746592236379,0.725269365601,0.000444141807772,9.30115188716e-05,0.000161196996378,9.30115977107e-05,0.000444142994249,0.000444141807772,9.30115188716e-05,0.000161196996378,9.30115977107e-05,0.000444142994249,0.000239083945944,4.15535175982e-05,7.22375046385e-05,4.15535503802e-05,0.00023908473556,0.00105572095976,0.000221087518116,0.000383163766051,0.000221087705516,0.00105572378001,3.07461359615,3.07876382356,3.07794636824,3.07876382264,3.07461358206,0.00133716116019,0.00131616924883,0.00131938887043,0.00131616926019,0.00133716119232,0.3916,0.3916,0.3916,0.3916,0.3916,0,0,0,0,0,0.00788429501696,0.00307583227848,0.00191084522862,0.00307583407259,0.00788429713134,1.22127428348,2.21336744023,2.44748191159,2.21336704714,1.2212739367,-0.00385277004727,-0.00151910078994,-0.000922822208312,-0.00151910167107,-0.00385277086822,0.000442418432998,9.31359790072e-05,0.000161372009695,9.31360578702e-05,0.000442419602372,930.682951203,14.7868188184,-0.320415377809,37.2411665183,907.908188125,3.9442227262e-11,1.140106347e-19,1.91710363731e-05,1.88896752086e-06,1.32931147805e-07,-1.24817513344,7.38978874204,6.02090716682,7.38978393745,-1.24818803919,-12.9703679269,-12.9703894517,0.725269397738,0.74659224811,0.743231333732,0.746592236379,0.725269365601,-1.30835726258,7.28029514839,5.89919381047,7.28029036268,-1.30837015189,0.725451828416,0.746659100266,0.743267275824,0.746659088578,0.725451796318,0.000444141807772,9.30115188716e-05,0.000161196996378,9.30115977107e-05,0.000444142994249,-1.39530868834,7.12247257074,5.72431856377,7.12246781274,-1.39532155332,0.725721978649,0.746762760628,0.743327619651,0.746762749002,0.72572194661
8.075,0.040375,0.1630140625,0,-1.21813492393,7.44446658753,6.08172238144,7.44446177355,-1.21814783785,-12.9661364182,-12.9661579399,1,1,0.624511558772,1,1,0.725178752599,0.7465593242,0.743213922534,0.746559312448,0.725178720442,0.000444976307695,9.29486531466e-05,0.000161108215707,9.29487319734e-05,0.000444977502762,0.000444976307695,9.29486531466e-05,0.000161108215707,9.29487319734e-05,0.000444977502762,0.00023984166418,4.15254319155e-05,7.21977191942e-05,4.15254646936e-05,0.000239842461691,0.00105770455834,0.000220938086871,0.000382952735219,0.000220938274241,0.00105770739901,3.07544259626,3.07961684752,3.07879838048,3.07961684659,3.07544258202,0.00134125763623,0.00132014519865,0.00132335930624,0.00132014521006,0.00134125766848,0.3916,0.3916,0.3916,0.3916,0.3916,0,0,0,0,0,0.00788429501696,0.00307583227848,0.00191084522862,0.00307583407259,0.00788429713134,1.22127428348,2.21336744023,2.44748191159,2.21336704714,1.2212739367,-0.00385277004727,-0.00151910078994,-0.000922822208312,-0.00151910167107,-0.00385277086822,0.000442418432998,9.31359790072e-05,0.000161372009695,9.31360578702e-05,0.000442419602372,933.573270927,14.8803663025,-0.321505611162,37.3850758114,910.747055807,3.95488086724e-11,1.11486476518e-19,1.91823417232e-05,1.90071845688e-06,1.33376733679e-07,-1.21813492393,7.44446658753,6.08172238144,7.44446177355,-1.21814783785,-12.9661364182,-12.9661579399,0.725178752599,0.7465593242,0.743213922534,0.746559312448,0.725178720442,-1.30835726258,7.28029514839,5.89919381047,7.28029036268,-1.30837015189,0.725451828416,0.746659100266,0.743267275824,0.746659088578,0.725451796318,0.000444976307695,9.29486531466e-05,0.000161108215707,9.29487319734e-05,0.000444977502762,-1.39530868834,7.12247257074,5.72431856377,7.12246781274,-1.39532155332,0.725721978649,0.746762760628,0.743327619651,0.746762749002,0.72572194661
8.1,0.0405,0.164025,0,-1.18812846221,7.49909857724,6.142509813,7.4990937539,-1.18814138426,-12.9618955873,-12.9619171058,1,1,0.624511558772,1,1,0.725088484519,0.74652673184,0.743196880732,0.746526720068,0.725088452343,0.000445792592125,9.28853653927e-05,0.000161018588181,9.28854442067e-05,0.000445793795809,0.000445792592125,9.28853653927e-05,0.000161018588181,9.28854442067e-05,0.000445793795809,0.000240586173146,4.14971576885e-05,7.2157554247e-05,4.14971904626e-05,0.000240586978607,0.00105964485887,0.000220787652467,0.00038273969142,0.000220787839807,0.00105964772001,3.07627518038,3.08047323425,3.07965377293,3.08047323331,3.07627516597,0.00134535388203,0.00132412062847,0.00132732909343,0.00132412063994,0.0013453539144,0.3916,0.3916,0.3916,0.3916,0.3916,0,0,0,0,0,0.00788429501696,0.00307583227848,0.00191084522862,0.00307583407259,0.00788429713134,1.22127428348,2.21336744023,2.44748191159,2.21336704714,1.2212739367,-0.00385277004727,-0.00151910078994,-0.000922822208312,-0.00151910167107,-0.00385277086822,0.000442418432998,9.31359790072e-05,0.000161372009695,9.31360578702e-05,0.000442419602372,936.463590651,14.9742105257,-0.322596928049,37.5291351367,913.586069112,3.94706489715e-11,1.11859171014e-19,1.91936832664e-05,1.91250582992e-06,1.33822563537e-07,-1.18812846221,7.49909857724,6.142509813,7.4990937539,-1.18814138426,-12.9618955873,-12.9619171058,0.725088484519,0.74652673184,0.743196880732,0.746526720068,0.725088452343,-1.30835726258,7.28029514839,5.89919381047,7.28029036268,-1.30837015189,0.725451828416,0.746659100266,0.743267275824,0.746659088578,0.725451796318,0.000445792592125,9.28853653927e-05,0.000161018588181,9.28854442067e-05,0.000445793795809,-1.39530868834,7.12247257074,5.72431856377,7.12246781274,-1.39532155332,0.725721978649,0.746762760628,0.743327619651,0.746762749002,0.72572194661
8.125,0.040625,0.1650390625,0,-1.15815563221,7.55368479446,6.20326935729,7.55367996178,-1.15816856236,-12.9576454493,-12.9576669647,1,1,0.624511558772,1,1,0.724998591222,0.746494468639,0.743180205483,0.746494456846,0.724998559026,0.000446590593225,9.28216569216e-05,0.000160928115681,9.28217357225e-05,0.000446591805552,0.000446590593225,9.28216569216e-05,0.000160928115681,9.28217357225e-05,0.000446591805552,0.000241317259845,4.14686955033e-05,7.21170106405e-05,4.14687282732e-05,0.000241318073313,0.00106154170008,0.000220636218021,0.000382524639128,0.00022063640533,0.00106154458177,3.07711134407,3.08133297545,3.08051253684,3.08133297452,3.0771113295,0.00134944989852,0.00132809553976,0.0013312982336,0.00132809555128,0.00134944993101,0.3916,0.3916,0.3916,0.3916,0.3916,0,0,0,0,0,0.00788429501696,0.00307583227848,0.00191084522862,0.00307583407259,0.00788429713134,1.22127428348,2.21336744023,2.44748191159,2.21336704714,1.2212739367,-0.00385277004727,-0.00151910078994,-0.000922822208312,-0.00151910167107,-0.00385277086822,0.000442418432998,9.31359790072e-05,0.000161372009695,9.31360578702e-05,0.000442419602372,939.353910376,15.0683514841,-0.323689337178,37.6733443263,916.425228196,3.95772303818e-11,1.15094836873e-19,1.92050610019e-05,1.92432963997e-06,1.34268638116e-07,-1.15815563221,7.55368479446,6.20326935729,7.55367996178,-1.15816856236,-12.9576454493,-12.9576669647,0.724998591222,0.746494468639,0.743180205483,0.746494456846,0.724998559026,-1.30835726258,7.28029514839,5.89919381047,7.28029036268,-1.30837015189,0.725451828416,0.746659100266,0.743267275824,0.746659088578,0.725451796318,0.000446590593225,9.28216569216e-05,0.000160928115681,9.28217357225e-05,0.000446591805552,-1.39530868834,7.12247257074,5.72431856377,7.12246781274,-1.39532155332,0.725721978649,0.746762760628,0.743327619651,0.746762749002,0.72572194661
8.15,0.04075,0.16605625,0,-1.12821631834,7.608225322,6.26400091118,7.60822048003,-1.12822925655,-12.9533860193,-12.9534075317,1,1,0.624511558772,1,1,0.724909070454,0.746462532226,0.743163893972,0.746462520413,0.724909038239,0.000447370243186,9.2757529049e-05,0.000160836800104,9.27576078364e-05,0.000447371464182,0.000447370243186,9.2757529049e-05,0.000160836800104,9.27576078364e-05,0.000447371464182,0.000242034710586,4.14400459477e-05,7.20760892241e-05,4.14400787132e-05,0.000242035532118,0.00106339492081,0.000220483786663,0.000382307582848,0.00022048397394,0.00106339782311,3.07795108316,3.08219606308,3.08137466375,3.08219606215,3.07795106843,0.00135354568666,0.00133206993397,0.00133526672839,0.00133206994554,0.00135354571926,0.3916,0.3916,0.3916,0.3916,0.3916,0,0,0,0,0,0.00788429501696,0.00307583227848,0.00191084522862,0.00307583407259,0.00788429713134,1.22127428348,2.21336744023,2.44748191159,2.21336704714,1.2212739367,-0.00385277004727,-0.00151910078994,-0.000922822208312,-0.00151910167107,-0.00385277086822,0.000442418432998,9.31359790072e-05,0.000161372009695,9.31360578702e-05,0.000442419602372,942.2442301,15.1627891738,-0.324782847285,37.8177032123,919.264533214,3.99538180318e-11,1.12401272101e-19,1.92164749289e-05,1.93618988703e-06,1.34714958152e-07,-1.12821631834,7.608225322,6.26400091118,7.60822048003,-1.12822925655,-12.9533860193,-12.9534075317,0.724909070454,0.746462532226,0.743163893972,0.746462520413,0.724909038239,-1.30835726258,7.28029514839,5.89919381047,7.28029036268,-1.30837015189,0.725451828416,0.746659100266,0.743267275824,0.746659088578,0.725451796318,0.000447370243186,9.2757529049e-05,0.000160836800104,9.27576078364e-05,0.000447371464182,-1.39530868834,7.12247257074,5.72431856377,7.12246781274,-1.39532155332,0.725721978649,0.746762760628,0.743327619651,0.746762749002,0.72572194661
8.175,0.040875,0.1670765625,0,-1.0983104055,7.66272024229,6.32470437257,7.66271539105,-1.09832335175,-12.9491173126,-12.9491388218,1,1,0.624511558772,1,1,0.724819919987,0.746430920256,0.743147943409,0.746430908422,0.724819887752,0.000448131474219,9.26929830943e-05,0.000160744643359,9.26930618679e-05,0.000448132703909,0.000448131474219,9.26929830943e-05,0.000160744643359,9.26930618679e-05,0.000448132703909,0.000242738310978,4.14112096111e-05,7.20347908536e-05,4.14112423722e-05,0.000242739140632,0.00106520435992,0.000220330361527,0.00038208852712,0.000220330548771,0.00106520728288,3.07879439375,3.08306248934,3.08224014545,3.08306248841,3.07879437887,0.00135764124738,0.00133604381254,0.0013392345794,0.00133604382416,0.0013576412801,0.3916,0.3916,0.3916,0.3916,0.3916,0,0,0,0,0,0.00788429501696,0.00307583227848,0.00191084522862,0.00307583407259,0.00788429713134,1.22127428348,2.21336744023,2.44748191159,2.21336704714,1.2212739367,-0.00385277004727,-0.00151910078994,-0.000922822208312,-0.00151910167107,-0.00385277086822,0.000442418432998,9.31359790072e-05,0.000161372009695,9.31360578702e-05,0.000442419602372,945.134549824,15.2575235906,-0.325877467133,37.9622116279,922.10398432,3.99822397412e-11,1.17618995056e-19,1.92279250467e-05,1.9480865711e-06,1.35161524379e-07,-1.0983104055,7.66272024229,6.32470437257,7.66271539105,-1.09832335175,-12.9491173126,-12.9491388218,0.724819919987,0.746430920256,0.743147943409,0.746430908422,0.724819887752,-1.30835726258,7.28029514839,5.89919381047,7.28029036268,-1.30837015189,0.725451828416,0.746659100266,0.743267275824,0.746659088578,0.725451796318,0.000448131474219,9.26929830943e-05,0.000160744643359,9.26930618679e-05,0.000448132703909,-1.39530868834,7.12247257074,5.72431856377,7.12246781274,-1.39532155332,0.725721978649,0.746762760628,0.743327619651,0.746762749002,0.72572194661
8.2,0.041,0.1681,0,-1.06843777909,7.71716963728,6.38537964042,7.7171647768,-1.06845073333,-12.944839344,-12.9448608502,1,1,0.624511558772,1,1,0.724731137611,0.746399630405,0.74313235103,0.74639961855,0.724731105357,0.000448874218543,9.26280203808e-05,0.00016065164737,9.26280991404e-05,0.000448875456955,0.000448874218543,9.26280203808e-05,0.00016065164737,9.26280991404e-05,0.000448875456955,0.000243427845933,4.13821870847e-05,7.1993116391e-05,4.13822198413e-05,0.000243428683765,0.0010669698563,0.000220175945759,0.000381867476516,0.00022017613297,0.00106697279999,3.07964127221,3.08393224668,3.08310897399,3.08393224575,3.07964125716,0.00136173658161,0.0013400171769,0.00134320178823,0.00134001718858,0.00136173661445,0.3916,0.3916,0.3916,0.3916,0.3916,0,0,0,0,0,0.00762839244697,0.00284547180513,0.00165285082209,0.00284547354866,0.00762839454894,1.21006620552,2.1983960874,2.43898269166,2.19839570428,1.21006587017,-0.00372351456317,-0.00140402317118,-0.000793970532791,-0.00140402402703,-0.00372351536398,0.000448874218543,9.26280203808e-05,0.00016065164737,9.26280991404e-05,0.000448875456955,948.024869548,15.3525547302,-0.326973205518,38.1068694066,924.943581666,4.01456645704e-11,1.13892050088e-19,1.92394113546e-05,1.96001969218e-06,1.35608337531e-07,-1.06843777909,7.71716963728,6.38537964042,7.7171647768,-1.06845073333,-12.944839344,-12.9448608502,0.724731137611,0.746399630405,0.74313235103,0.74639961855,0.724731105357,-1.06843777909,7.71716963728,6.38537964042,7.7171647768,-1.06845073333,0.724731137611,0.746399630405,0.74313235103,0.74639961855,0.724731105357,0.000448874218543,9.26280203808e-05,0.00016065164737,9.26280991404e-05,0.000448875456955,-1.1546000153,7.56040919249,6.2111258325,7.56040435903,-1.15461294601,0.724992320473,0.746495350493,0.743183823279,0.746495338698,0.724992288276
8.225,0.041125,0.1691265625,0,-1.03859832497,7.77157358853,6.44602661472,7.77156871885,-1.03861128718,-12.9405521287,-12.9405736318,1,1,0.624511558772,1,1,0.724642721141,0.74636866037,0.743117114096,0.746368648495,0.724642688868,0.000449598408383,9.25626422358e-05,0.000160557814074,9.25627209809e-05,0.000449599655541,0.000449598408383,9.25626422358e-05,0.000160557814074,9.25627209809e-05,0.000449599655541,0.000244103099659,4.13529789616e-05,7.19510667044e-05,4.13530117134e-05,0.000244103945727,0.00106869124883,0.000220020542514,0.00038164443564,0.000220020729691,0.00106869421331,3.08049171514,3.08480532779,3.08398114166,3.08480532685,3.08049169993,0.00136583169029,0.00134399002851,0.00134716835651,0.00134399004024,0.00136583172325,0.3916,0.3916,0.3916,0.3916,0.3916,0,0,0,0,0,0.00762839244697,0.00284547180513,0.00165285082209,0.00284547354866,0.00762839454894,1.21006620552,2.1983960874,2.43898269166,2.19839570428,1.21006587017,-0.00372351456317,-0.00140402317118,-0.000793970532791,-0.00140402402703,-0.00372351536398,0.000448874218543,9.26280203808e-05,0.00016065164737,9.26280991404e-05,0.000448875456955,950.915189272,15.4478825882,-0.328070071264,38.2516763826,927.783325407,4.041567081e-11,1.15484472029e-19,1.92509338519e-05,1.97198925027e-06,1.36055398342e-07,-1.03859832497,7.77157358853,6.44602661472,7.77156871885,-1.03861128718,-12.9405521287,-12.9405736318,0.724642721141,0.74636866037,0.743117114096,0.746368648495,0.724642688868,-1.06843777909,7.71716963728,6.38537964042,7.7171647768,-1.06845073333,0.724731137611,0.746399630405,0.74313235103,0.74639961855,0.724731105357,0.000449598408383,9.25626422358e-05,0.000160557814074,9.25627209809e-05,0.000449599655541,-1.1546000153,7.56040919249,6.2111258325,7.56040435903,-1.15461294601,0.724992320473,0.746495350493,0.743183823279,0.746495338698,0.724992288276
8.25,0.04125,0.17015625,0,-1.0087919295,7.82593217717,6.50664519646,7.8259272983,-1.00880489964,-12.9362556815,-12.9362771815,1,1,0.624511558772,1,1,0.724554668413,0.746338007871,0.743102229897,0.746337995975,0.724554636121,0.000450303975955,9.24968499902e-05,0.000160463145421,9.24969287205e-05,0.000450305231886,0.000450303975955,9.24968499902e-05,0.000160463145421,9.24969287205e-05,0.000450305231886,0.00024476385566,4.13235858362e-05,7.19086426677e-05,4.13236185831e-05,0.000244764710022,0.00107036837641,0.000219864154956,0.000381419409129,0.000219864342098,0.00107037136174,3.08134571942,3.08568172558,3.084856641,3.08568172464,3.08134570404,0.00136992657433,0.00134796236877,0.00135113428582,0.00134796238056,0.00136992660741,0.3916,0.3916,0.3916,0.3916,0.3916,0,0,0,0,0,0.00762839244697,0.00284547180513,0.00165285082209,0.00284547354866,0.00762839454894,1.21006620552,2.1983960874,2.43898269166,2.19839570428,1.21006587017,-0.00372351456317,-0.00140402317118,-0.000793970532791,-0.00140402402703,-0.00372351536398,0.000448874218543,9.26280203808e-05,0.00016065164737,9.26280991404e-05,0.000448875456955,953.805508997,15.5435071603,-0.329168073222,38.3966323905,930.623215693,4.04867250836e-11,1.16924428039e-19,1.92624925378e-05,1.98399524537e-06,1.36502707543e-07,-1.0087919295,7.82593217717,6.50664519646,7.8259272983,-1.00880489964,-12.9362556815,-12.9362771815,0.724554668413,0.746338007871,0.743102229897,0.746337995975,0.724554636121,-1.06843777909,7.71716963728,6.38537964042,7.7171647768,-1.06845073333,0.724731137611,0.746399630405,0.74313235103,0.74639961855,0.724731105357,0.000450303975955,9.24968499902e-05,0.000160463145421,9.24969287205e-05,0.000450305231886,-1.1546000153,7.56040919249,6.2111258325,7.56040435903,-1.15461294601,0.724992320473,0.746495350493,0.743183823279,0.746495338698,0.724992288276
8.275,0.041375,0.1711890625,0,-0.979018479517,7.88024548389,6.56723528769,7.88024059587,-0.979031457551,-12.9319500174,-12.9319715144,1,1,0.624511558772,1,1,0.724466977285,0.74630767065,0.743087695743,0.746307658734,0.724466944974,0.000450990853459,9.24306449784e-05,0.000160367643374,9.24307236936e-05,0.000450992118189,0.000450990853459,9.24306449784e-05,0.000160367643374,9.24307236936e-05,0.000450992118189,0.000245409896735,4.12940083047e-05,7.18658451612e-05,4.12940410466e-05,0.000245410759449,0.00107200107787,0.000219706786257,0.000381192401651,0.000219706973362,0.00107200408412,3.08220328216,3.08656143322,3.08573546481,3.08656143228,3.08220326661,0.00137402123467,0.00135193419913,0.00135509957776,0.00135193421097,0.00137402126786,0.3916,0.3916,0.3916,0.3916,0.3916,0,0,0,0,0,0.00762839244697,0.00284547180513,0.00165285082209,0.00284547354866,0.00762839454894,1.21006620552,2.1983960874,2.43898269166,2.19839570428,1.21006587017,-0.00372351456317,-0.00140402317118,-0.000793970532791,-0.00140402402703,-0.00372351536398,0.000448874218543,9.26280203808e-05,0.00016065164737,9.26280991404e-05,0.000448875456955,956.695828721,15.6394284418,-0.330267220278,38.5417372657,933.463252677,4.07993638873e-11,1.12875610551e-19,1.92740874116e-05,1.99603767749e-06,1.36950265867e-07,-0.979018479517,7.88024548389,6.56723528769,7.88024059587,-0.979031457551,-12.9319500174,-12.9319715144,0.724466977285,0.74630767065,0.743087695743,0.746307658734,0.724466944974,-1.06843777909,7.71716963728,6.38537964042,7.7171647768,-1.06845073333,0.724731137611,0.746399630405,0.74313235103,0.74639961855,0.724731105357,0.000450990853459,9.24306449784e-05,0.000160367643374,9.24307236936e-05,0.000450992118189,-1.1546000153,7.56040919249,6.2111258325,7.56040435903,-1.15461294601,0.724992320473,0.746495350493,0.743183823279,0.746495338698,0.724992288276
8.3,0.0415,0.172225,0,-0.949277862326,7.93451358898,6.62779679142,7.93450869184,-0.949290848224,-12.9276351512,-12.9276566451,1,1,0.624511558772,1,1,0.724379645636,0.746277646469,0.743073508974,0.746277634532,0.724379613306,0.000451658973074,9.23640285388e-05,0.000160271309913,9.23641072386e-05,0.00045166024663,0.000451658973074,9.23640285388e-05,0.000160271309913,9.23641072386e-05,0.00045166024663,0.000246041004973,4.12642469652e-05,7.18226750709e-05,4.12642797019e-05,0.000246041876098,0.001073589192,0.000219548439598,0.000380963417905,0.000219548626666,0.00107359221923,3.08306440073,3.08744444409,3.08661760611,3.08744444315,3.08306438501,0.0013781156722,0.00135590552099,0.00135906423393,0.00135590553289,0.00137811570551,0.3916,0.3916,0.3916,0.3916,0.3916,0,0,0,0,0,0.00762839244697,0.00284547180513,0.00165285082209,0.00284547354866,0.00762839454894,1.21006620552,2.1983960874,2.43898269166,2.19839570428,1.21006587017,-0.00372351456317,-0.00140402317118,-0.000793970532791,-0.00140402402703,-0.00372351536398,0.000448874218543,9.26280203808e-05,0.00016065164737,9.26280991404e-05,0.000448875456955,959.586148445,15.7356464282,-0.331367521342,38.6869908439,936.303436508,4.11191081184e-11,1.16975250016e-19,1.92857184726e-05,2.00811654661e-06,1.37398074045e-07,-0.949277862326,7.93451358898,6.62779679142,7.93450869184,-0.949290848224,-12.9276351512,-12.9276566451,0.724379645636,0.746277646469,0.743073508974,0.746277634532,0.724379613306,-1.06843777909,7.71716963728,6.38537964042,7.7171647768,-1.06845073333,0.724731137611,0.746399630405,0.74313235103,0.74639961855,0.724731105357,0.000451658973074,9.23640285388e-05,0.000160271309913,9.23641072386e-05,0.00045166024663,-1.1546000153,7.56040919249,6.2111258325,7.56040435903,-1.15461294601,0.724992320473,0.746495350493,0.743183823279,0.746495338698,0.724992288276
8.325,0.041625,0.1732640625,0,-0.919569965717,7.98873657233,6.68832961168,7.9887316661,-0.919582959446,-12.9233110978,-12.9233325887,1,1,0.624511558772,1,1,0.724292671367,0.746247933111,0.743059666951,0.746247921155,0.724292639018,0.000452308266946,9.22970020134e-05,0.000160174147026,9.22970806974e-05,0.000452309549354,0.000452308266946,9.22970020134e-05,0.000160174147026,9.22970806974e-05,0.000452309549354,0.000246656961755,4.12343024171e-05,7.1779133289e-05,4.12343351485e-05,0.000246657841348,0.00107513255751,0.000219389118168,0.000380732462625,0.000219389305199,0.00107513560579,3.08392907273,3.0883307518,3.08750305815,3.08833075086,3.08392905684,0.00138220988785,0.00135987633577,0.00136302825592,0.00135987634772,0.00138220992127,0.3916,0.3916,0.3916,0.3916,0.3916,0,0,0,0,0,0.00762839244697,0.00284547180513,0.00165285082209,0.00284547354866,0.00762839454894,1.21006620552,2.1983960874,2.43898269166,2.19839570428,1.21006587017,-0.00372351456317,-0.00140402317118,-0.000793970532791,-0.00140402402703,-0.00372351536398,0.000448874218543,9.26280203808e-05,0.00016065164737,9.26280991404e-05,0.000448875456955,962.476468169,15.8321611145,-0.332468985358,38.8323929616,939.143767337,4.12185841014e-11,1.18855663159e-19,1.92973857199e-05,2.02023185275e-06,1.37846132806e-07,-0.919569965717,7.98873657233,6.68832961168,7.9887316661,-0.919582959446,-12.9233110978,-12.9233325887,0.724292671367,0.746247933111,0.743059666951,0.746247921155,0.724292639018,-1.06843777909,7.71716963728,6.38537964042,7.7171647768,-1.06845073333,0.724731137611,0.746399630405,0.74313235103,0.74639961855,0.724731105357,0.000452308266946,9.22970020134e-05,0.000160174147026,9.22970806974e-05,0.000452309549354,-1.1546000153,7.56040919249,6.2111258325,7.56040435903,-1.15461294601,0.724992320473,0.746495350493,0.743183823279,0.746495338698,0.724992288276
8.35,0.04175,0.17430625,0,-0.889894677954,8.04291451341,6.74883365351,8.04290959812,-0.88990767948,-12.9189778719,-12.9189993597,1,1,0.624511558772,1,1,0.724206052399,0.746218528383,0.74304616706,0.746218516406,0.72420602003,0.000452938667182,9.22295667477e-05,0.000160076156719,9.22296454156e-05,0.000452939958468,0.000452938667182,9.22295667477e-05,0.000160076156719,9.22296454156e-05,0.000452939958468,0.000247257547744,4.12041752615e-05,7.17352207134e-05,4.12042079875e-05,0.000247258435865,0.00107663101303,0.000219228825167,0.000380499540572,0.00021922901216,0.00107663408241,3.08479729601,3.08922035017,3.08839181442,3.08922034923,3.08479727995,0.0013863038825,0.00136384664488,0.0013669916453,0.00136384665688,0.00138630391605,0.3916,0.3916,0.3916,0.3916,0.3916,0,0,0,0,0,0.00762839244697,0.00284547180513,0.00165285082209,0.00284547354866,0.00762839454894,1.21006620552,2.1983960874,2.43898269166,2.19839570428,1.21006587017,-0.00372351456317,-0.00140402317118,-0.000793970532791,-0.00140402402703,-0.00372351536398,0.000448874218543,9.26280203808e-05,0.00016065164737,9.26280991404e-05,0.000448875456955,965.366787894,15.928972496,-0.333571621299,38.9779434557,941.984245313,4.11830569647e-11,1.18330502731e-19,1.9309089153e-05,2.0323835959e-06,1.3829444288e-07,-0.889894677954,8.04291451341,6.74883365351,8.04290959812,-0.88990767948,-12.9189778719,-12.9189993597,0.724206052399,0.746218528383,0.74304616706,0.746218516406,0.72420602003,-1.06843777909,7.71716963728,6.38537964042,7.7171647768,-1.06845073333,0.724731137611,0.746399630405,0.74313235103,0.74639961855,0.724731105357,0.000452938667182,9.22295667477e-05,0.000160076156719,9.22296454156e-05,0.000452939958468,-1.1546000153,7.56040919249,6.2111258325,7.56040435903,-1.15461294601,0.724992320473,0.746495350493,0.743183823279,0.746495338698,0.724992288276
8.375,0.041875,0.1753515625,0,-0.860251887769,8.09704749128,6.80930882291,8.09704256697,-0.86026489706,-12.9146354883,-12.9146569731,1,1,0.624511558772,1,1,0.724119786674,0.746189430108,0.743033006713,0.746189418111,0.724119754286,0.000453550105841,9.21617240909e-05,0.000159977341007,9.21618027423e-05,0.000453551406032,0.000453550105841,9.21617240909e-05,0.000159977341007,9.21618027423e-05,0.000453551406032,0.000247842542892,4.11738661012e-05,7.16909382481e-05,4.11738988217e-05,0.000247843439598,0.00107808439706,0.000219067563801,0.000380264656542,0.000219067750754,0.0010780874876,3.08566906865,3.09011323324,3.08928386864,3.0901132323,3.08566905242,0.00139039765707,0.00136781644971,0.00137095440366,0.00136781646177,0.00139039769073,0.3916,0.3916,0.3916,0.3916,0.3916,0,0,0,0,0,0.00762839244697,0.00284547180513,0.00165285082209,0.00284547354866,0.00762839454894,1.21006620552,2.1983960874,2.43898269166,2.19839570428,1.21006587017,-0.00372351456317,-0.00140402317118,-0.000793970532791,-0.00140402402703,-0.00372351536398,0.000448874218543,9.26280203808e-05,0.00016065164737,9.26280991404e-05,0.000448875456955,968.257107618,16.0260805676,-0.334675438168,39.1236421638,944.824870584,4.14743794863e-11,1.22480964173e-19,1.93208287711e-05,2.04457177605e-06,1.38743004997e-07,-0.860251887769,8.09704749128,6.80930882291,8.09704256697,-0.86026489706,-12.9146354883,-12.9146569731,0.724119786674,0.746189430108,0.743033006713,0.746189418111,0.724119754286,-1.06843777909,7.71716963728,6.38537964042,7.7171647768,-1.06845073333,0.724731137611,0.746399630405,0.74313235103,0.74639961855,0.724731105357,0.000453550105841,9.21617240909e-05,0.000159977341007,9.21618027423e-05,0.000453551406032,-1.1546000153,7.56040919249,6.2111258325,7.56040435903,-1.15461294601,0.724992320473,0.746495350493,0.743183823279,0.746495338698,0.724992288276
8.4,0.042,0.1764,0,-0.830641484368,8.15113558463,6.86975502686,8.15113065131,-0.830654501391,-12.9102839617,-12.9103054434,1,1,0.624511558772,1,1,0.724033872153,0.746160636131,0.743020183344,0.746160624115,0.724033839746,0.000454142514928,9.20934753957e-05,0.000159877701922,9.20935540303e-05,0.000454143824049,0.000454142514928,9.20934753957e-05,0.000159877701922,9.20935540303e-05,0.000454143824049,0.00024841172643,4.11433755406e-05,7.16462868026e-05,4.11434082553e-05,0.000248412631781,0.00107949254796,0.000218905337285,0.00038002781536,0.000218905524199,0.00107949565973,3.08654438896,3.09100939527,3.09017921474,3.09100939433,3.08654437256,0.00139449121244,0.00137178575166,0.00137491653257,0.00137178576377,0.00139449124622,0.3916,0.3916,0.3916,0.3916,0.3916,0,0,0,0,0,0.00738463357091,0.00262831192067,0.00141050427632,0.0026283136147,0.00738463566277,1.19916449067,2.18364678135,2.43019585343,2.183646408,1.19916416641,-0.00360057082284,-0.00129555121783,-0.000672953612519,-0.00129555204896,-0.00360057160431,0.000454142514928,9.20934753957e-05,0.000159877701922,9.20935540303e-05,0.000454143824049,971.147427342,16.1234853243,-0.335780444999,39.2694889238,947.665643298,4.19291268372e-11,1.18228858778e-19,1.93326045733e-05,2.05679639322e-06,1.39191819884e-07,-0.830641484368,8.15113558463,6.86975502686,8.15113065131,-0.830654501391,-12.9102839617,-12.9103054434,0.724033872153,0.746160636131,0.743020183344,0.746160624115,0.724033839746,-0.830641484368,8.15113558463,6.86975502686,8.15113065131,-0.830654501391,0.724033872153,0.746160636131,0.743020183344,0.746160624115,0.724033839746,0.000454142514928,9.20934753957e-05,0.000159877701922,9.20935540303e-05,0.000454143824049,-0.916036025991,7.99542179825,6.69614225615,7.99541689125,-0.916049020262,0.724286516387,0.746248865879,0.743063318363,0.746248853921,0.724286484036
8.425,0.042125,0.1774515625,0,-0.801063357425,8.20517887171,6.93017217332,8.20517392942,-0.801076382148,-12.9059233066,-12.9059447853,1,1,0.624511558772,1,1,0.723948306819,0.746132144319,0.74300769441,0.746132132283,0.723948274394,0.000454715826384,9.20248220183e-05,0.000159777241506,9.20249006359e-05,0.000454717144462,0.000454715826384,9.20248220183e-05,0.000159777241506,9.20249006359e-05,0.000454717144462,0.000248964876868,4.11127041854e-05,7.16012672926e-05,4.11127368944e-05,0.000248965790924,0.00108085530398,0.000218742148843,0.000379789021882,0.000218742335716,0.00108085843704,3.08742325548,3.09190883073,3.09107784686,3.09190882978,3.0874232389,0.0013985845495,0.00137575455211,0.0013788780336,0.00137575456428,0.0013985845834,0.3916,0.3916,0.3916,0.3916,0.3916,0,0,0,0,0,0.00738463357091,0.00262831192067,0.00141050427632,0.0026283136147,0.00738463566277,1.19916449067,2.18364678135,2.43019585343,2.183646408,1.19916416641,-0.00360057082284,-0.00129555121783,-0.000672953612519,-0.00129555204896,-0.00360057160431,0.000454142514928,9.20934753957e-05,0.000159877701922,9.20935540303e-05,0.000454143824049,974.037747066,16.221186761,-0.336886650855,39.4154835744,950.506563602,4.2064129957e-11,1.10656384229e-19,1.93444165591e-05,2.0690574474e-06,1.39640888271e-07,-0.801063357425,8.20517887171,6.93017217332,8.20517392942,-0.801076382148,-12.9059233066,-12.9059447853,0.723948306819,0.746132144319,0.74300769441,0.746132132283,0.723948274394,-0.830641484368,8.15113558463,6.86975502686,8.15113065131,-0.830654501391,0.724033872153,0.746160636131,0.743020183344,0.746160624115,0.724033839746,0.000454715826384,9.20248220183e-05,0.000159777241506,9.20249006359e-05,0.000454717144462,-0.916036025991,7.99542179825,6.69614225615,7.99541689125,-0.916049020262,0.724286516387,0.746248865879,0.743063318363,0.746248853921,0.724286484036
8.45,0.04225,0.17850625,0,-0.77151739708,8.25917743042,6.99056017119,8.25917247919,-0.77153042947,-12.9015535377,-12.9015750133,1,1,0.624511558772,1,1,0.723863088675,0.746103952557,0.742995537392,0.746103940501,0.723863056231,0.000455269972079,9.19557653184e-05,0.000159675961814,9.19558439186e-05,0.000455271299141,0.000455269972079,9.19557653184e-05,0.000159675961814,9.19558439186e-05,0.000455271299141,0.000249501771995,4.10818526433e-05,7.15558806394e-05,4.10818853463e-05,0.000249502694815,0.00108217250316,0.000218578001708,0.000379548280995,0.000218578188539,0.00108217565757,3.08830566697,3.09281153427,3.09197975936,3.09281153332,3.08830565022,0.00140267766912,0.00137972285246,0.00138283890831,0.00137972286468,0.00140267770314,0.3916,0.3916,0.3916,0.3916,0.3916,0,0,0,0,0,0.00738463357091,0.00262831192067,0.00141050427632,0.0026283136147,0.00738463566277,1.19916449067,2.18364678135,2.43019585343,2.183646408,1.19916416641,-0.00360057082284,-0.00129555121783,-0.000672953612519,-0.00129555204896,-0.00360057160431,0.000454142514928,9.20934753957e-05,0.000159877701922,9.20935540303e-05,0.000454143824049,976.928066791,16.3191848722,-0.337994064831,39.5616259549,953.347631643,4.19504431193e-11,1.15772463231e-19,1.93562647277e-05,2.08135493859e-06,1.40090210885e-07,-0.77151739708,8.25917743042,6.99056017119,8.25917247919,-0.77153042947,-12.9015535377,-12.9015750133,0.723863088675,0.746103952557,0.742995537392,0.746103940501,0.723863056231,-0.830641484368,8.15113558463,6.86975502686,8.15113065131,-0.830654501391,0.724033872153,0.746160636131,0.743020183344,0.746160624115,0.724033839746,0.000455269972079,9.19557653184e-05,0.000159675961814,9.19558439186e-05,0.000455271299141,-0.916036025991,7.99542179825,6.69614225615,7.99541689125,-0.916049020262,0.724286516387,0.746248865879,0.743063318363,0.746248853921,0.724286484036
8.475,0.042375,0.1795640625,0,-0.742003493939,8.31313133825,7.05091893034,8.3131263781,-0.742016533963,-12.8971746696,-12.8971961422,1,1,0.624511558772,1,1,0.723778215741,0.746076058749,0.742983709794,0.746076046673,0.723778183278,0.000455804883807,9.18863066592e-05,0.000159573864917,9.18863852416e-05,0.000455806219879,0.000455804883807,9.18863066592e-05,0.000159573864917,9.18863852416e-05,0.000455806219879,0.000250022188871,4.10508215232e-05,7.15101277701e-05,4.105085422e-05,0.000250023120515,0.00108344398338,0.000218412899119,0.000379305597615,0.000218413085908,0.00108344715921,3.08919162243,3.09371750076,3.09288494683,3.09371749981,3.0891916055,0.0014067705722,0.00138369065406,0.00138679915826,0.00138369066634,0.00140677060633,0.3916,0.3916,0.3916,0.3916,0.3916,0,0,0,0,0,0.00738463357091,0.00262831192067,0.00141050427632,0.0026283136147,0.00738463566277,1.19916449067,2.18364678135,2.43019585343,2.183646408,1.19916416641,-0.00360057082284,-0.00129555121783,-0.000672953612519,-0.00129555204896,-0.00360057160431,0.000454142514928,9.20934753957e-05,0.000159877701922,9.20935540303e-05,0.000454143824049,979.818386515,16.4174796527,-0.339102696053,39.7079159048,956.188847567,4.20854462391e-11,1.16839724744e-19,1.93681490783e-05,2.09368886679e-06,1.40539788452e-07,-0.742003493939,8.31313133825,7.05091893034,8.3131263781,-0.742016533963,-12.8971746696,-12.8971961422,0.723778215741,0.746076058749,0.742983709794,0.746076046673,0.723778183278,-0.830641484368,8.15113558463,6.86975502686,8.15113065131,-0.830654501391,0.724033872153,0.746160636131,0.743020183344,0.746160624115,0.724033839746,0.000455804883807,9.18863066592e-05,0.000159573864917,9.18863852416e-05,0.000455806219879,-0.916036025991,7.99542179825,6.69614225615,7.99541689125,-0.916049020262,0.724286516387,0.746248865879,0.743063318363,0.746248853921,0.724286484036
8.5,0.0425,0.180625,0,-0.712521539069,8.3670406723,7.11124836158,8.36703570327,-0.712534586696,-12.8927867167,-12.8928081862,1,1,0.624511558772,1,1,0.72369368606,0.746048460819,0.742972209143,0.746048448723,0.723693653579,0.000456320493275,9.18164474073e-05,0.000159470952894,9.18165259716e-05,0.000456321838384,0.000456320493275,9.18164474073e-05,0.000159470952894,9.18165259716e-05,0.000456321838384,0.00025052590383,4.10196114356e-05,7.14640096172e-05,4.10196441261e-05,0.000250526844357,0.0010846695823,0.000218246844325,0.000379060976691,0.000218247031071,0.00108467277961,3.09008112105,3.09462672526,3.09379340402,3.09462672431,3.09008110394,0.00141086325958,0.00138765795829,0.001390758785,0.00138765797062,0.00141086329383,0.3916,0.3916,0.3916,0.3916,0.3916,0,0,0,0,0,0.00738463357091,0.00262831192067,0.00141050427632,0.0026283136147,0.00738463566277,1.19916449067,2.18364678135,2.43019585343,2.183646408,1.19916416641,-0.00360057082284,-0.00129555121783,-0.000672953612519,-0.00129555204896,-0.00360057160431,0.000454142514928,9.20934753957e-05,0.000159877701922,9.20935540303e-05,0.000454143824049,982.708706239,16.516071097,-0.340212553677,39.8543532645,959.030211518,4.20570245296e-11,1.1385816877e-19,1.93800696103e-05,2.106059232e-06,1.40989621701e-07,-0.712521539069,8.3670406723,7.11124836158,8.36703570327,-0.712534586696,-12.8927867167,-12.8928081862,0.72369368606,0.746048460819,0.742972209143,0.746048448723,0.723693653579,-0.830641484368,8.15113558463,6.86975502686,8.15113065131,-0.830654501391,0.724033872153,0.746160636131,0.743020183344,0.746160624115,0.724033839746,0.000456320493275,9.18164474073e-05,0.000159470952894,9.18165259716e-05,0.000456321838384,-0.916036025991,7.99542179825,6.69614225615,7.99541689125,-0.916049020262,0.724286516387,0.746248865879,0.743063318363,0.746248853921,0.724286484036
8.525,0.042625,0.1816890625,0,-0.683071424,8.42090550931,7.17154837667,8.42090053143,-0.683084479197,-12.8883896935,-12.88841116,1,1,0.624511558772,1,1,0.723609497691,0.74602115671,0.742961032987,0.746021144595,0.723609465191,0.0004568167321,9.17461889327e-05,0.00015936722784,9.17462674785e-05,0.000456818086272,0.0004568167321,9.17461889327e-05,0.00015936722784,9.17462674785e-05,0.000456818086272,0.000251012692471,4.09882229925e-05,7.14175271192e-05,4.09882556767e-05,0.000251013641943,0.00108584913739,0.000218079840582,0.0003788144232,0.000218080027284,0.00108585235624,3.09097416227,3.09553920303,3.09470512592,3.09553920208,3.09097414498,0.00141495573213,0.0013916247665,0.00139471779008,0.00139162477889,0.00141495576651,0.3916,0.3916,0.3916,0.3916,0.3916,0,0,0,0,0,0.00738463357091,0.00262831192067,0.00141050427632,0.0026283136147,0.00738463566277,1.19916449067,2.18364678135,2.43019585343,2.183646408,1.19916416641,-0.00360057082284,-0.00129555121783,-0.000672953612519,-0.00129555204896,-0.00360057160431,0.000454142514928,9.20934753957e-05,0.000159877701922,9.20935540303e-05,0.000454143824049,985.599025963,16.6149591994,-0.341323646892,40.0009378747,961.871723641,4.20357082476e-11,1.21430643318e-19,1.93920263229e-05,2.11846603423e-06,1.41439711357e-07,-0.683071424,8.42090550931,7.17154837667,8.42090053143,-0.683084479197,-12.8883896935,-12.88841116,0.723609497691,0.74602115671,0.742961032987,0.746021144595,0.723609465191,-0.830641484368,8.15113558463,6.86975502686,8.15113065131,-0.830654501391,0.724033872153,0.746160636131,0.743020183344,0.746160624115,0.724033839746,0.0004568167321,9.17461889327e-05,0.00015936722784,9.17462674785e-05,0.000456818086272,-0.916036025991,7.99542179825,6.69614225615,7.99541689125,-0.916049020262,0.724286516387,0.746248865879,0.743063318363,0.746248853921,0.724286484036
8.55,0.04275,0.18275625,0,-0.653653040722,8.47472592563,7.23181888828,8.47472093892,-0.653666103457,-12.8839836145,-12.884005078,1,1,0.624511558772,1,1,0.723525648715,0.745994144386,0.742950178898,0.745994132251,0.723525616196,0.000457293531797,9.16755326085e-05,0.000159262691862,9.16756111356e-05,0.000457294895059,0.000457293531797,9.16755326085e-05,0.000159262691862,9.16756111356e-05,0.000457294895059,0.000251482329663,4.09566568075e-05,7.13706812202e-05,4.09566894852e-05,0.000251483288138,0.00108698248585,0.000217911891154,0.000378565942149,0.000217912077812,0.00108698572631,3.0918707457,3.09645492952,3.09562010771,3.09645492857,3.09187072823,0.00141904799072,0.00139559108006,0.00139867617504,0.0013955910925,0.00141904802521,0.3916,0.3916,0.3916,0.3916,0.3916,0,0,0,0,0,0.00738463357091,0.00262831192067,0.00141050427632,0.0026283136147,0.00738463566277,1.19916449067,2.18364678135,2.43019585343,2.183646408,1.19916416641,-0.00360057082284,-0.00129555121783,-0.000672953612519,-0.00129555204896,-0.00360057160431,0.000454142514928,9.20934753957e-05,0.000159877701922,9.20935540303e-05,0.000454143824049,988.489345687,16.7141439543,-0.342435984915,40.1476695769,964.71338408,4.22986090598e-11,1.21854159792e-19,1.94040192153e-05,2.13090927346e-06,1.41890058146e-07,-0.653653040722,8.47472592563,7.23181888828,8.47472093892,-0.653666103457,-12.8839836145,-12.884005078,0.723525648715,0.745994144386,0.742950178898,0.745994132251,0.723525616196,-0.830641484368,8.15113558463,6.86975502686,8.15113065131,-0.830654501391,0.724033872153,0.746160636131,0.743020183344,0.746160624115,0.724033839746,0.000457293531797,9.16755326085e-05,0.000159262691862,9.16756111356e-05,0.000457294895059,-0.916036025991,7.99542179825,6.69614225615,7.99541689125,-0.916049020262,0.724286516387,0.746248865879,0.743063318363,0.746248853921,0.724286484036
8.575,0.042875,0.1838265625,0,-0.624266281681,8.52850199722,7.29205981001,8.52849700171,-0.624279351923,-12.879568494,-12.8795899544,1,1,0.624511558772,1,1,0.723442137227,0.745967421825,0.742939644468,0.745967409671,0.72344210469,0.000457750823779,9.16044798115e-05,0.000159157347078,9.16045583195e-05,0.000457752196157,0.000457750823779,9.16044798115e-05,0.000159157347078,9.16045583195e-05,0.000457752196157,0.000251934589533,4.09249134957e-05,7.13234728696e-05,4.09249461667e-05,0.000251935557074,0.00108806946465,0.000217742999314,0.000378315538574,0.000217743185927,0.00108807272678,3.0927708712,3.09737390035,3.09653834474,3.0973738994,3.09277085354,0.00142314003618,0.0013995569003,0.00140263394141,0.00139955691279,0.00142314007079,0.3916,0.3916,0.3916,0.3916,0.3916,0,0,0,0,0,0.00738463357091,0.00262831192067,0.00141050427632,0.0026283136147,0.00738463566277,1.19916449067,2.18364678135,2.43019585343,2.183646408,1.19916416641,-0.00360057082284,-0.00129555121783,-0.000672953612519,-0.00129555204896,-0.00360057160431,0.000454142514928,9.20934753957e-05,0.000159877701922,9.20935540303e-05,0.000454143824049,991.379665412,16.813625356,-0.343549576998,40.2945482128,967.555192978,4.23980850428e-11,1.19516348858e-19,1.94160482869e-05,2.14338894971e-06,1.42340662795e-07,-0.624266281681,8.52850199722,7.29205981001,8.52849700171,-0.624279351923,-12.879568494,-12.8795899544,0.723442137227,0.745967421825,0.742939644468,0.745967409671,0.72344210469,-0.830641484368,8.15113558463,6.86975502686,8.15113065131,-0.830654501391,0.724033872153,0.746160636131,0.743020183344,0.746160624115,0.724033839746,0.000457750823779,9.16044798115e-05,0.000159157347078,9.16045583195e-05,0.000457752196157,-0.916036025991,7.99542179825,6.69614225615,7.99541689125,-0.916049020262,0.724286516387,0.746248865879,0.743063318363,0.746248853921,0.724286484036
8.6,0.043,0.1849,0,-0.594911039779,8.5822337997,7.35227105638,8.58222879542,-0.594924117496,-12.8751443463,-12.8751658037,1,1,0.624511558772,1,1,0.723358961346,0.745940987028,0.742929427312,0.745940974855,0.723358928791,0.000458188539342,9.15330319216e-05,0.00015905119562,9.15331104102e-05,0.000458189920864,0.000458188539342,9.15330319216e-05,0.00015905119562,9.15331104102e-05,0.000458189920864,0.000252369245472,4.08929936734e-05,7.12759030226e-05,4.08930263376e-05,0.000252370222139,0.00108910991049,0.000217573168342,0.000378063217542,0.000217573354909,0.00108911319435,3.09367453881,3.09829611134,3.09745983258,3.09829611038,3.09367452097,0.00142723186937,0.00140352222855,0.00140659109072,0.00140352224111,0.00142723190409,0.3916,0.3916,0.3916,0.3916,0.3916,0,0,0,0,0,0.00715200458764,0.00242335821257,0.00118265137514,0.00242335985818,0.00715200667166,1.18855896389,2.16911016081,2.42114374661,2.16910979705,1.18855865039,-0.00348343895254,-0.00119318758468,-0.000559194132901,-0.00119318839163,-0.00348343971545,0.000458188539342,9.15330319216e-05,0.00015905119562,9.15331104102e-05,0.000458189920864,994.269985136,16.9134033985,-0.344664432424,40.4415736249,970.397150477,4.22986090598e-11,1.20143153239e-19,1.94281135369e-05,2.15590506296e-06,1.42791526031e-07,-0.594911039779,8.5822337997,7.35227105638,8.58222879542,-0.594924117496,-12.8751443463,-12.8751658037,0.723358961346,0.745940987028,0.742929427312,0.745940974855,0.723358928791,-0.594911039779,8.5822337997,7.35227105638,8.58222879542,-0.594924117496,0.723358961346,0.745940987028,0.742929427312,0.745940974855,0.723358928791,0.000458188539342,9.15330319216e-05,0.00015905119562,9.15331104102e-05,0.000458189920864,-0.679558667122,8.4275518355,7.17931738241,8.42754685687,-0.679571722843,0.723603462201,0.746022143012,0.74296472061,0.746022130896,0.723603429699
8.625,0.043125,0.1859765625,0,-0.565587208372,8.6359214083,7.41245254283,8.63591639528,-0.565600293532,-12.8707111858,-12.8707326402,1,1,0.624511558772,1,1,0.723276119206,0.745914838012,0.742919525066,0.745914825819,0.723276086632,0.000458606609665,9.14611903218e-05,0.000158944239631,9.14612687907e-05,0.000458608000357,0.000458606609665,9.14611903218e-05,0.000158944239631,9.14612687907e-05,0.000458608000357,0.000252786070126,4.08608979586e-05,7.12279726399e-05,4.08609306159e-05,0.00025278705598,0.00109010365977,0.000217402401526,0.000377808984148,0.000217402588045,0.00109010696543,3.09458174879,3.09922155846,3.09838456696,3.09922155751,3.09458173076,0.0014313234911,0.00140748706616,0.00141054762448,0.00140748707877,0.00143132352595,0.3916,0.3916,0.3916,0.3916,0.3916,0,0,0,0,0,0.00715200458764,0.00242335821257,0.00118265137514,0.00242335985818,0.00715200667166,1.18855896389,2.16911016081,2.42114374661,2.16910979705,1.18855865039,-0.00348343895254,-0.00119318758468,-0.000559194132901,-0.00119318839163,-0.00348343971545,0.000458188539342,9.15330319216e-05,0.00015905119562,9.15331104102e-05,0.000458189920864,997.16030486,17.0134780759,-0.345780560505,40.5887456561,973.23925672,4.24975610258e-11,1.18499909321e-19,1.94402149647e-05,2.16845761323e-06,1.43242648578e-07,-0.565587208372,8.6359214083,7.41245254283,8.63591639528,-0.565600293532,-12.8707111858,-12.8707326402,0.723276119206,0.745914838012,0.742919525066,0.745914825819,0.723276086632,-0.594911039779,8.5822337997,7.35227105638,8.58222879542,-0.594924117496,0.723358961346,0.745940987028,0.742929427312,0.745940974855,0.723358928791,0.000458606609665,9.14611903218e-05,0.000158944239631,9.14612687907e-05,0.000458608000357,-0.679558667122,8.4275518355,7.17931738241,8.42754685687,-0.679571722843,0.723603462201,0.746022143012,0.74296472061,0.746022130896,0.723603429699
8.65,0.04325,0.18705625,0,-0.53629468127,8.68956489789,7.47260418567,8.68955987616,-0.536307773842,-12.8662690267,-12.8662904781,1,1,0.624511558772,1,1,0.72319360896,0.745888972812,0.742909935387,0.7458889606,0.723193576367,0.000459004965801,9.13889563986e-05,0.000158836481268,9.13890348474e-05,0.000459006365689,0.000459004965801,9.13889563986e-05,0.000158836481268,9.13890348474e-05,0.000459006365689,0.000253184835395,4.08286269707e-05,7.11796826875e-05,4.08286596209e-05,0.000253185830497,0.00109105054861,0.00021723070216,0.000377552843517,0.000217230888632,0.00109105387613,3.09549250159,3.10015023789,3.09931254381,3.10015023694,3.09549248337,0.00143541490222,0.00141145141443,0.00141450354421,0.00141145142709,0.00143541493718,0.3916,0.3916,0.3916,0.3916,0.3916,0,0,0,0,0,0.00715200458764,0.00242335821257,0.00118265137514,0.00242335985818,0.00715200667166,1.18855896389,2.16911016081,2.42114374661,2.16910979705,1.18855865039,-0.00348343895254,-0.00119318758468,-0.000559194132901,-0.00119318839163,-0.00348343971545,0.000458188539342,9.15330319216e-05,0.00015905119562,9.15331104102e-05,0.000458189920864,1000.05062458,17.1138493822,-0.346897970589,40.73606415,976.081511846,4.24265067522e-11,1.21074889481e-19,1.94523525693e-05,2.18104660051e-06,1.43694031163e-07,-0.53629468127,8.68956489789,7.47260418567,8.68955987616,-0.536307773842,-12.8662690267,-12.8662904781,0.72319360896,0.745888972812,0.742909935387,0.7458889606,0.723193576367,-0.594911039779,8.5822337997,7.35227105638,8.58222879542,-0.594924117496,0.723358961346,0.745940987028,0.742929427312,0.745940974855,0.723358928791,0.000459004965801,9.13889563986e-05,0.000158836481268,9.13890348474e-05,0.000459006365689,-0.679558667122,8.4275518355,7.17931738241,8.42754685687,-0.679571722843,0.723603462201,0.746022143012,0.74296472061,0.746022130896,0.723603429699
8.675,0.043375,0.1881390625,0,-0.50703335273,8.74316434298,7.53272590213,8.74315931257,-0.507046452683,-12.8618178832,-12.8618393315,1,1,0.624511558772,1,1,0.723111428777,0.745863389481,0.742900655953,0.74586337725,0.723111396167,0.00045938353867,9.13163315415e-05,0.000158727922697,9.13164099698e-05,0.000459384947781,0.00045938353867,9.13163315415e-05,0.000158727922697,9.13164099698e-05,0.000459384947781,0.00025356531243,4.07961813305e-05,7.1131034137e-05,4.07962139735e-05,0.000253566316842,0.00109195041281,0.000217058073548,0.000377294800802,0.000217058259971,0.00109195376226,3.09640679785,3.10108214596,3.10024375922,3.10108214501,3.09640677945,0.00143950610354,0.00141541527469,0.00141845885141,0.0014154152874,0.00143950613862,0.3916,0.3916,0.3916,0.3916,0.3916,0,0,0,0,0,0.00715200458764,0.00242335821257,0.00118265137514,0.00242335985818,0.00715200667166,1.18855896389,2.16911016081,2.42114374661,2.16910979705,1.18855865039,-0.00348343895254,-0.00119318758468,-0.000559194132901,-0.00119318839163,-0.00348343971545,0.000458188539342,9.15330319216e-05,0.00015905119562,9.15331104102e-05,0.000458189920864,1002.94094431,17.2145173111,-0.348016672055,40.8835289505,978.923915997,4.28812541031e-11,1.23666810299e-19,1.94645263503e-05,2.1936720248e-06,1.44145674511e-07,-0.50703335273,8.74316434298,7.53272590213,8.74315931257,-0.507046452683,-12.8618178832,-12.8618393315,0.723111428777,0.745863389481,0.742900655953,0.74586337725,0.723111396167,-0.594911039779,8.5822337997,7.35227105638,8.58222879542,-0.594924117496,0.723358961346,0.745940987028,0.742929427312,0.745940974855,0.723358928791,0.00045938353867,9.13163315415e-05,0.000158727922697,9.13164099698e-05,0.000459384947781,-0.679558667122,8.4275518355,7.17931738241,8.42754685687,-0.679571722843,0.723603462201,0.746022143012,0.74296472061,0.746022130896,0.723603429699
8.7,0.0435,0.189225,0,-0.477803117461,8.79671981773,7.59281761032,8.79671477867,-0.477816224762,-12.8573577694,-12.8573792148,1,1,0.624511558772,1,1,0.723029576847,0.745838086089,0.742891684463,0.745838073839,0.723029544218,0.000459742259053,9.12433171431e-05,0.0001586185661,9.12433955507e-05,0.000459743677416,0.000459742259053,9.12433171431e-05,0.0001586185661,9.12433955507e-05,0.000459743677416,0.00025392727163,4.07635616601e-05,7.10820279651e-05,4.07635942957e-05,0.000253928285414,0.00109280308784,0.000216884518999,0.000377034861184,0.000216884705374,0.00109280645927,3.09732463843,3.10201727918,3.10117820948,3.10201727822,3.09732461984,0.00144359709587,0.00141937864822,0.00142241354759,0.00141937866099,0.00144359713107,0.3916,0.3916,0.3916,0.3916,0.3916,0,0,0,0,0,0.00715200458764,0.00242335821257,0.00118265137514,0.00242335985818,0.00715200667166,1.18855896389,2.16911016081,2.42114374661,2.16910979705,1.18855865039,-0.00348343895254,-0.00119318758468,-0.000559194132901,-0.00119318839163,-0.00348343971545,0.000458188539342,9.15330319216e-05,0.00015905119562,9.15331104102e-05,0.000458189920864,1005.83126403,17.3154818565,-0.349136674313,41.0311399021,981.766469313,4.27675672654e-11,1.16212920363e-19,1.94767363067e-05,2.2063338861e-06,1.44597579349e-07,-0.477803117461,8.79671981773,7.59281761032,8.79671477867,-0.477816224762,-12.8573577694,-12.8573792148,0.723029576847,0.745838086089,0.742891684463,0.745838073839,0.723029544218,-0.594911039779,8.5822337997,7.35227105638,8.58222879542,-0.594924117496,0.723358961346,0.745940987028,0.742929427312,0.745940974855,0.723358928791,0.000459742259053,9.12433171431e-05,0.0001586185661,9.12433955507e-05,0.000459743677416,-0.679558667122,8.4275518355,7.17931738241,8.42754685687,-0.679571722843,0.723603462201,0.746022143012,0.74296472061,0.746022130896,0.723603429699
8.725,0.043625,0.1903140625,0,-0.448603870615,8.85023139594,7.65287922924,8.85022634825,-0.448616985235,-12.8528886996,-12.8529101419,1,1,0.624511558772,1,1,0.722948051375,0.745813060726,0.742883018636,0.745813048457,0.722948018728,0.00046008105759,9.11699145992e-05,0.000158508413668,9.11699929857e-05,0.00046008248523,0.00046008105759,9.11699145992e-05,0.000158508413668,9.11699929857e-05,0.00046008248523,0.00025427048264,4.07307685831e-05,7.10326651543e-05,4.07308012113e-05,0.000254271505857,0.00109360840882,0.000216710041833,0.000376773029874,0.000216710228157,0.0010936118023,3.09824602436,3.10295563419,3.10211589104,3.10295563323,3.09824600557,0.00144768788002,0.00142334153634,0.00142636763423,0.00142334154917,0.00144768791534,0.3916,0.3916,0.3916,0.3916,0.3916,0,0,0,0,0,0.00715200458764,0.00242335821257,0.00118265137514,0.00242335985818,0.00715200667166,1.18855896389,2.16911016081,2.42114374661,2.16910979705,1.18855865039,-0.00348343895254,-0.00119318758468,-0.000559194132901,-0.00119318839163,-0.00348343971545,0.000458188539342,9.15330319216e-05,0.00015905119562,9.15331104102e-05,0.000458189920864,1008.72158376,17.416743012,-0.350257986808,41.17889685,984.609171932,4.2739145556e-11,1.24124208091e-19,1.9488982438e-05,2.21903218441e-06,1.45049746404e-07,-0.448603870615,8.85023139594,7.65287922924,8.85022634825,-0.448616985235,-12.8528886996,-12.8529101419,0.722948051375,0.745813060726,0.742883018636,0.745813048457,0.722948018728,-0.594911039779,8.5822337997,7.35227105638,8.58222879542,-0.594924117496,0.723358961346,0.745940987028,0.742929427312,0.745940974855,0.723358928791,0.00046008105759,9.11699145992e-05,0.000158508413668,9.11699929857e-05,0.00046008248523,-0.679558667122,8.4275518355,7.17931738241,8.42754685687,-0.679571722843,0.723603462201,0.746022143012,0.74296472061,0.746022130896,0.723603429699
8.75,0.04375,0.19140625,0,-0.419435507793,8.90369915106,7.71291067874,8.90369409477,-0.419448629699,-12.8484106877,-12.8484321271,1,1,0.624511558772,1,1,0.722866850584,0.745788311496,0.742874656211,0.745788299208,0.722866817919,0.000460399864767,9.10961253086e-05,0.000158397467604,9.10962036738e-05,0.000460401301711,0.000460399864767,9.10961253086e-05,0.000158397467604,9.10962036738e-05,0.000460401301711,0.000254594714344,4.06978027245e-05,7.09829466921e-05,4.0697835345e-05,0.000254595747057,0.00109436621052,0.000216534645374,0.000376509312109,0.000216534831647,0.00109436962612,3.09917095686,3.10389720784,3.10305680049,3.10389720688,3.09917093788,0.00145177845679,0.00142730394032,0.00143032111282,0.0014273039532,0.00145177849222,0.3916,0.3916,0.3916,0.3916,0.3916,0,0,0,0,0,0.00715200458764,0.00242335821257,0.00118265137514,0.00242335985818,0.00715200667166,1.18855896389,2.16911016081,2.42114374661,2.16910979705,1.18855865039,-0.00348343895254,-0.00119318758468,-0.000559194132901,-0.00119318839163,-0.00348343971545,0.000458188539342,9.15330319216e-05,0.00015905119562,9.15331104102e-05,0.000458189920864,1011.61190348,17.5183007711,-0.351380619018,41.3267996396,987.452023994,4.30944169239e-11,1.21650871885e-19,1.95012647433e-05,2.23176691973e-06,1.45502176401e-07,-0.419435507793,8.90369915106,7.71291067874,8.90369409477,-0.419448629699,-12.8484106877,-12.8484321271,0.722866850584,0.745788311496,0.742874656211,0.745788299208,0.722866817919,-0.594911039779,8.5822337997,7.35227105638,8.58222879542,-0.594924117496,0.723358961346,0.745940987028,0.742929427312,0.745940974855,0.723358928791,0.000460399864767,9.10961253086e-05,0.000158397467604,9.10962036738e-05,0.000460401301711,-0.679558667122,8.4275518355,7.17931738241,8.42754685687,-0.679571722843,0.723603462201,0.746022143012,0.74296472061,0.746022130896,0.723603429699
8.775,0.043875,0.1925015625,0,-0.390297925035,8.95712315618,7.77291187956,8.95711809132,-0.390311054197,-12.8439237479,-12.8439451842,1,1,0.624511558772,1,1,0.722785972714,0.745763836521,0.742866594947,0.745763824214,0.72278594003,0.000460698610915,9.10219506734e-05,0.000158285730125,9.10220290168e-05,0.000460700057191,0.000460698610915,9.10219506734e-05,0.000158285730125,9.10220290168e-05,0.000460700057191,0.000254899734868,4.06646647105e-05,7.09328735713e-05,4.06646973233e-05,0.000254900777139,0.00109507632735,0.000216358332953,0.000376243713157,0.000216358519175,0.00109507976513,3.10009943734,3.10484199709,3.10400093463,3.10484199613,3.10009941816,0.00145586882695,0.00143126586144,0.00143427398482,0.00143126587437,0.00145586886251,0.3916,0.3916,0.3916,0.3916,0.3916,0,0,0,0,0,0.00715200458764,0.00242335821257,0.00118265137514,0.00242335985818,0.00715200667166,1.18855896389,2.16911016081,2.42114374661,2.16910979705,1.18855865039,-0.00348343895254,-0.00119318758468,-0.000559194132901,-0.00119318839163,-0.00348343971545,0.000458188539342,9.15330319216e-05,0.00015905119562,9.15331104102e-05,0.000458189920864,1014.50222321,17.6201551273,-0.352504580453,41.4748481172,990.295025635,4.34638991464e-11,1.28139144261e-19,1.9513583222e-05,2.24453809206e-06,1.45954870068e-07,-0.390297925035,8.95712315618,7.77291187956,8.95711809132,-0.390311054197,-12.8439237479,-12.8439451842,0.722785972714,0.745763836521,0.742866594947,0.745763824214,0.72278594003,-0.594911039779,8.5822337997,7.35227105638,8.58222879542,-0.594924117496,0.723358961346,0.745940987028,0.742929427312,0.745940974855,0.723358928791,0.000460698610915,9.10219506734e-05,0.000158285730125,9.10220290168e-05,0.000460700057191,-0.679558667122,8.4275518355,7.17931738241,8.42754685687,-0.679571722843,0.723603462201,0.746022143012,0.74296472061,0.746022130896,0.723603429699
8.8,0.044,0.1936,0,-0.361191018825,9.01050348406,7.83288275328,9.01049841066,-0.361204155213,-12.839427894,-12.8394493274,1,1,0.624511558772,1,1,0.72270541602,0.74573963394,0.742858832624,0.745739621614,0.722705383319,0.000460977226206,9.09473920983e-05,0.000158173203457,9.09474704197e-05,0.00046097868184,0.000460977226206,9.09473920983e-05,0.000158173203457,9.09474704197e-05,0.00046097868184,0.00025518531157,4.06313551688e-05,7.088244679e-05,4.06313877737e-05,0.000255186363462,0.00109573859331,0.000216181107911,0.000375976238311,0.000216181294081,0.00109574205334,3.10103146739,3.10578999908,3.10494829037,3.10578999812,3.10103144802,0.0014599589913,0.00143522730096,0.0014382262517,0.00143522731395,0.00145995902697,0.3916,0.3916,0.3916,0.3916,0.3916,0,0,0,0,0,0.00692958813148,0.00222971148858,0.000968244104184,0.00222971308684,0.0069295902099,1.17823976821,2.15477755462,2.41184733989,2.15477720024,1.17823946513,-0.00337166735338,-0.00109648253376,-0.000452167869575,-0.00109648331707,-0.00337166809852,0.000460977226206,9.09473920983e-05,0.000158173203457,9.09474704197e-05,0.00046097868184,1017.39254293,17.722306074,-0.353629880658,41.6230421293,993.138176994,4.36273239757e-11,1.22447082855e-19,1.95259378733e-05,2.2573457014e-06,1.46407828133e-07,-0.361191018825,9.01050348406,7.83288275328,9.01049841066,-0.361204155213,-12.839427894,-12.8394493274,0.72270541602,0.74573963394,0.742858832624,0.745739621614,0.722705383319,-0.361191018825,9.01050348406,7.83288275328,9.01049841066,-0.361204155213,0.72270541602,0.74573963394,0.742858832624,0.745739621614,0.722705383319,0.000460977226206,9.09473920983e-05,0.000158173203457,9.09474704197e-05,0.00046097868184,-0.445111819785,8.85683909784,7.66060479195,8.85683404942,-0.445124934909,0.722942138423,0.745814102523,0.742886744394,0.745814090252,0.722942105775
8.825,0.044125,0.1947015625,0,-0.332114686087,9.06384020711,7.89282322235,9.0638351252,-0.332127829669,-12.8349231402,-12.8349445706,1,1,0.624511558772,1,1,0.722625178777,0.745715701908,0.742851367041,0.745715689564,0.722625146058,0.000461235640642,9.08724509911e-05,0.00015805988984,9.08725292902e-05,0.000461237105661,0.000461235640642,9.08724509911e-05,0.00015805988984,9.08725292902e-05,0.000461237105661,0.000255451211042,4.05978747284e-05,7.08316673514e-05,4.05979073253e-05,0.000255452272618,0.00109635284203,0.000216002973594,0.000375706892892,0.00021600315971,0.00109635632437,3.10196704878,3.10674121109,3.10589886482,3.10674121013,3.10196702921,0.0014640489506,0.00143918826015,0.00144217791492,0.0014391882732,0.00146404898639,0.3916,0.3916,0.3916,0.3916,0.3916,0,0,0,0,0,0.00692958813148,0.00222971148858,0.000968244104184,0.00222971308684,0.0069295902099,1.17823976821,2.15477755462,2.41184733989,2.15477720024,1.17823946513,-0.00337166735338,-0.00109648253376,-0.000452167869575,-0.00109648331707,-0.00337166809852,0.000460977226206,9.09473920983e-05,0.000158173203457,9.09474704197e-05,0.00046097868184,1020.28286265,17.8247536046,-0.354756529212,41.771381523,995.981478206,4.38760139332e-11,1.26394256389e-19,1.95383286964e-05,2.27018974776e-06,1.46861051324e-07,-0.332114686087,9.06384020711,7.89282322235,9.0638351252,-0.332127829669,-12.8349231402,-12.8349445706,0.722625178777,0.745715701908,0.742851367041,0.745715689564,0.722625146058,-0.361191018825,9.01050348406,7.83288275328,9.01049841066,-0.361204155213,0.72270541602,0.74573963394,0.742858832624,0.745739621614,0.722705383319,0.000461235640642,9.08724509911e-05,0.00015805988984,9.08725292902e-05,0.000461237105661,-0.445111819785,8.85683909784,7.66060479195,8.85683404942,-0.445124934909,0.722942138423,0.745814102523,0.742886744394,0.745814090252,0.722942105775
8.85,0.04425,0.19580625,0,-0.30306882418,9.1171333974,7.95273321006,9.11712830701,-0.303081974927,-12.8304095002,-12.8304309276,1,1,0.624511558772,1,1,0.722545259275,0.745692038598,0.742844196014,0.745692026236,0.722545226537,0.000461473784054,9.07971287629e-05,0.000157945791523,9.07972070392e-05,0.000461475258486,0.000461473784054,9.07971287629e-05,0.000157945791523,9.07972070392e-05,0.000461475258486,0.000255697199104,4.05642240196e-05,7.07805362641e-05,4.05642566083e-05,0.000255698270427,0.00109691890671,0.000215823933356,0.000375435682251,0.000215824119418,0.00109692241142,3.10290618347,3.10769563055,3.10685265521,3.10769562959,3.1029061637,0.00146813870562,0.00144314874025,0.00144612897593,0.00144314875336,0.00146813874152,0.3916,0.3916,0.3916,0.3916,0.3916,0,0,0,0,0,0.00692958813148,0.00222971148858,0.000968244104184,0.00222971308684,0.0069295902099,1.17823976821,2.15477755462,2.41184733989,2.15477720024,1.17823946513,-0.00337166735338,-0.00109648253376,-0.000452167869575,-0.00109648331707,-0.00337166809852,0.000460977226206,9.09473920983e-05,0.000158173203457,9.09474704197e-05,0.00046097868184,1023.17318238,17.9274977121,-0.35588453573,41.919866146,998.824929409,4.36841673945e-11,1.30256726629e-19,1.95507556908e-05,2.28307023112e-06,1.47314540369e-07,-0.30306882418,9.1171333974,7.95273321006,9.11712830701,-0.303081974927,-12.8304095002,-12.8304309276,0.722545259275,0.745692038598,0.742844196014,0.745692026236,0.722545226537,-0.361191018825,9.01050348406,7.83288275328,9.01049841066,-0.361204155213,0.72270541602,0.74573963394,0.742858832624,0.745739621614,0.722705383319,0.000461473784054,9.07971287629e-05,0.000157945791523,9.07972070392e-05,0.000461475258486,-0.445111819785,8.85683909784,7.66060479195,8.85683404942,-0.445124934909,0.722942138423,0.745814102523,0.742886744394,0.745814090252,0.722942105775
8.875,0.044375,0.1969140625,0,-0.274053330902,9.17038312668,8.01261264053,9.17037802783,-0.274066488783,-12.825886988,-12.8259084125,1,1,0.624511558772,1,1,0.722465655818,0.745668642198,0.742837317382,0.745668629817,0.722465623063,0.000461691586097,9.07214268271e-05,0.000157830910768,9.07215050804e-05,0.000461693069969,0.000461691586097,9.07214268271e-05,0.000157830910768,9.07215050804e-05,0.000461693069969,0.000255923040802,4.05304036739e-05,7.07290545415e-05,4.05304362543e-05,0.000255924121936,0.00109743662015,0.000215643990556,0.000375162611762,0.000215644176564,0.0010974401473,3.10384887357,3.10865325503,3.10780965893,3.10865325406,3.1038488536,0.00147222825709,0.0014471087425,0.00145007943617,0.00144710875566,0.00147222829312,0.3916,0.3916,0.3916,0.3916,0.3916,0,0,0,0,0,0.00692958813148,0.00222971148858,0.000968244104184,0.00222971308684,0.0069295902099,1.17823976821,2.15477755462,2.41184733989,2.15477720024,1.17823946513,-0.00337166735338,-0.00109648253376,-0.000452167869575,-0.00109648331707,-0.00337166809852,0.000460977226206,9.09473920983e-05,0.000158173203457,9.09474704197e-05,0.00046097868184,1026.0635021,18.0305383897,-0.357013909859,42.0684958464,1001.66853074,4.38689085058e-11,1.26309553095e-19,1.95632188555e-05,2.2959871515e-06,1.47768295999e-07,-0.274053330902,9.17038312668,8.01261264053,9.17037802783,-0.274066488783,-12.825886988,-12.8259084125,0.722465655818,0.745668642198,0.742837317382,0.745668629817,0.722465623063,-0.361191018825,9.01050348406,7.83288275328,9.01049841066,-0.361204155213,0.72270541602,0.74573963394,0.742858832624,0.745739621614,0.722705383319,0.000461691586097,9.07214268271e-05,0.000157830910768,9.07215050804e-05,0.000461693069969,-0.445111819785,8.85683909784,7.66060479195,8.85683404942,-0.445124934909,0.722942138423,0.745814102523,0.742886744394,0.745814090252,0.722942105775
8.9,0.0445,0.198025,0,-0.245068104484,9.22358946635,8.07246143873,9.22358435907,-0.245081269468,-12.8213556174,-12.8213770389,1,1,0.624511558772,1,1,0.722386366729,0.745645510911,0.742830729,0.745645498511,0.722386333956,0.000461888976242,9.06453466004e-05,0.000157715249849,9.06454248303e-05,0.000461890469582,0.000461888976242,9.06453466004e-05,0.000157715249849,9.06454248303e-05,0.000461890469582,0.000256128500405,4.04964143242e-05,7.06772232023e-05,4.04964468962e-05,0.000256129591413,0.0010979058147,0.000215463148563,0.000374887686829,0.000215463334515,0.00109790936435,3.10479512138,3.10961408221,3.10876987352,3.10961408125,3.10479510121,0.00147631760578,0.00145106826813,0.00145402929705,0.00145106828134,0.00147631764193,0.3916,0.3916,0.3916,0.3916,0.3916,0,0,0,0,0,0.00692958813148,0.00222971148858,0.000968244104184,0.00222971308684,0.0069295902099,1.17823976821,2.15477755462,2.41184733989,2.15477720024,1.17823946513,-0.00337166735338,-0.00109648253376,-0.000452167869575,-0.00109648331707,-0.00337166809852,0.000460977226206,9.09473920983e-05,0.000158173203457,9.09474704197e-05,0.00046097868184,1028.95382183,18.1338756305,-0.358144661284,42.217270473,1004.51228232,4.4110493036e-11,1.33746502371e-19,1.95757181899e-05,2.30894050889e-06,1.48222318945e-07,-0.245068104484,9.22358946635,8.07246143873,9.22358435907,-0.245081269468,-12.8213556174,-12.8213770389,0.722386366729,0.745645510911,0.742830729,0.745645498511,0.722386333956,-0.361191018825,9.01050348406,7.83288275328,9.01049841066,-0.361204155213,0.72270541602,0.74573963394,0.742858832624,0.745739621614,0.722705383319,0.000461888976242,9.06453466004e-05,0.000157715249849,9.06454248303e-05,0.000461890469582,-0.445111819785,8.85683909784,7.66060479195,8.85683404942,-0.445124934909,0.722942138423,0.745814102523,0.742886744394,0.745814090252,0.722942105775
8.925,0.044625,0.1991390625,0,-0.216113043589,9.27675248748,8.13227953043,9.2767473718,-0.216126215646,-12.8168154022,-12.8168368207,1,1,0.624511558772,1,1,0.722307390345,0.745622642957,0.742824428742,0.745622630538,0.722307357555,0.000462065883777,9.05688895021e-05,0.000157598811049,9.05689677084e-05,0.000462067386611,0.000462065883777,9.05688895021e-05,0.000157598811049,9.05689677084e-05,0.000462067386611,0.0002563133414,4.04622566047e-05,7.06250432702e-05,4.04622891681e-05,0.000256314442346,0.00109832632226,0.000215281410749,0.000374610912881,0.000215281596645,0.00109832989449,3.10574492935,3.11057810995,3.10973329664,3.11057810898,3.10574490897,0.00148040675241,0.00145502731835,0.00145797856002,0.00145502733162,0.00148040678868,0.3916,0.3916,0.3916,0.3916,0.3916,0,0,0,0,0,0.00692958813148,0.00222971148858,0.000968244104184,0.00222971308684,0.0069295902099,1.17823976821,2.15477755462,2.41184733989,2.15477720024,1.17823946513,-0.00337166735338,-0.00109648253376,-0.000452167869575,-0.00109648331707,-0.00337166809852,0.000460977226206,9.09473920983e-05,0.000158173203457,9.09474704197e-05,0.00046097868184,1031.84414155,18.2375094273,-0.359276799727,42.3661898748,1007.3561843,4.40252279077e-11,1.32831706788e-19,1.95882536933e-05,2.32193030329e-06,1.4867660994e-07,-0.216113043589,9.27675248748,8.13227953043,9.2767473718,-0.216126215646,-12.8168154022,-12.8168368207,0.722307390345,0.745622642957,0.742824428742,0.745622630538,0.722307357555,-0.361191018825,9.01050348406,7.83288275328,9.01049841066,-0.361204155213,0.72270541602,0.74573963394,0.742858832624,0.745739621614,0.722705383319,0.000462065883777,9.05688895021e-05,0.000157598811049,9.05689677084e-05,0.000462067386611,-0.445111819785,8.85683909784,7.66060479195,8.85683404942,-0.445124934909,0.722942138423,0.745814102523,0.742886744394,0.745814090252,0.722942105775
8.95,0.04475,0.20025625,0,-0.187188047312,9.32987226082,8.19206684226,9.32986713677,-0.187201226413,-12.8122663562,-12.8122877717,1,1,0.624511558772,1,1,0.722228725021,0.745600036571,0.742818414503,0.745600024135,0.722228692213,0.000462222237795,9.04920569546e-05,0.000157481596665,9.04921351368e-05,0.000462223750151,0.000462222237795,9.04920569546e-05,0.000157481596665,9.04921351368e-05,0.000462223750151,0.000256477326488,4.04279311507e-05,7.05725157738e-05,4.04279637053e-05,0.000256478437437,0.00109869797432,0.000215098780496,0.000374332295376,0.000215098966334,0.00109870156917,3.1066983001,3.1115453362,3.1106999261,3.11154533524,3.10669827952,0.00148449569771,0.00145898589437,0.00146192722646,0.00145898590769,0.00148449573409,0.3916,0.3916,0.3916,0.3916,0.3916,0,0,0,0,0,0.00692958813148,0.00222971148858,0.000968244104184,0.00222971308684,0.0069295902099,1.17823976821,2.15477755462,2.41184733989,2.15477720024,1.17823946513,-0.00337166735338,-0.00109648253376,-0.000452167869575,-0.00109648331707,-0.00337166809852,0.000460977226206,9.09473920983e-05,0.000158173203457,9.09474704197e-05,0.00046097868184,1034.73446128,18.341439773,-0.360410334944,42.5152539017,1010.20023681,4.39470682068e-11,1.3023978597e-19,1.9600825365e-05,2.33495653469e-06,1.49131169717e-07,-0.187188047312,9.32987226082,8.19206684226,9.32986713677,-0.187201226413,-12.8122663562,-12.8122877717,0.722228725021,0.745600036571,0.742818414503,0.745600024135,0.722228692213,-0.361191018825,9.01050348406,7.83288275328,9.01049841066,-0.361204155213,0.72270541602,0.74573963394,0.742858832624,0.745739621614,0.722705383319,0.000462222237795,9.04920569546e-05,0.000157481596665,9.04921351368e-05,0.000462223750151,-0.445111819785,8.85683909784,7.66060479195,8.85683404942,-0.445124934909,0.722942138423,0.745814102523,0.742886744394,0.745814090252,0.722942105775
8.975,0.044875,0.2013765625,0,-0.158293015176,9.3829488568,8.25182330162,9.3829437244,-0.15830620129,-12.807708493,-12.8077299055,1,1,0.624511558772,1,1,0.722150369125,0.745577690005,0.742812684192,0.74557767755,0.722150336299,0.000462357967197,9.04148503827e-05,0.000157363609002,9.04149285406e-05,0.000462359489102,0.000462357967197,9.04148503827e-05,0.000157363609002,9.04149285406e-05,0.000462359489102,0.000256620217586,4.03934385987e-05,7.05196417468e-05,4.03934711445e-05,0.000256621338601,0.00109902060185,0.00021491526119,0.000374051839795,0.000214915446971,0.0010990242194,3.10765523642,3.11251575906,3.11166975984,3.11251575809,3.10765521563,0.00148858444239,0.00146294399738,0.00146587529779,0.00146294401076,0.00148858447889,0.3916,0.3916,0.3916,0.3916,0.3916,0,0,0,0,0,0.00692958813148,0.00222971148858,0.000968244104184,0.00222971308684,0.0069295902099,1.17823976821,2.15477755462,2.41184733989,2.15477720024,1.17823946513,-0.00337166735338,-0.00109648253376,-0.000452167869575,-0.00109648331707,-0.00337166809852,0.000460977226206,9.09473920983e-05,0.000158173203457,9.09474704197e-05,0.00046097868184,1037.624781,18.4456666604,-0.361545276731,42.6644624036,1013.04443998,4.38689085058e-11,1.27071882747e-19,1.96134332041e-05,2.34801920311e-06,1.49585999011e-07,-0.158293015176,9.3829488568,8.25182330162,9.3829437244,-0.15830620129,-12.807708493,-12.8077299055,0.722150369125,0.745577690005,0.742812684192,0.74557767755,0.722150336299,-0.361191018825,9.01050348406,7.83288275328,9.01049841066,-0.361204155213,0.72270541602,0.74573963394,0.742858832624,0.745739621614,0.722705383319,0.000462357967197,9.04148503827e-05,0.000157363609002,9.04149285406e-05,0.000462359489102,-0.445111819785,8.85683909784,7.66060479195,8.85683404942,-0.445124934909,0.722942138423,0.745814102523,0.742886744394,0.745814090252,0.722942105775
9,0.045,0.2025,0,-0.129427847133,9.43598234551,8.31154883674,9.43597720479,-0.12944104023,-12.8031418263,-12.8031632359,1,1,0.624511558772,1,1,0.722072321041,0.745555601525,0.74280723574,0.745555589052,0.722072288197,0.000462473000682,9.03372712141e-05,0.000157244850378,9.03373493474e-05,0.000462474532165,0.000462473000682,9.03372712141e-05,0.000157244850378,9.03373493474e-05,0.000462474532165,0.000256741775815,4.03587795868e-05,7.04664222278e-05,4.03588121236e-05,0.000256742906962,0.00109929403538,0.000214730856226,0.000373769551648,0.000214731041948,0.0010992976757,3.10861574126,3.11348937674,3.11264279592,3.11348937577,3.10861572026,0.00149267298715,0.00146690162858,0.0014698227754,0.00146690164201,0.00149267302377,0.3916,0.3916,0.3916,0.3916,0.3916,0,0,0,0,0,0.00671655178594,0.00204655689513,0.000766328918379,0.00204655844708,0.00671655386097,1.16819735508,2.14064091822,2.40232630695,2.14064057304,1.1681970621,-0.00326484700395,-0.00100502849378,-0.000351397822749,-0.00100502925397,-0.00326484773207,0.000462473000682,9.03372712141e-05,0.000157244850378,9.03373493474e-05,0.000462474532165,1040.51510072,18.550190082,-0.362681634921,42.8138152314,1015.88879394,4.39825953436e-11,1.24835715766e-19,1.962607721e-05,2.36111830855e-06,1.50041098562e-07,-0.129427847133,9.43598234551,8.31154883674,9.43597720479,-0.12944104023,-12.8031418263,-12.8031632359,0.722072321041,0.745555601525,0.74280723574,0.745555589052,0.722072288197,-0.129427847133,9.43598234551,8.31154883674,9.43597720479,-0.12944104023,0.722072321041,0.745555601525,0.74280723574,0.745555589052,0.722072288197,0.000462473000682,9.03372712141e-05,0.000157244850378,9.03373493474e-05,0.000462474532165,-0.212641238873,9.28332184286,8.13996184946,9.28331672648,-0.212654411417,0.722301602414,0.745623741648,0.742828193994,0.745623729228,0.722301569621
9.025,0.045125,0.2036265625,0,-0.100592443558,9.48897279674,8.37124337665,9.48896764773,-0.100605643609,-12.7985663698,-12.7985877765,1,1,0.624511558772,1,1,0.721994579168,0.745533769411,0.742802067093,0.74553375692,0.721994546307,0.00046256726675,9.02593208793e-05,0.000157125323123,9.02593989876e-05,0.000462568807838,0.00046256726675,9.02593208793e-05,0.000157125323123,9.02593989876e-05,0.000462568807838,0.000256841761506,4.03239547538e-05,7.04128582602e-05,4.03239872815e-05,0.000256842902849,0.00109951810495,0.000214545569002,0.000373485436469,0.000214545754665,0.0010995217681,3.1095798177,3.11446618757,3.11361903254,3.1144661866,3.10957979649,0.00149676133268,0.00147085878913,0.00147376966066,0.00147085880262,0.00149676136942,0.3916,0.3916,0.3916,0.3916,0.3916,0,0,0,0,0,0.00671655178594,0.00204655689513,0.000766328918379,0.00204655844708,0.00671655386097,1.16819735508,2.14064091822,2.40232630695,2.14064057304,1.1681970621,-0.00326484700395,-0.00100502849378,-0.000351397822749,-0.00100502925397,-0.00326484773207,0.000462473000682,9.03372712141e-05,0.000157244850378,9.03373493474e-05,0.000462474532165,1043.40542045,18.6550100306,-0.363819419386,42.9633122362,1018.73329882,4.42810232926e-11,1.31171522212e-19,1.96387573819e-05,2.37425385099e-06,1.50496469107e-07,-0.100592443558,9.48897279674,8.37124337665,9.48896764773,-0.100605643609,-12.7985663698,-12.7985877765,0.721994579168,0.745533769411,0.742802067093,0.74553375692,0.721994546307,-0.129427847133,9.43598234551,8.31154883674,9.43597720479,-0.12944104023,0.722072321041,0.745555601525,0.74280723574,0.745555589052,0.722072288197,0.00046256726675,9.02593208793e-05,0.000157125323123,9.02593989876e-05,0.000462568807838,-0.212641238873,9.28332184286,8.13996184946,9.28331672648,-0.212654411417,0.722301602414,0.745623741648,0.742828193994,0.745623729228,0.722301569621
9.05,0.04525,0.20475625,0,-0.071786705252,9.54192027995,8.43090685117,9.54191512268,-0.071799912227,-12.7939821371,-12.7940035408,1,1,0.624511558772,1,1,0.721917141921,0.745512191961,0.742797176218,0.745512179451,0.721917109042,0.000462640693692,9.01810008113e-05,0.000157005029574,9.01810788942e-05,0.000462642244411,0.000462640693692,9.01810008113e-05,0.000157005029574,9.01810788942e-05,0.000462642244411,0.000256919934189,4.028896474e-05,7.03589508923e-05,4.02889972585e-05,0.000256921085793,0.0010996926401,0.000214359402927,0.000373199499819,0.000214359588529,0.00109969632615,3.11054746899,3.11544618998,3.114598468,3.11544618901,3.11054744757,0.00150084947967,0.0014748154802,0.00147771595494,0.00147481549375,0.00150084951653,0.3916,0.3916,0.3916,0.3916,0.3916,0,0,0,0,0,0.00671655178594,0.00204655689513,0.000766328918379,0.00204655844708,0.00671655386097,1.16819735508,2.14064091822,2.40232630695,2.14064057304,1.1681970621,-0.00326484700395,-0.00100502849378,-0.000351397822749,-0.00100502925397,-0.00326484773207,0.000462473000682,9.03372712141e-05,0.000157244850378,9.03373493474e-05,0.000462474532165,1046.29574017,18.7601264986,-0.364958640039,43.1129532696,1021.57795476,4.43378667114e-11,1.3088353101e-19,1.9651473719e-05,2.38742583044e-06,1.50952111391e-07,-0.071786705252,9.54192027995,8.43090685117,9.54191512268,-0.071799912227,-12.7939821371,-12.7940035408,0.721917141921,0.745512191961,0.742797176218,0.745512179451,0.721917109042,-0.129427847133,9.43598234551,8.31154883674,9.43597720479,-0.12944104023,0.722072321041,0.745555601525,0.74280723574,0.745555589052,0.722072288197,0.000462640693692,9.01810008113e-05,0.000157005029574,9.01810788942e-05,0.000462642244411,-0.212641238873,9.28332184286,8.13996184946,9.28331672648,-0.212654411417,0.722301602414,0.745623741648,0.742828193994,0.745623729228,0.722301569621
9.075,0.045375,0.2058890625,0,-0.0430105334375,9.5948248643,8.4905391909,9.5948196988,-0.0430237473072,-12.7893891417,-12.7894105424,1,1,0.624511558772,1,1,0.721840007729,0.745490867483,0.742792561095,0.745490854956,0.721839974833,0.000462693209588,9.01023124457e-05,0.000156883972082,9.0102390503e-05,0.000462694769967,0.000462693209588,9.01023124457e-05,0.000156883972082,9.0102390503e-05,0.000462694769967,0.000256976052592,4.02538101869e-05,7.03047011772e-05,4.02538426959e-05,0.000256977214523,0.0010998174699,0.000214172361411,0.000372911747283,0.000214172546953,0.00109982117891,3.11151869853,3.11642938253,3.11558110071,3.11642938156,3.11151867689,0.00150493742879,0.00147877170294,0.00148166165961,0.00147877171654,0.00150493746577,0.3916,0.3916,0.3916,0.3916,0.3916,0,0,0,0,0,0.00671655178594,0.00204655689513,0.000766328918379,0.00204655844708,0.00671655386097,1.16819735508,2.14064091822,2.40232630695,2.14064057304,1.1681970621,-0.00326484700395,-0.00100502849378,-0.000351397822749,-0.00100502925397,-0.00326484773207,0.000462473000682,9.03372712141e-05,0.000157244850378,9.03373493474e-05,0.000462474532165,1049.1860599,18.8655394784,-0.366099306835,43.2627381839,1024.42276188,4.42383907284e-11,1.25039003674e-19,1.96642262207e-05,2.4006342469e-06,1.51408026159e-07,-0.0430105334375,9.5948248643,8.4905391909,9.5948196988,-0.0430237473072,-12.7893891417,-12.7894105424,0.721840007729,0.745490867483,0.742792561095,0.745490854956,0.721839974833,-0.129427847133,9.43598234551,8.31154883674,9.43597720479,-0.12944104023,0.722072321041,0.745555601525,0.74280723574,0.745555589052,0.722072288197,0.000462693209588,9.01023124457e-05,0.000156883972082,9.0102390503e-05,0.000462694769967,-0.212641238873,9.28332184286,8.13996184946,9.28331672648,-0.212654411417,0.722301602414,0.745623741648,0.742828193994,0.745623729228,0.722301569621
9.1,0.0455,0.207025,0,-0.0142638297577,9.64768661864,8.55014032725,9.64768144493,-0.0142770504925,-12.7847873971,-12.7848087948,1,1,0.624511558772,1,1,0.721763175035,0.745469794305,0.742788219725,0.74546978176,0.721763142122,0.000462724742308,9.00232572208e-05,0.000156762153008,9.00233352522e-05,0.000462726312375,0.000462724742308,9.00232572208e-05,0.000156762153008,9.00233352522e-05,0.000462726312375,0.000257009874641,4.02184917369e-05,7.02501101728e-05,4.02185242364e-05,0.000257011046964,0.00109989242289,0.000213984447875,0.000372622184473,0.000213984633354,0.00109989615492,3.11249350986,3.11741576387,3.11656692922,3.1174157629,3.11249348801,0.0015090251807,0.00148272745849,0.00148560677601,0.00148272747215,0.0015090252178,0.3916,0.3916,0.3916,0.3916,0.3916,0,0,0,0,0,0.00671655178594,0.00204655689513,0.000766328918379,0.00204655844708,0.00671655386097,1.16819735508,2.14064091822,2.40232630695,2.14064057304,1.1681970621,-0.00326484700395,-0.00100502849378,-0.000351397822749,-0.00100502925397,-0.00326484773207,0.000462473000682,9.03372712141e-05,0.000157244850378,9.03373493474e-05,0.000462474532165,1052.07637962,18.9712489624,-0.367241429768,43.4126668317,1027.26772032,4.42454961558e-11,1.28935355231e-19,1.96770148862e-05,2.41387910038e-06,1.51864214159e-07,-0.0142638297577,9.64768661864,8.55014032725,9.64768144493,-0.0142770504925,-12.7847873971,-12.7848087948,0.721763175035,0.745469794305,0.742788219725,0.74546978176,0.721763142122,-0.129427847133,9.43598234551,8.31154883674,9.43597720479,-0.12944104023,0.722072321041,0.745555601525,0.74280723574,0.745555589052,0.722072288197,0.000462724742308,9.00232572208e-05,0.000156762153008,9.00233352522e-05,0.000462726312375,-0.212641238873,9.28332184286,8.13996184946,9.28331672648,-0.212654411417,0.722301602414,0.745623741648,0.742828193994,0.745623729228,0.722301569621
9.11242207289,0.0455621103644,0.207590590086,1,1.33290901649e-05,9.67394313776,8.57974838898,9.67393795998,1.04951356932e-07,-12.7824987102,-12.7825201065,1,1,0.624511558772,1,1,0.721724183166,0.745457732899,0.74278426283,0.745457720345,0.721724150244,0.000462729942591,8.99837769362e-05,0.000156701221982,8.99838549545e-05,0.00046273151748,0.000462729942591,8.99837769362e-05,0.000156701221982,8.99838549545e-05,0.00046273151748,0.000257015399448,4.02008536559e-05,7.02228050406e-05,4.02008861506e-05,0.000257016576892,0.00109990478391,0.000213890603604,0.000372477351989,0.000213890789053,0.00109990852741,3.11296723543,3.1178949914,3.11704588894,3.11789499042,3.11296721347,0.00151113342983,0.00148482665836,0.00148771836672,0.00148482667202,0.00151113346697,0.3916,0.3916,0.3916,0.3916,0.3916,0,0,0,0,0,0.00671655178594,0.00204655689513,0.000766328918379,0.00204655844708,0.00671655386097,1.16819735508,2.14064091822,2.40232630695,2.14064057304,1.1681970621,-0.00326484700395,-0.00100502849378,-0.000351397822749,-0.00100502925397,-0.00326484773207,0.000462473000682,9.03372712141e-05,0.000157244850378,9.03373493474e-05,0.000462474532165,1053.51253011,19.0238865274,-0.367810065379,43.4871992857,1028.68140729,4.44160264124e-11,1.2798667833e-19,1.96833619396e-05,2.42047379227e-06,1.5211185269e-07,1.33290901649e-05,9.67394313776,8.57974838898,9.67393795998,1.04951356932e-07,-12.7824987102,-12.7825201065,0.721724183166,0.745457732899,0.74278426283,0.745457720345,0.721724150244,-0.129427847133,9.43598234551,8.31154883674,9.43597720479,-0.12944104023,0.722072321041,0.745555601525,0.74280723574,0.745555589052,0.722072288197,0.000462729942591,8.99837769362e-05,0.000156701221982,8.99838549545e-05,0.00046273151748,-0.212641238873,9.28332184286,8.13996184946,9.28331672648,-0.212654411417,0.722301602414,0.745623741648,0.742828193994,0.745623729228,0.722301569621
