time_s,j_A_cm2,charge_C_cm2,stopped,T1_C,T2_C,T3_C,T4_C,T5_C,TEL_C,TER_C,cell1_q_W_cm2,cell2_q_W_cm2,cell3_q_W_cm2,cell4_q_W_cm2,cell5_q_W_cm2,cell1_V_V,cell2_V_V,cell3_V_V,cell4_V_V,cell5_V_V,cell1_ice_bulk,cell2_ice_bulk,cell3_ice_bulk,cell4_ice_bulk,cell5_ice_bulk,cell1_pore_ice_bulk,cell2_pore_ice_bulk,cell3_pore_ice_bulk,cell4_pore_ice_bulk,cell5_pore_ice_bulk,cell1_mem_ice_bulk,cell2_mem_ice_bulk,cell3_mem_ice_bulk,cell4_mem_ice_bulk,cell5_mem_ice_bulk,cell1_pore_ice_saturation,cell2_pore_ice_saturation,cell3_pore_ice_saturation,cell4_pore_ice_saturation,cell5_pore_ice_saturation,cell1_lambda,cell2_lambda,cell3_lambda,cell4_lambda,cell5_lambda,cell1_j_over_jlim,cell2_j_over_jlim,cell3_j_over_jlim,cell4_j_over_jlim,cell5_j_over_jlim,cell1_gas_porosity,cell2_gas_porosity,cell3_gas_porosity,cell4_gas_porosity,cell5_gas_porosity,cell1_state,cell2_state,cell3_state,cell4_state,cell5_state,cell1_risk,cell2_risk,cell3_risk,cell4_risk,cell5_risk,cell1_rT_K_s,cell2_rT_K_s,cell3_rT_K_s,cell4_rT_K_s,cell5_rT_K_s,cell1_rV_V_s,cell2_rV_V_s,cell3_rV_V_s,cell4_rV_V_s,cell5_rV_V_s,cell1_ice_est,cell2_ice_est,cell3_ice_est,cell4_ice_est,cell5_ice_est,E_aux_J,E_gen_J,E_phase_J,E_loss_J,E_sensible_J,energy_residual_J,water_residual_kg,water_inventory_kg,water_produced_kg,water_out_kg,observer_T1_C,observer_T2_C,observer_T3_C,observer_T4_C,observer_T5_C,observer_TEL_C,observer_TER_C,cell1_observer_voltage_V,cell2_observer_voltage_V,cell3_observer_voltage_V,cell4_observer_voltage_V,cell5_observer_voltage_V,cell1_sensor_temperature_C,cell2_sensor_temperature_C,cell3_sensor_temperature_C,cell4_sensor_temperature_C,cell5_sensor_temperature_C,cell1_sensor_voltage_V,cell2_sensor_voltage_V,cell3_sensor_voltage_V,cell4_sensor_voltage_V,cell5_sensor_voltage_V,cell1_observer_ice_bulk,cell2_observer_ice_bulk,cell3_observer_ice_bulk,cell4_observer_ice_bulk,cell5_observer_ice_bulk,cell1_filtered_temperature_C,cell2_filtered_temperature_C,cell3_filtered_temperature_C,cell4_filtered_temperature_C,cell5_filtered_temperature_C,cell1_filtered_voltage_V,cell2_filtered_voltage_V,cell3_filtered_voltage_V,cell4_filtered_voltage_V,cell5_filtered_voltage_V
0,0,0,0,-3.32938094217,-3.19052872193,-3.15262401928,-3.19052844033,-3.32939285076,-3.54304595884,-3.54308307816,0,0,0,0,0,1.24400840926,1.24388571656,1.24385222318,1.24388571631,1.24400841978,0,0,0,0,0,0,0,0,0,0,0,0,0,0,0,0,0,0,0,0,3,3,3,3,3,0,0,0,0,0,0.3916,0.3916,0.3916,0.3916,0.3916,0,0,0,0,0,0,0,0,0,0,0,0,0,0,0,0,0,0,0,0,0,0,0,0,0,0,0,0,0,0,0,0,1.7415e-05,0,0,-3.32938094217,-3.19052872193,-3.15262401928,-3.19052844033,-3.32939285076,-3.54304595884,-3.54308307816,1.24400840926,1.24388571656,1.24385222318,1.24388571631,1.24400841978,-3.32938094217,-3.19052872193,-3.15262401928,-3.19052844033,-3.32939285076,1.24400840926,1.24388571656,1.24385222318,1.24388571631,1.24400841978,0,0,0,0,0,-3.32938094217,-3.19052872193,-3.15262401928,-3.19052844033,-3.32939285076,1.24400840926,1.24388571656,1.24385222318,1.24388571631,1.24400841978
0.025,0.000125,1.5625e-06,0,-3.2813407243,-3.10994839834,-3.10206318496,-3.1099481524,-3.28135268454,-3.5429518609,-3.54298897117,1,1,0.624511558772,1,1,0.995915039579,0.996490441323,0.996514866375,0.996490442143,0.995914999585,8.18656408356e-11,7.8465405556e-11,7.75369052643e-11,7.84653986417e-11,8.1865932365e-11,2.96944007152e-11,2.83326755022e-11,2.79626239748e-11,2.83326727504e-11,2.96945179152e-11,8.18656408356e-11,7.8465405556e-11,7.75369052643e-11,7.84653986417e-11,8.1865932365e-11,7.05833152251e-11,6.73465070174e-11,6.64668979672e-11,6.73465004763e-11,7.05835938084e-11,2.99992609601,2.99992609602,2.99992609602,2.99992609602,2.99992609601,4.15167800196e-06,4.14986052867e-06,4.1502614214e-06,4.14986052733e-06,4.15167809472e-06,0.3916,0.3916,0.3916,0.3916,0.3916,0,0,0,0,0,0,0,0,0,0,0,0,0,0,0,0,0,0,0,0,0,0,0,0,0,2.89031972423,8.8179188517e-05,-0.0010868045423,0.133593266478,2.7557278324,8.79851747015e-14,-3.16141812673e-21,1.74145959299e-05,1.82185054672e-11,4.22288559291e-10,-3.2813407243,-3.10994839834,-3.10206318496,-3.1099481524,-3.28135268454,-3.5429518609,-3.54298897117,0.995915039579,0.996490441323,0.996514866375,0.996490442143,0.995914999585,-3.32938094217,-3.19052872193,-3.15262401928,-3.19052844033,-3.32939285076,1.24400840926,1.24388571656,1.24385222318,1.24388571631,1.24400841978,8.18656408356e-11,7.8465405556e-11,7.75369052643e-11,7.84653986417e-11,8.1865932365e-11,-3.32938094217,-3.19052872193,-3.15262401928,-3.19052844033,-3.32939285076,1.24400840926,1.24388571656,1.24385222318,1.24388571631,1.24400841978
0.05,0.00025,6.25e-06,0,-3.23339136057,-3.02953851147,-3.05132496439,-3.02953830113,-3.23340337222,-3.54284055626,-3.54287765751,1,1,0.624511558772,1,1,0.963811065128,0.964471003323,0.964398803898,0.964471003999,0.963811026389,1.68205243352e-10,1.59066612151e-10,1.58312027267e-10,1.59066598187e-10,1.6820590617e-10,1.68205243352e-10,1.59066612151e-10,1.58312027267e-10,1.59066598187e-10,1.6820590617e-10,8.18656408356e-11,7.8465405556e-11,7.75369052643e-11,7.84653986417e-11,8.1865932365e-11,3.99822304141e-10,3.78099862494e-10,3.76306221219e-10,3.78099829301e-10,3.99823879654e-10,2.9998578907,2.99985787305,2.99985788285,2.99985787305,2.9998578907,8.30261399245e-06,8.2984560361e-06,8.29972838657e-06,8.298456034e-06,8.30261417874e-06,0.3916,0.3916,0.3916,0.3916,0.3916,0,0,0,0,0,0,0,0,0,0,0,0,0,0,0,0,0,0,0,0,0,0,0,0,0,5.78063944846,0.000382559319118,-0.0020919133727,0.267426279646,5.51150381477,1.40054634556e-13,9.63499977502e-22,1.74142480167e-05,7.28740218687e-11,8.24857281817e-10,-3.23339136057,-3.02953851147,-3.05132496439,-3.02953830113,-3.23340337222,-3.54284055626,-3.54287765751,0.963811065128,0.964471003323,0.964398803898,0.964471003999,0.963811026389,-3.32938094217,-3.19052872193,-3.15262401928,-3.19052844033,-3.32939285076,1.24400840926,1.24388571656,1.24385222318,1.24388571631,1.24400841978,1.68205243352e-10,1.59066612151e-10,1.58312027267e-10,1.59066598187e-10,1.6820590617e-10,-3.32938094217,-3.19052872193,-3.15262401928,-3.19052844033,-3.32939285076,1.24400840926,1.24388571656,1.24385222318,1.24388571631,1.24400841978
0.075,0.000375,1.40625e-05,0,-3.1855338523,-2.94929964259,-3.00041312721,-2.94929946778,-3.18554591515,-3.54271208414,-3.54274917638,1,1,0.624511558772,1,1,0.945079105212,0.945827263527,0.9456640651,0.945827264076,0.945079067147,4.99230045406e-10,4.68461294279e-10,4.6994871335e-10,4.68461257848e-10,4.99231989249e-10,4.99230045406e-10,4.68461294279e-10,4.6994871335e-10,4.68461257848e-10,4.99231989249e-10,8.18656408356e-11,7.8465405556e-11,7.75369052643e-11,7.84653986417e-11,8.1865932365e-11,1.18666518994e-09,1.11352815374e-09,1.11706373508e-09,1.11352806714e-09,1.18666981043e-09,2.99978974003,2.99978970437,2.99978972484,2.99978970437,2.99978974003,1.24528729667e-05,1.24458950496e-05,1.24484626678e-05,1.24458950473e-05,1.24528732473e-05,0.3916,0.3916,0.3916,0.3916,0.3916,0,0,0,0,0,0,0,0,0,0,0,0,0,0,0,0,0,0,0,0,0,0,0,0,0,8.6709591727,0.000896238105316,-0.00309767173535,0.401498580227,8.26725915884,9.60342916301e-14,5.03455208024e-22,1.74139368182e-05,1.63966549205e-10,1.22714830477e-09,-3.1855338523,-2.94929964259,-3.00041312721,-2.94929946778,-3.18554591515,-3.54271208414,-3.54274917638,0.945079105212,0.945827263527,0.9456640651,0.945827264076,0.945079067147,-3.32938094217,-3.19052872193,-3.15262401928,-3.19052844033,-3.32939285076,1.24400840926,1.24388571656,1.24385222318,1.24388571631,1.24400841978,4.99230045406e-10,4.68461294279e-10,4.6994871335e-10,4.68461257848e-10,4.99231989249e-10,-3.32938094217,-3.19052872193,-3.15262401928,-3.19052844033,-3.32939285076,1.24400840926,1.24388571656,1.24385222318,1.24388571631,1.24400841978
0.1,0.0005,2.5e-05,0,-3.13776785505,-2.86923038532,-2.94932942201,-2.86923024599,-3.13777996886,-3.5425664836,-3.54260356686,1,1,0.624511558772,1,1,0.93182093989,0.93265802146,0.932407329664,0.93265802189,0.93182090226,1.09864080079e-09,1.02242822961e-09,1.03362814102e-09,1.02242815929e-09,1.09864507579e-09,1.09864080079e-09,1.02242822961e-09,1.03362814102e-09,1.02242815929e-09,1.09864507579e-09,8.18656408356e-11,7.8465405556e-11,7.75369052643e-11,7.84653986417e-11,8.1865932365e-11,2.61145899879e-09,2.4303024236e-09,2.4569245092e-09,2.43030225645e-09,2.61146916042e-09,2.99972172353,2.99972166872,2.99972170074,2.99972166872,2.99972172353,1.6602439725e-05,1.65921521496e-05,1.65964423258e-05,1.65921521476e-05,1.66024401005e-05,0.3916,0.3916,0.3916,0.3916,0.3916,0,0,0,0,0,0,0,0,0,0,0,0,0,0,0,0,0,0,0,0,0,0,0,0,0,11.5612788969,0.00163656880042,-0.00410347140095,0.535809710668,11.0230022837,1.31783473023e-13,-3.29363467584e-21,1.74136620412e-05,2.91496087475e-10,1.62945488058e-09,-3.13776785505,-2.86923038532,-2.94932942201,-2.86923024599,-3.13777996886,-3.5425664836,-3.54260356686,0.93182093989,0.93265802146,0.932407329664,0.93265802189,0.93182090226,-3.32938094217,-3.19052872193,-3.15262401928,-3.19052844033,-3.32939285076,1.24400840926,1.24388571656,1.24385222318,1.24388571631,1.24400841978,1.09864080079e-09,1.02242822961e-09,1.03362814102e-09,1.02242815929e-09,1.09864507579e-09,-3.32938094217,-3.19052872193,-3.15262401928,-3.19052844033,-3.32939285076,1.24400840926,1.24388571656,1.24385222318,1.24388571631,1.24400841978
0.125,0.000625,3.90625e-05,0,-3.09009307262,-2.78932941814,-2.89807565247,-2.78932931425,-3.09010523717,-3.54240379359,-3.5424408679,1,1,0.624511558772,1,1,0.921561483075,0.922487416004,0.922151909096,0.922487416321,0.921561445751,2.03863324117e-09,1.88074001043e-09,1.91612941671e-09,1.88073989735e-09,2.03864121589e-09,2.03863324117e-09,1.88074001043e-09,1.91612941671e-09,1.88073989735e-09,2.03864121589e-09,8.18656408356e-11,7.8465405556e-11,7.75369052643e-11,7.84653986417e-11,8.1865932365e-11,4.8458123156e-09,4.47050156984e-09,4.55462186049e-09,4.47050130106e-09,4.84583127144e-09,2.99965387623,2.99965380116,2.9996538456,2.99965380116,2.99965387624,2.07513167548e-05,2.07372314266e-05,2.07436639736e-05,2.07372314254e-05,2.0751317226e-05,0.3916,0.3916,0.3916,0.3916,0.3916,0,0,0,0,0,0,0,0,0,0,0,0,0,0,0,0,0,0,0,0,0,0,0,0,0,14.4515986212,0.00260869642847,-0.00510931325532,0.670359214893,13.7787387894,1.37001521239e-13,2.20122687168e-21,1.7413423679e-05,4.55462636679e-10,2.03178361056e-09,-3.09009307262,-2.78932941814,-2.89807565247,-2.78932931425,-3.09010523717,-3.54240379359,-3.5424408679,0.921561483075,0.922487416004,0.922151909096,0.922487416321,0.921561445751,-3.32938094217,-3.19052872193,-3.15262401928,-3.19052844033,-3.32939285076,1.24400840926,1.24388571656,1.24385222318,1.24388571631,1.24400841978,2.03863324117e-09,1.88074001043e-09,1.91612941671e-09,1.88073989735e-09,2.03864121589e-09,-3.32938094217,-3.19052872193,-3.15262401928,-3.19052844033,-3.32939285076,1.24400840926,1.24388571656,1.24385222318,1.24388571631,1.24400841978
0.15,0.00075,5.625e-05,0,-3.04250922862,-2.70959546217,-2.84665363551,-2.70959539364,-3.04252144369,-3.54222405296,-3.54226111833,1,1,0.624511558772,1,1,0.913198356843,0.914212796282,0.913794708851,0.914212796488,0.913198319744,3.3877430915e-09,3.0970591977e-09,3.18023191862e-09,3.09705903825e-09,3.38775645664e-09,3.3877430915e-09,3.0970591977e-09,3.18023191862e-09,3.09705903825e-09,3.38775645664e-09,8.18656408356e-11,7.8465405556e-11,7.75369052643e-11,7.84653986417e-11,8.1865932365e-11,8.05263392321e-09,7.36168100238e-09,7.55938178898e-09,7.36168062336e-09,8.05266569205e-09,2.9995862313,2.99958613485,2.99958619257,2.99958613485,2.99958623131,2.48995074091e-05,2.48811383881e-05,2.48901251979e-05,2.48811383883e-05,2.48995079767e-05,0.3916,0.3916,0.3916,0.3916,0.3916,0,0,0,0,0,0,0,0,0,0,0,0,0,0,0,0,0,0,0,0,0,0,0,0,0,17.3419183454,0.00381657534226,-0.00611519817122,0.805146638212,16.5344730844,6.97220059465e-14,3.85770567915e-21,1.74132217302e-05,6.55866196818e-10,2.43413596717e-09,-3.04250922862,-2.70959546217,-2.84665363551,-2.70959539364,-3.04252144369,-3.54222405296,-3.54226111833,0.913198356843,0.914212796282,0.913794708851,0.914212796488,0.913198319744,-3.32938094217,-3.19052872193,-3.15262401928,-3.19052844033,-3.32939285076,1.24400840926,1.24388571656,1.24385222318,1.24388571631,1.24400841978,3.3877430915e-09,3.0970591977e-09,3.18023191862e-09,3.09705903825e-09,3.38775645664e-09,-3.32938094217,-3.19052872193,-3.15262401928,-3.19052844033,-3.32939285076,1.24400840926,1.24388571656,1.24385222318,1.24388571631,1.24400841978
0.175,0.000875,7.65625e-05,0,-2.99501605876,-2.63002726947,-2.79506518986,-2.63002723625,-2.99502832412,-3.54202730042,-3.54206435687,1,1,0.624511558772,1,1,0.90614357136,0.907246065433,0.906747353961,0.907246065531,0.906143534429,5.21086216637e-09,4.71896664642e-09,4.88469230807e-09,4.71896644492e-09,5.21088293844e-09,5.21086216637e-09,4.71896664642e-09,4.88469230807e-09,4.71896644492e-09,5.21088293844e-09,8.18656408356e-11,7.8465405556e-11,7.75369052643e-11,7.84653986417e-11,8.1865932365e-11,1.23861710634e-08,1.12169399725e-08,1.16108683339e-08,1.12169394935e-08,1.23862204384e-08,2.99951882014,2.99951870121,2.99951877306,2.99951870121,2.99951882015,2.90470150614e-05,2.90238785482e-05,2.90358236763e-05,2.90238785504e-05,2.90470157261e-05,0.3916,0.3916,0.3916,0.3916,0.3916,0,0,0,0,0,0,0,0,0,0,0,0,0,0,0,0,0,0,0,0,0,0,0,0,0,20.2322380696,0.00526341203942,-0.00712112606425,0.940171527255,19.2902088283,8.65973959208e-14,1.26313788259e-21,1.74130561939e-05,8.92706767891e-10,2.83651286898e-09,-2.99501605876,-2.63002726947,-2.79506518986,-2.63002723625,-2.99502832412,-3.54202730042,-3.54206435687,0.90614357136,0.907246065433,0.906747353961,0.907246065531,0.906143534429,-3.32938094217,-3.19052872193,-3.15262401928,-3.19052844033,-3.32939285076,1.24400840926,1.24388571656,1.24385222318,1.24388571631,1.24400841978,5.21086216637e-09,4.71896664642e-09,4.88469230807e-09,4.71896644492e-09,5.21088293844e-09,-3.32938094217,-3.19052872193,-3.15262401928,-3.19052844033,-3.32939285076,1.24400840926,1.24388571656,1.24385222318,1.24388571631,1.24400841978
0.2,0.001,0.0001,0,-2.94761330679,-2.5506236169,-2.74331213019,-2.55062361893,-2.94762562222,-3.54181357461,-3.54185062216,1,1,0.624511558772,1,1,0.900046180945,0.901236237095,0.900658666196,0.901236237086,0.900046144142,7.5692543138e-09,6.78798928705e-09,7.08422192676e-09,6.78798905847e-09,7.5692848387e-09,7.5692543138e-09,6.78798928705e-09,7.08422192676e-09,6.78798905847e-09,7.5692848387e-09,8.18656408356e-11,7.8465405556e-11,7.75369052643e-11,7.84653986417e-11,8.1865932365e-11,1.79920473349e-08,1.61349876089e-08,1.68391298473e-08,1.61349870655e-08,1.79921198923e-08,2.9994516725,2.99945152998,2.9994516168,2.99945152998,2.9994516725,3.31938430762e-05,3.31654573799e-05,3.31807571457e-05,3.31654573844e-05,3.31938438387e-05,0.3916,0.3916,0.3916,0.3916,0.3916,0,0,0,0,0,0.200000003058,0.200000002743,0.200000002862,0.200000002743,0.200000003058,0.888555368893,1.48936437759,0.952663984293,1.48936371745,0.88855442198,-0.800564155618,-0.797508762938,-0.798775090816,-0.797508762379,-0.800564265766,7.5692543138e-09,6.78798928705e-09,7.08422192676e-09,6.78798905847e-09,7.5692848387e-09,23.1225577939,0.00695189894422,-0.00812709631488,1.07543342993,22.0459491666,4.68514116392e-14,2.8640301529e-21,1.74129270694e-05,1.1659843499e-09,3.23891493224e-09,-2.94761330679,-2.5506236169,-2.74331213019,-2.55062361893,-2.94762562222,-3.54181357461,-3.54185062216,0.900046180945,0.901236237095,0.900658666196,0.901236237086,0.900046144142,-2.94761330679,-2.5506236169,-2.74331213019,-2.55062361893,-2.94762562222,0.900046180945,0.901236237095,0.900658666196,0.901236237086,0.900046144142,7.5692543138e-09,6.78798928705e-09,7.08422192676e-09,6.78798905847e-09,7.5692848387e-09,-3.0482461629,-2.71930077125,-2.85120557275,-2.71930069852,-3.04825837109,0.990713639947,0.991557659258,0.991123505636,0.991557659186,0.99071361562
0.225,0.001125,0.0001265625,0,-2.90030072212,-2.47138330238,-2.69139626372,-2.4713833396,-2.9003130874,-3.54158291402,-3.5416199527,1,1,0.624511558772,1,1,0.894679839242,0.895956953826,0.89530214681,0.895956953714,0.894679802537,1.05205712085e-08,9.33962737269e-09,9.8294645742e-09,9.33962714529e-09,1.05206141652e-08,1.05205712085e-08,9.33962737269e-09,9.8294645742e-09,9.33962714529e-09,1.05206141652e-08,8.18656408356e-11,7.8465405556e-11,7.75369052643e-11,7.84653986417e-11,8.1865932365e-11,2.5007300234e-08,2.22002076841e-08,2.33645461712e-08,2.22002071435e-08,2.50074023417e-08,2.99938481651,2.99938464933,2.99938475196,2.99938464933,2.99938481651,3.73399948083e-05,3.73058803133e-05,3.7324923401e-05,3.73058803208e-05,3.73399956694e-05,0.3916,0.3916,0.3916,0.3916,0.3916,0,0,0,0,0,0.200000003058,0.200000002743,0.200000002862,0.200000002743,0.200000003058,0.888555368893,1.48936437759,0.952663984293,1.48936371745,0.88855442198,-0.800564155618,-0.797508762938,-0.798775090816,-0.797508762379,-0.800564265766,7.5692543138e-09,6.78798928705e-09,7.08422192676e-09,6.78798905847e-09,7.5692848387e-09,26.0128775181,0.00888435316757,-0.00913310803281,1.21093189541,24.8016968678,-1.35447209004e-14,-5.19866471377e-22,1.74128343564e-05,1.47569894284e-09,3.64134258002e-09,-2.90030072212,-2.47138330238,-2.69139626372,-2.4713833396,-2.9003130874,-3.54158291402,-3.5416199527,0.894679839242,0.895956953826,0.89530214681,0.895956953714,0.894679802537,-2.94761330679,-2.5506236169,-2.74331213019,-2.55062361893,-2.94762562222,0.900046180945,0.901236237095,0.900658666196,0.901236237086,0.900046144142,1.05205712085e-08,9.33962737269e-09,9.8294645742e-09,9.33962714529e-09,1.05206141652e-08,-3.0482461629,-2.71930077125,-2.85120557275,-2.71930069852,-3.04825837109,0.990713639947,0.991557659258,0.991123505636,0.991557659186,0.99071361562
0.25,0.00125,0.00015625,0,-2.85307805825,-2.39230514247,-2.63931938799,-2.39230521482,-2.85309047317,-3.54133535707,-3.54137238689,1,1,0.624511558772,1,1,0.889890012884,0.891253685201,0.890523156243,0.891253684985,0.889889976253,1.41188679965e-08,1.24033812008e-08,1.31669746588e-08,1.24033810188e-08,1.41189264006e-08,1.41188679965e-08,1.24033812008e-08,1.31669746588e-08,1.24033810188e-08,1.41189264006e-08,8.18656408356e-11,7.8465405556e-11,7.75369052643e-11,7.84653986417e-11,8.1865932365e-11,3.35604183421e-08,2.94827221316e-08,3.12977767026e-08,2.94827216991e-08,3.35605571681e-08,2.99931827881,2.99931808591,2.99931820514,2.99931808591,2.99931827881,4.14854736029e-05,4.14451527368e-05,4.14683202945e-05,4.14451527479e-05,4.14854745631e-05,0.3916,0.3916,0.3916,0.3916,0.3916,0,0,0,0,0,0.200000003058,0.200000002743,0.200000002862,0.200000002743,0.200000003058,0.888555368893,1.48936437759,0.952663984293,1.48936371745,0.88855442198,-0.800564155618,-0.797508762938,-0.798775090816,-0.797508762379,-0.800564265766,7.5692543138e-09,6.78798928705e-09,7.08422192676e-09,6.78798905847e-09,7.5692848387e-09,28.9031972423,0.0110628056968,-0.0101391602185,1.34666647408,27.5574544137,1.6409096304e-13,4.87890977618e-21,1.74127780544e-05,1.82185054672e-09,4.04379610854e-09,-2.85307805825,-2.39230514247,-2.63931938799,-2.39230521482,-2.85309047317,-3.54133535707,-3.54137238689,0.889890012884,0.891253685201,0.890523156243,0.891253684985,0.889889976253,-2.94761330679,-2.5506236169,-2.74331213019,-2.55062361893,-2.94762562222,0.900046180945,0.901236237095,0.900658666196,0.901236237086,0.900046144142,1.41188679965e-08,1.24033812008e-08,1.31669746588e-08,1.24033810188e-08,1.41189264006e-08,-3.0482461629,-2.71930077125,-2.85120557275,-2.71930069852,-3.04825837109,0.990713639947,0.991557659258,0.991123505636,0.991557659186,0.99071361562
0.275,0.001375,0.0001890625,0,-2.80594507179,-2.31338797067,-2.58708328954,-2.3133880781,-2.80595753611,-3.54107094207,-3.54110796307,1,1,0.624511558772,1,1,0.885566489812,0.887016228884,0.886211404785,0.887016228567,0.885566453236,1.8414618793e-08,1.60027773176e-08,1.71391957151e-08,1.60027772439e-08,1.84146960003e-08,1.8414618793e-08,1.60027773176e-08,1.71391957151e-08,1.60027772439e-08,1.84146960003e-08,8.18656408356e-11,7.8465405556e-11,7.75369052643e-11,7.84653986417e-11,8.1865932365e-11,4.37713781626e-08,3.80384533341e-08,4.073970933e-08,3.80384531589e-08,4.37715616835e-08,2.99925208459,2.99925186492,2.99925200156,2.99925186492,2.9992520846,4.56302827951e-05,4.55832799977e-05,4.56109457354e-05,4.55832800128e-05,4.56302838552e-05,0.3916,0.3916,0.3916,0.3916,0.3916,0,0,0,0,0,0.200000003058,0.200000002743,0.200000002862,0.200000002743,0.200000003058,0.888555368893,1.48936437759,0.952663984293,1.48936371745,0.88855442198,-0.800564155618,-0.797508762938,-0.798775090816,-0.797508762379,-0.800564265766,7.5692543138e-09,6.78798928705e-09,7.08422192676e-09,6.78798905847e-09,7.5692848387e-09,31.7935169666,0.0134890621497,-0.0111452518668,1.48263671756,30.3132240593,3.1019631308e-13,2.45586615145e-21,1.74127581634e-05,2.20443916153e-09,4.44627572981e-09,-2.80594507179,-2.31338797067,-2.58708328954,-2.3133880781,-2.80595753611,-3.54107094207,-3.54110796307,0.885566489812,0.887016228884,0.886211404785,0.887016228567,0.885566453236,-2.94761330679,-2.5506236169,-2.74331213019,-2.55062361893,-2.94762562222,0.900046180945,0.901236237095,0.900658666196,0.901236237086,0.900046144142,1.8414618793e-08,1.60027773176e-08,1.71391957151e-08,1.60027772439e-08,1.84146960003e-08,-3.0482461629,-2.71930077125,-2.85120557275,-2.71930069852,-3.04825837109,0.990713639947,0.991557659258,0.991123505636,0.991557659186,0.99071361562
0.3,0.0015,0.000225,0,-2.75890152164,-2.23463063618,-2.53468974287,-2.23463077863,-2.75891403516,-3.54078970723,-3.54082671941,1,1,0.624511558772,1,1,0.88162790118,0.88316322895,0.882285464539,0.883163228532,0.881627864642,2.34547320333e-08,2.01553942134e-08,2.17844392813e-08,2.0155394332e-08,2.34548317432e-08,2.34547320333e-08,2.01553942134e-08,2.17844392813e-08,2.0155394332e-08,2.34548317432e-08,8.18656408356e-11,7.8465405556e-11,7.75369052643e-11,7.84653986417e-11,8.1865932365e-11,5.57516806116e-08,4.79091851993e-08,5.17814102241e-08,4.79091854814e-08,5.57519176211e-08,2.99918625769,2.99918601023,2.99918616504,2.99918601023,2.9991862577,4.97744257108e-05,4.97202674025e-05,4.97527976888e-05,4.97202674222e-05,4.97744268715e-05,0.3916,0.3916,0.3916,0.3916,0.3916,0,0,0,0,0,0.200000003058,0.200000002743,0.200000002862,0.200000002743,0.200000003058,0.888555368893,1.48936437759,0.952663984293,1.48936371745,0.88855442198,-0.800564155618,-0.797508762938,-0.798775090816,-0.797508762379,-0.800564265766,7.5692543138e-09,6.78798928705e-09,7.08422192676e-09,6.78798905847e-09,7.5692848387e-09,34.6838366908,0.0161647460339,-0.0121513820349,1.61884217867,33.0690078761,3.34621219622e-13,-4.81749988751e-22,1.74127746832e-05,2.62346478727e-09,4.84878160003e-09,-2.75890152164,-2.23463063618,-2.53468974287,-2.23463077863,-2.75891403516,-3.54078970723,-3.54082671941,0.88162790118,0.88316322895,0.882285464539,0.883163228532,0.881627864642,-2.94761330679,-2.5506236169,-2.74331213019,-2.55062361893,-2.94762562222,0.900046180945,0.901236237095,0.900658666196,0.901236237086,0.900046144142,2.34547320333e-08,2.01553942134e-08,2.17844392813e-08,2.0155394332e-08,2.34548317432e-08,-3.0482461629,-2.71930077125,-2.85120557275,-2.71930069852,-3.04825837109,0.990713639947,0.991557659258,0.991123505636,0.991557659186,0.99071361562
0.325,0.001625,0.0002640625,0,-2.71194716854,-2.15603200298,-2.48214050979,-2.15603218038,-2.71195973105,-3.54049169066,-3.54052869405,1,1,0.624511558772,1,1,0.878012460449,0.879632913118,0.878683502573,0.879632912601,0.878012423937,2.92825656792e-08,2.48728875145e-08,2.71368641274e-08,2.48728879336e-08,2.92826919385e-08,2.92825656792e-08,2.48728875145e-08,2.71368641274e-08,2.48728879336e-08,2.92826919385e-08,8.18656408356e-11,7.8465405556e-11,7.75369052643e-11,7.84653986417e-11,8.1865932365e-11,6.96043871624e-08,5.91226230437e-08,6.45040744649e-08,5.91226240399e-08,6.96046872796e-08,2.99912082064,2.99912054438,2.99912071812,2.99912054438,2.99912082065,5.39179056662e-05,5.38561202178e-05,5.38938741755e-05,5.38561202425e-05,5.39179069282e-05,0.3916,0.3916,0.3916,0.3916,0.3916,0,0,0,0,0,0.200000003058,0.200000002743,0.200000002862,0.200000002743,0.200000003058,0.888555368893,1.48936437759,0.952663984293,1.48936371745,0.88855442198,-0.800564155618,-0.797508762938,-0.798775090816,-0.797508762379,-0.800564265766,7.5692543138e-09,6.78798928705e-09,7.08422192676e-09,6.78798905847e-09,7.5692848387e-09,37.574156415,0.0190913306469,-0.0131575498876,1.75528241142,35.8248077844,2.40918396344e-13,8.3072756302e-21,1.74128276136e-05,3.07892742395e-09,5.25131383866e-09,-2.71194716854,-2.15603200298,-2.48214050979,-2.15603218038,-2.71195973105,-3.54049169066,-3.54052869405,0.878012460449,0.879632913118,0.878683502573,0.879632912601,0.878012423937,-2.94761330679,-2.5506236169,-2.74331213019,-2.55062361893,-2.94762562222,0.900046180945,0.901236237095,0.900658666196,0.901236237086,0.900046144142,2.92825656792e-08,2.48728875145e-08,2.71368641274e-08,2.48728879336e-08,2.92826919385e-08,-3.0482461629,-2.71930077125,-2.85120557275,-2.71930069852,-3.04825837109,0.990713639947,0.991557659258,0.991123505636,0.991557659186,0.99071361562
0.35,0.00175,0.00030625,0,-2.66508177463,-2.07759094905,-2.42943733899,-2.07759116135,-2.6650943859,-3.54017693035,-3.54021392497,1,1,0.624511558772,1,1,0.874672144553,0.876377272934,0.875357458359,0.876377272318,0.874672108057,3.5937942281e-08,3.01610146818e-08,3.32264558292e-08,3.01610155358e-08,3.59380994871e-08,3.5937942281e-08,3.01610146818e-08,3.32264558292e-08,3.01610155358e-08,3.59380994871e-08,8.18656408356e-11,7.8465405556e-11,7.75369052643e-11,7.84653986417e-11,8.1865932365e-11,8.54241556477e-08,7.1692452298e-08,7.8978977488e-08,7.1692454328e-08,8.54245293253e-08,2.99905579476,2.99905548872,2.99905568211,2.99905548872,2.99905579476,5.80607259678e-05,5.79908436704e-05,5.80341732711e-05,5.79908437008e-05,5.80607273317e-05,0.3916,0.3916,0.3916,0.3916,0.3916,0,0,0,0,0,0.200000003058,0.200000002743,0.200000002862,0.200000002743,0.200000003058,0.888555368893,1.48936437759,0.952663984293,1.48936371745,0.88855442198,-0.800564155618,-0.797508762938,-0.798775090816,-0.797508762379,-0.800564265766,7.5692543138e-09,6.78798928705e-09,7.08422192676e-09,6.78798905847e-09,7.5692848387e-09,40.4644761393,0.0222701632757,-0.0141637547276,1.89195697102,38.5806255768,4.34097202628e-13,7.79587948829e-21,1.74129169545e-05,3.57082707157e-09,5.65387254139e-09,-2.66508177463,-2.07759094905,-2.42943733899,-2.07759116135,-2.6650943859,-3.54017693035,-3.54021392497,0.874672144553,0.876377272934,0.875357458359,0.876377272318,0.874672108057,-2.94761330679,-2.5506236169,-2.74331213019,-2.55062361893,-2.94762562222,0.900046180945,0.901236237095,0.900658666196,0.901236237086,0.900046144142,3.5937942281e-08,3.01610146818e-08,3.32264558292e-08,3.01610155358e-08,3.59380994871e-08,-3.0482461629,-2.71930077125,-2.85120557275,-2.71930069852,-3.04825837109,0.990713639947,0.991557659258,0.991123505636,0.991557659186,0.99071361562
0.375,0.001875,0.0003515625,0,-2.61830510313,-1.99930636581,-2.37658196564,-1.99930661293,-2.61831776294,-3.53984546422,-3.53988245009,1,1,0.624511558772,1,1,0.871568887622,0.873358256968,0.872269235051,0.873358256253,0.871568851131,4.34571638951e-08,3.60196592193e-08,4.00790066788e-08,3.6019660672e-08,4.34573567997e-08,4.34571638951e-08,3.60196592193e-08,4.00790066788e-08,3.6019660672e-08,4.34573567997e-08,2.58774084353e-10,1.6622200027e-10,2.13201809376e-10,1.66222014564e-10,2.58776793072e-10,1.03297275719e-07,8.56183960526e-08,9.52674273326e-08,8.56183995056e-08,1.03297734252e-07,2.99899119985,2.99899086326,2.99899107691,2.99899086326,2.99899119986,6.22028899128e-05,6.21244429485e-05,6.21736931059e-05,6.2124442985e-05,6.22028913793e-05,0.3916,0.3916,0.3916,0.3916,0.3916,0,0,0,0,0,0.200000003058,0.200000002743,0.200000002862,0.200000002743,0.200000003058,0.888555368893,1.48936437759,0.952663984293,1.48936371745,0.88855442198,-0.800564155618,-0.797508762938,-0.798775090816,-0.797508762379,-0.800564265766,7.5692543138e-09,6.78798928705e-09,7.08422192676e-09,6.78798905847e-09,7.5692848387e-09,43.3547958635,0.0257024839921,-0.0151699955054,2.02886541385,41.3364629381,5.43565192856e-13,8.14422178785e-21,1.74130427059e-05,4.09916373011e-09,6.05645778897e-09,-2.61830510313,-1.99930636581,-2.37658196564,-1.99930661293,-2.61831776294,-3.53984546422,-3.53988245009,0.871568887622,0.873358256968,0.872269235051,0.873358256253,0.871568851131,-2.94761330679,-2.5506236169,-2.74331213019,-2.55062361893,-2.94762562222,0.900046180945,0.901236237095,0.900658666196,0.901236237086,0.900046144142,4.34571638951e-08,3.60196592193e-08,4.00790066788e-08,3.6019660672e-08,4.34573567997e-08,-3.0482461629,-2.71930077125,-2.85120557275,-2.71930069852,-3.04825837109,0.990713639947,0.991557659258,0.991123505636,0.991557659186,0.99071361562
0.4,0.002,0.0004,0,-2.57161691809,-1.92117715755,-2.32357611116,-1.92117743945,-2.57162962624,-3.53949733007,-3.53953430721,1,1,0.624511558772,1,1,0.868672005752,0.870545195309,0.869388122603,0.870545194498,0.868671969259,5.18730268591e-08,4.24428544023e-08,4.77160959247e-08,4.24428566491e-08,5.18732605715e-08,5.18730268591e-08,4.24428544023e-08,4.77160959247e-08,4.24428566491e-08,5.18732605715e-08,9.60492538358e-10,6.41142697143e-10,8.19361372046e-10,6.4114278736e-10,9.60500517829e-10,1.23301703967e-07,1.00886271458e-07,1.13420717672e-07,1.00886276798e-07,1.233022595e-07,2.99892705429,2.9989266865,2.99892692091,2.9989266865,2.9989270543,6.63444007889e-05,6.62569232017e-05,6.63124318635e-05,6.62569232449e-05,6.63444023586e-05,0.3916,0.3916,0.3916,0.3916,0.3916,0,0,0,0,0,0.200000020959,0.200000017149,0.200000019279,0.200000017149,0.200000020959,1.43622483016,2.40552084339,1.57851090041,2.40551977514,1.43622331816,-0.578560183852,-0.575040797681,-0.577189231174,-0.575040799197,-0.578560252689,5.18730268591e-08,4.24428544023e-08,4.77160959247e-08,4.24428566491e-08,5.18732605715e-08,46.2451155877,0.029389440542,-0.0161762706024,2.16600729749,44.0923214602,4.77839989799e-13,1.02925091003e-20,1.74132048677e-05,4.6639373996e-09,6.45906965324e-09,-2.57161691809,-1.92117715755,-2.32357611116,-1.92117743945,-2.57162962624,-3.53949733007,-3.53953430721,0.868672005752,0.870545195309,0.869388122603,0.870545194498,0.868671969259,-2.57161691809,-1.92117715755,-2.32357611116,-1.92117743945,-2.57162962624,0.868672005752,0.870545195309,0.869388122603,0.870545194498,0.868671969259,5.18730268591e-08,4.24428544023e-08,4.77160959247e-08,4.24428566491e-08,5.18732605715e-08,-2.69725502296,-2.13156025798,-2.46265772722,-2.1315604464,-2.69726759933,0.900841831257,0.902443734482,0.901477221178,0.902443733866,0.90084179797
0.425,0.002125,0.0004515625,0,-2.52501698424,-1.8432022411,-2.2704214831,-1.84320255771,-2.52502974052,-3.53913256562,-3.53916953405,1,1,0.624511558772,1,1,0.865956403946,0.867913006379,0.866689003561,0.86791300547,0.865956367444,6.12148364234e-08,4.94188065293e-08,5.61550703335e-08,4.94188097999e-08,6.12151164137e-08,6.12148364234e-08,4.94188065293e-08,5.61550703335e-08,4.94188097999e-08,6.12151164137e-08,2.1985146934e-09,1.49371644388e-09,1.90171394445e-09,1.49371668227e-09,2.19853097695e-09,1.45507098701e-07,1.17468044995e-07,1.3348008161e-07,1.17468052769e-07,1.45507764235e-07,2.998863375,2.99886297592,2.99886323127,2.99886297592,2.99886337501,7.04852618741e-05,7.03882895417e-05,7.04503877808e-05,7.0388289592e-05,7.04852635477e-05,0.3916,0.3916,0.3916,0.3916,0.3916,0,0,0,0,0,0.200000020959,0.200000017149,0.200000019279,0.200000017149,0.200000020959,1.43622483016,2.40552084339,1.57851090041,2.40551977514,1.43622331816,-0.578560183852,-0.575040797681,-0.577189231174,-0.575040799197,-0.578560252689,5.18730268591e-08,4.24428544023e-08,4.77160959247e-08,4.24428566491e-08,5.18732605715e-08,49.135435312,0.0333321003402,-0.0171825781848,2.30338218068,46.8482026534,5.30242516561e-13,1.07647299684e-20,1.74134034399e-05,5.26514808001e-09,6.86170820109e-09,-2.52501698424,-1.8432022411,-2.2704214831,-1.84320255771,-2.52502974052,-3.53913256562,-3.53916953405,0.865956403946,0.867913006379,0.866689003561,0.86791300547,0.865956367444,-2.57161691809,-1.92117715755,-2.32357611116,-1.92117743945,-2.57162962624,0.868672005752,0.870545195309,0.869388122603,0.870545194498,0.868671969259,6.12148364234e-08,4.94188065293e-08,5.61550703335e-08,4.94188097999e-08,6.12151164137e-08,-2.69725502296,-2.13156025798,-2.46265772722,-2.1315604464,-2.69726759933,0.900841831257,0.902443734482,0.901477221178,0.902443733866,0.90084179797
0.45,0.00225,0.00050625,0,-2.47850506683,-1.76538054541,-2.21711977503,-1.76538089667,-2.47851787103,-3.53875120847,-3.53878816821,1,1,0.624511558772,1,1,0.863401296409,0.865440917158,0.864151072533,0.865440916154,0.863401259891,7.15084212398e-08,5.69299177054e-08,6.5409025067e-08,5.69299222666e-08,7.1508753343e-08,7.15084212398e-08,5.69299177054e-08,6.5409025067e-08,5.69299222666e-08,7.1508753343e-08,3.97994890643e-09,2.70988668713e-09,3.4615123065e-09,2.70988716419e-09,3.97997669194e-09,1.69974854385e-07,1.3532188663e-07,1.55476646225e-07,1.35321897472e-07,1.69975643791e-07,2.99880017829,2.99879974796,2.9988000243,2.99879974796,2.9988001783,7.46254764373e-05,7.45185470428e-05,7.45875591474e-05,7.45185471008e-05,7.46254782155e-05,0.3916,0.3916,0.3916,0.3916,0.3916,0,0,0,0,0,0.200000020959,0.200000017149,0.200000019279,0.200000017149,0.200000020959,1.43622483016,2.40552084339,1.57851090041,2.40551977514,1.43622331816,-0.578560183852,-0.575040797681,-0.577189231174,-0.575040799197,-0.578560252689,5.18730268591e-08,4.24428544023e-08,4.77160959247e-08,4.24428566491e-08,5.18732605715e-08,52.0257550362,0.0375314602763,-0.0181889168865,2.44098962334,49.6041079562,4.92494933724e-13,3.98317243446e-21,1.74136384223e-05,5.90279577136e-09,7.26437349713e-09,-2.47850506683,-1.76538054541,-2.21711977503,-1.76538089667,-2.47851787103,-3.53875120847,-3.53878816821,0.863401296409,0.865440917158,0.864151072533,0.865440916154,0.863401259891,-2.57161691809,-1.92117715755,-2.32357611116,-1.92117743945,-2.57162962624,0.868672005752,0.870545195309,0.869388122603,0.870545194498,0.868671969259,7.15084212398e-08,5.69299177054e-08,6.5409025067e-08,5.69299222666e-08,7.1508753343e-08,-2.69725502296,-2.13156025798,-2.46265772722,-2.1315604464,-2.69726759933,0.900841831257,0.902443734482,0.901477221178,0.902443733866,0.90084179797
0.475,0.002375,0.0005640625,0,-2.43208093154,-1.68771101132,-2.16367266651,-1.68771139717,-2.43209378344,-3.53835329613,-3.5383902472,1,1,0.624511558772,1,1,0.860989273333,0.863111529972,0.861756902377,0.863111528873,0.860989236795,8.27761477087e-08,6.49528081627e-08,7.5486784865e-08,6.49528143207e-08,8.27765381272e-08,8.27761477087e-08,6.49528081627e-08,7.5486784865e-08,6.49528143207e-08,8.27765381272e-08,6.30806460528e-09,4.27164760753e-09,5.49608428098e-09,4.27164843248e-09,6.30810724204e-09,1.96758135747e-07,1.54392222873e-07,1.79431387842e-07,1.54392237511e-07,1.96759063768e-07,2.99873748029,2.99873701888,2.99873731616,2.99873701888,2.99873748029,7.87650477379e-05,7.86477007424e-05,7.87239443046e-05,7.86477008086e-05,7.87650496212e-05,0.3916,0.3916,0.3916,0.3916,0.3916,0,0,0,0,0,0.200000020959,0.200000017149,0.200000019279,0.200000017149,0.200000020959,1.43622483016,2.40552084339,1.57851090041,2.40551977514,1.43622331816,-0.578560183852,-0.575040797681,-0.577189231174,-0.575040799197,-0.578560252689,5.18730268591e-08,4.24428544023e-08,4.77160959247e-08,4.24428566491e-08,5.18732605715e-08,54.9160747604,0.0419884548341,-0.0191952869944,2.57882918655,52.3600387417,5.58664225991e-13,6.99437456195e-21,1.74139098149e-05,6.57688047365e-09,7.66706560579e-09,-2.43208093154,-1.68771101132,-2.16367266651,-1.68771139717,-2.43209378344,-3.53835329613,-3.5383902472,0.860989273333,0.863111529972,0.861756902377,0.863111528873,0.860989236795,-2.57161691809,-1.92117715755,-2.32357611116,-1.92117743945,-2.57162962624,0.868672005752,0.870545195309,0.869388122603,0.870545194498,0.868671969259,8.27761477087e-08,6.49528081627e-08,7.5486784865e-08,6.49528143207e-08,8.27765381272e-08,-2.69725502296,-2.13156025798,-2.46265772722,-2.1315604464,-2.69726759933,0.900841831257,0.902443734482,0.901477221178,0.902443733866,0.90084179797
0.5,0.0025,0.000625,0,-2.38574434434,-1.61019259118,-2.110081823,-1.61019301156,-2.38575724373,-3.53793886601,-3.53797580844,1,1,0.624511558772,1,1,0.858705607378,0.860910128979,0.859491750232,0.860910127785,0.858705570814,9.5036934182e-08,7.34583381246e-08,8.63928855289e-08,7.34583462278e-08,9.50373894896e-08,9.5036934182e-08,7.34583381246e-08,8.63928855289e-08,7.34583462278e-08,9.50373894896e-08,9.18277490836e-09,6.15757090924e-09,7.99929667842e-09,6.15757221052e-09,9.1828358854e-09,2.25901911533e-07,1.74609788744e-07,2.05355088017e-07,1.74609808005e-07,2.25902993795e-07,2.99867529625,2.99867480409,2.99867512215,2.99867480409,2.99867529626,8.29039790257e-05,8.27757556415e-05,8.28595416451e-05,8.27757557164e-05,8.29039810149e-05,0.3916,0.3916,0.3916,0.3916,0.3916,0,0,0,0,0,0.200000020959,0.200000017149,0.200000019279,0.200000017149,0.200000020959,1.43622483016,2.40552084339,1.57851090041,2.40551977514,1.43622331816,-0.578560183852,-0.575040797681,-0.577189231174,-0.575040799197,-0.578560252689,5.18730268591e-08,4.24428544023e-08,4.77160959247e-08,4.24428566491e-08,5.18732605715e-08,57.8063944846,0.0467039628886,-0.0202016890146,2.71690043258,55.1159963259,6.96775970255e-13,1.00309876779e-20,1.74142176176e-05,7.28740218687e-09,8.06978459311e-09,-2.38574434434,-1.61019259118,-2.110081823,-1.61019301156,-2.38575724373,-3.53793886601,-3.53797580844,0.858705607378,0.860910128979,0.859491750232,0.860910127785,0.858705570814,-2.57161691809,-1.92117715755,-2.32357611116,-1.92117743945,-2.57162962624,0.868672005752,0.870545195309,0.869388122603,0.870545194498,0.868671969259,9.5036934182e-08,7.34583381246e-08,8.63928855289e-08,7.34583462278e-08,9.50373894896e-08,-2.69725502296,-2.13156025798,-2.46265772722,-2.1315604464,-2.69726759933,0.900841831257,0.902443734482,0.901477221178,0.902443733866,0.90084179797
0.525,0.002625,0.0006890625,0,-2.3394950714,-1.53282424865,-2.05634889589,-1.53282470349,-2.33950801809,-3.53750795544,-3.53754488924,1,1,0.624511558772,1,1,0.856537729545,0.858824156071,0.857343033053,0.858824154783,0.856537692951,1.08306265025e-07,8.24116292188e-08,9.81275556962e-08,8.241163966e-08,1.08306792169e-07,1.08306265025e-07,8.24116292188e-08,9.81275556962e-08,8.241163966e-08,1.08306792169e-07,1.26010301903e-08,8.34324304955e-09,1.09619356268e-08,8.3432449751e-09,1.26011131259e-08,2.57442987936e-07,1.95891678675e-07,2.33248290222e-07,1.95891703494e-07,2.57444240954e-07,2.99861364005,2.99861311797,2.99861345632,2.99861311797,2.99861364006,8.70422735415e-05,8.69027167053e-05,8.69943496124e-05,8.69027167894e-05,8.70422756372e-05,0.3916,0.3916,0.3916,0.3916,0.3916,0,0,0,0,0,0.200000020959,0.200000017149,0.200000019279,0.200000017149,0.200000020959,1.43622483016,2.40552084339,1.57851090041,2.40551977514,1.43622331816,-0.578560183852,-0.575040797681,-0.577189231174,-0.575040799197,-0.578560252689,5.18730268591e-08,4.24428544023e-08,4.77160959247e-08,4.24428566491e-08,5.18732605715e-08,60.6967142089,0.051678813455,-0.0212081228679,2.85520292485,57.8719819746,8.26005930321e-13,1.16721140132e-20,1.74145618304e-05,8.03436091102e-09,8.47253052764e-09,-2.3394950714,-1.53282424865,-2.05634889589,-1.53282470349,-2.33950801809,-3.53750795544,-3.53754488924,0.856537729545,0.858824156071,0.857343033053,0.858824154783,0.856537692951,-2.57161691809,-1.92117715755,-2.32357611116,-1.92117743945,-2.57162962624,0.868672005752,0.870545195309,0.869388122603,0.870545194498,0.868671969259,1.08306265025e-07,8.24116292188e-08,9.81275556962e-08,8.241163966e-08,1.08306792169e-07,-2.69725502296,-2.13156025798,-2.46265772722,-2.1315604464,-2.69726759933,0.900841831257,0.902443734482,0.901477221178,0.902443733866,0.90084179797
0.55,0.00275,0.00075625,0,-2.29333287909,-1.45560495844,-2.00247552251,-1.45560544769,-2.29334587285,-3.53706060162,-3.53709752681,1,1,0.624511558772,1,1,0.854474827118,0.856842808849,0.855299925296,0.856842807468,0.854474790491,1.22596204532e-07,9.17720854457e-08,1.106866989e-07,9.17720986652e-08,1.2259681084e-07,1.22596204532e-07,9.17720854457e-08,1.106866989e-07,9.17720986652e-08,1.2259681084e-07,1.67902883367e-08,1.0801637154e-08,1.44665892475e-08,1.08016398715e-08,1.67904025219e-08,2.91410041673e-07,2.18141396353e-07,2.63101257189e-07,2.18141427776e-07,2.91411482861e-07,2.99855252532,2.99855197418,2.99855233227,2.99855197418,2.99855252533,9.11799345166e-05,9.10285888634e-05,9.11283667001e-05,9.10285889572e-05,9.11799367194e-05,0.3916,0.3916,0.3916,0.3916,0.3916,0,0,0,0,0,0.200000020959,0.200000017149,0.200000019279,0.200000017149,0.200000020959,1.43622483016,2.40552084339,1.57851090041,2.40551977514,1.43622331816,-0.578560183852,-0.575040797681,-0.577189231174,-0.575040799197,-0.578560252689,5.18730268591e-08,4.24428544023e-08,4.77160959247e-08,4.24428566491e-08,5.18732605715e-08,63.5870339331,0.0569137905928,-0.0222145892826,2.99373622797,60.6279969065,9.53903622758e-13,1.18584612616e-20,1.74149424532e-05,8.81775664611e-09,8.87530348111e-09,-2.29333287909,-1.45560495844,-2.00247552251,-1.45560544769,-2.29334587285,-3.53706060162,-3.53709752681,0.854474827118,0.856842808849,0.855299925296,0.856842807468,0.854474790491,-2.57161691809,-1.92117715755,-2.32357611116,-1.92117743945,-2.57162962624,0.868672005752,0.870545195309,0.869388122603,0.870545194498,0.868671969259,1.22596204532e-07,9.17720854457e-08,1.106866989e-07,9.17720986652e-08,1.2259681084e-07,-2.69725502296,-2.13156025798,-2.46265772722,-2.1315604464,-2.69726759933,0.900841831257,0.902443734482,0.901477221178,0.902443733866,0.90084179797
0.575,0.002875,0.0008265625,0,-2.24725753384,-1.37853370614,-1.94846332616,-1.37853422973,-2.24727057448,-3.53659684167,-3.53663375827,1,1,0.624511558772,1,1,0.852507531064,0.85495672806,0.853353046109,0.854956726586,0.8525074944,1.37915410703e-07,1.0149341371e-07,1.24061875904e-07,1.01493430197e-07,1.37916103882e-07,1.37915410703e-07,1.0149341371e-07,1.24061875904e-07,1.01493430197e-07,1.37916103882e-07,2.26511385009e-08,1.41483783637e-08,1.94829508299e-08,1.41483826305e-08,2.26512914412e-08,3.2782365273e-07,2.41248903517e-07,2.94893928938e-07,2.41248942708e-07,3.27825300409e-07,2.99849196501,2.99849138584,2.99849176301,2.99849138584,2.99849196502,9.53169651729e-05,9.51533770104e-05,9.52615914515e-05,9.51533771144e-05,9.53169674834e-05,0.3916,0.3916,0.3916,0.3916,0.3916,0,0,0,0,0,0.200000020959,0.200000017149,0.200000019279,0.200000017149,0.200000020959,1.43622483016,2.40552084339,1.57851090041,2.40551977514,1.43622331816,-0.578560183852,-0.575040797681,-0.577189231174,-0.575040799197,-0.578560252689,5.18730268591e-08,4.24428544023e-08,4.77160959247e-08,4.24428566491e-08,5.18732605715e-08,66.4773536573,0.0624096376242,-0.0232210894295,3.1324999077,63.3840422978,1.05826458707e-12,1.45372029573e-20,1.74153594859e-05,9.63758939213e-09,9.27810352912e-09,-2.24725753384,-1.37853370614,-1.94846332616,-1.37853422973,-2.24727057448,-3.53659684167,-3.53663375827,0.852507531064,0.85495672806,0.853353046109,0.854956726586,0.8525074944,-2.57161691809,-1.92117715755,-2.32357611116,-1.92117743945,-2.57162962624,0.868672005752,0.870545195309,0.869388122603,0.870545194498,0.868671969259,1.37915410703e-07,1.0149341371e-07,1.24061875904e-07,1.01493430197e-07,1.37916103882e-07,-2.69725502296,-2.13156025798,-2.46265772722,-2.1315604464,-2.69726759933,0.900841831257,0.902443734482,0.901477221178,0.902443733866,0.90084179797
0.6,0.003,0.0009,0,-2.20126880218,-1.30160948797,-1.89431391617,-1.30161004583,-2.20128188948,-3.53611671261,-3.53615362065,1,1,0.624511558772,1,1,0.850627670019,0.853157751618,0.851494213165,0.853157750052,0.850627633315,1.54269148876e-07,1.11523643916e-07,1.38240287313e-07,1.11523664214e-07,1.54269937016e-07,1.54269148876e-07,1.11523643916e-07,1.38240287313e-07,1.11523664214e-07,1.54269937016e-07,2.93380118511e-08,1.80343833295e-08,2.51707269127e-08,1.80343891871e-08,2.93382095506e-08,3.66696336762e-07,2.65090667735e-07,3.28595881419e-07,2.65090715983e-07,3.66698210164e-07,2.99843197137,2.99843136539,2.99843176083,2.99843136539,2.99843197138,9.9453368723e-05,9.92770860064e-05,9.93940224587e-05,9.92770861211e-05,9.94533711419e-05,0.3916,0.3916,0.3916,0.3916,0.3916,0,0,0,0,0,0.200000062331,0.20000004506,0.200000055855,0.20000004506,0.200000062331,1.68275408079,2.81663294453,1.90350882378,2.81663169167,1.68275233535,-0.329712699607,-0.326257676025,-0.3286703505,-0.326257678794,-0.329712732884,1.54269148876e-07,1.11523643916e-07,1.38240287313e-07,1.11523664214e-07,1.54269937016e-07,69.3676733816,0.0681670607875,-0.0242276246975,3.27149353097,66.1401192867,1.02273745028e-12,1.64938490654e-20,1.74158129284e-05,1.04938591491e-08,9.68093075169e-09,-2.20126880218,-1.30160948797,-1.89431391617,-1.30161004583,-2.20128188948,-3.53611671261,-3.53615362065,0.850627670019,0.853157751618,0.851494213165,0.853157750052,0.850627633315,-2.20126880218,-1.30160948797,-1.89431391617,-1.30161004583,-2.20128188948,0.850627670019,0.853157751618,0.851494213165,0.853157750052,0.850627633315,1.54269148876e-07,1.11523643916e-07,1.38240287313e-07,1.11523664214e-07,1.54269937016e-07,-2.33200935052,-1.52038213572,-2.04412771823,-1.5203825962,-2.33202230314,0.863863979214,0.866149395651,0.864669591031,0.866149394334,0.863863943411
0.625,0.003125,0.0009765625,0,-2.15536645063,-1.22483131064,-1.84002888791,-1.22483190271,-2.1553795844,-3.53562025137,-3.53565715086,1,1,0.624511558772,1,1,0.848828074542,0.851438718894,0.849716246783,0.851438717235,0.848828037796,1.71659305205e-07,1.21805148646e-07,1.53204756438e-07,1.21805173352e-07,1.71660196787e-07,1.71659305205e-07,1.21805148646e-07,1.53204756438e-07,1.21805173352e-07,1.71660196787e-07,3.68271125311e-08,2.22335527142e-08,3.14966156259e-08,2.22335604979e-08,3.68273611113e-08,4.08032577146e-07,2.89529709166e-07,3.64166285805e-07,2.89529767891e-07,4.08034696426e-07,2.99837255603,2.99837192462,2.9983723374,2.99837192462,2.99837255604,0.00010358914837,0.000103399720678,0.000103525658362,0.000103399720803,0.000103589150898,0.3916,0.3916,0.3916,0.3916,0.3916,0,0,0,0,0,0.200000062331,0.20000004506,0.200000055855,0.20000004506,0.200000062331,1.68275408079,2.81663294453,1.90350882378,2.81663169167,1.68275233535,-0.329712699607,-0.326257676025,-0.3286703505,-0.326257678794,-0.329712732884,1.54269148876e-07,1.11523643916e-07,1.38240287313e-07,1.11523664214e-07,1.54269937016e-07,72.2579931058,0.0741867324235,-0.0252341966913,3.41071666589,68.8962289757,1.04050101868e-12,1.04566217339e-20,1.74163027807e-05,1.1386565917e-08,1.00837852339e-08,-2.15536645063,-1.22483131064,-1.84002888791,-1.22483190271,-2.1553795844,-3.53562025137,-3.53565715086,0.848828074542,0.851438718894,0.849716246783,0.851438717235,0.848828037796,-2.20126880218,-1.30160948797,-1.89431391617,-1.30161004583,-2.20128188948,0.850627670019,0.853157751618,0.851494213165,0.853157750052,0.850627633315,1.71659305205e-07,1.21805148646e-07,1.53204756438e-07,1.21805173352e-07,1.71660196787e-07,-2.33200935052,-1.52038213572,-2.04412771823,-1.5203825962,-2.33202230314,0.863863979214,0.866149395651,0.864669591031,0.866149394334,0.863863943411
0.65,0.00325,0.00105625,0,-2.10955024573,-1.14819819115,-1.78560982293,-1.14819881738,-2.10956342577,-3.53510749477,-3.53514438572,1,1,0.624511558772,1,1,0.84710241979,0.84979331342,0.848012812498,0.84979331167,0.847102382999,1.90084400012e-07,1.32274662411e-07,1.68933712426e-07,1.32274692178e-07,1.90085403904e-07,1.90084400012e-07,1.32274662411e-07,1.68933712426e-07,1.32274692178e-07,1.90085403904e-07,4.50927444637e-08,2.66897656113e-08,3.84251771797e-08,2.66897756863e-08,4.50930501566e-08,4.51828856696e-07,3.14415646329e-07,4.01553868376e-07,3.14415717086e-07,4.51831242939e-07,2.99831372998,2.9983130747,2.99831350377,2.9983130747,2.99831372999,0.000107724307309,0.000107521285816,0.000107656497851,0.000107521285954,0.000107724309947,0.3916,0.3916,0.3916,0.3916,0.3916,0,0,0,0,0,0.200000062331,0.20000004506,0.200000055855,0.20000004506,0.200000062331,1.68275408079,2.81663294453,1.90350882378,2.81663169167,1.68275233535,-0.329712699607,-0.326257676025,-0.3286703505,-0.326257678794,-0.329712732884,1.54269148876e-07,1.11523643916e-07,1.38240287313e-07,1.11523664214e-07,1.54269937016e-07,75.14831283,0.0804692937696,-0.0262408072302,3.55016888171,71.6523724349,1.03517194816e-12,1.533553151e-20,1.74168290426e-05,1.23157096958e-08,1.04866670664e-08,-2.10955024573,-1.14819819115,-1.78560982293,-1.14819881738,-2.10956342577,-3.53510749477,-3.53514438572,0.84710241979,0.84979331342,0.848012812498,0.84979331167,0.847102382999,-2.20126880218,-1.30160948797,-1.89431391617,-1.30161004583,-2.20128188948,0.850627670019,0.853157751618,0.851494213165,0.853157750052,0.850627633315,1.90084400012e-07,1.32274662411e-07,1.68933712426e-07,1.32274692178e-07,1.90085403904e-07,-2.33200935052,-1.52038213572,-2.04412771823,-1.5203825962,-2.33202230314,0.863863979214,0.866149395651,0.864669591031,0.866149394334,0.863863943411
0.675,0.003375,0.0011390625,0,-2.06381995397,-1.07170915664,-1.73105828896,-1.07170981696,-2.06383318007,-3.53457847952,-3.53461536197,1,1,0.624511558772,1,1,0.845445097899,0.848215935308,0.846378293369,0.848215933467,0.845445061061,2.09539600974e-07,1.42863300493e-07,1.85401173632e-07,1.42863336036e-07,2.09540726441e-07,2.09539600974e-07,1.42863300493e-07,1.85401173632e-07,1.42863336036e-07,2.09540726441e-07,5.41075130761e-08,3.13454192593e-08,4.59190333143e-08,3.13454320207e-08,5.4107882217e-08,4.98073689028e-07,3.39584740891e-07,4.40696871005e-07,3.39584825377e-07,4.98076364253e-07,2.99825550364,2.99825482624,2.9982552704,2.99825482624,2.99825550365,0.000111858848724,0.000111641786181,0.00011178653966,0.000111641786331,0.000111858851472,0.3916,0.3916,0.3916,0.3916,0.3916,0,0,0,0,0,0.200000062331,0.20000004506,0.200000055855,0.20000004506,0.200000062331,1.68275408079,2.81663294453,1.90350882378,2.81663169167,1.68275233535,-0.329712699607,-0.326257676025,-0.3286703505,-0.326257678794,-0.329712732884,1.54269148876e-07,1.11523643916e-07,1.38240287313e-07,1.11523664214e-07,1.54269937016e-07,78.0386325543,0.0870153574251,-0.0272474583469,3.68984974887,74.4085507045,1.07513997705e-12,1.47044919643e-20,1.74173917141e-05,1.32812904856e-08,1.08895763462e-08,-2.06381995397,-1.07170915664,-1.73105828896,-1.07170981696,-2.06383318007,-3.53457847952,-3.53461536197,0.845445097899,0.848215935308,0.846378293369,0.848215933467,0.845445061061,-2.20126880218,-1.30160948797,-1.89431391617,-1.30161004583,-2.20128188948,0.850627670019,0.853157751618,0.851494213165,0.853157750052,0.850627633315,2.09539600974e-07,1.42863300493e-07,1.85401173632e-07,1.42863336036e-07,2.09540726441e-07,-2.33200935052,-1.52038213572,-2.04412771823,-1.5203825962,-2.33202230314,0.863863979214,0.866149395651,0.864669591031,0.866149394334,0.863863943411
0.7,0.0035,0.001225,0,-2.01817534181,-0.995363244266,-1.67637584004,-0.99536393861,-2.01818861377,-3.53403324227,-3.53407011623,1,1,0.624511558772,1,1,0.843851113603,0.846701596893,0.844807685514,0.846701594962,0.843851076716,2.30016736177e-07,1.5349657739e-07,2.02576731241e-07,1.53496619485e-07,2.30017992881e-07,2.30016736177e-07,1.5349657739e-07,2.02576731241e-07,1.53496619485e-07,2.30017992881e-07,6.3842504085e-08,3.61416231321e-08,5.39390446567e-08,3.61416390047e-08,6.38429431062e-08,5.46747649578e-07,3.64859941501e-07,4.81523012219e-07,3.64860041562e-07,5.4675063675e-07,2.99819788688,2.99819718928,2.99819764722,2.99819718928,2.99819788689,0.000115992775791,0.000115761226499,0.000115915782573,0.000115761226662,0.00011599277865,0.3916,0.3916,0.3916,0.3916,0.3916,0,0,0,0,0,0.200000062331,0.20000004506,0.200000055855,0.20000004506,0.200000062331,1.68275408079,2.81663294453,1.90350882378,2.81663169167,1.68275233535,-0.329712699607,-0.326257676025,-0.3286703505,-0.326257678794,-0.329712732884,1.54269148876e-07,1.11523643916e-07,1.38240287313e-07,1.11523664214e-07,1.54269937016e-07,80.9289522785,0.0938255095359,-0.0282541522872,3.82975883898,77.1647647968,1.07114317416e-12,1.60364512739e-20,1.74179907951e-05,1.42833082863e-08,1.12925131777e-08,-2.01817534181,-0.995363244266,-1.67637584004,-0.99536393861,-2.01818861377,-3.53403324227,-3.53407011623,0.843851113603,0.846701596893,0.844807685514,0.846701594962,0.843851076716,-2.20126880218,-1.30160948797,-1.89431391617,-1.30161004583,-2.20128188948,0.850627670019,0.853157751618,0.851494213165,0.853157750052,0.850627633315,2.30016736177e-07,1.5349657739e-07,2.02576731241e-07,1.53496619485e-07,2.30017992881e-07,-2.33200935052,-1.52038213572,-2.04412771823,-1.5203825962,-2.33202230314,0.863863979214,0.866149395651,0.864669591031,0.866149394334,0.863863943411
0.725,0.003625,0.0013140625,0,-1.97261617563,-0.919159500986,-1.62156401656,-0.91916022929,-1.97262949325,-3.53347181953,-3.53350868502,1,1,0.624511558772,1,1,0.84231599817,0.845245836697,0.843296511999,0.845245834675,0.842315961232,2.51504307019e-07,1.64094424856e-07,2.20425533124e-07,1.64094474346e-07,2.5150570502e-07,2.51504307019e-07,1.64094424856e-07,2.20425533124e-07,1.64094474346e-07,2.5150570502e-07,7.42674423035e-08,4.10183697975e-08,6.24444687978e-08,4.10183892356e-08,7.4267957729e-08,5.97823406272e-07,3.90050926685e-07,5.23949448832e-07,3.90051044322e-07,5.97826729308e-07,2.99814088904,2.99814017334,2.99814064363,2.99814017334,2.99814088905,0.000120126091677,0.000119879611465,0.000120044225418,0.00011987961164,0.000120126094646,0.3916,0.3916,0.3916,0.3916,0.3916,0,0,0,0,0,0.200000062331,0.20000004506,0.200000055855,0.20000004506,0.200000062331,1.68275408079,2.81663294453,1.90350882378,2.81663169167,1.68275233535,-0.329712699607,-0.326257676025,-0.3286703505,-0.326257678794,-0.329712732884,1.54269148876e-07,1.11523643916e-07,1.38240287313e-07,1.11523664214e-07,1.54269937016e-07,83.8192720027,0.10090031174,-0.0292608915105,3.96989572481,79.9210156982,1.23634436022e-12,1.41814491194e-20,1.74186262854e-05,1.53217630979e-08,1.16954776731e-08,-1.97261617563,-0.919159500986,-1.62156401656,-0.91916022929,-1.97262949325,-3.53347181953,-3.53350868502,0.84231599817,0.845245836697,0.843296511999,0.845245834675,0.842315961232,-2.20126880218,-1.30160948797,-1.89431391617,-1.30161004583,-2.20128188948,0.850627670019,0.853157751618,0.851494213165,0.853157750052,0.850627633315,2.51504307019e-07,1.64094424856e-07,2.20425533124e-07,1.64094474346e-07,2.5150570502e-07,-2.33200935052,-1.52038213572,-2.04412771823,-1.5203825962,-2.33202230314,0.863863979214,0.866149395651,0.864669591031,0.866149394334,0.863863943411
0.75,0.00375,0.00140625,0,-1.92714222173,-0.843096983478,-1.56662434539,-0.84309774568,-1.92715558481,-3.53289424775,-3.53293110479,1,1,0.624511558772,1,1,0.840835737945,0.843844647994,0.841840751331,0.843844645883,0.840835700955,2.73987552225e-07,1.74571209568e-07,2.389083028e-07,1.7457126736e-07,2.73989101989e-07,2.73987552225e-07,1.74571209568e-07,2.389083028e-07,1.7457126736e-07,2.73989101989e-07,8.53508329269e-08,4.59146853729e-08,7.13931014302e-08,4.591470886e-08,8.53514313668e-08,6.51265871702e-07,4.14954146822e-07,5.67882821014e-07,4.14954284194e-07,6.51269555477e-07,2.99808451898,2.99808378747,2.99808426854,2.99808378747,2.99808451899,0.000124258799538,0.000123996945739,0.000124171867069,0.000123996945928,0.000124258802619,0.3916,0.3916,0.3916,0.3916,0.3916,0,0,0,0,0,0.200000062331,0.20000004506,0.200000055855,0.20000004506,0.200000062331,1.68275408079,2.81663294453,1.90350882378,2.81663169167,1.68275233535,-0.329712699607,-0.326257676025,-0.3286703505,-0.326257678794,-0.329712732884,1.54269148876e-07,1.11523643916e-07,1.38240287313e-07,1.11523664214e-07,1.54269937016e-07,86.709591727,0.108240302909,-0.0302676786904,4.1102599803,82.6773043709,1.27275967543e-12,2.2450608267e-20,1.7419298185e-05,1.63966549205e-08,1.20984699541e-08,-1.92714222173,-0.843096983478,-1.56662434539,-0.84309774568,-1.92715558481,-3.53289424775,-3.53293110479,0.840835737945,0.843844647994,0.841840751331,0.843844645883,0.840835700955,-2.20126880218,-1.30160948797,-1.89431391617,-1.30161004583,-2.20128188948,0.850627670019,0.853157751618,0.851494213165,0.853157750052,0.850627633315,2.73987552225e-07,1.74571209568e-07,2.389083028e-07,1.7457126736e-07,2.73989101989e-07,-2.33200935052,-1.52038213572,-2.04412771823,-1.5203825962,-2.33202230314,0.863863979214,0.866149395651,0.864669591031,0.866149394334,0.863863943411
0.775,0.003875,0.0015015625,0,-1.88175324634,-0.767174757987,-1.51155833995,-0.767175554022,-1.88176665469,-3.53230056325,-3.53233741186,1,1,0.624511558772,1,1,0.839406714614,0.842494419101,0.840436777677,0.842494416899,0.839406677569,2.97448328467e-07,1.84835779899e-07,2.57981243648e-07,1.84835846973e-07,2.97450040867e-07,2.97448328467e-07,1.84835779899e-07,2.57981243648e-07,1.84835846973e-07,2.97450040867e-07,9.70600873772e-08,5.07687620039e-08,8.07414025304e-08,5.07687900525e-08,9.70607755231e-08,7.07031919342e-07,4.39352935343e-07,6.13219024598e-07,4.39353094777e-07,7.070359897e-07,2.99802878509,2.99802804022,2.99802853039,2.99802804022,2.99802878511,0.000128390902522,0.000128113233953,0.000128298706445,0.000128113234156,0.000128390905717,0.3916,0.3916,0.3916,0.3916,0.3916,0,0,0,0,0,0.200000062331,0.20000004506,0.200000055855,0.20000004506,0.200000062331,1.68275408079,2.81663294453,1.90350882378,2.81663169167,1.68275233535,-0.329712699607,-0.326257676025,-0.3286703505,-0.326257678794,-0.329712732884,1.54269148876e-07,1.11523643916e-07,1.38240287313e-07,1.11523664214e-07,1.54269937016e-07,89.5999114512,0.115846000709,-0.0312745167163,4.25085118054,85.4336317547,1.38200562105e-12,1.93695259213e-20,1.74200064936e-05,1.7507983754e-08,1.25014901527e-08,-1.88175324634,-0.767174757987,-1.51155833995,-0.767175554022,-1.88176665469,-3.53230056325,-3.53233741186,0.839406714614,0.842494419101,0.840436777677,0.842494416899,0.839406677569,-2.20126880218,-1.30160948797,-1.89431391617,-1.30161004583,-2.20128188948,0.850627670019,0.853157751618,0.851494213165,0.853157750052,0.850627633315,2.97448328467e-07,1.84835779899e-07,2.57981243648e-07,1.84835846973e-07,2.97450040867e-07,-2.33200935052,-1.52038213572,-2.04412771823,-1.5203825962,-2.33202230314,0.863863979214,0.866149395651,0.864669591031,0.866149394334,0.863863943411
0.8,0.004,0.0016,0,-1.8364490156,-0.691391900194,-1.4563675003,-0.691392729997,-1.83646246902,-3.53169080227,-3.53172764246,1,1,0.624511558772,1,1,0.838025654955,0.841191883145,0.83908131059,0.841191880855,0.838025617855,3.21865236957e-07,1.94791405105e-07,2.775960745e-07,1.94791482511e-07,3.21867123274e-07,3.21865236957e-07,1.94791405105e-07,2.775960745e-07,1.94791482511e-07,3.21867123274e-07,1.0936163549e-07,5.55180744638e-08,9.04446092904e-08,5.55181076154e-08,1.09362420111e-07,7.65070684472e-07,4.63017364166e-07,6.59843295699e-07,4.6301754816e-07,7.6507516823e-07,2.99797369533,2.99797293974,2.9979734372,2.99797293974,2.99797369534,0.000132522403769,0.000132228480706,0.000132424742512,0.000132228480924,0.000132522407077,0.3916,0.3916,0.3916,0.3916,0.3916,0,0,0,0,0,0.200000130047,0.200000078704,0.20000011216,0.200000078704,0.200000130047,1.7724558842,2.96563701269,2.06826011754,2.96563569219,1.7724540765,-0.181432627634,-0.178111526443,-0.180467197608,-0.178111529728,-0.181432642895,3.21865236957e-07,1.94791405105e-07,2.775960745e-07,1.94791482511e-07,3.21867123274e-07,92.4902311754,0.123717903011,-0.0322814086965,4.39166890183,88.1899987679,1.36335387424e-12,2.38439774652e-20,1.74207512112e-05,1.86557495984e-08,1.29045384131e-08,-1.8364490156,-0.691391900194,-1.4563675003,-0.691392729997,-1.83646246902,-3.53169080227,-3.53172764246,0.838025654955,0.841191883145,0.83908131059,0.841191880855,0.838025617855,-1.8364490156,-0.691391900194,-1.4563675003,-0.691392729997,-1.83646246902,0.838025654955,0.841191883145,0.83908131059,0.841191880855,0.838025617855,3.21865236957e-07,1.94791405105e-07,2.775960745e-07,1.94791482511e-07,3.21867123274e-07,-1.96707730165,-0.909911353805,-1.61129941164,-0.909912086256,-1.96709062306,0.844836563284,0.847770612016,0.845826308083,0.847770609982,0.844836526525
0.825,0.004125,0.0017015625,0,-1.79122929555,-0.615747495094,-1.40105331325,-0.615748358601,-1.79124279384,-3.53106500095,-3.53110183275,1,1,0.624511558772,1,1,0.836689588334,0.839934075579,0.837771372466,0.839934073201,0.836689551177,3.47213605176e-07,2.04335857294e-07,2.97700017913e-07,2.04335946158e-07,3.47215677105e-07,3.47213605176e-07,2.04335857294e-07,2.97700017913e-07,2.04335946158e-07,3.47215677105e-07,1.22221025593e-07,6.00994827065e-08,1.0045683728e-07,6.00995215306e-08,1.22221913531e-07,8.25323520742e-07,4.8570443854e-07,7.07630182821e-07,4.8570464977e-07,8.25328445698e-07,2.99791925721,2.99791849374,2.99791899656,2.99791849374,2.99791925722,0.000136653306409,0.000136342690566,0.000136549974276,0.000136342690799,0.00013665330983,0.3916,0.3916,0.3916,0.3916,0.3916,0,0,0,0,0,0.200000130047,0.200000078704,0.20000011216,0.200000078704,0.200000130047,1.7724558842,2.96563701269,2.06826011754,2.96563569219,1.7724540765,-0.181432627634,-0.178111526443,-0.180467197608,-0.178111529728,-0.181432642895,3.21865236957e-07,1.94791405105e-07,2.775960745e-07,1.94791482511e-07,3.21867123274e-07,95.3805508997,0.131856489163,-0.0332883579607,4.53271272161,90.9464063093,1.47171164144e-12,2.16649852084e-20,1.74215323376e-05,1.98399524537e-08,1.33076148931e-08,-1.79122929555,-0.615747495094,-1.40105331325,-0.615748358601,-1.79124279384,-3.53106500095,-3.53110183275,0.836689588334,0.839934075579,0.837771372466,0.839934073201,0.836689551177,-1.8364490156,-0.691391900194,-1.4563675003,-0.691392729997,-1.83646246902,0.838025654955,0.841191883145,0.83908131059,0.841191880855,0.838025617855,3.47213605176e-07,2.04335857294e-07,2.97700017913e-07,2.04335946158e-07,3.47215677105e-07,-1.96707730165,-0.909911353805,-1.61129941164,-0.909912086256,-1.96709062306,0.844836563284,0.847770612016,0.845826308083,0.847770609982,0.844836526525
0.85,0.00425,0.00180625,0,-1.74609385212,-0.540240636876,-1.34561725245,-0.540241534022,-1.74610739509,-3.53042319532,-3.53046001875,1,1,0.624511558772,1,1,0.835395810538,0.838718298036,0.836504252363,0.838718295569,0.835395773323,3.73465497625e-07,2.13361412621e-07,3.18235776642e-07,2.13361514147e-07,3.73467767277e-07,3.73465497625e-07,2.13361412621e-07,3.18235776642e-07,2.13361514147e-07,3.73467767277e-07,1.35603013813e-07,6.4449321976e-08,1.10731171127e-07,6.44493670707e-08,1.35604011979e-07,8.87724025731e-07,5.07158099884e-07,7.5644349095e-07,5.07158341209e-07,8.87729420672e-07,2.99786547789,2.99786470955,2.99786521569,2.99786470955,2.9978654779,0.000140783613561,0.000140455868073,0.000140674400789,0.000140455868321,0.000140783617097,0.3916,0.3916,0.3916,0.3916,0.3916,0,0,0,0,0,0.200000130047,0.200000078704,0.20000011216,0.200000078704,0.200000130047,1.7724558842,2.96563701269,2.06826011754,2.96563569219,1.7724540765,-0.181432627634,-0.178111526443,-0.180467197608,-0.178111529728,-0.181432642895,3.21865236957e-07,1.94791405105e-07,2.775960745e-07,1.94791482511e-07,3.21867123274e-07,98.2708706239,0.140262221147,-0.0342953680642,4.67398221849,93.7028552585,1.46371803567e-12,2.28233027638e-20,1.74223498726e-05,2.106059232e-08,1.37107197663e-08,-1.74609385212,-0.540240636876,-1.34561725245,-0.540241534022,-1.74610739509,-3.53042319532,-3.53046001875,0.835395810538,0.838718298036,0.836504252363,0.838718295569,0.835395773323,-1.8364490156,-0.691391900194,-1.4563675003,-0.691392729997,-1.83646246902,0.838025654955,0.841191883145,0.83908131059,0.841191880855,0.838025617855,3.73465497625e-07,2.13361412621e-07,3.18235776642e-07,2.13361514147e-07,3.73467767277e-07,-1.96707730165,-0.909911353805,-1.61129941164,-0.909912086256,-1.96709062306,0.844836563284,0.847770612016,0.845826308083,0.847770609982,0.844836526525
0.875,0.004375,0.0019140625,0,-1.70104245117,-0.464870428805,-1.29006077849,-0.464871359526,-1.70105603862,-3.52976542133,-3.52980223641,1,1,0.624511558772,1,1,0.834141852864,0.837542087427,0.835277475056,0.837542084872,0.83414181559,4.0058972806e-07,2.21754864568e-07,3.39141518911e-07,2.21754980037e-07,4.00592207965e-07,4.0058972806e-07,2.21754864568e-07,3.39141518911e-07,2.21754980037e-07,4.00592207965e-07,1.49471643809e-07,6.85034818887e-08,1.21219745865e-07,6.85035338796e-08,1.49472759182e-07,9.52198070027e-07,5.27109257352e-07,8.0613624652e-07,5.27109531821e-07,9.52203964736e-07,2.99781236414,2.99781159411,2.9978121014,2.99781159411,2.99781236415,0.000144913328338,0.000144568017733,0.000144798021147,0.000144568017998,0.000144913331988,0.3916,0.3916,0.3916,0.3916,0.3916,0,0,0,0,0,0.200000130047,0.200000078704,0.20000011216,0.200000078704,0.200000130047,1.7724558842,2.96563701269,2.06826011754,2.96563569219,1.7724540765,-0.181432627634,-0.178111526443,-0.180467197608,-0.178111529728,-0.181432642895,3.21865236957e-07,1.94791405105e-07,2.775960745e-07,1.94791482511e-07,3.21867123274e-07,101.161190348,0.148935544632,-0.0353024427934,4.81547697227,96.4593464777,1.55697676973e-12,9.48888659162e-21,1.7423203816e-05,2.23176691973e-08,1.41138532242e-08,-1.70104245117,-0.464870428805,-1.29006077849,-0.464871359526,-1.70105603862,-3.52976542133,-3.52980223641,0.834141852864,0.837542087427,0.835277475056,0.837542084872,0.83414181559,-1.8364490156,-0.691391900194,-1.4563675003,-0.691392729997,-1.83646246902,0.838025654955,0.841191883145,0.83908131059,0.841191880855,0.838025617855,4.0058972806e-07,2.21754864568e-07,3.39141518911e-07,2.21754980037e-07,4.00592207965e-07,-1.96707730165,-0.909911353805,-1.61129941164,-0.909912086256,-1.96709062306,0.844836563284,0.847770612016,0.845826308083,0.847770609982,0.844836526525
0.9,0.0045,0.002025,0,-1.65607485844,-0.38963598311,-1.23438533899,-0.38963694734,-1.65608849018,-3.52909171483,-3.52912852157,1,1,0.624511558772,1,1,0.832925455557,0.836403189397,0.834088774468,0.836403186754,0.832925418224,4.28551871601e-07,2.29397539277e-07,3.6035086387e-07,2.29397670055e-07,4.2855457471e-07,4.28551871601e-07,2.29397539277e-07,3.6035086387e-07,2.29397670055e-07,4.2855457471e-07,1.63790317965e-07,7.21974757328e-08,1.31873819926e-07,7.21975352732e-08,1.63791557584e-07,1.01866382601e-06,5.45275824287e-07,8.56550662873e-07,5.45276135144e-07,1.01867025127e-06,2.99775992238,2.99775915403,2.9977596602,2.99775915404,2.99775992239,0.000149042453841,0.000148679144027,0.000148920834485,0.000148679144309,0.000149042457607,0.3916,0.3916,0.3916,0.3916,0.3916,0,0,0,0,0,0.200000130047,0.200000078704,0.20000011216,0.200000078704,0.200000130047,1.7724558842,2.96563701269,2.06826011754,2.96563569219,1.7724540765,-0.181432627634,-0.178111526443,-0.180467197608,-0.178111529728,-0.181432642895,3.21865236957e-07,1.94791405105e-07,2.775960745e-07,1.94791482511e-07,3.21867123274e-07,104.051510072,0.157876889933,-0.0363095861713,4.95719656389,99.2158808122,1.60760293966e-12,1.32941821072e-20,1.74240941676e-05,2.36111830855e-08,1.45170154789e-08,-1.65607485844,-0.38963598311,-1.23438533899,-0.38963694734,-1.65608849018,-3.52909171483,-3.52912852157,0.832925455557,0.836403189397,0.834088774468,0.836403186754,0.832925418224,-1.8364490156,-0.691391900194,-1.4563675003,-0.691392729997,-1.83646246902,0.838025654955,0.841191883145,0.83908131059,0.841191880855,0.838025617855,4.28551871601e-07,2.29397539277e-07,3.6035086387e-07,2.29397670055e-07,4.2855457471e-07,-1.96707730165,-0.909911353805,-1.61129941164,-0.909912086256,-1.96709062306,0.844836563284,0.847770612016,0.845826308083,0.847770609982,0.844836526525
0.925,0.004625,0.0021390625,0,-1.61119083959,-0.314536420873,-1.17859236874,-0.314537418547,-1.61120451542,-3.52840211156,-3.52843890998,1,1,0.624511558772,1,1,0.831744544895,0.835299535423,0.832936070732,0.835299532694,0.831744507501,4.57314276711e-07,2.36165310522e-07,3.81792867268e-07,2.36165458057e-07,4.57317216402e-07,4.57314276711e-07,2.36165310522e-07,3.81792867268e-07,2.36165458057e-07,4.57317216402e-07,1.78521860956e-07,7.54665010914e-08,1.42643840699e-07,7.54665688617e-08,1.78523231924e-07,1.08703179632e-06,5.61362753795e-07,9.07518106176e-07,5.61363104485e-07,1.08703878394e-06,2.9977081587,2.99770739559,2.99770789823,2.99770739559,2.99770815871,0.000153170993165,0.000152789251403,0.000153042839982,0.000152789251702,0.000153170997047,0.3916,0.3916,0.3916,0.3916,0.3916,0,0,0,0,0,0.200000130047,0.200000078704,0.20000011216,0.200000078704,0.200000130047,1.7724558842,2.96563701269,2.06826011754,2.96563569219,1.7724540765,-0.181432627634,-0.178111526443,-0.180467197608,-0.178111529728,-0.181432642895,3.21865236957e-07,1.94791405105e-07,2.775960745e-07,1.94791482511e-07,3.21867123274e-07,106.941829797,0.167086672887,-0.0373168024646,5.09914057551,101.972459092,1.51967327611e-12,1.34212370492e-20,1.74250209272e-05,2.49411339846e-08,1.49202067661e-08,-1.61119083959,-0.314536420873,-1.17859236874,-0.314537418547,-1.61120451542,-3.52840211156,-3.52843890998,0.831744544895,0.835299535423,0.832936070732,0.835299532694,0.831744507501,-1.8364490156,-0.691391900194,-1.4563675003,-0.691392729997,-1.83646246902,0.838025654955,0.841191883145,0.83908131059,0.841191880855,0.838025617855,4.57314276711e-07,2.36165310522e-07,3.81792867268e-07,2.36165458057e-07,4.57317216402e-07,-1.96707730165,-0.909911353805,-1.61129941164,-0.909912086256,-1.96709062306,0.844836563284,0.847770612016,0.845826308083,0.847770609982,0.844836526525
0.95,0.00475,0.00225625,0,-1.56639016017,-0.23957087192,-1.12268328974,-0.239571902972,-1.56640387991,-3.52769664716,-3.52773343729,1,1,0.624511558772,1,1,0.830597213328,0.834229222965,0.831817450316,0.834229220149,0.830597175872,4.86836077051e-07,2.41928614306e-07,4.03392007303e-07,2.41928780135e-07,4.8683926713e-07,4.86836077051e-07,2.41928614306e-07,4.03392007303e-07,2.41928780135e-07,4.8683926713e-07,1.93628576529e-07,7.82454927644e-08,1.53479503407e-07,7.82455694719e-08,1.93630086004e-07,1.15720484205e-06,5.75062073463e-07,9.58859061808e-07,5.75062467638e-07,1.15721242484e-06,2.99765707887,2.99765632473,2.99765682135,2.99765632473,2.99765707888,0.000157298949394,0.000156898344283,0.00015716403686,0.000156898344599,0.000157298953392,0.3916,0.3916,0.3916,0.3916,0.3916,0,0,0,0,0,0.200000130047,0.200000078704,0.20000011216,0.200000078704,0.200000130047,1.7724558842,2.96563701269,2.06826011754,2.96563569219,1.7724540765,-0.181432627634,-0.178111526443,-0.180467197608,-0.178111529728,-0.181432642895,3.21865236957e-07,1.94791405105e-07,2.775960745e-07,1.94791482511e-07,3.21867123274e-07,109.832149521,0.176565295667,-0.0383240961917,5.24130859041,104.72908213,1.49569245878e-12,1.88951874709e-20,1.74259840945e-05,2.63075218946e-08,1.53234273482e-08,-1.56639016017,-0.23957087192,-1.12268328974,-0.239571902972,-1.56640387991,-3.52769664716,-3.52773343729,0.830597213328,0.834229222965,0.831817450316,0.834229220149,0.830597175872,-1.8364490156,-0.691391900194,-1.4563675003,-0.691392729997,-1.83646246902,0.838025654955,0.841191883145,0.83908131059,0.841191880855,0.838025617855,4.86836077051e-07,2.41928614306e-07,4.03392007303e-07,2.41928780135e-07,4.8683926713e-07,-1.96707730165,-0.909911353805,-1.61129941164,-0.909912086256,-1.96709062306,0.844836563284,0.847770612016,0.845826308083,0.847770609982,0.844836526525
0.975,0.004875,0.0023765625,0,-1.52167258566,-0.164738474717,-1.06665951137,-0.164739539083,-1.52168634912,-3.52697535719,-3.52701213904,1,1,0.624511558772,1,1,0.829481702196,0.833190498197,0.830731148734,0.833190495294,0.829481664677,5.17073203212e-07,2.46552463115e-07,4.25068170667e-07,2.46552648865e-07,5.17076657915e-07,5.17073203212e-07,2.46552463115e-07,4.25068170667e-07,2.46552648865e-07,5.17076657915e-07,2.09072298192e-07,8.0469168858e-08,1.64329804035e-07,8.04692552365e-08,2.09073953391e-07,1.22907821063e-06,5.86052919218e-07,1.01038310118e-06,5.86053360744e-07,1.22908642243e-06,2.99760668837,2.99760594713,2.99760643511,2.99760594713,2.99760668838,0.000161426325602,0.000161006427057,0.000161284424379,0.000161006427391,0.000161426329718,0.3916,0.3916,0.3916,0.3916,0.3916,0,0,0,0,0,0.200000130047,0.200000078704,0.20000011216,0.200000078704,0.200000130047,1.7724558842,2.96563701269,2.06826011754,2.96563569219,1.7724540765,-0.181432627634,-0.178111526443,-0.180467197608,-0.178111529728,-0.181432642895,3.21865236957e-07,1.94791405105e-07,2.775960745e-07,1.94791482511e-07,3.21867123274e-07,112.722469245,0.186313147515,-0.0393314721327,5.38370019307,107.485750727,1.43085543414e-12,1.70359501517e-20,1.74269836693e-05,2.77103468156e-08,1.5726677518e-08,-1.52167258566,-0.164738474717,-1.06665951137,-0.164739539083,-1.52168634912,-3.52697535719,-3.52701213904,0.829481702196,0.833190498197,0.830731148734,0.833190495294,0.829481664677,-1.8364490156,-0.691391900194,-1.4563675003,-0.691392729997,-1.83646246902,0.838025654955,0.841191883145,0.83908131059,0.841191880855,0.838025617855,5.17073203212e-07,2.46552463115e-07,4.25068170667e-07,2.46552648865e-07,5.17076657915e-07,-1.96707730165,-0.909911353805,-1.61129941164,-0.909912086256,-1.96709062306,0.844836563284,0.847770612016,0.845826308083,0.847770609982,0.844836526525
1,0.005,0.0025,0,-1.47703788146,-0.0900383762712,-1.01052243044,-0.0900394738833,-1.47705168844,-3.52623827711,-3.52627505069,1,1,0.624511558772,1,1,0.828396386642,0.832181740926,0.829675535444,0.832181737937,0.828396349061,5.4797839432e-07,2.49896459805e-07,4.46736638771e-07,2.49896667193e-07,5.47982128318e-07,5.4797839432e-07,2.49896459805e-07,4.46736638771e-07,2.49896667193e-07,5.47982128318e-07,2.24814434491e-07,8.20720708082e-08,1.75143086901e-07,8.20721676177e-08,2.2481624268e-07,1.30253956339e-06,5.94001568351e-07,1.06188884899e-06,5.9400206131e-07,1.30254843907e-06,2.99755699221,2.99755626817,2.99755674478,2.99755626817,2.99755699222,0.000165553124856,0.000165113504091,0.000165404001842,0.000165113504443,0.000165553129089,0.3916,0.3916,0.3916,0.3916,0.3916,0,0,0,0,0,0.200000221405,0.200000100968,0.2000001805,0.200000100968,0.200000221407,1.79260553179,2.99923233825,2.15916494779,2.99923100256,1.79260373661,-0.105009465733,-0.101806306841,-0.103980722734,-0.101806310273,-0.105009473263,5.4797839432e-07,2.49896459805e-07,4.46736638771e-07,2.49896667193e-07,5.47982128318e-07,115.612788969,0.196330605431,-0.0403389351737,5.52631496914,110.24246567,1.36957112318e-12,1.42407414257e-20,1.74280196511e-05,2.91496087475e-08,1.61299576029e-08,-1.47703788146,-0.0900383762712,-1.01052243044,-0.0900394738833,-1.47705168844,-3.52623827711,-3.52627505069,0.828396386642,0.832181740926,0.829675535444,0.832181737937,0.828396349061,-1.47703788146,-0.0900383762712,-1.01052243044,-0.0900394738833,-1.47705168844,0.828396386642,0.832181740926,0.829675535444,0.832181737937,0.828396349061,5.4797839432e-07,2.49896459805e-07,4.46736638771e-07,2.49896667193e-07,5.47982128318e-07,-1.60621087018,-0.306154546768,-1.16888552333,-0.306155548124,-1.60622454917,0.832729970155,0.836290922732,0.83393283289,0.836290919995,0.832729932791
1.025,0.005125,0.0026265625,0,-1.43248581286,-0.0154697320234,-0.954273431326,-0.0154708628165,-1.43249966318,-3.52548544226,-3.5255222076,1,1,0.624511558772,1,1,0.827339762388,0.831201451379,0.828649100611,0.831201448304,0.827339724743,5.79501209516e-07,2.51814811146e-07,4.68308074144e-07,2.51815041984e-07,5.79505237918e-07,5.79501209516e-07,2.51814811146e-07,4.68308074144e-07,2.51815041984e-07,5.79505237918e-07,2.40816008579e-07,8.29885980223e-08,1.85867087449e-07,8.29887060486e-08,2.40817977079e-07,1.37746900289e-06,5.98561471704e-07,1.1131639509e-06,5.98562020403e-07,1.37747857836e-06,2.99750799527,2.99750729298,2.99750775525,2.99750729298,2.99750799528,0.000169679350213,0.00016921957972,0.000169522768588,0.000169219580091,0.000169679354565,0.3916,0.3916,0.3916,0.3916,0.3916,0,0,0,0,0,0.200000221405,0.200000100968,0.2000001805,0.200000100968,0.200000221407,1.79260553179,2.99923233825,2.15916494779,2.99923100256,1.79260373661,-0.105009465733,-0.101806306841,-0.103980722734,-0.101806310273,-0.105009473263,5.4797839432e-07,2.49896459805e-07,4.46736638771e-07,2.49896667193e-07,5.47982128318e-07,118.503108694,0.2066180348,-0.0413464905556,5.66915250545,112.999227732,1.39710465419e-12,1.76627545326e-20,1.74290920397e-05,3.06253076903e-08,1.65332679697e-08,-1.43248581286,-0.0154697320234,-0.954273431326,-0.0154708628165,-1.43249966318,-3.52548544226,-3.5255222076,0.827339762388,0.831201451379,0.828649100611,0.831201448304,0.827339724743,-1.47703788146,-0.0900383762712,-1.01052243044,-0.0900394738833,-1.47705168844,0.828396386642,0.832181740926,0.829675535444,0.832181737937,0.828396349061,5.79501209516e-07,2.51814811146e-07,4.68308074144e-07,2.51815041984e-07,5.79505237918e-07,-1.60621087018,-0.306154546768,-1.16888552333,-0.306155548124,-1.60622454917,0.832729970155,0.836290922732,0.83393283289,0.836290919995,0.832729932791
1.05,0.00525,0.00275625,0,-1.38801614511,0.0589682942443,-0.897913886049,0.0589671303363,-1.38803003858,-3.5247168879,-3.52475364501,1,1,0.624511558772,1,1,0.826310434095,0.830248238575,0.827650443468,0.830248235415,0.826310396386,6.11588039318e-07,2.52156341014e-07,4.89688507004e-07,2.52156597211e-07,6.11592377671e-07,6.11588039318e-07,2.52156341014e-07,4.89688507004e-07,2.52156597211e-07,6.11592377671e-07,2.57037694424e-07,8.31530377412e-08,1.96448970372e-07,8.31531577957e-08,2.57039830603e-07,1.45373909988e-06,5.99373285035e-07,1.16398504161e-06,5.99373894012e-07,1.4537494121e-06,2.99745970225,2.99745902643,2.99745947127,2.99745902643,2.99745970226,0.000173805004721,0.000173324658253,0.000173640724001,0.000173324658644,0.000173805009192,0.3916,0.3916,0.3916,0.3916,0.3916,0,0,0,0,0,0.200000221405,0.200000100968,0.2000001805,0.200000100968,0.200000221407,1.79260553179,2.99923233825,2.15916494779,2.99923100256,1.79260373661,-0.105009465733,-0.101806306841,-0.103980722734,-0.101806310273,-0.105009473263,5.4797839432e-07,2.49896459805e-07,4.46736638771e-07,2.49896667193e-07,5.47982128318e-07,121.393428418,0.217175789983,-0.0423541439126,5.81221239,115.756037674,1.44595446727e-12,1.72858248711e-20,1.74302008346e-05,3.21374436441e-08,1.69366090294e-08,-1.38801614511,0.0589682942443,-0.897913886049,0.0589671303363,-1.38803003858,-3.5247168879,-3.52475364501,0.826310434095,0.830248238575,0.827650443468,0.830248235415,0.826310396386,-1.47703788146,-0.0900383762712,-1.01052243044,-0.0900394738833,-1.47705168844,0.828396386642,0.832181740926,0.829675535444,0.832181737937,0.828396349061,6.11588039318e-07,2.52156341014e-07,4.89688507004e-07,2.52156597211e-07,6.11592377671e-07,-1.60621087018,-0.306154546768,-1.16888552333,-0.306155548124,-1.60622454917,0.832729970155,0.836290922732,0.83393283289,0.836290919995,0.832729932791
1.075,0.005375,0.0028890625,0,-1.34362864339,0.133276532141,-0.841445154396,0.133275335185,-1.34364257983,-3.52393264919,-3.5239693981,1,1,0.624511558772,1,1,0.825307105111,0.829320809569,0.826678262044,0.829320806323,0.825307067337,6.44182116853e-07,2.52154980118e-07,5.10779321997e-07,2.5215523634e-07,6.44186781149e-07,6.44182116853e-07,2.52154980118e-07,5.10779321997e-07,2.5215523634e-07,6.44186781149e-07,2.73439849468e-07,8.31525889616e-08,2.06835364409e-07,8.31527090242e-08,2.73442160744e-07,1.53121492002e-06,5.99370050198e-07,1.21411771333e-06,5.99370659235e-07,1.53122600701e-06,2.99741211764,2.99741147055,2.9974118974,2.99741147055,2.99741211765,0.00017793009142,0.000177428743977,0.0001777578675,0.000177428744387,0.00017793009601,0.3916,0.3916,0.3916,0.3916,0.3916,0,0,0,0,0,0.200000221405,0.200000100968,0.2000001805,0.200000100968,0.200000221407,1.79260553179,2.99923233825,2.15916494779,2.99923100256,1.79260373661,-0.105009465733,-0.101806306841,-0.103980722734,-0.101806310273,-0.105009473263,5.4797839432e-07,2.49896459805e-07,4.46736638771e-07,2.49896667193e-07,5.47982128318e-07,124.283748142,0.228004214854,-0.043361875847,5.95549421194,118.512896269,1.42286182836e-12,2.33124642908e-20,1.74313460354e-05,3.36860166088e-08,1.73399812431e-08,-1.34362864339,0.133276532141,-0.841445154396,0.133275335185,-1.34364257983,-3.52393264919,-3.5239693981,0.825307105111,0.829320809569,0.826678262044,0.829320806323,0.825307067337,-1.47703788146,-0.0900383762712,-1.01052243044,-0.0900394738833,-1.47705168844,0.828396386642,0.832181740926,0.829675535444,0.832181737937,0.828396349061,6.44182116853e-07,2.52154980118e-07,5.10779321997e-07,2.5215523634e-07,6.44186781149e-07,-1.60621087018,-0.306154546768,-1.16888552333,-0.306155548124,-1.60622454917,0.832729970155,0.836290922732,0.83393283289,0.836290919995,0.832729932791
1.1,0.0055,0.003025,0,-1.29932307281,0.20745580183,-0.784868584015,0.207454571891,-1.29933705203,-3.52313276119,-3.52316950192,1,1,0.624511558772,1,1,0.82432856838,0.828417961203,0.825731344078,0.828417957872,0.824328530541,6.77223528975e-07,2.52151904342e-07,5.3147724509e-07,2.52152160589e-07,6.77228535652e-07,6.77223528975e-07,2.52151904342e-07,5.3147724509e-07,2.52152160589e-07,6.77228535652e-07,2.89982543651e-07,8.31515746697e-08,2.16972393768e-07,8.315169474e-08,2.89985037489e-07,1.60975405033e-06,5.99362739107e-07,1.26331648465e-06,5.99363348202e-07,1.60976595116e-06,2.99736524569,2.99736462825,2.99736503798,2.99736462826,2.9973652457,0.000182054613339,0.000181531841148,0.000181874198543,0.000181531841578,0.000182054618049,0.3916,0.3916,0.3916,0.3916,0.3916,0,0,0,0,0,0.200000221405,0.200000100968,0.2000001805,0.200000100968,0.200000221407,1.79260553179,2.99923233825,2.15916494779,2.99923100256,1.79260373661,-0.105009465733,-0.101806306841,-0.103980722734,-0.101806310273,-0.105009473263,5.4797839432e-07,2.49896459805e-07,4.46736638771e-07,2.49896667193e-07,5.47982128318e-07,127.174067866,0.239103643309,-0.0443696872748,6.09899756162,121.269804261,1.46815892776e-12,1.74192325603e-20,1.74325276406e-05,3.52710265844e-08,1.77433859399e-08,-1.29932307281,0.20745580183,-0.784868584015,0.207454571891,-1.29933705203,-3.52313276119,-3.52316950192,0.82432856838,0.828417961203,0.825731344078,0.828417957872,0.824328530541,-1.47703788146,-0.0900383762712,-1.01052243044,-0.0900394738833,-1.47705168844,0.828396386642,0.832181740926,0.829675535444,0.832181737937,0.828396349061,6.77223528975e-07,2.52151904342e-07,5.3147724509e-07,2.52152160589e-07,6.77228535652e-07,-1.60621087018,-0.306154546768,-1.16888552333,-0.306155548124,-1.60622454917,0.832729970155,0.836290922732,0.83393283289,0.836290919995,0.832729932791
1.125,0.005625,0.0031640625,0,-1.25509919844,0.281506915433,-0.728185510521,0.281505652579,-1.25511322025,-3.52231725887,-3.52235399143,1,1,0.624511558772,1,1,0.823373698388,0.827538571856,0.824808558952,0.827538568441,0.823373660483,7.10649227256e-07,2.52147116736e-07,5.51674330631e-07,2.52147373006e-07,7.106545932e-07,7.10649227256e-07,2.52147116736e-07,5.51674330631e-07,2.52147373006e-07,7.106545932e-07,3.06625585166e-07,8.31499958715e-08,2.26805706337e-07,8.31501159488e-08,3.06628269074e-07,1.68920662528e-06,5.99351359012e-07,1.31132476974e-06,5.99351968163e-07,1.68921938008e-06,2.99731909046,2.99731850384,2.99731889716,2.99731850384,2.99731909047,0.000186178573501,0.000185633953996,0.000185989716627,0.000185633954447,0.000186178578331,0.3916,0.3916,0.3916,0.3916,0.3916,0,0,0,0,0,0.200000221405,0.200000100968,0.2000001805,0.200000100968,0.200000221407,1.79260553179,2.99923233825,2.15916494779,2.99923100256,1.79260373661,-0.105009465733,-0.101806306841,-0.103980722734,-0.101806310273,-0.105009473263,5.4797839432e-07,2.49896459805e-07,4.46736638771e-07,2.49896667193e-07,5.47982128318e-07,130.06438759,0.250474399728,-0.045377579151,6.24272203058,124.02676238,1.56585855393e-12,1.9793042395e-20,1.74337456507e-05,3.6892473571e-08,1.81468229006e-08,-1.25509919844,0.281506915433,-0.728185510521,0.281505652579,-1.25511322025,-3.52231725887,-3.52235399143,0.823373698388,0.827538571856,0.824808558952,0.827538568441,0.823373660483,-1.47703788146,-0.0900383762712,-1.01052243044,-0.0900394738833,-1.47705168844,0.828396386642,0.832181740926,0.829675535444,0.832181737937,0.828396349061,7.10649227256e-07,2.52147116736e-07,5.51674330631e-07,2.52147373006e-07,7.106545932e-07,-1.60621087018,-0.306154546768,-1.16888552333,-0.306155548124,-1.60622454917,0.832729970155,0.836290922732,0.83393283289,0.836290919995,0.832729932791
1.15,0.00575,0.00330625,0,-1.21095678531,0.35543067693,-0.671397257599,0.355429381227,-1.21097084953,-3.52148617709,-3.5215229015,1,1,0.624511558772,1,1,0.822441443984,0.826681594148,0.823908850505,0.826681590649,0.822441406013,7.44393038857e-07,2.52140620367e-07,5.7125794855e-07,2.5214087666e-07,7.44398781406e-07,7.44393038857e-07,2.52140620367e-07,5.7125794855e-07,2.5214087666e-07,7.44398781406e-07,3.23328543321e-07,8.31478535782e-08,2.36280499011e-07,8.31479736621e-08,3.23331424853e-07,1.76941535264e-06,5.99335917203e-07,1.35787484799e-06,5.99336526408e-07,1.76942900263e-06,2.9972736558,2.99727310091,2.99727347889,2.99727310091,2.99727365581,0.000190301974916,0.000189735086724,0.000190104421287,0.000189735087197,0.000190301979867,0.3916,0.3916,0.3916,0.3916,0.3916,0,0,0,0,0,0.200000221405,0.200000100968,0.2000001805,0.200000100968,0.200000221407,1.79260553179,2.99923233825,2.15916494779,2.99923100256,1.79260373661,-0.105009465733,-0.101806306841,-0.103980722734,-0.101806310273,-0.105009473263,5.4797839432e-07,2.49896459805e-07,4.46736638771e-07,2.49896667193e-07,5.47982128318e-07,132.954707315,0.262116799418,-0.0463855555344,6.38666721149,126.783771347,1.55431223448e-12,2.25755456267e-20,1.74350000648e-05,3.85503575685e-08,1.85502927635e-08,-1.21095678531,0.35543067693,-0.671397257599,0.355429381227,-1.21097084953,-3.52148617709,-3.5215229015,0.822441443984,0.826681594148,0.823908850505,0.826681590649,0.822441406013,-1.47703788146,-0.0900383762712,-1.01052243044,-0.0900394738833,-1.47705168844,0.828396386642,0.832181740926,0.829675535444,0.832181737937,0.828396349061,7.44393038857e-07,2.52140620367e-07,5.7125794855e-07,2.5214087666e-07,7.44398781406e-07,-1.60621087018,-0.306154546768,-1.16888552333,-0.306155548124,-1.60622454917,0.832729970155,0.836290922732,0.83393283289,0.836290919995,0.832729932791
1.175,0.005875,0.0034515625,0,-1.16689559839,0.429227882427,-0.614505137107,0.429226553942,-1.16690970484,-3.52063955062,-3.52067626689,1,1,0.624511558772,1,1,0.82153082198,0.825846048546,0.823031230634,0.825846044963,0.821530783943,7.78385677283e-07,2.52132418317e-07,5.90110771709e-07,2.52132674631e-07,7.7839181423e-07,7.78385677283e-07,2.52132418317e-07,5.90110771709e-07,2.52132674631e-07,7.7839181423e-07,3.40050768872e-07,8.31451488064e-08,2.4534154045e-07,8.31452688963e-08,3.40053855624e-07,1.85021553906e-06,5.99316421006e-07,1.40268783387e-06,5.99317030263e-07,1.85023012653e-06,2.99722894541,2.99722842292,2.99722878695,2.99722842292,2.99722894541,0.000194424820589,0.000193835243511,0.000194218312092,0.000193835244006,0.000194424825661,0.3916,0.3916,0.3916,0.3916,0.3916,0,0,0,0,0,0.200000221405,0.200000100968,0.2000001805,0.200000100968,0.200000221407,1.79260553179,2.99923233825,2.15916494779,2.99923100256,1.79260373661,-0.105009465733,-0.101806306841,-0.103980722734,-0.101806310273,-0.105009473263,5.4797839432e-07,2.49896459805e-07,4.46736638771e-07,2.49896667193e-07,5.47982128318e-07,135.845027039,0.274031149014,-0.0473936207754,6.53083269823,129.540831869,1.56941126761e-12,2.16035753197e-20,1.74362908823e-05,4.0244678577e-08,1.89537962586e-08,-1.16689559839,0.429227882427,-0.614505137107,0.429226553942,-1.16690970484,-3.52063955062,-3.52067626689,0.82153082198,0.825846048546,0.823031230634,0.825846044963,0.821530783943,-1.47703788146,-0.0900383762712,-1.01052243044,-0.0900394738833,-1.47705168844,0.828396386642,0.832181740926,0.829675535444,0.832181737937,0.828396349061,7.78385677283e-07,2.52132418317e-07,5.90110771709e-07,2.52132674631e-07,7.7839181423e-07,-1.60621087018,-0.306154546768,-1.16888552333,-0.306155548124,-1.60622454917,0.832729970155,0.836290922732,0.83393283289,0.836290919995,0.832729932791
1.2,0.006,0.0036,0,-1.12291540266,0.502899320247,-0.557510449181,0.502897959046,-1.12292955115,-3.51977741413,-3.51981412229,1,1,0.624511558772,1,1,0.820640911422,0.825031017638,0.822174773555,0.825031013971,0.820640873318,8.12554753012e-07,2.52122513685e-07,6.08110763403e-07,2.5212277002e-07,8.12561302608e-07,8.12554753012e-07,2.52122513685e-07,6.08110763403e-07,2.5212277002e-07,8.12561302608e-07,3.56751412075e-07,8.31418825778e-08,2.53933191547e-07,8.3142002673e-08,3.56754711686e-07,1.93143511531e-06,5.99292877787e-07,1.44547364726e-06,5.99293487092e-07,1.93145068364e-06,2.99718496279,2.99718447312,2.99718482495,2.99718447312,2.9971849628,0.000198547113513,0.000197934428509,0.000198331388652,0.000197934429025,0.000198547118707,0.3916,0.3916,0.3916,0.3916,0.3916,0,0,0,0,0,0.133535986375,0.127319335374,0.131238210036,0.127319342227,0.133535995361,1.78432177853,2.98641013757,2.21727378294,2.98640880867,1.78432002537,-0.0667678290349,-0.0636596167529,-0.0656189821673,-0.0636596201797,-0.0667678335267,8.12554753012e-07,2.52122513685e-07,6.08110763403e-07,2.5212277002e-07,8.12561302608e-07,138.735346763,0.286217746867,-0.0484017795575,6.67521808585,132.297944645,1.6093792965e-12,2.28656544111e-20,1.74376181024e-05,4.19754365964e-08,1.93573342047e-08,-1.12291540266,0.502899320247,-0.557510449181,0.502897959046,-1.12292955115,-3.51977741413,-3.51981412229,0.820640911422,0.825031017638,0.822174773555,0.825031013971,0.820640873318,-1.12291540266,0.502899320247,-0.557510449181,0.502897959046,-1.12292955115,0.820640911422,0.825031017638,0.822174773555,0.825031013971,0.820640873318,8.12554753012e-07,2.52122513685e-07,6.08110763403e-07,2.5212277002e-07,8.12561302608e-07,-1.25031070477,0.28963503632,-0.718667169043,0.289633769974,-1.25032472949,0.823827552706,0.827999096396,0.825274164346,0.827999092975,0.823827514797
1.225,0.006125,0.0037515625,0,-1.07901596306,0.576445771011,-0.500414482334,0.576444377162,-1.07903015341,-3.51889980219,-3.51893650225,1,1,0.624511558772,1,1,0.819770848451,0.824235641003,0.821338610664,0.824235637253,0.81977081028,8.46824784012e-07,2.52110909584e-07,6.25131164979e-07,2.52111165939e-07,8.46831764968e-07,8.46824784012e-07,2.52110909584e-07,6.25131164979e-07,2.52111165939e-07,8.46831764968e-07,3.73389438732e-07,8.31380559192e-08,2.61999423831e-07,8.31381760193e-08,3.73392958882e-07,2.01289466131e-06,5.99265294947e-07,1.48593098403e-06,5.99265904299e-07,2.01291125497e-06,2.99714171132,2.99714125463,2.99714159635,2.99714125463,2.99714171133,0.000202668856675,0.000202032645843,0.00020244365061,0.000202032646382,0.000202668861992,0.3916,0.3916,0.3916,0.3916,0.3916,0,0,0,0,0,0.133535986375,0.127319335374,0.131238210036,0.127319342227,0.133535995361,1.78432177853,2.98641013757,2.21727378294,2.98640880867,1.78432002537,-0.0667678290349,-0.0636596167529,-0.0656189821673,-0.0636596201797,-0.0667678335267,8.12554753012e-07,2.52122513685e-07,6.08110763403e-07,2.5212277002e-07,8.12561302608e-07,141.625666487,0.298676883397,-0.0494100369248,6.81982297056,135.055110363,1.57029944603e-12,2.18661555334e-20,1.74389817241e-05,4.37426316267e-08,1.97609075188e-08,-1.07901596306,0.576445771011,-0.500414482334,0.576444377162,-1.07903015341,-3.51889980219,-3.51893650225,0.819770848451,0.824235641003,0.821338610664,0.824235637253,0.81977081028,-1.12291540266,0.502899320247,-0.557510449181,0.502897959046,-1.12292955115,0.820640911422,0.825031017638,0.822174773555,0.825031013971,0.820640873318,8.46824784012e-07,2.52110909584e-07,6.25131164979e-07,2.52111165939e-07,8.46831764968e-07,-1.25031070477,0.28963503632,-0.718667169043,0.289633769974,-1.25032472949,0.823827552706,0.827999096396,0.825274164346,0.827999092975,0.823827514797
1.25,0.00625,0.00390625,0,-1.03519704453,0.649868007726,-0.44321851356,0.649866581297,-1.03521127656,-3.51800674928,-3.51804344126,1,1,0.624511558772,1,1,0.818919821688,0.823459110597,0.820521925916,0.823459106764,0.818919783449,8.81117206134e-07,2.52097609145e-07,6.41040483612e-07,2.52097865518e-07,8.81124637624e-07,8.81117206134e-07,2.52097609145e-07,6.41040483612e-07,2.52097865518e-07,8.81124637624e-07,3.89923644416e-07,8.31336698628e-08,2.69483836004e-07,8.31337899671e-08,3.89927392824e-07,2.09440743079e-06,5.99233679926e-07,1.52374728693e-06,5.99234289322e-07,2.09442509537e-06,2.99709919422,2.99709877042,2.99709910448,2.99709877042,2.99709919422,0.00020679005305,0.000206129899618,0.000206555097645,0.00020612990018,0.00020679005849,0.3916,0.3916,0.3916,0.3916,0.3916,0,0,0,0,0,0.133535986375,0.127319335374,0.131238210036,0.127319342227,0.133535995361,1.78432177853,2.98641013757,2.21727378294,2.98640880867,1.78432002537,-0.0667678290349,-0.0636596167529,-0.0656189821673,-0.0636596201797,-0.0667678335267,8.12554753012e-07,2.52122513685e-07,6.08110763403e-07,2.5212277002e-07,8.12561302608e-07,144.515986212,0.31140884143,-0.0504183983115,6.96464694975,137.812329705,1.59960933388e-12,2.37296280173e-20,1.74403817464e-05,4.55462636679e-08,2.01645172273e-08,-1.03519704453,0.649868007726,-0.44321851356,0.649866581297,-1.03521127656,-3.51800674928,-3.51804344126,0.818919821688,0.823459110597,0.820521925916,0.823459106764,0.818919783449,-1.12291540266,0.502899320247,-0.557510449181,0.502897959046,-1.12292955115,0.820640911422,0.825031017638,0.822174773555,0.825031013971,0.820640873318,8.81117206134e-07,2.52097609145e-07,6.41040483612e-07,2.52097865518e-07,8.81124637624e-07,-1.25031070477,0.28963503632,-0.718667169043,0.289633769974,-1.25032472949,0.823827552706,0.827999096396,0.825274164346,0.827999092975,0.823827514797
1.275,0.006375,0.0040640625,0,-0.991458412012,0.723166795868,-0.385923808432,0.723165336926,-0.991472685546,-3.51709828977,-3.51713497369,1,1,0.624511558772,1,1,0.818087068072,0.8227006666,0.819723951656,0.822700662684,0.818087029766,9.1535038339e-07,2.52082615513e-07,6.55702480188e-07,2.52082871903e-07,9.15358285055e-07,9.1535038339e-07,2.52082615513e-07,6.55702480188e-07,2.52082871903e-07,9.15358285055e-07,4.06312667069e-07,8.31287254459e-08,2.76329668792e-07,8.31288455539e-08,4.06316651494e-07,2.17577937578e-06,5.99198040201e-07,1.55859871687e-06,5.99198649639e-07,2.17579815796e-06,2.99705741457,2.99705702331,2.99705735251,2.99705702331,2.99705741457,0.000210910705607,0.00021022619391,0.000210665729473,0.000210226194495,0.00021091071117,0.3916,0.3916,0.3916,0.3916,0.3916,0,0,0,0,0,0.133535986375,0.127319335374,0.131238210036,0.127319342227,0.133535995361,1.78432177853,2.98641013757,2.21727378294,2.98640880867,1.78432002537,-0.0667678290349,-0.0636596167529,-0.0656189821673,-0.0636596201797,-0.0667678335267,8.12554753012e-07,2.52122513685e-07,6.08110763403e-07,2.5212277002e-07,8.12561302608e-07,147.406305936,0.324413896512,-0.0514268695738,7.10968962201,140.569603341,1.74171788103e-12,2.72109334305e-20,1.74418181682e-05,4.73863327201e-08,2.05681644774e-08,-0.991458412012,0.723166795868,-0.385923808432,0.723165336926,-0.991472685546,-3.51709828977,-3.51713497369,0.818087068072,0.8227006666,0.819723951656,0.822700662684,0.818087029766,-1.12291540266,0.502899320247,-0.557510449181,0.502897959046,-1.12292955115,0.820640911422,0.825031017638,0.822174773555,0.825031013971,0.820640873318,9.1535038339e-07,2.52082615513e-07,6.55702480188e-07,2.52082871903e-07,9.15358285055e-07,-1.25031070477,0.28963503632,-0.718667169043,0.289633769974,-1.25032472949,0.823827552706,0.827999096396,0.825274164346,0.827999092975,0.823827514797
1.3,0.0065,0.004225,0,-0.947799830451,0.796342893463,-0.328531621206,0.796341402075,-0.947814145308,-3.51617445794,-3.51621113382,1,1,0.624511558772,1,1,0.817271869103,0.821959593657,0.818943964868,0.821959589658,0.817271830729,9.49439618116e-07,2.52065931849e-07,6.68976157322e-07,2.52066188256e-07,9.49448010066e-07,9.49439618116e-07,2.52065931849e-07,6.68976157322e-07,2.52066188256e-07,9.49448010066e-07,4.22514998139e-07,8.3123223711e-08,2.82479818257e-07,8.31233438222e-08,4.22519226381e-07,2.25680917071e-06,5.99158383286e-07,1.59015012437e-06,5.99158992764e-07,2.25682911829e-06,2.99701637534,2.99701601601,2.99701634351,2.99701601601,2.99701637534,0.000215030817303,0.000214321532772,0.000214775545843,0.000214321533381,0.00021503082299,0.3916,0.3916,0.3916,0.3916,0.3916,0,0,0,0,0,0.133535986375,0.127319335374,0.131238210036,0.127319342227,0.133535995361,1.78432177853,2.98641013757,2.21727378294,2.98640880867,1.78432002537,-0.0667678290349,-0.0636596167529,-0.0656189821673,-0.0636596201797,-0.0667678335267,8.12554753012e-07,2.52122513685e-07,6.08110763403e-07,2.5212277002e-07,8.12561302608e-07,150.29662566,0.337692317205,-0.0524354570248,7.25495058707,143.326931933,1.89270821238e-12,2.44877225051e-20,1.74432909882e-05,4.92628387832e-08,2.09718505507e-08,-0.947799830451,0.796342893463,-0.328531621206,0.796341402075,-0.947814145308,-3.51617445794,-3.51621113382,0.817271869103,0.821959593657,0.818943964868,0.821959589658,0.817271830729,-1.12291540266,0.502899320247,-0.557510449181,0.502897959046,-1.12292955115,0.820640911422,0.825031017638,0.822174773555,0.825031013971,0.820640873318,9.49439618116e-07,2.52065931849e-07,6.68976157322e-07,2.52066188256e-07,9.49448010066e-07,-1.25031070477,0.28963503632,-0.718667169043,0.289633769974,-1.25032472949,0.823827552706,0.827999096396,0.825274164346,0.827999092975,0.823827514797
1.325,0.006625,0.0043890625,0,-0.904221064821,0.869397051166,-0.27104319492,0.869395527401,-0.904235420824,-3.51523528798,-3.51527195584,1,1,0.624511558772,1,1,0.816473547445,0.821235217491,0.818181283765,0.821235213411,0.816473509003,9.83297161014e-07,2.5204756133e-07,6.80715747501e-07,2.52047817753e-07,9.8330606383e-07,9.83297161014e-07,2.5204756133e-07,6.80715747501e-07,2.52047817753e-07,9.8330606383e-07,4.384889924e-07,8.31171657058e-08,2.87876847715e-07,8.31172858196e-08,4.38493472294e-07,2.33728823631e-06,5.99114716734e-07,1.61805502139e-06,5.99115326249e-07,2.33730939822e-06,2.99697607939,2.99697575111,2.99697608046,2.99697575111,2.99697607939,0.000219150391089,0.000218415920235,0.000218884546538,0.000218415920868,0.000219150396901,0.3916,0.3916,0.3916,0.3916,0.3916,0,0,0,0,0,0.133535986375,0.127319335374,0.131238210036,0.127319342227,0.133535995361,1.78432177853,2.98641013757,2.21727378294,2.98640880867,1.78432002537,-0.0667678290349,-0.0636596167529,-0.0656189821673,-0.0636596201797,-0.0667678335267,8.12554753012e-07,2.52122513685e-07,6.08110763403e-07,2.5212277002e-07,8.12561302608e-07,153.186945384,0.351244365366,-0.0534441674723,7.40042944586,146.084316136,1.90780724552e-12,2.57243906081e-20,1.7444800205e-05,5.11757818573e-08,2.13755768765e-08,-0.904221064821,0.869397051166,-0.27104319492,0.869395527401,-0.904235420824,-3.51523528798,-3.51527195584,0.816473547445,0.821235217491,0.818181283765,0.821235213411,0.816473509003,-1.12291540266,0.502899320247,-0.557510449181,0.502897959046,-1.12292955115,0.820640911422,0.825031017638,0.822174773555,0.825031013971,0.820640873318,9.83297161014e-07,2.5204756133e-07,6.80715747501e-07,2.52047817753e-07,9.8330606383e-07,-1.25031070477,0.28963503632,-0.718667169043,0.289633769974,-1.25032472949,0.823827552706,0.827999096396,0.825274164346,0.827999092975,0.823827514797
1.35,0.00675,0.00455625,0,-0.860721880122,0.942330012344,-0.213459761493,0.942328456268,-0.860736277093,-3.51428081398,-3.51431747382,1,1,0.624511558772,1,1,0.815691463845,0.820526901824,0.817435264713,0.820526897661,0.815691425335,1.01683222108e-06,2.5202750715e-07,6.9077070133e-07,2.52027763588e-07,1.01684165582e-06,1.01683222108e-06,2.5202750715e-07,6.9077070133e-07,2.52027763588e-07,1.01684165582e-06,4.5419287657e-07,8.31105524833e-08,2.92462998368e-07,8.31106725991e-08,4.54197615991e-07,2.41700076321e-06,5.99067048134e-07,1.64195555344e-06,5.99067657684e-07,2.41702318949e-06,2.99693652946,2.99693623109,2.9969365662,2.9969362311,2.99693652946,0.000223269429905,0.000222509360303,0.000222992731376,0.000222509360961,0.000223269435842,0.3916,0.3916,0.3916,0.3916,0.3916,0,0,0,0,0,0.133535986375,0.127319335374,0.131238210036,0.127319342227,0.133535995361,1.78432177853,2.98641013757,2.21727378294,2.98640880867,1.78432002537,-0.0667678290349,-0.0636596167529,-0.0656189821673,-0.0636596201797,-0.0667678335267,8.12554753012e-07,2.52122513685e-07,6.08110763403e-07,2.5212277002e-07,8.12561302608e-07,156.077265109,0.365070296409,-0.0544530082593,7.54612580046,148.841756596,2.00994776378e-12,2.68043576159e-20,1.74463458169e-05,5.31251619423e-08,2.17793450473e-08,-0.860721880122,0.942330012344,-0.213459761493,0.942328456268,-0.860736277093,-3.51428081398,-3.51431747382,0.815691463845,0.820526901824,0.817435264713,0.820526897661,0.815691425335,-1.12291540266,0.502899320247,-0.557510449181,0.502897959046,-1.12292955115,0.820640911422,0.825031017638,0.822174773555,0.825031013971,0.820640873318,1.01683222108e-06,2.5202750715e-07,6.9077070133e-07,2.52027763588e-07,1.01684165582e-06,-1.25031070477,0.28963503632,-0.718667169043,0.289633769974,-1.25032472949,0.823827552706,0.827999096396,0.825274164346,0.827999092975,0.823827514797
1.375,0.006875,0.0047265625,0,-0.817302041394,1.01514251315,-0.155782541824,1.01514092483,-0.817316479158,-3.51331106991,-3.51334772176,1,1,0.624511558772,1,1,0.814925014334,0.819834045578,0.816705299424,0.819834041334,0.814924975756,1.04995097543e-06,2.52005772517e-07,6.98985675906e-07,2.52006028968e-07,1.04996096362e-06,1.04995097543e-06,2.52005772517e-07,6.98985675906e-07,2.52006028968e-07,1.04996096362e-06,4.6958475686e-07,8.31033851015e-08,2.96180198752e-07,8.31035052188e-08,4.6958976372e-07,2.49572373526e-06,5.99015385113e-07,1.66148247185e-06,5.99015994695e-07,2.49574747711e-06,2.99689772823,2.99689745837,2.99689780351,2.99689745837,2.99689772823,0.000227387936683,0.000226601856959,0.000227100100209,0.000226601857642,0.000227387942745,0.3916,0.3916,0.3916,0.3916,0.3916,0,0,0,0,0,0.133535986375,0.127319335374,0.131238210036,0.127319342227,0.133535995361,1.78432177853,2.98641013757,2.21727378294,2.98640880867,1.78432002537,-0.0667678290349,-0.0636596167529,-0.0656189821673,-0.0636596201797,-0.0667678335267,8.12554753012e-07,2.52122513685e-07,6.08110763403e-07,2.5212277002e-07,8.12561302608e-07,158.967584833,0.379170359554,-0.0554619873083,7.69203925416,151.599253951,2.11741735257e-12,2.74142213379e-20,1.74479278222e-05,5.51109790382e-08,2.21831568351e-08,-0.817302041394,1.01514251315,-0.155782541824,1.01514092483,-0.817316479158,-3.51331106991,-3.51334772176,0.814925014334,0.819834045578,0.816705299424,0.819834041334,0.814924975756,-1.12291540266,0.502899320247,-0.557510449181,0.502897959046,-1.12292955115,0.820640911422,0.825031017638,0.822174773555,0.825031013971,0.820640873318,1.04995097543e-06,2.52005772517e-07,6.98985675906e-07,2.52006028968e-07,1.04996096362e-06,-1.25031070477,0.28963503632,-0.718667169043,0.289633769974,-1.25032472949,0.823827552706,0.827999096396,0.825274164346,0.827999092975,0.823827514797
1.4,0.007,0.0049,0,-0.773961313726,1.0878352826,-0.0980127458911,1.08783366211,-0.773975792107,-3.51232608967,-3.51236273355,1,1,0.624511558772,1,1,0.814173627684,0.819156080341,0.815990812415,0.819156076015,0.814173589037,1.08255657896e-06,2.51982360655e-07,7.05200523291e-07,2.51982617119e-07,1.08256714263e-06,1.08255657896e-06,2.51982360655e-07,7.05200523291e-07,2.51982617119e-07,1.08256714263e-06,4.84622625537e-07,8.30956646236e-08,2.98970073109e-07,8.30957847418e-08,4.84627907784e-07,2.57322695261e-06,5.98959735333e-07,1.67625510647e-06,5.98960344946e-07,2.57325206235e-06,2.99685967828,2.99685943524,2.99685979509,2.99685943525,2.99685967828,0.000231505914346,0.000230693414162,0.00023120665292,0.000230693414871,0.000231505920534,0.3916,0.3916,0.3916,0.3916,0.3916,0,0,0,0,0,0.0940640364611,0.0880020622332,0.0914936090538,0.0880020689621,0.0940640432022,1.76510752316,2.95643156155,2.26024829958,2.95643024841,1.76510582234,-0.0470317995323,-0.0440009802111,-0.0457466620622,-0.0440009835755,-0.0470318029007,1.08255657896e-06,2.51982360655e-07,7.05200523291e-07,2.51982617119e-07,1.08256714263e-06,161.857904557,0.393544798056,-0.0564711131687,7.8381694114,154.356808831,2.13074002886e-12,2.43649027278e-20,1.74495462189e-05,5.7133233145e-08,2.25870142088e-08,-0.773961313726,1.0878352826,-0.0980127458911,1.08783366211,-0.773975792107,-3.51232608967,-3.51236273355,0.814173627684,0.819156080341,0.815990812415,0.819156076015,0.814173589037,-0.773961313726,1.0878352826,-0.0980127458911,1.08783366211,-0.773975792107,0.814173627684,0.819156080341,0.815990812415,0.819156076015,0.814173589037,1.08255657896e-06,2.51982360655e-07,7.05200523291e-07,2.51982617119e-07,1.08256714263e-06,-0.899525649947,0.87743198204,-0.261615475593,0.877430454899,-0.899540008747,0.816718374691,0.821487074065,0.818437877416,0.821487069978,0.816718336239
1.425,0.007125,0.0050765625,0,-0.730699462268,1.16040904266,-0.0401515728506,1.16040739006,-0.730713981091,-3.51132590705,-3.51136254297,1,1,0.624511558772,1,1,0.813436763085,0.818492468041,0.815291258678,0.818492463635,0.81343672437,1.11454917401e-06,2.51957274803e-07,7.09250279095e-07,2.51957531279e-07,1.11456033564e-06,1.11454917401e-06,2.51957274803e-07,7.09250279095e-07,2.51957531279e-07,1.11456033564e-06,4.99264366595e-07,8.30873921179e-08,3.00773948734e-07,8.30875122365e-08,4.99269932215e-07,2.64927305446e-06,5.98900106497e-07,1.68588133847e-06,5.98900716138e-07,2.64929958556e-06,2.99682238213,2.99682216396,2.99682254355,2.99682216396,2.99682238212,0.000235623365808,0.000234784035847,0.000235312389425,0.000234784036582,0.000235623372122,0.3916,0.3916,0.3916,0.3916,0.3916,0,0,0,0,0,0.0940640364611,0.0880020622332,0.0914936090538,0.0880020689621,0.0940640432022,1.76510752316,2.95643156155,2.26024829958,2.95643024841,1.76510582234,-0.0470317995323,-0.0440009802111,-0.0457466620622,-0.0440009835755,-0.0470318029007,1.08255657896e-06,2.51982360655e-07,7.05200523291e-07,2.51982617119e-07,1.08256714263e-06,164.748224281,0.408193849435,-0.0574803950678,7.98451587779,157.114421858,2.20801155137e-12,2.721940376e-20,1.74512010049e-05,5.91919242628e-08,2.29909193536e-08,-0.730699462268,1.16040904266,-0.0401515728506,1.16040739006,-0.730713981091,-3.51132590705,-3.51136254297,0.813436763085,0.818492468041,0.815291258678,0.818492463635,0.81343672437,-0.773961313726,1.0878352826,-0.0980127458911,1.08783366211,-0.773975792107,0.814173627684,0.819156080341,0.815990812415,0.819156076015,0.814173589037,1.11454917401e-06,2.51957274803e-07,7.09250279095e-07,2.51957531279e-07,1.11456033564e-06,-0.899525649947,0.87743198204,-0.261615475593,0.877430454899,-0.899540008747,0.816718374691,0.821487074065,0.818437877416,0.821487069978,0.816718336239
1.45,0.00725,0.00525625,0,-0.687516252237,1.2328645083,0.0177997888677,1.23286282366,-0.687530811329,-3.51031055575,-3.51034718374,1,1,0.624511558772,1,1,0.81271390803,0.81784269884,0.81460612157,0.817842694352,0.812713869246,1.14582589975e-06,2.51930518218e-07,7.1096515117e-07,2.51930774705e-07,1.14583768234e-06,1.14582589975e-06,2.51930518218e-07,7.1096515117e-07,2.51930774705e-07,1.14583768234e-06,5.13467760614e-07,8.30785686581e-08,3.01532862387e-07,8.30786887765e-08,5.13473617628e-07,2.7236175416e-06,5.98836506341e-07,1.6899575735e-06,5.98837116009e-07,2.72364554869e-06,2.99678584222,2.9967856467,2.99678605148,2.9967856467,2.99678584221,0.000239740293973,0.000238873725929,0.000239417309674,0.00023887372669,0.000239740300414,0.3916,0.3916,0.3916,0.3916,0.3916,0,0,0,0,0,0.0940640364611,0.0880020622332,0.0914936090538,0.0880020689621,0.0940640432022,1.76510752316,2.95643156155,2.26024829958,2.95643024841,1.76510582234,-0.0470317995323,-0.0440009802111,-0.0457466620622,-0.0440009835755,-0.0470318029007,1.08255657896e-06,2.51982360655e-07,7.05200523291e-07,2.51982617119e-07,1.08256714263e-06,167.638544005,0.423117745677,-0.0584898429657,8.13107826013,159.872093648,2.31814567542e-12,2.78631487999e-20,1.74528921777e-05,6.12870523916e-08,2.33948746911e-08,-0.687516252237,1.2328645083,0.0177997888677,1.23286282366,-0.687530811329,-3.51031055575,-3.51034718374,0.81271390803,0.81784269884,0.81460612157,0.817842694352,0.812713869246,-0.773961313726,1.0878352826,-0.0980127458911,1.08783366211,-0.773975792107,0.814173627684,0.819156080341,0.815990812415,0.819156076015,0.814173589037,1.14582589975e-06,2.51930518218e-07,7.1096515117e-07,2.51930774705e-07,1.14583768234e-06,-0.899525649947,0.87743198204,-0.261615475593,0.877430454899,-0.899540008747,0.816718374691,0.821487074065,0.818437877416,0.821487069978,0.816718336239
1.475,0.007375,0.0054390625,0,-0.644411448931,1.30520238758,0.0758401624071,1.30520067097,-0.644426048119,-3.50928006936,-3.50931668943,1,1,0.624511558772,1,1,0.812004576374,0.817206289189,0.813934910575,0.817206284621,0.812004537522,1.17628090161e-06,2.5190209417e-07,7.10963992923e-07,2.51902350666e-07,1.17629332861e-06,1.17628090161e-06,2.5190209417e-07,7.10963992923e-07,2.51902350666e-07,1.17629332861e-06,5.27190488858e-07,8.30691953227e-08,3.01532371153e-07,8.30693154403e-08,5.27196645325e-07,2.79600879868e-06,5.98768942642e-07,1.68995482035e-06,5.98769552333e-07,2.79603833756e-06,2.99675006096,2.99674988559,2.9967503199,2.99674988559,2.99675006096,0.000243856701737,0.000242962488297,0.00024352141365,0.000242962489085,0.000243856708306,0.3916,0.3916,0.3916,0.3916,0.3916,0,0,0,0,0,0.0940640364611,0.0880020622332,0.0914936090538,0.0880020689621,0.0940640432022,1.76510752316,2.95643156155,2.26024829958,2.95643024841,1.76510582234,-0.0470317995323,-0.0440009802111,-0.0457466620622,-0.0440009835755,-0.0470318029007,1.08255657896e-06,2.51982360655e-07,7.05200523291e-07,2.51982617119e-07,1.08256714263e-06,170.52886373,0.438316713439,-0.0594994603019,8.27785616639,162.629824816,2.50466314355e-12,2.52754631461e-20,1.74546197346e-05,6.34186175312e-08,2.37988829017e-08,-0.644411448931,1.30520238758,0.0758401624071,1.30520067097,-0.644426048119,-3.50928006936,-3.50931668943,0.812004576374,0.817206289189,0.813934910575,0.817206284621,0.812004537522,-0.773961313726,1.0878352826,-0.0980127458911,1.08783366211,-0.773975792107,0.814173627684,0.819156080341,0.815990812415,0.819156076015,0.814173589037,1.17628090161e-06,2.5190209417e-07,7.10963992923e-07,2.51902350666e-07,1.17629332861e-06,-0.899525649947,0.87743198204,-0.261615475593,0.877430454899,-0.899540008747,0.816718374691,0.821487074065,0.818437877416,0.821487069978,0.816718336239
1.5,0.0075,0.005625,0,-0.601384817737,1.37742338173,0.13396838241,1.37742163322,-0.60139945685,-3.50823448139,-3.50827109356,1,1,0.624511558772,1,1,0.811308306564,0.816582780069,0.813277159429,0.81658277542,0.811308267643,1.20580534048e-06,2.51872005945e-07,7.10959057974e-07,2.51872262451e-07,1.20581843587e-06,1.20580534048e-06,2.51872005945e-07,7.10959057974e-07,2.51872262451e-07,1.20581843587e-06,5.40390136696e-07,8.30592731955e-08,3.01530278155e-07,8.30593933118e-08,5.40396600708e-07,2.8661881162e-06,5.98697423211e-07,1.68994309003e-06,5.98698032923e-07,2.86621924382e-06,2.99671504073,2.99671488271,2.9967153472,2.99671488272,2.99671504072,0.000247972591988,0.00024705032682,0.000247624701372,0.000247050327636,0.000247972598684,0.3916,0.3916,0.3916,0.3916,0.3916,0,0,0,0,0,0.0940640364611,0.0880020622332,0.0914936090538,0.0880020689621,0.0940640432022,1.76510752316,2.95643156155,2.26024829958,2.95643024841,1.76510582234,-0.0470317995323,-0.0440009802111,-0.0457466620622,-0.0440009835755,-0.0470318029007,1.08255657896e-06,2.51982360655e-07,7.05200523291e-07,2.51982617119e-07,1.08256714263e-06,173.419183454,0.453790974237,-0.0605092438566,8.4248492057,165.387615979,2.56150656242e-12,2.82189026378e-20,1.74563836723e-05,6.55866196818e-08,2.42029473541e-08,-0.601384817737,1.37742338173,0.13396838241,1.37742163322,-0.60139945685,-3.50823448139,-3.50827109356,0.811308306564,0.816582780069,0.813277159429,0.81658277542,0.811308267643,-0.773961313726,1.0878352826,-0.0980127458911,1.08783366211,-0.773975792107,0.814173627684,0.819156080341,0.815990812415,0.819156076015,0.814173589037,1.20580534048e-06,2.51872005945e-07,7.10959057974e-07,2.51872262451e-07,1.20581843587e-06,-0.899525649947,0.87743198204,-0.261615475593,0.877430454899,-0.899540008747,0.816718374691,0.821487074065,0.818437877416,0.821487069978,0.816718336239
1.525,0.007625,0.0058140625,0,-0.558436124143,1.44952818521,0.192183292417,1.44952640487,-0.558450803007,-3.50717382525,-3.50721042952,1,1,0.624511558772,1,1,0.810624660007,0.815971735353,0.812632425499,0.815971730625,0.810624621018,1.23428740193e-06,2.51840256846e-07,7.10950340706e-07,2.51840513359e-07,1.23430119016e-06,1.23428740193e-06,2.51840256846e-07,7.10950340706e-07,2.51840513359e-07,1.23430119016e-06,5.53024196363e-07,8.30488033654e-08,3.01526581008e-07,8.30489234799e-08,5.53030976051e-07,2.93388971222e-06,5.98621955896e-07,1.68992236916e-06,5.98622565627e-07,2.93392248672e-06,2.99668078385,2.99668064014,2.99668113588,2.99668064014,2.99668078384,0.000252087967602,0.000251137245345,0.000251727172885,0.000251137246189,0.000252087974427,0.3916,0.3916,0.3916,0.3916,0.3916,0,0,0,0,0,0.0940640364611,0.0880020622332,0.0914936090538,0.0880020689621,0.0940640432022,1.76510752316,2.95643156155,2.26024829958,2.95643024841,1.76510582234,-0.0470317995323,-0.0440009802111,-0.0457466620622,-0.0440009835755,-0.0470318029007,1.08255657896e-06,2.51982360655e-07,7.05200523291e-07,2.51982617119e-07,1.08256714263e-06,176.309503178,0.469540744622,-0.061519203188,8.57205698838,168.145467731,2.68762789801e-12,2.89304103135e-20,1.74581839879e-05,6.77910588433e-08,2.4607070917e-08,-0.558436124143,1.44952818521,0.192183292417,1.44952640487,-0.558450803007,-3.50717382525,-3.50721042952,0.810624660007,0.815971735353,0.812632425499,0.815971730625,0.810624621018,-0.773961313726,1.0878352826,-0.0980127458911,1.08783366211,-0.773975792107,0.814173627684,0.819156080341,0.815990812415,0.819156076015,0.814173589037,1.23428740193e-06,2.51840256846e-07,7.10950340706e-07,2.51840513359e-07,1.23430119016e-06,-0.899525649947,0.87743198204,-0.261615475593,0.877430454899,-0.899540008747,0.816718374691,0.821487074065,0.818437877416,0.821487069978,0.816718336239
1.55,0.00775,0.00600625,0,-0.515565133744,1.52151748579,0.25048374613,1.52151567368,-0.515579852191,-3.50609813423,-3.50613473064,1,1,0.624511558772,1,1,0.809953219581,0.815372740324,0.812000287669,0.815372735515,0.809953180523,1.26161230517e-06,2.51806850189e-07,7.10937835638e-07,2.5180710671e-07,1.26162681119e-06,1.26161230517e-06,2.51806850189e-07,7.10937835638e-07,2.5180710671e-07,1.26162681119e-06,5.65050069136e-07,8.30377869264e-08,3.01521277388e-07,8.30379070385e-08,5.65057172664e-07,2.99884075391e-06,5.98542548584e-07,1.68989264473e-06,5.98543158331e-07,2.99887523459e-06,2.99664729265,2.99664715989,2.99664768791,2.99664715989,2.99664729264,0.000256202831449,0.000255223247696,0.000255828828264,0.000255223248568,0.000256202838403,0.3916,0.3916,0.3916,0.3916,0.3916,0,0,0,0,0,0.0940640364611,0.0880020622332,0.0914936090538,0.0880020689621,0.0940640432022,1.76510752316,2.95643156155,2.26024829958,2.95643024841,1.76510582234,-0.0470317995323,-0.0440009802111,-0.0457466620622,-0.0440009835755,-0.0470318029007,1.08255657896e-06,2.51982360655e-07,7.05200523291e-07,2.51982617119e-07,1.08256714263e-06,179.199822902,0.485566236349,-0.0625293502195,8.71947912592,170.903380663,2.66275890226e-12,2.75539817742e-20,1.74600206778e-05,7.00319350158e-08,2.50112571865e-08,-0.515565133744,1.52151748579,0.25048374613,1.52151567368,-0.515579852191,-3.50609813423,-3.50613473064,0.809953219581,0.815372740324,0.812000287669,0.815372735515,0.809953180523,-0.773961313726,1.0878352826,-0.0980127458911,1.08783366211,-0.773975792107,0.814173627684,0.819156080341,0.815990812415,0.819156076015,0.814173589037,1.26161230517e-06,2.51806850189e-07,7.10937835638e-07,2.5180710671e-07,1.26162681119e-06,-0.899525649947,0.87743198204,-0.261615475593,0.877430454899,-0.899540008747,0.816718374691,0.821487074065,0.818437877416,0.821487069978,0.816718336239
1.575,0.007875,0.0062015625,0,-0.472771612258,1.5933919646,0.308868607506,1.5933901208,-0.472786370118,-3.50500744155,-3.50504403011,1,1,0.624511558772,1,1,0.809293588252,0.814785400293,0.811380344961,0.814785395406,0.809293549126,1.28766231203e-06,2.51771789309e-07,7.10921537424e-07,2.51772045836e-07,1.2876775613e-06,1.28766231203e-06,2.51771789309e-07,7.10921537424e-07,2.51772045836e-07,1.2876775613e-06,5.7642506693e-07,8.30262249775e-08,3.01514365027e-07,8.30263450867e-08,5.76432502498e-07,3.06076137873e-06,5.98459209196e-07,1.68985390403e-06,5.98459818958e-07,3.0607976261e-06,2.99661456943,2.99661444401,2.99661500528,2.99661444401,2.99661456942,0.000260317186388,0.000259308337675,0.000259929667613,0.000259308338576,0.000260317193471,0.3916,0.3916,0.3916,0.3916,0.3916,0,0,0,0,0,0.0940640364611,0.0880020622332,0.0914936090538,0.0880020689621,0.0940640432022,1.76510752316,2.95643156155,2.26024829958,2.95643024841,1.76510582234,-0.0470317995323,-0.0440009802111,-0.0457466620622,-0.0440009835755,-0.0470318029007,1.08255657896e-06,2.51982360655e-07,7.05200523291e-07,2.51982617119e-07,1.08256714263e-06,182.090142627,0.501867656543,-0.0635396978973,8.86711523096,173.661355354,2.81197287677e-12,2.84137202156e-20,1.74618937381e-05,7.23092481992e-08,2.54155101278e-08,-0.472771612258,1.5933919646,0.308868607506,1.5933901208,-0.472786370118,-3.50500744155,-3.50504403011,0.809293588252,0.814785400293,0.811380344961,0.814785395406,0.809293549126,-0.773961313726,1.0878352826,-0.0980127458911,1.08783366211,-0.773975792107,0.814173627684,0.819156080341,0.815990812415,0.819156076015,0.814173589037,1.28766231203e-06,2.51771789309e-07,7.10921537424e-07,2.51772045836e-07,1.2876775613e-06,-0.899525649947,0.87743198204,-0.261615475593,0.877430454899,-0.899540008747,0.816718374691,0.821487074065,0.818437877416,0.821487069978,0.816718336239
1.6,0.008,0.0064,0,-0.430055325533,1.66515229622,0.36733675066,1.66515042079,-0.430070122636,-3.50390178033,-3.50393836105,1,1,0.624511558772,1,1,0.808645387815,0.814209339343,0.810772215272,0.814209334376,0.808645348619,1.3123167358e-06,2.51735077552e-07,7.10901440852e-07,2.51735334084e-07,1.31233275427e-06,1.3123167358e-06,2.51735077552e-07,7.10901440852e-07,2.51735334084e-07,1.31233275427e-06,5.87106413363e-07,8.3014118623e-08,3.01505841717e-07,8.30142387286e-08,5.87114189208e-07,3.11936471547e-06,5.98371945692e-07,1.68980613466e-06,5.98372555466e-07,3.11940279124e-06,2.99658261653,2.99658249452,2.99658308997,2.99658249452,2.99658261652,0.000264431035268,0.000263392519065,0.000264029691063,0.000263392519995,0.000264431042481,0.3916,0.3916,0.3916,0.3916,0.3916,0,0,0,0,0,0.0721839761164,0.0662517332588,0.0693421039674,0.0662517398285,0.0721839820631,1.74202812467,2.92101125942,2.29537068614,2.92100996572,1.74202647883,-0.0360917229437,-0.0331258157738,-0.0346709083672,-0.0331258190586,-0.0360917259138,1.3123167358e-06,2.51735077552e-07,7.10901440852e-07,2.51735334084e-07,1.31233275427e-06,184.980462351,0.518445207844,-0.0645502602815,9.01496491734,176.419392381,2.89368529138e-12,2.86932410882e-20,1.74638031643e-05,7.46229983935e-08,2.58198340997e-08,-0.430055325533,1.66515229622,0.36733675066,1.66515042079,-0.430070122636,-3.50390178033,-3.50393836105,0.808645387815,0.814209339343,0.810772215272,0.814209334376,0.808645348619,-0.430055325533,1.66515229622,0.36733675066,1.66515042079,-0.430070122636,0.808645387815,0.814209339343,0.810772215272,0.814209334376,0.808645348619,1.3123167358e-06,2.51735077552e-07,7.10901440852e-07,2.51735334084e-07,1.31233275427e-06,-0.553806359479,1.45751147577,0.201546743808,1.45750969215,-0.553821041047,0.810773404052,0.816127729388,0.812792861875,0.816127724653,0.810773365052
1.625,0.008125,0.0066015625,0,-0.387416039558,1.73679914873,0.425887059771,1.73679724174,-0.387430875737,-3.50278118358,-3.50281775648,1,1,0.624511558772,1,1,0.808008257718,0.813644199154,0.810175534197,0.813644194108,0.808008218454,1.33545194995e-06,2.51696718284e-07,7.10877540848e-07,2.5169697482e-07,1.33546876408e-06,1.33545194995e-06,2.51696718284e-07,7.10877540848e-07,2.5169697482e-07,1.33546876408e-06,5.97051244307e-07,8.3001468972e-08,3.01495705304e-07,8.30015890736e-08,5.97059368702e-07,3.17435690504e-06,5.98280766066e-07,1.68974932457e-06,5.98281375849e-07,3.17439687208e-06,2.99655143626,2.99655131346,2.99655194399,2.99655131346,2.99655143625,0.000268544380932,0.000267475795626,0.000268128898779,0.000267475796585,0.000268544388275,0.3916,0.3916,0.3916,0.3916,0.3916,0,0,0,0,0,0.0721839761164,0.0662517332588,0.0693421039674,0.0662517398285,0.0721839820631,1.74202812467,2.92101125942,2.29537068614,2.92100996572,1.74202647883,-0.0360917229437,-0.0331258157738,-0.0346709083672,-0.0331258190586,-0.0360917259138,1.3123167358e-06,2.51735077552e-07,7.10901440852e-07,2.51735334084e-07,1.31233275427e-06,187.870782075,0.535299088563,-0.0655610526325,9.16302780005,179.177492311,3.03224112486e-12,2.34712829684e-20,1.74657489517e-05,7.69731855988e-08,2.62242338869e-08,-0.387416039558,1.73679914873,0.425887059771,1.73679724174,-0.387430875737,-3.50278118358,-3.50281775648,0.808008257718,0.813644199154,0.810175534197,0.813644194108,0.808008218454,-0.430055325533,1.66515229622,0.36733675066,1.66515042079,-0.430070122636,0.808645387815,0.814209339343,0.810772215272,0.814209334376,0.808645348619,1.33545194995e-06,2.51696718284e-07,7.10877540848e-07,2.5169697482e-07,1.33546876408e-06,-0.553806359479,1.45751147577,0.201546743808,1.45750969215,-0.553821041047,0.810773404052,0.816127729388,0.812792861875,0.816127724653,0.810773365052
1.65,0.00825,0.00680625,0,-0.344853520472,1.80833318378,0.484518428989,1.80833124531,-0.344868395559,-3.50164568422,-3.50168224932,1,1,0.624511558772,1,1,0.807381853988,0.813089637929,0.809589953954,0.813089632805,0.807381814655,1.35694139678e-06,2.51656714882e-07,7.1084983247e-07,2.51656971421e-07,1.35695903354e-06,1.35694139678e-06,2.51656714882e-07,7.1084983247e-07,2.51656971421e-07,1.35695903354e-06,6.06216607941e-07,8.29882771389e-08,3.01483953691e-07,8.29883972358e-08,6.06225089191e-07,3.22543712094e-06,5.98185678351e-07,1.68968346201e-06,5.98186288142e-07,3.22547904336e-06,2.996521031,2.99652090292,2.99652156936,2.99652090292,2.99652103098,0.000272657226211,0.000271558171095,0.00027222729095,0.000271558172084,0.000272657233684,0.3916,0.3916,0.3916,0.3916,0.3916,0,0,0,0,0,0.0721839761164,0.0662517332588,0.0693421039674,0.0662517398285,0.0721839820631,1.74202812467,2.92101125942,2.29537068614,2.92100996572,1.74202647883,-0.0360917229437,-0.0331258157738,-0.0346709083672,-0.0331258190586,-0.0360917259138,1.3123167358e-06,2.51735077552e-07,7.10901440852e-07,2.51735334084e-07,1.31233275427e-06,190.761101799,0.552429492813,-0.0665720915034,9.31130349526,181.935655705,3.05000469325e-12,2.36110434047e-20,1.74677310951e-05,7.9359809815e-08,2.66287147352e-08,-0.344853520472,1.80833318378,0.484518428989,1.80833124531,-0.344868395559,-3.50164568422,-3.50168224932,0.807381853988,0.813089637929,0.809589953954,0.813089632805,0.807381814655,-0.430055325533,1.66515229622,0.36733675066,1.66515042079,-0.430070122636,0.808645387815,0.814209339343,0.810772215272,0.814209334376,0.808645348619,1.35694139678e-06,2.51656714882e-07,7.1084983247e-07,2.51656971421e-07,1.35695903354e-06,-0.553806359479,1.45751147577,0.201546743808,1.45750969215,-0.553821041047,0.810773404052,0.816127729388,0.812792861875,0.816127724653,0.810773365052
1.675,0.008375,0.0070140625,0,-0.302367534578,1.87975505667,0.543229762347,1.87975308678,-0.302382448407,-3.50049531508,-3.50053187239,1,1,0.624511558772,1,1,0.80676584823,0.8125453294,0.809015142382,0.812545324197,0.806765808828,1.37665559599e-06,2.51615070741e-07,7.10818310909e-07,2.51615327283e-07,1.37667408286e-06,1.37665559599e-06,2.51615070741e-07,7.10818310909e-07,2.51615327283e-07,1.37667408286e-06,6.14559464311e-07,8.29745442429e-08,3.01470584842e-07,8.29746643347e-08,6.14568310761e-07,3.2722975897e-06,5.98086690614e-07,1.68960853556e-06,5.9808730041e-07,3.27234153282e-06,2.99649140313,2.99649126499,2.99649196816,2.99649126499,2.99649140311,0.000276769573926,0.000275639649192,0.000276324867795,0.000275639650212,0.000276769581531,0.3916,0.3916,0.3916,0.3916,0.3916,0,0,0,0,0,0.0721839761164,0.0662517332588,0.0693421039674,0.0662517398285,0.0721839820631,1.74202812467,2.92101125942,2.29537068614,2.92100996572,1.74202647883,-0.0360917229437,-0.0331258157738,-0.0346709083672,-0.0331258190586,-0.0360917259138,1.3123167358e-06,2.51735077552e-07,7.10901440852e-07,2.51735334084e-07,1.31233275427e-06,193.651421524,0.569836610648,-0.0675833948386,9.45979162031,184.693883119,2.9487523534e-12,2.20270917933e-20,1.74697495887e-05,8.17828710421e-08,2.70332823881e-08,-0.302367534578,1.87975505667,0.543229762347,1.87975308678,-0.302382448407,-3.50049531508,-3.50053187239,0.80676584823,0.8125453294,0.809015142382,0.812545324197,0.806765808828,-0.430055325533,1.66515229622,0.36733675066,1.66515042079,-0.430070122636,0.808645387815,0.814209339343,0.810772215272,0.814209334376,0.808645348619,1.37665559599e-06,2.51615070741e-07,7.10818310909e-07,2.51615327283e-07,1.37667408286e-06,-0.553806359479,1.45751147577,0.201546743808,1.45750969215,-0.553821041047,0.810773404052,0.816127729388,0.812792861875,0.816127724653,0.810773365052
1.7,0.0085,0.007225,0,-0.25995784835,1.95106541639,0.602019973665,1.95106341515,-0.259972800755,-3.49933010888,-3.49936665843,1,1,0.624511558772,1,1,0.806159926703,0.812010961901,0.808450782018,0.81201095662,0.806159887233,1.39446215313e-06,2.51571789271e-07,7.10782971493e-07,2.51572045814e-07,1.3944815181e-06,1.39446215313e-06,2.51571789271e-07,7.10782971493e-07,2.51572045814e-07,1.3944815181e-06,6.22036684428e-07,8.29602714084e-08,3.01455596772e-07,8.29603914945e-08,6.22045904456e-07,3.31462361096e-06,5.97983810961e-07,1.68952453409e-06,5.9798442076e-07,3.31466964131e-06,2.99646255512,2.99646240183,2.9964631425,2.99646240184,2.9964625551,0.000280881426892,0.000279720233614,0.000280421629561,0.000279720234664,0.000280881434628,0.3916,0.3916,0.3916,0.3916,0.3916,0,0,0,0,0,0.0721839761164,0.0662517332588,0.0693421039674,0.0662517398285,0.0721839820631,1.74202812467,2.92101125942,2.29537068614,2.92100996572,1.74202647883,-0.0360917229437,-0.0331258157738,-0.0346709083672,-0.0331258190586,-0.0360917259138,1.3123167358e-06,2.51735077552e-07,7.10901440852e-07,2.51735334084e-07,1.31233275427e-06,196.541741248,0.587520628186,-0.0685949820774,9.60849179368,187.4521751,2.99671398807e-12,2.89685267961e-20,1.74718044262e-05,8.42423692802e-08,2.74379431264e-08,-0.25995784835,1.95106541639,0.602019973665,1.95106341515,-0.259972800755,-3.49933010888,-3.49936665843,0.806159926703,0.812010961901,0.808450782018,0.81201095662,0.806159887233,-0.430055325533,1.66515229622,0.36733675066,1.66515042079,-0.430070122636,0.808645387815,0.814209339343,0.810772215272,0.814209334376,0.808645348619,1.39446215313e-06,2.51571789271e-07,7.10782971493e-07,2.51572045814e-07,1.3944815181e-06,-0.553806359479,1.45751147577,0.201546743808,1.45750969215,-0.553821041047,0.810773404052,0.816127729388,0.812792861875,0.816127724653,0.810773365052
1.725,0.008625,0.0074390625,0,-0.217624228444,2.02226490571,0.660887986461,2.02226287318,-0.217639219261,-3.49815009826,-3.49818664005,1,1,0.624511558772,1,1,0.805563789465,0.811486237515,0.807896569234,0.811486232156,0.805563749926,1.41022576804e-06,2.51526873896e-07,7.10743809679e-07,2.51527130439e-07,1.41024603961e-06,1.41022576804e-06,2.51526873896e-07,7.10743809679e-07,2.51527130439e-07,1.41024603961e-06,6.28605048879e-07,8.29454597648e-08,3.01438987556e-07,8.29455798446e-08,6.28614650901e-07,3.35209357746e-06,5.97877047531e-07,1.68943144683e-06,5.97877657331e-07,3.35214176279e-06,2.99643448947,2.99643431568,2.99643509457,2.99643431568,2.99643448945,0.000284992787911,0.000283799928037,0.000284517576521,0.000283799929118,0.000284992795778,0.3916,0.3916,0.3916,0.3916,0.3916,0,0,0,0,0,0.0721839761164,0.0662517332588,0.0693421039674,0.0662517398285,0.0721839820631,1.74202812467,2.92101125942,2.29537068614,2.92100996572,1.74202647883,-0.0360917229437,-0.0331258157738,-0.0346709083672,-0.0331258190586,-0.0360917259138,1.3123167358e-06,2.51735077552e-07,7.10901440852e-07,2.51735334084e-07,1.31233275427e-06,199.432060972,0.605481727733,-0.0696068742644,9.75740363506,190.21053219,3.0073721291e-12,2.95529795297e-20,1.74738956007e-05,8.67383045292e-08,2.78427038094e-08,-0.217624228444,2.02226490571,0.660887986461,2.02226287318,-0.217639219261,-3.49815009826,-3.49818664005,0.805563789465,0.811486237515,0.807896569234,0.811486232156,0.805563749926,-0.430055325533,1.66515229622,0.36733675066,1.66515042079,-0.430070122636,0.808645387815,0.814209339343,0.810772215272,0.814209334376,0.808645348619,1.41022576804e-06,2.51526873896e-07,7.10743809679e-07,2.51527130439e-07,1.41024603961e-06,-0.553806359479,1.45751147577,0.201546743808,1.45750969215,-0.553821041047,0.810773404052,0.816127729388,0.812792861875,0.816127724653,0.810773365052
1.75,0.00875,0.00765625,0,-0.175366441711,2.0933541612,0.719832733859,2.09335209747,-0.175381470775,-3.49695531575,-3.49699184981,1,1,0.624511558772,1,1,0.804977149575,0.810970871281,0.807352213448,0.810970865844,0.804977109968,1.42380824313e-06,2.51480328057e-07,7.10700821062e-07,2.51480584599e-07,1.42382945033e-06,1.42380824313e-06,2.51480328057e-07,7.10700821062e-07,2.51480584599e-07,1.42382945033e-06,6.34221245969e-07,8.29301104464e-08,3.01420755325e-07,8.29302305195e-08,6.34231238437e-07,3.38437899484e-06,5.97766408502e-07,1.68932926328e-06,5.977670183e-07,3.38442940415e-06,2.99640720879,2.99640700882,2.99640782664,2.99640700882,2.99640720877,0.000289103659776,0.000287878736117,0.000288612708976,0.00028787873723,0.000289103667776,0.3916,0.3916,0.3916,0.3916,0.3916,0,0,0,0,0,0.0721839761164,0.0662517332588,0.0693421039674,0.0662517398285,0.0721839820631,1.74202812467,2.92101125942,2.29537068614,2.92100996572,1.74202647883,-0.0360917229437,-0.0331258157738,-0.0346709083672,-0.0331258190586,-0.0360917259138,1.3123167358e-06,2.51735077552e-07,7.10901440852e-07,2.51735334084e-07,1.31233275427e-06,202.322380696,0.623720087897,-0.0706190941656,9.90652676528,192.968954925,3.09974268475e-12,2.72024631011e-20,1.74760231049e-05,8.92706767891e-08,2.82475719193e-08,-0.175366441711,2.0933541612,0.719832733859,2.09335209747,-0.175381470775,-3.49695531575,-3.49699184981,0.804977149575,0.810970871281,0.807352213448,0.810970865844,0.804977109968,-0.430055325533,1.66515229622,0.36733675066,1.66515042079,-0.430070122636,0.808645387815,0.814209339343,0.810772215272,0.814209334376,0.808645348619,1.42380824313e-06,2.51480328057e-07,7.10700821062e-07,2.51480584599e-07,1.42382945033e-06,-0.553806359479,1.45751147577,0.201546743808,1.45750969215,-0.553821041047,0.810773404052,0.816127729388,0.812792861875,0.816127724653,0.810773365052
1.775,0.008875,0.0078765625,0,-0.133184255204,2.16433381336,0.778853158502,2.16433171848,-0.133199322352,-3.4957457938,-3.49578232014,1,1,0.624511558772,1,1,0.804399732358,0.810464590454,0.806817436379,0.81046458494,0.804399692682,1.43506849171e-06,2.51432155208e-07,7.10654001365e-07,2.51432411748e-07,1.43509066408e-06,1.43506849171e-06,2.51432155208e-07,7.10654001365e-07,2.51432411748e-07,1.43509066408e-06,6.38841869385e-07,8.29142245928e-08,3.01400898265e-07,8.29143446585e-08,6.38852260786e-07,3.41114450134e-06,5.97651902087e-07,1.68921797329e-06,5.97652511881e-07,3.41119720485e-06,2.99638071577,2.99638048366,2.99638134107,2.99638048366,2.99638071574,0.000293214045273,0.00029195666149,0.000292707027251,0.000291956662634,0.000293214053406,0.3916,0.3916,0.3916,0.3916,0.3916,0,0,0,0,0,0.0721839761164,0.0662517332588,0.0693421039674,0.0662517398285,0.0721839820631,1.74202812467,2.92101125942,2.29537068614,2.92100996572,1.74202647883,-0.0360917229437,-0.0331258157738,-0.0346709083672,-0.0331258190586,-0.0360917259138,1.3123167358e-06,2.51735077552e-07,7.10901440852e-07,2.51735334084e-07,1.31233275427e-06,205.212700421,0.6422358837,-0.0716316663924,10.0558608063,195.727443831,3.12638803734e-12,2.42251422915e-20,1.74781869305e-05,9.183948606e-08,2.86525556077e-08,-0.133184255204,2.16433381336,0.778853158502,2.16433171848,-0.133199322352,-3.4957457938,-3.49578232014,0.804399732358,0.810464590454,0.806817436379,0.81046458494,0.804399692682,-0.430055325533,1.66515229622,0.36733675066,1.66515042079,-0.430070122636,0.808645387815,0.814209339343,0.810772215272,0.814209334376,0.808645348619,1.43506849171e-06,2.51432155208e-07,7.10654001365e-07,2.51432411748e-07,1.43509066408e-06,-0.553806359479,1.45751147577,0.201546743808,1.45750969215,-0.553821041047,0.810773404052,0.816127729388,0.812792861875,0.816127724653,0.810773365052
1.8,0.009,0.0081,0,-0.0910774361926,2.23520448661,0.837948212463,2.23520236065,-0.091092541262,-3.49452156474,-3.49455808338,1,1,0.624511558772,1,1,0.803831274715,0.809967133825,0.806291971361,0.809967128233,0.80383123497,1.44386254621e-06,2.5138235882e-07,7.10603346444e-07,2.51382615357e-07,1.44388571382e-06,1.44386254621e-06,2.5138235882e-07,7.10603346444e-07,2.51382615357e-07,1.44388571382e-06,6.42423415368e-07,8.28978033481e-08,3.0137941462e-07,8.2897923406e-08,6.42434214227e-07,3.43204788735e-06,5.97533536533e-07,1.68909756702e-06,5.97534146321e-07,3.43210295654e-06,2.9963550132,2.99635474268,2.99635564032,2.99635474268,2.99635501317,0.000297323947174,0.000296033707771,0.0002968005317,0.000296033708947,0.000297323955441,0.3916,0.3916,0.3916,0.3916,0.3916,0,0,0,0,0,0.0588706810455,0.0530500030136,0.05577106146,0.0530500094181,0.0588706867086,1.71784723276,2.88464254114,2.32562943001,2.88464126844,1.7178456416,-0.0294350488333,-0.0265249507225,-0.0278853871737,-0.0265249539247,-0.0294350516602,1.44386254621e-06,2.5138235882e-07,7.10603346444e-07,2.51382615357e-07,1.44388571382e-06,208.103020145,0.661029286683,-0.0726446175304,10.2054053814,198.485999432,3.20810045196e-12,2.38651532889e-20,1.74803870686e-05,9.44447323418e-08,2.90576637447e-08,-0.0910774361926,2.23520448661,0.837948212463,2.23520236065,-0.091092541262,-3.49452156474,-3.49455808338,0.803831274715,0.809967133825,0.806291971361,0.809967128233,0.80383123497,-0.0910774361926,2.23520448661,0.837948212463,2.23520236065,-0.091092541262,0.803831274715,0.809967133825,0.806291971361,0.809967128233,0.80383123497,1.44386254621e-06,2.5138235882e-07,7.10603346444e-07,2.51382615357e-07,1.44388571382e-06,-0.213051456094,2.03020683462,0.670194606633,2.0302047989,-0.21306644953,0.805661200141,0.811591049184,0.808005587495,0.811591043818,0.805661160592
1.825,0.009125,0.0083265625,0,-0.0490457521694,2.30596679937,0.897116857152,2.30596464242,-0.0490608949982,-3.49328266083,-3.49331917178,1,1,0.624511558772,1,1,0.803271524484,0.809478251076,0.805775562704,0.809478245407,0.803271484671,1.45004359508e-06,2.51330942377e-07,7.10548852289e-07,2.51331198911e-07,1.45006778855e-06,1.45004359508e-06,2.51330942377e-07,7.10548852289e-07,2.51331198911e-07,1.45006778855e-06,6.4492227939e-07,8.28808478619e-08,3.01356302687e-07,8.28809679113e-08,6.4493349427e-07,3.44674018323e-06,5.97411320126e-07,1.68896803492e-06,5.97411929906e-07,3.44679769087e-06,2.996330104,2.9963297885,2.99633072698,2.9963297885,2.99633010397,0.000301433368245,0.000300109878554,0.000300893222699,0.000300109879763,0.000301433376645,0.3916,0.3916,0.3916,0.3916,0.3916,0,0,0,0,0,0.0588706810455,0.0530500030136,0.05577106146,0.0530500094181,0.0588706867086,1.71784723276,2.88464254114,2.32562943001,2.88464126844,1.7178456416,-0.0294350488333,-0.0265249507225,-0.0278853871737,-0.0265249539247,-0.0294350516602,1.44386254621e-06,2.5138235882e-07,7.10603346444e-07,2.51382615357e-07,1.44388571382e-06,210.993339869,0.680100465009,-0.0736579762775,10.3551601148,201.244622243,3.26672022766e-12,2.22684961833e-20,1.74826235097e-05,9.70864156346e-08,2.9462905971e-08,-0.0490457521694,2.30596679937,0.897116857152,2.30596464242,-0.0490608949982,-3.49328266083,-3.49331917178,0.803271524484,0.809478251076,0.805775562704,0.809478245407,0.803271484671,-0.0910774361926,2.23520448661,0.837948212463,2.23520236065,-0.091092541262,0.803831274715,0.809967133825,0.806291971361,0.809967128233,0.80383123497,1.45004359508e-06,2.51330942377e-07,7.10548852289e-07,2.51331198911e-07,1.45006778855e-06,-0.213051456094,2.03020683462,0.670194606633,2.0302047989,-0.21306644953,0.805661200141,0.811591049184,0.808005587495,0.811591043818,0.805661160592
1.85,0.00925,0.00855625,0,-0.00708897086332,2.37662136417,0.956358063232,2.37661917628,-0.00710415129062,-3.49202911422,-3.4920656175,1,1,0.624511558772,1,1,0.802720239847,0.808997702191,0.805267965097,0.808997696446,0.802720199966,1.45346190125e-06,2.51277909381e-07,7.10490515018e-07,2.51278165911e-07,1.45348715168e-06,1.45346190125e-06,2.51277909381e-07,7.10490515018e-07,2.51278165911e-07,1.45348715168e-06,6.46294752318e-07,8.28633592883e-08,3.01331560822e-07,8.28634793287e-08,6.46306391819e-07,3.4548654653e-06,5.97285261186e-07,1.68882936776e-06,5.97285870955e-07,3.45492548534e-06,2.99630599124,2.99630562389,2.99630660379,2.99630562389,2.99630599121,0.00030554231124,0.000304185177415,0.000304985100651,0.000304185178657,0.000305542319774,0.3916,0.3916,0.3916,0.3916,0.3916,0,0,0,0,0,0.0588706810455,0.0530500030136,0.05577106146,0.0530500094181,0.0588706867086,1.71784723276,2.88464254114,2.32562943001,2.88464126844,1.7178456416,-0.0294350488333,-0.0265249507225,-0.0278853871737,-0.0265249539247,-0.0294350516602,1.44386254621e-06,2.5138235882e-07,7.10603346444e-07,2.51382615357e-07,1.44388571382e-06,213.883659593,0.699449583558,-0.0746717735872,10.505124632,204.003312771,3.22941673403e-12,2.66307158617e-20,1.74848962432e-05,9.97645359382e-08,2.98682927529e-08,-0.00708897086332,2.37662136417,0.956358063232,2.37661917628,-0.00710415129062,-3.49202911422,-3.4920656175,0.802720239847,0.808997702191,0.805267965097,0.808997696446,0.802720199966,-0.0910774361926,2.23520448661,0.837948212463,2.23520236065,-0.091092541262,0.803831274715,0.809967133825,0.806291971361,0.809967128233,0.80383123497,1.45346190125e-06,2.51277909381e-07,7.10490515018e-07,2.51278165911e-07,1.45348715168e-06,-0.213051456094,2.03020683462,0.670194606633,2.0302047989,-0.21306644953,0.805661200141,0.811591049184,0.808005587495,0.811591043818,0.805661160592
1.85423415899,0.00927117079496,0.00859546079094,1,1.52946584223e-05,2.38858529454,0.966394121583,2.38858310142,1.07867852919e-07,-3.4918163857,-3.49185288768,1,1,0.624511558772,1,1,0.802625598923,0.808913599765,0.80517986634,0.808913594009,0.802625559032,1.45354516748e-06,2.51268652509e-07,7.10479982352e-07,2.51268909038e-07,1.4535705982e-06,1.45354516748e-06,2.51268652509e-07,7.10479982352e-07,2.51268909038e-07,1.4535705982e-06,6.46328335447e-07,8.286030667e-08,3.01327093732e-07,8.28604267089e-08,6.46340046885e-07,3.45506338834e-06,5.97263257687e-07,1.68880433171e-06,5.97263867453e-07,3.45512383695e-06,2.99630159294,2.99630121552,2.99630220256,2.99630121553,2.99630159291,0.000306271972674,0.000304931279199,0.000305725387144,0.000304931280424,0.000306271981203,0.3916,0.3916,0.3916,0.3916,0.3916,0,0,0,0,0,0.0588706810455,0.0530500030136,0.05577106146,0.0530500094181,0.0588706867086,1.71784723276,2.88464254114,2.32562943001,2.88464126844,1.7178456416,-0.0294350488333,-0.0265249507225,-0.0278853871737,-0.0265249539247,-0.0294350516602,1.44386254621e-06,2.5138235882e-07,7.10603346444e-07,2.51382615357e-07,1.44388571382e-06,214.373182523,0.702754526888,-0.0748435582953,10.5305295925,204.470563899,3.20810045196e-12,2.81299641783e-20,1.7485278431e-05,1.00221727624e-07,2.99432965923e-08,1.52946584223e-05,2.38858529454,0.966394121583,2.38858310142,1.07867852919e-07,-3.4918163857,-3.49185288768,0.802625598923,0.808913599765,0.80517986634,0.808913594009,0.802625559032,-0.0910774361926,2.23520448661,0.837948212463,2.23520236065,-0.091092541262,0.803831274715,0.809967133825,0.806291971361,0.809967128233,0.80383123497,1.45354516748e-06,2.51268652509e-07,7.10479982352e-07,2.51268909038e-07,1.4535705982e-06,-0.213051456094,2.03020683462,0.670194606633,2.0302047989,-0.21306644953,0.805661200141,0.811591049184,0.808005587495,0.811591043818,0.805661160592
