mode,dt,scale,q1,q2,q3,q4,q5,th_s,horizon_s,E_J,min_T_C,min_V,ice,constraint_min
C,0.2,1,1.0,1.0,1.0,1.0,1.0,24.0,24.0,3000.0,0.09856035987918094,0.6666114439193319,0.011530183389663098,0.0
C,0.2,1,0.5261848306245205,0.6853193135455624,0.3140552909842786,0.6853193135455624,0.5261848306245205,5.137928264493716,9.690692432630405,351.5709081481851,-25.85940273131287,0.6529538889046657,0.0045956908643779715,-2.586040273131287
C,0.2,1,0.5148026532548469,0.5033190487530356,0.016761739174794732,0.5033190487530356,0.5148026532548469,14.83354989339088,31.14822235696957,761.3338555726314,-22.678756747746764,0.5834206421486738,0.07068425024407482,-2.2679756747746764
C,0.2,1,0.7035189924029519,0.4210616691122123,0.2888694277129619,0.4210616691122123,0.7035189924029519,2.142363597956298,53.87937530360135,135.934617272153,-22.358828239090446,0.5195728102999789,0.2567355245743114,-2.235982823909045
C,0.2,1,0.6620771772983991,0.0001521945772219313,0.37319125732299635,0.0001521945772219313,0.6620771772983991,12.06370236097745,62.10508051436516,511.99860815181654,-19.150501674516033,0.5155384979981782,0.3068273356092189,-1.9151501674516034
C,0.2,1,0.20471829728210716,0.22409694643678785,0.06804591977612773,0.22409694643678785,0.20471829728210716,49.99967446457181,57.00667569229522,1157.0879755057574,-15.94400802436523,0.541833800744693,0.22414242142416904,-1.594500802436523
C,0.2,1,0.6270821926861274,0.044745539266857315,0.22374643591124704,0.044745539266857315,0.6270821926861274,30.017656565024396,35.878849643375666,1176.2432982019993,-18.830785564103287,0.584171789980865,0.08146184121042198,-1.883178556410329
C,0.2,1,0.6070716683756484,0.6535964134607833,0.3775843516544557,0.6535964134607833,0.6070716683756484,70.9083382724616,86.70682572633437,5138.940913145208,4.3222906756781185,0.6224033842117398,0.06199810102342659,0.15798487453872767
C,0.2,1,0.4466627090093395,0.2280338851191719,0.5985821113165635,0.2280338851191719,0.4466627090093395,37.621348058138395,72.12421955624707,1832.1364188478576,-12.356176563113552,0.5461677186146384,0.29179427258664126,-1.2357176563113552
C,0.2,1,0.006084148753738083,0.7043844130835474,0.40312686025647865,0.7043844130835474,0.006084148753738083,16.33572411624556,44.13083769942317,744.9351502969351,-20.90021676145914,0.55429715287596,0.15036341858774036,-2.0901216761459143
C,0.2,1,0.397957362654598,0.738259089932207,0.8772641599294826,0.738259089932207,0.397957362654598,18.97727186258328,49.30996327015315,1494.3164372310514,-16.70904665637904,0.560041905310254,0.15542456673729976,-1.6710046656379043
C,0.2,1,0.26220695436129365,0.9376346527793655,0.8567619613655545,0.9376346527793655,0.26220695436129365,4.33148379893014,6.252246612799123,352.6309880104661,-26.51821158647199,0.674763962083263,0.0015136860632047756,-2.651921158647199
C,0.2,1,0.2780490696197811,0.4685544122158413,0.8071975443652571,0.4685544122158413,0.2780490696197811,57.38565027567167,89.66325654287687,3300.255214769031,-4.82623761651513,0.583956999814149,0.23522512508412738,-0.4827237616515131
C,0.2,1,0.755729231973461,0.873583187658525,0.7649730982644467,0.873583187658525,0.755729231973461,87.14142466218087,95.8227325389633,8765.551413600975,22.919988049849465,0.6484813854498817,0.024502721961450768,0.08681307876782426
C,0.2,1,0.07561146438452176,0.5610870368120043,0.2669111329829241,0.5610870368120043,0.07561146438452176,41.46224106641159,91.1236915182283,1596.6156806378417,-11.39631726865543,0.5307491924923988,0.44481685868194804,-1.139731726865543
C,0.2,1,0.11050967591381311,0.3089853945950752,0.7862336068493329,0.3089853945950752,0.11050967591381311,20.37321918286407,25.609726244709147,827.7759909123108,-21.342760135219166,0.602424367763722,0.04633853567158426,-2.1343760135219165
C,0.2,1,0.7786996618564032,0.06018090003386378,0.04470583371170539,0.06018090003386378,0.7786996618564032,7.72505774337347,13.492101307748777,332.6539176920091,-25.987122981143933,0.6333982919918643,0.011525475194171828,-2.5988122981143933
C,0.2,1,0.9497202185780292,0.36612482299251115,0.12521957538584616,0.36612482299251115,0.9497202185780292,2.2996967440630462,9.510861938530107,158.50140413475845,-27.97807631824337,0.6484788839450641,0.004849947838807163,-2.797907631824337
C,0.2,1,0.8112857426103924,0.8808288393474664,0.6906681062675124,0.8808288393474664,0.8112857426103924,31.12740227040178,40.922541260067206,3171.0241634888876,-5.922336944622414,0.6201693918379825,0.036806015037245864,-0.5923336944622414
C,0.2,1,0.1842255575079424,0.11828888845956076,0.17583491068818646,0.11828888845956076,0.1842255575079424,26.338853585152734,80.24607647524896,514.1764341809469,-16.21049321319299,0.5076599247820465,0.45551205586545246,-1.6211493213192991
C,0.2,1,0.7400195109483602,0.5468085245390127,0.5725384349254375,0.5468085245390127,0.7400195109483602,25.227581062821724,41.87079714696369,1984.2719234250305,-14.517561066735233,0.586894282749956,0.09012052783750318,-1.4518561066735232
C,0.2,1,0.8808268773592393,0.2687498252399292,0.6418890055134243,0.2687498252399292,0.8808268773592393,2.925148626460449,19.022349126310168,215.07465420138587,-27.377154712439523,0.6070431275527826,0.02774835262840757,-2.7378154712439526
C,0.2,1,0.6846958682531455,0.7701696160984576,0.7486029868707287,0.7701696160984576,0.6846958682531455,44.060194157669635,76.5215919944801,4029.672609404578,-2.868661356160593,0.6074159465168798,0.07782148390120859,-0.28696613561605927
C,0.2,1,0.33102902629315173,0.6069287436156141,0.8268757364938965,0.6069287436156141,0.33102902629315173,23.325490889709176,57.79725021728454,1576.0983323096914,-15.193906604712495,0.546739063819698,0.2089168190294895,-1.5194906604712495
C,0.2,1,0.1725291648887346,0.19644977996521495,0.0815622142862813,0.19644977996521495,0.1725291648887346,5.482486745507805,18.685941661262596,112.3252026956318,-28.041119034929228,0.6063325167649256,0.027593560993957343,-2.8042119034929227
C,0.2,1,0.028737559023862658,0.13038541863709163,0.3354298110029798,0.13038541863709163,0.028737559023862658,9.805948784277483,14.895462189740877,160.24777715262977,-27.87566288734197,0.6218755649664226,0.0159505381929326,-2.787666288734197
C,0.2,1,0.051908953572941674,0.5940293526675349,0.9368050959357157,0.5940293526675349,0.051908953572941674,11.233051091567273,93.46959636359784,625.8723874371467,-14.280113983710649,0.5008898751837589,0.553836533538779,-1.428111398371065
C,0.2,1,0.4956888272757854,0.4394331962086532,0.4734336588929369,0.4394331962086532,0.4956888272757854,81.21825342987536,85.04834037887228,4758.735246815842,5.592809438677557,0.6034043396919082,0.10883197816442006,0.03830086948996922
C,0.2,1,0.371680355126483,0.9188600870556826,0.6107901670938242,0.9188600870556826,0.371680355126483,46.093866152747395,62.92502334640694,3678.141925568533,-3.059192286078917,0.6028117685483413,0.07436380875940607,-0.30601922860789166
C,0.2,1,0.8366521788674282,0.28588459453152415,0.16499602679776715,0.28588459453152415,0.8366521788674282,68.2714069337355,69.36121270903163,4113.471014939112,3.618130717750925,0.6108495900559509,0.08609462088765403,0.01089805775296128
C,0.2,1,0.570224635255943,0.33722617604944843,0.48421910932370493,0.33722617604944843,0.570224635255943,20.04700163842374,65.44723763024736,1152.2619270006164,-16.027194753318973,0.5301697896562312,0.29310422070373815,-1.6028194753318974
C,0.2,1,0.9839306364716823,0.4764881465062635,0.4280551778462645,0.4764881465062635,0.9839306364716823,4.057807720464436,29.44199030960144,339.72907077019295,-25.636036446234478,0.5781932773333092,0.07282347409985178,-2.563703644623448
C,0.2,1,0.4671126002290028,0.7971536758015314,0.9846731922969125,0.7971536758015314,0.4671126002290028,59.59301318195192,68.23841448763689,5234.062905860858,7.297182026922746,0.6342679639655873,0.0431036739715764,0.0864540130568497
C,0.2,1,0.9698803857093594,0.8195935185161507,0.7144560219837048,0.8195935185161507,0.9698803857093594,13.939180750222716,32.545240818992646,1496.163300653205,-18.170006094915614,0.5953329554539781,0.06096335923511425,-1.8171006094915616
C,0.2,1,0.24720105587717078,0.0816140908028627,0.9695895641650005,0.0816140908028627,0.24720105587717078,34.6960469957899,37.221640197764195,1411.4524162293071,-16.025203531993203,0.5877754163890676,0.09067585496031821,-1.6026203531993204
C,0.2,1,0.4148905565398228,0.9519904141085729,0.5108005283204641,0.9519904141085729,0.4148905565398228,2.1723942795130973,26.635661885203177,176.21172371298533,-26.787981913966494,0.582985598073372,0.06109105977626178,-2.6788981913966494
C,0.2,1,0.12721316537219834,0.158813070513528,0.10822894060683841,0.158813070513528,0.12721316537219834,0.3118896618284609,22.72221467151445,5.304318491371324,-28.38165570619701,0.5908459760716905,0.04520364112118523,-2.838265570619701
C,0.2,1,0.874084294993221,0.9984623607314808,0.6612341202926275,0.9984623607314808,0.874084294993221,2.714274921702529,50.869474933656115,298.9996011196827,-22.299238112340806,0.5290288674853629,0.22356980636762644,-2.230023811234081
C,0.2,1,0.9110411639692811,0.39551353735028194,0.2429543797314756,0.39551353735028194,0.9110411639692811,33.95135253958644,47.23768781225344,2424.1807087702246,-11.882264153572807,0.5875683043610279,0.09583714591295527,-1.1883264153572806
C,0.2,1,0.5984540663621293,0.8346066011089468,0.9133796252614708,0.8346066011089468,0.5984540663621293,18.91512359462099,74.3642697588438,1787.243194706006,-12.598105724324743,0.5423740949403955,0.3177974749406899,-1.2599105724324742
C,0.2,1,0.3112492783689886,0.6347944079868271,0.5419582642904663,0.6347944079868271,0.3112492783689886,17.69827058797778,81.30836902803776,1076.9599576787466,-14.229751517385472,0.5213408057880864,0.42023452636670716,-1.4230751517385472
C,0.2,1,0.620762983224886,0.19100836811306876,0.07742761312008528,0.19100836811306876,0.620762983224886,6.015534998468099,29.776035188672278,255.80616165065356,-26.103505777948037,0.5756190265550081,0.07634671550717897,-2.6104505777948037
C,0.2,1,0.3027244771104486,0.21435630342985246,0.8242766739784221,0.21435630342985246,0.3027244771104486,36.56919948509201,49.26706901788583,1699.0399637148937,-14.321545040584988,0.5686322719691369,0.14459907216331075,-1.4322545040584989
C,0.2,1,0.5120726421837528,0.6538336708768051,0.37450385172215356,0.6538336708768051,0.5120726421837528,64.85111145572372,69.36121270903163,4387.690788476889,3.455896678311892,0.6156919285753011,0.07697906578847742,0.045101012533079084
C,0.2,1,0.5750612931084431,0.7826264607853994,0.6979176296600962,0.7826264607853994,0.5750612931084431,53.381918155156846,88.72818618344576,4555.2033725699,0.05424142179012665,0.6208242783133266,0.04253731488207746,0.0053241421790126645
C,0.2,1,0.10988964762151687,0.10270511491319245,0.14998319901551543,0.10270511491319245,0.10988964762151687,44.62288841087905,57.00667569229522,641.6467070955835,-18.901988025924542,0.5275179368453407,0.25287321892548464,-1.8902988025924543
C,0.2,1,0.6070716683756484,0.09909337148703817,0.27557648408430474,0.09909337148703817,0.6070716683756484,34.84517220918795,57.94153341683648,1470.3848722241728,-15.735838977077181,0.5440053063679414,0.2140426071639929,-1.573683897707718
C,0.2,1,0.029935156474756863,0.2280338851191719,0.5985821113165635,0.2280338851191719,0.029935156474756863,59.53541499635171,72.12421955624707,1658.835557540883,-11.392217954344602,0.5453082389446254,0.307196959094145,-1.13932179543446
C,0.2,1,0.755729231973461,0.0033625652673557327,0.8075637051282851,0.0033625652673557327,0.755729231973461,9.235555808528883,12.930718063363816,536.9892245520687,-23.793593943245526,0.6417451364555601,0.008570254080078806,-2.379459394324553
C,0.2,1,0.006084148753738083,0.7043844130835474,0.6886859869684784,0.7043844130835474,0.006084148753738083,16.33572411624556,44.13083769942317,861.555528118016,-20.232185137185187,0.557082829212146,0.1457203922879704,-2.023318513718519
C,0.2,1,0.6371271341075584,0.26547285962596257,0.86340887117126,0.26547285962596257,0.6371271341075584,7.060820480872349,12.764667617117276,471.0642021127676,-24.95920066100695,0.6394033333487673,0.008928434375606354,-2.4960200661006953
C,0.2,1,0.7406813869578753,0.044745539266857315,0.2454704562792548,0.044745539266857315,0.7406813869578753,54.85073327733795,78.9726111909556,2490.6680050806067,-9.172142798381602,0.5625423025009576,0.27608590464684324,-0.9173142798381602
C,0.2,1,0.8093950502335686,0.46306484675022397,0.3084846873555061,0.46306484675022397,0.8093950502335686,9.763235802303772,23.024100231938466,696.4615197626907,-23.641925537690877,0.6045339936029616,0.03558796061663644,-2.3642925537690878
C,0.2,1,0.07561146438452176,0.8236589105251682,0.8620056132084033,0.8236589105251682,0.07561146438452176,66.01434707979627,91.1236915182283,4390.855775770144,0.8825092047578914,0.6078109722381619,0.09963309892057196,0.08815092047578914
C,0.2,1,0.47942121478986377,0.11417248841446798,0.844896971226169,0.11417248841446798,0.47942121478986377,60.507034153583575,64.467429199026,3073.88497101286,-4.124348962365144,0.587771317564972,0.15327017697955422,-0.41253489623651446
C,0.2,1,0.17619009826763232,0.7067723191997639,0.2134734734022119,0.7067723191997639,0.17619009826763232,12.607466060159833,13.492101307748777,623.8799247974142,-23.276268365012367,0.6403175528112428,0.010525273803643449,-2.327726836501237
C,0.2,1,0.11050967591381311,0.7158659822668625,0.6313858964493873,0.7158659822668625,0.11050967591381311,75.12672355337801,94.43646615662047,4289.993623620393,1.173125658329764,0.5960177218456545,0.1334447008898081,0.11721256583297641
C,0.2,1,0.397957362654598,0.738259089932207,0.09308827103205741,0.738259089932207,0.397957362654598,74.38533428426747,92.07257515374539,4399.002086214304,1.1060522907854786,0.6037961066535086,0.10793032054724112,0.11050522907854787
C,0.2,1,0.9350694206644298,0.47511798926446397,0.0803041267401351,0.47511798926446397,0.9350694206644298,8.208672245278485,9.510861938530107,595.26806903505,-21.62980657335084,0.664902956458183,0.004050966669836812,-2.163080657335084
C,0.2,1,0.263392512027563,0.8808288393474664,0.9629797253165532,0.8808288393474664,0.263392512027563,33.02825494372057,40.922541260067206,2684.7202220978756,-7.4905218563903615,0.6104837260500596,0.0647038009071711,-0.7491521856390362
C,0.2,1,0.2880947413530759,0.6194500878767397,0.7486029868707287,0.6194500878767397,0.2880947413530759,37.44788775706982,77.99774502754822,2400.1218606489183,-9.76500005243057,0.5588837952089957,0.2852140698538883,-0.976600005243057
C,0.2,1,0.11442720586444977,0.562576001283442,0.4717612561045438,0.562576001283442,0.11442720586444977,20.450728717868323,36.32715732089417,933.4569832302878,-20.32477968280395,0.5767915161662033,0.09467670408990687,-2.0325779682803953
C,0.2,1,0.9294869470277498,0.6681827269259412,0.10055184815921636,0.6681827269259412,0.9294869470277498,40.73561640545908,51.260877047992956,3356.503986927467,-5.785116769043984,0.6063540853696626,0.05610432073119457,-0.5786116769043985
C,0.2,1,0.5273904283602956,0.32639006465894815,0.659777550031594,0.32639006465894815,0.5273904283602956,39.30994910085238,41.87079714696369,2326.4989339350323,-9.206621738397525,0.6017564965291542,0.08131799843039991,-0.9207621738397525
C,0.2,1,0.33102902629315173,0.6069287436156141,0.09385454482370942,0.6069287436156141,0.33102902629315173,61.25195095059628,72.8790130612496,3016.3065152099293,-5.525468907486539,0.5824375116300429,0.19046912840130836,-0.5526468907486539
C,0.2,1,0.371680355126483,0.15456622065564807,0.7686541194477711,0.15456622065564807,0.371680355126483,12.569510202454762,17.159261935662624,572.2732300789598,-23.956261462320104,0.6235520551689977,0.018577115498688786,-2.3957261462320103
C,0.2,1,0.1725291648887346,0.6038448034535657,0.2839712799881021,0.6038448034535657,0.1725291648887346,17.27947490089784,53.279508157753156,793.4385901123176,-19.475439082752104,0.536166009656474,0.21620809971583943,-1.9476439082752104
C,0.2,1,0.1942864917061643,0.5940293526675349,0.9368050959357157,0.5940293526675349,0.1942864917061643,71.96323892788187,94.38654900612731,4521.876296656953,1.7711943006088806,0.6044170808215472,0.1082929026807856,0.17701943006088808
C,0.2,1,0.8265949519974187,0.1250702007673623,0.07763016556398294,0.1250702007673623,0.8265949519974187,50.46356425448898,53.87937530360135,2499.158150465797,-8.4706150079327,0.5850725491752429,0.12156617767650423,-0.84716150079327
C,0.2,1,0.7205537521580799,0.6346283524026863,0.38561822995901385,0.6346283524026863,0.7205537521580799,21.94441467806573,65.44723763024736,1698.488061979822,-13.951406600428527,0.5432314423882209,0.2602548244620484,-1.3952406600428526
C,0.2,1,0.7034341088515224,0.5534128930449942,0.26487268000201286,0.5534128930449942,0.7034341088515224,40.2277435388412,46.06374625032662,2794.3866990318897,-7.465785117413929,0.6036054200883395,0.07358953785492284,-0.7466785117413929
C,0.2,1,0.5681635202067441,0.4980650795132987,0.00858657481936198,0.4980650795132987,0.5681635202067441,17.225658181456275,29.44199030960144,922.0222051732068,-21.579951393093893,0.5919355854726672,0.057975017302471316,-2.1580951393093892
C,0.2,1,0.4342303085483633,0.778284462337217,0.13854509914004925,0.778284462337217,0.4342303085483633,70.65351657396398,85.24315093010958,4528.139084505349,1.8609666229637605,0.6108187712699512,0.08895396520652804,0.14589634356145595
C,0.2,1,0.9025115927958369,0.0816140908028627,0.17452598915509987,0.0816140908028627,0.9025115927958369,15.303213043695916,37.221640197764195,819.7844597367454,-22.27237864425379,0.5684617597920226,0.10439061702831373,-2.227337864425379
C,0.2,1,0.6293268467910677,0.4876027589021493,0.0877973956384338,0.4876027589021493,0.6293268467910677,17.010476848004828,32.545240818992646,987.312149070349,-21.193771343495797,0.5848138860387239,0.07212579114950102,-2.1194771343495797
C,0.2,1,0.025537868016716425,0.08657738677984911,0.36146239772517713,0.08657738677984911,0.025537868016716425,36.2207063757586,50.869474933656115,530.3552705585208,-20.45039034436222,0.5368480408013766,0.2105746890667633,-2.045139034436222
C,0.2,1,0.12721316537219834,0.6898167471068097,0.4265594954877814,0.6898167471068097,0.12721316537219834,0.6210084621695638,45.24256273042086,31.99155088267341,-24.554217817014543,0.5353709189980878,0.18938232614127137,-2.4555217817014543
C,0.2,1,0.6399881941149695,0.39551353735028194,0.03973139388294877,0.39551353735028194,0.6399881941149695,52.58806376157336,73.16758693850669,2774.98648084703,-8.200260018036698,0.5728724923336875,0.21374653780516045,-0.8201260018036697
C,0.2,1,0.4148905565398228,0.9519904141085729,0.36178265209271915,0.9519904141085729,0.4148905565398228,29.587811719961763,55.10470097881234,2289.7597649988606,-12.03228811476055,0.569756548536907,0.1506460220295026,-1.203328811476055
C,0.2,1,0.6135315172172575,0.8346066011089468,0.40299166780066664,0.8346066011089468,0.6135315172172575,16.788194744401665,66.00230955359531,1384.7188023478054,-15.090542832275933,0.5353239411524837,0.28410158433451,-1.5091542832275933
C,0.2,1,0.6226791860768701,0.6969277374028928,0.5419582642904663,0.6969277374028928,0.6226791860768701,17.69827058797778,81.30836902803776,1407.531120295773,-13.153817590448552,0.5296065474671166,0.3964048677256351,-1.315481759044855
C,0.2,1,0.3723295815289489,0.25990521747839773,0.1484990310671208,0.25990521747839773,0.3723295815289489,36.56919948509201,49.26706901788583,1291.778291576746,-17.11680595760643,0.5576422475723111,0.16089831886432035,-1.7117805957606431
C,0.2,1,0.38400609162618676,0.7826264607853994,0.6979176296600962,0.7826264607853994,0.38400609162618676,27.355744689357792,36.45491015781857,2073.006524782843,-12.308939230462846,0.604196183878985,0.06317997927095428,-1.2309939230462845
C,0.2,1,0.7424966278811649,0.9275427251716915,0.036362033385186066,0.9275427251716915,0.7424966278811649,48.1392463292122,61.327372162571734,4063.4828118584937,-1.4947291917902006,0.6118178603482263,0.036965190111152874,-0.14957291917902005
C,0.2,1,0.8366521788674282,0.002539014276258522,0.16499602679776715,0.002539014276258522,0.8366521788674282,18.010785188379103,69.36121270903163,830.0173154742905,-16.737878179887137,0.5204689856326352,0.3471790656091027,-1.6738878179887138
C,0.2,1,0.4588962323329133,0.9147780888588318,0.2236429481636617,0.9147780888588318,0.4588962323329133,21.43975440799814,24.348300150808377,1592.433251238968,-14.394860794724101,0.6265195519727661,0.028961406995735645,-1.43958607947241
C,0.2,1,0.5485877726548807,0.4797088266846947,0.7254686379613353,0.4797088266846947,0.5485877726548807,57.016056676743986,57.799743336515775,3965.554883902511,2.6949472651680706,0.6174130505099307,0.07284158355206878,0.007836866597717887
C,0.2,1,0.4950032695957686,0.5530090136752075,0.7953189039700403,0.5530090136752075,0.4950032695957686,34.04511427194948,86.70682572633437,2460.902971325894,-9.054027034936311,0.556445058303519,0.3395854633348215,-0.905502703493631
C,0.2,1,0.8987802026196616,0.05362339343939515,0.06804591977612773,0.05362339343939515,0.8987802026196616,32.95102360627378,78.37534362022176,1625.1882365434458,-12.732249351678266,0.5370712489913373,0.35657911899126365,-1.2733249351678266
C,0.2,1,0.1410841334634455,0.7651956181677468,0.8071975443652571,0.7651956181677468,0.1410841334634455,33.56253127116002,35.80990843299491,2198.141945846114,-10.072516367168348,0.6098791124152219,0.06608997154868745,-1.0073516367168347
C,0.2,1,0.3752380569028503,0.07619295296946543,0.3700062111537298,0.07619295296946543,0.3752380569028503,4.916565923454032,6.786640425244378,156.45351422705252,-27.612817674124443,0.6676903215777599,0.0019634775138423414,-2.7613817674124443
C,0.2,1,0.4578799029058799,0.873583187658525,0.7649730982644467,0.873583187658525,0.4578799029058799,70.63915652965237,77.67645559112025,6053.597844123571,11.857788094721732,0.6327679319812021,0.04520583852423966,0.07037299061467878
C,0.2,1,0.2299433044587863,0.9320175792866778,0.5365428896910864,0.9320175792866778,0.2299433044587863,69.97748652189169,84.24931047002589,5004.203174857548,4.833519646774903,0.6162925336400935,0.07755870793124886,0.142718239481342
C,0.2,1,0.48223812403705657,0.9509896445416023,0.17674954675039772,0.9509896445416023,0.48223812403705657,54.14017669181648,60.50452511083808,4118.991523804948,1.3361341473519188,0.6157395321327999,0.057364502472593566,0.06364348419021602
C,0.2,1,0.5255245424073787,0.44417475485308444,0.7486029868707287,0.44417475485308444,0.5255245424073787,22.32629146995314,38.77521194073549,1500.3276694461265,-17.184273331735575,0.5829640905547407,0.09067878748568982,-1.7185273331735575
C,0.2,1,0.7769445297008414,0.21536969041223508,0.33533810768327554,0.21536969041223508,0.7769445297008414,47.30384196549879,73.9697663066904,2743.5832736887846,-8.679717990001384,0.5703973417278512,0.22595662150590162,-0.8680717990001383
C,0.2,1,0.7229810156969493,0.7188286870398495,0.48194460030276565,0.7188286870398495,0.7229810156969493,42.679176631834494,59.78462774471771,3590.9875167068467,-4.577561008946088,0.5993974988828551,0.07154005651790094,-0.4578561008946088
C,0.2,1,0.17619009826763232,0.7067723191997639,0.3048985620862818,0.7067723191997639,0.17619009826763232,7.610623933324128,13.492101307748777,394.006452676404,-25.674008615491477,0.6340547464952889,0.01111317220810944,-2.567500861549148
C,0.2,1,0.5273904283602956,0.32639006465894815,0.08206031655409618,0.32639006465894815,0.5273904283602956,20.137410951993203,26.319839633372254,900.9584904687059,-21.106852952741153,0.6020129898128339,0.044053987912536334,-2.1107852952741153
C,0.2,1,0.9412532851851659,0.17604230382177455,0.4717612561045438,0.17604230382177455,0.9412532851851659,12.616899375451155,36.32715732089417,853.6444083944866,-22.06219693776051,0.5714845908323973,0.09847289736648705,-2.2063196937760514
C,0.2,1,0.11050967591381311,0.2936973051645673,0.06408051422929073,0.2936973051645673,0.11050967591381311,21.769981287932684,77.75804663887843,474.8547106187242,-16.67669519325362,0.5082179770205453,0.438147243181794,-1.6677695193253623
C,0.2,1,0.8112857426103924,0.28110609422314736,0.7504811290038613,0.28110609422314736,0.8112857426103924,19.421723491857808,56.22152029565831,1425.19753432144,-16.482199768851412,0.5442428489004548,0.20908407969581913,-1.6483199768851413
C,0.2,1,0.6156195132216516,0.639905601599114,0.0803041267401351,0.639905601599114,0.6156195132216516,70.91368039598174,86.06100605935517,4594.061865529612,1.696541133250994,0.6141281044585862,0.07955984027395926,0.15147325663373423
C,0.2,1,0.8909866144921171,0.9837156962656766,0.23348873711117135,0.9837156962656766,0.8909866144921171,6.709423088320812,65.97438868204948,668.07291646725,-17.843961135370368,0.5179348899314349,0.33022100727624476,-1.784496113537037
C,0.2,1,0.4813899594524443,0.2773453833327655,0.51671398979611,0.2773453833327655,0.4813899594524443,32.819887063646455,53.911115874298986,1669.0427828032457,-15.018299385660118,0.5569199271720385,0.17530649194224593,-1.5019299385660116
C,0.2,1,0.6515940056189348,0.7687218393963082,0.07339227901726841,0.7687218393963082,0.6515940056189348,4.58859581795321,69.07716863329306,334.2819549446985,-18.521137413015513,0.509046233478345,0.3777788757934498,-1.8522137413015514
C,0.2,1,0.3299791378039011,0.24679719501842823,0.09385454482370942,0.24679719501842823,0.3299791378039011,70.85376162825435,84.30347342420357,2209.587328597286,-8.837238540419856,0.5544434738214139,0.3371603572741111,-0.8838238540419855
C,0.2,1,0.5447110996874788,0.8564204818293268,0.564306644963659,0.8564204818293268,0.5447110996874788,19.884381917135187,20.283821157626704,1673.5539953228551,-12.633094774569088,0.6429819165978574,0.018561349633628727,-1.2634094774569087
C,0.2,1,0.371680355126483,0.8671123928374871,0.702450127317209,0.8671123928374871,0.371680355126483,25.597417524782596,42.85530957619562,2035.0174897972079,-13.49143248277007,0.5876381783365889,0.09352245037214485,-1.349243248277007
C,0.2,1,0.9950453556206614,0.8457839142875884,0.046463774994189855,0.8457839142875884,0.9950453556206614,55.09697755895954,57.66254687080402,5135.206787904521,9.017377859389885,0.6413271085240043,0.023459221255473058,0.025655693118444844
C,0.2,1,0.6839624028659048,0.3448399743502509,0.14209379346078121,0.3448399743502509,0.6839624028659048,15.37876661581041,94.38654900612731,845.7162648296231,-13.47577081896747,0.5063662509280218,0.5432537841116654,-1.347677081896747
C,0.2,1,0.8036787717281682,0.9566162213879136,0.22457977774410998,0.9566162213879136,0.8036787717281682,34.64034604165187,39.14898811044513,3243.349415221744,-3.442368620985877,0.6292197074489848,0.03024762535797823,-0.3443368620985877
C,0.2,1,0.6484405031954357,0.08169337385848352,0.36146239772517713,0.08169337385848352,0.6484405031954357,8.347529855796596,21.768799461672433,380.17367079077405,-26.01025201359167,0.6014843080639185,0.03541971890320202,-2.6011252013591672
C,0.2,1,0.5681635202067441,0.7482897821573757,0.7625281438065015,0.7482897821573757,0.5681635202067441,28.26836925422991,56.964773708650654,2399.585081255583,-11.594096802236406,0.5686227272610986,0.15697855980790978,-1.1595096802236404
C,0.2,1,0.20626981246143872,0.0816140908028627,0.02056079597081184,0.0816140908028627,0.20626981246143872,60.708476348048166,65.12756521962632,905.0550215125082,-15.830114134042732,0.5287841813141543,0.3015198163845462,-1.5831114134042732
C,0.2,1,0.896115487475924,0.4247121302708511,0.0652428101540643,0.4247121302708511,0.896115487475924,17.583816162490372,47.37636177397429,1189.939940131803,-19.023936498736802,0.5549256788063773,0.15792449060838795,-1.9024936498736804
C,0.2,1,0.6399881941149695,0.5705179787583414,0.03973139388294877,0.5705179787583414,0.6399881941149695,24.26199348573878,42.18652341775696,1492.563714524128,-17.498299583962552,0.5743563334717638,0.10964560452699053,-1.7499299583962553
C,0.2,1,0.7694525908518991,0.7136298097031948,0.4499043093957896,0.7136298097031948,0.7694525908518991,7.246123572134766,27.07750251005127,618.8314726419702,-24.019813589493193,0.59071237694587,0.05471829200077752,-2.4020813589493195
C,0.2,1,0.4148905565398228,0.45321180186496945,0.13760451887682634,0.45321180186496945,0.4148905565398228,34.101848358579275,63.51169780347453,1597.508960207083,-14.239553478604552,0.5431263191064475,0.24696100210248317,-1.4240553478604552
C,0.2,1,0.9698803857093594,0.19729048011415917,0.5440804766211629,0.19729048011415917,0.9698803857093594,64.72819180167585,79.69574897179332,4657.876619574685,1.2808217384259475,0.6226333080878309,0.05265325360357817,0.12798217384259475
C,0.2,1,0.6890859431353193,0.7229091768657327,0.5419582642904663,0.7229091768657327,0.6890859431353193,88.2312116156177,94.0684377899476,7424.542869237742,17.906898270217837,0.6347522514347489,0.040661569779641235,0.058372261743298993
C,0.2,1,0.11085194535728055,0.052898652307104055,0.036362033385186066,0.052898652307104055,0.11085194535728055,27.95219748573287,30.824024319487226,254.26942067022162,-25.250889801125798,0.575008413948424,0.08129401782685301,-2.52518898011258
C,0.2,1,0.4042994985860937,0.3074967493662538,0.6708752948432825,0.3074967493662538,0.4042994985860937,19.951609639371497,37.517523785779886,1044.700094081012,-20.021343659317083,0.5753503346823243,0.09799490754751564,-2.0022343659317086
C,0.2,1,0.19800270214110122,0.3205829903656683,0.8196711784204767,0.3205829903656683,0.19800270214110122,36.56919948509201,49.26706901788583,1697.5811528657034,-14.0849271182376,0.5690663980040452,0.14540971115125353,-1.40859271182376
C,0.2,1,0.6869084793365718,0.45332958741399415,0.24055904934486017,0.45332958741399415,0.6869084793365718,23.448178014528082,70.40038701442334,1477.8420437065295,-14.154125366144383,0.5363301793719735,0.3099451800656741,-1.4155125366144383
C,0.2,1,0.32242108501038796,0.18658632881026882,0.06804591977612773,0.18658632881026882,0.32242108501038796,18.3580608953406,43.665391038089886,498.44923342821284,-22.636611520534707,0.5485788033671716,0.15764334356543483,-2.263761152053471
C,0.2,1,0.5326319726040922,0.36430175130204157,0.6760212237211717,0.36430175130204157,0.5326319726040922,37.46282918141494,45.80960547357661,2313.2254349692275,-10.80610344536408,0.5907854985362956,0.09698108335670183,-1.080710344536408
C,0.2,1,0.029935156474756863,0.9561661722562722,0.9114576205399502,0.9561661722562722,0.029935156474756863,43.71210014997763,52.955053872973636,3151.271171763403,-4.0290970872315475,0.6014255065267392,0.09492425981478612,-0.4030097087231548
C,0.2,1,0.7903037285907891,0.6639581572521291,0.5365428896910864,0.6639581572521291,0.7903037285907891,39.950404152460294,40.293760698409564,3440.795136354379,0.7568986201253252,0.6365329260077568,0.03584563647350648,0.0034335654594926978
C,0.2,1,0.6964858325155004,0.35131606003728755,0.8396858145515723,0.35131606003728755,0.6964858325155004,43.1085567340303,53.313306255002814,3163.4024559407317,-6.000330288526305,0.5989181946509347,0.08354159815016109,-0.6001330288526305
C,0.2,1,0.2780490696197811,0.5952889084341001,0.9576377775221985,0.5952889084341001,0.2780490696197811,67.12771288676944,69.60785802261393,4538.359896671488,5.43606568277326,0.6114243836739192,0.08928941961170585,0.024801451358444807
C,0.2,1,0.4155834784915039,0.555119826218207,0.709947196440148,0.555119826218207,0.4155834784915039,38.87950492089852,46.358031375824766,2577.0830835490046,-8.584183517667363,0.5971142761049135,0.09043303739034458,-0.8585183517667362
C,0.2,1,0.43991302064804094,0.5802063067894613,0.7422908534485584,0.5802063067894613,0.43991302064804094,87.64731241236183,91.1236915182283,6097.030827816271,12.93083921813878,0.6162185029210697,0.07665907332362164,0.03476379105866471
C,0.2,1,0.397957362654598,0.4025209698867007,0.30987109032814936,0.4025209698867007,0.397957362654598,86.85433420854697,91.16103502459234,4149.091812085317,2.3253569408209622,0.585872962148098,0.1692571732660909,0.04306700816045364
C,0.2,1,0.740424329667594,0.43802638899536384,0.9145545973176794,0.43802638899536384,0.740424329667594,60.48388935171196,64.4427694896739,4946.759620459338,6.78973083218892,0.6323781869528876,0.04424807132379723,0.03958880137961948
C,0.2,1,0.9423012293506072,0.7756292288646351,0.17674954675039772,0.7756292288646351,0.9423012293506072,14.416844011191001,63.01633912311972,1302.0610380218814,-15.958334926634079,0.53352357449899,0.2687574169726832,-1.595933492663408
C,0.2,1,0.4248484972648929,0.7701696160984576,0.7486029868707287,0.7701696160984576,0.4248484972648929,38.63675452630972,43.51951130352917,3031.670821060342,-4.836090314378889,0.6146578278399477,0.06177195894942067,-0.4837090314378889
C,0.2,1,0.3911819201350972,0.5434366559244977,0.5113209355624277,0.5434366559244977,0.3911819201350972,60.5396341681662,61.83868443199412,3602.952893607861,0.1378148302127166,0.6032969027723382,0.10984358646847028,0.012990502638279153
C,0.2,1,0.42211916031183694,0.6255559512734346,0.9588595920861378,0.6255559512734346,0.42211916031183694,24.682849553686285,51.910965699889346,1884.665034384316,-14.333663760316748,0.5650769069638445,0.15320488223613554,-1.4334663760316748
C,0.2,1,0.3432520572197447,0.49000430311703513,0.2134734734022119,0.49000430311703513,0.3432520572197447,70.08708306505932,75.00492331814343,3294.0687136338333,-2.6615772032220413,0.5841785749105447,0.18294882561135417,-0.26625772032220413
C,0.2,1,0.5273904283602956,0.7855797281550301,0.4040771466254566,0.7855797281550301,0.5273904283602956,39.30994910085238,41.87079714696369,2977.745802844391,-4.422798250889548,0.6181935889680994,0.05784012303483427,-0.4423798250889548
C,0.2,1,0.11442720586444977,0.3338122157576544,0.303586123180761,0.3338122157576544,0.11442720586444977,35.77572705248203,36.32715732089417,1073.329917101643,-18.25370976214889,0.5821251099952701,0.09573851981930459,-1.825470976214889
C,0.2,1,0.7326455403833259,0.2207636466633528,0.7193343178364021,0.2207636466633528,0.7326455403833259,70.91368039598174,86.06100605935517,4655.753816663852,1.9909053094893707,0.6152764309368838,0.0768255507256229,0.15147325663373423
C,0.2,1,0.4401631380185389,0.40975335526183215,0.09385454482370942,0.40975335526183215,0.4401631380185389,61.25195095059628,72.8790130612496,2746.671517326414,-7.164043234703418,0.5744656771020904,0.2145550517321012,-0.7165043234703419
C,0.2,1,0.21951278182975692,0.7687218393963082,0.07339227901726841,0.7687218393963082,0.21951278182975692,4.033764990525016,60.724691285156815,206.7164910181901,-20.556262192234627,0.5092106193265415,0.3122047447402233,-2.055726219223463
C,0.2,1,0.4956888272757854,0.4394331962086532,0.3055989962143699,0.4394331962086532,0.4956888272757854,68.40131418214827,85.04834037887228,3720.763090195472,-2.3632995328297772,0.5975293317135273,0.14514306509102268,-0.23642995328297772
C,0.2,1,0.1942864917061643,0.5940293526675349,0.9368050959357157,0.5940293526675349,0.1942864917061643,50.72045548853568,94.38654900612731,3187.0664640192026,-5.3849976219535165,0.5779194773956738,0.28110059994768266,-0.5385997621953517
C,0.2,1,0.22178366467920702,0.5420851343153233,0.5344964010594653,0.5420851343153233,0.22178366467920702,27.79985012444976,41.63676158383762,1433.2449023773422,-16.664931462198513,0.5770474316017451,0.10915090188006907,-1.6665931462198516
C,0.2,1,0.15487431595915407,0.18378842450475424,0.45147154163964714,0.18378842450475424,0.15487431595915407,41.00888051263441,52.583147549911814,1157.2675555371654,-16.712451052909675,0.5494288957501358,0.1926448076199824,-1.6713451052909676
C,0.2,1,0.371680355126483,0.9188600870556826,0.9271451898991452,0.9188600870556826,0.371680355126483,46.093866152747395,62.92502334640694,4042.692577516978,-0.9500360304006041,0.6122316929134439,0.045313700788634094,-0.09510360304006041
C,0.2,1,0.9950453556206614,0.4548862760398772,0.7356683949941695,0.4548862760398772,0.9950453556206614,57.59548220677616,57.66254687080402,5234.754973466681,12.398612976541282,0.6440022748691095,0.02750688007404199,0.0006706466402786049
C,0.2,1,0.4014371009967376,0.3200647708021122,0.4263978848857634,0.3200647708021122,0.4014371009967376,10.217781634238406,20.590279310565553,477.5284406633424,-24.992575260912968,0.6083715204342387,0.0298528302067408,-2.499357526091297
C,0.2,1,0.20626981246143872,0.7275730721618897,0.4243469417416709,0.7275730721618897,0.20626981246143872,14.53971627607239,45.7778211840147,833.1376328311829,-20.45825475918138,0.5520189637104215,0.15910561686698424,-2.0459254759181382
C,0.2,1,0.4671126002290028,0.2110154015055477,0.04182048026089902,0.2110154015055477,0.4671126002290028,73.87322489033386,83.30363623348465,2582.010462411837,-7.1509585686999175,0.5665559113720766,0.29094041711967045,-0.7151958568699918
C,0.2,1,0.43094900455755275,0.7280069714059343,0.7016193411315006,0.7280069714059343,0.43094900455755275,28.886216197889237,44.96728564419535,2180.570843689479,-12.495970076377619,0.5871623746984468,0.09833114116516296,-1.2496970076377618
C,0.2,1,0.5956128289167895,0.40852412400507615,0.9259658954554285,0.40852412400507615,0.5956128289167895,2.619375373126418,27.52455880109564,192.1468868592593,-26.611322456935767,0.5807660745906854,0.0654324016953677,-2.6612322456935766
C,0.2,1,0.025537868016716425,0.24722432950992984,0.5078595953868437,0.24722432950992984,0.025537868016716425,56.20710230162739,78.93898456766901,1480.1915428391305,-12.286730353513299,0.5358300074169539,0.3668658681685757,-1.2287730353513298
C,0.2,1,0.4148905565398228,0.36134405440582684,0.044726192983049806,0.36134405440582684,0.4148905565398228,29.587811719961763,55.10470097881234,1181.4379303822116,-17.418305866847724,0.5420466473738415,0.20939023936647405,-1.7419305866847725
C,0.2,1,0.6602864862223765,0.8346066011089468,0.5710539341990374,0.8346066011089468,0.6602864862223765,44.35736746777653,51.46812233952305,3948.7373300693775,-0.19182998441632315,0.6227068094412039,0.03564351737745407,-0.019282998441632317
C,0.2,1,0.6399881941149695,0.27013387285615187,0.6058163544474028,0.27013387285615187,0.6399881941149695,71.47024476065967,73.16758693850669,4334.778422734338,4.230390834807027,0.6078363750469047,0.0958269288193391,0.016973421778470197
C,0.2,1,0.466062936743767,0.48908542218299705,0.5419582642904663,0.48908542218299705,0.466062936743767,25.495027775094194,94.0684377899476,1563.0077220343564,-11.293582519685504,0.5276269591649833,0.47302897717421566,-1.1294582519685503
C,0.2,1,0.6752180271034915,0.7023113856651813,0.6979176296600962,0.7023113856651813,0.6752180271034915,23.31565082420935,57.462467794963565,2012.7098333399927,-13.59250472622286,0.556910280593094,0.1852402872962766,-1.3593504726222858
C,0.2,1,0.7903037285907891,0.6639581572521291,0.8892625779405928,0.6639581572521291,0.7903037285907891,4.910879569213264,48.92052871947142,466.26178481543633,-21.945398456513715,0.5364923219120694,0.20038108760021647,-2.1946398456513716
C,0.2,1,0.5538550667234731,0.48791754787724856,0.8196711784204767,0.48791754787724856,0.5538550667234731,56.36948540019221,62.95541669130028,4091.3203725760577,1.0664975703471598,0.6145173031997232,0.06594283044322585,0.06585931291108067
C,0.2,1,0.5696327627662476,0.31056924684437065,0.036362033385186066,0.31056924684437065,0.5696327627662476,36.241337861770994,46.16993792380181,1627.930139276749,-15.683588443420371,0.571936952935421,0.12490269917492737,-1.568458844342037
C,0.2,1,0.8797446007432183,0.8124660497496814,0.5752745998760835,0.8124660497496814,0.8797446007432183,50.061223144727094,51.009318201551615,4955.680501957698,9.920489578657598,0.6492806199161492,0.02296605277005154,0.009480950568245206
C,0.2,1,0.8650098035935045,0.6247182826890875,0.39599411938878126,0.6247182826890875,0.8650098035935045,5.147600347377925,53.07830112884591,434.3867273854788,-21.316588817620925,0.5273905031924622,0.23552790432222434,-2.1317588817620927
C,0.2,1,0.6826609161013801,0.4797088266846947,0.823135675363508,0.4797088266846947,0.6826609161013801,2.762015538866787,16.714968452178567,217.3620027229269,-27.42179923967956,0.6157165095296916,0.020296895016429638,-2.7422799239679563
C,0.2,1,0.6706128096659556,0.9561661722562722,0.9021734249253437,0.9561661722562722,0.6706128096659556,58.48409729165071,58.90328548954427,6076.104971469492,16.557414438717107,0.6494469995171513,0.02413169756053422,0.004191881978935541
C,0.2,1,0.5323097765982133,0.560954920918256,0.8366146043220646,0.560954920918256,0.5323097765982133,7.492992817022091,9.283408430351848,566.309906799762,-23.457156041599582,0.6615357887015818,0.0037649039855552706,-2.3458156041599585
C,0.2,1,0.4043571264150018,0.28588459453152415,0.4907557268039438,0.28588459453152415,0.4043571264150018,31.85286945919461,36.870780225153624,1490.1084241859312,-15.905766003073682,0.5904245741809101,0.08173419801235263,-1.590676600307368
C,0.2,1,0.8403975863339365,0.8003478204545803,0.6087374251210019,0.8003478204545803,0.8403975863339365,9.458074956917478,27.125472051753786,919.8517570280769,-21.96990730671997,0.5971905069537267,0.04907431585457239,-2.1970907306719973
C,0.2,1,0.09373231950590066,0.3055853809495589,0.5063825095286918,0.3055853809495589,0.09373231950590066,20.425362908298375,25.666891339583163,666.3866105639569,-22.618258965972487,0.5985010789420364,0.048711847833779104,-2.2619258965972486
C,0.2,1,0.7591180476963384,0.42709637854991167,0.30987109032814936,0.42709637854991167,0.7591180476963384,49.589941852796535,50.11211661967192,3325.377454905887,-0.7448767158897573,0.6163626747052274,0.06954040266766677,-0.07458767158897574
C,0.2,1,0.740424329667594,0.5871767967118043,0.9145545973176794,0.5871767967118043,0.740424329667594,41.48496555715129,49.250334845875,3702.2809993206874,-2.0330503249482508,0.6199522381645641,0.036816922240045756,-0.20340503249482506
C,0.2,1,0.9029850373707229,0.873583187658525,0.5066333977523217,0.873583187658525,0.9029850373707229,70.63915652965237,77.67645559112025,7169.467943846783,16.4750376304718,0.6515523126330205,0.02086328077557138,0.07037299061467878
C,0.2,1,0.8963758510445873,0.2279601921621241,0.49985314430450634,0.2279601921621241,0.8963758510445873,21.372341814825617,23.522739470278115,1468.5605179394006,-14.73663335668389,0.6283548406061567,0.02513523408072634,-1.473763335668389
C,0.2,1,0.9789243475832758,0.5288835678016861,0.11690044219802309,0.5288835678016861,0.9789243475832758,52.780629109509846,53.67547629553533,4133.404489575632,4.523722409450822,0.6312146695051555,0.03954865314978196,0.00894847186025487
C,0.2,1,0.6530300090960137,0.17871337751485694,0.639270566594228,0.17871337751485694,0.6530300090960137,33.794230484781714,50.432577317018655,1945.4978073065915,-13.982305529058484,0.5701433502100826,0.1388267192122471,-1.3983305529058483
C,0.2,1,0.6985764654666994,0.6862005783953163,0.13666758115226696,0.6862005783953163,0.6985764654666994,34.64416364593879,61.83868443199412,2517.090477198096,-10.715400147930321,0.5664167618443907,0.17772540889164792,-1.071640014793032
C,0.2,1,0.6108786032192621,0.9223949066596484,0.9496951786428836,0.9223949066596484,0.6108786032192621,49.439234778106496,80.7601183852132,4963.998524311774,1.6526495937623968,0.6262937310945881,0.027667673219282336,0.1651649593762397
C,0.2,1,0.34519662162744635,0.4394331962086532,0.8765724774698425,0.4394331962086532,0.34519662162744635,32.977390948327724,38.701406760154136,2016.429044726491,-12.050327018462639,0.598951172373955,0.07751273105467203,-1.2051327018462639
C,0.2,1,0.2863091157952402,0.311769959463249,0.6494477990552978,0.311769959463249,0.2863091157952402,32.68785036124145,36.32715732089417,1508.2222776358876,-15.421586049709356,0.5924635154574894,0.08127671289556586,-1.5422586049709355
C,0.2,1,0.8176639265656866,0.7026258546104597,0.4319648474868284,0.7026258546104597,0.8176639265656866,47.45135334506633,54.553117538763665,4119.423294942774,0.3390818143988763,0.6216657196551972,0.03405819309944063,0.03380818143988763
C,0.2,1,0.1942864917061643,0.5940293526675349,0.6789998997591912,0.5940293526675349,0.1942864917061643,35.58556161905783,46.67380742873166,2006.6979220673634,-12.27638822580498,0.5819769812317659,0.11698357085030141,-1.227738822580498
C,0.2,1,0.45286563406904057,0.05316251699958663,0.09385454482370942,0.05316251699958663,0.45286563406904057,54.31515295153376,60.950084580548335,1501.6929200861248,-13.983935522792596,0.5452712034040053,0.228882500521184,-1.3984935522792594
C,0.2,1,0.5106622814065265,0.9188600870556826,0.4080766583523975,0.9188600870556826,0.5106622814065265,8.228532409655898,16.349071380338977,672.0903571828869,-23.250717949929694,0.6287196502450487,0.015466684163873977,-2.3251717949929693
C,0.2,1,0.6408346053141737,0.6003808211620034,0.26630690691724485,0.6003808211620034,0.6408346053141737,66.67862927807869,69.07716863329306,4582.051651825037,5.4473237749803545,0.618814297555516,0.06903303928208639,0.023985393552143675
C,0.2,1,0.6751274530537286,0.6214683142959074,0.3918300607084041,0.6214683142959074,0.6751274530537286,30.553394196619415,31.97610110353917,2280.0635372478127,-8.414425352387683,0.6247864240693688,0.04129750862865716,-0.8415425352387682
C,0.2,1,0.031074472177192725,0.6974636306882485,0.564306644963659,0.6974636306882485,0.031074472177192725,5.126248033499163,31.99304728096304,259.05274658304563,-25.478706244834502,0.5709338156628152,0.08846521953828512,-2.54797062448345
C,0.2,1,0.7691842616164093,0.9844261320035945,0.08110017671519798,0.9844261320035945,0.7691842616164093,73.22767699535872,85.24315093010958,6569.110212604652,11.39745462403937,0.6416461604243341,0.03082522231319018,0.12015473934750859
C,0.2,1,0.10180872252281392,0.9563639344220032,0.6919766887233976,0.9563639344220032,0.10180872252281392,17.78287826262498,22.16648508243486,1248.5012073679686,-17.815688041378397,0.6229977374831203,0.028593501322463414,-1.78166880413784
C,0.2,1,0.32557506442501033,0.7971536758015314,0.5228485205461928,0.7971536758015314,0.32557506442501033,37.68538543965392,68.23841448763689,2608.116966564118,-9.388018968871208,0.5685890581623091,0.20557129450885966,-0.9389018968871208
C,0.2,1,0.3574483676759974,0.6995195186138994,0.02056079597081184,0.6995195186138994,0.3574483676759974,39.49494536006031,42.369859771082936,2107.5456336535594,-10.602905489267114,0.5955902525233125,0.09157454036765882,-1.0603905489267114
C,0.2,1,0.32557506442501033,0.22284983679214954,0.5228485205461928,0.22284983679214954,0.32557506442501033,64.72819180167585,79.69574897179332,2621.0035927683834,-7.291011409333169,0.568123031849362,0.269150059857617,-0.729201140933317
C,0.2,1,0.6389111467114159,0.6431126647534943,0.1411370189852717,0.6431126647534943,0.6389111467114159,40.09579699328052,47.37636177397429,2711.6633557891946,-8.342622368438956,0.5983681545116404,0.08324660792294658,-0.8343622368438955
C,0.2,1,0.8283380664501586,0.5637890208885755,0.3353301733815077,0.5637890208885755,0.8283380664501586,49.55916259481057,55.10470097881234,3865.099698342023,-0.7380056761430469,0.6164410095991723,0.045008250309442714,-0.07390056761430469
C,0.2,1,0.13073687283671154,0.025793048835464738,0.5078595953868437,0.025793048835464738,0.13073687283671154,60.48970901976959,78.93898456766901,1241.4294494380656,-13.12584308563421,0.5297154442192052,0.3857849631336471,-1.312684308563421
C,0.2,1,0.18033032575451613,0.6923514431347759,0.27853780703288494,0.6923514431347759,0.18033032575451613,9.870254450442625,49.23080944150379,499.41053139705537,-21.619706423570445,0.5371471429669145,0.19978694324495674,-2.162070642357045
C,0.2,1,0.6602864862223765,0.07301740148089353,0.7480381995963759,0.07301740148089353,0.6602864862223765,14.684974295411898,51.46812233952305,813.050480408881,-19.9390872814782,0.5390926989701916,0.2034699109012918,-1.9940087281478203
C,0.2,1,0.4262376541444152,0.996952886008261,0.5419582642904663,0.996952886008261,0.4262376541444152,74.47368706692218,94.0684377899476,6308.55310064923,9.448335589272144,0.631978620729566,0.04639365068304916,0.19594750723025414
C,0.2,1,0.5538550667234731,0.9350087076591596,0.7106298835624059,0.9350087076591596,0.5538550667234731,17.262267051108957,19.279104776701793,1591.7352744195696,-14.001718604707273,0.642840243148295,0.016294723794025596,-1.4002718604707272
C,0.2,1,0.9179196070555649,0.5991331416318689,0.23264994859128096,0.5991331416318689,0.9179196070555649,39.950404152460294,40.293760698409564,3262.7050083399577,-0.039797113799295424,0.6344580846329879,0.037026922426317284,-0.0040797113799295424
C,0.2,1,0.4086359991516426,0.7936077657417732,0.7640423465518961,0.7936077657417732,0.4086359991516426,29.495603820930995,49.02580345296005,2336.442548181765,-11.672976002591795,0.58286156591429,0.11269792761748292,-1.1673976002591795
C,0.2,1,0.6229878110410837,0.49192043570851274,0.2704081390365385,0.49192043570851274,0.6229878110410837,25.79422011766442,36.106763902700905,1612.2836128808326,-16.360132767013383,0.5924377645794477,0.07211331426643264,-1.6361132767013384
C,0.2,1,0.8706947269897801,0.8124660497496814,0.5565370220802875,0.8124660497496814,0.8706947269897801,50.061223144727094,51.009318201551615,4909.577462906898,9.606257537855743,0.6484605245348432,0.023677695672427213,0.009480950568245206
C,0.2,1,0.7592052886513242,0.38310558688062885,0.036362033385186066,0.38310558688062885,0.7592052886513242,56.04051730179279,61.327372162571734,3251.728298239996,-4.322818897707447,0.59399552541372,0.1066348310489058,-0.4323818897707447
C,0.2,1,0.7424320563135519,0.44712050883421683,0.8993390134439726,0.44712050883421683,0.7424320563135519,59.70674468295282,63.47073274764441,4893.630686189421,6.60170178175017,0.632035755317821,0.043876348691433226,0.03763988064691595
C,0.2,1,0.8366521788674282,0.12146833233653509,0.16499602679776715,0.12146833233653509,0.8366521788674282,50.83765150066982,69.36121270903163,2645.1300949450365,-9.24828632506048,0.5700893378810684,0.2030402886286239,-0.924928632506048
C,0.2,1,0.9638588806724077,0.3344223392008529,0.3787852934386762,0.3344223392008529,0.9638588806724077,57.72866188175042,57.799743336515775,4294.07108174202,6.413677187524431,0.6289860875703616,0.04744951314969535,0.0007108145476535555
C,0.2,1,0.4578799029058799,0.737485433018151,0.42455446256992924,0.737485433018151,0.4578799029058799,41.34741001244411,62.461617525241934,2910.118718867988,-7.929755197476853,0.5795480972671088,0.14618236909758092,-0.7930755197476853
C,0.2,1,0.193498228421094,0.816433033201152,0.7262757850261697,0.816433033201152,0.193498228421094,4.37069117655266,6.0331357062761715,300.06306183879576,-27.122292534549405,0.6750436975954338,0.0014239934044781308,-2.7123292534549406
C,0.2,1,0.7483962577988018,0.5952889084341001,0.7675959694961011,0.5952889084341001,0.7483962577988018,67.12771288676944,69.60785802261393,5798.099648789059,12.471305149431075,0.6369943399324828,0.03743039074615105,0.024801451358444807
C,0.2,1,0.9910008445960288,0.9049274073056044,0.9145545973176794,0.9049274073056044,0.9910008445960288,31.046371833481874,36.018840543321836,3652.9247261656933,-0.5031176734235414,0.6438067018195032,0.013572992378748929,-0.05041176734235414
C,0.2,1,0.892398523667713,0.38310558688062885,0.30987109032814936,0.38310558688062885,0.892398523667713,67.35845599841842,73.71304367276187,4817.61033038488,4.139426333098498,0.6251252217526371,0.054669802501961406,0.0635458767434345
C,0.2,1,0.026715974398677456,0.5916796409824356,0.2837381457022739,0.5916796409824356,0.026715974398677456,8.095739581846443,8.143640983648087,307.74524646009866,-27.399615207961315,0.6584994582544008,0.0033134569414194786,-2.7400615207961314
C,0.2,1,0.9311503898650284,0.07595128192876299,0.7807370008900506,0.07595128192876299,0.9311503898650284,43.421760881764236,69.0581047525284,3034.0307829175886,-7.8074276727952086,0.5796103506812431,0.17239854558054865,-0.7808427672795208
C,0.2,1,0.7866500290445116,0.4059792390449293,0.7486029868707287,0.4059792390449293,0.7866500290445116,11.019997105656348,46.00110343125094,863.3786228383624,-20.6217638734812,0.5509214766686673,0.16166273921700827,-2.06227638734812
C,0.2,1,0.897457952566287,0.5434366559244977,0.2106346938405263,0.5434366559244977,0.897457952566287,18.784172960663064,61.83868443199412,1452.2156402143085,-15.540226254150694,0.5375609761035364,0.25038588333590334,-1.5541226254150693
C,0.2,1,0.9416940639435316,0.5288835678016861,0.9932216982243014,0.5288835678016861,0.9416940639435316,43.96632674896579,48.340819421497855,4324.502576308834,3.10319328957222,0.6360446394294842,0.02355345890434208,0.04374492672532064
C,0.2,1,0.8090203240017151,0.3036461276709038,0.1374562355157689,0.3036461276709038,0.8090203240017151,27.934109163745518,39.251148685926054,1650.0602433963904,-16.594321415841378,0.5852008734588493,0.08546983983140219,-1.659532141584138
C,0.2,1,0.7422456756308221,0.11072600234747676,0.19665182304957363,0.11072600234747676,0.7422456756308221,28.01501896560095,28.599507950305604,1332.5310005929707,-14.846996910417309,0.6135760833476064,0.044743390066234054,-1.4847996910417307
C,0.2,1,0.3668720638566685,0.3204964920820854,0.736199607956755,0.3204964920820854,0.3668720638566685,47.45135334506633,54.553117538763665,2504.170104548273,-8.523200503156946,0.5812025779949925,0.1372125236941379,-0.8524200503156946
C,0.2,1,0.3313102063330614,0.9861853859190761,0.4734336588929369,0.9861853859190761,0.3313102063330614,55.70868434131331,67.32821681136768,4329.156459987789,1.6406489798284385,0.6186917726688035,0.06023774113021643,0.11619532470054374
C,0.2,1,0.33102902629315173,0.5889672391792437,0.12791893611654398,0.5889672391792437,0.33102902629315173,59.893135175703094,70.78608332924976,2946.609687763018,-5.854686403102764,0.5811863696984201,0.18709384243420007,-0.5855686403102764
C,0.2,1,0.46366309063231437,0.5530303611132138,0.26630690691724485,0.5530303611132138,0.46366309063231437,11.922139046778264,28.960941765780916,685.4317343175776,-23.2289411848968,0.5876720021120491,0.061777076505520286,-2.3229941184896803
C,0.2,1,0.03420768466655455,0.26513428251704974,0.12619722159447688,0.26513428251704974,0.03420768466655455,71.96323892788187,94.38654900612731,1304.1198955197492,-11.513192579026956,0.5214138194692538,0.498117766681167,-1.1514192579026956
C,0.2,1,0.6474704822928113,0.8696575965019754,0.38686114154016926,0.8696575965019754,0.6474704822928113,12.819753762217715,45.4190585228299,1096.4470341626654,-19.501288327393418,0.5574723398795228,0.14788607237336154,-1.950228832739342
C,0.2,1,0.7875392300708943,0.45392927897992713,0.564306644963659,0.45392927897992713,0.7875392300708943,2.5714215003922702,8.023675266681623,195.89369680350543,-27.55560518334474,0.6589409192460486,0.0029993120484683084,-2.755660518334474
C,0.2,1,0.9950453556206614,0.7180945438263392,0.4208200550702569,0.7180945438263392,0.9950453556206614,6.8960629755318985,35.48877851514804,663.2460716524274,-23.12201770234529,0.5695915485311187,0.09955544522586474,-2.312301770234529
C,0.2,1,0.9960045437731522,0.26861443492963943,0.911662932904416,0.26861443492963943,0.9960045437731522,46.093866152747395,62.92502334640694,3965.1106270704613,-2.7906553174496143,0.6080263257538892,0.04739407852137745,-0.2791655317449614
C,0.2,1,0.14601989311367092,0.7971536758015314,0.6305567304414149,0.7971536758015314,0.14601989311367092,30.351461023324728,34.75467117749709,1909.7927414326841,-12.365956102283711,0.6057136730487747,0.06540886530855314,-1.236695610228371
C,0.2,1,0.7865830979932301,0.24722432950992984,0.381867928106025,0.24722432950992984,0.7865830979932301,6.1725417701987535,6.262777668121943,377.9883698535911,-23.719685761336347,0.6818923676657415,0.0013987290970661446,-2.3720685761336346
C,0.2,1,0.4687558689397092,0.5637890208885755,0.5260164127395982,0.5637890208885755,0.4687558689397092,9.717636992852336,10.805014707166277,629.485734690944,-22.51256589774017,0.6554224687368062,0.005532798131870278,-2.251356589774017
C,0.2,1,0.8210256343744299,0.5401217784506991,0.229103545287759,0.5401217784506991,0.8210256343744299,31.150591815187322,38.35376327570598,2298.445148427475,-11.388010168763145,0.6051625946267254,0.059314055859859674,-1.1389010168763145
C,0.2,1,0.2685434980504655,0.5330075144160551,0.5345060998461596,0.5330075144160551,0.2685434980504655,52.56314307189177,54.087925497886246,2808.9850423601856,-5.221257455275517,0.5912556660958458,0.12870354764721414,-0.5222257455275517
C,0.2,1,0.8639950719029241,0.739552684336622,0.6497781334411756,0.739552684336622,0.8639950719029241,72.67306009743378,81.44133240375088,7007.270256454304,14.774490659483138,0.6469771294277646,0.025237923333962495,0.08768272306317101
C,0.2,1,0.3110471098164917,0.273963714146504,0.9463265437748942,0.273963714146504,0.3110471098164917,65.97530986943197,66.5772316337557,3490.6681934769485,-0.42843651192874754,0.591358965220377,0.14809436226189515,-0.04294365119287476
C,0.2,1,0.6389111467114159,0.24887467870108404,0.7033965917362057,0.24887467870108404,0.6389111467114159,53.34574297235615,58.15896753643289,3306.0600676075883,-3.540632218958099,0.5978470919936609,0.09886785552439661,-0.3541632218958099
C,0.2,1,0.813001388446633,0.7554209544290738,0.7061097827744467,0.7554209544290738,0.813001388446633,64.99238472201718,73.16758693850669,6244.069382190694,11.680522490697134,0.6459475729792876,0.026582852417168644,0.08175202216489509
C,0.2,1,0.4262376541444152,0.7852344558057884,0.5419582642904663,0.7852344558057884,0.4262376541444152,60.82794932145925,66.7713245734672,4508.723451285778,3.971899245665461,0.6215694066406875,0.06503828764887011,0.059433752520079465
C,0.2,1,0.9861792921460776,0.4282427075147617,0.8196711784204767,0.4282427075147617,0.9861792921460776,8.913921454447024,15.552966778706844,813.064442993785,-21.93133469312512,0.6355843216418178,0.012134663234510979,-2.193233469312512
C,0.2,1,0.938951090430376,0.8260745341848365,0.37976540948158943,0.8260745341848365,0.938951090430376,33.260123615205096,36.81081316245549,3251.024634538744,-2.7265258965792314,0.635257996993732,0.0236326935017682,-0.27275258965792315
C,0.2,1,0.7424966278811649,0.3169283941683465,0.8556550512862762,0.3169283941683465,0.7424966278811649,31.40353078168302,32.04703187853646,2335.2490580801305,-7.554606600275988,0.6267320283476701,0.04149911994111284,-0.7555606600275988
C,0.2,1,0.7838121170135119,0.7826264607853994,0.24757483790329882,0.7826264607853994,0.7838121170135119,17.86539724238785,29.69477957229748,1509.827943067986,-17.506597194173512,0.6046153422393943,0.04676177283678589,-1.7507597194173514
C,0.2,1,0.8747220627436818,0.8124660497496814,0.5796418880306282,0.8124660497496814,0.8747220627436818,16.79362927638353,21.831200398007987,1660.057858552975,-14.435490633305331,0.6344849187001821,0.019091362815363284,-1.443649063330533
C,0.2,1,0.6070716683756484,0.40576150922076426,0.28280350126281467,0.40576150922076426,0.6070716683756484,59.33684163452959,60.14470881006431,3424.4327572648394,-0.5511315642288536,0.6021659829480718,0.10626189792843647,-0.05521315642288536
C,0.2,1,0.9994118961424412,0.4797088266846947,0.61134147635711,0.4797088266846947,0.9994118961424412,25.73489185667304,26.088618378889205,2296.570761784747,-6.051414471807242,0.6450170871205885,0.022265054953964476,-0.6052414471807241
C,0.2,1,0.3478385135449626,0.7172573158739826,0.5208042238872573,0.7172573158739826,0.3478385135449626,50.24111195141104,53.40837465759469,3329.724523168097,-2.3396552934030113,0.6059446452216773,0.08998969200566158,-0.23406552934030112
C,0.2,1,0.776985583094562,0.28588459453152415,0.8205205047014862,0.28588459453152415,0.776985583094562,40.39089731855808,41.035650885887975,2975.052996701871,-3.175678453860396,0.6228046021469017,0.05444440797219471,-0.3176678453860396
C,0.2,1,0.44519204588274947,0.8585946105447052,0.7471832797798165,0.8585946105447052,0.44519204588274947,35.38064017347497,38.90537288715639,2967.3358968400553,-4.7079883141540515,0.6226294256149617,0.049406533278737015,-0.4708988314154052
C,0.2,1,0.6007072933875499,0.7462655458845853,0.30987109032814936,0.7462655458845853,0.6007072933875499,3.1702801182937184,25.580150336254086,238.07351453383774,-26.571305766497748,0.587079025738608,0.054781159532180386,-2.657230576649775
C,0.2,1,0.07561146438452176,0.438492173226421,0.3633169764474087,0.438492173226421,0.07561146438452176,25.07602771127988,29.477718983807744,872.3475173944305,-20.57097803046307,0.593495297065966,0.06286295499183724,-2.057197803046307
C,0.2,1,0.16239748966913337,0.5952889084341001,0.9576377775221985,0.5952889084341001,0.16239748966913337,52.643076828712495,63.14528018865806,3254.6721407754117,-3.5952651812590224,0.5925113621658005,0.12896539637177537,-0.35962651812590224
C,0.2,1,0.3873210345341334,0.7701696160984576,0.8285320678226444,0.7701696160984576,0.3873210345341334,20.400124829149267,35.42993985061431,1603.2016282872808,-16.297251341186698,0.5937049197028077,0.07099938204488768,-1.6298251341186698
C,0.2,1,0.9559836198571675,0.6093235824191054,0.3549165511615686,0.6093235824191054,0.9559836198571675,43.585861722329014,64.4427694896739,3797.996756616317,-4.1761501399613685,0.6025051468981,0.06958691477487228,-0.41771501399613686
C,0.2,1,0.24933944729089952,0.9509896445416023,0.5883734630058638,0.9509896445416023,0.24933944729089952,50.95733287665969,56.94752797294107,3807.827014956941,0.1968949266632757,0.6125712478806774,0.0695574353628321,0.01958949266632757
C,0.2,1,0.3911819201350972,0.6307472538509179,0.7501606095120238,0.6307472538509179,0.3911819201350972,57.84027083142358,61.83868443199412,4040.1703302252363,1.9200457580449062,0.6140368478299981,0.07763727185090005,0.03998413600570536
C,0.2,1,0.775821423796471,0.46269348031917906,0.11690044219802309,0.46269348031917906,0.775821423796471,0.6634070399997546,22.69284027045943,43.02078973507849,-28.163093311057192,0.5916305733090255,0.04454240051783939,-2.8164093311057194
C,0.2,1,0.6156195132216516,0.639905601599114,0.18297086226147158,0.639905601599114,0.6156195132216516,18.454391391615616,22.3962919496918,1242.912991181142,-17.58137059746743,0.6236559211887949,0.025742793477855033,-1.7582370597467432
C,0.2,1,0.8553242722066047,0.7026258546104597,0.8425650233312658,0.7026258546104597,0.8553242722066047,21.214625539927503,36.122655256872626,2099.4339640906564,-13.820920621537072,0.6019729547957909,0.05944482171602755,-1.3821920621537072
C,0.2,1,0.7901764441882714,0.9223949066596484,0.056658827264620126,0.9223949066596484,0.7901764441882714,76.13537471709836,80.7601183852132,6627.206602449263,14.840295725876562,0.6396784358091885,0.03298346167061909,0.04624743668114846
C,0.2,1,0.5749035645474434,0.4865037682848513,0.5882339796849941,0.4865037682848513,0.5749035645474434,20.295682638960365,24.148280947406626,1375.5645731199638,-16.664726000475362,0.6209507364541607,0.03029740315320711,-1.6665726000475363
C,0.2,1,0.5654449157150745,0.5084707986208575,0.21065053717455645,0.5084707986208575,0.5654449157150745,53.64602484943619,54.915836296435394,3163.079553668605,-2.6396661178866245,0.6019972554809245,0.10161815691068637,-0.2640666117886624
C,0.2,1,0.4048756156206371,0.15700785702507758,0.7115014543623033,0.15700785702507758,0.4048756156206371,55.70868434131331,67.32821681136768,2556.009698947426,-8.101184367088056,0.5709889741301217,0.20252064540286396,-0.8102184367088056
C,0.2,1,0.5165441654170996,0.4888892116050715,0.2462594218547362,0.4888892116050715,0.5165441654170996,25.447245543393883,31.350252180761363,1435.9411005131376,-16.752359257299137,0.6017829345527516,0.055447420475019674,-1.6753359257299139
C,0.2,1,0.4018495853315732,0.6226072965687857,0.9368050959357157,0.6226072965687857,0.4018495853315732,35.46401759856819,46.514391026450994,2647.139654651746,-8.679355601607888,0.5976433573972033,0.08647602328668062,-0.8680355601607888
C,0.2,1,0.4342303085483633,0.765146359478089,0.5763566903732913,0.765146359478089,0.4342303085483633,42.50953377334893,44.4849693170262,3161.763503694835,-3.0136606651955486,0.6174301772082615,0.0644029114246333,-0.3014660665195549
C,0.2,1,0.7889325978340673,0.9188600870556826,0.5469340229027319,0.9188600870556826,0.7889325978340673,40.549005967178466,40.95759084498032,4016.9055624733046,4.834149955251637,0.6477066392863813,0.02435025325302826,0.004085848778018502
C,0.2,1,0.5447110996874788,0.3763516823396264,0.1594753104500875,0.3763516823396264,0.5447110996874788,23.34774756881159,40.319263587581574,1168.3217987859716,-19.373913811900955,0.5712093279735423,0.10984797361575185,-1.9374913811900956
C,0.2,1,0.953658673136782,0.6663721810377965,0.551942886096233,0.6663721810377965,0.953658673136782,47.71396690223795,52.47382883965553,4523.2895428125385,3.82676213035733,0.633680716607685,0.02455364701283253,0.047598619374175824
C,0.2,1,0.6448940622473561,0.5330075144160551,0.5345060998461596,0.5330075144160551,0.6448940622473561,46.06067265066425,47.39682760797262,3328.2397092396645,-1.554864575409892,0.6182776180521505,0.06266071400420249,-0.15558645754098918
C,0.2,1,0.5743660307023908,0.8948653043493959,0.2924779229730514,0.8948653043493959,0.5743660307023908,66.27247692964853,68.23841448763689,5353.06089789339,10.479860903396643,0.6307087180121677,0.04725262567923411,0.019659375579883544
C,0.2,1,0.9727912526504453,0.19729048011415917,0.8595868883978398,0.19729048011415917,0.9727912526504453,54.03457501279549,54.59207191755079,4322.428763037252,5.844555460608483,0.6333389472236214,0.04062287339197193,0.005574969047552969
C,0.2,1,0.9561711578988399,0.24722432950992984,0.5067917321386303,0.24722432950992984,0.9561711578988399,16.009393450772752,25.212091838056764,1166.1172976757211,-19.928316458763874,0.6093357459761306,0.03526631290941741,-1.9929316458763875
C,0.2,1,0.9694553727808914,0.9590411057695982,0.714911708514311,0.9590411057695982,0.9694553727808914,75.69075309707404,81.44133240375088,8651.272680711194,24.51908786210673,0.6604985618871952,0.01457727499827322,0.0575057930667684
C,0.2,1,0.8182183333347937,0.6720981145342614,0.3353301733815077,0.6720981145342614,0.8182183333347937,39.88104389897622,41.295676027990986,3306.1017181735847,-1.169264711676741,0.630302697192683,0.03851112332170076,-0.11702647116767409
C,0.2,1,0.05029541500848789,0.46468349231946127,0.6058163544474028,0.46468349231946127,0.05029541500848789,8.62490283658167,14.639244893688518,352.7098317776521,-26.137731997904115,0.6276964172358555,0.014217296798075924,-2.6138731997904117
C,0.2,1,0.8977810334835076,0.57382494056972,0.44155519547514543,0.57382494056972,0.8977810334835076,53.34574297235615,58.15896753643289,4514.072951569505,3.5210949444731554,0.6263554576763836,0.03476492840189503,0.04813224564076741
C,0.2,1,0.9361987536563837,0.6274288733023135,0.4590971730754052,0.6274288733023135,0.9361987536563837,26.984846027088356,30.321592520021625,2419.4292010318827,-8.29123831631015,0.6304536888128637,0.02910070196813047,-0.8292238316310149
C,0.2,1,0.4262376541444152,0.6321425053601645,0.569786019193711,0.6321425053601645,0.4262376541444152,60.82794932145925,66.7713245734672,4085.4276127489034,1.4682463874923877,0.6135870202770137,0.08269143303469159,0.059433752520079465
C,0.2,1,0.5750612931084431,0.7826264607853994,0.346859590172107,0.7826264607853994,0.5750612931084431,3.66500308154598,16.378660077223294,280.5775267610224,-26.889086742272166,0.6185634113379025,0.01872729184545053,-2.6890086742272166
C,0.2,1,0.9604573722526304,0.5588309603779891,0.7232587320807092,0.5588309603779891,0.9604573722526304,22.82949663565019,40.293760698409564,2147.0202136871953,-13.965817389868155,0.5930126784386275,0.07709652488536439,-1.3966817389868154
C,0.2,1,0.7424966278811649,0.579854370340896,0.6437672507585958,0.579854370340896,0.7424966278811649,28.997590867552475,33.67468172314298,2383.942145272817,-9.480694734774623,0.6195296649613368,0.0422094107624932,-0.9481694734774623
C,0.2,1,0.5663762440962656,0.6535964134607833,0.5873149990663104,0.6535964134607833,0.5663762440962656,40.473291044165585,40.96550074993821,3063.0796940568953,-2.7306346879996837,0.6236602383930357,0.05567013253856872,-0.27316346879996833
C,0.2,1,0.6445651406333527,0.48791754787724856,0.504193372169561,0.48791754787724856,0.6445651406333527,5.406391578237974,45.91013167886873,374.2789135107236,-22.910312636371597,0.5407931851378633,0.18093491393852015,-2.2911312636371597
C,0.2,1,0.7669900723700401,0.4797088266846947,0.7254686379613353,0.4797088266846947,0.7669900723700401,8.101472373697465,27.618636121644858,651.9389376612411,-23.74230741945798,0.589984836214526,0.05657581388479265,-2.374330741945798
C,0.2,1,0.6592274256797542,0.7356548544339921,0.37626822199391363,0.7356548544339921,0.6592274256797542,48.960457828588005,50.03844751171711,3875.2603629469577,2.371458621221026,0.6277770589521501,0.04792715295024336,0.01077989683129104
C,0.2,1,0.726142228416547,0.5424962434845055,0.5395103468204432,0.5424962434845055,0.726142228416547,62.45425779823959,65.46993367829774,4803.961665972193,6.422518031011391,0.6282507099105905,0.05059765056729197,0.03015675880058147
C,0.2,1,0.3010978188016198,0.8235992322358078,0.8993390134439726,0.8235992322358078,0.3010978188016198,51.56570595075137,60.574538863694784,4059.166148805928,0.9546177653085942,0.6139637817231588,0.061405081342757635,0.09008832912943411
C,0.2,1,0.6249900101493819,0.873583187658525,0.7649730982644467,0.873583187658525,0.6249900101493819,41.94383885887941,42.40940830430668,3944.943345479065,3.605945555163563,0.6415536198521895,0.032055759132844905,0.0046556944542727055
C,0.2,1,0.26848575509028605,0.8236589105251682,0.5585424633027564,0.8236589105251682,0.26848575509028605,33.5923301311304,35.222048797355946,2303.452778403392,-9.030329868569286,0.6147318368347086,0.05913328503679179,-0.9031329868569286
C,0.2,1,0.9883659784275416,0.43802638899536384,0.7975803373949653,0.43802638899536384,0.9883659784275416,15.405894157175837,22.90141786029201,1405.928448449823,-17.533694217204893,0.6229161179156496,0.024613051678024796,-1.7534694217204894
C,0.2,1,0.6309588176592911,0.7946311089745323,0.8786531638060948,0.7946311089745323,0.6309588176592911,40.59361827203185,52.666500004499774,3785.185442837808,-2.3686190193900187,0.615729755960892,0.03790856566104811,-0.23696190193900185
C,0.2,1,0.822755895902629,0.9190706715299362,0.9576377775221985,0.9190706715299362,0.822755895902629,67.38034165491322,69.60785802261393,7481.392476637987,22.476386207897605,0.6560359323843465,0.01821087045660057,0.022275163677007014
C,0.2,1,0.7640331728375671,0.5434366559244977,0.7356346561309006,0.5434366559244977,0.7640331728375671,51.083538969391604,53.01259644085362,4278.979838035981,4.218279288344509,0.6311071055909364,0.0401649042605185,0.019290574714620163
C,0.2,1,0.3179242028958376,0.48708151567759694,0.5724512719195842,0.48708151567759694,0.3179242028958376,45.379614925480894,51.54756580434599,2475.9829331664373,-8.598247240431615,0.5859202460304147,0.123658873527036,-0.8599247240431614
C,0.2,1,0.7528514221491139,0.4502374680862816,0.17109124789419022,0.4502374680862816,0.7528514221491139,32.26641946253469,52.70793262389268,2078.9810884255926,-13.596298125347218,0.5680239244736935,0.14707073687785244,-1.3597298125347217
C,0.2,1,0.7913910503357926,0.9509896445416023,0.5283026069603105,0.9509896445416023,0.7913910503357926,39.47433348762647,39.767336103368756,3960.325662837975,4.683615553246596,0.6489719418580672,0.023413044268538012,0.002930026157422887
C,0.2,1,0.39400202509979554,0.6673979132670448,0.0803041267401351,0.6673979132670448,0.39400202509979554,21.90750167039308,26.586994547075648,1206.6126159038076,-18.133769439033394,0.6097133484594605,0.04138375126417107,-1.8134769439033396
C,0.2,1,0.9789243475832758,0.9491381482269978,0.11690044219802309,0.9491381482269978,0.9789243475832758,30.04902840913085,30.35495055203502,2984.6388532753413,-0.7065161770534405,0.6505520046534321,0.019936680275960336,-0.07075161770534405
C,0.2,1,0.7913910503357926,0.6688832471653203,0.5283026069603105,0.6688832471653203,0.7913910503357926,34.59039560281983,39.767336103368756,2982.4281862786197,-5.7381387315276005,0.6206209228703201,0.04263397266947239,-0.5739138731527601
C,0.2,1,0.68431158510319,0.8905472678938928,0.346859590172107,0.8905472678938928,0.68431158510319,3.391597497249952,16.378660077223294,296.4745701654633,-26.78215991443181,0.6188698518251066,0.018607061218521966,-2.678315991443181
C,0.2,1,0.634926375927413,0.852732712069016,0.811735558133446,0.852732712069016,0.634926375927413,43.406833261482944,52.53383472913393,4109.600249737421,0.3247258898021311,0.6238149611976029,0.031454363371655907,0.032372588980213106
C,0.2,1,0.8755344114642668,0.5924815267663445,0.46121660521937535,0.5924815267663445,0.8755344114642668,41.78821042021296,41.96449728504547,3549.1233600554456,1.8584454629233809,0.6373203999705845,0.034989137557003745,0.0017628686483250533
C,0.2,1,0.9575209522021404,0.7361842754465079,0.5459861059231631,0.7361842754465079,0.9575209522021404,41.219157471629394,43.043305239112954,4053.2823063827923,3.7263357137686897,0.6432703330696965,0.02203677408394397,0.018241477674835593
C,0.2,1,0.5654449157150745,0.7943331707315281,0.5663116758462593,0.7943331707315281,0.5654449157150745,52.92454857303716,54.915836296435394,4347.576814129821,4.651281454238609,0.6293378725765764,0.046662323175755,0.01991287723398237
C,0.2,1,0.7889325978340673,0.6804154985712911,0.5469340229027319,0.6804154985712911,0.7889325978340673,37.918858838560446,38.30094150459372,3304.2780028264824,-0.1184124765973175,0.6371674266501404,0.03477545975923816,-0.01194124765973175
C,0.2,1,0.8058519590791765,0.4713218011714414,0.13854509914004925,0.4713218011714414,0.8058519590791765,38.84795008959761,47.15019814702572,2615.33395211176,-9.65997616561721,0.5952690563101325,0.08427184253851107,-0.9660976165617209
C,0.2,1,0.8237534145232742,0.7462701174610821,0.551942886096233,0.7462701174610821,0.8237534145232742,50.31526007620087,52.80702280089103,4644.0858634059405,6.293444045262491,0.6383053625410513,0.028986010968496543,0.02491762724690162
C,0.2,1,0.9294453811747874,0.8564204818293268,0.6839544999256194,0.8564204818293268,0.9294453811747874,23.084115640539597,37.442134756530365,2455.9688242327115,-11.619480547390106,0.6073818438692632,0.053099154934277734,-1.1620480547390106
C,0.2,1,0.9727912526504453,0.6695697525174347,0.6226298454572825,0.6695697525174347,0.9727912526504453,15.00310798587341,15.157901213392144,1465.560545781647,-12.065646381284251,0.6625533842293353,0.008367632601690956,-1.2066646381284252
C,0.2,1,0.6748226998848275,0.5402932422261494,0.6497781334411756,0.5402932422261494,0.6748226998848275,32.554579976028045,46.775763345344565,2506.7108111745474,-10.793698616158094,0.59138993388529,0.09175987309408778,-1.0794698616158094
C,0.2,1,0.6448940622473561,0.9338043817018049,0.5345060998461596,0.9338043817018049,0.6448940622473561,40.7280426252205,42.66193201629065,3759.099556325905,1.4722377803983477,0.6361815297263345,0.03249392894154473,0.019338893910701458
C,0.2,1,0.9886695177033801,0.7971536758015314,0.9846731922969125,0.7971536758015314,0.9886695177033801,53.432883147558094,56.06070679128125,6086.432291600696,15.10505296632739,0.6577681401501442,0.015025557290567381,0.026278236437231543
C,0.2,1,0.8373287798323954,0.6546633743748108,0.4278682358949906,0.6546633743748108,0.8373287798323954,8.44935161858226,9.211710984017591,720.6985454406163,-20.002839733563686,0.670814393155768,0.003161002797820247,-2.0003839733563686
C,0.2,1,0.8747330327350942,0.7102062639776874,0.3353301733815077,0.7102062639776874,0.8747330327350942,24.02797522223004,25.0184829573877,2105.5767349395956,-8.407551792104718,0.6414268739806941,0.022340750271074464,-0.8408551792104717
C,0.2,1,0.7145062894759314,0.7417042654240368,0.8653231541302008,0.7417042654240368,0.7145062894759314,8.39774354110025,30.291848746933937,793.1131873086956,-22.587046416116145,0.5860018798805843,0.0667184357945468,-2.2588046416116145
C,0.2,1,0.025537868016716425,0.6605184012372135,0.8996636672994356,0.6605184012372135,0.025537868016716425,38.45011629689038,54.00052684974348,2183.7514828449725,-10.766185332044603,0.5733324023171358,0.14987034894919768,-1.0767185332044602
C,0.2,1,0.9601309040701347,0.41853124366722116,0.5710539341990374,0.41853124366722116,0.9601309040701347,29.2660766777111,29.499545792406153,2435.214312051407,-5.24956119736126,0.6391816620090159,0.02905597733983311,-0.525056119736126
C,0.2,1,0.7965804270921742,0.6750891528530629,0.2067164226688737,0.6750891528530629,0.7965804270921742,18.249072107001094,66.7713245734672,1437.139786679672,-14.832297508363236,0.5361173404311698,0.287539028314693,-1.4833297508363237
C,0.2,1,0.248694341354055,0.6639581572521291,0.5712789823461979,0.6639581572521291,0.248694341354055,30.08636980165266,32.28581210700697,1802.612796742885,-12.99648242510477,0.6093861241163308,0.057518245795639314,-1.299748242510477
C,0.2,1,0.6739168156611008,0.48791754787724856,0.5167605582995001,0.48791754787724856,0.6739168156611008,16.640768506512053,24.284586813053437,1181.6731549265694,-19.181814639488746,0.6137743681410949,0.032577210143268136,-1.9182814639488748
C,0.2,1,0.8833360464708272,0.20026623892434653,0.7159517131537438,0.20026623892434653,0.8833360464708272,2.377730401591837,17.334784388452817,171.38420872186032,-27.80767772462155,0.6121960421700655,0.022588982962822603,-2.780867772462155
C,0.2,1,0.9257838053080669,0.6357148458626105,0.036362033385186066,0.6357148458626105,0.9257838053080669,34.65913980327139,44.15428424063183,2737.51692264292,-9.431616874609661,0.6028358002169004,0.06451990909045362,-0.9432616874609661
C,0.2,1,0.4770952750158468,0.9299681345471489,0.9709962654604389,0.9299681345471489,0.4770952750158468,12.670030524923071,15.398637272944015,1198.9406255575261,-17.8924589302117,0.6465510983027543,0.01106316694656922,-1.78934589302117
C,0.2,1,0.7514530885287004,0.5544517385223906,0.20870917662252692,0.5544517385223906,0.7514530885287004,9.568442946930954,18.194147916558023,674.6993378133448,-23.436326544457526,0.621427505496546,0.019671237681384457,-2.343732654445753
C,0.2,1,0.6164578876479812,0.7826264607853994,0.41302776006738584,0.7826264607853994,0.6164578876479812,19.735643962755574,64.26051284772211,1584.3757492128627,-14.53311603976477,0.5408227794624966,0.2584689811726598,-1.453411603976477
C,0.2,1,0.560739500486795,0.7162178921719975,0.46502840871191087,0.7162178921719975,0.560739500486795,48.509329354796854,57.799743336515775,3661.1727425649797,-2.441935160308708,0.6065849932491078,0.06370801566178624,-0.2442935160308708
C,0.2,1,0.6227960078639488,0.873583187658525,0.9737015641141535,0.873583187658525,0.6227960078639488,36.636146122492335,37.04280108533988,3632.895162655581,1.7420471629618253,0.6444603340879401,0.028472315691426445,0.004066549628475471
C,0.2,1,0.7476093596967697,0.7356548544339921,0.37626822199391363,0.7356548544339921,0.7476093596967697,52.752473273659604,79.90124726512084,4408.519773796969,-0.7018744995849382,0.6178059798121361,0.03929869519763309,-0.07028744995849381
C,0.2,1,0.7374885508812161,0.5339921894151282,0.8473758968697401,0.5339921894151282,0.7374885508812161,5.934839321011867,20.536021776646123,503.0276894815069,-25.045128389769346,0.6084514916713301,0.02965838614642997,-2.504612838976935
C,0.2,1,0.9743589274174578,0.5624841233224631,0.398550305728552,0.5624841233224631,0.9743589274174578,2.1828398405444633,8.178906090624382,189.48339913608626,-27.60313696368776,0.6577811484348709,0.0031595801975375024,-2.760413696368776
C,0.2,1,0.46913402128473336,0.5952889084341001,0.6525950993238603,0.5952889084341001,0.46913402128473336,59.89732663217629,62.11033310757132,4165.021940376319,3.238866746840162,0.616749997376286,0.07517306123760802,0.022130064753950338
C,0.2,1,0.6945254992102886,0.7783840321964822,0.8620056132084033,0.7783840321964822,0.6945254992102886,5.641200366681347,41.07644772674245,537.017548965832,-22.897630877025065,0.554661665870413,0.13936830332459915,-2.2898630877025066
C,0.2,1,0.740424329667594,0.935407301050232,0.7581903807079109,0.935407301050232,0.740424329667594,46.196232434607126,49.21993591985371,4746.493853117016,7.018327592668771,0.6444277322153841,0.023335379393021438,0.030237034852465854
C,0.2,1,0.5490255875186003,0.7204641579257759,0.22763476414712358,0.7204641579257759,0.5490255875186003,58.49099455562713,64.15297431721773,4045.5504832205957,0.9508037900465817,0.6138977633534015,0.07081213129036192,0.05661979761590594
C,0.2,1,0.7393863331863959,0.5961909551675214,0.3666662223860127,0.5961909551675214,0.7393863331863959,49.451267902461396,50.9880881694043,3755.6022543914805,1.197724640147795,0.6235439109230445,0.051074599030092045,0.01536820266942904
C,0.2,1,0.8176639265656866,0.6082515752329594,0.4319648474868284,0.6082515752329594,0.8176639265656866,4.767878794563028,5.481459093461649,391.4185151014508,-23.801141326813244,0.6884413004616161,0.0009713637877521732,-2.3802141326813246
C,0.2,1,0.9789243475832758,0.7637817276955003,0.9108564848542244,0.7637817276955003,0.9789243475832758,52.780629109509846,53.67547629553533,5800.945607785999,15.284037661725732,0.6573861097433618,0.016575746346317366,0.00894847186025487
C,0.2,1,0.671830789869463,0.6147031768718468,0.2501719586726203,0.6147031768718468,0.671830789869463,29.040665223851974,76.5215919944801,2049.719113867607,-11.4252279823238,0.5487115417004536,0.311249309941329,-1.14262279823238
C,0.2,1,0.7639355519011094,0.36589372460474373,0.10202910329886267,0.36589372460474373,0.7639355519011094,7.073956983311682,20.967370417321252,417.6619222189787,-25.8189073897841,0.6048057806773508,0.03193022670932151,-2.5819907389784102
C,0.2,1,0.9726417949481294,0.8592181210293472,0.22647126995597205,0.8592181210293472,0.9726417949481294,52.92454857303716,54.915836296435394,5147.165198287043,9.880591390536786,0.6459299437126885,0.021587774128868226,0.01991287723398237
C,0.2,1,0.8066641210875706,0.2628433606462653,0.811735558133446,0.2628433606462653,0.8066641210875706,0.19711348093360437,52.53383472913393,14.540817666986127,-23.129869885944647,0.5198125592614464,0.2509199272328189,-2.3130869885944647
C,0.2,1,0.8673352263291376,0.4243893260817569,0.20474612148973853,0.4243893260817569,0.8673352263291376,63.04365586588935,86.06100605935517,4394.450508362485,-0.38694671255544183,0.6178165424683192,0.05877228406532422,-0.038794671255544186
C,0.2,1,0.1942864917061643,0.7871879303371868,0.4461676102567852,0.7871879303371868,0.1942864917061643,29.39429399048005,36.46029057181361,1770.3569329068846,-13.813735770466604,0.598030485114355,0.07372133240527379,-1.3814735770466604
C,0.2,1,0.9575209522021404,0.7361842754465079,0.10739533707700033,0.7361842754465079,0.9575209522021404,41.37543703444215,43.043305239112954,3614.977925249661,0.8755535765211416,0.6350048640136335,0.029297689358681434,0.016678682046708034
C,0.2,1,0.9134720120508075,0.44728368430007326,0.13854509914004925,0.44728368430007326,0.9134720120508075,30.306494323001548,36.56464950380302,2166.9571458366886,-12.156101907982034,0.6064130386928165,0.05475911600743627,-1.2157101907982033
C,0.2,1,0.7889325978340673,0.4025324139726385,0.14819330109461065,0.4025324139726385,0.7889325978340673,0.525188784679464,42.18128334395218,33.23293956943126,-25.15345468055979,0.5419895962920003,0.1655844754269067,-2.515445468055979
C,0.2,1,0.6617679427793843,0.3271964643041914,0.595779077483534,0.3271964643041914,0.6617679427793843,66.9630025213499,68.40438215302834,4308.580200945576,4.358315407352603,0.6130011672677177,0.08255537112669153,0.0144137963167843
C,0.2,1,0.6798386073947693,0.7971536758015314,0.35640963919573165,0.7971536758015314,0.6798386073947693,59.59301318195192,68.23841448763689,4931.909138277069,4.750130648502472,0.6296587437585833,0.04194712383659423,0.0864540130568497
C,0.2,1,0.20776422591165267,0.6652817131919895,0.6839544999256194,0.6652817131919895,0.20776422591165267,67.4087374253841,85.1201962049758,4095.1589558766636,5.777643310434624e-05,0.6023336168153979,0.11388906367360839,-9.422235668956537e-05
C,0.2,1,0.8639950719029241,0.5795283683066706,0.4615589750884699,0.5795283683066706,0.8639950719029241,42.557874557559444,81.44133240375088,3562.7386985351,-5.165749437064428,0.5913378306647304,0.175304951981748,-0.5166749437064428
C,0.2,1,0.43001913659807983,0.624729080050872,0.25160948801450755,0.624729080050872,0.43001913659807983,44.513043921119454,47.41298632403578,2627.5002894448644,-7.042711625108824,0.5987792385852772,0.09581559834894604,-0.7043711625108824
C,0.2,1,0.025537868016716425,0.6492822164846043,0.4672633622015644,0.6492822164846043,0.025537868016716425,24.257530285296543,36.046212958050496,1101.8398108412061,-18.735969038084058,0.5825094206371477,0.0893045115413747,-1.873696903808406
C,0.2,1,0.9608671288259498,0.6308383633563078,0.9737015641141535,0.6308383633563078,0.9608671288259498,20.6470479611897,37.04280108533988,2145.8025542125656,-13.809938718899389,0.6002974876388808,0.0624189070982147,-1.3810938718899388
C,0.2,1,0.6501153614370537,0.8291370976509662,0.7229895133680191,0.8291370976509662,0.6501153614370537,43.39610278302437,43.806937233507625,3994.062768660446,3.9499415572551735,0.6405599978708081,0.03331226496964642,0.004108344504832573
C,0.2,1,0.27770832443615834,0.48176508022316833,0.651717666487576,0.48176508022316833,0.27770832443615834,37.88614610826408,50.20540114107141,2055.9527870603315,-12.108160894296628,0.5760469306885868,0.13364650634745348,-1.2109160894296627
C,0.2,1,0.9514016860752664,0.6271254923980584,0.4953784950951342,0.6271254923980584,0.9514016860752664,54.03457501279549,54.59207191755079,4933.941423071259,10.013947346276977,0.6443327613497591,0.027183975728574335,0.005574969047552969
C,0.2,1,0.6330850036102876,0.7879220044114702,0.26919140208375725,0.7879220044114702,0.6330850036102876,26.143786616249876,26.3631097068957,2033.4672642709975,-9.212489302079089,0.635112583399373,0.02956429162004351,-0.9213489302079088
C,0.2,1,0.2218179472995846,0.6321425053601645,0.4916079134783426,0.6321425053601645,0.2218179472995846,57.4914199530763,63.10878970437523,3161.350875510014,-3.4925291347695366,0.5903280083320652,0.14279808362847937,-0.34935291347695363
C,0.2,1,0.7424966278811649,0.9275427251716915,0.5710906423160367,0.9275427251716915,0.7424966278811649,5.403338176833973,12.024046122421561,528.3342664097523,-24.389472426329366,0.6444586334742162,0.00742098277939249,-2.439047242632937
C,0.2,1,0.895764447190062,0.6101480666350139,0.5365428896910864,0.6101480666350139,0.895764447190062,39.85763764957607,40.293760698409564,3535.739067419199,1.621225815344995,0.6395967265451278,0.03081421829617935,0.004361230488334939
C,0.2,1,0.22638500458107202,0.48608599935353974,0.6179102054211991,0.48608599935353974,0.22638500458107202,36.89322225070137,41.6510149597427,1884.185018256519,-12.548229343869917,0.5900284149556065,0.09804038316278711,-1.2549229343869917
C,0.2,1,0.862439400405298,0.7119414317849821,0.6672758213589769,0.7119414317849821,0.862439400405298,24.39334611036845,40.54514019198688,2327.1480789946186,-12.585238208228228,0.5975120756021594,0.0711093723987246,-1.2586238208228226
C,0.2,1,0.6070716683756484,0.7903983324224805,0.3775843516544557,0.7903983324224805,0.6070716683756484,43.72686835646403,53.469282266550444,3468.1138688067535,-3.9453302312415235,0.6072916525949381,0.06199781645756985,-0.3946330231241523
C,0.2,1,0.7760598169076333,0.7557542530602209,0.5027220876148293,0.7557542530602209,0.7760598169076333,31.708809902488156,32.14464802890764,2827.118035277384,-3.2152498783704844,0.6393271887022216,0.03097147624814095,-0.3216249878370484
C,0.2,1,0.6936380956769702,0.9013579413456987,0.948403186779796,0.9013579413456987,0.6936380956769702,52.00918723679864,60.574538863694784,5380.864349503363,7.830103792405577,0.6370779036447263,0.02416375892148877,0.08565351626896145
C,0.2,1,0.6592274256797542,0.7356548544339921,0.37626822199391363,0.7356548544339921,0.6592274256797542,30.651387344039776,45.331510274041015,2426.0824287949063,-11.445357848674746,0.5917842970887166,0.08841262086233498,-1.1446357848674746
C,0.2,1,0.25349294434264047,0.6625258230419205,0.09644063742188469,0.6625258230419205,0.25349294434264047,9.819672035901434,61.51667712919938,473.42557948275856,-19.347925125422446,0.5151922013730689,0.3027500403455634,-1.9348925125422447
C,0.2,1,0.3032303664907755,0.9033582549515261,0.8620056132084033,0.9033582549515261,0.3032303664907755,0.04035409592412273,25.596507699739274,3.304176078595486,-28.01705052956449,0.5823585116818729,0.059009323512792485,-2.801805052956449
C,0.2,1,0.6227960078639488,0.873583187658525,0.7648759012288884,0.873583187658525,0.6227960078639488,38.445818382503624,38.87256039826335,3611.633138715686,1.5157528964832874,0.6407926892217028,0.03220357451045623,0.004267420157597286
C,0.2,1,0.8128917941515433,0.604329165411224,0.7008440439334419,0.604329165411224,0.8128917941515433,59.89732663217629,62.11033310757132,5293.854451687286,10.072995789277574,0.6397005676711851,0.03350161747939811,0.022130064753950338
C,0.2,1,0.49177968446497033,0.4025209698867007,0.7320582150549643,0.4025209698867007,0.49177968446497033,78.9968451478016,91.16103502459234,4978.103751716656,4.672554361830973,0.6088267331140775,0.09434902582395488,0.12164189876790743
C,0.2,1,0.740424329667594,0.935407301050232,0.7292291841700197,0.935407301050232,0.740424329667594,58.03998390472781,61.83890196292234,5921.373296496963,13.031176886860415,0.6492321194380563,0.023713065237710242,0.03798918058194531
C,0.2,1,0.8644428633430128,0.5447677784473761,0.545417649766433,0.5447677784473761,0.8644428633430128,6.568451290059901,43.630558657773214,552.3803045324552,-22.509161616272465,0.5491409592929507,0.1573185028549865,-2.2510161616272466
C,0.2,1,0.7796254017814152,0.800055537558843,0.7110348189149021,0.800055537558843,0.7796254017814152,68.81491474455123,76.8250148968309,6658.525469315535,13.824449458481661,0.6460446667239526,0.026674052874144986,0.08010100152279662
C,0.2,1,0.6446882624664281,0.9985608954062806,0.829552205283904,0.9985608954062806,0.6446882624664281,16.477078154111897,32.021718745425154,1695.512153031828,-16.190106371703926,0.6028082538890169,0.05337752532500893,-1.6191106371703927
C,0.2,1,0.7375173869974692,0.7346848484246472,0.4810744772516541,0.7346848484246472,0.7375173869974692,7.924418783673428,11.425821319576118,678.6232429842235,-22.192290784029307,0.6531560873151373,0.005833843812801796,-2.219329078402931
C,0.2,1,0.6156195132216516,0.639905601599114,0.0803041267401351,0.639905601599114,0.6156195132216516,40.047581664954954,47.539376885126494,2594.4368802507893,-9.122960394440586,0.5950041328115994,0.08970368388073925,-0.9123960394440586
C,0.2,1,0.7393863331863959,0.5950648954847687,0.3666662223860127,0.5950648954847687,0.7393863331863959,70.12980316182201,70.56245729481411,5322.0958498385135,11.40063845902708,0.6277422517411598,0.051175872082147224,0.004326541329920985
C,0.2,1,0.8826076912353317,0.7701696160984576,0.09644063742188469,0.7701696160984576,0.8826076912353317,51.728974741724286,76.5215919944801,4399.543161670045,-0.9740241421839153,0.6171050873142953,0.03326799123002317,-0.09750241421839154
C,0.2,1,0.3457717631990873,0.8131931237209067,0.9368050959357157,0.8131931237209067,0.3457717631990873,6.526452175289121,6.927785423824845,531.0467867709248,-24.572819965722775,0.6744094343508025,0.0018804346735992713,-2.457381996572278
C,0.2,1,0.5654449157150745,0.7857710013451336,0.12473483955548659,0.7857710013451336,0.5654449157150745,30.05723480761146,40.5945574666259,2124.4203137732616,-12.765541545154374,0.5952741931490018,0.07735105839378603,-1.2766541545154373
C,0.2,1,0.6692256693737055,0.7361842754465079,0.6023082977619014,0.7361842754465079,0.6692256693737055,6.781933731178981,27.739831362114288,578.6902295745406,-24.159636221419944,0.5882124914880799,0.05866723643271728,-2.4160636221419947
C,0.2,1,0.5771926356503545,0.4384986594913579,0.46121660521937535,0.4384986594913579,0.5771926356503545,37.3109850842938,46.52650363774827,2325.033285113192,-11.04391121717675,0.5892501835159998,0.09870912994316246,-1.104491121717675
C,0.2,1,0.7351991818030187,0.8499259586174607,0.5270516058380433,0.8499259586174607,0.7351991818030187,50.75106507423648,56.256946547583034,4691.050216248584,4.780078467627044,0.63166352669777,0.030523845401289277,0.05505881473346555
C,0.2,1,0.7441461023310207,0.778284462337217,0.7416520584588043,0.778284462337217,0.7441461023310207,45.76280824956393,48.55390554167529,4332.0369236880115,4.3652168712467425,0.6376892076668053,0.02911572643430176,0.027910972921113598
C,0.2,1,0.7808915266273032,0.6588967631317084,0.6771417307004175,0.6588967631317084,0.7808915266273032,13.191719207422976,33.20421819259719,1172.9807312075397,-20.073643696808027,0.5868481385181017,0.07203188809987628,-2.007464369680803
C,0.2,1,0.8639950719029241,0.6524307853541397,0.6497781334411756,0.6524307853541397,0.8639950719029241,28.057292315405004,28.99796675056129,2583.1155533379356,-5.136682157597391,0.6409776153014272,0.025985303996287033,-0.5137682157597391
C,0.2,1,0.49260918736250187,0.617703776020726,0.5469340229027319,0.617703776020726,0.49260918736250187,53.62890420428643,62.06966780764868,3710.530185510716,-1.6198711358628055,0.6051189541884212,0.07715109562381917,-0.16208711358628053
C,0.2,1,0.6448940622473561,0.42914839864920007,0.6182873442629617,0.42914839864920007,0.6448940622473561,2.2937796568666005,7.856523736320348,158.63621067998454,-28.036104714136503,0.6588252181606647,0.0029255652006494777,-2.8037104714136505
C,0.2,1,0.8891452828760247,0.8763985821644029,0.8595868883978398,0.8763985821644029,0.8891452828760247,2.940735845494356,9.004648140155696,322.79535591156383,-26.356120974474095,0.6557549098453767,0.003842839240577892,-2.6357120974474095
C,0.2,1,0.5291958107269596,0.7971536758015314,0.20224672380728964,0.7971536758015314,0.5291958107269596,59.84557351621073,66.1138766947915,4271.396564662006,2.1166243350768505,0.6185248072790176,0.06597941097389767,0.06268303178580772
C,0.2,1,0.20776422591165267,0.7389806296144721,0.6839544999256194,0.7389806296144721,0.20776422591165267,16.515900293546075,85.1201962049758,1064.2202900172003,-13.842255178212753,0.5188182795169266,0.4502705448345751,-1.3843255178212752
C,0.2,1,0.8070260428445538,0.6605184012372135,0.31503410432035595,0.6605184012372135,0.8070260428445538,35.87476684787371,40.14017678128697,2914.935114556829,-5.859168574072656,0.6192342158996965,0.045856798559634496,-0.5860168574072656
C,0.2,1,0.6501153614370537,0.5581623582710031,0.9048439050412447,0.5581623582710031,0.6501153614370537,1.3691019393049615,19.875812569815366,113.68335709256995,-27.95662669571845,0.6021766306141406,0.032018151089370166,-2.7957626695718454
C,0.2,1,0.9115997171530383,0.57382494056972,0.6848585945749013,0.57382494056972,0.9115997171530383,30.34849707104384,58.15896753643289,2773.6310199961613,-10.07132814657931,0.5755372248078854,0.1414340348197341,-1.007232814657931
C,0.2,1,0.6599809081187781,0.6599401388734334,0.01890817954788504,0.6599401388734334,0.6599809081187781,47.957854638317365,55.10470097881234,3187.698978441224,-5.2784895894313815,0.598331513133358,0.08744640341116966,-0.5279489589431382
C,0.2,1,0.6602864862223765,0.3777958151452076,0.5710539341990374,0.3777958151452076,0.6602864862223765,17.80783565561526,51.46812233952305,1178.5308162555655,-18.247102929725152,0.5475208902133476,0.18607891826893652,-1.8248102929725154
C,0.2,1,0.4262376541444152,0.4294759939059396,0.5480434979585141,0.4294759939059396,0.4262376541444152,31.50934405575606,66.7713245734672,1779.861065848611,-13.17054705967391,0.5463934014231817,0.2593882049751691,-1.317154705967391
C,0.2,1,0.7424966278811649,0.9275427251716915,0.036362033385186066,0.9275427251716915,0.7424966278811649,14.265981399446664,18.174259409152434,1204.2060196477776,-17.489860818565887,0.6376456424380649,0.01486599300332265,-1.7490860818565888
C,0.2,1,0.982561323751711,0.9001160415358433,0.7273641437896535,0.9001160415358433,0.982561323751711,12.895215090228485,13.005430252073857,1448.36440562157,-12.232408341955862,0.6710980137539165,0.0057387346867378165,-1.2233408341955863
C,0.2,1,0.5242467914999064,0.2678971380286884,0.12807457508774156,0.2678971380286884,0.5242467914999064,40.90798698546726,51.06632516721486,1751.2325042600971,-14.383175909895881,0.5660617613429179,0.14974562290934787,-1.438417590989588
C,0.2,1,0.7521845118603684,0.8235992322358078,0.7019398217849541,0.8235992322358078,0.7521845118603684,4.486395023425633,11.408104485631299,432.2089004554121,-25.369684543155465,0.6449388763105273,0.006827017758008338,-2.5370684543155466
C,0.2,1,0.5538550667234731,0.8216976126107651,0.5614449200053261,0.8216976126107651,0.5538550667234731,59.13108435941066,62.95541669130028,4896.867249326247,6.97337162816432,0.6317866847598264,0.04595826163060059,0.03824332331889622
C,0.2,1,0.5639876440050612,0.6639581572521291,0.5365428896910864,0.6639581572521291,0.5639876440050612,61.699407579705976,62.22968745854869,4615.78588475389,7.055631604489169,0.6240310813445601,0.059307606357334966,0.005302798788427126
C,0.2,1,0.9994954619482453,0.5639836030166585,0.7254686379613353,0.5639836030166585,0.9994954619482453,38.12160039512805,38.6455824349277,3671.5168449260213,2.8503240959736504,0.6461129158035146,0.023197972841872465,0.005239820397996482
C,0.2,1,0.3713504758357206,0.7356548544339921,0.6293188982674737,0.7356548544339921,0.3713504758357206,58.87696324568418,62.8595407994472,4185.16524823103,2.8564632463465496,0.6173544797417317,0.074416987248249,0.03982577553763022
C,0.2,1,0.912377776426145,0.9529941866416627,0.5395103468204432,0.9529941866416627,0.912377776426145,64.45860424168029,93.29892248777846,6881.365754795469,9.798760099328309,0.6471909136758843,0.0180357445133325,0.2884031824609816
C,0.2,1,0.3952773246839504,0.873583187658525,0.24989268806014675,0.873583187658525,0.3952773246839504,46.10027543723126,74.57950627673857,3212.7439992537966,-6.2358531373878625,0.5847105901516716,0.17731469735992234,-0.6236853137387863
C,0.2,1,0.3111879871323394,0.6926422406418644,0.6525950993238603,0.6926422406418644,0.3111879871323394,47.04378512290239,62.11033310757132,3128.712267385461,-5.667167538071427,0.5878464853870349,0.12663201994179946,-0.5668167538071427
C,0.2,1,0.5059551757628302,0.7419842052437815,0.7581903807079109,0.7419842052437815,0.5059551757628302,46.196232434607126,49.21993591985371,3758.143361885707,0.46477531760564084,0.6235306035909457,0.05034543910197612,0.030237034852465854
C,0.2,1,0.8913887013554862,0.3401154994788432,0.3161084044465669,0.3401154994788432,0.8913887013554862,86.85433420854697,91.16103502459234,6034.458497073035,11.20947950946209,0.6227848393382178,0.05912938567587827,0.04306700816045364
C,0.2,1,0.07561146438452176,0.8236589105251682,0.6492927349604934,0.8236589105251682,0.07561146438452176,84.79145454296795,91.1236915182283,5188.884041336686,8.112057167660819,0.6013838448538309,0.11736056025478885,0.06332236975260344
C,0.2,1,0.8826076912353317,0.7960772722308087,0.9470034285373784,0.7960772722308087,0.8826076912353317,27.189890607077928,27.204841244485966,2925.8860166810246,-1.41485556279968,0.6547986531491073,0.018632827288688016,-0.141585556279968
C,0.2,1,0.3911819201350972,0.3877192128699905,0.6677265906540343,0.3877192128699905,0.3911819201350972,36.96127973993447,37.156274138277965,2056.4598660115594,-10.351667058532833,0.605965836227214,0.07316474053751316,-1.0352667058532832
C,0.2,1,0.6050656041137844,0.9509896445416023,0.5883734630058638,0.9509896445416023,0.6050656041137844,50.95733287665969,56.94752797294107,4714.169824264871,5.021259469878234,0.6312226171618556,0.033294127160725204,0.059901950962813755
C,0.2,1,0.22563685406490264,0.4195906330833148,0.12529205924740433,0.4195906330833148,0.22563685406490264,41.492300493975875,50.9880881694043,1468.5650334813981,-15.231258037465524,0.5603357715263666,0.16578221241189675,-1.5232258037465525
C,0.2,1,0.9607537950557856,0.9093649774572101,0.5903304152936557,0.9093649774572101,0.9607537950557856,27.622217334879945,33.52238665594106,2990.497234585427,-5.556541191257169,0.6335030766386264,0.022816903286844898,-0.5557541191257169
C,0.2,1,0.9789243475832758,0.5288835678016861,0.46250851719971453,0.5288835678016861,0.9789243475832758,57.040281027852004,63.41806436618933,4959.829756450067,5.1099503188217605,0.6305657841256797,0.030546675881222805,0.06377783338337323
C,0.2,1,0.009556968087673923,0.48244566382805754,0.5771486853384893,0.48244566382805754,0.009556968087673923,1.1443986299770292,13.57108792566012,44.66456101533306,-28.986984975681917,0.6247549784384236,0.01315068705283544,-2.8987984975681917
C,0.2,1,0.7882767729134643,0.6716506537385735,0.1972662252109525,0.6716506537385735,0.7882767729134643,23.50824363483088,28.451238966107173,1831.951043824952,-13.501852733378676,0.6194553134555124,0.0349248585855372,-1.3502852733378676
C,0.2,1,0.4623132122488788,0.76562733389264,0.4319648474868284,0.76562733389264,0.4623132122488788,50.549366493664785,54.553117538763665,3649.469569666719,-0.7039624111345597,0.6126809129371681,0.06757462945399098,-0.07049624111345597
C,0.2,1,0.7441461023310207,0.07722015682626071,0.09939298152040821,0.07722015682626071,0.7441461023310207,4.170024028785738,29.024056631053075,181.61762988680482,-26.643447680156108,0.5760641608154335,0.07395281325647776,-2.6644447680156107
C,0.2,1,0.09512267468594171,0.6693164799217944,0.4005685058086332,0.6693164799217944,0.09512267468594171,46.39597966335863,48.14162978621575,2237.964379784762,-9.258169417958921,0.5863385757080768,0.12633601441494366,-0.9259169417958921
C,0.2,1,0.1072520626438086,0.7461986503800229,0.15494077733864609,0.7461986503800229,0.1072520626438086,36.19850373630428,37.65768671455735,1684.8975488922076,-13.591621607842976,0.5942862769569085,0.08684728581046398,-1.3592621607842976
C,0.2,1,0.9611657984235676,0.6874844354276233,0.9827990051106512,0.6874844354276233,0.9611657984235676,7.970127700510697,43.81547889792069,852.8234842302097,-21.014214970623076,0.5550952065664568,0.14732982123377633,-2.1015214970623077
C,0.2,1,0.548057059291214,0.9136840040906087,0.6839544999256194,0.9136840040906087,0.548057059291214,1.0288251041234078,26.255757329423897,92.78553407680445,-27.37318547854958,0.5822989801700441,0.0607483447374246,-2.737418547854958
C,0.2,1,0.8582272616791926,0.6737744878563128,0.6404436749142841,0.6737744878563128,0.8582272616791926,1.5623304522571793,43.28119894377883,144.6892657173819,-24.436846583771356,0.5417634810772479,0.16989871313492308,-2.443784658377136
C,0.2,1,0.41621240704695733,0.7093841729788053,0.8952927593729235,0.7093841729788053,0.41621240704695733,54.3636501392199,84.97904208870433,4276.361492289309,-0.8064959088480912,0.615486547866378,0.05813509254236294,-0.08074959088480912
C,0.2,1,0.476161315425761,0.7971536758015314,0.650055840501332,0.7971536758015314,0.476161315425761,59.47353908970868,61.63297964620609,4752.955481227156,6.989545576054638,0.6278663786403788,0.052998096574590814,0.021594405564974082
C,0.2,1,0.8441521082039237,0.739552684336622,0.19573505040346412,0.739552684336622,0.8441521082039237,38.13252934729617,81.44133240375088,3206.130287795412,-6.776738384014155,0.5797222000595562,0.22935888063253063,-0.6777738384014155
C,0.2,1,0.6264611294419278,0.868996526107086,0.31503410432035595,0.868996526107086,0.6264611294419278,38.4786644710209,38.9036567075206,3180.212957851292,-1.4065010979163166,0.6317714564024167,0.04297205198658161,-0.14075010979163166
C,0.2,1,0.6448940622473561,0.721801402805815,0.6371367387665545,0.721801402805815,0.6448940622473561,73.90532383451384,82.4902262854625,6227.498471531012,11.425551531847658,0.6340916360688499,0.04199111035014302,0.08584902450948662
C,0.2,1,0.9598246684387559,0.19729048011415917,0.9929627770616432,0.19729048011415917,0.9598246684387559,27.24413166479706,54.59207191755079,2252.5400888380896,-12.86006679230885,0.5677228817491572,0.15326342332550533,-1.2861066792308848
C,0.2,1,0.7762839836553364,0.8577721105839804,0.3353301733815077,0.8577721105839804,0.7762839836553364,32.027135296258,33.07864568049704,2885.198401389056,-3.2795702712189865,0.6378137350378297,0.030668804855465828,-0.32805702712189866
C,0.2,1,0.8977810334835076,0.5184906335042254,0.3643395486922602,0.5184906335042254,0.8977810334835076,34.59037163792313,34.90823788660501,2764.534174859791,-3.376444443190379,0.6335013033833709,0.0375787450229619,-0.3377444443190379
C,0.2,1,0.8370647949108869,0.406140902524534,0.5710539341990374,0.406140902524534,0.8370647949108869,16.995835771700897,19.720371264047685,1299.1044652635278,-16.410353815625058,0.6353020848711403,0.01759583631719895,-1.6411353815625058
C,0.2,1,0.4490970050667348,0.4637642991672649,0.7898464287024065,0.4637642991672649,0.4490970050667348,17.517835184283392,43.806937233507625,1145.477682656649,-19.112515110275556,0.5630629157632168,0.13371236699354963,-1.9113515110275556
C,0.2,1,0.04410337598024361,0.2852296049436338,0.28903626677642436,0.2852296049436338,0.04410337598024361,38.334621237284885,38.49125533812169,908.2451495009669,-19.411643948259005,0.5724777766766558,0.11417392899197283,-1.9412643948259007
C,0.2,1,0.8501510176850597,0.6639581572521291,0.5365428896910864,0.6639581572521291,0.8501510176850597,39.950404152460294,40.293760698409564,3560.3413056916406,1.790041953062583,0.6398675458843176,0.031359286748091394,0.0034335654594926978
C,0.2,1,0.9996704361196702,0.5583289448207581,0.036362033385186066,0.5583289448207581,0.9996704361196702,33.16363602105664,33.283738021562996,2613.593650531292,-3.562253970544266,0.6361659060482323,0.03400261555259471,-0.35632539705442656
C,0.2,1,0.8421069908698968,0.5319792477767156,0.28653329076291495,0.5319792477767156,0.8421069908698968,42.76988415675647,44.32446098812585,3244.8503537400434,-1.9385844291010452,0.6231948538722123,0.048613905711636735,-0.1939584429101045
C,0.2,1,0.8717168581724198,0.6286366150677695,0.5298249716568902,0.6286366150677695,0.8717168581724198,2.3605435054712407,18.316044068329695,208.34935475544629,-27.44125177912793,0.6094787694112287,0.02541737018506468,-2.744225177912793
C,0.2,1,0.5783089365851496,0.34091260325152495,0.7048328394596657,0.34091260325152495,0.5783089365851496,87.21447728417496,88.72818618344576,5545.261996915388,10.850043555752674,0.610719188428419,0.08889303170043525,0.01513708899270796
C,0.2,1,0.8239583116412242,0.7356548544339921,0.6707979665063378,0.7356548544339921,0.8239583116412242,28.40682974222305,29.03227874230656,2691.5643742707803,-4.102988332901646,0.6435668995781635,0.025258315622524594,-0.4103988332901646
C,0.2,1,0.7771342329483854,0.8235992322358078,0.8993390134439726,0.8235992322358078,0.7771342329483854,51.56570595075137,60.574538863694784,5286.523836493039,6.8633863682796985,0.634931411565475,0.02327824256970511,0.09008832912943411
C,0.2,1,0.29811164512769134,0.6535964134607833,0.7831481128458639,0.6535964134607833,0.29811164512769134,58.162518071065975,70.54138182157914,3906.433514444533,-0.5690921955575166,0.608868622580424,0.08875172958314925,-0.05700921955575165
C,0.2,1,0.7370176874315255,0.7180638744938516,0.30987109032814936,0.7180638744938516,0.7370176874315255,37.58026242755913,38.03957714354767,3025.2432698640587,-2.2370461797559607,0.6310030879840136,0.0425507685725156,-0.22380461797559606
C,0.2,1,0.7339904855983799,0.873583187658525,0.6027155674187753,0.873583187658525,0.7339904855983799,34.08424934807578,47.010870765218534,3253.224788381235,-6.142042037978661,0.6102922905758545,0.0522543680321271,-0.6143042037978661
C,0.2,1,0.9994954619482453,0.5898013537036072,0.5210238372662063,0.5898013537036072,0.9994954619482453,52.682619353620005,53.55033864657208,4872.638471266797,9.356534411710662,0.6452054626175648,0.025396440263244786,0.008677192929520744
C,0.2,1,0.8283073534609893,0.7574763105892263,0.08161081037140588,0.7574763105892263,0.8283073534609893,51.651525345616854,54.51061522448932,4200.790326827118,3.0339972580050247,0.627267491728305,0.039015715768027,0.028590898788724672
C,0.2,1,0.6880799898477434,0.7828141141873406,0.6706423895976921,0.7828141141873406,0.6880799898477434,40.27406034415537,40.64547744218999,3637.1811969887167,1.7994436500408248,0.6389122429740272,0.03405650732681564,0.0037141709803461963
C,0.2,1,0.7136320504616672,0.5757477759570196,0.3623443098601613,0.5757477759570196,0.7136320504616672,19.288477457693798,21.555898779792344,1418.2354371306326,-15.274702337374062,0.632449641504714,0.021584654155297676,-1.5275702337374062
C,0.2,1,0.5059551757628302,0.6064385921193394,0.3232054983767901,0.6064385921193394,0.5059551757628302,43.42167420438123,44.128005031755166,2765.953085087723,-5.05706949114972,0.6102754393200978,0.0779470557703835,-0.505806949114972
C,0.2,1,0.6479365461705169,0.54478203367514,0.8024229819146431,0.54478203367514,0.6479365461705169,53.388494146558806,54.09285099433367,4254.876312754444,4.8256307268342455,0.6294579351521312,0.049378593640160943,0.007043568477748678
C,0.2,1,0.9748348234793552,0.6087988690127578,0.5179142876262937,0.6087988690127578,0.9748348234793552,26.697473988182608,39.49301570361759,2459.626046156166,-11.639716611093442,0.6034359874316149,0.05989721202522966,-1.1640716611093442
C,0.2,1,0.7393863331863959,0.9092528846679497,0.48698765768141994,0.9092528846679497,0.7393863331863959,39.12559822249835,45.001967386301786,3701.5418684251217,-1.2073748384503364,0.6279346694112973,0.028416112475027552,-0.12083748384503364
C,0.2,1,0.9789243475832758,0.5288835678016861,0.5625418588606884,0.5288835678016861,0.9789243475832758,56.231222732195405,59.73852807022615,5030.104550413416,7.376490248205486,0.6351884762831222,0.02850836419572517,0.03507305338030747
C,0.2,1,0.7260295829503098,0.8218081380353938,0.5663116758462593,0.8218081380353938,0.7260295829503098,37.249254188365676,41.244857579073745,3410.157224652771,-2.1060528945615,0.6291962284277545,0.032985554379483875,-0.21070528945615
C,0.2,1,0.8992756649976736,0.8978368254215815,0.4319648474868284,0.8978368254215815,0.8992756649976736,42.302284488517316,54.553117538763665,4257.92568806483,-0.48514241829031113,0.6218862909434741,0.021216863766872294,-0.04861424182903111
C,0.2,1,0.6403279190869282,0.639905601599114,0.3516979624067724,0.639905601599114,0.6403279190869282,37.91936502310209,46.0190288361483,2760.686194644849,-8.171797844973222,0.6015988183389895,0.0755736129987273,-0.8172797844973221
C,0.2,1,0.7870910665013425,0.7283598709365229,0.4205691645488918,0.7283598709365229,0.7870910665013425,32.711176254384505,39.58923971236269,2822.5419376880627,-7.496593377248807,0.6158334013057897,0.04689959133767674,-0.7497593377248808
C,0.2,1,0.9870130424601748,0.5367319153504145,0.3769540588080903,0.5367319153504145,0.9870130424601748,42.296689378865835,42.531622209018636,3621.0660770440895,2.605954771571697,0.6391627410549886,0.03143739082287842,0.0023493283015280043
C,0.2,1,0.9248428782171781,0.8495705189927378,0.7416520584588043,0.8495705189927378,0.9248428782171781,11.51251824725055,48.55390554167529,1234.8554020801978,-18.54176366956116,0.5537163528721013,0.16491913078613218,-1.8542763669561162
C,0.2,1,0.8382206945529652,0.5756274645201611,0.6444280212210994,0.5756274645201611,0.8382206945529652,49.66513435108226,52.96458921443915,4311.088044958557,3.4621750573359695,0.6305070301709695,0.034432144899173865,0.032994548633568925
C,0.2,1,0.723329354971956,0.7295432601821209,0.6013824155652097,0.7295432601821209,0.723329354971956,1.2172817494203663,28.07512983932886,106.72906190523146,-27.071385922374848,0.5775096984325414,0.07011725233147277,-2.707238592237485
C,0.2,1,0.8966089168453755,0.5217141557312225,0.5469340229027319,0.5217141557312225,0.8966089168453755,44.71903997638347,47.61039963034502,3782.761419964783,0.4594041761894919,0.6280687967773841,0.03524396214128629,0.028913596539615512
C,0.2,1,0.7370176874315255,0.7180638744938516,0.5892847625835538,0.7180638744938516,0.7370176874315255,93.24686412513378,94.38654900612731,8157.813539483163,24.627407633105125,0.6382207112203057,0.03570863586260743,0.011396848809935278
C,0.2,1,0.8639950719029241,0.739552684336622,0.6361758521139504,0.739552684336622,0.8639950719029241,12.813107214358121,27.226714451563982,1231.1062012100776,-19.689281203100144,0.6041880713372066,0.04328470855909297,-1.9690281203100146
C,0.2,1,0.7932324115353762,0.7760001770568444,0.20224672380728964,0.7760001770568444,0.7932324115353762,35.11773268685636,38.79600966695656,2932.955688070683,-5.2611102185801295,0.6231718152356793,0.04131495815733703,-0.5262110218580129
C,0.2,1,0.6448940622473561,0.4329566908200111,0.6373376818111627,0.4329566908200111,0.6448940622473561,41.219299372224114,48.816435055961115,2878.177961157391,-7.22304870125107,0.5998550264419454,0.08287057923495413,-0.722404870125107
C,0.2,1,0.4785936145231966,0.6452602649276193,0.579469705446606,0.6452602649276193,0.4785936145231966,15.001956397374858,42.55788817717795,1060.3298261948269,-19.82176262178171,0.5634019461836939,0.12926038783042273,-1.9822762621781709
C,0.2,1,0.8283380664501586,0.6818472489556486,0.5056117565944866,0.6818472489556486,0.8283380664501586,14.883969634652708,16.549446220488445,1312.0153696618167,-15.351946375187174,0.6489300462081811,0.01126799518282439,-1.5352946375187173
C,0.2,1,0.20776422591165267,0.5182220280741555,0.6932915818063414,0.5182220280741555,0.20776422591165267,80.3051159679375,85.1201962049758,4306.892037786769,3.4765350181782213,0.5917534343804917,0.1469235290919311,0.04815080237038302
C,0.2,1,0.9727912526504453,0.19729048011415917,0.7707295386706177,0.19729048011415917,0.9727912526504453,36.52729282837839,54.59207191755079,2840.8124930540207,-9.50394319338555,0.5848072771507755,0.1118290317586909,-0.950494319338555
C,0.2,1,0.6501153614370537,0.8125164563820767,0.6565815707315635,0.8125164563820767,0.6501153614370537,7.865582278830326,23.12766874471755,704.332454518396,-23.400839863500106,0.6047463291463218,0.0363555008201573,-2.3401839863500107
C,0.2,1,0.7165607334062543,0.6877897957617349,0.593072857652927,0.6877897957617349,0.7165607334062543,1.5422675121413314,20.058147748339334,131.1611348569871,-27.83096140783242,0.6018954638195276,0.03249687301682415,-2.783196140783242
C,0.2,1,0.9737804314568463,0.6321425053601645,0.582220180189307,0.6321425053601645,0.9737804314568463,5.422565056667966,18.204353248468983,514.3392501538126,-25.089390604817197,0.6166964776546667,0.02182463267124406,-2.5090390604817197
C,0.2,1,0.950165693063059,0.6003278520704532,0.1252550945922713,0.6003278520704532,0.950165693063059,50.69624009941294,63.459186030135406,4088.9587105620367,-1.7377077781993122,0.6117947335442679,0.037444653808641704,-0.1738707778199312
C,0.2,1,0.9899152297008116,0.48791754787724856,0.15647734021349963,0.48791754787724856,0.9899152297008116,30.138829796153498,30.461162338341687,2344.908625621333,-5.779266553656231,0.6357276640349679,0.031652055419828205,-0.5780266553656231
C,0.2,1,0.5585321537774447,0.79136210226183,0.8563255143303934,0.79136210226183,0.5585321537774447,60.2777182845768,61.327372162571734,5358.860986792759,11.331714487360161,0.6366094947652194,0.03915316303118276,0.010496538779949348
C,0.2,1,0.4655940121224571,0.7121159367229705,0.3775843516544557,0.7121159367229705,0.4655940121224571,40.99304518082321,50.12635905847744,2800.8541668198536,-7.645267035646767,0.5955261471885975,0.09393331518764765,-0.7646267035646768
C,0.2,1,0.9025225054055668,0.6639581572521291,0.5992282873560285,0.6639581572521291,0.9025225054055668,81.63254324363865,87.9076110225034,7616.703248746468,18.439797312950326,0.6451207377645706,0.02679128300507889,0.06275067778864753
C,0.2,1,0.726142228416547,0.5856720617989717,0.7267909535002117,0.5856720617989717,0.726142228416547,29.55774085763033,30.719365738323006,2475.7708087070614,-6.7027132276756225,0.632489018811167,0.03414510712385839,-0.6703713227675623
C,0.2,1,0.5750612931084431,0.7256383880693656,0.3872486177977704,0.7256383880693656,0.5750612931084431,88.7073142308428,88.72818618344576,6627.873387521005,17.880672084185868,0.6244002340669503,0.05836508957889452,0.00020871952602959708
C,0.2,1,0.3010978188016198,0.67958527134172,0.0898179257133988,0.67958527134172,0.3010978188016198,46.68111909039049,54.83658587438421,2393.789238212645,-9.393283213340974,0.5777566620358302,0.14260366386416432,-0.9394283213340973
C,0.2,1,0.9994954619482453,0.5639836030166585,0.6055429503154761,0.5639836030166585,0.9994954619482453,27.934325997174227,41.64207538261676,2606.6225490094175,-10.876377294681369,0.6023460150952342,0.06331780562844573,-1.0877377294681367
C,0.2,1,0.6227960078639488,0.873583187658525,0.7648759012288884,0.873583187658525,0.6227960078639488,52.669713712798426,53.25433853663925,4947.838060286422,9.555533733296784,0.6417534004033958,0.03220357451045623,0.0058462482384082646
C,0.2,1,0.5150694461295248,0.846578767112167,0.6398637703341649,0.846578767112167,0.5150694461295248,6.743243898875807,37.60786274135878,566.9652369532973,-23.171500871312418,0.5633181565492719,0.1148736000507119,-2.317250087131242
C,0.2,1,0.5857955764761793,0.22395961115250917,0.35050456176114064,0.22395961115250917,0.5857955764761793,79.64672511296554,80.45977065886166,3922.6309539287504,2.445812484176222,0.5905552740336346,0.14999687703982612,0.008130455458961166
C,0.2,1,0.46913402128473336,0.530399106856182,0.5154581743030486,0.530399106856182,0.46913402128473336,10.911052675234135,62.11033310757132,685.9027128818685,-18.41916309348061,0.5198629805559482,0.29544198776512315,-1.842016309348061
C,0.2,1,0.7567142027645797,0.7821567855991188,0.6706423895976921,0.7821567855991188,0.7567142027645797,34.31348203695724,42.50266718915857,3215.502990537682,-5.186392653813497,0.619236372738013,0.040640685447366404,-0.5187392653813497
C,0.2,1,0.9289704029633359,0.7839749773111511,0.5113209355624277,0.7839749773111511,0.9289704029633359,5.850230390347242,17.60094164362142,575.8398879455383,-24.523488389673414,0.6205340174408172,0.019445585872580277,-2.4524488389673413
C,0.2,1,0.3997807107098765,0.7122556255133742,0.6427411536432106,0.7122556255133742,0.3997807107098765,46.77668316505921,47.42634660362263,3352.5010509052404,-1.3321983592222142,0.6170372688390912,0.07178607820228064,-0.1333198359222214
C,0.2,1,0.5734510197452733,0.5391748733247175,0.4530156133716062,0.5391748733247175,0.5734510197452733,52.695225920206056,56.94752797294107,3528.2976422996476,-1.8142021665897836,0.6060961194447408,0.07931356621647481,-0.18152021665897836
C,0.2,1,0.7362368096589025,0.7391313312491934,0.6145852437143995,0.7391313312491934,0.7362368096589025,38.17818922351338,38.825465426366634,3402.9379961093073,0.16303330048963408,0.637307496355,0.03404078386860355,0.006472762028532557
C,0.2,1,0.6307680768045967,0.8859870838366197,0.5835968094050487,0.8859870838366197,0.6307680768045967,74.94688152058559,76.5215919944801,6777.272489272499,18.344368893037046,0.6394009249370908,0.03483338565725427,0.015747104738945125
C,0.2,1,0.6156195132216516,0.6146258808030796,0.999678588944075,0.6146258808030796,0.6156195132216516,44.117289718813716,46.653957539511524,3816.332372024776,1.0795560975840341,0.629264362599387,0.04131785340633512,0.02536667820697808
C,0.2,1,0.7393863331863959,0.27763221150735384,0.3666662223860127,0.27763221150735384,0.7393863331863959,80.34643905955397,83.57230087329346,4822.199058486998,5.799933986451603,0.6087959099125642,0.09232305401557642,0.03225861813739485
C,0.2,1,0.43053666791409195,0.7975172076480763,0.4319648474868284,0.7975172076480763,0.43053666791409195,51.675938105807006,54.553117538763665,3731.096521272694,0.30778928696257907,0.6150271508195375,0.06859581738670541,0.02877179432956659
C,0.2,1,0.634926375927413,0.6386018122926385,0.9948061976289282,0.6386018122926385,0.634926375927413,11.420228859120328,44.36819362653576,1011.2220295855341,-19.994633975689645,0.5579726943586283,0.14393292628709947,-1.9995633975689646
C,0.2,1,0.45599552552865114,0.45834850194182764,0.35218431317786525,0.45834850194182764,0.45599552552865114,51.452370109155574,54.915836296435394,2805.2763061320065,-5.9646700787008955,0.5901615341480209,0.12233807098707133,-0.5965670078700895
C,0.2,1,0.1942864917061643,0.4704039496555381,0.9368050959357157,0.4704039496555381,0.1942864917061643,20.795436109533377,27.275168248378804,1178.1581432881528,-18.52515505448573,0.6061865535722588,0.046918159126409696,-1.8526155054485731
C,0.2,1,0.6791412685711157,0.5924815267663445,0.46121660521937535,0.5924815267663445,0.6791412685711157,58.52353055411117,58.77041668818029,4395.793378002294,6.175718909110097,0.6259601811164246,0.0548594243739543,0.0024688613406912197
C,0.2,1,0.9575209522021404,0.5131518707634966,0.22598694344708958,0.5131518707634966,0.9575209522021404,31.803731393870322,42.30970321293787,2518.324872691031,-11.054494573472299,0.6001789842220036,0.06733867460416962,-1.1055494573472298
C,0.2,1,0.3035469283459901,0.6760107406245708,0.86319423955975,0.6760107406245708,0.3035469283459901,44.19677803307769,47.05437025570639,3118.4247484358825,-3.6497664248251898,0.6105316185859416,0.07907640447592328,-0.365076642482519
C,0.2,1,0.7441461023310207,0.6359684666498133,0.7416520584588043,0.6359684666498133,0.7441461023310207,50.624291486730066,53.00220415164486,4432.006360987226,4.947783903773341,0.6336539902332757,0.03607380342591951,0.023779126649147955
C,0.2,1,0.7281817299699239,0.3271964643041914,0.595779077483534,0.3271964643041914,0.7281817299699239,63.711570372480416,68.40438215302834,4310.940620242421,2.4824827975303796,0.6179392201399018,0.07071195141542835,0.0469281178054792
C,0.2,1,0.20562119475113538,0.9338043817018049,0.6035604139163177,0.9338043817018049,0.20562119475113538,3.0919368736801283,7.106709530048389,222.8058652144917,-27.646327789524438,0.6651750520702796,0.002239575170115382,-2.764732778952444
C,0.2,1,0.13942159354742223,0.5450583099295946,0.8595868883978398,0.5450583099295946,0.13942159354742223,8.282209490283849,9.2288797134301,461.43226474459993,-25.76454264985642,0.6558606977259532,0.004311813742157811,-2.576554264985642
C,0.2,1,0.5897135176720364,0.572503554672095,0.5176173126452065,0.572503554672095,0.5897135176720364,83.90179239364073,85.1201962049758,5961.330283630921,13.492552501833197,0.6202915053904053,0.06656427786900522,0.012184038113350653
C,0.2,1,0.19115507186192915,0.3740122354848753,0.31192922737576967,0.3740122354848753,0.19115507186192915,59.84557351621073,66.1138766947915,2157.827669758388,-9.123164877978281,0.5619017101443234,0.23097958068674254,-0.912416487797828
C,0.2,1,0.6683416063041842,0.4538132486909707,0.05535580186389866,0.4538132486909707,0.6683416063041842,10.33160183010154,11.26379092231597,593.9807102723585,-21.47544175549046,0.6557514347643305,0.0061731725217593295,-2.147644175549046
C,0.2,1,0.9465156416214701,0.5520920201744641,0.1890032099788717,0.5520920201744641,0.9465156416214701,38.30955554832838,38.9036567075206,3051.565397523542,-1.6925353211902794,0.6319763943960086,0.0387519948180302,-0.16935353211902793
C,0.2,1,0.28519670739179004,0.6330304686323612,0.7452357986724101,0.6330304686323612,0.28519670739179004,60.81723750400653,65.6088182976984,3925.2815764534,1.2126103746977612,0.6081838427967211,0.09733809324979716,0.04791580793691878
C,0.2,1,0.5621101754697964,0.5637890208885755,0.7693806232931079,0.5637890208885755,0.5621101754697964,43.82506431624035,48.72897236517307,3310.084117187687,-3.3596970007064444,0.6124367175671436,0.0644796809789082,-0.3360697000706444
C,0.2,1,0.4990420657198501,0.7076482376333942,0.4167426812361861,0.7076482376333942,0.4990420657198501,30.803906334980102,31.307508777720926,2179.4713169558017,-9.022926955440608,0.6236091828017557,0.04449431535467314,-0.9023926955440608
C,0.2,1,0.6935384332582605,0.5549704500454378,0.5310060721588029,0.5549704500454378,0.6935384332582605,46.405101966914216,48.86325502892521,3512.8938749048125,-1.0520342787242503,0.6195753411108051,0.05381326414885094,-0.10530342787242501
C,0.2,1,0.6602864862223765,0.7073125481331374,0.37763269357153095,0.7073125481331374,0.6602864862223765,7.810649194938771,51.46812233952305,607.8307271850726,-20.862993705032626,0.534429553063645,0.21379770889131552,-2.086399370503263
C,0.2,1,0.5585321537774447,0.5325883562618492,0.4599748663624526,0.5325883562618492,0.5585321537774447,20.142809352664514,20.62727255849812,1330.5412717290837,-15.459012009198169,0.6343485594844053,0.02164748112717484,-1.5460012009198167
C,0.2,1,0.5538550667234731,0.40392517796263433,0.7313386267363463,0.40392517796263433,0.5538550667234731,43.60313913329438,48.69751380018681,2885.3277607868877,-6.2665581631675025,0.6014792898261058,0.08628994160915396,-0.6267558163167503
C,0.2,1,0.330729522502528,0.9055749814166798,0.4053997506815141,0.9055749814166798,0.330729522502528,47.925917331333515,50.16305520077498,3448.280245991999,-1.1884666866863214,0.61451177182556,0.07313842109312603,-0.11894666866863213
C,0.2,1,0.44043610537617905,0.7391313312491934,0.6145852437143995,0.7391313312491934,0.44043610537617905,60.50590814827039,71.78699714012062,4498.190906393923,2.397407642203866,0.6216269419125926,0.06451833383980991,0.11281088991850226
C,0.2,1,0.7719971584440797,0.6110506751714269,0.3775843516544557,0.6110506751714269,0.7719971584440797,31.96280674970605,32.93707407594843,2512.020923163713,-6.150488909122981,0.6294296783250112,0.038629160388047215,-0.6151488909122981
C,0.2,1,0.6688904484680513,0.8235992322358078,0.7342077789474817,0.8235992322358078,0.6688904484680513,31.986835710849963,32.89126240588076,2974.1257009111914,-2.9227998998949403,0.6387639869154921,0.031422023295728324,-0.292379989989494
C,0.2,1,0.8090935286609224,0.6544205276469921,0.519010089614769,0.6544205276469921,0.8090935286609224,37.948646550340754,38.574790502077974,3269.3121433855154,-0.575708901870407,0.635642804890339,0.035362257980921345,-0.057670890187040705
C,0.2,1,0.4862381237403896,0.6492715433850792,0.5395103468204432,0.6492715433850792,0.4862381237403896,47.26093996950231,55.78304413398227,3320.7068634904754,-4.159749528473676,0.6005474510553499,0.0861503545126865,-0.4160749528473676
C,0.2,1,0.48722725355349106,0.9281110524814065,0.37626822199391363,0.9281110524814065,0.48722725355349106,49.353320165966466,50.03844751171711,3956.8343787534604,2.9755851567665372,0.6286017396032961,0.05094323849157992,0.006851273457506437
C,0.2,1,0.5161140323735437,0.873583187658525,0.7648759012288884,0.873583187658525,0.5161140323735437,40.01038223654884,41.36632673892583,3545.1902776199345,0.1460024253894542,0.6329467711277686,0.040106314174156124,0.013559445023769854
C,0.2,1,0.46913402128473336,0.5770745367090558,0.6525950993238603,0.5770745367090558,0.46913402128473336,22.339415201020152,22.65974109492034,1533.049190242859,-14.225074017307474,0.6313207609708892,0.026448391841389123,-1.4226074017307473
C,0.2,1,0.20693544111237272,0.6956773300161403,0.5469829341634711,0.6956773300161403,0.20693544111237272,4.345080104524433,22.382649281797256,255.5133563147108,-26.593813020379496,0.5974511000536216,0.0400281338102027,-2.6594813020379497
C,0.2,1,0.397957362654598,0.6928028232340545,0.6111808357613764,0.6928028232340545,0.397957362654598,50.28295993148819,52.77625708865882,3510.632072982155,-0.9936328998787034,0.6118469580503398,0.07737793944641284,-0.09946328998787034
C,0.2,1,0.6104171020176179,0.8417063005232895,0.6533432127807502,0.8417063005232895,0.6104171020176179,35.452845885749426,40.64547744218999,3153.1672656990518,-4.241909970354977,0.6230762712856902,0.04259351561730773,-0.4242909970354978
C,0.2,1,0.5059551757628302,0.8385297904008796,0.6214287635845621,0.8385297904008796,0.5059551757628302,48.70097029600372,49.21993591985371,4030.4907139384723,3.520873267666519,0.6310069738672781,0.04754324501117137,0.005189656238499936
C,0.2,1,0.46438568367281124,0.7854598392643323,0.6179896516674226,0.7854598392643323,0.46438568367281124,22.95996950571334,24.87467376407444,1789.5463436027187,-12.669931591796312,0.62964128972417,0.029237243248954856,-1.267093159179631
C,0.2,1,0.5414129852850622,0.8859870838366197,0.482049385308717,0.8859870838366197,0.5414129852850622,55.63535758353283,57.94366874176483,4641.170411131529,6.312219953713254,0.6312596418540616,0.045047820974722645,0.023083111582320015
C,0.2,1,0.6156195132216516,0.8085333468536038,0.6093071274992106,0.8085333468536038,0.6156195132216516,28.992914527952507,30.65995694556357,2506.156844066471,-6.860521079085527,0.6322096961599125,0.03411005192825099,-0.6861521079085527
C,0.2,1,0.71208850203901,0.7538108516936621,0.6593963264346265,0.7538108516936621,0.71208850203901,22.09664328891256,48.36054119423267,1983.8338911250476,-14.551613856096541,0.5727461045935388,0.12862563012059205,-1.4552613856096541
C,0.2,1,0.3911819201350972,0.5398882253687483,0.7371223097718768,0.5398882253687483,0.3911819201350972,64.42455967177453,78.39129542257805,4186.408713163378,0.4821689694497916,0.6100793342710588,0.09176534309513644,0.04811689694497916
C,0.2,1,0.5654449157150745,0.8296553238630098,0.2987397004017309,0.8296553238630098,0.5654449157150745,3.9816807032859134,31.472865482740865,307.4793376637553,-25.456044361391477,0.5726510267933054,0.0847093106539284,-2.5457044361391477
C,0.2,1,0.7413516279976019,0.9236949166851697,0.811735558133446,0.9236949166851697,0.7413516279976019,29.794423260755682,33.27952206786659,3085.0848949277033,-3.4810110182128806,0.638187580800436,0.025181753434591447,-0.34820110182128805
C,0.2,1,0.8013384481126051,0.6003843052795836,0.6716591069331579,0.6003843052795836,0.8013384481126051,45.4293887831264,54.553117538763665,3946.796963965255,-1.2453762446647243,0.6172056882278161,0.03527457640640341,-0.12463762446647242
C,0.2,1,0.8837986975976593,0.6977777503210486,0.9368050959357157,0.6977777503210486,0.8837986975976593,4.8361167594584105,19.376518085547147,495.6968889272371,-25.17185517958032,0.6121529321322716,0.025863918124514752,-2.5172855179580322
C,0.2,1,0.19098812475056648,0.7460624390937562,0.46121660521937535,0.7460624390937562,0.19098812475056648,51.02986015136269,60.58341519631646,2979.2734329823415,-5.398073507455314,0.5854144344356164,0.13766443450090238,-0.5399073507455314
C,0.2,1,0.8966089168453755,0.26804832614862784,0.6182650177498534,0.26804832614862784,0.8966089168453755,27.520070391597695,38.37122592441395,2027.9398856924122,-14.06345626176092,0.5963279891328999,0.0694148941640473,-1.4064456261760918
C,0.2,1,0.7441461023310207,0.9335648265265476,0.5777860935009215,0.9335648265265476,0.7441461023310207,48.409435746848814,48.55390554167529,4760.109439834716,9.383398316622445,0.6470832741863137,0.02572596377462268,0.0014446979482647749
C,0.2,1,0.9575209522021404,0.8456846110432271,0.8262438582180597,0.8456846110432271,0.9575209522021404,41.468442470651894,43.99654858525358,4595.382455641125,6.800610470390939,0.6506398807733671,0.01628394749550954,0.025281061146016838
C,0.2,1,0.6617679427793843,0.3271964643041914,0.4891534246004768,0.3271964643041914,0.6617679427793843,31.527681789592766,34.0260328655409,1944.5345943155478,-11.84714455197704,0.6102514729040491,0.05529260801452496,-1.184814455197704
C,0.2,1,0.6073387445758031,0.8782333597603478,0.6839544999256194,0.8782333597603478,0.6073387445758031,45.85316977963278,46.19446129596378,4189.946541166425,5.105263968881249,0.6396702074852704,0.03472342035861553,0.0034129151633099752
C,0.2,1,0.6962774709284194,0.7423596965592412,0.563975360391261,0.7423596965592412,0.6962774709284194,27.954056826535158,33.188984792057255,2404.9222384643563,-9.404514858080944,0.6208502257089683,0.04024885367597412,-0.9405514858080943
C,0.2,1,0.5335764211155714,0.7947419156718128,0.7725574443898917,0.7947419156718128,0.5335764211155714,42.729928236132594,45.18731295677493,3663.2304642099484,0.2417842127057504,0.6283377036543029,0.04333866524220484,0.02407842127057504
C,0.2,1,0.6976685438949858,0.5425614767272883,0.6965258673911113,0.5425614767272883,0.6976685438949858,64.63523141500588,66.1138766947915,5133.630485171964,9.452539068195641,0.6300498708464799,0.04796485200938161,0.014786452797856241
C,0.2,1,0.6264611294419278,0.868996526107086,0.31503410432035595,0.868996526107086,0.6264611294419278,43.765886047892934,44.45534051696696,3617.195134882481,1.177663418770739,0.6313451794459606,0.04325505074256417,0.0068945446907402895
C,0.2,1,0.4813112725000556,0.6471540088153775,0.6984314254520743,0.6471540088153775,0.4813112725000556,51.95596437953712,60.352662431202354,3838.7170545368817,-0.7912530218903906,0.6086379432805353,0.06468964004594742,-0.07922530218903906
C,0.2,1,0.6651922762940883,0.9718340247488646,0.4545969403755066,0.9718340247488646,0.6651922762940883,43.85929961003528,58.15896753643289,4088.3989355909016,-1.267290736566196,0.614599843601283,0.030950260863432267,-0.1268290736566196
C,0.2,1,0.3939070232939623,0.6553638500531139,0.6240730270161198,0.6553638500531139,0.3939070232939623,63.426185553498,70.52340689707599,4317.126745701068,2.5606288283907874,0.6141466349211311,0.08162573151291919,0.07097221343577985
C,0.2,1,0.49754084287969985,0.5943609294323664,0.05908286580842037,0.5943609294323664,0.49754084287969985,58.42281991606876,58.9759135253246,3275.893721222473,-1.362791613405575,0.5993387619726739,0.11574174578851826,-0.1363791613405575
C,0.2,1,0.9388971982022336,0.6835207468265739,0.5710539341990374,0.6835207468265739,0.9388971982022336,8.26159599895466,51.46812233952305,788.133502613264,-20.12697493378181,0.5380993993039388,0.2060962071103445,-2.012797493378181
C,0.2,1,0.37727113465864864,0.7871262170731721,0.4670584285369978,0.7871262170731721,0.37727113465864864,40.25102152886292,44.18386700353828,2813.3986151924137,-6.033223014645622,0.6085514981113249,0.07453208610502002,-0.6034223014645622
C,0.2,1,0.3916387776765361,0.7826264607853994,0.6979176296600962,0.7826264607853994,0.3916387776765361,6.067858600774546,21.509537550525327,462.13540863372145,-25.133763196483333,0.6047838696667509,0.03372396203993228,-2.5134763196483334
C,0.2,1,0.8448800065439728,0.4096979955663419,0.8563255143303934,0.4096979955663419,0.8448800065439728,20.456658756174892,21.022337409892316,1721.1626743802888,-11.413052474495627,0.6441852394383312,0.018114394758061817,-1.1414052474495626
C,0.2,1,0.5233256833823324,0.5848922842388635,0.7326068920970243,0.5848922842388635,0.5233256833823324,0.8549187379491612,19.550577157269007,63.02979930267599,-28.344937002619524,0.6022163107310187,0.03136538161750281,-2.8345937002619523
C,0.2,1,0.7981333036717166,0.9067657746720532,0.8196711784204767,0.9067657746720532,0.7981333036717166,56.36948540019221,62.95541669130028,5960.3252483983,11.57620711071142,0.6466413393366587,0.020860866656567587,0.06585931291108067
C,0.2,1,0.6070716683756484,0.7706986833712296,0.6002032232069011,0.7706986833712296,0.6070716683756484,31.27758024800799,38.24627350996192,2623.988748978631,-8.462101512987688,0.6139673744112845,0.05195281920056244,-0.8463101512987687
C,0.2,1,0.8213318463185875,0.4273662667955163,0.5040073683526395,0.4273662667955163,0.8213318463185875,21.959500087314282,25.795954247901566,1647.733062431588,-14.439673875157835,0.6232254319847518,0.029871451301019748,-1.4440673875157835
C,0.2,1,0.3515603589998774,0.5966397614238239,0.6145852437143995,0.5966397614238239,0.3515603589998774,60.58948026407515,74.75221354565323,3803.482636505913,-1.5421189196503686,0.6051285287211332,0.10359400832881364,-0.15431189196503686
C,0.2,1,0.8464261461238495,0.7737983739422818,0.43935419111749374,0.7737983739422818,0.8464261461238495,40.322553627479216,44.28736948082725,3709.47657826599,-0.3737011176115884,0.6308370414952978,0.02843207012256765,-0.037470111761158845
C,0.2,1,0.765651944251297,0.7092252380479144,0.8372246619202183,0.7092252380479144,0.765651944251297,44.31479814494047,44.92390579216986,4195.480278482419,5.305888496891304,0.6434460594296185,0.02901164578593199,0.006091076472293935
C,0.2,1,0.7147926800731057,0.873583187658525,0.7648759012288884,0.873583187658525,0.7147926800731057,41.2334094175942,41.5721186755968,4063.1686528857917,4.851662480162754,0.6464525719028967,0.026653817331434716,0.00338709258002595
C,0.2,1,0.8039590468285748,0.6142913710714616,0.6525950993238603,0.6142913710714616,0.8039590468285748,51.47587089360045,56.73346182530712,4490.106297295643,3.443169334292444,0.6273209303137882,0.034754609825151384,0.05257590931706666
C,0.2,1,0.8860608036122389,0.7865939400720735,0.37095237909978346,0.7865939400720735,0.8860608036122389,8.763174045777724,41.012134323533886,814.1562383887359,-21.618349502639695,0.5602378766595792,0.1297017566494806,-2.1619349502639698
C,0.2,1,0.9345948987187919,0.7161338028880252,0.008381334142172236,0.7161338028880252,0.9345948987187919,25.78788541532284,43.64257257211101,2133.843552553209,-14.172770984838948,0.5855738821210005,0.09362184978109343,-1.4173770984838947
C,0.2,1,0.8106564147491337,0.8052796664887206,0.7581903807079109,0.8052796664887206,0.8106564147491337,46.196232434607126,49.21993591985371,4608.146416838254,5.991265600246298,0.6418628722757467,0.024129859921501583,0.030237034852465854
C,0.2,1,0.8758755169069006,0.25884462627441795,0.5500705734460174,0.25884462627441795,0.8758755169069006,6.70350937598774,12.88157918249136,472.51543711066427,-24.8475626080557,0.6392144632663231,0.008843455833570872,-2.48485626080557
C,0.2,1,0.9796049033183885,0.5434366559244977,0.5113209355624277,0.5434366559244977,0.9796049033183885,46.438823605329574,46.79668604420507,4130.041483970716,5.552464060825777,0.6420449581311065,0.028793652689210223,0.0035786243887549318
C,0.2,1,0.7393863331863959,0.818479759704642,0.3666662223860127,0.818479759704642,0.7393863331863959,48.41403464461066,49.918620326681925,4214.923929484671,4.443484199426998,0.6352895688909841,0.03526886854203703,0.015045856820712657
C,0.2,1,0.6006653808755751,0.6648689413023178,0.5883734630058638,0.6648689413023178,0.6006653808755751,16.663654246598547,63.353575060824376,1299.532617983882,-15.794460901268769,0.5340913738217257,0.2689348522067551,-1.5795460901268767
C,0.2,1,0.7145348586679489,0.742070477375489,0.5417390334633606,0.742070477375489,0.7145348586679489,23.573120577447423,24.789781576842717,2036.0986499488045,-9.714294687804063,0.6382696318670471,0.0242369964549185,-0.9715294687804062
C,0.2,1,0.7397590571317462,0.5192546452737011,0.34134962592455953,0.5192546452737011,0.7397590571317462,19.76908408190813,56.772315565418616,1413.18162356215,-16.45104829070642,0.5430022031928361,0.21357382122069632,-1.6452048290706422
C,0.2,1,0.1555319256775486,0.8024396740395203,0.999678588944075,0.8024396740395203,0.1555319256775486,37.6047326027264,46.653957539511524,2741.029443066141,-7.043057004195865,0.601173502725527,0.08737277348103119,-0.7044057004195865
C,0.2,1,0.7963327239776529,0.5924815267663445,0.5621709825483466,0.5924815267663445,0.7963327239776529,28.969158840334945,41.96449728504547,2418.779543697937,-11.566718401259887,0.5981045788818483,0.07261987778418763,-1.1567718401259888
C,0.2,1,0.6580787053868181,0.5291702002555703,0.4449315967498817,0.5291702002555703,0.6580787053868181,56.92359911954375,60.91810543820721,4012.3017342204353,1.2157208862693536,0.6141948262232767,0.06521628374833706,0.03994506318663461
C,0.2,1,0.1942864917061643,0.7874912890220133,0.7519606918105514,0.7874912890220133,0.1942864917061643,42.16366442300136,44.35784170188954,2862.402900948795,-5.205012873570985,0.6088249524218688,0.08195531139456115,-0.5206012873570985
C,0.2,1,0.9999376923822577,0.8033522785358509,0.5542604991367825,0.8033522785358509,0.9999376923822577,22.316066448374286,64.3463664072141,2321.3397940459104,-11.752336221540094,0.5583208650645979,0.2160289618110526,-1.1753336221540094
C,0.2,1,0.5789803200372093,0.7204746294615768,0.7817272477513736,0.7204746294615768,0.5789803200372093,15.98177057417654,21.48919744892524,1350.714181847011,-17.182860111151935,0.6275342902765737,0.022869227263390017,-1.7183860111151936
C,0.2,1,0.8744053305048183,0.6652817131919895,0.025975550149387683,0.6652817131919895,0.8744053305048183,11.876318985488446,16.677690408628166,922.0030714232909,-20.256407651399556,0.6357369611107825,0.013241064176319506,-2.0257407651399557
C,0.2,1,0.8541735659159468,0.796584109245794,0.36676655942642866,0.796584109245794,0.8541735659159468,75.31040051036584,77.07384909472093,6906.4944952048845,18.79671143989842,0.6437353121389945,0.02828844748817113,0.01763448584355089
C,0.2,1,0.802284567875384,0.6561043307832851,0.6524408482151534,0.6561043307832851,0.802284567875384,14.849214151548962,27.831185096383106,1325.0023005303374,-18.856181275648876,0.6050993248565654,0.043671025512838475,-1.8857181275648878
C,0.2,1,0.9588847158429065,0.6656765354170191,0.3669582780432341,0.6656765354170191,0.9588847158429065,66.9630025213499,68.40438215302834,6053.590660656271,14.960925954543033,0.6439506605331837,0.027391735585319536,0.0144137963167843
C,0.2,1,0.07095563895598023,0.0713626962394478,0.46185218078687995,0.0713626962394478,0.07095563895598023,53.03489058796102,65.37326773327376,989.7488636835988,-15.40587534627549,0.5303254520190158,0.3007047472763356,-1.540687534627549
C,0.2,1,0.9633009200822349,0.19729048011415917,0.9052951622237311,0.19729048011415917,0.9633009200822349,1.2545978293485813,16.371831244337553,101.19830620849294,-28.39196008596865,0.6143523461525262,0.02026372520169621,-2.839296008596865
C,0.2,1,0.8225481569886732,0.603888430794353,0.7947230702689281,0.603888430794353,0.8225481569886732,42.729928236132594,45.18731295677493,3896.5381454728845,1.7669907713532431,0.6345254095199576,0.03085406226664195,0.02457384720642338
C,0.2,1,0.7324983104770494,0.5953185354950975,0.734436996993842,0.5953185354950975,0.7324983104770494,47.0664984357184,49.45063655867177,3988.968919447039,2.1776430768141304,0.6295363512617546,0.039650257267360184,0.023841381229533668
C,0.2,1,0.924341229116328,0.6146252475227061,0.31503410432035595,0.6146252475227061,0.924341229116328,31.75363902524642,31.80421405712418,2693.476279288321,-3.1674241511916,0.6400866049155105,0.030549082242042842,-0.31684241511916
C,0.2,1,0.6086925620851931,0.828852388981975,0.450581397713558,0.828852388981975,0.6086925620851931,51.532122046573406,53.86828163624878,4284.472482763703,4.097865607841272,0.6294715090986439,0.04360800012215298,0.023361595896753753
C,0.2,1,0.7595787157545643,0.2821156207713211,0.6240730270161198,0.2821156207713211,0.7595787157545643,45.659091938401446,52.62677701515278,3090.5060670775124,-5.9741115064308214,0.5992482413887034,0.0846678172463145,-0.5975111506430821
C,0.2,1,0.6501153614370537,0.5935170352205767,0.7229895133680191,0.5935170352205767,0.6501153614370537,31.595154740347326,32.244205930960874,2535.7120393881164,-6.163079455910083,0.6302848987206826,0.03929023872456554,-0.6164079455910083
C,0.2,1,0.6602864862223765,0.8346066011089468,0.5740876939883092,0.8346066011089468,0.6602864862223765,44.35736746777653,51.46812233952305,3952.101570013919,-0.16922482458917146,0.6227775504060346,0.03557257766363905,-0.017022482458917146
C,0.2,1,0.8200010349362313,0.3329009053058284,0.6402106226534796,0.3329009053058284,0.8200010349362313,66.54012378862923,66.7713245734672,4900.704243046823,9.298100779403994,0.6257904958021437,0.05439739041402699,0.0023120078483796647
C,0.2,1,0.9220824193179467,0.6893633178740867,0.5922873078911067,0.6893633178740867,0.9220824193179467,17.015741850481188,22.46442405429728,1622.9524318156882,-15.003308126064201,0.6311676675162597,0.020769020048930074,-1.50043081260642
C,0.2,1,0.8889589302299687,0.8624894386390258,0.4912249389307035,0.8624894386390258,0.8889589302299687,2.99877096585627,26.982926759540348,299.436402952281,-26.075557912358207,0.5842542608068286,0.06065607634119806,-2.6076557912358207
C,0.2,1,0.726142228416547,0.5424962434845055,0.9083309119222989,0.5424962434845055,0.726142228416547,4.917154351183261,5.154584821068764,423.56464150616193,-23.928334911580095,0.6912031579263489,0.000848796543699912,-2.3929334911580096
C,0.2,1,0.8935797280329452,0.7370358428184528,0.25395054498268377,0.7370358428184528,0.8935797280329452,40.47070739111146,41.824538101635525,3556.5472367110415,0.7831126378832838,0.6358677524410077,0.03065486802609234,0.013538307105240647
C,0.2,1,0.6370044478583878,0.5730572545772923,0.7582260170549351,0.5730572545772923,0.6370044478583878,60.2777182845768,61.327372162571734,4789.591276620519,7.808076112471124,0.6291860718964275,0.04985424482024738,0.010496538779949348
C,0.2,1,0.3010978188016198,0.6954029198080445,0.738322308963693,0.6954029198080445,0.3010978188016198,23.32083005396016,27.395116587493302,1592.4184459978317,-14.976663543555786,0.6163357269038636,0.04063571481959414,-1.4977663543555786
C,0.2,1,0.5750612931084431,0.5070463749247588,0.6979176296600962,0.5070463749247588,0.5750612931084431,45.068903948606135,88.72818618344576,3224.829893011671,-5.924019386952054,0.5796661642497208,0.25537227213990693,-0.5925019386952054
C,0.2,1,0.8923670775334366,0.7616144866824789,0.8215167920951424,0.7616144866824789,0.8923670775334366,17.962769984888244,31.1844507961734,1854.4224492410153,-15.249025706418374,0.6082735846696975,0.04576458601005865,-1.5250025706418373
C,0.2,1,0.9994954619482453,0.8959808302209609,0.7866221828212923,0.8959808302209609,0.9994954619482453,28.31281352769683,28.701973626720516,3240.100519792074,1.0662910091687299,0.6588505180466672,0.014323806705645014,0.003891600990236874
C,0.2,1,0.8010953587969736,0.5185393322377596,0.4210209480052796,0.5185393322377596,0.8010953587969736,6.789921646144648,48.02361011781967,519.4782888915416,-21.91075059758961,0.5392964661665003,0.19136826529729078,-2.191175059758961
C,0.2,1,0.667791436575647,0.49650897634103186,0.7648759012288884,0.49650897634103186,0.667791436575647,48.01554533023649,52.440890398473705,3713.3743004072226,-0.7943577714540477,0.6170778186747001,0.052645803507402396,-0.07953577714540477
C,0.2,1,0.411518889217436,0.22423019349539175,0.5472414975607973,0.22423019349539175,0.411518889217436,28.45877549669841,29.421369316453728,1293.9775938968098,-16.530592322395286,0.6060280753255926,0.0532053293847922,-1.6531592322395288
C,0.2,1,0.747181511259502,0.7828141141873406,0.642729526737327,0.7828141141873406,0.747181511259502,41.35943377216875,45.087060447545795,3828.560869481576,0.6424798430023009,0.632002166224038,0.030561228852361563,0.03727626675377046
C,0.2,1,0.695645144869979,0.8647986861130301,0.5126547987291638,0.8647986861130301,0.695645144869979,86.85433420854697,91.16103502459234,7889.722781054137,21.211945668683214,0.6407146906635738,0.03278999918096458,0.04306700816045364
C,0.2,1,0.24933944729089952,0.7756651515533731,0.5883734630058638,0.7756651515533731,0.24933944729089952,42.37017287714991,43.42986842282704,2794.718236242422,-5.455111688844159,0.6094095382325035,0.08072707521027885,-0.545611168884416
C,0.2,1,0.6107854121312745,0.7269118410626774,0.576283140241232,0.7269118410626774,0.6107854121312745,55.63535758353283,57.94366874176483,4522.706215414812,5.468540900461759,0.6289269754057292,0.046809740256287605,0.023083111582320015
C,0.2,1,0.3911819201350972,0.5434366559244977,0.5448067763478508,0.5434366559244977,0.3911819201350972,58.85912725694858,61.83868443199412,3552.2129697376404,-0.8031665168127848,0.6020019929431145,0.10734647078017423,-0.08041665168127848
C,0.2,1,0.9962797844287484,0.6146258808030796,0.957310596391115,0.6146258808030796,0.9962797844287484,6.898538582117164,15.990439703045428,720.7458462944866,-23.11303061458044,0.6306230681128211,0.0140798631604041,-2.311403061458044
C,0.2,1,0.5914177148313193,0.8753023532370974,0.5203750805957723,0.8753023532370974,0.5914177148313193,43.237805713977714,50.9880881694043,3733.384782826606,-1.6041948414165954,0.6184687998537515,0.04085493999364972,-0.16051948414165954
C,0.2,1,0.7800505742228923,0.6778517833877056,0.8674386328477502,0.6778517833877056,0.7800505742228923,35.80872188367369,36.11648245134943,3386.8277217314844,0.5646441869190982,0.6428531700322078,0.02891636949070968,0.003077605676757358
C,0.2,1,0.9919061418514009,0.6636810940665716,0.5312977916149751,0.6636810940665716,0.9919061418514009,10.115385632175332,16.47652514814835,971.7022181435917,-20.414853464738,0.6361099733607489,0.012825764623793867,-2.0415853464738003
C,0.2,1,0.6580787053868181,0.5870099297515775,0.7359362581748679,0.5870099297515775,0.6580787053868181,35.44682193347682,37.099014831144494,2858.8867945051643,-4.656031614355413,0.6258450064978435,0.04542196399907347,-0.46570316143554136
C,0.2,1,0.43053666791409195,0.9255614954786302,0.9071047114426403,0.9255614954786302,0.43053666791409195,49.744294668082716,54.553117538763665,4500.989433452889,4.665210863388868,0.6310146040574034,0.04041783447405983,0.04808822870680949
C,0.2,1,0.3895207916581056,0.4868536009979379,0.4569414836922945,0.4868536009979379,0.3895207916581056,30.8632415152536,34.588037295339625,1704.955111154698,-14.03812363846313,0.6015600043717451,0.06621054450015638,-1.403912363846313
C,0.2,1,0.9575209522021404,0.2937978078912337,0.10739533707700033,0.2937978078912337,0.9575209522021404,5.238802106570748,34.57166396746354,341.8361407713048,-25.031198839803693,0.5651088344790521,0.10307134857527872,-2.5032198839803694
C,0.2,1,0.7333568372935843,0.852732712069016,0.8379968678329313,0.852732712069016,0.7333568372935843,49.66356040178695,52.53383472913393,4978.990408423854,8.335278659455357,0.6440349239222988,0.0253208944206301,0.028702743273469764
C,0.2,1,0.20776422591165267,0.7400269317106115,0.4124992298499024,0.7400269317106115,0.20776422591165267,7.064615516461475,15.875632938676421,407.64271741831226,-25.581735309074123,0.6241378300556818,0.01652256845347937,-2.5582735309074125
C,0.2,1,0.8966089168453755,0.7681632219047596,0.5469340229027319,0.7681632219047596,0.8966089168453755,34.530293257714,47.61039963034502,3346.3983130020097,-6.01482260354522,0.610985274732188,0.047534723649155605,-0.601582260354522
C,0.2,1,0.8919171817994598,0.7971536758015314,0.6274176739454691,0.7971536758015314,0.8919171817994598,17.62081075447348,23.5629934116411,1764.5300990492913,-14.06391037829747,0.6307035922589663,0.022081162231176912,-1.4064910378297468
C,0.2,1,0.7441461023310207,0.5551816767752209,0.7035152766183913,0.5551816767752209,0.7441461023310207,64.64206358293609,68.5846164009123,5336.478426671363,8.911934518046044,0.63361398599967,0.04213673640097445,0.03942552817976207
C,0.2,1,0.624370202082335,0.3271964643041914,0.8546062026166806,0.3271964643041914,0.624370202082335,66.28531051855092,68.40438215302834,4569.94053581482,5.47754608225733,0.6175597865549328,0.0725741527876065,0.021190716344774218
C,0.2,1,0.5335764211155714,0.7166481758159079,0.4076536953336566,0.7166481758159079,0.5335764211155714,44.25912848894182,46.46648005655986,3217.752485800398,-2.7558703830040447,0.6159251916444625,0.06510375399970751,-0.2756870383004045
C,0.2,1,0.5842392934933653,0.5505017916486347,0.7102651774246602,0.5505017916486347,0.5842392934933653,41.438934676481075,42.66193201629065,3086.9388923529227,-3.112145140417574,0.6201748659404859,0.05918041022448375,-0.31131451404175736
C,0.2,1,0.6726707407037171,0.19729048011415917,0.4697238103994511,0.19729048011415917,0.6726707407037171,38.207171438277584,39.382185662363945,2110.6083292364137,-9.844591174970992,0.6043472419939032,0.07443982685596191,-0.9845591174970991
C,0.2,1,0.7218177860273435,0.9572971740530191,0.5810852724888418,0.9572971740530191,0.7218177860273435,16.678989598910956,26.19154930643191,1642.5949281258506,-15.871159108560407,0.6183872801239855,0.032145226308005856,-1.5872159108560406
C,0.2,1,0.6602864862223765,0.7464989943308619,0.5740876939883092,0.7464989943308619,0.6602864862223765,2.111728023544327,5.823701186748864,178.84534290415363,-27.71298190246206,0.675336869469172,0.0012800621220677801,-2.7713981902462064
C,0.2,1,0.6264611294419278,0.5973113260894075,0.5292866531748844,0.5973113260894075,0.6264611294419278,50.68872526255262,50.858489336829415,3772.2949328133045,2.21355741090265,0.6244164355915226,0.05815287861836648,0.0016976407427679162
C,0.2,1,0.7290046852125854,0.7352422697636085,0.7204610942979103,0.7352422697636085,0.7290046852125854,26.74256478374555,33.37802030476838,2439.5603898534027,-9.637961428901434,0.6201932883582435,0.03959099800463036,-0.9638961428901434
C,0.2,1,0.7932333765878027,0.6399662638105164,0.6077577927133033,0.6399662638105164,0.7932333765878027,42.80881055410934,43.806937233507625,3718.11329987765,1.8146907850010205,0.6351497020620427,0.035233911678532806,0.009981266793982826
C,0.2,1,0.617058553189601,0.9160860829708874,0.8398549917779625,0.9160860829708874,0.617058553189601,28.83094854341507,66.7713245734672,2815.4461070348107,-9.206607085384501,0.5723206737138155,0.18794607162842455,-0.92076070853845
C,0.2,1,0.8741675829516277,0.20219294499349272,0.7866221828212923,0.20219294499349272,0.8741675829516277,20.6137103531843,21.107586562394825,1514.7692537847547,-12.92983356810857,0.6398672684188021,0.019654473527571954,-1.293083356810857
C,0.2,1,0.9953272163520207,0.7370358428184528,0.25395054498268377,0.7370358428184528,0.9953272163520207,6.0232441329728506,30.833646552474914,559.962434869678,-24.220428288676437,0.5789628934712752,0.07538640227841031,-2.422142828867644
C,0.2,1,0.979143072704306,0.6535964134607833,0.35670291884285255,0.6535964134607833,0.979143072704306,7.412620865361426,13.907538834113653,671.2465266160881,-22.992593917686513,0.6395764477128745,0.009659496911907836,-2.2993593917686512
C,0.2,1,0.532070452237324,0.6612057569618838,0.7368670107456917,0.6612057569618838,0.532070452237324,34.18614090850162,34.21382544536915,2669.4414180268036,-5.234027527589692,0.6282567299552468,0.04570944824947089,-0.5235027527589693
C,0.2,1,0.6592274256797542,0.9728973887936132,0.6832087740866768,0.9728973887936132,0.6592274256797542,11.413160164093142,11.670535811319782,1126.3243748728917,-16.9500677006872,0.66528398750881,0.005497877911558166,-1.6951067700687201
C,0.2,1,0.8439546822781935,0.8737896405502024,0.7428991202846168,0.8737896405502024,0.8439546822781935,29.909300096850718,31.19517854743904,3124.31634031378,-1.4638562773959711,0.6471188906093038,0.02095412676324401,-0.1464856277395971
C,0.2,1,0.7362368096589025,0.7391313312491934,0.8488070767785874,0.7391313312491934,0.7362368096589025,33.63610565860134,35.62757644423636,3195.0460466032746,-2.1469710716525006,0.6368874090877583,0.030162152723108616,-0.21479710716525005
C,0.2,1,0.9168110223985878,0.824508566229031,0.6979176296600962,0.824508566229031,0.9168110223985878,23.285579231854175,88.72818618344576,2433.6671690173575,-9.085441129490027,0.5538197423327712,0.36387384078347146,-0.9086441129490026
C,0.2,1,0.909395212229179,0.5424962434845055,0.5767214320304738,0.5424962434845055,0.909395212229179,61.877769789117586,65.46993367829774,5384.146162862706,9.282207130773841,0.6399944755363308,0.032393523892410236,0.03592163889180149
C,0.2,1,0.5161140323735437,0.7760618003372567,0.6879143229049194,0.7760618003372567,0.5161140323735437,40.724725751000015,41.36632673892583,3331.553373973064,-1.0481987605321934,0.6284420313439734,0.04903385375768558,-0.10491987605321933
C,0.2,1,0.41990386053487627,0.34290670721346983,0.23978462236203113,0.34290670721346983,0.41990386053487627,17.96910188027639,29.335814378437284,793.0688980747489,-22.211008318660227,0.5898882521932681,0.060597064043849694,-2.221200831866023
C,0.2,1,0.5019356477224943,0.8990252655149927,0.995322194546353,0.8990252655149927,0.5019356477224943,40.26778727403168,40.64547744218999,3822.665361651887,2.496912551097728,0.6404598707622581,0.034518260044843534,0.003776901681583098
C,0.2,1,0.79980223260925,0.9794362416236231,0.5883734630058638,0.9794362416236231,0.79980223260925,0.9393725343363657,22.407636069212906,97.38593451344718,-27.81967244484726,0.5936626925913894,0.04249858169582338,-2.7820672444847263
C,0.2,1,0.5059551757628302,0.7844219480649816,0.4768302765519319,0.7844219480649816,0.5059551757628302,46.196232434607126,49.21993591985371,3531.2221342187468,-1.0461689102080771,0.6184540236035472,0.05799546959375886,-0.1047168910208077
C,0.2,1,0.46913402128473336,0.8557527599600055,0.6436055104040753,0.8557527599600055,0.46913402128473336,58.27614074469791,72.99576973825252,4798.1355594396855,3.173933950200154,0.6262237622393021,0.04925236602908569,0.14719628993554607
C,0.2,1,0.5035385983576185,0.7269118410626774,0.4987571566820299,0.7269118410626774,0.5035385983576185,16.160523946021936,45.16154428437981,1195.740613877489,-18.8552002809675,0.5608713976310625,0.1411977538539888,-1.8856200280967503
C,0.2,1,0.8106579684486435,0.5474439273288612,0.3666662223860127,0.5474439273288612,0.8106579684486435,21.206855373292264,50.9880881694043,1634.4494630076688,-16.251403959546614,0.5588131129646958,0.16201509099664693,-1.6252403959546615
C,0.2,1,0.7997445031387884,0.9191398471391167,0.8674386328477502,0.9191398471391167,0.7997445031387884,22.401588093941434,23.851040772856376,2411.0870335480636,-6.625798339829361,0.6493539012827672,0.017615983051806828,-0.6626798339829361
C,0.2,1,0.5187965181265167,0.5434366559244977,0.5612047839440055,0.5434366559244977,0.5187965181265167,25.409309696070352,61.83868443199412,1706.0262383988386,-14.21151361335733,0.5452188434300094,0.2313316936210976,-1.421251361335733
C,0.2,1,0.5539642794063047,0.046864012536542266,0.7171281265752507,0.046864012536542266,0.5539642794063047,20.85814452224277,22.32182551533529,1000.5572199466033,-19.073592258531093,0.619260755058614,0.029355397022018725,-1.9074592258531093
C,0.2,1,0.8556248365541098,0.81172037743574,0.999678588944075,0.81172037743574,0.8556248365541098,13.00592241675199,29.370704735532037,1409.3116789921053,-18.450637011436413,0.6022843858631308,0.048905679165477944,-1.8451637011436415
C,0.2,1,0.634926375927413,0.7592473124580117,0.5059485013084644,0.7592473124580117,0.634926375927413,32.03218257357964,38.76747642927194,2638.0871754506857,-8.395769993948054,0.6133190585422256,0.05286842325575648,-0.8396769993948053
C,0.2,1,0.974146455774692,0.5924815267663445,0.9507428818412025,0.5924815267663445,0.974146455774692,23.425241536002748,23.771755092867814,2391.716485548361,-5.364858833687151,0.6526842570413239,0.01718446985842828,-0.5365858833687152
C,0.2,1,0.1942864917061643,0.8067090132419401,0.9368050959357157,0.8067090132419401,0.1942864917061643,31.933122396229802,32.270889227314605,2346.1233936273584,-8.984088153968822,0.620823365240334,0.05084544521445184,-0.8985088153968821
C,0.2,1,0.7485933863091292,0.8229108927084735,0.4319648474868284,0.8229108927084735,0.7485933863091292,58.160904424469685,68.00648442456173,5198.092163964699,5.7133000746701725,0.6331087066789761,0.03285233990584737,0.0984558000009205
C,0.2,1,0.2046544444261449,0.3271964643041914,0.675596479507739,0.3271964643041914,0.2046544444261449,7.08542534787502,15.22700568692822,308.09170602139596,-26.541166904479244,0.6241717393464394,0.015621508796086522,-2.6542166904479245
C,0.2,1,0.8966089168453755,0.786564006634512,0.12790974823795698,0.786564006634512,0.8966089168453755,17.871875577677514,18.58843778358279,1561.2225308494337,-11.927881824714058,0.6506673205167948,0.013240277859313957,-1.1928881824714057
C,0.2,1,0.7441461023310207,0.722107912660265,0.7416520584588043,0.722107912660265,0.7441461023310207,2.479817598100415,39.75251858329554,227.7811711388775,-24.658037957497445,0.5512569720894921,0.14084254642201377,-2.4659037957497447
C,0.2,1,0.5291958107269596,0.7113717089687989,0.57206828419938,0.7113717089687989,0.5291958107269596,14.608565442426421,14.894772882856488,1115.0730140427868,-17.459590940478176,0.6495703723857568,0.010606984828061938,-1.7460590940478178
C,0.2,1,0.4754128600429315,0.6240690236965107,0.10739533707700033,0.6240690236965107,0.4754128600429315,23.190614659651263,61.503079055211465,1337.1471315133463,-15.850293861296137,0.5359767784294505,0.25091339380174194,-1.5851293861296136
C,0.2,1,0.20776422591165267,0.008450648936104033,0.4950650668441529,0.008450648936104033,0.20776422591165267,32.85713415197102,34.433982994272974,761.870540307539,-20.86939318762015,0.5789341228892643,0.0907283668013649,-2.0870393187620153
C,0.2,1,0.768470121132209,0.9619443316308258,0.7725574443898917,0.9619443316308258,0.768470121132209,43.5389917295174,45.18731295677493,4607.934331921073,7.426270329660233,0.6498108845257737,0.02112703936843887,0.01648321227257533
C,0.2,1,0.09313233302543189,0.7612629311468257,0.4484816068089881,0.7612629311468257,0.09313233302543189,35.06421426094953,36.72916812552513,1891.0763091549627,-12.245366225163384,0.6007042174615348,0.07810342894061661,-1.2246366225163383
C,0.2,1,0.6973225035522257,0.19729048011415917,0.6961911168130339,0.19729048011415917,0.6973225035522257,48.00730337417728,48.855209185106105,2982.954299248768,-3.614710279290853,0.6079163983109988,0.08496670524035393,-0.3615710279290853
C,0.2,1,0.9616496151860795,0.868996526107086,0.31503410432035595,0.868996526107086,0.9616496151860795,28.067376900808494,31.60403540711494,2790.1262845485007,-5.570561000862619,0.6361400820655424,0.02377562301303964,-0.5571561000862619
C,0.2,1,0.9590821598674227,0.6114818511099515,0.4394361348499285,0.6114818511099515,0.9590821598674227,9.24214634933258,9.654597828318584,827.3024487590859,-18.07108215910272,0.6731492351354316,0.0033293590933116818,-1.807208215910272
C,0.2,1,0.9512842498699524,0.5833820214507055,0.9127897869780042,0.5833820214507055,0.9512842498699524,38.13447055779789,43.806937233507625,3796.403168410438,-0.7679882051617348,0.6316385641325316,0.022384356775334454,-0.07689882051617349
C,0.2,1,0.3939070232939623,0.9566463212664317,0.7636678889915289,0.9566463212664317,0.3939070232939623,40.51252993492736,44.57190452233333,3509.169595338764,-1.217879355886721,0.6248798046888292,0.04649011296267181,-0.12188793558867209
C,0.2,1,0.6086925620851931,0.8559521038151715,0.450581397713558,0.8559521038151715,0.6086925620851931,53.13819501493858,55.547164390389405,4490.005748755323,5.333057871399327,0.631396789659802,0.04176981767530734,0.024089693754508232
C,0.2,1,0.4262376541444152,0.6321425053601645,0.569786019193711,0.6321425053601645,0.4262376541444152,47.696308773520926,52.35661812701522,3203.4585920324016,-3.764788540576505,0.6039493693184704,0.08770184298258427,-0.3765788540576505
C,0.2,1,0.6408860798504454,0.9238847862793869,0.7267901782895166,0.9238847862793869,0.6408860798504454,22.53231443784864,22.84202147947798,2172.3020796300934,-8.2425576458836,0.6471604472996222,0.01986137133281027,-0.82435576458836
C,0.2,1,0.8516670493302996,0.9938282745907061,0.7285668010168824,0.9938282745907061,0.8516670493302996,33.350315554575225,34.219868674059434,3684.8408882754397,2.869225315875797,0.653441470632983,0.017562658710806964,0.00869553119484209
C,0.2,1,0.680972597442032,0.23091708984936954,0.7080500061526271,0.23091708984936954,0.680972597442032,33.17587649844735,33.44676244587661,2099.8914712604765,-9.18359163841807,0.6183844458679013,0.05199287533528782,-0.9184591638418069
C,0.2,1,0.8935797280329452,0.6869770958602859,0.9595177715790462,0.6869770958602859,0.8935797280329452,36.210479823838284,47.707925174864485,3730.2510218102207,-3.1140674827983674,0.6209056496998043,0.02766163206471055,-0.3115067482798367
C,0.2,1,0.7550142853766616,0.4564967445364593,0.9306795724391599,0.4564967445364593,0.7550142853766616,4.285705450117868,8.363889160546428,359.32443408672555,-25.75684378364875,0.6613524528052303,0.0030408839302048375,-2.575784378364875
C,0.2,1,0.8115468423307028,0.6535964134607833,0.7257589201127299,0.6535964134607833,0.8115468423307028,28.842549838849123,37.9667006098472,2636.2418144194985,-9.305354883685894,0.6131959198049904,0.04825810666736737,-0.9306354883685893
C,0.2,1,0.8364794328829549,0.8827059037845716,0.989604207303759,0.8827059037845716,0.8364794328829549,40.99623344064451,41.93493994301021,4538.257296899468,7.8922451862897285,0.6550450426807971,0.01825292753977681,0.009387065023656972
C,0.2,1,0.5161140323735437,0.7354812591928455,0.6292094013949873,0.7354812591928455,0.5161140323735437,7.4752597079142795,41.36632673892583,585.3875848352931,-22.56996511026292,0.5552048324147,0.13929288272340093,-2.257096511026292
C,0.2,1,0.7362368096589025,0.7391313312491934,0.5729491170210144,0.7391313312491934,0.7362368096589025,38.17818922351338,38.825465426366634,3363.1981980234514,-0.10892625970443698,0.636477626310828,0.0349954056048024,-0.010992625970443698
C,0.2,1,0.2620404458011337,0.7128356966779092,0.9524777579585235,0.7128356966779092,0.2620404458011337,9.812131435033836,25.151082219302083,711.9265658950414,-22.8824240876929,0.5997909265133987,0.044410881016833166,-2.28834240876929
C,0.2,1,0.726142228416547,0.9755192718662734,0.5395103468204432,0.9755192718662734,0.726142228416547,15.86107810819038,65.46993367829774,1563.4396922617102,-14.510626191875094,0.5395697659579624,0.2701153306415001,-1.4511626191875093
C,0.2,1,0.46913402128473336,0.7121447490926659,0.943202376274559,0.7121447490926659,0.46913402128473336,40.30573823225229,40.60460859687118,3331.027346861433,-1.1043361153709101,0.6290248349710833,0.04987508522256257,-0.110533611537091
C,0.2,1,0.8512765413402129,0.8470835377984056,0.8192827234668032,0.8470835377984056,0.8512765413402129,35.24365111914161,37.29921201874199,3714.6833670370647,1.6513647724454181,0.6457166759009083,0.02026103483678668,0.020555608996003796
C,0.2,1,0.5713672012708554,0.8928462162652171,0.4791915257622542,0.8928462162652171,0.5713672012708554,28.92014235898188,30.813065886208147,2463.720202510283,-7.298863748007873,0.63061415022227,0.03538250621924327,-0.7299863748007873
C,0.2,1,0.957383931023428,0.9548795713017221,0.5435925454026096,0.9548795713017221,0.957383931023428,30.74493897867346,31.305708353980215,3357.4392254481822,1.439794275442508,0.6548178500542147,0.0163540900322111,0.0056076937530675506
C,0.2,1,0.8246977473790302,0.9446329348727572,0.5125798386168258,0.9446329348727572,0.8246977473790302,17.65814268425631,18.324435127853157,1788.434880325956,-10.509143825709202,0.6551891951124185,0.012188258196980448,-1.0510143825709202
C,0.2,1,0.6107854121312745,0.2496022981161249,0.8782189055502391,0.2496022981161249,0.6107854121312745,51.90261643622378,57.94366874176483,3372.365140615938,-3.410185778744084,0.5993143999709899,0.09307781638432207,-0.3411185778744084
C,0.2,1,0.9392366179826487,0.9992987697267024,0.6749435564086913,0.9992987697267024,0.9392366179826487,22.16739065108163,60.43609808616226,2522.656998573504,-11.301530558057234,0.5643687382657783,0.17764855277352318,-1.1302530558057233
C,0.2,1,0.9553599182923874,0.9617380958673581,0.3666662223860127,0.9617380958673581,0.9553599182923874,49.74047496353069,50.9880881694043,5223.822090161456,11.572949608590502,0.6540089705155505,0.017875768556245376,0.012476132058736126
C,0.2,1,0.982163867986434,0.7975172076480763,0.9490353679119431,0.7975172076480763,0.982163867986434,28.31569311690997,29.430302257865147,3191.4600150541596,-0.36532099796925227,0.6539029150274028,0.015482094884953302,-0.03663209979692523
C,0.2,1,0.09348669755229344,0.5291702002555703,0.4449315967498817,0.5291702002555703,0.09348669755229344,26.16652814663516,27.03840574621832,1105.6963408513775,-18.8557081478377,0.6052423153072615,0.049733076296176855,-1.88567081478377
C,0.2,1,0.8755344114642668,0.688838032811675,0.9519752163600999,0.688838032811675,0.8755344114642668,17.616047678379843,18.97179540007442,1797.1539982563174,-11.217568332890973,0.6513505353597797,0.013095792434911258,-1.1218568332890972
C,0.2,1,0.5206891490319278,0.6146258808030796,0.4021104302807017,0.6146258808030796,0.5206891490319278,43.13475796154418,45.614931906317956,2882.2003532010785,-5.202923209330273,0.6088096236806282,0.07627432914205948,-0.5203923209330273
C,0.2,1,0.39818962648048106,0.778284462337217,0.9475769488049777,0.778284462337217,0.39818962648048106,16.79014876245194,17.814188600423925,1385.4076966786092,-16.172599589807025,0.6418469056467816,0.015751875216554537,-1.6173599589807026
C,0.2,1,0.634926375927413,0.852732712069016,0.9784887727174005,0.852732712069016,0.634926375927413,37.239084930124406,45.069215747633706,3680.9038190084334,-1.6790132328810423,0.6264596329455753,0.029472764813057706,-0.16800132328810422
C,0.2,1,0.7061443230008695,0.7361842754465079,0.7358635795328569,0.7361842754465079,0.7061443230008695,43.22022106347268,44.96245359749047,3911.9927080524285,2.4106559599049575,0.6356785420021289,0.0337089617650887,0.017422325340177947
C,0.2,1,0.5056663433854406,0.3271964643041914,0.7288303979896212,0.3271964643041914,0.5056663433854406,24.716312477440933,25.248331473510056,1479.6148667790148,-14.715321678926173,0.6225722889688473,0.034589657105105434,-1.4716321678926172
C,0.2,1,0.5085763775397394,0.37918835167700515,0.34183180328152507,0.37918835167700515,0.5085763775397394,14.669756352419272,16.206285705721683,776.5293454852577,-20.897266072722307,0.6354278149468299,0.014353138972638962,-2.0898266072722307
C,0.2,1,0.8874007767523712,0.8164423885756483,0.7768590096661008,0.8164423885756483,0.8874007767523712,24.056501581371258,24.95724095458685,2516.6380399194823,-5.179000711523796,0.6503673595539783,0.018132185259172616,-0.5180000711523796
C,0.2,1,0.7186462410367909,0.9755192718662734,0.7963853559764837,0.9755192718662734,0.7186462410367909,78.07695755858374,94.38654900612731,8168.248083378778,17.79536058509642,0.6507984071115969,0.022641324425173193,0.16309591447543567
C,0.2,1,0.9750153801856413,0.927219442271407,0.9900437839705687,0.927219442271407,0.9750153801856413,13.722825042683755,47.61039963034502,1644.856723734551,-16.675189221100474,0.5648209868175167,0.14162838291574456,-1.6676189221100475
C,0.2,1,0.5335764211155714,0.7947419156718128,0.9757891902160027,0.7947419156718128,0.5335764211155714,26.89463380531557,28.44133572850221,2442.319085790247,-7.476616889295635,0.6351745632815945,0.030884612437143757,-0.7477616889295635
C,0.2,1,0.25969227840879794,0.8599012934040394,0.5345060998461596,0.8599012934040394,0.25969227840879794,29.59283383512698,30.99799017745547,2052.0360815919103,-10.880605819207517,0.6186717877336824,0.0482974925193046,-1.0881605819207516
C,0.2,1,0.7858401483388133,0.3634321194590392,0.10549816117068433,0.3634321194590392,0.7858401483388133,27.927773698385167,28.44133572850221,1678.4890099136826,-11.787489987008513,0.6229169861014794,0.03842480447994635,-1.1788489987008512
C,0.2,1,0.6264611294419278,0.868996526107086,0.7412504139169319,0.868996526107086,0.6264611294419278,26.83720596437857,28.072831988749957,2504.022506385518,-6.48410649739861,0.6389667664983727,0.0277149303930928,-0.6485106497398611
C,0.2,1,0.3033902235113288,0.828852388981975,0.450581397713558,0.828852388981975,0.3033902235113288,24.949017626445897,26.08005753837356,1693.456125668034,-13.532473739048587,0.6235449802908176,0.03592418084945151,-1.3533473739048587
C,0.2,1,0.36561914359930037,0.7978639615221207,0.6929797165783113,0.7978639615221207,0.36561914359930037,6.74300135381128,26.229109667965812,509.08748682479745,-24.52818466066005,0.5914978167167588,0.05269316877749881,-2.452918466066005
C,0.2,1,0.8498635170326417,0.7678224473938258,0.7742883126803914,0.7678224473938258,0.8498635170326417,41.99816057114617,43.37147460736723,4209.9588664914345,5.066658194544445,0.6457942118724034,0.02320439085538633,0.013733140362210605
C,0.2,1,0.19465250677663937,0.6321425053601645,0.9055518685409815,0.6321425053601645,0.19465250677663937,11.485077130360406,17.715711811517327,734.798550662802,-22.568685583345832,0.6251638083579559,0.019411399382963112,-2.2569685583345835
C,0.2,1,0.8909109152941237,0.9057807662857851,0.4665114499210572,0.9057807662857851,0.8909109152941237,42.782800021516195,46.107574374090035,4342.341697410749,4.258778979057502,0.6415141231418707,0.020940682057020026,0.0332477435257384
C,0.2,1,0.9122347430799177,0.9955679808506813,0.5999039862016073,0.9955679808506813,0.9122347430799177,32.53230741491641,32.99903622925618,3591.167757559869,2.941823260554949,0.6556536929407327,0.016548147408660306,0.00466728814339767
C,0.2,1,0.7476533617434139,0.7370358428184528,0.25395054498268377,0.7370358428184528,0.7476533617434139,35.44094251550815,41.824538101635525,2855.9454042764637,-7.169177479973692,0.6126974074317081,0.053540282943690544,-0.7170177479973693
C,0.2,1,0.6478163832449724,0.7684143292231741,0.6440279946576737,0.7684143292231741,0.6478163832449724,18.965663079895556,28.701973626720516,1648.3481758210205,-15.885160234728797,0.6117146620192969,0.04083951745063497,-1.5886160234728797
C,0.2,1,0.5292541974834566,0.7826264607853994,0.8396790054946162,0.7826264607853994,0.5292541974834566,73.42247100443694,75.51192071134001,6357.35866550041,15.731107543847388,0.6342779848771539,0.04260810952171486,0.02089449706903068
C,0.2,1,0.3010978188016198,0.851236622762306,0.5073230823981336,0.851236622762306,0.3010978188016198,36.66121515248175,37.613924400375645,2577.276061379955,-6.828269159993202,0.6164221043567979,0.062102293849439674,-0.6829269159993203
C,0.2,1,0.726142228416547,0.8863295748335456,0.7998702528054099,0.8863295748335456,0.726142228416547,52.76198017879149,65.46993367829774,5308.928726700176,5.828793476870716,0.6336760776597722,0.02507927954705841,0.12707953499506247
C,0.2,1,0.6070716683756484,0.6535964134607833,0.5051154734125252,0.6535964134607833,0.6070716683756484,83.27190142040052,86.70682572633437,6300.459559424607,13.877109412056662,0.6255327480769366,0.05617604590459424,0.03434924305933848
C,0.2,1,0.02628312610854544,0.7391313312491934,0.6145852437143995,0.7391313312491934,0.02628312610854544,11.474776617510575,11.669320936888539,615.453705500682,-24.712978660102234,0.645173820269397,0.007843590625538386,-2.4713978660102236
C,0.2,1,0.6592274256797542,0.7242402763908213,0.6001818874966667,0.7242402763908213,0.6592274256797542,58.69682954942109,62.136083134801524,4940.977743504333,7.283902458896891,0.6335015642649761,0.04159622345102645,0.03439253585380435
C,0.2,1,0.46913402128473336,0.6401186425388536,0.8633995535157388,0.6401186425388536,0.46913402128473336,19.193282787472757,24.33198095190091,1478.7967977063104,-16.12601313810556,0.6218791377979401,0.03044279456899406,-1.6127013138105561
C,0.2,1,0.6880799898477434,0.8527249335179492,0.3653909029937955,0.8527249335179492,0.6880799898477434,17.999870147623486,25.423249519260082,1551.1391473453514,-16.16307292259187,0.6194482666236356,0.030859196114345695,-1.616407292259187
C,0.2,1,0.5298905097560557,0.9509896445416023,0.7085775709051133,0.9509896445416023,0.5298905097560557,2.921776203152785,9.467518346248832,268.0976468463652,-27.020807951139684,0.6512214164768061,0.0046224678377503525,-2.7021807951139687
C,0.2,1,0.44881171710257306,0.7155733255345298,0.5620427513661632,0.7155733255345298,0.44881171710257306,2.148319792576993,58.23769515987972,155.25976083975365,-21.314896023401143,0.5115549605029772,0.2933606131056037,-2.1315896023401146
C,0.2,1,0.9754340572072252,0.7419842052437815,0.7581903807079109,0.7419842052437815,0.9754340572072252,46.891145187568604,49.21993591985371,4915.395835158412,8.49529746288916,0.6486378416330121,0.01862592100599793,0.02328790732285107
C,0.2,1,0.6107854121312745,0.008547708228877182,0.32805453796587913,0.008547708228877182,0.6107854121312745,23.788838412740702,24.38154289542708,931.761686051222,-18.624239338433476,0.6141920762647034,0.03617628127332411,-1.8625239338433477
C,0.2,1,0.8263841727666487,0.9548795713017221,0.8997222683916489,0.9548795713017221,0.8263841727666487,38.6159848453491,40.944244456466514,4307.854224356575,5.333819607130859,0.6504062659994453,0.017800346719849217,0.023282596111174173
C,0.2,1,0.6361927332840329,0.7435234155989969,0.5293941824890812,0.7435234155989969,0.6361927332840329,16.760591389854074,16.904641466186852,1378.0669196922097,-14.498433348164387,0.6495441785172327,0.012822268271623161,-1.4499433348164386
C,0.2,1,0.43053666791409195,0.7975172076480763,0.5272806868858808,0.7975172076480763,0.43053666791409195,2.06123168022442,16.84951813725911,153.7363690710477,-27.87218520587836,0.6138915562896101,0.021261901924949173,-2.787318520587836
C,0.2,1,0.9483477929405537,0.7675569238707982,0.4754872893070845,0.7675569238707982,0.9483477929405537,53.771158769797914,56.552218057939086,5252.4968112342185,9.650611341002058,0.6439356836800063,0.022411130054898427,0.027810592881411723
C,0.2,1,0.6978672847266867,0.7573228852999581,0.6235575003772756,0.7573228852999581,0.6978672847266867,43.987411010921825,45.98646835337636,3886.2194068517183,2.0130458255597614,0.6332667614106667,0.03575302711051575,0.019990573424545344
C,0.2,1,0.397957362654598,0.931926210969231,0.30987109032814936,0.931926210969231,0.397957362654598,91.158687830541,91.16103502459234,6767.708126720275,18.204649695271197,0.6218574682786187,0.06438616794701443,2.3471940513388744e-05
C,0.2,1,0.6416863938760011,0.9737750348078037,0.3282428989311522,0.9737750348078037,0.6416863938760011,36.553929796109514,40.55442911618192,3252.537379711549,-3.0549679453527028,0.626844809589768,0.038045337457960106,-0.3055967945352703
C,0.2,1,0.7955528960315363,0.9138837406195699,0.27484009963796074,0.9138837406195699,0.7955528960315363,43.14112570411521,45.36268875143659,3983.7738234245853,2.717797299742047,0.6370540362447459,0.028562755921274625,0.022215630473213822
C,0.2,1,0.299371269083052,0.7360526893038128,0.9004411885252597,0.7360526893038128,0.299371269083052,56.92359911954375,60.91810543820721,4228.411747457687,3.2912984796581397,0.6182887476380552,0.07072071266817155,0.03994506318663461
C,0.2,1,0.5687415315265995,0.7361842754465079,0.8702820921400145,0.7361842754465079,0.5687415315265995,34.82261638285994,43.043305239112954,3029.6840252025354,-5.9986434126963415,0.6139940641976271,0.05432598732199938,-0.5999643412696342
C,0.2,1,0.0002067102045389957,0.6624758830050586,0.5709108344745991,0.6624758830050586,0.0002067102045389957,31.377701103897948,32.72382090807727,1487.5195548523604,-15.701490910640848,0.5992269943664146,0.07004504124574593,-1.5702490910640847
C,0.2,1,0.7942656789253824,0.778284462337217,0.7060240542205248,0.778284462337217,0.7942656789253824,35.27110926135201,36.3624523077371,3395.8356815102557,0.0704749500157772,0.6418027874744255,0.026763820936908985,0.0069474950015777194
C,0.2,1,0.6540424707163486,0.24125027184875492,0.3985620940365647,0.24125027184875492,0.6540424707163486,27.424927087910707,28.015249054016945,1500.9303185831236,-13.892220929678619,0.6177147519630046,0.04159819085911559,-1.3893220929678618
C,0.2,1,0.8966089168453755,0.9138837406195699,0.27484009963796074,0.9138837406195699,0.8966089168453755,45.278758640840664,47.61039963034502,4409.953466326769,5.3602745335029995,0.6421272883333069,0.02288594599600872,0.023316409895043577
C,0.2,1,0.6448940622473561,0.9731139801981787,0.576670872473692,0.9731139801981787,0.6448940622473561,18.288187302190337,19.156565184502526,1743.1783300226236,-11.82908720442376,0.648899395747331,0.014886288658685378,-1.1830087204423758
C,0.2,1,0.8991918956891054,0.7971536758015314,0.20224672380728964,0.7971536758015314,0.8991918956891054,59.84557351621073,66.1138766947915,5378.527959827618,7.647474115728293,0.6375594250959424,0.028471407987205294,0.06268303178580772
C,0.2,1,0.938958708185108,0.6892930019598271,0.5118129126310669,0.6892930019598271,0.938958708185108,37.627075948427354,38.68212816928501,3544.7681214128843,1.2866685023876634,0.6419946740078439,0.025136058307649947,0.010550522208576538
C,0.2,1,0.9090023536370224,0.7544690382328266,0.6679575266020968,0.7544690382328266,0.9090023536370224,42.729928236132594,45.18731295677493,4267.545089285218,4.416009106809049,0.6425706563759976,0.022185491919864166,0.02457384720642338
C,0.2,1,0.6086925620851931,0.8749705010461645,0.2757351410316655,0.8749705010461645,0.6086925620851931,6.588306277521684,24.25266327722872,534.1570226425749,-24.662655633956568,0.5973507946440427,0.04353320375060155,-2.466365563395657
C,0.2,1,0.5532121769484877,0.790031804558009,0.808303915491309,0.790031804558009,0.5532121769484877,44.98802872716999,46.88165679475198,3930.5949356407987,2.252410091065285,0.6319066214193402,0.04092098364417626,0.01893628067581993
C,0.2,1,0.6264611294419278,0.6680493009629868,0.31503410432035595,0.6680493009629868,0.6264611294419278,32.4135144786117,37.71891268112588,2353.265691473286,-9.98535737810406,0.6095355840176598,0.058044977387413786,-0.998635737810406
C,0.2,1,0.7932333765878027,0.9359250427921152,0.46349676721750444,0.9359250427921152,0.7932333765878027,32.867162216466156,33.93037297923725,3222.472099260033,-0.8030075539946482,0.6436032430487015,0.024819797629827785,-0.08040075539946481
C,0.2,1,0.6602864862223765,0.8924613637407114,0.8763305872135141,0.8924613637407114,0.6602864862223765,17.357908048775116,20.140485921792944,1727.9043639591587,-13.047016443742619,0.6428129323590515,0.01648434839071138,-1.3048016443742618
C,0.2,1,0.9014138414218132,0.6915479009639096,0.8443311330689357,0.6915479009639096,0.9014138414218132,6.351704217576031,25.09328868477332,639.9746313510507,-23.987655238781617,0.5968447025760403,0.04556362717490712,-2.398865523878162
C,0.2,1,0.6352780171018788,0.6290342264762071,0.9887678502005675,0.6290342264762071,0.6352780171018788,41.10393142621016,43.37147460736723,3614.466335844712,0.008916482070459556,0.6305769554224038,0.039065170218295954,0.0007916482070459557
C,0.2,1,0.5750612931084431,0.7879233482146104,0.904517091330688,0.7879233482146104,0.5750612931084431,27.928456392436097,28.561701236545247,2534.847009473609,-6.224394545672236,0.6381680462813324,0.03017306554645739,-0.6225394545672236
C,0.2,1,0.9239221499053472,0.900592155724684,0.7866221828212923,0.900592155724684,0.9239221499053472,32.720373371844836,33.427918529622744,3628.4037532365487,2.8318781699508526,0.6547405324735314,0.016590471345334205,0.007075451577779077
C,0.2,1,0.9266283486532108,0.6799622943519119,0.619268384915154,0.6799622943519119,0.9266283486532108,32.53230741491641,32.99903622925618,3116.960771168508,-0.7205612913236336,0.6452859293878844,0.024529142669797388,-0.07215612913236336
C,0.2,1,0.45958145289160157,0.8799131978272243,0.25395054498268377,0.8799131978272243,0.45958145289160157,22.00592827004774,41.824538101635525,1613.5515970172687,-16.544400749593077,0.5785078833508698,0.10377242624396815,-1.6545400749593078
C,0.2,1,0.9768120704623966,0.8056103110498094,0.7215710147999962,0.8056103110498094,0.9768120704623966,10.889748398788306,36.643004535759935,1166.9497338276071,-20.1389295541894,0.5777247333453048,0.0915390990210546,-2.01399295541894
C,0.2,1,0.6765727081698933,0.37002370741849633,0.37626822199391363,0.37002370741849633,0.6765727081698933,17.805017535161245,17.825750045771656,1099.2199338525484,-16.429066874950003,0.6411571448221981,0.015844718837027805,-1.6430066874950005
C,0.2,1,0.8252821797062071,0.8897440161263273,0.8993390134439726,0.8897440161263273,0.8252821797062071,32.886564425321055,38.63204116273687,3559.4702341637435,-1.656208338245643,0.6361062310501711,0.019727134535752845,-0.1657208338245643
C,0.2,1,0.726142228416547,0.6750134429509806,0.5395103468204432,0.6750134429509806,0.726142228416547,38.946573426807994,40.82715365039444,3253.812595289319,-2.018943885142826,0.6283004095813638,0.04140500669211658,-0.20199438851428259
C,0.2,1,0.9942805113912581,0.7391313312491934,0.48063303913122507,0.7391313312491934,0.9942805113912581,7.017850687087695,23.72527885904961,692.5665471416148,-23.7623332530996,0.6018979146235535,0.03892479070997288,-2.37633332530996
C,0.2,1,0.984700362642098,0.9003682047022451,0.41326527056151025,0.9003682047022451,0.984700362642098,38.64062455464993,40.549836066613125,4041.232042557308,3.970491020416001,0.6476320195806808,0.017792672062456785,0.019092115119631926
C,0.2,1,0.5692529185833255,0.873583187658525,0.7648759012288884,0.873583187658525,0.5692529185833255,43.656578683883495,48.33682443941314,3984.2610241399034,1.334121615101297,0.6293214085122241,0.0359529710941545,0.04680245755529647
C,0.2,1,0.8287342042668683,0.5952889084341001,0.8383488985071571,0.5952889084341001,0.8287342042668683,46.5543820473909,47.01214158617783,4290.446174402572,6.042163672523479,0.642750442441667,0.029988302986290686,0.004577595387869309
C,0.2,1,0.9045057966481825,0.8092144110076003,0.6706423895976921,0.8092144110076003,0.9045057966481825,40.27406034415537,40.64547744218999,4126.160854506524,5.928837493526142,0.6513901140831064,0.02071778478893811,0.0037141709803461963
C,0.2,1,0.8651152929968903,0.8097390125946009,0.7581903807079109,0.8097390125946009,0.8651152929968903,33.31893026773039,33.596296578628184,3421.770001442316,1.487669541408896,0.6502351569129945,0.021408109992685716,0.0027736631089779707
C,0.2,1,0.957383931023428,0.9548795713017221,0.9435601577095962,0.9548795713017221,0.957383931023428,29.463712369544925,31.305708353980215,3512.138717617291,1.2312355453342354,0.6550136938113718,0.0134938754541469,0.018419959844352896
C,0.2,1,0.04341495448813326,0.8541946299053624,0.6657088941772609,0.8541946299053624,0.04341495448813326,56.68566604317113,56.94752797294107,3487.483658336491,-0.9442131120193814,0.6013964158949735,0.11682825236620033,-0.09452131120193814
C,0.2,1,0.7393863331863959,0.5961909551675214,0.5091884996124982,0.5961909551675214,0.7393863331863959,29.609401079309315,31.168326129969582,2354.2013429143294,-7.834830950133132,0.6284874302263846,0.036594123970110914,-0.7835830950133132
C,0.2,1,0.9333702329236264,0.7958127031824328,0.6617063922910277,0.7958127031824328,0.9333702329236264,40.53324784477664,41.9986394232201,4174.997755887403,5.028768710342312,0.6479394767207545,0.019954337009988277,0.014653915784434588
C,0.2,1,0.7731534191403991,0.23394088962699544,0.5742802001647541,0.23394088962699544,0.7731534191403991,38.71525037306514,40.1008995987982,2505.3304590027433,-7.089581742521597,0.6125303593481115,0.06396323021648695,-0.7090581742521598
C,0.2,1,0.9680880626414615,0.349012927411011,0.7746118593233221,0.349012927411011,0.9680880626414615,21.698636181459115,22.25773088386715,1849.165282801919,-9.880086498237855,0.6447695732223401,0.018795792116558567,-0.9881086498237854
C,0.2,1,0.9516792443130537,0.7302688249817147,0.9277654104109946,0.7302688249817147,0.9516792443130537,39.1168206603627,39.431148750715586,4196.903878680705,6.653093757590215,0.6551234003512898,0.018149004855712848,0.0031432809035288754
C,0.2,1,0.8564947911771981,0.6797688176219909,0.8720594865005772,0.6797688176219909,0.8564947911771981,45.73562701902753,46.653957539511524,4510.2036560721235,7.192120793711854,0.6469947382540532,0.024465543734754427,0.009183305204839912
C,0.2,1,0.5531659634995049,0.8370326035125188,0.9292295679493858,0.8370326035125188,0.5531659634995049,24.5069742486897,24.863099229862613,2272.7931514378656,-8.074606168441575,0.642036172440368,0.024595233024322663,-0.8075606168441574
C,0.2,1,0.1942864917061643,0.8400632345470008,0.9368050959357157,0.8400632345470008,0.1942864917061643,8.026545181699802,28.25789991333697,603.0954512968585,-23.569555609271713,0.5883797859405666,0.06036780612851838,-2.3570555609271713
C,0.2,1,0.6779162473007592,0.9327129694165468,0.934280246318177,0.9327129694165468,0.6779162473007592,7.036903089692557,17.05358194805782,731.0530743722334,-22.973293326123013,0.6268073623425304,0.016867639555525386,-2.2974293326123014
C,0.2,1,0.8287342042668683,0.6729140188802404,0.8383488985071571,0.6729140188802404,0.8287342042668683,46.5543820473909,47.01214158617783,4471.135626811599,7.302411367626114,0.6458272250940474,0.026737806620702048,0.004577595387869309
C,0.2,1,0.7135083646389019,0.8029580583974281,0.5469340229027319,0.8029580583974281,0.7135083646389019,16.68718446561475,17.766113081425218,1493.4474701233767,-13.800215476661341,0.6484840120221176,0.01320587663036937,-1.3801215476661342
C,0.2,1,0.8157340091717811,0.8956546844425912,0.9522592736443916,0.8956546844425912,0.8157340091717811,32.91358381455774,33.011277691672554,3599.953395735269,2.811572338080768,0.6547474464843024,0.019066940572807632,0.0009769387711481413
C,0.2,1,0.9106014243728234,0.9027154284731574,0.5519038417880034,0.9027154284731574,0.9106014243728234,26.223548493629607,28.970237057517455,2739.402050219825,-5.142296638307387,0.6421882047156579,0.020787678381938197,-0.5143296638307387
C,0.2,1,0.8576322170906525,0.3271964643041914,0.595779077483534,0.3271964643041914,0.8576322170906525,33.661404429517376,35.10540792512433,2495.5188831516316,-6.85318497125077,0.6234089155261084,0.044523392574112565,-0.6854184971250771
C,0.2,1,0.8614066352113268,0.6892930019598271,0.5118129126310669,0.6892930019598271,0.8614066352113268,38.27693659629117,38.68212816928501,3457.5673447431604,1.172242351580312,0.6407185942674528,0.029881505239851783,0.004051915729938358
C,0.2,1,0.08643091409170833,0.9863513493921123,0.8516733508425883,0.9863513493921123,0.08643091409170833,20.14945132959431,20.76094271768109,1509.8174685538438,-16.13874071812295,0.6317316815419917,0.024242559631477572,-1.613974071812295
C,0.2,1,0.5532121769484877,0.6874409538106111,0.8593700106200725,0.6874409538106111,0.5532121769484877,40.37451978080499,40.6830128412772,3371.955005767811,-0.5496847301972497,0.6309426981706406,0.046274697935418635,-0.05506847301972497
C,0.2,1,0.6007500401153799,0.39280967659146315,0.8121506339558942,0.39280967659146315,0.6007500401153799,43.33703227332798,45.18731295677493,3032.8014312839123,-3.979627646213955,0.6135054850863844,0.06934633567767912,-0.3980627646213955
C,0.2,1,0.9830323669929857,0.868996526107086,0.840890017073961,0.868996526107086,0.9830323669929857,44.212202384348046,44.45534051696696,5023.553802616319,12.09601215507465,0.6599698090544228,0.01491158927220132,0.002431381326189168
C,0.2,1,0.7768294310302948,0.6290342264762071,0.7940703339818853,0.6290342264762071,0.7768294310302948,26.61979850048162,28.088308700823493,2399.640171243858,-7.227695069477985,0.6372038749258689,0.02745190932606344,-0.7228695069477985
C,0.2,1,0.7932333765878027,0.8915344270969386,0.7018168493480651,0.8915344270969386,0.7932333765878027,24.293790867516815,24.860222882205512,2472.714628286173,-5.49579929244336,0.6494730534117701,0.019535844579486834,-0.5496799292443361
C,0.2,1,0.7265266405572378,0.6493919594505242,0.5740876939883092,0.6493919594505242,0.7265266405572378,45.38614819297932,46.63576611941369,3773.7730029494246,1.7205266521523748,0.6308115167593068,0.04120683743422539,0.01249617926434368
C,0.2,1,0.6086925620851931,0.9486739641925895,0.450581397713558,0.9486739641925895,0.6086925620851931,51.55115935342726,61.65173661078105,4594.902334272512,2.7741038986223128,0.6235124989576039,0.0361916127768648,0.1010057725735379
C,0.2,1,0.5449902665810802,0.7604596551908644,0.569786019193711,0.7604596551908644,0.5449902665810802,51.592631244594386,56.63364234468284,4102.498820527889,1.650235835552142,0.6199397136108515,0.051378093266981846,0.05041011100088454
C,0.2,1,0.787954671277668,0.5085688154679051,0.7668611003763114,0.5085688154679051,0.787954671277668,5.293260633455439,9.5898771933709,444.6217284857926,-24.816881365489806,0.6562673662766453,0.004160011080518227,-2.481788136548981
C,0.2,1,0.24010443588523034,0.9898888653674487,0.7321764567421508,0.9898888653674487,0.24010443588523034,25.30313550038953,25.729214580149772,2019.293360686942,-11.205734354256203,0.6307795306360204,0.03254155826785762,-1.1206734354256203
C,0.2,1,0.0381187834303085,0.6784132455351205,0.8051672568649885,0.6784132455351205,0.0381187834303085,13.594050917786596,29.867099076481008,760.6657614779795,-21.967187085377937,0.5886795314351339,0.0649305081398004,-2.1968187085377937
C,0.2,1,0.9511661938729351,0.804020854482095,0.692490528812722,0.804020854482095,0.9511661938729351,35.625775054446315,36.03159845144778,3743.2577433291094,3.779372028615424,0.6527387664204465,0.018685699787157665,0.004058233970014626
C,0.2,1,0.8309398052124741,0.7507998632285324,0.4085218973864362,0.7507998632285324,0.8309398052124741,48.814634128894596,57.1216358203757,4359.148333969357,1.30638771651104,0.6224548777810083,0.031119675736392453,0.08307001691481104
C,0.2,1,0.7506194639363087,0.9620960602121059,0.13914888218975796,0.9620960602121059,0.7506194639363087,35.8112638073978,36.4251890547699,3191.3028063302722,-0.8467004216197157,0.6384925475021008,0.032075833631649314,-0.08477004216197156
C,0.2,1,0.06027987799704493,0.7986392861107263,0.47931989794354846,0.7986392861107263,0.06027987799704493,50.56240987243847,57.11574081040251,2777.3403696413957,-5.850154108494628,0.5851255634374107,0.14134986770579244,-0.5851154108494628
C,0.2,1,0.4141511740416167,0.6986977294873156,0.8909179248935679,0.6986977294873156,0.4141511740416167,49.76369784924703,50.03844751171711,3877.3580899260237,2.2358947432794003,0.6245860189941542,0.05957149669968687,0.002747496624700787
C,0.2,1,0.7396399494737373,0.7055244215536526,0.9308455492048012,0.7055244215536526,0.7396399494737373,37.554926047999906,39.168113425925355,3587.5979481193003,0.6384007431690883,0.6390183662434437,0.029095544783834533,0.016131873779254492
C,0.2,1,0.984700362642098,0.7007006912133633,0.41326527056151025,0.7007006912133633,0.984700362642098,40.14533422038299,41.298149928216276,3797.8162403298816,2.8501428306077146,0.6427948713316758,0.02373181650636676,0.01152815707833284
C,0.2,1,0.8044681627591412,0.7391313312491934,0.6103171384278159,0.7391313312491934,0.8044681627591412,52.915770938599906,54.93453672065755,4891.422909717889,8.126640253448043,0.6406356140011549,0.02943868440388222,0.02018765782057642
C,0.2,1,0.8691973301009703,0.28585649607024377,0.5883734630058638,0.28585649607024377,0.8691973301009703,12.595473509945451,12.701413772708136,912.693552686164,-17.32247573412635,0.6594572841103877,0.006828214786495663,-1.732347573412635
C,0.2,1,0.5161140323735437,0.873583187658525,0.8565512483034324,0.873583187658525,0.5161140323735437,48.76684778734896,68.46263590697785,4432.840248692225,0.38353068963231507,0.619101128000485,0.037845380319552056,0.03825306896323151
C,0.2,1,0.93664551306185,0.6258253411355398,0.8819898337478093,0.6258253411355398,0.93664551306185,32.95346446008706,33.73942141834487,3301.0569041999406,0.1273773086685188,0.6466500915230031,0.022144060451671957,0.00785956958257806
C,0.2,1,0.10841052406315088,0.8521037233740301,0.6706423895976921,0.8521037233740301,0.10841052406315088,27.48914537802299,40.64547744218999,1781.070442881043,-14.162720259338975,0.5882076967882791,0.09247148737056962,-1.4163720259338974
C,0.2,1,0.7393863331863959,0.5961909551675214,0.4322442894672878,0.5961909551675214,0.7393863331863959,10.271053166606343,22.938270423513174,796.8793687917632,-22.750596801713776,0.607405663827469,0.03388053803280933,-2.275159680171378
C,0.2,1,0.8196213052722225,0.9199299332776384,0.5435925454026096,0.9199299332776384,0.8196213052722225,34.976247441845686,38.47133239200161,3517.4694122530636,-0.8299202758985625,0.6376889245953004,0.022841377961961336,-0.08309202758985626
C,0.2,1,0.6156195132216516,0.8167150179604622,0.999678588944075,0.8167150179604622,0.6156195132216516,6.363746642701908,13.550246150195683,614.7932348061553,-23.76488638616983,0.6389723093730658,0.009916244196545226,-2.376588638616983
C,0.2,1,0.9622842815544249,0.6778517833877056,0.78756119206498,0.6778517833877056,0.9622842815544249,47.8307910351755,54.86348880781718,4864.192139701948,4.762179478268466,0.6345034151585739,0.02057752496389846,0.07032697772641676
C,0.2,1,0.3611234455383785,0.7269118410626774,0.5518671720065715,0.7269118410626774,0.3611234455383785,27.637987585310693,57.94366874176483,1884.8677383894506,-13.718934863377157,0.5544495164365509,0.19218770668936214,-1.3719934863377157
C,0.2,1,0.6580787053868181,0.2564136370388541,0.4449315967498817,0.2564136370388541,0.6580787053868181,27.286715678865665,27.76090234614571,1551.1926763399024,-13.405776549264182,0.6197337999163058,0.04010763443268403,-1.340677654926418
C,0.2,1,0.43053666791409195,0.8864731972354702,0.7191437851867388,0.8864731972354702,0.43053666791409195,24.111926346490954,25.454414574397816,2021.2807928283953,-10.72243988504766,0.6333115204252444,0.0290256886294253,-1.0723439885047659
C,0.2,1,0.9707693129017523,0.1377405790086682,0.6231587375132908,0.1377405790086682,0.9707693129017523,16.20772627278,16.276099845660013,1150.8209009903164,-14.687094833970972,0.651481687599874,0.011477815003199929,-1.4688094833970973
C,0.2,1,0.9511661938729351,0.804020854482095,0.692490528812722,0.804020854482095,0.9511661938729351,29.771624214962095,36.03159845144778,3128.1526564355413,-4.981469977455806,0.630893409191847,0.0247046797625918,-0.4982469977455806
C,0.2,1,0.1942864917061643,0.5781422567157479,0.7524107005936571,0.5781422567157479,0.1942864917061643,26.46993714638608,27.692665804991623,1520.2136198640444,-15.413428465716303,0.6135892159035439,0.045710561111628474,-1.54144284657163
C,0.2,1,0.3820538399696465,0.40228261625964645,0.7517730648849077,0.40228261625964645,0.3820538399696465,13.285898157600739,13.866245516286103,770.7302233799992,-21.500658354970376,0.6433478146967567,0.01041040625496076,-2.1501658354970377
C,0.2,1,0.9575209522021404,0.6559978765186812,0.8079795657789097,0.6559978765186812,0.9575209522021404,20.53030768171199,21.357896460676002,2071.0036273431274,-8.254010047489967,0.6518163784813716,0.015109173689117308,-0.8255010047489966
C,0.2,1,0.16189134354891022,0.5296460439814308,0.695976875079249,0.5296460439814308,0.16189134354891022,21.601617099122954,22.038398015085363,1122.771941890563,-18.976144405893574,0.6199299667842139,0.030754120234880816,-1.8977144405893576
C,0.2,1,0.44172355809770536,0.8725483856249645,0.3427759596532438,0.8725483856249645,0.44172355809770536,31.111383177925216,34.13614227649043,2311.046757681455,-9.148313200237249,0.6179400181650322,0.0499147759414284,-0.9149313200237248
C,0.2,1,0.6546209072552963,0.8800009507049271,0.5118129126310669,0.8800009507049271,0.6546209072552963,36.708352641390796,37.73751548419085,3286.367238741474,-0.9805789424113616,0.6357825111362149,0.03518435887469912,-0.09815789424113616
C,0.2,1,0.9535182220601527,0.7536785760491433,0.20224672380728964,0.7536785760491433,0.9535182220601527,40.768581518349286,40.775914993687664,3686.132392738101,3.5731174714417366,0.6442513328602404,0.026931401606765437,7.333475338377581e-05
C,0.2,1,0.9840696914156114,0.7758600012604963,0.7725574443898917,0.7758600012604963,0.9840696914156114,48.58232910382752,51.376283555920665,5213.390176833475,9.845373012256914,0.6498862934656936,0.01734686713426408,0.02793954452093146
C,0.2,1,0.47835552623435995,0.22427552364754966,0.6221137899699738,0.22427552364754966,0.47835552623435995,27.155758064181708,42.66193201629065,1376.3732291691506,-17.550837633585317,0.5720983790385277,0.11650380688043438,-1.7551837633585319
C,0.2,1,0.7855247750861512,0.9599400821753794,0.31503410432035595,0.9599400821753794,0.7855247750861512,29.17093066634327,29.63046731305826,2775.5876669523095,-3.2155086629974847,0.6446759435521926,0.025169380539011663,-0.3216508662997485
C,0.2,1,0.990090025957037,0.9230107302007551,0.9718947411453768,0.9230107302007551,0.990090025957037,23.136601647349796,23.215122030628756,2775.291042049194,-1.7608233150496913,0.6636672665062476,0.012648587628213923,-0.17618233150496912
C,0.2,1,0.7298964776258007,0.80271637165079,0.808303915491309,0.80271637165079,0.7298964776258007,46.57033246731038,46.88165679475198,4509.78904870061,7.519526066111031,0.6452609721749962,0.027820225394049727,0.0031132432744160354
C,0.2,1,0.9574387980954279,0.9608750498940186,0.8343944030131483,0.9608750498940186,0.9574387980954279,7.419370719877606,7.592360152753718,866.4011148290697,-18.30870848031595,0.6855348997926007,0.0018051404712621183,-1.8309708480315952
C,0.2,1,0.5722000630107135,0.93897321075064,0.450581397713558,0.93897321075064,0.5722000630107135,24.256648471282265,25.356300488103077,2106.039808342218,-9.394903889273655,0.6374361178037395,0.026143103914687313,-0.9395903889273655
C,0.2,1,0.9993493853248954,0.7140329189603646,0.8633518706467933,0.7140329189603646,0.9993493853248954,36.169831465052475,36.49071327296459,3879.319750468363,4.87462455321227,0.654958282438815,0.017376295273276277,0.0032088180791211584
C,0.2,1,0.4524250656652803,0.6493919594505242,0.38520732666669155,0.6493919594505242,0.4524250656652803,45.38614819297932,46.63576611941369,2937.438459500572,-4.26389203160924,0.608870660709148,0.08233302951354118,-0.42648920316092404
C,0.2,1,0.2450662314358324,0.9311656445087324,0.766191017622547,0.9311656445087324,0.2450662314358324,3.17525870490436,9.313393432909828,247.5633926120863,-27.32471263878508,0.6513323257756131,0.0045585126122961546,-2.732571263878508
C,0.2,1,0.9993766202717984,0.7479558122245621,0.8490461663808528,0.7479558122245621,0.9993766202717984,34.699316802051925,35.03855819269145,3768.095129354984,4.233229304272485,0.6556202451115555,0.016743937089839827,0.0033924139063952197
C,0.2,1,0.7771069935532999,0.9955679808506813,0.5855825901284217,0.9955679808506813,0.7771069935532999,56.27010077085073,58.61480917738764,5811.199756088416,13.558349804728316,0.6510728653911416,0.02197020450959956,0.023447084065369096
C,0.2,1,0.7371578233050725,0.8959808302209609,0.5024759219485382,0.8959808302209609,0.7371578233050725,39.520999066873344,45.972266904291494,3723.6223211652205,-1.3463239976087313,0.6264493627105202,0.02883456246544775,-0.13473239976087312
C,0.2,1,0.8779563883147624,0.8553149472982824,0.8503186134601931,0.8553149472982824,0.8779563883147624,45.54779796935322,47.82498867546702,4915.5881414153355,8.740065123470949,0.650618424477942,0.01867519623182447,0.022771907061137995
C,0.2,1,0.3010978188016198,0.5755869742472275,0.22233999248055092,0.5755869742472275,0.3010978188016198,5.04259130652141,11.00711284632751,249.06739862874346,-27.092352571915754,0.6424414846511628,0.0069258075821166274,-2.7093352571915754
C,0.2,1,0.9526455828633208,0.8414846972986206,0.42984485820772744,0.8414846972986206,0.9526455828633208,32.38802761867477,33.41486090324952,3253.462731753714,-0.13268547174473405,0.6468913454150714,0.02050390138372082,-0.013368547174473406
C,0.2,1,0.865284976540563,0.8227705048988714,0.6145852437143995,0.8227705048988714,0.865284976540563,28.739679453849,29.075489756950248,2867.283244379543,-2.2536290990079952,0.6485760331801514,0.022218716505214557,-0.2254629099007995
C,0.2,1,0.5161140323735437,0.8070318105961302,0.32763007663582644,0.8070318105961302,0.5161140323735437,38.142987026324846,38.318198193401564,2835.85648018025,-4.058528720196839,0.623911696183473,0.054228120429894826,-0.40595287201968394
C,0.2,1,0.02348502811370834,0.7682614967302774,0.41326527056151025,0.7682614967302774,0.02348502811370834,22.504657517964514,23.083502603166632,1123.4090535840176,-19.182726725726518,0.6159896848779096,0.0350186536822251,-1.918372672572652
C,0.2,1,0.869094585284085,0.8034693693917858,0.36759137868012015,0.8034693693917858,0.869094585284085,30.172101635744692,31.167883339496647,2800.5135925871755,-3.5049274623881783,0.6411484309333194,0.026448985729089804,-0.3505927462388178
C,0.2,1,0.36732575370700327,0.7404736645441385,0.9688257604394619,0.7404736645441385,0.36732575370700327,21.745258573789886,21.917836305877465,1731.1534067308723,-13.232438755690776,0.6361228971957635,0.023973820379504303,-1.3233438755690776
C,0.2,1,0.9991150873151368,0.08621028945086184,0.37626822199391363,0.08621028945086184,0.9991150873151368,53.580580611119544,64.73365534657106,3411.6349369539016,-5.252913617575494,0.594690080897494,0.10036141237835873,-0.5253913617575494
C,0.2,1,0.93664551306185,0.8151075269208448,0.8975317546296901,0.8151075269208448,0.93664551306185,32.03087973366496,33.73942141834487,3524.227839580607,1.014870681679621,0.6498962612849843,0.017036988556470622,0.017085416846799078
C,0.2,1,0.8436463560446069,0.8153946329660833,0.2907682043685486,0.8153946329660833,0.8436463560446069,18.373901138359912,19.136234353424598,1657.7164118596174,-11.51959816071978,0.64990850934691,0.014082445980960284,-1.152059816071978
C,0.2,1,0.7393863331863959,0.2019012496581889,0.3666662223860127,0.2019012496581889,0.7393863331863959,2.2197576505027667,11.236543116566578,124.81926947518372,-28.410641851286037,0.6377569266173088,0.007739906452642051,-2.841164185128604
C,0.2,1,0.8316894745867051,0.6876983578491366,0.5883734630058638,0.6876983578491366,0.8316894745867051,40.12727325962429,40.990724260011426,3638.6901051937566,1.698146649300443,0.639039756665142,0.030424423524608377,0.00863451000387137
C,0.2,1,0.9964940566139162,0.04135585441528078,0.6638991413991286,0.04135585441528078,0.9964940566139162,22.418780155135114,22.61145993101641,1535.461671874756,-11.852960758332136,0.6382812956946683,0.022224401451376136,-1.1853960758332136
C,0.2,1,0.6429227220913978,0.4082593442023268,0.6833648642934207,0.4082593442023268,0.6429227220913978,32.48480453728712,36.5010988088256,2262.3465489381992,-10.225653921742252,0.6105722250836351,0.0573161407856023,-1.022665392174225
C,0.2,1,0.9649524840112271,0.9655039072560256,0.7924122136816447,0.9655039072560256,0.9649524840112271,17.021242971898236,17.097274596218416,1980.134384695063,-7.835506893751768,0.6662187495947892,0.009194885536238411,-0.7836506893751769
C,0.2,1,0.43053666791409195,0.800228112570088,0.7210510017401472,0.800228112570088,0.43053666791409195,33.992903666602245,34.93421057169105,2704.6288619837765,-5.65473349586497,0.6258435728480092,0.04751212395539478,-0.565573349586497
C,0.2,1,0.974127009577293,0.6146258808030796,0.999678588944075,0.6146258808030796,0.974127009577293,38.9648968366148,46.653957539511524,4069.0889508267032,0.012945446497825107,0.6311361035335282,0.01943909065892545,0.0011945446497825106
C,0.2,1,0.9575209522021404,0.5467407014592809,0.10739533707700033,0.5467407014592809,0.9575209522021404,12.386849906253204,21.105686418081447,964.9104142069201,-21.258987127701907,0.6178370230157822,0.02445959800837006,-2.125998712770191
C,0.2,1,0.7482286189085616,0.5924815267663445,0.839746343954664,0.5924815267663445,0.7482286189085616,40.62393584192922,41.96449728504547,3576.091187033771,0.5089787742612752,0.6339988198048473,0.035824878182259774,0.013405614431162505
C,0.2,1,0.1942864917061643,0.994444812993163,0.9368050959357157,0.994444812993163,0.1942864917061643,3.9444957252551744,31.45544952855056,326.8278699010675,-25.187363703636557,0.5735709489422499,0.08377050607319561,-2.5188363703636556
C,0.2,1,0.6580787053868181,0.4018148906129747,0.9400531655996811,0.4018148906129747,0.6580787053868181,60.44194567043676,60.91810543820721,4623.567616355616,7.152742420383798,0.6260740282796835,0.05534207821925555,0.004761597677704543
C,0.2,1,0.05935476754255442,0.778284462337217,0.2907682043685486,0.778284462337217,0.05935476754255442,3.033540927895401,19.136234353424598,149.1020755446197,-27.651100966334113,0.6057548967633866,0.028854377375888505,-2.765210096633411
C,0.2,1,0.3271207953032267,0.8675436219895786,0.8167213949644225,0.8675436219895786,0.3271207953032267,21.3650761421132,21.59124232935178,1712.4376817443988,-13.443450217448673,0.6365438389637823,0.023347369700987722,-1.3444450217448671
C,0.2,1,0.21970619800951086,0.7536785760491433,0.20224672380728964,0.7536785760491433,0.21970619800951086,10.169284087950189,30.58916243132101,546.3489244707213,-23.8570873176077,0.5807024147837967,0.07334224364462683,-2.38580873176077
C,0.2,1,0.9379646871535396,0.723881504786982,0.5984676364743956,0.723881504786982,0.9379646871535396,33.266758795266966,33.52872569289993,3261.938783840094,0.6214370067531005,0.6480284891353495,0.022687889352860997,0.0026196689763296633
C,0.2,1,0.5532121769484877,0.7831406265123336,0.8286150011821076,0.7831406265123336,0.5532121769484877,15.017849366450713,15.64997799888076,1314.5576369037933,-15.977694752945256,0.6504487375393426,0.011155247292381971,-1.5978694752945255
C,0.2,1,0.6455556800120613,0.9525737614009436,0.7725574443898917,0.9525737614009436,0.6455556800120613,31.245179359964,33.04207978836158,3100.1594497653605,-2.5047594715017625,0.6402373811013028,0.027999528513627782,-0.2505759471501762
C,0.2,1,0.8966089168453755,0.3965710101875404,0.66106991230475,0.3965710101875404,0.8966089168453755,42.45316109382416,83.0008877946536,3446.5914753152515,-5.582591206113113,0.5873271865163168,0.20034742224721477,-0.5583591206113113
C,0.2,1,0.9289546500805793,0.40378559349257426,0.8697177287899808,0.40378559349257426,0.9289546500805793,30.737823762341126,45.2365490253299,2716.6074931598096,-10.062491768145467,0.5984545973133937,0.07430385164917616,-1.0063491768145467
C,0.2,1,0.6264611294419278,0.7726115690667164,0.31503410432035595,0.7726115690667164,0.6264611294419278,33.62379347758082,34.36073569914914,2616.922615290375,-5.537580831056052,0.6278346507708088,0.04334000362340027,-0.5538580831056052
C,0.2,1,0.41389444583164614,0.8046297881946298,0.450581397713558,0.8046297881946298,0.41389444583164614,18.67072904856269,19.517148737501756,1347.8538704064124,-15.990540637674556,0.6364937474745864,0.019486997036365562,-1.5991540637674555
C,0.2,1,0.5038473439755444,0.8211394444484001,0.45342041509618913,0.8211394444484001,0.5038473439755444,16.118090412863427,16.185394046887996,1250.5196237222954,-16.180669072825804,0.6477876738635905,0.012555777726816991,-1.6181669072825806
C,0.2,1,0.8346196606629108,0.6399662638105164,0.9151415908535657,0.6399662638105164,0.8346196606629108,32.379001303541095,33.87769995770466,3128.0652476147293,-2.073955922796028,0.6402465134813963,0.02695662664984655,-0.20749559227960276
C,0.2,1,0.7245955627944642,0.7828535204670951,0.7372457938377888,0.7828535204670951,0.7245955627944642,31.553837776138955,33.4840969696094,2959.8635459486904,-3.6502186157612773,0.6362908376556635,0.030764792645951698,-0.3651218615761277
C,0.2,1,0.6380398926201131,0.6290342264762071,0.7301886031456442,0.6290342264762071,0.6380398926201131,6.2025714045848295,64.23364236936142,506.1820586754403,-18.731019474735565,0.5149666764849777,0.32492158535990945,-1.8732019474735566
C,0.2,1,0.019379165305838275,0.8684942451088015,0.7866221828212923,0.8684942451088015,0.019379165305838275,25.228474830135394,25.73101613809398,1616.116547852939,-15.309292949131548,0.6189977925517921,0.039665795169335195,-1.5310292949131548
C,0.2,1,0.8935797280329452,0.9397423006136887,0.9474836555525772,0.9397423006136887,0.8935797280329452,20.35179996553366,21.032610694674354,2347.645105681599,-6.054916532336587,0.6584663794129129,0.013069015559820757,-0.6055916532336587
C,0.2,1,0.959985171045244,0.7826264607853994,0.6979176296600962,0.7826264607853994,0.959985171045244,22.619064419441674,22.861739910117407,2365.4683335409295,-5.210685394658044,0.6554891664819734,0.015616583824227419,-0.5211685394658044
C,0.2,1,0.5866238466547724,0.8188110399744304,0.5999039862016073,0.8188110399744304,0.5866238466547724,34.8797273707592,37.690093451431686,2974.1714713326164,-4.366933463789923,0.626259138362501,0.04308880477727023,-0.43679334637899236
C,0.2,1,0.9203005412994856,0.9802531801421845,0.8993390134439726,0.9802531801421845,0.9203005412994856,21.20272365394512,24.906964508906622,2491.556681591841,-7.255412652784381,0.6458599173395262,0.01648555542510197,-0.7256412652784381
C,0.2,1,0.32470784627357907,0.12641013270639345,0.5077057413106869,0.12641013270639345,0.32470784627357907,32.38802761867477,33.41486090324952,1141.6307674174616,-17.737140601385082,0.591796991877459,0.07548127185702287,-1.7738140601385084
C,0.2,1,0.5842417938832615,0.86413247883423,0.692490528812722,0.86413247883423,0.5842417938832615,53.40857129544219,63.76913875945808,4792.403274833636,3.975677367370059,0.6270699999263725,0.03700175555703498,0.10360567464015893
C,0.2,1,0.9867157929093754,0.7391313312491934,0.6344608585368496,0.7391313312491934,0.9867157929093754,29.24891579452829,29.945355096835236,2987.8901660938504,-1.4271759772079977,0.6495946102402241,0.019658083284191982,-0.14281759772079977
C,0.2,1,0.9848843739151387,0.7356548544339921,0.7271937543436884,0.7356548544339921,0.9848843739151387,36.22978444152271,50.03844751171711,3775.390092490978,-3.695561038793415,0.6170065451230509,0.03001163343831333,-0.36965610387934145
C,0.2,1,0.5161140323735437,0.7472873381098731,0.5879805626669237,0.7472873381098731,0.5161140323735437,40.17505096745684,41.36632673892583,3128.414449401745,-2.74155019209124,0.6234057138849908,0.054430143607258764,-0.274255019209124
C,0.2,1,0.6644653317032561,0.8385704688473723,0.9308455492048012,0.8385704688473723,0.6644653317032561,31.11377105985358,32.082267317049215,3062.308472405846,-2.3166739717449256,0.6421518812395052,0.028056826930546553,-0.23176739717449255
C,0.2,1,0.8984132403519475,0.9366530439870765,0.5090262187182503,0.9366530439870765,0.8984132403519475,26.80418963341867,27.051384335014205,2800.4741161384604,-2.247210206332553,0.6530967144305193,0.01869959708518515,-0.22482102063325532
C,0.2,1,0.984700362642098,0.6818894319107299,0.41326527056151025,0.6818894319107299,0.984700362642098,36.871644617231226,41.60443329958975,3453.4395860925115,-2.590490509362384,0.6290795307965766,0.02580213543146406,-0.25914905093623836
C,0.2,1,0.8316894745867051,0.6876983578491366,0.7153694748848007,0.6876983578491366,0.8316894745867051,28.33766375616877,28.60259699871571,2659.592566556861,-3.982257627668598,0.6446177878053009,0.025241541168937585,-0.3983257627668598
C,0.2,1,0.7157650272001288,0.8609217664613649,0.9637221941449066,0.8609217664613649,0.7157650272001288,16.493850010119754,16.565071299195104,1697.6690074207054,-11.707254392131693,0.658042785640401,0.01077735847846319,-1.1708254392131692
C,0.2,1,0.9459066417565508,0.8572234302675837,0.7212023177211144,0.8572234302675837,0.9459066417565508,39.27700255792881,40.69491919393513,4249.243854506424,5.7929874599938405,0.6518222872366165,0.017339055075708765,0.014179166360063177
C,0.2,1,0.6107854121312745,0.9234674153331203,0.32827379812939333,0.9234674153331203,0.6107854121312745,30.41117151511704,31.672931115347048,2582.5010636494458,-5.96301275991594,0.6324860099965559,0.03543079766705198,-0.596401275991594
C,0.2,1,0.7800505742228923,0.8353754871316947,0.2375626170849393,0.8353754871316947,0.7800505742228923,16.406451939827782,16.547458339859283,1422.60949339556,-13.094405329757846,0.6545720677564106,0.011182674474067714,-1.3095405329757845
C,0.2,1,0.032335770605010694,0.8319750084182482,0.7140598812355963,0.8319750084182482,0.032335770605010694,22.21433177510674,22.290920667814312,1356.5633978277033,-17.664275413097453,0.6226518380195581,0.030708680714022142,-1.7665275413097454
C,0.2,1,0.591927155963258,0.5961909551675214,0.822648289402518,0.5961909551675214,0.591927155963258,17.94767254619228,52.478932770454826,1435.3132932108265,-16.832462010785555,0.5518374326965616,0.18091801436758675,-1.6833462010785556
C,0.2,1,0.7089371312636078,0.6146258808030796,0.9406744439381453,0.6146258808030796,0.7089371312636078,46.46549687554499,46.653957539511524,4167.723285981401,5.142544850819168,0.6389769790197389,0.03526085057935307,0.001884606639665307
C,0.2,1,0.879834398600285,0.6948917938859341,0.04069633921642668,0.6948917938859341,0.879834398600285,52.79064755296555,54.553117538763665,4210.250423504926,4.003191921830529,0.629317871424155,0.039700709078546455,0.017624699857981128
C,0.2,1,0.8755344114642668,0.7231013258818716,0.5856001879514823,0.7231013258818716,0.8755344114642668,33.13887668159665,34.153028851063404,3134.00293826645,-1.3958771049756284,0.6415577243302023,0.026458107549259296,-0.13968771049756284
C,0.2,1,0.1942864917061643,0.7474562355307002,0.22564425213896133,0.7474562355307002,0.1942864917061643,18.069797435935634,23.70023704640294,952.7886641151417,-20.328634368577486,0.6114431175969512,0.03569163444757769,-2.0329634368577487
C,0.2,1,0.9177067627415622,0.7453367909075043,0.8601958979744637,0.7453367909075043,0.9177067627415622,51.24355803420363,52.53383472913393,5363.000903207167,12.062538345196648,0.6531983182766737,0.019790814596554126,0.012902766949302986
C,0.2,1,0.8072358149714604,0.7969522338833147,0.9334863530457531,0.7969522338833147,0.8072358149714604,41.37543703444215,43.043305239112954,4284.284225913657,5.313538486558384,0.6469703291472767,0.022268687124311733,0.016678682046708034
C,0.2,1,0.4093553831362621,0.8622085908925513,0.5984676364743956,0.8622085908925513,0.4093553831362621,1.8569515463604649,17.26086871649395,145.84476946839865,-27.899044767327606,0.612188052369685,0.022615670154305188,-2.7900044767327605
C,0.2,1,0.9840593416390644,0.778284462337217,0.7351003875134525,0.778284462337217,0.9840593416390644,13.693496777980199,26.046725376107272,1458.2848297698154,-17.95459674017512,0.6128866656518221,0.03466406548728345,-1.7955596740175122
C,0.2,1,0.3982460789187159,0.5217141557312225,0.6045282762110852,0.5217141557312225,0.3982460789187159,26.16032031920023,26.887772914302705,1598.6890546608481,-14.081463304196692,0.6198201573511622,0.039451358560120574,-1.408246330419669
C,0.2,1,0.5335764211155714,0.9476249037009818,0.7725574443898917,0.9476249037009818,0.5335764211155714,19.606967537074503,19.614779499879965,1830.7810328944413,-11.361893587223218,0.6483996216621057,0.016554115434374485,-1.1362893587223217
C,0.2,1,0.7788575126235894,0.6892930019598271,0.5118129126310669,0.6892930019598271,0.7788575126235894,28.986136671841443,30.50149154302918,2498.687549425896,-6.530217441443065,0.6338552029523046,0.031503959669219254,-0.6531217441443065
C,0.2,1,0.8484371830450574,0.8747241593663146,0.8007809547576835,0.8747241593663146,0.8484371830450574,25.618579971484497,26.015278603338693,2720.119105944351,-3.32805070889644,0.6525201909389254,0.01869767652737982,-0.332905070889644
C,0.2,1,0.3349843068395203,0.7867497631813922,0.9085005449396064,0.7867497631813922,0.3349843068395203,39.86255017536137,40.775914993687664,3141.137746406003,-2.9261915452733724,0.6228550156407007,0.05824320693365232,-0.2927191545273372
C,0.2,1,0.5757903623772442,0.7767538078298464,0.9942223833534354,0.7767538078298464,0.5757903623772442,42.71001068937391,47.82024422253324,3949.9400138857613,0.970804707721209,0.6290426256429201,0.03540229014016076,0.05110233533159331
C,0.2,1,0.8482613492670416,0.7989225747766018,0.31503410432035595,0.7989225747766018,0.8482613492670416,44.11788962758064,44.45534051696696,3980.979923947361,4.546496769390451,0.6419893677469236,0.029548164637934356,0.003374508893863251
C,0.2,1,0.6513268963784874,0.9837336212968935,0.98412427584212,0.9837336212968935,0.6513268963784874,19.85895838571826,20.75924531804817,2112.1220149404116,-9.07458858638844,0.6511369799236704,0.015841368227176997,-0.907558858638844
C,0.2,1,0.7624138218216964,0.6399662638105164,0.6556844549370333,0.6399662638105164,0.7624138218216964,29.440608329708574,30.936372140116973,2546.9398721660486,-6.284096572533857,0.6335457815721097,0.03240241496409619,-0.6285096572533857
C,0.2,1,0.5567802529094045,0.7602790081887285,0.8577295741217967,0.7602790081887285,0.5567802529094045,24.841838182044416,25.062223337983465,2168.598134125329,-8.809680926049333,0.6394588529269908,0.02623437413448288,-0.8810680926049332
C,0.2,1,0.4747459715643121,0.7503923922608855,0.9560070193073865,0.7503923922608855,0.4747459715643121,57.370984926636616,69.15983037368414,4885.546337564055,4.443693268972171,0.6286374699259583,0.046366336275019265,0.11788845447047529
C,0.2,1,0.7265266405572378,0.99303908566532,0.5740876939883092,0.99303908566532,0.7265266405572378,45.72513181410059,46.63576611941369,4587.624361738515,7.71366930555523,0.6482116435617141,0.024615976633238973,0.009106343053130956
C,0.2,1,0.6165778698995196,0.8021818953335664,0.5850337202424305,0.8021818953335664,0.6165778698995196,18.008174066733954,28.701973626720516,1540.8483672856662,-16.783324046006374,0.6089545660220314,0.042966190559954154,-1.6784324046006376
C,0.2,1,0.8983052323859274,0.9430104627072873,0.639212196071228,0.9430104627072873,0.8983052323859274,23.038812553274486,23.8095095333693,2489.253606709044,-5.003611347117998,0.653726649354962,0.0160817794678451,-0.5004611347117998
C,0.2,1,0.654846353217193,0.6251138462801866,0.5999039862016073,0.6251138462801866,0.654846353217193,32.08419146716961,32.99903622925618,2534.5102644317926,-6.314712371130796,0.628438398482036,0.04089662564387845,-0.6315712371130797
C,0.2,1,0.2189327157604356,0.8235992322358078,0.6235470173107485,0.8235992322358078,0.2189327157604356,18.776923459840113,19.17658654755943,1271.4844950395618,-17.52830595480351,0.6333421315187423,0.020670931449957238,-1.7529305954803511
C,0.2,1,0.7447903150546593,0.6996206084354877,0.13583139196184446,0.6996206084354877,0.7447903150546593,21.567017404161835,22.089317276626634,1630.818726145489,-11.987929773712427,0.6394243696475576,0.021186735234840614,-1.1988929773712427
C,0.2,1,0.726204924685812,0.6950392455826234,0.6332525483445045,0.6950392455826234,0.726204924685812,45.09779973039745,45.87242021118764,3918.7066630381473,3.154049826529219,0.6358183290426821,0.03679631792304715,0.007746204807901904
C,0.2,1,0.7362368096589025,0.06846407721274783,0.9316631726318644,0.06846407721274783,0.7362368096589025,21.16478391232977,21.940652485844947,1344.527262430655,-15.316803188057628,0.6308097237181262,0.024192695249055263,-1.5317803188057628
C,0.2,1,0.3512280619589805,0.9417961714499922,0.37626822199391363,0.9417961714499922,0.3512280619589805,48.960457828588005,50.03844751171711,3625.9095329373863,0.3985459306869171,0.6195205938339321,0.06662243450502135,0.01077989683129104
C,0.2,1,0.8177108181737629,0.8791547102152105,0.8779443189822469,0.8791547102152105,0.8177108181737629,84.81097805907993,88.72818618344576,9057.124164227745,27.438698377100696,0.6533601859343406,0.020156991763478488,0.039172081243658285
C,0.2,1,0.939990239235767,0.661471131119457,0.8246056131562616,0.661471131119457,0.939990239235767,10.659500195899323,22.634372866589214,1073.2859819258067,-20.669982701694767,0.6145621713030823,0.029072446871263105,-2.0670982701694767
C,0.2,1,0.6843383705915035,0.6258253411355398,0.8819898337478093,0.6258253411355398,0.6843383705915035,15.051769704823052,15.227785420037904,1317.9018197157616,-15.127906206615886,0.6542991276495105,0.010100333162987526,-1.5128906206615886
C,0.2,1,0.9961743962570455,0.9870974162379497,0.6616649827637453,0.9870974162379497,0.9961743962570455,37.554926047999906,39.168113425925355,4345.300799972703,6.6428599710105,0.6564830736580753,0.013693330569401157,0.016131873779254492
C,0.2,1,0.7161710991621792,0.9803015057233597,0.32934765565573115,0.9803015057233597,0.7161710991621792,41.77018446209064,42.80388307503482,3887.021490270043,3.1382463326174066,0.6405250515106584,0.029663800749698058,0.010336986129441783
C,0.2,1,0.70081178253948,0.9886368124985332,0.5064111358852768,0.9886368124985332,0.70081178253948,49.426052033898685,50.88760981609573,4800.886287167579,8.336508760716972,0.6450916739192865,0.027169174931287492,0.014615577821970475
C,0.2,1,0.1322263560998055,0.77276187588,0.6811520870378631,0.77276187588,0.1322263560998055,13.631807735819196,14.055449824123128,848.9646363101858,-21.92266678136105,0.6413452144807903,0.01131502280171995,-2.192366678136105
C,0.2,1,0.957383931023428,0.9548795713017221,0.31098476647018514,0.9548795713017221,0.957383931023428,30.981687238764422,31.305708353980215,3203.1283066270894,0.6510050566909786,0.6524721868110768,0.018527354842847798,0.003240211152157926
C,0.2,1,0.6107854121312745,0.7269118410626774,0.576283140241232,0.7269118410626774,0.6107854121312745,29.503946975658707,30.60238500574277,2398.4331217020176,-7.402535099374063,0.6304594611023043,0.03647901181742708,-0.7403535099374063
C,0.2,1,0.6792146066500724,0.6778517833877056,0.24676786720321953,0.6778517833877056,0.6792146066500724,30.341611897667104,30.60238500574277,2245.962457682098,-7.616825807597192,0.6295338510667877,0.038370664169760975,-0.7617825807597193
C,0.2,1,0.8316894745867051,0.7652183575648948,0.7039815902563875,0.7652183575648948,0.8316894745867051,63.308309973897266,64.67056609397065,6169.073920176603,16.00611021569592,0.6472355987501057,0.025221479578332325,0.013622561200733827
C,0.2,1,0.903514900530817,0.20529951195367402,0.4319648474868284,0.20529951195367402,0.903514900530817,35.42215580117024,40.95300652517585,2346.357996888114,-10.743328402963323,0.6020269961197724,0.06753859870917199,-1.0744328402963323
C,0.2,1,0.499979327406043,0.9499303459643003,0.999678588944075,0.9499303459643003,0.499979327406043,44.117289718813716,46.653957539511524,4300.882004663016,4.5651575155966,0.6394173357561055,0.032231830111065035,0.02536667820697808
C,0.2,1,0.770450909988378,0.5291702002555703,0.4449315967498817,0.5291702002555703,0.770450909988378,34.7048157262989,35.22519507005271,2641.1872841515246,-4.965489717450868,0.6279513676245735,0.04372862223170506,-0.4966489717450869
C,0.2,1,0.9306439354688679,0.8647151378408302,0.3367958924544896,0.8647151378408302,0.9306439354688679,20.25428198796276,20.74498945279764,1988.7244214771267,-8.247837521794876,0.6535284391445972,0.014479630450536221,-0.8248837521794876
C,0.2,1,0.28516910044068644,0.9575108235063526,0.8837149017070222,0.9575108235063526,0.28516910044068644,4.795253875283783,5.634511694577949,403.88921872863546,-26.103829255199912,0.6811445665723727,0.0011455066143861061,-2.6104829255199915
C,0.2,1,0.1942864917061643,0.9465914142530663,0.9691728006048476,0.9465914142530663,0.1942864917061643,23.50913968488062,26.851097076861564,1910.66337143464,-12.317371549752158,0.6250626159245128,0.035906419759778076,-1.2318371549752158
C,0.2,1,0.5579705466739402,0.7144473025476608,0.6326890080483674,0.7144473025476608,0.5579705466739402,46.08706021538361,48.458465119279715,3661.069312098652,0.09673683586563951,0.6231535124907999,0.05145697902266971,0.009573683586563951
C,0.2,1,0.8614066352113268,0.9459320376511138,0.43870270549914026,0.9459320376511138,0.8614066352113268,3.1019933458175415,24.382136652594177,314.338948674162,-26.225733972746816,0.5920475125640864,0.04793478229264304,-2.622673397274682
C,0.2,1,0.9151227794073157,0.912320217219967,0.9699716881251034,0.912320217219967,0.9151227794073157,25.38976319899714,27.031366797285184,2935.601033982319,-2.6544536092426085,0.6528225936308488,0.01573382947545134,-0.26554536092426084
C,0.2,1,0.59853897429564,0.9708312232783429,0.8419196368812689,0.9708312232783429,0.59853897429564,13.798479793079224,15.070645636886582,1373.1764253768372,-15.524788667786092,0.6539886337540625,0.009619450661604233,-1.5525788667786091
C,0.2,1,0.8755344114642668,0.9818379297379101,0.4672494156469986,0.9818379297379101,0.8755344114642668,82.95067120438733,85.26609461808196,8672.480435153653,27.018730097917086,0.6534616565388146,0.019482686759578517,0.023154234136946315
C,0.2,1,0.3455872295630604,0.723881504786982,0.5984676364743956,0.723881504786982,0.3455872295630604,32.71519049683711,32.97281394048763,2238.868237069939,-9.107222333376502,0.6191423106660571,0.05242702399173612,-0.9108222333376501
C,0.2,1,0.4008605658658021,0.1452364281849512,0.3274044714598731,0.1452364281849512,0.4008605658658021,40.768581518349286,40.775914993687664,1446.8753880487795,-14.253605517541317,0.584900728330461,0.10608958079989997,-1.4254605517541317
C,0.2,1,0.6264611294419278,0.8672589731141169,0.7695582351218396,0.8672589731141169,0.6264611294419278,28.680046683930314,29.329694868352195,2693.7722664340617,-4.775358749877427,0.6406532649949293,0.02871370262090119,-0.4776358749877427
C,0.2,1,0.6448940622473561,0.9338043817018049,0.7275287106842195,0.9338043817018049,0.6448940622473561,0.7312499647033576,42.66193201629065,71.02129267096635,-24.877713659461666,0.5417190371974226,0.16778049512808468,-2.487871365946167
C,0.2,1,0.9260217308498452,0.833338634825709,0.9887678502005675,0.833338634825709,0.9260217308498452,27.673500835727584,27.831532093853628,3118.449725715071,0.04878818359644923,0.6576015749510458,0.016255341408084392,0.0015803125812604436
C,0.2,1,0.3367550113170975,0.5250927534549622,0.7045181078222233,0.5250927534549622,0.3367550113170975,45.37620534126666,46.88165679475198,2754.57801553998,-5.810379062005619,0.6023652286629283,0.09504534233824075,-0.5811379062005619
C,0.2,1,0.942292837978826,0.04941498539059486,0.6112079745482113,0.04941498539059486,0.942292837978826,28.889165188316202,28.910682981316672,1873.9127599217213,-9.439801283359463,0.6283085995638532,0.03664233744218296,-0.9440801283359462
C,0.2,1,0.6535100451752998,0.7140329189603646,0.7498100180989608,0.7140329189603646,0.6535100451752998,28.03327853416892,28.281976654491636,2442.3264681798632,-6.353918445673078,0.638401358389563,0.029988084562627026,-0.6354918445673079
C,0.2,1,0.7265266405572378,0.8855245313673497,0.8769510455643387,0.8855245313673497,0.7265266405572378,21.30560006707356,46.63576611941369,2184.3850842140205,-13.572290673453262,0.5808734448292684,0.10995500346989134,-1.3573290673453262
C,0.2,1,0.7932333765878027,0.7996612502965265,0.6077577927133033,0.7996612502965265,0.7932333765878027,45.84241017416227,47.77982734857614,4347.633492995197,5.141576467530636,0.6405172436584435,0.027610125674408514,0.019374171744138736
C,0.2,1,0.9122347430799177,0.9955679808506813,0.3816888303749333,0.9955679808506813,0.9122347430799177,2.651556628004799,10.96863225603214,278.23408657859085,-26.90942527993739,0.6431531671855898,0.006684650066398581,-2.6910425279937393
C,0.2,1,0.2083128589324864,0.8713648112399196,0.8368006954275562,0.8713648112399196,0.2083128589324864,18.8431228579008,21.882348676219376,1411.4234070874938,-16.412550839467432,0.6277607573783043,0.026175167261531053,-1.6413550839467432
C,0.2,1,0.9260217308498452,0.8871576579059237,0.07445586533657689,0.8871576579059237,0.9260217308498452,25.789074698982706,27.831532093853628,2386.0146317874755,-7.094839822630557,0.6389277702122936,0.023439912437097116,-0.7095839822630557
C,0.2,1,0.5750612931084431,0.8276258433271768,0.2820733876502046,0.8276258433271768,0.5750612931084431,20.135771368565287,33.468457722791015,1554.2035051167898,-17.002520309568812,0.5965464026839784,0.062333632649517946,-1.7003520309568814
C,0.2,1,0.9511661938729351,0.8694412835679923,0.723409228856323,0.8694412835679923,0.9511661938729351,10.621553895657135,24.69375176422198,1158.9772750465895,-20.20633800567019,0.6097904321219247,0.03509852349001794,-2.0207338005670192
C,0.2,1,0.6389685771094126,0.8235992322358078,0.9063004119597583,0.8235992322358078,0.6389685771094126,7.1810727602722775,9.59998064462183,687.845522810697,-22.252542398168046,0.6627983762231308,0.0038316075280046638,-2.225354239816805
C,0.2,1,0.37468656391333843,0.726065240761128,0.8575947871497235,0.726065240761128,0.37468656391333843,6.697016678072886,16.778981454643045,512.170824530438,-24.755609977550616,0.6228606734533791,0.01808220807650302,-2.4756609977550617
C,0.2,1,0.41724968663890427,0.6950392455826234,0.8499711414432642,0.6950392455826234,0.41724968663890427,16.13856965559496,45.87242021118764,1240.4705822759151,-18.427034609489105,0.560800722888794,0.1437332974777039,-1.8428034609489106
C,0.2,1,0.6542767254529906,0.8335937595854513,0.6145852437143995,0.8335937595854513,0.6542767254529906,34.12991626454257,35.199753008125775,3063.4383259772167,-2.5178016543552744,0.6356295115118686,0.034984297583880074,-0.25188016543552744
C,0.2,1,0.829422330181909,0.7055244215536526,0.9308455492048012,0.7055244215536526,0.829422330181909,26.88056411192911,28.035229858879486,2688.553065013843,-4.614055288250595,0.644633779784677,0.022894210457695522,-0.4615055288250596
C,0.2,1,0.0912270747413465,0.8178862216476639,0.60949251144536,0.8178862216476639,0.0912270747413465,49.99701976390202,50.03844751171711,3034.4680008764717,-4.010745817766172,0.60138668839175,0.1078580634886136,-0.40117458177661725
C,0.2,1,0.8143289409653539,0.7007006912133633,0.41326527056151025,0.7007006912133633,0.8143289409653539,40.14533422038299,41.298149928216276,3455.8353570891463,0.12169815184056723,0.6340495332722792,0.03486945012654961,0.01152815707833284
C,0.2,1,0.6880799898477434,0.777000003568327,0.8522687024777028,0.777000003568327,0.6880799898477434,33.603740833405574,33.98663848231529,3177.5938349101484,-1.1346692318948293,0.6415415335435266,0.030561107348556053,-0.11356692318948292
C,0.2,1,0.7437887154221753,0.9245353412511522,0.5883734630058638,0.9245353412511522,0.7437887154221753,31.997875279478095,32.70603108604811,3139.8087717347103,-1.204502568224314,0.6442651798170933,0.025997512493313637,-0.1205502568224314
C,0.2,1,0.9198453707767495,0.8061923309973646,0.6606091843459513,0.8061923309973646,0.9198453707767495,33.543378792558755,33.73942141834487,3448.8334246513214,2.010482225766304,0.6514922684212625,0.02025533027853251,0.00196042625786113
C,0.2,1,0.4048768292906133,0.6778792671642474,0.31098476647018514,0.6778792671642474,0.4048768292906133,16.530703567704,31.305708353980215,1023.455928045738,-20.567376291695552,0.5898302039496058,0.06540364027686217,-2.0568376291695554
C,0.2,1,0.9519486607258014,0.7269118410626774,0.6385098273736497,0.7269118410626774,0.9519486607258014,26.027743928415685,26.228483090249938,2600.321818670556,-3.606954014678947,0.6512638282404601,0.019471468421612962,-0.3607954014678947
C,0.2,1,0.7800505742228923,0.8781594061999379,0.266093651756682,0.8781594061999379,0.7800505742228923,30.97518195831673,31.268899968255482,2774.2252754626043,-3.235863762243244,0.641011740484966,0.029326726517338392,-0.3236863762243244
C,0.2,1,0.9067128729954994,0.7585091696443668,0.20817313681409766,0.7585091696443668,0.9067128729954994,50.845236912439326,50.9880881694043,4498.045774994968,7.976839257089435,0.6420192569518508,0.029648502576724023,0.0014285125696497402
C,0.2,1,0.8755100194699249,0.9442312027998851,0.4319648474868284,0.9442312027998851,0.8755100194699249,26.775485429514124,26.928558717809647,2725.3744411172224,-2.771852062193362,0.6518387865360113,0.01973608600702509,-0.27728520621933617
C,0.2,1,0.6156195132216516,0.9397777089623469,0.38636763973075905,0.9397777089623469,0.6156195132216516,44.117289718813716,46.653957539511524,3857.13282144588,1.5383384419238038,0.6310802190691167,0.03770963343976715,0.02536667820697808
C,0.2,1,0.8818670652942218,0.5291702002555703,0.8018130399402463,0.5291702002555703,0.8818670652942218,19.024049299364183,28.19980951009846,1723.5253951703712,-15.557999859058729,0.6143718341840897,0.03688770098740513,-1.5558999859058729
C,0.2,1,0.1942864917061643,0.7719451288149409,0.9368050959357157,0.7719451288149409,0.1942864917061643,5.586445611465024,11.180156897608557,400.725287730647,-25.867308752086437,0.6447320429694418,0.006959987413859735,-2.5868308752086437
C,0.2,1,0.8755344114642668,0.8080067534954013,0.34748033864547023,0.8080067534954013,0.8755344114642668,20.410398256510803,29.57334161445624,1895.3925853543813,-14.374652829153463,0.6148320994788306,0.0377048272080182,-1.4375652829153462
C,0.2,1,0.7898674333933108,0.7144473025476608,0.5158627408563846,0.7144473025476608,0.7898674333933108,30.872691849734498,32.461243007191406,2720.264050266482,-5.014122419907533,0.6342631203364667,0.03221466857867786,-0.5015122419907534
C,0.2,1,0.8245059013707507,0.8753355228169944,0.7495126194474725,0.8753355228169944,0.8245059013707507,0.29459416131300137,33.1707221497411,30.558218974175304,-26.7371371935695,0.5629223545274648,0.10208687030783511,-2.67381371935695
C,0.2,1,0.9079981833066618,0.6368290701298023,0.10739533707700033,0.6368290701298023,0.9079981833066618,42.55929661204656,43.043305239112954,3401.604814804055,0.602601736482701,0.6323823073133826,0.03904450048578115,0.004840086270663946
C,0.2,1,0.8114882064108553,0.6483112260878127,0.6607242198987845,0.6483112260878127,0.8114882064108553,35.493911175307055,35.757326203825,3176.9917388551057,-0.7186850255433568,0.6396879542949367,0.0322033746109083,-0.07196850255433568
C,0.2,1,0.05155910868091462,0.8849458368339672,0.5984676364743956,0.8849458368339672,0.05155910868091462,33.266758795266966,33.52872569289993,2055.451169385091,-11.440990347157328,0.610303754819815,0.06285248411222885,-1.1441990347157327
C,0.2,1,0.9179054362156314,0.6892930019598271,0.05872407314031913,0.6892930019598271,0.9179054362156314,22.854791223695937,23.096727220404524,1870.1623987631904,-9.002913871809671,0.6446734347398861,0.020128622543651047,-0.900391387180967
C,0.2,1,0.8897294977752037,0.8893382298913984,0.2228118417537447,0.8893382298913984,0.8897294977752037,5.086508161452972,26.33372505662216,480.795482116408,-25.037950178958123,0.5896965338830905,0.05401865756437566,-2.5038950178958124
C,0.2,1,0.7919626544740836,0.6798174177208527,0.5892254928182027,0.6798174177208527,0.7919626544740836,39.770257044241106,40.775914993687664,3512.494821849207,0.5990402589621833,0.6360510247960555,0.033600475106555394,0.01005657949446558
C,0.2,1,0.5532121769484877,0.7956104756886879,0.808303915491309,0.7956104756886879,0.5532121769484877,46.850698951740334,46.88165679475198,4106.4042870545145,4.461356554184831,0.6355731859202214,0.040578257274005776,0.00030957843011648835
C,0.2,1,0.6877672814955641,0.8584489281919859,0.0847171847501107,0.8584489281919859,0.6877672814955641,36.42735672467964,40.101315847178896,2893.3790499285938,-5.521473329108525,0.619519542115649,0.04849070749344107,-0.5522473329108525
C,0.2,1,0.7998153783364321,0.8978455680577433,0.8843983564864863,0.8978455680577433,0.7998153783364321,45.42662464331023,60.22313418858467,4860.331133554553,2.7996004540643344,0.6255746225265852,0.02032584102565999,0.14796509545274447
C,0.2,1,0.20718123514670184,0.8959808302209609,0.7866221828212923,0.8959808302209609,0.20718123514670184,22.040128051955996,22.055469040284276,1649.1230000854373,-14.503114775519283,0.6321447766313786,0.02615263499445957,-1.4504114775519281
C,0.2,1,0.4830383001649098,0.8579046268093105,0.9504269527353982,0.8579046268093105,0.4830383001649098,1.8919440596799268,22.934692466724236,171.8033159376203,-27.213627511238364,0.5937171686535071,0.043678069680502404,-2.7214627511238367
C,0.2,1,0.7932333765878027,0.8409131177562624,0.6864279259353692,0.8409131177562624,0.7932333765878027,32.92179927240193,33.68940121607296,3254.913203240115,-0.41665592361527387,0.6448612793073197,0.024824180452066632,-0.04176559236152739
C,0.2,1,0.8463297346088394,0.8493966314755188,0.8936613144835661,0.8493966314755188,0.8463297346088394,29.495936432788028,31.538758238725812,3159.8362881825697,-1.8605283936369064,0.6457949276883466,0.02013888935592276,-0.18615283936369062
C,0.2,1,0.8279742500827757,0.8484878130749063,0.5702345192440907,0.8484878130749063,0.8279742500827757,35.613274126762576,36.49071327296459,3492.9131071771862,1.1153915945256159,0.6445939634553121,0.024436558716090427,0.008774391462020147
C,0.2,1,0.5816800128200573,0.8429440136590023,0.4277560520656013,0.8429440136590023,0.5816800128200573,8.45180686675908,12.80327947010959,692.4151449309293,-22.46673621849839,0.6457788760941552,0.00805392146837642,-2.2467736218498393
C,0.2,1,0.8935797280329452,0.7370358428184528,0.7286245024989055,0.7370358428184528,0.8935797280329452,1.224652393657412,22.982203470370887,122.15465662547874,-27.606272168721,0.5923655467319748,0.04466757469788172,-2.7607272168721
C,0.2,1,0.6545974563534611,0.9782036841750938,0.7683983046273907,0.9782036841750938,0.6545974563534611,32.233106106395546,32.99903622925618,3250.709222790757,-0.7430495844231293,0.6448573303372813,0.026124661419635802,-0.07440495844231293
C,0.2,1,0.15918542991103513,0.6274049062140814,0.9147714851145414,0.6274049062140814,0.15918542991103513,20.383443337937482,20.550529987108796,1267.825795678605,-18.05560728875028,0.6272355923134196,0.0253102666862335,-1.8056607288750282
C,0.2,1,0.9626459650080869,0.7920982939751924,0.6708671881643236,0.7920982939751924,0.9626459650080869,31.063311592938327,31.259724045838265,3246.392296721533,0.9161770547838995,0.6531116922163281,0.018755982816094634,0.001964124528999385
C,0.2,1,0.6535709144736248,0.6541399630899315,0.8993390134439726,0.6541399630899315,0.6535709144736248,41.5174920442056,48.77084273328417,3648.1013061608996,-2.0021156876181196,0.6198300256598156,0.040487962775669295,-0.20031156876181194
C,0.2,1,0.6593159799098465,0.6755644417268214,0.07744574676540172,0.6755644417268214,0.6593159799098465,56.551315017651845,66.50559241464596,3883.953632296245,-1.5399125427588702,0.6084140459625822,0.06736847004195626,-0.15409125427588702
C,0.2,1,0.5819854173772133,0.4962309191250234,0.7286245024989055,0.4962309191250234,0.5819854173772133,46.809430413656564,88.72818618344576,3376.197077403649,-5.265887576072074,0.584738147352015,0.23048613824688002,-0.5266887576072075
C,0.2,1,0.2495783089931891,0.9365342158887218,0.5262800259052118,0.9365342158887218,0.2495783089931891,2.6364505376821916,5.451499218977202,191.04413163055466,-27.96802539284622,0.6780234835155261,0.0011166925808301982,-2.796902539284622
C,0.2,1,0.6318648358401295,0.8274545814566625,0.11698546584322733,0.8274545814566625,0.6318648358401295,38.17818922351338,38.825465426366634,2897.3659738393003,-3.525208327069085,0.6254625471030495,0.04998158999387867,-0.35262083270690847
C,0.2,1,0.7622916156119951,0.8579702915419746,0.21355781099403648,0.8579702915419746,0.7622916156119951,8.497080216129678,27.293202901564197,733.7402160812616,-23.258267559329344,0.5925723098749077,0.05335804167842793,-2.3259267559329344
C,0.2,1,0.539168564497069,0.873583187658525,0.7825008460187347,0.873583187658525,0.539168564497069,36.71912701315593,41.01204644636073,3312.0692500945897,-2.6879343777646185,0.6266324666526741,0.040659630650138806,-0.26889343777646185
C,0.2,1,0.4086192860965491,0.7620325718100079,0.7119937862914342,0.7620325718100079,0.4086192860965491,21.10326110287865,21.46995268926235,1610.8633602919863,-13.877998750876502,0.6358281965407152,0.023042623435841837,-1.3878998750876501
C,0.2,1,0.9176706907302407,0.9548795713017221,0.31098476647018514,0.9548795713017221,0.9176706907302407,19.818289424291482,23.18751551045087,2009.6168054354102,-10.691406211706372,0.6408245992750689,0.018012178668061624,-1.0692406211706371
C,0.2,1,0.93664551306185,0.7004385166506238,0.8234265670066786,0.7004385166506238,0.93664551306185,32.95346446008706,33.73942141834487,3375.748472348958,0.7457542390563672,0.648439140109328,0.020635408365451996,0.00785956958257806
C,0.2,1,0.9804132811208807,0.6876983578491366,0.7500702834525604,0.6876983578491366,0.9804132811208807,23.356006687256468,28.3017362197784,2385.9874936494625,-9.244916346812808,0.6326961214982613,0.024336789717996896,-0.9245916346812807
C,0.2,1,0.21122750875433516,0.5961909551675214,0.3666662223860127,0.5961909551675214,0.21122750875433516,33.3626901095767,34.04559205188621,1652.7068888066085,-13.871827203717574,0.6020046787785243,0.06965509598959616,-1.3872827203717573
C,0.2,1,0.7800505742228923,0.6778517833877056,0.8674386328477502,0.6778517833877056,0.7800505742228923,13.555233832461521,24.532718180617596,1282.0687057044793,-18.852939287203874,0.6141463895875527,0.03245928867743483,-1.8853939287203876
C,0.2,1,0.8362454246488586,0.9863954166227732,0.576283140241232,0.9863954166227732,0.8362454246488586,45.24691353185678,57.94366874176483,4775.319462641459,2.5913291296966925,0.6268024801721815,0.019800761603285342,0.12696755209908056
C,0.2,1,0.8451456691257386,0.5391387019088844,0.8003560962950483,0.5391387019088844,0.8451456691257386,40.373479767737074,42.694884994331,3602.2478688568785,-0.02985542039729525,0.6326176477218962,0.03231982401157114,-0.003085542039729525
C,0.2,1,0.8405984739648488,0.9687249388568983,0.743706243423787,0.9687249388568983,0.8405984739648488,29.806231531522116,29.994241023702312,3250.6326399716368,0.6370172468870805,0.6546417613538458,0.018394771266599524,0.0018800949218019626
C,0.2,1,0.5579705466739402,0.4120896172889117,0.797184138135902,0.4120896172889117,0.5579705466739402,13.417766329493652,18.340564870960257,918.2127924573501,-20.79970400546602,0.6279517499556535,0.018512134096307968,-2.080070400546602
C,0.2,1,0.6525241694295507,0.8734051160793438,0.5731168990520205,0.8734051160793438,0.6525241694295507,5.89381887859067,13.633211790397514,534.1237214981384,-24.489451107435265,0.6366914496573243,0.01034776900967799,-2.4490451107435267
C,0.2,1,0.37703205646022975,0.7764416073233887,0.86278473647761,0.7764416073233887,0.37703205646022975,50.0963767220855,52.88561035874078,3969.802289711607,1.9561748489334418,0.6223952439455889,0.058034320675319315,0.027892336366552754
C,0.2,1,0.9079981833066618,0.793327282350086,0.10739533707700033,0.793327282350086,0.9079981833066618,18.042440518975276,21.498798987505257,1583.2450254071662,-14.153279772577216,0.6361553092309955,0.018373902752214927,-1.4154279772577216
C,0.2,1,0.4413930339273203,0.9911128279245967,0.859657642532713,0.9911128279245967,0.4413930339273203,29.83211179245521,41.96449728504547,2777.868823087549,-8.164247245627832,0.6088491888990114,0.060269840397952974,-0.8165247245627831
C,0.2,1,0.7942656789253824,0.8316394632086905,0.8198764749764691,0.8316394632086905,0.7942656789253824,30.22697027516455,36.3624523077371,3076.8688660367015,-5.068358073721815,0.6291384768565464,0.029853666969200502,-0.5069358073721816
C,0.2,1,0.8966089168453755,0.5217141557312225,0.5469340229027319,0.5217141557312225,0.8966089168453755,33.48166795580077,34.65517081329336,2832.1976922170284,-3.885121752809809,0.6332868696927018,0.034441783549137794,-0.3886121752809809
C,0.2,1,0.2620026169285915,0.929561475564529,0.4025731514426596,0.929561475564529,0.2620026169285915,23.227107311842104,24.035268703351615,1617.594596999401,-14.187038495754399,0.627321591663188,0.03080594964963394,-1.4188038495754398
C,0.2,1,0.5729437323942448,0.8606672181675307,0.6542234697352138,0.8606672181675307,0.5729437323942448,3.5290761042754997,27.817232358030918,310.686217770231,-25.830770137529825,0.5824369946451061,0.06453277770473759,-2.583177013752983
C,0.2,1,0.8614066352113268,0.8029988985898634,0.5118129126310669,0.8029988985898634,0.8614066352113268,41.03995637982734,41.474396697152834,3940.476015502488,4.387486622879295,0.6458742967491505,0.02516292963893716,0.00434440317325496
C,0.2,1,0.5165634227933412,0.9779336608975162,0.808303915491309,0.9779336608975162,0.5165634227933412,12.63825651603773,13.050081417235276,1199.7806809801893,-17.13946813734238,0.6582978332809278,0.007480603989300013,-1.7140468137342382
C,0.2,1,0.5335764211155714,0.46085619632757385,0.7725574443898917,0.46085619632757385,0.5335764211155714,37.65406076607498,39.31709152359534,2599.4694341570735,-6.826003900400201,0.6141512291050722,0.0633981905441813,-0.6827003900400201
C,0.2,1,0.6448940622473561,0.9338043817018049,0.45916573397690197,0.9338043817018049,0.6448940622473561,40.35072976752156,40.89901487085995,3648.27352606516,1.7456425062936616,0.6384858545606793,0.03408613034748992,0.0054828510333839375
C,0.2,1,0.9462472767944141,0.8959808302209609,0.9876387782788771,0.8959808302209609,0.9462472767944141,28.228077594545752,28.247905271837475,3297.10649930012,1.6527175558102152,0.6610347937545606,0.014484688933427484,0.00019827677291722523
C,0.2,1,0.9371958030687515,0.9122857851427576,0.8618846371315149,0.9122857851427576,0.9371958030687515,27.39230324778904,28.024881703052664,3123.3031593975343,-0.2850443908007055,0.6566613624931464,0.015342803290455865,-0.02860443908007055
C,0.2,1,0.22955430649659203,0.6493919594505242,0.5740876939883092,0.6493919594505242,0.22955430649659203,22.29845279820488,22.912396643580546,1299.9887748297253,-17.096765664528526,0.6225010334683039,0.03111437908249454,-1.7097765664528528
C,0.2,1,0.21757260041329574,0.9037497474532502,0.450581397713558,0.9037497474532502,0.21757260041329574,51.532122046573406,53.86828163624878,3469.6913936627216,-1.0404702733249882,0.6085764474650615,0.08982021348413373,-0.10414702733249881
C,0.2,1,0.6264611294419278,0.7898197315627828,0.4988489893760082,0.7898197315627828,0.6264611294419278,54.16564755638601,65.36700634132681,4511.200461461809,1.9632260470387415,0.6216133893950131,0.043175485035790946,0.11201358784940801
C,0.2,1,0.7608535168225217,0.8484878130749063,0.7467351098138052,0.8484878130749063,0.7608535168225217,36.18310889172462,36.49071327296459,3587.0285739732485,2.0552999236482377,0.6465944167149115,0.02536598828882101,0.0030760438123996893
C,0.2,1,0.5250714098152951,0.7370358428184528,0.986979958080103,0.7370358428184528,0.5250714098152951,18.019978316987473,18.622784682904207,1581.791202406255,-13.916855405250097,0.6450203613915647,0.015915728939677014,-1.3917855405250097
C,0.2,1,0.9145165802187653,0.9121784030225113,0.5999039862016073,0.9121784030225113,0.9145165802187653,24.88709220390254,25.158489257705224,2646.3029692687946,-3.2980207948163787,0.6547171321961642,0.017106180342292495,-0.32990207948163786
C,0.2,1,0.726204924685812,0.5553776316532871,0.9904380056551243,0.5553776316532871,0.726204924685812,24.697633796657886,28.699222482666237,2194.139711881448,-10.365641083286611,0.6274829285314696,0.031795345792435946,-1.0366641083286612
C,0.2,1,0.6742991843404629,0.9082542366897186,0.5824974282005229,0.9082542366897186,0.6742991843404629,39.90594365595948,40.360523678155786,3738.792121346602,2.5245008995682974,0.6416422328148136,0.030782203175683705,0.004545800221963035
C,0.2,1,0.5750612931084431,0.7949866376868255,0.9993076346119752,0.7949866376868255,0.5750612931084431,31.983422137176102,88.72818618344576,2989.973014006928,-7.108663066732192,0.5708814673090822,0.29809690439082986,-0.7109663066732193
C,0.2,1,0.9716427171914048,0.8938089072036564,0.6161773695409231,0.8938089072036564,0.9716427171914048,18.16041789269166,31.259724045838265,1973.6200160528065,-14.567759007435816,0.6105600280223132,0.04303489998191168,-1.4568759007435816
C,0.2,1,0.19454463203365635,0.9016005944174131,0.9887678502005675,0.9016005944174131,0.19454463203365635,49.89089054139325,85.81327902951355,3967.645790147182,-2.3106543989438877,0.6065433899934561,0.10003494155169261,-0.23116543989438876
C,0.2,1,0.8500215719267623,0.8823805998346923,0.7398085334110758,0.8823805998346923,0.8500215719267623,25.132413451069386,38.825465426366634,2641.8017306198817,-10.179946112202522,0.6095321309433375,0.05175859860871551,-1.0180946112202522
C,0.2,1,0.30369962656764093,0.6339469868004888,0.870490775274977,0.6339469868004888,0.30369962656764093,51.56570595075137,60.574538863694784,3539.7072612997185,-2.1595339275473555,0.6008225313344241,0.09237589922220736,-0.21605339275473553
C,0.2,1,0.8403809177000406,0.8021432877435042,0.7648759012288884,0.8021432877435042,0.8403809177000406,32.093174857397656,32.428650263647626,3249.3732276991004,0.15833060983686764,0.6486061259907745,0.02269136304132294,0.003354754062499694
C,0.2,1,0.909673213499882,0.8880056124346877,0.004745934568929244,0.8880056124346877,0.909673213499882,2.308994750962196,7.336999954195589,207.8155071001419,-27.234409755873315,0.6645667744800218,0.0023184635907219342,-2.7235409755873317
C,0.2,1,0.9108297604860862,0.7055244215536526,0.7070358648333809,0.7055244215536526,0.9108297604860862,34.300104483846795,35.01870200783582,3378.3409672835865,0.6741321148716348,0.6458683549812763,0.02315611894852911,0.007185975239890254
C,0.2,1,0.8143289409653539,0.7007006912133633,0.8351847183440794,0.7007006912133633,0.8143289409653539,40.85926279275803,41.3315205839673,3948.2754911831953,4.129597566106445,0.6451593445134393,0.026534544173740817,0.0047225779120926605
C,0.2,1,0.8431607246859975,0.9548795713017221,0.12807901464000293,0.9548795713017221,0.8431607246859975,6.364544380407196,25.917907057611494,592.5644774005947,-24.32459993388185,0.593288096846563,0.04993983103065326,-2.432559993388185
C,0.2,1,0.8359793738856438,0.9674676913990585,0.8090451282484507,0.9674676913990585,0.8359793738856438,40.92470654129833,40.990724260011426,4518.02545678298,8.779766985992156,0.6561298379307471,0.017988648769000793,0.0006601771871309836
C,0.2,1,0.9705249101805931,0.9597842818071534,0.6706423895976921,0.9597842818071534,0.9705249101805931,40.57891176570193,40.64547744218999,4596.8407779553145,9.904097208840232,0.6599737001761322,0.01484705370951332,0.0006656567648806089
C,0.2,1,0.06354964272404207,0.9583016050422539,0.3666662223860127,0.9583016050422539,0.06354964272404207,19.959040485742857,20.19140886650268,1202.7161706626382,-18.567874380182346,0.6270183621338169,0.02476776223582249,-1.8568874380182347
C,0.2,1,0.7966217638031245,0.8925788091033797,0.9538186594431157,0.8925788091033797,0.7966217638031245,26.609502947312947,28.88390798031454,2881.955391909259,-3.932004303211393,0.6452181279168101,0.02079902572902372,-0.39330043032113926
C,0.2,1,0.7950365332584632,0.7975172076480763,0.4319648474868284,0.7975172076480763,0.7950365332584632,7.493676166230447,25.093009728117856,677.629217640159,-23.712913064064463,0.5977329426647998,0.04473240768322003,-2.3713913064064465
C,0.2,1,0.6107854121312745,0.9701996230160918,0.576283140241232,0.9701996230160918,0.6107854121312745,33.98930609373984,57.94366874176483,3176.515815720314,-7.438493670002612,0.5888155736894026,0.10506690591868686,-0.7439493670002613
C,0.2,1,0.9147941060487472,0.5391387019088844,0.6720911666099144,0.5391387019088844,0.9147941060487472,42.15811660593207,42.694884994331,3773.1058870473457,2.961311792459691,0.6400936507865165,0.030143727312997477,0.005367683883989258
C,0.2,1,0.13098895908655528,0.8707479958436225,0.743706243423787,0.8707479958436225,0.13098895908655528,43.34516443951977,49.16744025630865,2976.9243872271572,-4.855571616337396,0.6032079476006956,0.09210262317496462,-0.4856571616337396
C,0.2,1,0.4626822419562334,0.7531534174850043,0.6999477278836311,0.7531534174850043,0.4626822419562334,48.67841611210285,48.883769853627605,3811.0563765766856,2.0546161103140896,0.6259844053776864,0.05648421880135415,0.002053537415247533
C,0.2,1,0.7248352882378911,0.7863448936579991,0.5664331253881194,0.7863448936579991,0.7248352882378911,46.08706021538361,48.458465119279715,4134.923540910268,3.324787319436308,0.6344196204440451,0.03349855147163682,0.023714049038961064
C,0.2,1,0.6769211363128397,0.6796655211974374,0.7267835370469609,0.6796655211974374,0.6769211363128397,13.02105565882527,13.862946607374205,1119.796740868212,-17.195046962983863,0.6546598887328999,0.008374061570358596,-1.7196046962983864
C,0.2,1,0.7942656789253824,0.8661123448655781,0.8064383347915742,0.8661123448655781,0.7942656789253824,37.77566309527713,38.85377992424976,3897.6876129315388,3.5094096101614114,0.6476255990509977,0.022349831370090518,0.010781168289726252
C,0.2,1,0.9822810971453526,0.6693858074798205,0.9355910087545569,0.6693858074798205,0.9822810971453526,8.174655063223977,43.043305239112954,866.293705653239,-21.06626093601334,0.5569817451010286,0.14159837100067255,-2.106726093601334
C,0.2,1,0.8294226789566659,0.6892930019598271,0.8045030370420853,0.6892930019598271,0.8294226789566659,0.25599410591424826,31.040843322421587,24.587814035530467,-27.105606325216577,0.5681451363950139,0.08896765891603373,-2.710660632521658
C,0.2,1,0.1942864917061643,0.5746020407361196,0.9772708110115172,0.5746020407361196,0.1942864917061643,94.28277326409466,94.38654900612731,5928.142215786336,13.052130508963298,0.6043806055529024,0.10843419308083127,0.0010377574203265282
C,0.2,1,0.8477799002136877,0.723881504786982,0.4791223809077868,0.723881504786982,0.8477799002136877,49.079551312843115,49.4660397553683,4444.699615629655,7.183229915364485,0.6424645762851523,0.029827886217675067,0.0038648844252518444
C,0.2,1,0.6742991843404629,0.9082542366897186,0.5824974282005229,0.9082542366897186,0.6742991843404629,39.75157146130478,40.360523678155786,3724.328973949164,2.3075205617495653,0.6411380437596033,0.030782203175683705,0.006089522168510086
C,0.2,1,0.7177835383749439,0.868996526107086,0.4037882102872018,0.868996526107086,0.7177835383749439,16.249667498316615,16.50565239635847,1453.2680259622036,-13.397617764522149,0.6539349397320309,0.011294684878625956,-1.339861776452215
C,0.2,1,0.7322505723435018,0.7947419156718128,0.7296979669939938,0.7947419156718128,0.7322505723435018,37.94164354081988,38.26674629682181,3588.978737393013,1.791427914878394,0.6427935269893763,0.029364098873824924,0.003251027560019253
C,0.2,1,0.7497017126902435,0.23007002763557916,0.808303915491309,0.23007002763557916,0.7497017126902435,29.397863812151463,29.636884541189417,2034.2200201157152,-9.3573391847743,0.6266980613289984,0.03913643481156768,-0.93583391847743
C,0.2,1,0.9994954619482453,0.9893276951254489,0.9133687144781212,0.9893276951254489,0.9994954619482453,25.158416489060688,25.36192296784724,3076.254828610391,0.36821989949310513,0.6641814882143707,0.012114991693236363,0.002035064787865508
C,0.2,1,0.6448940622473561,0.7007754428533286,0.5585327794751423,0.7007754428533286,0.6448940622473561,40.80224229968597,40.89901487085995,3315.051405132378,-0.4049025148906969,0.631133239946642,0.045859490278170455,-0.04059025148906969
C,0.2,1,0.9603158404054506,0.7853736277373418,0.450581397713558,0.7853736277373418,0.9603158404054506,25.497974381548143,25.711144588830475,2512.800090234728,-4.091508309919114,0.6512349255535005,0.019091965493455442,-0.4092508309919114
C,0.2,1,0.5204330665885818,0.80056492478584,0.9669067854844711,0.80056492478584,0.5204330665885818,15.516428274184296,16.809284263457492,1399.9320237949346,-15.693690090646951,0.6468393660733633,0.012950324480107675,-1.569469009064695
C,0.2,1,0.7643066927886741,0.8484878130749063,0.7999971521206628,0.8484878130749063,0.7643066927886741,35.62001209086169,36.49071327296459,3584.785695726626,1.5615169916577443,0.6456480057235687,0.024426500738136833,0.008707011821028985
C,0.2,1,0.8083260968738076,0.845465121159942,0.7721855116303705,0.845465121159942,0.8083260968738076,22.821473576501386,63.77513035513527,2327.6579104161056,-11.676194361707722,0.5591406386560703,0.2098932801141412,-1.1677194361707721
C,0.2,1,0.5553521343137751,0.9893276951254489,0.8234337828466527,0.9893276951254489,0.5553521343137751,5.070507050119779,15.139346506299805,495.99616829823896,-24.973536226401944,0.6288824777057759,0.014000639402725683,-2.4974536226401947
C,0.2,1,0.7465227393145991,0.7659751152153843,0.9147107499628425,0.7659751152153843,0.7465227393145991,26.00701211845505,26.059146264254206,2561.499840574046,-4.826367059832475,0.6479829974465998,0.022456444366307587,-0.4827367059832476
C,0.2,1,0.369763063608061,0.7370358428184528,0.8363813030119078,0.7370358428184528,0.369763063608061,41.73384061073356,41.824538101635525,3182.183557189332,-2.3705406877849007,0.6223597043392395,0.06147670919998238,-0.23715406877849005
C,0.2,1,0.9200118981894688,0.9449415019937079,0.8129781404037184,0.9449415019937079,0.9200118981894688,37.146928175584634,38.2379766197461,4218.855515118274,6.186385681893443,0.6561626249512822,0.015619040880196975,0.010910484441614656
C,0.2,1,0.6742991843404629,0.9082542366897186,0.8422434768078659,0.9082542366897186,0.6742991843404629,39.90594365595948,40.360523678155786,3997.92740086117,4.278045428340761,0.6466954825840553,0.0263967152101547,0.004545800221963035
C,0.2,1,0.980049344007019,0.9882842025171721,0.6332525483445045,0.9882842025171721,0.980049344007019,26.470762506873225,26.872606724818432,3024.2314375701594,-0.3625766988004087,0.6588976532669203,0.01432083652079134,-0.03635766988004087
C,0.2,1,0.9626459650080869,0.3789667029389411,0.962148374892659,0.3789667029389411,0.9626459650080869,31.063311592938327,31.259724045838265,2830.9344862718394,-2.539283784625641,0.6430931230382941,0.027426187214397605,-0.2540283784625641
C,0.2,1,0.5032660843264524,0.8508238545131667,0.6104990884753998,0.8508238545131667,0.5032660843264524,9.498422500199489,29.649764521891242,788.0553740765497,-22.50751835786992,0.5880227297564804,0.06331711527242795,-2.250851835786992
C,0.2,1,0.8108090132102811,0.5993831653267988,0.8555418986392576,0.5993831653267988,0.8108090132102811,32.06276733632522,32.428650263647626,2946.509207060711,-2.3811725091566918,0.6411159627063184,0.029775537539853774,-0.23821725091566917
C,0.2,1,0.2474310192867687,0.8045137526922538,0.4978710167413416,0.8045137526922538,0.2474310192867687,20.694938260299224,21.029250103450988,1346.0818542938825,-16.609381685584616,0.6297103214705597,0.024886450190475046,-1.6610381685584616
C,0.2,1,0.7362368096589025,0.9183091052663742,0.9784461396457521,0.9183091052663742,0.7362368096589025,45.27660342872304,61.4829788301578,4853.128908261917,2.6588555625395576,0.6254341905372914,0.021384874390894384,0.16206375401434756
C,0.2,1,0.8862936181391973,0.02809173379959784,0.40123899884662106,0.02809173379959784,0.8862936181391973,25.41327964632711,26.022340491664508,1416.7965047338291,-13.804982249978925,0.6235456728024793,0.034022660460997806,-1.3805982249978925
C,0.2,1,0.05637425106953653,0.7970478616541549,0.26969543063294055,0.7970478616541549,0.05637425106953653,26.8786833281434,27.26478986493311,1328.1695875325117,-17.0921843368161,0.6096809137451494,0.04795433068269548,-1.70931843368161
C,0.2,1,0.6396405239193839,0.6876983578491366,0.86613947951374,0.6876983578491366,0.6396405239193839,20.268770749749024,20.704910286748106,1784.065938778992,-11.591259472688128,0.64450014729463,0.018392529411680215,-1.1592259472688127
C,0.2,1,0.9465723225280607,0.6258253411355398,0.8819898337478093,0.6258253411355398,0.9465723225280607,34.27073056530851,35.08810499296562,3450.021732489603,1.0870840262021242,0.6470727876366925,0.021679474043013815,0.008173744276571072
C,0.2,1,0.9708249020679535,0.3723329170109827,0.7479081952503182,0.3723329170109827,0.9708249020679535,30.8875484813577,31.305708353980215,2651.8688787557394,-4.052216972442883,0.6388918546338362,0.02992216272126521,-0.40532169724428835
C,0.2,1,0.5660626162209852,0.8600560581146155,0.686244028620387,0.8600560581146155,0.5660626162209852,0.7242668416497896,22.144264828517763,64.0701182841894,-28.057188480020464,0.5938371372120592,0.04182124652481507,-2.8058188480020467
C,0.2,1,0.685387948375151,0.7837073052117227,0.576283140241232,0.7837073052117227,0.685387948375151,58.29639646262279,60.71511413217936,5122.028727678589,9.062227119973876,0.637906643417237,0.036389152716105176,0.02418717669556571
C,0.2,1,0.7393863331863959,0.5961909551675214,0.8518519180099625,0.5961909551675214,0.7393863331863959,50.71447746613869,50.9880881694043,4466.68583723565,6.917640149204887,0.6381774170225564,0.03601649010836558,0.0027361070326561076
C,0.2,1,0.43053666791409195,0.7975172076480763,0.741559948030941,0.7975172076480763,0.43053666791409195,19.423453071182294,20.504899518830328,1552.74371229445,-14.476182021524883,0.6373676050426343,0.020545993265186073,-1.4477182021524881
C,0.2,1,0.8405984739648488,0.9687249388568983,0.743706243423787,0.9687249388568983,0.8405984739648488,0.5516658450842769,17.151361044950384,60.16402981007476,-28.602871155906442,0.6106165252753214,0.0230529863337599,-2.8603871155906444
C,0.2,1,0.5579705466739402,0.20115283395471562,0.7269107839282498,0.20115283395471562,0.5579705466739402,27.86283615603854,28.13911044165738,1563.9114206499748,-13.708908445050874,0.617617137871496,0.043139235093916935,-1.3709908445050873
C,0.2,1,0.8874495220625127,0.5660251006267911,0.6849019931356656,0.5660251006267911,0.8874495220625127,12.686996134765998,21.447041532110795,1139.245069492126,-19.751757856954608,0.6208964589786398,0.024087492927433073,-1.975275785695461
C,0.2,1,0.7800505742228923,0.7531969288212226,0.4788680096145709,0.7531969288212226,0.7800505742228923,56.19713894523115,66.6403439666896,4980.981450118351,4.31144458583507,0.6293310275364081,0.03311616760858976,0.10443205021458446
C,0.2,1,0.9657043417428397,0.9828843592121448,0.7979686999123436,0.9828843592121448,0.9657043417428397,0.8943929443223632,22.172349028311285,104.9826386508131,-27.79950379966729,0.5945344593401121,0.041383955739181015,-2.780050379966729
C,0.2,1,0.9313463331188295,0.9480943500837106,0.8150225134931673,0.9480943500837106,0.9313463331188295,28.6610119899744,29.547828333227084,3277.317848568853,0.49676823471116993,0.6558128260049011,0.01519747710351392,0.008868163432526827
C,0.2,1,0.43731758420543887,0.9079347403535521,0.6548655324935557,0.9079347403535521,0.43731758420543887,2.201491389234496,41.96449728504547,184.12009121549104,-24.459680562329343,0.5455629372644316,0.15824566136322596,-2.446068056232934
C,0.2,1,0.699763063037856,0.6892930019598271,0.537037972208081,0.6892930019598271,0.699763063037856,20.689352090670408,20.908365205702562,1714.707692447728,-11.493798911198532,0.6441440274656971,0.018730852067422643,-1.1494798911198532
C,0.2,1,0.11119272063409968,0.808849528187736,0.9886014789061883,0.808849528187736,0.11119272063409968,20.656131837382453,20.818793394158657,1460.742761454221,-16.71071560357172,0.6299809952024029,0.025020546185410202,-1.6711715603571722
C,0.2,1,0.7919626544740836,0.9036562087355122,0.919974072583082,0.9036562087355122,0.7919626544740836,9.515041337498127,20.478989970100287,1025.5339620554078,-20.731585600040805,0.6210945976866964,0.02323384249093414,-2.0732585600040805
C,0.2,1,0.9345568306465205,0.9071202265927638,0.10739533707700033,0.9071202265927638,0.9345568306465205,42.113156180417,57.01243229813665,3991.0105923547444,-2.7631910614153834,0.612218465192898,0.031889090449839695,-0.2764191061415383
C,0.2,1,0.9766343155021708,0.14730894825182328,0.10173411401600907,0.14730894825182328,0.9766343155021708,17.36453947987915,17.52890628145764,1020.0020098120606,-17.615424297172943,0.6389550827196967,0.017219128575970282,-1.7616424297172943
C,0.2,1,0.903831089223575,0.879199385907073,0.9776485717753562,0.879199385907073,0.903831089223575,22.919899662861447,23.295941586674918,2603.534158556705,-3.875057075837647,0.6578823246973974,0.014847879725628982,-0.38760570758376467
C,0.2,1,0.9247817349452778,0.833338634825709,0.8272379001536634,0.833338634825709,0.9247817349452778,33.73885289407103,34.15916774088837,3663.59967183077,3.264249617376143,0.6544214853223564,0.017676036553869182,0.00420314846817341
C,0.2,1,0.6264611294419278,0.9033430513588175,0.8235552974072889,0.9033430513588175,0.6264611294419278,44.20371132436732,44.45534051696696,4291.25613520245,6.001000354489694,0.6441054572688408,0.029588691849130336,0.0025162919259964413
C,0.2,1,0.8162394131874909,0.9983670984064524,0.8903629982723021,0.9983670984064524,0.8162394131874909,21.06774735549662,22.02283358254778,2380.4321443520957,-6.310840902526569,0.6549881997822594,0.014759589602397595,-0.6311840902526569
C,0.2,1,0.7620211523728799,0.1930961018882028,0.9784461396457521,0.1930961018882028,0.7620211523728799,45.27660342872304,61.4829788301578,3269.7412034831355,-6.013826440902439,0.5902286608763316,0.10888122433771592,-0.6014826440902439
C,0.2,1,0.8412919413117023,0.8328370828096632,0.9750970888335786,0.8328370828096632,0.8412919413117023,28.715085019653852,29.50569815666373,3103.6377582825867,-1.1541660892812637,0.6510064215399983,0.01950646473230541,-0.11551660892812636
C,0.2,1,0.8279742500827757,0.8484878130749063,0.4621989851288033,0.8484878130749063,0.8279742500827757,21.48744663774848,21.67788274647162,2049.431356839937,-8.061896667945863,0.6510784113813107,0.01682558052681808,-0.8062896667945862
C,0.2,1,0.9597259123430615,0.7058757911684748,0.6077577927133033,0.7058757911684748,0.9597259123430615,34.55432015131078,36.03127841403264,3402.703158982049,0.10782937556172925,0.6433532278697963,0.022084724329538227,0.010682937556172925
C,0.2,1,0.5750612931084431,0.9629816843097431,0.05000431972834096,0.9629816843097431,0.5750612931084431,8.008785415456682,13.31171730061294,625.9046549583713,-23.154628911815333,0.6416716724063263,0.00910347490724964,-2.3155628911815334
C,0.2,1,0.9991604471634918,0.4850721189556446,0.7288584699850018,0.4850721189556446,0.9991604471634918,20.823117693593392,20.991555932185385,1924.7451130098982,-8.476068934033574,0.6520742361558458,0.015584920401890487,-0.8477068934033574
C,0.2,1,0.8935797280329452,0.8100078055826042,0.75299412343064,0.8100078055826042,0.8935797280329452,24.156489155029178,24.27130495254644,2512.3770484326697,-4.343313325206685,0.653975142798446,0.017552810260766907,-0.4344313325206685
C,0.2,1,0.48956382661234243,0.9513448054898561,0.8999342243648932,0.9513448054898561,0.48956382661234243,15.382012111211374,15.464776725711765,1454.2736799691118,-14.965871296512132,0.6537197809463567,0.010737973741790998,-1.4966871296512132
C,0.2,1,0.6742991843404629,0.8770633039559603,0.79317953098704,0.8770633039559603,0.6742991843404629,31.120723474039032,31.8259284584182,3031.0841715413962,-2.265380033343129,0.6426961730792535,0.028003563547445917,-0.2266380033343129
C,0.2,1,0.9584061337624699,0.603020194353689,0.19327032485439155,0.603020194353689,0.9584061337624699,1.7905337468267404,18.10479228097869,148.44075265658617,-27.92658975065685,0.6088820426511647,0.02530909123617054,-2.792758975065685
C,0.2,1,0.7185956937580971,0.8963201141077513,0.8990559006090563,0.8963201141077513,0.7185956937580971,51.483995287286696,60.83553788444368,5314.290635825605,7.06714523615198,0.6354365805439347,0.023775027130325595,0.09351542597156985
C,0.2,1,0.9362770976658724,0.7391313312491934,0.5888756611693101,0.7391313312491934,0.9362770976658724,33.48447966440981,33.59448444263952,3297.9638509116066,1.074402531735303,0.649050990740659,0.02240215006882564,0.0011000477822970822
C,0.2,1,0.8558110409526926,0.7572073947764117,0.7648759012288884,0.7572073947764117,0.8558110409526926,32.09974326290021,32.428650263647626,3202.681884697126,-0.14977974077778405,0.6477353509374506,0.023386080011128706,-0.015077974077778406
C,0.2,1,0.29216804070698044,0.7696180434742117,0.8369169753872197,0.7696180434742117,0.29216804070698044,11.22968756077542,11.552159909443748,831.13420278439,-21.622898399468873,0.653819017794358,0.0066680373003805285,-2.1623898399468873
C,0.2,1,0.9110717984825016,0.43205881473283203,0.8993390134439726,0.43205881473283203,0.9110717984825016,37.807953853966936,60.574538863694784,3389.105210198829,-6.427977732098459,0.5914087475293557,0.09797294012710478,-0.6428977732098459
C,0.2,1,0.9108297604860862,0.6840099028119627,0.931470344254652,0.6840099028119627,0.9108297604860862,28.52909458114648,35.01870200783582,2939.3167185690436,-6.282585865800266,0.628253949141642,0.029306436397390848,-0.6283585865800266
C,0.2,1,0.7401569417035283,0.031767652375487065,0.9063260352308666,0.031767652375487065,0.7401569417035283,23.622262823178687,33.73942141834487,1446.9670772433271,-17.635285589728916,0.5937412382333308,0.06571117873403384,-1.7636285589728917
C,0.2,1,0.6880799898477434,0.15474779225292234,0.8536986833462942,0.15474779225292234,0.6880799898477434,35.943492224226894,39.84391852328675,2281.8314912821406,-10.221940819637185,0.6038024726514474,0.0703568577652907,-1.0222940819637185
C,0.2,1,0.8316894745867051,0.9970861777491655,0.9859785123149557,0.9970861777491655,0.8316894745867051,25.971620833908354,26.264770093336775,3014.9998934431583,-1.0677251418287812,0.6580317952146092,0.016010886248654203,-0.1068725141828781
C,0.2,1,0.6107854121312745,0.9731980171729264,0.1842261329907311,0.9731980171729264,0.6107854121312745,23.964284531528914,24.958562770868348,2008.3226663819685,-9.82775515803811,0.6373323476248515,0.025529901960594587,-0.9828755158038109
C,0.2,1,0.9971557981010325,0.390443352543573,0.6870761676724136,0.390443352543573,0.9971557981010325,12.873755048683497,20.893079365840002,1114.3118356180673,-19.923073490502574,0.6222623502086813,0.022387591543110444,-1.9924073490502576
C,0.2,1,0.8698866371815062,0.7563573194300628,0.31098476647018514,0.7563573194300628,0.8698866371815062,36.75579010646967,37.43318812256455,3274.4563466236696,-0.21755925484033986,0.6390036366262767,0.030174896523537872,-0.021855925484033985
C,0.2,1,0.11684637133679365,0.27754523595976965,0.6544113754347419,0.27754523595976965,0.11684637133679365,24.74883596754809,26.17185121165624,892.9346544463133,-20.733739518505953,0.6023192987239968,0.04890079095747718,-2.0734739518505956
C,0.2,1,0.6358926789444915,0.5996170869559628,0.4319648474868284,0.5996170869559628,0.6358926789444915,0.43960356698386205,17.2371116006085,31.90405720083305,-28.809159101930142,0.6096859980754193,0.02357918902452161,-2.8810159101930144
C,0.2,1,0.7800505742228923,0.6778517833877056,0.9408369308262009,0.6778517833877056,0.7800505742228923,15.370110045963884,36.11648245134943,1481.9251626898945,-17.977188057270386,0.5869329400773646,0.0785588049337078,-1.7978188057270388
C,0.2,1,0.8755344114642668,0.5924815267663445,0.6346603841981345,0.5924815267663445,0.8755344114642668,10.645556411454148,19.028659771140994,950.3001472197981,-21.142409918954346,0.6248968111998935,0.01939897794723113,-2.1143409918954346
C,0.2,1,0.98577149912007,0.7144473025476608,0.6326890080483674,0.7144473025476608,0.98577149912007,31.668213917210235,32.63222514985535,3193.047907112408,-0.48540971841587344,0.6472801174447698,0.020312390081380322,-0.04864097184158735
C,0.2,1,0.9899128860555224,0.6368290701298023,0.10739533707700033,0.6368290701298023,0.9899128860555224,27.969091988814455,28.49935102416391,2350.0185222774753,-5.775108906031367,0.6403022914526882,0.026137420303561962,-0.5776108906031368
C,0.2,1,0.8405984739648488,0.9687249388568983,0.9557065465374052,0.9687249388568983,0.8405984739648488,59.675012864927425,72.20413078010857,6824.364908340483,13.30504637141894,0.6527522309169398,0.016565717502136784,0.12529117915181145
C,0.2,1,0.9313463331188295,0.9480943500837106,0.8150225134931673,0.9480943500837106,0.9313463331188295,41.25391479081652,42.82416388688516,4717.286023067686,8.685279753011567,0.6565046470120619,0.01519747710351392,0.015702490960686363
C,0.2,1,0.4904767042280115,0.6892930019598271,0.34502990329862326,0.6892930019598271,0.4904767042280115,6.574742599107333,10.274066573225117,444.5461773000598,-24.818616791438988,0.6523609753680855,0.005136626197128642,-2.481961679143899
C,0.2,1,0.8268784987366826,0.5217141557312225,0.9186420537332817,0.5217141557312225,0.8268784987366826,26.241580824563226,27.520077754463017,2372.125649628706,-7.242847618121401,0.6384758433640525,0.02625636677382744,-0.7243847618121402
C,0.2,1,0.6716739421138318,0.8296772292399374,0.7469600997615327,0.8296772292399374,0.6716739421138318,51.30613178361517,74.30431789883937,4809.516885434762,1.538513768838911,0.6244852323369985,0.03135118546462201,0.15375137688389112
C,0.2,1,0.6275754012134999,0.9011771004812802,0.7296979669939938,0.9011771004812802,0.6275754012134999,8.78926664166277,11.876781660697006,832.1684183199582,-20.922316571968498,0.6541791120042457,0.006257028949777536,-2.09233165719685
C,0.2,1,0.8730139342078198,0.31166960613522476,0.5573458755633688,0.31166960613522476,0.8730139342078198,33.3839083659382,33.52872569289993,2442.6279286208996,-5.707301586908186,0.6289364889268781,0.0419222011881174,-0.5708301586908187
C,0.2,1,0.7919626544740836,0.9820409714269928,0.9398003801257376,0.9820409714269928,0.7919626544740836,35.42538371967667,36.89325156673505,3974.557685528474,4.009962746181041,0.6523098415515522,0.018054500637763232,0.01467867847058386
C,0.2,1,0.9888467639486693,0.813372071468064,0.6130207400130001,0.813372071468064,0.9888467639486693,28.959660547034826,29.353163974783392,3053.4040987337653,-0.4442645835939481,0.6533393975895424,0.01780146099387589,-0.04452645835939481
C,0.2,1,0.0893730579794979,0.833338634825709,0.9205070973000864,0.833338634825709,0.0893730579794979,19.652164242106668,19.764389155698748,1358.913003310164,-17.68136451185023,0.6308296029364748,0.02289447851112838,-1.768236451185023
C,0.2,1,0.6992662894142921,0.7866447576450483,0.6530128963717295,0.7866447576450483,0.6992662894142921,48.48630876505836,50.52718581098927,4393.871714282635,5.140071184349972,0.6367931583434631,0.03344094529512062,0.020408770459309125
C,0.2,1,0.6264611294419278,0.5028391669527419,0.2505475114416358,0.5028391669527419,0.6264611294419278,43.765886047892934,44.45534051696696,2745.377250176486,-4.957299822582175,0.6104691599377721,0.0766925915643849,-0.4958299822582175
C,0.2,1,0.2229750609788107,0.7599519635274166,0.450581397713558,0.7599519635274166,0.2229750609788107,26.846417907036695,27.018115091606987,1621.815896204586,-14.278161226975131,0.6185980400180335,0.04167764513630103,-1.427916122697513
C,0.2,1,0.9483051895818213,0.6350911227649745,0.655069460312283,0.6350911227649745,0.9483051895818213,25.38061131869333,26.005938320257172,2425.0299023296247,-5.522457930634168,0.6467952865688515,0.020827694774643725,-0.5523457930634168
C,0.2,1,0.6395138105770883,0.6493919594505242,0.8245696200932952,0.6493919594505242,0.6395138105770883,29.90102560927554,30.724291277497716,2543.3671550529384,-6.1967841289855174,0.6335621316370885,0.034790674487841,-0.6197784128985517
C,0.2,1,0.9597259123430615,0.8688459465311136,0.9716049760267593,0.8688459465311136,0.9597259123430615,35.80744705406118,36.03127841403264,4143.591844472677,6.867840780743145,0.6606823247954215,0.014679867465164401,0.0022383135997146295
C,0.2,1,0.8935797280329452,0.8899222032830847,0.9304005350492459,0.8899222032830847,0.8935797280329452,6.6500433081388355,13.726136735331778,747.6983504698683,-22.490737512528103,0.6416448978656321,0.009336392616552933,-2.2491737512528105
C,0.2,1,0.5750612931084431,0.8523139592228715,0.16220817819175293,0.8523139592228715,0.5750612931084431,20.979254560895065,20.99761364754378,1582.3386051826192,-12.72905054812139,0.6404615387571686,0.020482313595804467,-1.2730050548121388
C,0.2,1,0.8446907999926447,0.8688821260296296,0.9450596754989434,0.8688821260296296,0.8446907999926447,24.416089713226718,24.97389892676869,2668.804060129191,-3.888600558564903,0.6535925217828014,0.017440489104693414,-0.3889600558564903
C,0.2,1,0.8990418994698544,0.10059721233335617,0.7722383829550246,0.10059721233335617,0.8990418994698544,27.82052765268585,28.045567953733563,1927.6263598180185,-9.529321726118942,0.6302349632409914,0.03384388120779506,-0.9530321726118942
C,0.2,1,0.853513203099184,0.9082542366897186,0.716383531729382,0.9082542366897186,0.853513203099184,39.681565224156905,40.55490298075933,4206.164974584746,5.88703944455227,0.6516850655635323,0.01965860480098597,0.008733377566024245
C,0.2,1,0.5650326050921328,0.7936504678300128,0.4997366585820052,0.7936504678300128,0.5650326050921328,58.75316802914835,60.574538863694784,4725.374540887566,7.010202571679034,0.6298003513685642,0.049013015146836515,0.018213708345464354
C,0.2,1,0.9246112359964067,0.7496364942038388,0.7391065648612514,0.7496364942038388,0.9246112359964067,32.895036064455624,33.51773081318535,3361.5454009531713,0.8601919570268726,0.6490291584398599,0.02074115150233427,0.006226947487297281
C,0.2,1,0.9581993302597611,0.9890309395458386,0.6332525483445045,0.9890309395458386,0.9581993302597611,4.063886621009983,45.87242021118764,460.0028160478746,-22.541231875545275,0.5425459572403226,0.17745664454258986,-2.2542231875545276
C,0.2,1,0.17537233221452742,0.910501230051537,0.7561906010601319,0.910501230051537,0.17537233221452742,0.24303480733751473,83.99382309462395,17.789769525888904,-17.369982002620787,0.4915828904927623,0.5308682885377901,-1.737098200262079
C,0.2,1,0.6880799898477434,0.06496710502281022,0.7954698482450984,0.06496710502281022,0.6880799898477434,6.248665869692458,6.306292573433692,359.542616276899,-24.76684389922782,0.6788530766730352,0.0015115386008516406,-2.476784389922782
C,0.2,1,0.8403809177000406,0.8703745913086933,0.8859761705094954,0.8703745913086933,0.8403809177000406,32.89785942969502,33.10116534093829,3542.677700584307,2.392181296703767,0.6535559082440126,0.019396314469506473,0.002033059112432696
C,0.2,1,0.93664551306185,0.4848441751779463,0.39699166310067335,0.4848441751779463,0.93664551306185,21.573353334371408,21.686090459537777,1747.426000749893,-9.949323274225543,0.6460656425427586,0.018455910836777147,-0.9950323274225543
C,0.2,1,0.8143289409653539,0.7007006912133633,0.7878725968410838,0.7007006912133633,0.8143289409653539,16.64222542480047,41.298149928216276,1588.4720672648436,-17.26117764209263,0.5773381924161087,0.10368017607505711,-1.726217764209263
C,0.2,1,0.46538406545938027,0.1408199314712606,0.9647385321937272,0.1408199314712606,0.46538406545938027,40.12727325962429,40.990724260011426,2184.073839431277,-9.657884145353751,0.6005278959637278,0.08613109985459584,-0.9658884145353751
C,0.2,1,0.957383931023428,0.9548795713017221,0.8055519439241409,0.9548795713017221,0.957383931023428,31.030015387356812,31.305708353980215,3591.785525473544,3.416167315894667,0.6599370316943411,0.014377093406145779,0.0027569296662340293
C,0.2,1,0.3725226892091701,0.9624738165056953,0.9596639381282754,0.9624738165056953,0.3725226892091701,75.01105018792097,76.5825542911298,6806.609490205794,18.517966334084633,0.6356047218057246,0.04164022472145107,0.015715041032088237
C,0.2,1,0.28224527621970863,0.8968836911566992,0.5837335916319408,0.8968836911566992,0.28224527621970863,29.87706597202706,30.17359112957074,2197.451873073549,-9.589730328825645,0.6241631473888566,0.04387892031928021,-0.9590730328825645
C,0.2,1,0.5177313667098542,0.7269118410626774,0.576283140241232,0.7269118410626774,0.5177313667098542,41.864169520514835,60.70416816939884,3208.4380890091707,-6.341615450231116,0.5885902614043745,0.11171191039561527,-0.6342615450231117
C,0.2,1,0.3691577918864547,0.7836856931840619,0.9998849789992506,0.7836856931840619,0.3691577918864547,23.095544782343737,50.9880881694043,1908.5996245657175,-14.298938160861622,0.5673273136203228,0.1463745521603642,-1.4299938160861623
C,0.2,1,0.20023253734760893,0.5195196476999053,0.743706243423787,0.5195196476999053,0.20023253734760893,1.5882720627073244,13.363045653137407,86.6883106114513,-28.64668327303092,0.6266469587129477,0.012421397147308959,-2.864768327303092
C,0.2,1,0.7225168504048702,0.7975172076480763,0.4319648474868284,0.7975172076480763,0.7225168504048702,41.30403055846413,42.36211686304577,3585.2238907057135,0.9245410891037777,0.6344580513542621,0.03619349408279782,0.010580863045816428
C,0.2,1,0.8261661416348842,0.7365362252325783,0.6825150026166981,0.7365362252325783,0.8261661416348842,28.193771940503353,28.288027451811637,2683.990515360983,-3.583218815626612,0.6463261705975473,0.02438836616794248,-0.3584218815626612
C,0.2,1,0.37283384111234763,0.866779187968991,0.43287280374253967,0.866779187968991,0.37283384111234763,60.911280987693395,76.70496344211507,4434.49180103627,1.3062943222115904,0.6195761319917592,0.06908256797369951,0.13052943222115904
C,0.2,1,0.48692675413460607,0.2855405632563821,0.5874688885357796,0.2855405632563821,0.48692675413460607,35.18200039770033,40.16824422069315,1875.555540135572,-13.15209378315334,0.5926232004675275,0.0863303152143299,-1.315309378315334
C,0.2,1,0.3997376608533023,0.7373352983435755,0.5469340229027319,0.7373352983435755,0.3997376608533023,12.266253932631896,13.059342329538204,865.102073104925,-20.49108751504472,0.6495951470366903,0.008530169149082953,-2.049208751504472
C,0.2,1,0.9684995313923164,0.5940293526675349,0.7962377720406497,0.5940293526675349,0.9684995313923164,25.109802924952113,32.93386567390776,2461.5739555980026,-10.185580606974684,0.6204900190727167,0.03561816832149231,-1.0186580606974682
C,0.2,1,0.9313463331188295,0.8934588060821443,0.26820205141217,0.8934588060821443,0.9313463331188295,23.45941019080048,23.59358531381562,2297.739162392127,-5.495295473229209,0.6527274441974502,0.01736226353783056,-0.5496295473229209
C,0.2,1,0.6344945349926188,0.7570991827962087,0.10739533707700033,0.7570991827962087,0.6344945349926188,54.32502728606769,67.53223050380475,3925.774699927533,-1.818578820666618,0.6086967855664105,0.06288687606324103,-0.1819578820666618
C,0.2,1,0.9379646871535396,0.723881504786982,0.6631985974031033,0.723881504786982,0.9379646871535396,14.118552099467857,33.52872569289993,1407.2282008539687,-18.73360338256039,0.590890532462701,0.0678029978310833,-1.873460338256039
C,0.2,1,0.7919626544740836,0.9264161988868987,0.8927781919681279,0.9264161988868987,0.7919626544740836,35.55531986396902,36.43171163102982,3848.4508435115704,3.5737607687887953,0.6514856058895407,0.01981680951296342,0.008763917670608024
C,0.2,1,0.9755269737053313,0.7947419156718128,0.7991699337778002,0.7947419156718128,0.9755269737053313,14.655975279540334,19.886207637204805,1590.0662238825203,-14.958914066600537,0.6390572367807947,0.015299175205947455,-1.4959914066600537
C,0.2,1,0.9874849905838335,0.8340874020794529,0.7781518007365995,0.8340874020794529,0.9874849905838335,34.48521194111714,35.996469521157145,3811.733745623155,3.170744974052514,0.6520172753788946,0.01592537322158017,0.015112575800400024
C,0.2,1,0.21309273393581452,0.9338043817018049,0.21639155256700826,0.9338043817018049,0.21309273393581452,13.922917733926099,14.112102128669363,873.7277541326603,-20.877050347576347,0.6438642890233933,0.01089846763129229,-2.087805034757635
C,0.2,1,0.9788789035176382,0.790031804558009,0.6751279968486449,0.790031804558009,0.9788789035176382,24.729313023527073,24.73661723094091,2604.5836196590035,-3.0736385463910323,0.6562620414520561,0.016624032939165583,-0.3074638546391032
C,0.2,1,0.2335467078267549,0.8375558252290809,0.3180788437812909,0.8375558252290809,0.2335467078267549,20.408767701899208,20.486051793509684,1255.284069943145,-17.291242812481787,0.6295968749901666,0.024073194803801004,-1.7292242812481788
C,0.2,1,0.7312911415296329,0.49479005651645813,0.31503410432035595,0.49479005651645813,0.7312911415296329,30.36812492371898,30.846521257867103,2100.8642253251487,-8.840152455003023,0.6256075752303079,0.040848949427601436,-0.8841152455003023
C,0.2,1,0.9260217308498452,0.8361716866030483,0.9081203248979414,0.8361716866030483,0.9260217308498452,26.936555438549505,27.831532093853628,2984.9118710455186,-1.695749875295187,0.6533027730220486,0.017006723927338645,-0.16967498752951868
C,0.2,1,0.09794813765025823,0.7774313758192373,0.9066562396575035,0.7774313758192373,0.09794813765025823,35.31672694865327,36.03127841403264,2346.280233989276,-9.15968849279808,0.6117112295554241,0.06672813172078901,-0.916068849279808
C,0.2,1,0.9656818286269487,0.8484878130749063,0.6303912538361682,0.8484878130749063,0.9656818286269487,36.185374594062345,37.07690914030488,3852.5939946299345,3.985826891123728,0.6520540804875359,0.01765905182136936,0.008915345462425322
C,0.2,1,0.8001711840009397,0.30483241575195863,0.9206187713297569,0.30483241575195863,0.8001711840009397,39.21225267443146,46.63576611941369,3068.9724149385256,-6.219807763742298,0.6082509546733182,0.0625824481788763,-0.6220807763742299
C,0.2,1,0.23115869704566705,0.9619580905786752,0.7148608650848948,0.9619580905786752,0.23115869704566705,19.263238439257048,25.36192296784724,1493.4280406700034,-15.930099409442905,0.619271404705252,0.03456542470576997,-1.5931099409442904
C,0.2,1,0.21048509263365867,0.9082542366897186,0.9628735661444289,0.9082542366897186,0.21048509263365867,14.051801259478605,14.228222545727059,1124.2678355773976,-19.43742174463784,0.647105474413046,0.010650075339002231,-1.9438421744637844
C,0.2,1,0.9122347430799177,0.9955679808506813,0.5999039862016073,0.9955679808506813,0.9122347430799177,26.167173445305114,32.99903622925618,2888.5350302625616,-6.5388983270841825,0.631559008863383,0.024749679984308624,-0.6539898327084183
C,0.2,1,0.27969597348012587,0.900987533244972,0.9262172464947277,0.900987533244972,0.27969597348012587,40.47070739111146,41.824538101635525,3326.2715151963675,-1.7648380868014255,0.6248777411699702,0.055800959064166156,-0.17658380868014253
C,0.2,1,0.8942889604576488,0.8866100811536717,0.2539639690898132,0.8866100811536717,0.8942889604576488,29.993576062252398,31.02781244458249,2861.2087337872476,-2.913484128262312,0.6432841939530178,0.024203681943987417,-0.2914484128262312
C,0.2,1,0.3010978188016198,0.9118110347496177,0.8936787367002198,0.9118110347496177,0.3010978188016198,22.123507452298714,22.539858208871504,1835.9726078086996,-12.590229206165782,0.6359978372104784,0.024981259135890128,-1.2591229206165782
C,0.2,1,0.9626459650080869,0.7831292518517627,0.6708671881643236,0.7831292518517627,0.9626459650080869,25.33530241468162,31.259724045838265,2636.4027306657904,-8.018770940940541,0.6302586170769676,0.026527563996106954,-0.801977094094054
C,0.2,1,0.9125534970664883,0.5230716092761799,0.6882898851754811,0.5230716092761799,0.9125534970664883,15.050513419875186,23.467459190644764,1339.3226502859518,-18.214157766064414,0.6192586084338703,0.02741217432170415,-1.8215157766064416
C,0.2,1,0.7115726380944579,0.7826264607853994,0.13745295276596992,0.7826264607853994,0.7115726380944579,86.5693520147477,88.72818618344576,6765.072714889052,16.94724021576028,0.6302001621326433,0.046987278055656466,0.02158834168698064
C,0.2,1,0.7648730460630293,0.7828141141873406,0.6496269453282,0.7828141141873406,0.7648730460630293,0.5333424622113667,31.617667083905648,49.934204902547286,-26.878915309007766,0.5671680010045878,0.09188243401601837,-2.687991530900777
C,0.2,1,0.24335365850905444,0.8021432877435042,0.7624099995920623,0.8021432877435042,0.24335365850905444,31.482791683441665,32.428650263647626,2245.828008090429,-9.511133425054412,0.6191762671012634,0.05136122123144301,-0.9512133425054412
C,0.2,1,0.98993725452719,0.6258253411355398,0.7509582995282827,0.6258253411355398,0.98993725452719,1.1143256053360608,6.734089490571227,110.94458316716161,-28.54624102386116,0.6656882257286196,0.001983481656270615,-2.854724102386116
C,0.2,1,0.9108297604860862,0.9675951329190725,0.7828397129962561,0.9675951329190725,0.9108297604860862,34.550607871641,35.01870200783582,3921.2257941705743,5.0512491876176755,0.6578255937035855,0.01569830879926538,0.0046809413619482146
C,0.2,1,0.8700299923682304,0.4152248708531323,0.15042408574889543,0.4152248708531323,0.8700299923682304,40.156038838088016,41.298149928216276,2731.5480959558404,-4.961655694790484,0.6176466341554866,0.05766443819605779,-0.49626556947904843
C,0.2,1,0.27199937776537997,0.39209043966375945,0.5843016284440272,0.39209043966375945,0.27199937776537997,18.817302519119412,19.598032458843335,899.693462342679,-20.491676503930115,0.6239446656695454,0.023913226091964727,-2.049267650393012
C,0.2,1,0.7961913125742879,0.794979603465731,0.951132009470181,0.794979603465731,0.7961913125742879,31.104174335349533,32.03691014151859,3214.2072744546235,-0.8181674732134196,0.6469062693732818,0.022701498829505437,-0.08191674732134197
C,0.2,1,0.8316894745867051,0.08974491145141028,0.7546437516467529,0.08974491145141028,0.8316894745867051,33.51786823382065,34.76720863796297,2176.5770626461476,-9.222945709717354,0.6164825542253694,0.051908919012541375,-0.9223945709717354
C,0.2,1,0.00222956697591159,0.6778517833877056,0.8674386328477502,0.6778517833877056,0.00222956697591159,9.484764176472666,30.29769245991414,528.2068332038688,-23.726858278107336,0.581785800914036,0.07218897938716932,-2.3727858278107337
C,0.2,1,0.7011350481766998,0.7589411911191956,0.3666662223860127,0.7589411911191956,0.7011350481766998,32.99368104986064,50.9880881694043,2711.106197219473,-10.009083110533743,0.5879905130071866,0.10217657924125789,-1.0010083110533743
C,0.2,1,0.6328255706119191,0.011186934222525924,0.6670303243195135,0.011186934222525924,0.6328255706119191,23.05345207394485,25.17885989088698,1126.7693611002974,-18.17560077069902,0.6135049708165015,0.0366460192269059,-1.817660077069902
C,0.2,1,0.7119730351600861,0.9147081722146427,0.9168869835124763,0.9147081722146427,0.7119730351600861,36.326920241102975,36.7869868582919,3787.3079319042236,3.17265887230376,0.6492846634982381,0.023287866124898814,0.004600666171889216
C,0.2,1,0.9001045745858973,0.7515357559440106,0.4319648474868284,0.7515357559440106,0.9001045745858973,38.48222615333189,39.15768618254572,3593.5140599527285,1.9742286686098653,0.6427729861622714,0.026237511103697438,0.006754600292138306
C,0.2,1,0.6307256411518974,0.8097352335799359,0.7261739413619397,0.8097352335799359,0.6307256411518974,52.498897650094165,80.41772960666263,4734.21368716873,0.9077849307327308,0.6234225068075321,0.03563217491646122,0.09067849307327308
C,0.2,1,0.5752878635646542,0.9002203744482671,0.9368050959357157,0.9002203744482671,0.5752878635646542,6.405900738829697,21.966522354605562,622.6249770066645,-23.967007859503138,0.606745557529887,0.033316539005231884,-2.396800785950314
C,0.2,1,0.6492308583895157,0.8744865236037889,0.7465501260595939,0.8744865236037889,0.6492308583895157,9.948091741538114,10.591296763617786,943.5727438047255,-18.95680644122152,0.665696146759957,0.004542271698370245,-1.895780644122152
C,0.2,1,0.9358841933244866,0.8776282922020955,0.6821793681554867,0.8776282922020955,0.9358841933244866,5.8816802802567985,12.587980484300253,633.6340546380137,-23.399650493122028,0.6444039436952379,0.007800053009292783,-2.340065049312203
C,0.2,1,0.9859189557115811,0.5776195834749904,0.8673457377542839,0.5776195834749904,0.9859189557115811,39.92920865888214,41.96449728504547,3987.353552423791,3.0704443713175045,0.6430736588605697,0.02151248926978733,0.02035288626163329
C,0.2,1,0.670803642916034,0.9678809655521006,0.9514359608575625,0.9678809655521006,0.670803642916034,28.13846007561967,29.547828333227084,2974.8016415731367,-2.953311674345393,0.6458423051249489,0.023249137257350855,-0.2954311674345393
C,0.2,1,0.4156687927906817,0.7780483003728573,0.5984676364743956,0.7780483003728573,0.4156687927906817,15.814008430840962,16.051391781187384,1180.4769149861474,-17.440321395009583,0.6449912529240446,0.012996740603304458,-1.7441321395009584
C,0.2,1,0.7672996179668944,0.8202617520728785,0.7537863019207154,0.8202617520728785,0.7672996179668944,36.265822623625674,36.574284591424906,3562.127960538514,1.8717198456979747,0.645929418675807,0.02593097592321433,0.003084619677992322
C,0.2,1,0.7322505723435018,0.18425410435460599,0.7296979669939938,0.18425410435460599,0.7322505723435018,35.545461663132,35.85003274839911,2277.315370268948,-7.806309506660636,0.6175303558023603,0.05638348793170312,-0.7807309506660636
C,0.2,1,0.6448940622473561,0.4688231041707145,0.45916573397690197,0.4688231041707145,0.6448940622473561,40.80310145957136,40.89901487085995,2740.5403776865946,-4.479316583622983,0.6178413026018965,0.06434801925559236,-0.4480316583622983
C,0.2,1,0.5893671071355466,0.9998542136183916,0.9409810750368969,0.9998542136183916,0.5893671071355466,7.9142669019977046,38.68212816928501,815.0554693788667,-21.685993505175677,0.5661350282160302,0.11385573022054453,-2.168699350517568
C,0.2,1,0.35632429493317097,0.9601626203079019,0.450581397713558,0.9601626203079019,0.35632429493317097,1.050312996892654,13.464856149328568,80.96745332025601,-28.694484226785303,0.6260502024712806,0.012664272831884971,-2.8695484226785304
C,0.2,1,0.6264611294419278,0.932267071952714,0.08038915330435425,0.932267071952714,0.6264611294419278,21.757799155093473,28.971791707502437,1739.4520334623394,-14.750137873732637,0.6144297253374039,0.03934040818912002,-1.4751137873732636
C,0.2,1,0.8284268316067581,0.8651338843012871,0.7203019424428506,0.8651338843012871,0.8284268316067581,40.2445444937723,40.474363483310825,4132.534568503108,5.91192970730104,0.6510042105201164,0.021881310854397557,0.002298189895385221
C,0.2,1,0.20125277145019405,0.790031804558009,0.808303915491309,0.790031804558009,0.20125277145019405,41.37436054243518,54.02857294643548,2886.764713080906,-6.76581870007892,0.5915173391795183,0.10922360687069409,-0.676681870007892
C,0.2,1,0.9156506809810634,0.9851365948235555,0.6581259999223954,0.9851365948235555,0.9156506809810634,30.37255476791301,30.817824151836792,3386.3124812471588,1.6601918517052128,0.6561878388820489,0.016172563223557826,0.004452693839237831
C,0.2,1,0.8279742500827757,0.8484878130749063,0.6716431011224976,0.8484878130749063,0.8279742500827757,28.761811146967464,29.41027305320354,2893.8460635960555,-2.5330303316135314,0.6472324714403733,0.02264779171926174,-0.25340303316135315
C,0.2,1,0.893540750488931,0.9559372160369213,0.7607895466617387,0.9559372160369213,0.893540750488931,31.111788363564667,32.0552562316529,3468.7664380052206,1.5194738592754915,0.6537411938580512,0.01666598926560637,0.009434678680882307
C,0.2,1,0.7145279235382069,0.9365339878676058,0.8367662562339968,0.9365339878676058,0.7145279235382069,24.469208662069963,25.36192296784724,2531.8841243384645,-5.636129938528979,0.6478582649068535,0.020560413175043188,-0.563712993852898
C,0.2,1,0.8935797280329452,0.05609113824458589,0.8709175434577888,0.05609113824458589,0.8935797280329452,19.532384161973646,20.042050707646403,1352.7442101838496,-14.267105527505608,0.6396258275116362,0.018321639968938493,-1.4268105527505608
C,0.2,1,0.9122347430799177,0.6140075558475662,0.5999039862016073,0.6140075558475662,0.9122347430799177,37.18899329876186,38.96202351492569,3395.716364423857,-0.6315501552640335,0.636422589512777,0.02829246847892322,-0.06325501552640335
C,0.2,1,0.6742991843404629,0.8382912825762977,0.5824974282005229,0.8382912825762977,0.6742991843404629,21.629477205593528,22.083592984272897,1950.804922418209,-9.882989395816749,0.6449991103653672,0.019573125511903836,-0.9883989395816748
C,0.2,1,0.726204924685812,0.14094049615703186,0.6332525483445045,0.14094049615703186,0.726204924685812,14.655612451572633,14.712197450603155,867.4449596641241,-18.437740597746128,0.6478013040757056,0.01056450610406095,-1.8438740597746128
C,0.2,1,0.37419556075765303,0.803570820692605,0.8082501642330316,0.803570820692605,0.37419556075765303,20.963120085615973,21.09566930929204,1658.0690356580546,-13.66814543731651,0.6374874758256922,0.022198123259123556,-1.3669145437316508
C,0.2,1,0.5750612931084431,0.7826264607853994,0.24163994186410132,0.7826264607853994,0.5750612931084431,53.381918155156846,88.72818618344576,3946.2789179211495,-2.627226477087494,0.6043873441077232,0.11951182190519286,-0.26282264770874936
C,0.2,1,0.8483417465985397,0.7972647032404057,0.409536249969781,0.7972647032404057,0.8483417465985397,31.52596372322687,32.428650263647626,2916.74208601388,-2.7253763023125597,0.640768677574436,0.027622273318948013,-0.272637630231256
C,0.2,1,0.289215523233299,0.995390031113792,0.8993390134439726,0.995390031113792,0.289215523233299,53.856382946023,60.574538863694784,4670.089091133682,5.293654885411805,0.6271922643958775,0.0485784659475033,0.06718155917671786
C,0.2,1,0.29729328667571,0.9953219754245114,0.9418588911782577,0.9953219754245114,0.29729328667571,33.27460291378593,33.59448444263952,2934.0624934535904,-4.182230617143614,0.6324173084207488,0.04208359066992473,-0.41832306171436145
C,0.2,1,0.40687208270954067,0.79551404793561,0.8712847182733953,0.79551404793561,0.40687208270954067,34.300104483846795,35.01870200783582,2809.227417351758,-4.933852551668998,0.6276535279335955,0.04660086103950195,-0.4934852551668999
C,0.2,1,0.48897056009323825,0.34015544648830187,0.819891311501833,0.34015544648830187,0.48897056009323825,40.27406034415537,40.64547744218999,2495.122344975514,-7.054700993994604,0.6096322732527486,0.07510725660939548,-0.7055700993994605
C,0.2,1,0.8143289409653539,0.8291530508016509,0.41326527056151025,0.8291530508016509,0.8143289409653539,61.74893434085268,73.36610660934382,5712.130331431163,7.600535245917932,0.6392852610370579,0.02852307326344509,0.11617172268491138
C,0.2,1,0.8655228026276746,0.6876983578491366,0.06759921340031294,0.6876983578491366,0.8655228026276746,32.38378100738365,33.03172696345643,2569.6866489214453,-4.982081736205547,0.6327523159190974,0.03574825970213326,-0.49830817362055474
C,0.2,1,0.9840737711438451,0.9548795713017221,0.82331569852287,0.9548795713017221,0.9840737711438451,38.558757817576755,38.96202351492569,4531.832383215789,9.244039575336673,0.6624180235800451,0.013524354677980046,0.004032656973489352
C,0.2,1,0.917436229665372,0.7589665516993797,0.7150590184102947,0.7589665516993797,0.917436229665372,33.20903094524091,33.84981004075745,3377.2460189030253,0.9142418994220739,0.6485877030278436,0.021073619194332323,0.006407790955165353
C,0.2,1,0.8623776871885611,0.5961909551675214,0.007298644887893779,0.5961909551675214,0.8623776871885611,28.427051958042927,29.02224282625177,2078.327302967711,-8.404682491375624,0.6314397045828584,0.033034072056312556,-0.8405682491375623
C,0.2,1,0.8075686742852923,0.5391387019088844,0.7916977941969299,0.5391387019088844,0.8075686742852923,15.819884777891904,16.729500778761334,1378.3519731241151,-14.527151922701954,0.6502961765045779,0.011694814976269698,-1.4528151922701953
C,0.2,1,0.8639406652774305,0.9553151670428195,0.718841876720764,0.9553151670428195,0.8639406652774305,4.845755540369689,28.640252951421587,527.8667516100207,-24.47367022734466,0.5844816964432044,0.06441398879576268,-2.447467022734466
C,0.2,1,0.11689851877253365,0.7975172076480763,0.8220816723040811,0.7975172076480763,0.11689851877253365,17.76414036029543,17.940476361914587,1177.2798209507632,-19.08470730668067,0.6334585619036961,0.01891162315991758,-1.908570730668067
C,0.2,1,0.6322562325301232,0.9687249388568983,0.743706243423787,0.9687249388568983,0.6322562325301232,12.668109551002123,14.422155769493495,1249.6040475475443,-16.621976866927284,0.6538353110827584,0.008788763378285618,-1.6622976866927286
C,0.2,1,0.6107854121312745,0.907521023977655,0.8993630234279356,0.907521023977655,0.6107854121312745,52.578848340604345,64.65291977828448,5173.726992235865,5.6354717688226295,0.6325114939611278,0.02905447349481985,0.1207407143768014
C,0.2,1,0.8236386107408015,0.7349694179533923,0.6805398704080826,0.7349694179533923,0.8236386107408015,22.40850142279064,23.561528539613136,2127.5504777859696,-8.60223455931387,0.6446926581165597,0.019685812958445563,-0.8603234559313868
C,0.2,1,0.1189565576601439,0.7134565049472228,0.10739533707700033,0.7134565049472228,0.1189565576601439,15.70442811197216,15.883027837400586,695.7931138263677,-22.67390741647291,0.6317482757676642,0.01572973857135849,-2.267490741647291
C,0.2,1,0.1389729179299779,0.882696992868793,0.8150225134931673,0.882696992868793,0.1389729179299779,18.39928223203154,18.501878749142563,1314.7953831185666,-17.785393100313886,0.6349286829185796,0.019432525253121304,-1.7786393100313886
C,0.2,1,0.9309094523529845,0.2580542328563238,0.574258038167575,0.2580542328563238,0.9309094523529845,41.56474127702844,41.96449728504547,3067.670567742589,-1.8139508543253713,0.625878938191217,0.04988136304755512,-0.18149508543253712
C,0.2,1,0.7504789827268169,0.9804159102175114,0.5469340229027319,0.9804159102175114,0.7504789827268169,17.50979984604274,17.82682177966291,1754.798788250083,-10.85790685265378,0.6558461846588721,0.012065329247266325,-1.085890685265378
C,0.2,1,0.8614066352113268,0.9680996069229311,0.7813425448502268,0.9680996069229311,0.8614066352113268,6.979022788674354,11.8809218068117,774.7334734506119,-21.70334661383471,0.6522060587769722,0.006205503863235777,-2.1704346613834713
C,0.2,1,0.7423043898107546,0.723881504786982,0.3624362983408542,0.723881504786982,0.7423043898107546,32.04490421837758,33.52872569289993,2639.5452395759357,-5.652317419586391,0.6300230665647057,0.037448407539830156,-0.5653317419586391
C,0.2,1,0.07853675532752624,0.9067672979248477,0.5811526574178838,0.9067672979248477,0.07853675532752624,28.514500959429256,28.662528909694647,1819.0546187776451,-13.330153654443476,0.6167876141184125,0.04700481975960687,-1.3331153654443475
C,0.2,1,0.4180163355315414,0.9166225824708838,0.5330615074448442,0.9166225824708838,0.4180163355315414,6.412476878727226,14.70445492150015,513.3731749427423,-24.688175787035984,0.6314623084628104,0.012878868772613194,-2.4689175787035986
C,0.2,1,0.9288240779227006,0.9943816258589613,0.6594974826364447,0.9943816258589613,0.9288240779227006,37.770032588548986,38.26674629682181,4254.708140596947,7.150791801410079,0.6583444539845098,0.015557237356997163,0.004967137082728215
C,0.2,1,0.5532121769484877,0.9804243875257732,0.13693610547049195,0.9804243875257732,0.5532121769484877,45.76363772003907,46.88165679475198,3665.9067645788873,1.0755088069060872,0.6276612582207558,0.04813323026015707,0.011180190747129117
C,0.2,1,0.6069029388902651,0.12532018494108543,0.8812030482384666,0.12532018494108543,0.6069029388902651,19.986376462934754,20.10050991632641,1172.0257469474643,-16.706881803952673,0.6326071538394435,0.021723121568899714,-1.6707881803952673
C,0.2,1,0.6264611294419278,0.5140637628494222,0.8304050590277153,0.5140637628494222,0.6264611294419278,61.67219120629529,62.643727982638374,4797.255951122378,7.83118116297394,0.6272328687233691,0.05335549690622739,0.009715367763430863
C,0.2,1,0.9597259123430615,0.12417873880444141,0.7873236463226263,0.12417873880444141,0.9597259123430615,1.2515928817333353,27.428225438654735,92.46558407663677,-27.27379998584374,0.5788900497022379,0.06698793299378097,-2.727479998584374
C,0.2,1,0.010884455573002882,0.9420416912262637,0.7735045562740384,0.9420416912262637,0.010884455573002882,12.90741266517923,18.261125199812273,864.5891134644987,-21.313849021926476,0.6264432419306162,0.02059273852432274,-2.1314849021926476
C,0.2,1,0.843078745629756,0.8373770587603812,0.7302035759975236,0.8373770587603812,0.843078745629756,34.13698687157688,34.71150378815,3491.4586338217127,1.5462733248928624,0.6486219493398525,0.02192368032562234,0.00574516916573117
C,0.2,1,0.8279742500827757,0.8484878130749063,0.5926117962547103,0.8484878130749063,0.8279742500827757,20.66109247449035,22.35481502971538,2037.9770639410974,-9.549506990797303,0.645645940250101,0.017540471006551837,-0.9550506990797303
C,0.2,1,0.8235968907240805,0.8908648092154674,0.9182674183033666,0.8908648092154674,0.8235968907240805,71.96323892788187,94.38654900612731,7820.948287848971,14.808023432570812,0.6546043938496852,0.019216295743799686,0.22423310078245437
C,0.2,1,0.9914277170964566,0.9955679808506813,0.5999039862016073,0.9955679808506813,0.9914277170964566,13.563929905480999,13.897019062441117,1550.9999089437947,-11.40318312698967,0.6693946512065801,0.006370381811169167,-1.140418312698967
C,0.2,1,0.4500364307912077,0.8735778376137899,0.3878673072820157,0.8735778376137899,0.4500364307912077,27.1301537337717,41.824538101635525,2058.565421173696,-13.36684953183389,0.5904195684487943,0.08691654882143521,-1.3367849531833889
C,0.2,1,0.9581775447889704,0.7438901318238337,0.7821316360644204,0.7438901318238337,0.9581775447889704,33.70488016188004,34.521351483588646,3527.440679991369,1.85316445863867,0.6502803472810905,0.01901483825159664,0.008164713217086046
C,0.2,1,0.6479433727130822,0.8102722536461578,0.9133687144781212,0.8102722536461578,0.6479433727130822,53.805428587814895,54.24066080190391,5151.600716015314,10.909121412753311,0.6431531463344716,0.030603153469290347,0.004352322140890124
C,0.2,1,0.011033296023469585,0.7920982939751924,0.6708671881643236,0.7920982939751924,0.011033296023469585,23.809544539112984,24.16834192769133,1355.4359230527873,-17.516689540430356,0.6173141691977653,0.037068610065651146,-1.7517689540430357
C,0.2,1,0.32836045956759663,0.8801112588825609,0.6873184774861926,0.8801112588825609,0.32836045956759663,11.355367420933865,88.72818618344576,881.2508652167586,-14.024567221378847,0.5113709715783868,0.49496490586887143,-1.4025567221378847
C,0.2,1,0.9242367688705568,0.8235992322358078,0.740429960409552,0.8235992322358078,0.9242367688705568,37.18054343603623,37.677976059371375,3937.5143255189014,4.806114903098981,0.6529221097904877,0.018762603612790956,0.004974326233351434
C,0.2,1,0.7232292655648533,0.9204528108418711,0.6322813895406572,0.9204528108418711,0.7232292655648533,45.09779973039745,45.87242021118764,4419.184742080764,6.6852400960545175,0.6462019168110669,0.026508120937919866,0.007746204807901904
C,0.2,1,0.9362770976658724,0.8212067965825246,0.7811349229489855,0.8212067965825246,0.9362770976658724,25.40398716095981,26.1013146587604,2728.45345309333,-3.242157995697643,0.6528565530036342,0.017424407253260145,-0.3243157995697643
C,0.2,1,0.979887814015323,0.9213218940994888,0.6838528661987675,0.9213218940994888,0.979887814015323,5.893254349548319,35.01870200783582,660.9685910419795,-23.123958018081524,0.5708449645670686,0.09671443240932083,-2.3124958018081525
C,0.2,1,0.20390303987039915,0.9098780712038583,0.7784372331034923,0.9098780712038583,0.20390303987039915,23.47695171978403,23.69398556159023,1764.2926020162113,-13.500286554030822,0.6300288171938095,0.02974759512215992,-1.3501286554030822
C,0.2,1,0.9861614282755495,0.4566161570443592,0.7800793565898035,0.4566161570443592,0.9861614282755495,40.27406034415537,40.64547744218999,3690.74965373163,2.889102916461255,0.6428905533920652,0.02718190580356358,0.0037141709803461963
C,0.2,1,0.8143289409653539,0.6553435775774069,0.4489248433653919,0.6553435775774069,0.8143289409653539,45.86853336295851,47.13229266643687,3885.3742513542534,2.581869170093581,0.6332692838351629,0.03660967206676339,0.012637593034783592
C,0.2,1,0.957383931023428,0.9573691079369512,0.8585988853372306,0.9573691079369512,0.957383931023428,8.831712108273845,8.998535940209141,1035.0998342216071,-16.557356009485478,0.68082418535776,0.002652120582576805,-1.655835600948548
C,0.2,1,0.9420521083022448,0.7269118410626774,0.5297925876791642,0.7269118410626774,0.9420521083022448,15.693269432501172,16.344383229798048,1517.4294920705263,-12.269627837696447,0.6576133330271613,0.009805682151550936,-1.2270627837696446
C,0.2,1,0.8403809177000406,0.8021432877435042,0.8862681680778631,0.8021432877435042,0.8403809177000406,68.03774708088729,89.64918605856002,7095.174559848236,11.837632973885421,0.6513655014031218,0.02120884917467129,0.21611438977672734
C,0.2,1,0.9657958836094525,0.6876983578491366,0.8777377504362425,0.6876983578491366,0.9657958836094525,38.661044778311094,40.990724260011426,4044.6472073162427,3.373841677061382,0.6454347215009996,0.019160200929193013,0.02329679481700332
C,0.2,1,0.9874143323274428,0.8331741149905953,0.7773563122774357,0.8331741149905953,0.9874143323274428,34.53794486402856,36.05903313703563,3815.1764070064546,3.1778221579308275,0.6519411399910742,0.015952918157123047,0.015210882730070666
C,0.2,1,0.7393863331863959,0.9157889125898437,0.3666662223860127,0.9157889125898437,0.7393863331863959,16.55243587219139,50.9880881694043,1521.58958396107,-16.791212390958353,0.5559831196516294,0.1679961131393797,-1.6792212390958354
C,0.2,1,0.8405984739648488,0.5581764825040829,0.8028781666097851,0.5581764825040829,0.8405984739648488,23.013704234968415,25.466500840299606,2071.4796735496225,-10.230170823389148,0.6356484936029833,0.02409836249459533,-1.0231170823389149
C,0.2,1,0.1984782339143798,0.5391387019088844,0.5572269197058681,0.5391387019088844,0.1984782339143798,40.373479767737074,42.694884994331,2051.4378659596214,-10.932894527584743,0.5924183585843119,0.10098632932831024,-1.0933894527584742
C,0.2,1,0.1942864917061643,0.8545213343619218,0.575676074870916,0.8545213343619218,0.1942864917061643,19.035244661494602,19.46121445971727,1272.1690518782339,-17.575259558348424,0.6322344516794643,0.021508207419842572,-1.7576259558348426
C,0.2,1,0.06650230639802568,0.91684813270111,0.46121660521937535,0.91684813270111,0.06650230639802568,21.24806088929839,21.61690865243051,1289.713463046257,-17.792307891542794,0.624484302801062,0.028395676884522984,-1.7793307891542796
C,0.2,1,0.9585327815015624,0.05587882633413721,0.8150225134931673,0.05587882633413721,0.9585327815015624,4.188856827535266,29.547828333227084,297.8115649767,-25.86453525996914,0.5770852816265878,0.07433703230210154,-2.5865535259969143
C,0.2,1,0.8360099613280624,0.8483180116316091,0.8781643862435975,0.8483180116316091,0.8360099613280624,41.24749544330879,43.043305239112954,4379.2675574860505,5.942241046058175,0.6488644163192224,0.0202199934233921,0.017958097958041607
C,0.2,1,0.8571891352581996,0.5092826443551861,0.9407968131540758,0.5092826443551861,0.8571891352581996,91.07157265653413,93.40455523624134,8364.332831113126,24.568899418554004,0.6426232441051908,0.030062467250462736,0.02332982579707206
C,0.2,1,0.34674583422867944,0.7144473025476608,0.7193229490506059,0.7144473025476608,0.34674583422867944,62.83615614157081,78.99048215625618,4464.052110511047,1.5985214826843281,0.6168051440397521,0.07588926550276909,0.15975214826843281
C,0.2,1,0.2957156427793475,0.7920929036983104,0.7369719461324385,0.7920929036983104,0.2957156427793475,24.0559971801654,24.16234707404692,1751.6308427818913,-13.17727562156372,0.6296367368317176,0.030483007599404924,-1.317827562156372
C,0.2,1,0.7353856236285173,0.723881504786982,0.9988598673259192,0.723881504786982,0.7353856236285173,28.916612227834253,33.52872569289993,2831.944170796049,-6.0036016070267015,0.630426843039212,0.03178021835693039,-0.6004601607026702
C,0.2,1,0.8966089168453755,0.7791576844222096,0.5720611626491481,0.7791576844222096,0.8966089168453755,35.12365610523165,35.344253261444706,3445.274479478967,1.7307160983075096,0.6478693584192697,0.023275421741770705,0.002205971562130529
C,0.2,1,0.5532121769484877,0.6637656633874126,0.05071978940554722,0.6637656633874126,0.5532121769484877,15.624367883040275,15.823250455458327,970.5370903613629,-18.020904466024273,0.6444109718401584,0.012551108987869344,-1.8021904466024274
C,0.2,1,0.884920295349436,0.5611232774214966,0.45916573397690197,0.5611232774214966,0.884920295349436,30.03063122525439,30.65978665303635,2516.005984184999,-5.358389669092543,0.636554386074577,0.03099246577216948,-0.5359389669092544
C,0.2,1,0.38957202104601907,0.6482058645645317,0.039535096713777085,0.6482058645645317,0.38957202104601907,76.70093261016473,77.51287249611208,4055.736053146199,3.198538924791964,0.594379594463352,0.13663470704639974,0.008119398859473534
C,0.2,1,0.8562534948489957,0.9548041220654857,0.834211314695135,0.9548041220654857,0.8562534948489957,31.338163926794877,32.11130822338979,3491.3272972244054,1.70322408825704,0.6539298045794473,0.017334615195778093,0.0077314429659491425
C,0.2,1,0.9114049444605401,0.7947419156718128,0.6045303640998672,0.7947419156718128,0.9114049444605401,38.42258344229646,39.18947994420925,3858.418963863097,3.770454793017351,0.6479404136881226,0.021633460651665073,0.007668965019127966
C,0.2,1,0.7005769831891637,0.9339494062522106,0.8330160875954338,0.9339494062522106,0.7005769831891637,46.27637566997208,48.03091524499623,4745.721997231023,7.935827901373907,0.6474716117581941,0.024311872473220135,0.017545395750241468
C,0.2,1,0.14784485517460566,0.8952525167833719,0.7854857515750024,0.8952525167833719,0.14784485517460566,26.52990342628459,27.06234998369215,1904.6351554130051,-12.48892000459929,0.6235062217312614,0.03926672022241777,-1.2489920004599289
C,0.2,1,0.9396465793617536,0.5358675237197634,0.9625059523678374,0.5358675237197634,0.9396465793617536,14.708306348276828,23.16157876628766,1439.0364827029455,-17.39293486657877,0.6224892524404061,0.025442172411695208,-1.739393486657877
C,0.2,1,0.872822876479052,0.4006341727360516,0.7368165307180167,0.4006341727360516,0.872822876479052,9.78753277119694,11.376326026234167,803.4905286142848,-19.878049252653177,0.6593552754964038,0.005290191622951322,-1.9879049252653178
C,0.2,1,0.1874799415772257,0.8973915353468132,0.9541051366010492,0.8973915353468132,0.1874799415772257,24.76338328893877,25.92800955129626,1933.9261900052798,-12.171511511466258,0.6275624983174147,0.03445615901714982,-1.2172511511466257
C,0.2,1,0.8935797280329452,0.611313357683857,0.921963593183382,0.611313357683857,0.8935797280329452,18.392976413454186,19.008260354153183,1807.9145171051066,-10.432072320470313,0.6531497569890686,0.013279206767727602,-1.0433072320470314
C,0.2,1,0.9639608812112834,0.28709656743578515,0.19049972758232236,0.28709656743578515,0.9639608812112834,24.65928056011629,24.946504553183757,1659.9484868775226,-10.875937807679623,0.6345637554477264,0.026566806333811532,-1.0876937807679623
C,0.2,1,0.6574131064311246,0.9966260738242629,0.9345968786708235,0.9966260738242629,0.6574131064311246,35.434919296287525,35.94329079476287,3758.4713675189328,2.8723866987692976,0.6497636167502229,0.02309927651323666,0.005083714984753485
C,0.2,1,0.6133424869037079,0.8511943892272275,0.6588786571671376,0.8511943892272275,0.6133424869037079,20.944848634391462,20.961951896300125,1878.728003072268,-10.498654596345641,0.6465175226176668,0.018479954788944892,-1.049965459634564
C,0.2,1,0.9242367688705568,0.8235992322358078,0.914094191696553,0.8235992322358078,0.9242367688705568,24.846600724440766,25.179019474601915,2739.192497705019,-2.811631968633699,0.6559905029865812,0.016416565429648845,-0.28126319686336987
C,0.2,1,0.9690774717273785,0.6850675834305194,0.3490880849673691,0.6850675834305194,0.9690774717273785,23.70580667453228,34.521351483588646,2167.527510825812,-13.176348616260665,0.6080219052630385,0.04886291621640144,-1.3177348616260665
C,0.2,1,0.30346883356676546,0.7920982939751924,0.34293094065669305,0.7920982939751924,0.30346883356676546,12.716896076386483,26.372840768323723,805.6360936255323,-22.17395594146222,0.5983951664903528,0.04760594410512262,-2.2174955941462224
C,0.2,1,0.5601925756738979,0.6337737086973764,0.761966642996711,0.6337737086973764,0.5601925756738979,10.280433829028906,10.495812015370943,809.5582603598942,-20.365558626011595,0.6625726710681193,0.0048245125470482595,-2.0366558626011595
C,0.2,1,0.9362770976658724,0.03962835723766511,0.5888756611693101,0.03962835723766511,0.9362770976658724,8.192567705700537,33.59448444263952,520.3686687922042,-24.19590898747895,0.5710924765484034,0.09202296750319149,-2.4196908987478953
C,0.2,1,0.5066600542725745,0.6977098571406205,0.15414130511857516,0.6977098571406205,0.5066600542725745,18.137824867268336,19.830376361424268,1162.1272263573226,-17.41170879329872,0.6318324631281622,0.020468130055522546,-1.741270879329872
C,0.2,1,0.9459267716027618,0.8125487056241123,0.7138632201022183,0.8125487056241123,0.9459267716027618,12.674662267663706,26.117796101736868,1340.603519493532,-18.873117469800754,0.6098381982196865,0.037103936671367056,-1.8874117469800755
C,0.2,1,0.8905520022255277,0.1836886076566625,0.1675193841687812,0.1836886076566625,0.8905520022255277,53.381918155156846,88.72818618344576,3090.813867161346,-6.4303071786913675,0.576037836679681,0.2700097958566901,-0.6431307178691368
C,0.2,1,0.41943378014877886,0.990645621344873,0.7648759012288884,0.990645621344873,0.41943378014877886,69.27356176547372,69.99769006935506,6208.70307534718,16.00724690393799,0.6356883672058095,0.041110657060553134,0.007241283038813435
C,0.2,1,0.5646324529972909,0.6745031926120402,0.165527460862109,0.6745031926120402,0.5646324529972909,25.444821411956426,25.992338218310973,1681.7746773962117,-12.44777413290816,0.6270668307514589,0.03303278426606764,-1.244877413290816
C,0.2,1,0.9450298229045306,0.6258253411355398,0.2906001616218983,0.6258253411355398,0.9450298229045306,32.676223894221906,33.73942141834487,2803.8736508997567,-3.655523032010588,0.6358551982531861,0.031181579483676104,-0.3656523032010588
C,0.2,1,0.597845750965032,0.9460289628932308,0.9580143733958144,0.9460289628932308,0.597845750965032,21.708789325236033,22.172834309582477,2195.715850450348,-8.44462234465958,0.6485045388356278,0.018712170256663916,-0.8445622344659579
C,0.2,1,0.5819268889604573,0.9289922314583434,0.8016301182687893,0.9289922314583434,0.5819268889604573,21.168902820395278,21.32764393344324,2023.4657532694844,-9.648612624247873,0.6476803778173236,0.018457999219248542,-0.9649612624247872
C,0.2,1,0.7393863331863959,0.061370654803475144,0.8249575586061401,0.061370654803475144,0.7393863331863959,23.17495442624075,23.320246238702115,1405.8341807649567,-14.163634279141888,0.6296808196872948,0.027648675871789197,-1.4164634279141888
C,0.2,1,0.9856688050454513,0.6778517833877056,0.3743591739015323,0.6778517833877056,0.9856688050454513,29.740059107777483,29.930335989223867,2751.9966303346014,-2.5002595381826387,0.6461322346374664,0.024007966586197055,-0.25012595381826386
C,0.2,1,0.06880554535567174,0.9292855673666303,0.7775904860173363,0.9292855673666303,0.06880554535567174,23.3425382239274,23.849685391964716,1618.672388544677,-15.166025384712693,0.624875394789485,0.03270767501929186,-1.5167025384712693
C,0.2,1,0.9101133962470722,0.7975172076480763,0.4319648474868284,0.7975172076480763,0.9101133962470722,23.981621945043866,24.427196634242915,2306.5680198694618,-6.081801474200725,0.6490964195999755,0.019073686694505758,-0.6082801474200725
C,0.2,1,0.8405984739648488,0.9687249388568983,0.9439718793242653,0.9687249388568983,0.8405984739648488,26.39174728433985,26.558219151118088,3010.386995407777,-0.9693972270188157,0.6575544858988366,0.01657457801320272,-0.09703972270188158
C,0.2,1,0.5957763356416605,0.8507886793818961,0.7742862072153158,0.8507886793818961,0.5957763356416605,4.308879956864281,24.636825193750916,395.0614079554675,-25.558358957847094,0.5932825890795816,0.047645402986628095,-2.5559358957847094
C,0.2,1,0.5579705466739402,0.7144473025476608,0.9785576718633657,0.7144473025476608,0.5579705466739402,25.99029376902407,27.327621639570065,2289.3507189524876,-8.527372553339076,0.6348445270284928,0.029976619691803794,-0.8528372553339075
C,0.2,1,0.9956907393617782,0.9482799255793667,0.8129404897018514,0.9482799255793667,0.9956907393617782,27.49717889298991,28.139098562917773,3231.5247086977265,0.7797868479287844,0.6594295171443617,0.01338480884521174,0.006419196699278622
C,0.2,1,0.3715694579854242,0.8431373436365013,0.4058791450755622,0.8431373436365013,0.3715694579854242,29.353058020647676,29.547828333227084,2080.6128136735333,-10.040297263111556,0.6244812192416738,0.04214097351912018,-1.0041297263111555
C,0.2,1,0.7860991873496023,0.5122912503105159,0.9368050959357157,0.5122912503105159,0.7860991873496023,40.38331914365567,41.76253322217077,3567.44824996934,0.42421690084741065,0.6341915761663386,0.03502106705028221,0.013792140785150977
C,0.2,1,0.043424390176492356,0.6515196951861332,0.6012451262116847,0.6515196951861332,0.043424390176492356,4.8522009143865015,18.928269925753295,241.53447010157018,-26.865361178577203,0.6087621144398111,0.027189529054562674,-2.6866361178577205
C,0.2,1,0.9934418863333961,0.7791576844222096,0.8498554463469515,0.7791576844222096,0.9934418863333961,32.08299405530985,32.284494070860546,3525.162755375393,2.9243040014899293,0.6567668152032986,0.016273983069830585,0.0020150001555069965
C,0.2,1,0.9193397832836673,0.9546827639804184,0.6673628719045298,0.9546827639804184,0.9193397832836673,23.805431901243768,23.92010628601537,2627.7673415280724,-3.1700188054898053,0.658071055258337,0.015365028106479014,-0.31710188054898053
C,0.2,1,0.8819170668418441,0.7338573682910784,0.5714562814266655,0.7338573682910784,0.8819170668418441,36.3325621027502,36.703668618686855,3454.3230212736776,1.4242344855604379,0.6447536964929445,0.025686622237221256,0.003711065159366527
C,0.2,1,0.9354149960700159,0.8482149986786979,0.766116676528503,0.8482149986786979,0.9354149960700159,35.402953822546465,35.84866393571357,3835.3583500754094,4.370726508060393,0.6546460910307621,0.017511685705515062,0.004457101131671024
C,0.2,1,0.6990466780826171,0.9969252542603358,0.8500646491996069,0.9969252542603358,0.6990466780826171,35.6196021949615,36.80546850730187,3777.466394306045,2.632911076049934,0.6482299980222684,0.022248602502579696,0.011858663123403659
C,0.2,1,0.9582687977895783,0.8851709735634699,0.7638077861340846,0.8851709735634699,0.9582687977895783,31.81298014566873,32.46936253177526,3539.7406906743017,2.4444282554801693,0.6554400208822264,0.015959153444894236,0.006563823861065323
C,0.2,1,0.9260217308498452,0.833338634825709,0.10399178371208317,0.833338634825709,0.9260217308498452,10.481201677374889,14.853103761996945,949.2595122381832,-19.68132528877462,0.6443600758827078,0.009624814503356281,-1.968232528877462
C,0.2,1,0.9998091563434773,0.8928511242955268,0.5989097307302322,0.8928511242955268,0.9998091563434773,24.846392826828815,25.48533235148606,2723.307701962979,-2.7923776818461548,0.6556333221239964,0.015476359437467252,-0.2793377681846155
C,0.2,1,0.5383120437667225,0.8344732485307994,0.8056676528760702,0.8344732485307994,0.5383120437667225,5.295280803746352,10.000660791497944,470.12009171027046,-24.893167810002886,0.6536925827888067,0.004795701819233251,-2.4894167810002887
C,0.2,1,0.807519709111031,0.9799583578234813,0.5968342690238014,0.9799583578234813,0.807519709111031,34.07682159090587,34.71150378815,3554.033931850804,1.968498974583561,0.6498416308612267,0.020949198099981234,0.006346821972441248
C,0.2,1,0.9021681070237761,0.8892779143281807,0.5710688516798443,0.8892779143281807,0.9021681070237761,27.103371459051147,28.26185318431081,2814.6586286713828,-3.211302191777788,0.6482948477021325,0.01973228874284006,-0.32123021917777883
C,0.2,1,0.3852760086700837,0.8484878130749063,0.23151763770526468,0.8484878130749063,0.3852760086700837,63.74962520439617,79.48873991566332,4301.578127147272,0.600658466602731,0.6142048087052333,0.08111473130990922,0.0599658466602731
C,0.2,1,0.2579558814530363,0.3572069407902069,0.42906938931822125,0.3572069407902069,0.2579558814530363,22.316830855792517,22.808344476415765,925.810957309044,-20.006551612403427,0.6147315213178492,0.03404217046869629,-2.0007551612403427
C,0.2,1,0.9302456342093154,0.825712934025134,0.6979176296600962,0.825712934025134,0.9302456342093154,13.193184262455226,21.928910575847294,1388.5281446007484,-17.71915339358255,0.6252298828555444,0.022573210570262528,-1.772015339358255
C,0.2,1,0.9494116009148162,0.12006915818022346,0.8741305881832727,0.12006915818022346,0.9494116009148162,24.135968145154916,24.816657190991247,1818.097377446124,-10.649746071755308,0.6356449050974445,0.02543189493902141,-1.0650746071755308
C,0.2,1,0.9420888517375048,0.9955679808506813,0.5999039862016073,0.9955679808506813,0.9420888517375048,32.74902123166833,33.25942964006355,3663.9749470328584,3.507397451034067,0.6568096005066073,0.015573979052631064,0.005104084083952216
C,0.2,1,0.9242367688705568,0.11828911450191693,0.5026548181282793,0.11828911450191693,0.9242367688705568,19.06901215575111,19.214333873712008,1233.6252080616189,-14.325570564516179,0.6420940163406101,0.01686566726477615,-1.432657056451618
C,0.2,1,0.9874732592284098,0.9522588723651979,0.9128737458610743,0.9522588723651979,0.9874732592284098,26.178059752555843,26.47431977296672,3136.3527688827653,0.5396308859131576,0.6621348553230386,0.012941367851014515,0.0029626002041087673
C,0.2,1,0.8600200662711569,0.6078696983336139,0.7008743246086935,0.6078696983336139,0.8600200662711569,24.69401044244116,25.2922013052299,2245.0892060432852,-7.2262106898408724,0.6437240296350533,0.022402811740219748,-0.7227210689840873
C,0.2,1,0.9362770976658724,0.7889319838905379,0.6932592054025377,0.7889319838905379,0.9362770976658724,20.33683053467049,31.296979351105158,2106.731610846155,-13.262353710863623,0.6144945594328437,0.03963614667857267,-1.3263353710863623
C,0.2,1,0.7694513339942082,0.3444369763381594,0.4800002822817355,0.3444369763381594,0.7694513339942082,35.53762001035635,36.05492125910189,2405.698666243281,-6.812304458023613,0.620558191793315,0.05234047687286389,-0.6813304458023614
C,0.2,1,0.9334357636209241,0.941669693240254,0.8320217041917698,0.941669693240254,0.9334357636209241,29.48401059305292,29.816651625885765,3377.564876160317,1.7939526614663301,0.6584256646091955,0.01512959367500555,0.003326410328328464
C,0.2,1,0.9088058097944212,0.9544397584070122,0.7648759012288884,0.9544397584070122,0.9088058097944212,28.230650109081658,28.27114448502553,3169.855283771117,0.6235537007409022,0.6581780685099107,0.016161349009230604,0.00040494375943872285
C,0.2,1,0.93664551306185,0.4887788653093674,0.7491756484513216,0.4887788653093674,0.93664551306185,6.961915713574609,9.260482340647226,626.5766618942624,-21.9480267186014,0.6656033377032097,0.0032800391845290984,-2.1949026718601403
C,0.2,1,0.9798218292454174,0.14214279490018666,0.9223930891597744,0.14214279490018666,0.9798218292454174,24.453836692573745,24.87467329345377,1935.7182339018677,-9.295681226185216,0.6391290857610434,0.02425398218994636,-0.9296681226185216
C,0.2,1,0.020568201764212812,0.7007006912133633,0.9237947090192599,0.7007006912133633,0.020568201764212812,41.24270328151905,41.298149928216276,2439.8487238911584,-8.725195182469836,0.6015079214724836,0.09080712909544364,-0.8726195182469836
C,0.2,1,0.957383931023428,0.8057045772656434,0.7378675952329433,0.8057045772656434,0.957383931023428,12.227377542383607,29.77220417310029,1303.4520831545176,-19.4001662145133,0.5982848251704735,0.052896214714318164,-1.94011662145133
C,0.2,1,0.8996251475619392,0.7791623586404899,0.9729722285379636,0.7791623586404899,0.8996251475619392,24.131492569851083,24.326390109359586,2612.56421420502,-3.7593551963055583,0.655429285260369,0.016790977097126954,-0.3760355196305558
C,0.2,1,0.7393863331863959,0.23530559298642495,0.040572950443043765,0.23530559298642495,0.7393863331863959,27.47947969454555,27.753371540366444,1367.0744388813616,-14.116446376161141,0.6177664547001164,0.04105012925973926,-1.411744637616114
C,0.2,1,0.8316894745867051,0.22498039863168318,0.5883734630058638,0.22498039863168318,0.8316894745867051,40.32881190357263,40.990724260011426,2723.9220960252437,-4.774707136075427,0.617886310227023,0.060310786781581104,-0.4775707136075427
C,0.2,1,0.9867089952601538,0.812241184325417,0.8905851937533777,0.812241184325417,0.9867089952601538,29.94751905956612,29.994241023702312,3360.475166119855,2.1078765773829766,0.6587791621895528,0.01550146789628779,0.00046721964136192895
C,0.2,1,0.9280908361549338,0.7975172076480763,0.4319648474868284,0.7975172076480763,0.9280908361549338,31.19935135799099,31.611300942774452,3028.818159515345,-1.0395369326832218,0.6470341377929302,0.0230292834139822,-0.10405369326832217
C,0.2,1,0.0003810919253215417,0.5391387019088844,0.8003560962950483,0.5391387019088844,0.0003810919253215417,41.618526009385846,42.694884994331,1955.4419538740194,-11.797307292426938,0.5881395073484175,0.11095185497054429,-1.1798307292426937
C,0.2,1,0.6465227818804824,0.703476910359303,0.3151660396347904,0.703476910359303,0.6465227818804824,11.712661271159503,12.042947006963129,882.8902822290872,-18.78399882613251,0.6587825631100113,0.006369409886155086,-1.878499882613251
C,0.2,1,0.6823385691431529,0.9815769830838212,0.9355038364161389,0.9815769830838212,0.6823385691431529,48.5822563128463,72.38782519591581,5178.0607711216,3.1362045788695525,0.6291051466133403,0.022419789418916907,0.2380556888306951
C,0.2,1,0.15593360095857445,0.873370935910329,0.1515260238963797,0.873370935910329,0.15593360095857445,17.43581294738743,17.474181917808767,963.3875537701381,-20.141651946144318,0.6323803448039776,0.01821412349523223,-2.014265194614432
C,0.2,1,0.44530468629108666,0.9482799255793667,0.9212177376830734,0.9482799255793667,0.44530468629108666,25.01104440186109,25.30811320122274,2318.7657737864474,-8.111377788874444,0.6406400217057752,0.026291674019742625,-0.8112377788874443
C,0.2,1,0.2980898322148079,0.5924815267663445,0.8604538864419081,0.5924815267663445,0.2980898322148079,13.412334315936308,41.96449728504547,885.7494196527862,-20.669731785966338,0.5612714742820226,0.1313293915628273,-2.067073178596634
C,0.2,1,0.13453634799258796,0.9480943500837106,0.8150225134931673,0.9480943500837106,0.13453634799258796,28.6610119899744,29.547828333227084,2135.448821697126,-10.630030842197117,0.6225120985393302,0.04445860302160352,-1.0631030842197116
C,0.2,1,0.09130588019720987,0.7338573682910784,0.5714562814266655,0.7338573682910784,0.09130588019720987,16.960666691874845,17.11257938944899,942.0729291561254,-21.05289536668376,0.6312635142804137,0.01803787339234232,-2.105389536668376
C,0.2,1,0.14173621662153235,0.9007729703739323,0.9526068407729696,0.9007729703739323,0.14173621662153235,14.104392990217235,38.68212816928501,1071.0964946505765,-19.711142474498374,0.573408417391344,0.104141954505611,-1.9712142474498375
C,0.2,1,0.8114415942348354,0.723881504786982,0.5984676364743956,0.723881504786982,0.8114415942348354,46.52074146228619,48.23267687897315,4267.24740228277,4.716614462296078,0.6386047759200361,0.029897553227252276,0.017119354166869626
C,0.2,1,0.5348690520745795,0.10331102358994215,0.5720611626491481,0.10331102358994215,0.5348690520745795,6.3001235134144045,92.2735698005694,291.1320645722588,-15.449195483253781,0.49188733017193803,0.5774198174940908,-1.5450195483253781
C,0.2,1,0.4140653322328046,0.42308944617464816,0.5241991241788597,0.42308944617464816,0.4140653322328046,25.013142643179698,38.26674629682181,1374.7902809991476,-17.64748993753482,0.5820870438511119,0.0915856606726047,-1.7648489937534824
C,0.2,1,0.8525510244549185,0.930159389259806,0.08933227753004858,0.930159389259806,0.8525510244549185,17.280347066730865,17.706670759753617,1578.8850524228094,-11.573988398745398,0.6544954967037523,0.011891037894610216,-1.1574988398745396
C,0.2,1,0.9453686612574755,0.12917552855309955,0.6238515702830594,0.12917552855309955,0.9453686612574755,30.073322683562125,30.102492899902956,2084.787947390247,-7.863396204598739,0.6300631949555582,0.03705343908509882,-0.7864396204598739
C,0.2,1,0.6448940622473561,0.9338043817018049,0.9717261477346923,0.9338043817018049,0.6448940622473561,39.77616595725388,40.89901487085995,4106.017078081468,4.4732088432896555,0.6468160001126189,0.025175524056073942,0.011228489136060702
C,0.2,1,0.9260217308498452,0.6001037669388725,0.9887678502005675,0.6001037669388725,0.9260217308498452,18.19081402252453,18.63142072124559,1837.7355571266096,-9.901864786237379,0.6557372540337761,0.012413693302980271,-0.9902864786237379
C,0.2,1,0.9758364765866991,0.2486946715699878,0.8024252161443775,0.2486946715699878,0.9758364765866991,26.29812447196329,26.740715302844976,2137.700583041206,-7.757296512164555,0.6386824165236425,0.026356031819071844,-0.7758296512164555
C,0.2,1,0.5177146249748105,0.7235560021414037,0.6678189748669578,0.7235560021414037,0.5177146249748105,3.4065160889892585,16.71683496016717,268.29382016347364,-26.957285565379188,0.6170066936830441,0.019858272291420936,-2.695828556537919
C,0.2,1,0.8084074333965733,0.9804602517616431,0.9342308333002777,0.9804602517616431,0.8084074333965733,9.062698725391778,33.414836770507016,1022.2647590631983,-21.030395748182723,0.582817539314947,0.07754820154388166,-2.1031395748182726
C,0.2,1,0.18351442611522217,0.8994761100399783,0.9667446822400548,0.8994761100399783,0.18351442611522217,41.17228835852332,58.31425708426361,3224.5372028630977,-5.3104689614841485,0.5933466650879909,0.10129212467141152,-0.5311468961484149
C,0.2,1,0.4615761425278292,0.3700122612073452,0.25395054498268377,0.3700122612073452,0.4615761425278292,21.392912178115814,21.528726154573263,1025.3234271322851,-18.077834811843367,0.624228990334087,0.027208577671113007,-1.8078834811843367
C,0.2,1,0.9122347430799177,0.8866826846728394,0.37267520148820543,0.8866826846728394,0.9122347430799177,5.2552551955360425,25.13680681467142,521.6510901486088,-24.84040420155608,0.5940489266688145,0.04779590013401843,-2.484140420155608
C,0.2,1,0.20756163641357006,0.7914326171097303,0.9421095765138945,0.7914326171097303,0.20756163641357006,26.14233154724953,26.341304029517186,1921.5254720467854,-12.310067422991272,0.6259371859188954,0.03657587591251981,-1.231106742299127
C,0.2,1,0.8607552375093555,0.7484578565495108,0.9121350260214305,0.7484578565495108,0.8607552375093555,24.136307843954185,24.720988847769387,2492.4124258189995,-5.2645798648360564,0.6505150230747111,0.018711737874487235,-0.5265579864836056
C,0.2,1,0.9578951147405363,0.8941689594162767,0.9917495979356773,0.8941689594162767,0.9578951147405363,26.096707508716815,26.39204685671545,3063.67370101401,-0.2136400887130474,0.6602291375453108,0.014161638615751095,-0.02146400887130474
C,0.2,1,0.22562687474584686,0.8235992322358078,0.7780940528787871,0.8235992322358078,0.22562687474584686,21.071928631285246,21.08648823306095,1515.3594409871664,-15.543698512764403,0.632353262709953,0.024374856767839105,-1.55446985127644
C,0.2,1,0.974038316320493,0.9353440518144234,0.8117236804415887,0.9353440518144234,0.974038316320493,24.62016197142113,24.775834568952554,2850.084370655614,-1.3752088339951087,0.6608203920551529,0.014027654448801453,-0.13762088339951087
C,0.2,1,0.9860726144932731,0.4239793007450048,0.9492558207998691,0.4239793007450048,0.9860726144932731,23.446055914434695,23.731197513624526,2209.415428636028,-6.7521041518185845,0.6490254772754294,0.018873859591974445,-0.6753104151818585
C,0.2,1,0.994136310449185,0.8202779557598445,0.8199292755808472,0.8202779557598445,0.994136310449185,87.22648378008294,88.72818618344576,9701.237519523349,32.71624459024889,0.6586269672513456,0.015655297633211388,0.015017024033628132
C,0.2,1,0.9362770976658724,0.9546149767032593,0.627185900715572,0.9546149767032593,0.9362770976658724,33.48447966440981,33.59448444263952,3690.801699048222,4.068278916569127,0.6574226391242098,0.016371687103617416,0.0011000477822970822
C,0.2,1,0.965922158044524,0.7754110795466289,0.8320217041917698,0.7754110795466289,0.965922158044524,10.560476186755176,32.831090626531875,1139.1290442888494,-20.4700605369967,0.5864903536543957,0.07162567389731443,-2.0471060536996704
C,0.2,1,0.8143289409653539,0.7416342073773732,0.8294585360647397,0.7416342073773732,0.8143289409653539,28.27766331048776,28.765726257530428,2786.3288319393273,-3.3339628146727516,0.6461954412330793,0.02379190584286512,-0.33349628146727517
C,0.2,1,0.6768837908223189,0.6582949807692794,0.8819898337478093,0.6582949807692794,0.6768837908223189,20.150599187531633,20.63120127001333,1789.5482041854011,-11.429121668605292,0.645195207282233,0.017936365833390547,-1.143012166860529
C,0.2,1,0.7560655566640722,0.9426172387151265,0.6706423895976921,0.9426172387151265,0.7560655566640722,40.27406034415537,40.64547744218999,4095.8799720341685,5.32732363746838,0.6494086740096732,0.0235023043716487,0.0037141709803461963
C,0.2,1,0.9819242524434039,0.14428532528420113,0.22857284106115128,0.14428532528420113,0.9819242524434039,23.977900124566045,24.49385199888817,1487.2244575579255,-12.5529245966136,0.6312715434176149,0.02766022254928613,-1.25539245966136
C,0.2,1,0.7393863331863959,0.6588919186167818,0.9029886377393016,0.6588919186167818,0.7393863331863959,19.0557058742781,21.602150990765157,1762.4361020524361,-12.707589607462126,0.6393173990054305,0.019036751512609133,-1.2708589607462124
C,0.2,1,0.7800505742228923,0.36565777252856757,0.7513314648258725,0.36565777252856757,0.7800505742228923,18.38138840443821,18.539368534206464,1398.2483928782644,-13.844906841308156,0.6455501240208241,0.015434634467115889,-1.3845906841308155
C,0.2,1,0.8872261341919124,0.8466730277498129,0.5391474658551514,0.8466730277498129,0.8872261341919124,38.39813210028962,39.2916009190896,3846.4808438270547,3.5300996795205544,0.6471854593965777,0.021990804917970102,0.008934688187999812
C,0.2,1,0.8725469687139038,0.8879390392443288,0.769667489608977,0.8879390392443288,0.8725469687139038,53.058895628307745,53.61381061408979,5691.41484255921,14.866319499258893,0.6546137052940443,0.018878861291454753,0.005549149857820481
C,0.2,1,0.9819277052725487,0.9489713994101161,0.8236990414181364,0.9489713994101161,0.9819277052725487,27.39314414264301,28.96820253125355,3208.7625392667255,-0.4796539073469907,0.6548522990986522,0.013675631478846604,-0.04806539073469907
C,0.2,1,0.8871298783887834,0.25665050855783067,0.8356446328697541,0.25665050855783067,0.8871298783887834,24.67466432652954,25.306755772353345,1926.6011258669685,-9.908562345458167,0.6363156617127539,0.02604710942250666,-0.9909562345458166
C,0.2,1,0.9221922343976924,0.36833560946992117,0.46121660521937535,0.36833560946992117,0.9221922343976924,8.71218859992532,15.951474303576324,662.6212497136937,-23.366077325076922,0.6301325257571628,0.01392726600947989,-2.3367077325076924
C,0.2,1,0.9509335104583297,0.9687249388568983,0.743706243423787,0.9687249388568983,0.9509335104583297,28.34097363639323,28.63669294818384,3247.183451098484,1.0971205047105876,0.6589511069816604,0.014746830492988534,0.002957193117906094
C,0.2,1,0.5579705466739402,0.8736017299990523,0.9031922922816561,0.8736017299990523,0.5579705466739402,22.75037864545053,22.783072112483683,2142.1397336085147,-8.866328627940792,0.6454823836461807,0.021129517804879386,-0.8867328627940791
C,0.2,1,0.9738111327927628,0.5122912503105159,0.7118966565848495,0.5122912503105159,0.9738111327927628,40.38331914365567,41.76253322217077,3719.406087854533,1.8166821003657425,0.6391854520260096,0.02680553888406101,0.013792140785150977
C,0.2,1,0.08611376404937465,0.9482799255793667,0.6101680369510788,0.9482799255793667,0.08611376404937465,12.102809875895723,26.419364432205068,810.5722017093328,-21.856875093416,0.5990151540087152,0.048088269965227526,-2.1857875093416004
C,0.2,1,0.9313463331188295,0.9421323935073499,0.817846062942883,0.9421323935073499,0.9313463331188295,28.33386188569361,28.943451363197415,3233.4628090801134,0.5009845137426779,0.6568703617676843,0.01528729876592438,0.006095894775038033
C,0.2,1,0.4055051825070851,0.08550592458281536,0.9209387757081495,0.08550592458281536,0.4055051825070851,5.006630309311253,16.605982893894428,238.18555423524896,-27.20110732350253,0.6167572742476768,0.0198115336821953,-2.720210732350253
C,0.2,1,0.9671583649273687,0.46366204529445276,0.13074957678715637,0.46366204529445276,0.9671583649273687,20.782034764909803,20.897023320150915,1554.699031635818,-11.13462880316935,0.64529457019268,0.017722038388432088,-1.113562880316935
C,0.2,1,0.8614066352113268,0.9685602609317596,0.5118129126310669,0.9685602609317596,0.8614066352113268,28.901773616020034,29.421972427353737,3014.2719712223898,-1.2400446513484966,0.6508694158636869,0.01994985183668979,-0.12410446513484966
C,0.2,1,0.8966089168453755,0.5666695306747774,0.5720611626491481,0.5666695306747774,0.8966089168453755,29.261446819072205,29.603402633465738,2559.3656558831412,-4.632898321201558,0.6407079846375318,0.02798793163319988,-0.46338983212015583
C,0.2,1,0.016702116347680263,0.17262933891285548,0.04363287612066935,0.17262933891285548,0.016702116347680263,7.846854395692052,18.667470458094815,82.84233874229943,-28.188567898183354,0.60593381927116,0.027910113289558676,-2.8189567898183356
C,0.2,1,0.9211176115270927,0.967261174949811,0.7296979669939938,0.967261174949811,0.9211176115270927,27.494017179680586,27.78094074281338,3097.5141508697902,-0.0693042976309624,0.6575276937875062,0.015788827938135633,-0.007030429763096239
C,0.2,1,0.9827486668070248,0.7892058727633599,0.8429195786796191,0.7892058727633599,0.9827486668070248,2.7673172666044876,22.072516011958438,303.4936672605438,-26.488645838497657,0.5988854812607006,0.03822704596361321,-2.6489645838497657
C,0.2,1,0.875360026435882,0.8506368547669045,0.7638077861340846,0.8506368547669045,0.875360026435882,28.186215634403695,28.52458725994892,2970.6872879747953,-1.433294335852887,0.652070927332304,0.019643987847323272,-0.14342943358528867
C,0.2,1,0.9509335104583297,0.9542932394095355,0.8535687204212055,0.9542932394095355,0.9509335104583297,28.34097363639323,28.63669294818384,3304.5732695254987,1.4763021826104155,0.6599625698725112,0.014248608383119544,0.002957193117906094
C,0.2,1,0.947207178043805,0.8373770587603812,0.6633428776249829,0.8373770587603812,0.947207178043805,29.030002582417236,29.90926183401421,3071.7453864103636,-1.066060099369986,0.6507740128436958,0.018406451674339984,-0.1067060099369986
C,0.2,1,0.34853641057912543,0.22727380842978462,0.5480415446218215,0.22727380842978462,0.34853641057912543,17.63423296527627,17.892755309162606,749.3058841022699,-21.37479521529771,0.627604168085619,0.019759415345458418,-2.137579521529771
C,0.2,1,0.017864475611729436,0.7993335486218288,0.9434267226841205,0.7993335486218288,0.017864475611729436,27.296776732632562,27.721640004678573,1759.156316010287,-14.22908754135679,0.616567033835265,0.04551990130842019,-1.423008754135679
C,0.2,1,0.9963301191167964,0.2188450567285548,0.6968837493495863,0.2188450567285548,0.9963301191167964,25.123741326210663,25.389584533804555,1964.1955155260287,-8.659254941511199,0.6394967654074702,0.02482033686705607,-0.8660254941511198
C,0.2,1,0.543886771508353,0.9955679808506813,0.4312790329367897,0.9955679808506813,0.543886771508353,23.935181759118645,24.462690892653626,2100.4250164385976,-9.187630305413345,0.6401573104551879,0.02461548454012215,-0.9188630305413344
C,0.2,1,0.2740885729081878,0.9791214658365349,0.9670337077164743,0.9791214658365349,0.2740885729081878,24.96131356246666,25.36192296784724,2167.549226931542,-10.044972513421076,0.6349956149168924,0.029814479858944087,-1.0045972513421075
C,0.2,1,0.8731284160716059,0.3633753108282932,0.9821543824800663,0.3633753108282932,0.8731284160716059,21.427155707337032,21.744261448552045,1850.85726650043,-10.110162264417049,0.6454505704056488,0.018764153759846608,-1.0111162264417048
C,0.2,1,0.9707512647890436,0.7955908469519211,0.7493803851911139,0.7955908469519211,0.9707512647890436,30.955351250505476,31.669596115788867,3313.8203509708087,0.7698245162314511,0.6523737065987797,0.017591887230627976,0.007142448652833906
C,0.2,1,0.9242367688705568,0.7532600996319928,0.7759576081351395,0.7532600996319928,0.9242367688705568,7.332553294321366,14.57918967094805,757.2605223622334,-22.452299139310625,0.6381207859285212,0.010761609171738537,-2.2453299139310627
C,0.2,1,0.26782568900144466,0.9441721786874917,0.9128737458610743,0.9441721786874917,0.26782568900144466,26.178059752555843,26.47431977296672,2183.8192166588287,-9.922603705492435,0.6323788414029751,0.03294969267832351,-0.9923603705492434
C,0.2,1,0.9626459650080869,0.872841846244255,0.6004419593745398,0.872841846244255,0.9626459650080869,24.010649422484946,24.113929195808304,2563.98775238851,-3.4598792118823076,0.6568347952131687,0.015880649304332743,-0.34608792118823073
C,0.2,1,0.8418398515138703,0.9656429813768383,0.5015062167642685,0.9656429813768383,0.8418398515138703,34.055468120647255,34.521351483588646,3504.709424139385,1.9179922923819344,0.6499877386654804,0.020966082641114606,0.004658833629413906
C,0.2,1,0.9664729103197977,0.7931664371790619,0.8084800004421031,0.7931664371790619,0.9664729103197977,32.011981042856526,32.68242026886497,3463.503232911927,1.7900537799837741,0.6532679460954082,0.017260706119739254,0.006704392260084475
C,0.2,1,0.9088058097944212,0.9544397584070122,0.7186375378622658,0.9544397584070122,0.9088058097944212,33.74585449541906,34.29258588190479,3750.1166363791554,3.806200607121626,0.6557552042020143,0.01653595239499501,0.005467313864857317
C,0.2,1,0.9221531713061277,0.9456919878183951,0.8320217041917698,0.9456919878183951,0.9221531713061277,22.283119121312936,28.68734381101785,2544.571777697548,-8.49866353627452,0.634218477713686,0.022812132852312768,-0.849966353627452
C,0.2,1,0.9784206512351284,0.6258253411355398,0.8819898337478093,0.6258253411355398,0.9784206512351284,27.074930542125465,27.227935367412666,2768.7377779855165,-2.3916745250372644,0.6522497440595881,0.01941371425056887,-0.23926745250372644
C,0.2,1,0.0774508185202355,0.7771230324892082,0.655697984464088,0.7771230324892082,0.0774508185202355,12.512346093987015,30.6135245930722,739.7441922036824,-22.233445112249694,0.5858456724887123,0.06893029448111054,-2.2234445112249697
C,0.2,1,0.31443421550380957,0.4947215321766455,0.46579609849537573,0.4947215321766455,0.31443421550380957,40.27406034415537,40.64547744218999,2098.3868749670132,-10.125561470642602,0.5991179832804363,0.08898844271041191,-1.01265614706426
C,0.2,1,0.16700209652258757,0.8596690065205135,0.4161050647468505,0.8596690065205135,0.16700209652258757,21.20518167918863,21.231894548366714,1309.1269506297851,-17.226793867458586,0.6273081323853508,0.026429502538751804,-1.7227793867458587
C,0.2,1,0.47259514600011987,0.1425753379618342,0.8335589681201006,0.1425753379618342,0.47259514600011987,25.77094465538934,25.986865552678186,1329.7162756512937,-15.971941931071534,0.6168095792059155,0.03963303646346285,-1.5972941931071534
C,0.2,1,0.7800505742228923,0.9959221119246996,0.7278530870407649,0.9959221119246996,0.7800505742228923,27.614837696792915,27.905382732802646,2954.6484957386647,-1.7573244152063945,0.6523707215047825,0.019911851534796167,-0.17583244152063943
C,0.2,1,0.8872261341919124,0.4790727400984406,0.3434074512261376,0.4790727400984406,0.8872261341919124,38.41775814402775,39.2916009190896,2954.3305953987765,-2.980833592621678,0.6273356807045887,0.044445863091765216,-0.29818335926216777
C,0.2,1,0.8451456691257386,0.322882193218758,0.8166777085887045,0.322882193218758,0.8451456691257386,40.373479767737074,42.694884994331,3182.1704870376343,-3.0963097595516134,0.6225200858033054,0.04726929658689245,-0.3097309759551613
C,0.2,1,0.9011310316744731,0.9995749660152732,0.885253426261247,0.9995749660152732,0.9011310316744731,49.451267902461396,50.9880881694043,5794.038683368961,14.919379245993941,0.6610072890382157,0.01467029505486548,0.01536820266942904
C,0.2,1,0.7225168504048702,0.08128131116389448,0.4319648474868284,0.08128131116389448,0.7225168504048702,9.074574413615803,21.60178197747622,462.7037403488023,-25.417762053855657,0.603853263434911,0.033514307531995996,-2.5418762053855657
C,0.2,1,0.9509335104583297,0.9687249388568983,0.790570790221677,0.9687249388568983,0.9509335104583297,16.425862136850636,19.159784986727313,1901.2474221546788,-10.926076681212251,0.6518490883670076,0.011850151600690511,-1.092707668121225
C,0.2,1,0.9730032293095534,0.8844044058441277,0.36636852718497914,0.8844044058441277,0.9730032293095534,30.326899110564927,30.454835528768353,3094.2412319555624,0.16880745848973114,0.6526106585810392,0.019150742426318652,0.001279364182034257
C,0.2,1,0.3461025066221778,0.6717873042344935,0.4018651757254553,0.6717873042344935,0.3461025066221778,46.08706021538361,48.458465119279715,2808.5970640819614,-5.582006865942836,0.6012204955443013,0.09660014429323482,-0.5583006865942837
C,0.2,1,0.8884904693259192,0.5255603905784978,0.8495516821845326,0.5255603905784978,0.8884904693259192,27.747924994618533,28.303083243748016,2551.1812688678906,-5.018288607511701,0.642623490587184,0.025395234402858884,-0.50192886075117
C,0.2,1,0.9650759604991652,0.6070062098499119,0.817846062942883,0.6070062098499119,0.9650759604991652,31.153543592952783,31.82379717285072,3085.766595639088,-1.0657045800851834,0.6467743703670551,0.022306427023336173,-0.10667045800851833
C,0.2,1,0.9784835655801472,0.04536915324293633,0.38469311546741913,0.04536915324293633,0.9784835655801472,18.241756909357356,20.395001881965584,1109.280577814265,-17.420314969580645,0.6304669149309011,0.021368375531762608,-1.7421314969580646
C,0.2,1,0.2284862394818865,0.1403831886685476,0.9391726369191066,0.1403831886685476,0.2284862394818865,22.816711486235512,23.48801444719506,956.5401432188137,-20.259651953346534,0.611842597793256,0.03712868389634776,-2.0260651953346533
C,0.2,1,0.9149465618040052,0.6459891470132312,0.9586450212187009,0.6459891470132312,0.9149465618040052,35.01567312624761,36.59766292194404,3572.050745229067,1.0043507285019266,0.6448119459613172,0.02157303705866553,0.0158198979569643
C,0.2,1,0.0683084427563857,0.8518240823060047,0.5714562814266655,0.8518240823060047,0.0683084427563857,3.6816801240416237,13.514261461919135,221.97966227750396,-27.379461330930496,0.6293722095728124,0.01208169965867959,-2.7380461330930497
C,0.2,1,0.416962538542354,0.12361762175227797,0.5118129126310669,0.12361762175227797,0.416962538542354,20.66719394665145,20.885972500247192,823.0571690697253,-20.264791781619987,0.6202660143723819,0.027507801326624334,-2.026579178161999
C,0.2,1,0.9582687977895783,0.7947794737587218,0.6562527788985517,0.7947794737587218,0.9582687977895783,10.415943993676724,11.652911604355564,1083.8699355004944,-16.65864290047725,0.6662387162533311,0.004891759603288715,-1.6659642900477252
C,0.2,1,0.5663919849036085,0.09661342679037344,0.9204010310923929,0.09661342679037344,0.5663919849036085,15.224382668666433,16.846192438419738,855.0058426009391,-20.536263293804645,0.633956303244539,0.01553599532737004,-2.0537263293804644
C,0.2,1,0.9260217308498452,0.8216678710809313,0.9887678502005675,0.8216678710809313,0.9260217308498452,20.49443193407952,20.61146667002951,2297.5011645469826,-5.818761464674026,0.660134664634617,0.013004845767192193,-0.5819761464674026
C,0.2,1,0.5161076098302564,0.3931619776744547,0.7296979669939938,0.3931619776744547,0.5161076098302564,1.0623917810787082,27.78094074281338,67.68065489759816,-27.332239288737256,0.5775645931280293,0.06928630908232924,-2.733323928873726
C,0.2,1,0.7811664784990315,0.9338043817018049,0.6088812504627066,0.9338043817018049,0.7811664784990315,40.50007461671778,40.89901487085995,4089.3157920930275,5.3240834725035135,0.6491179912681019,0.0233892686596898,0.003989402541421683
C,0.2,1,0.843078745629756,0.8373770587603812,0.6973216672297542,0.8373770587603812,0.843078745629756,2.2467456376672126,28.68734381101785,227.9454477377863,-26.28587013836889,0.5782428959026247,0.07096876518916359,-2.628687013836889
C,0.2,1,0.9597259123430615,0.9029059950451899,0.6775446010687747,0.9029059950451899,0.9597259123430615,30.884327083021663,31.100633981209313,3399.4443799711503,2.101858192236792,0.6567449209400378,0.016248217127602743,0.002163068981876499
C,0.2,1,0.9181766948457456,0.7863459837587052,0.7186375378622658,0.7863459837587052,0.9181766948457456,35.613274126762576,36.49071327296459,3675.007561262961,2.5930612135097113,0.6489986121500381,0.020221219210966604,0.008774391462020147
C,0.2,1,0.22237365876186233,0.9851365948235555,0.08906207371184816,0.9851365948235555,0.22237365876186233,22.61422017911688,30.817824151836792,1415.6968707693065,-16.81965012506267,0.6024888015730885,0.055272939803912916,-1.682065012506267
C,0.2,1,0.43478549099835995,0.3791065010465855,0.49288121730835643,0.3791065010465855,0.43478549099835995,19.240474407588987,19.291427604867806,1020.065113364188,-18.460409990345852,0.6305211562436306,0.021327779830166586,-1.8461409990345854
C,0.2,1,0.9797931983650929,0.7955908469519211,0.7493803851911139,0.7955908469519211,0.9797931983650929,22.918234708233403,23.44703605599546,2463.7953012303183,-4.739746533295877,0.6553447526071701,0.015365043426748673,-0.47407465332958776
C,0.2,1,0.866747660620582,0.9447182523803238,0.25395054498268377,0.9447182523803238,0.866747660620582,41.06229722584278,41.824538101635525,3979.842405674885,4.442739115113452,0.6459229044216744,0.023650171438926962,0.007622408757927488
C,0.2,1,0.9860869592765461,0.9656429813768383,0.8740364891377149,0.9656429813768383,0.9860869592765461,26.359092353483742,26.594594745459887,3148.2617011744883,0.7096822744837796,0.6622919816029754,0.012999947000787116,0.002355023919761443
C,0.2,1,0.1450392565266141,0.02896521246329331,0.13026962109704077,0.02896521246329331,0.1450392565266141,26.36833777258103,26.47431977296672,315.285264878047,-24.882258763656512,0.5891274790402539,0.05741794080277957,-2.4883258763656513
C,0.2,1,0.41453550473900513,0.9822639676037218,0.5999039862016073,0.9822639676037218,0.41453550473900513,32.53230741491641,32.99903622925618,2759.9620140259426,-4.941360206808947,0.6317659080847855,0.04074534394728167,-0.4942360206808948
C,0.2,1,0.9242367688705568,0.915091038257067,0.740429960409552,0.915091038257067,0.9242367688705568,28.067275811702828,28.443811571231763,3100.792341490856,-0.22676190872252824,0.6557271702771327,0.016660893573122327,-0.022776190872252824
C,0.2,1,0.960900387970808,0.9684130645159867,0.7913183683640562,0.9684130645159867,0.960900387970808,28.795109603402523,29.0682141162377,3347.392094889525,1.8581631179407367,0.6601195103720341,0.014140421918678018,0.0027310451283517876
C,0.2,1,0.6283228302830884,0.9544397584070122,0.8808128736557526,0.9544397584070122,0.6283228302830884,20.427227226273217,22.636406191345138,2066.3866700706735,-10.147725332540471,0.6430697211091173,0.019428855746504246,-1.0148725332540471
C,0.2,1,0.9260695047266807,0.09896659549791587,0.6915678706339032,0.09896659549791587,0.9260695047266807,27.661561938058394,27.9601109183419,1895.951165953197,-9.714548140491246,0.6300095509297547,0.0334866313492016,-0.9715548140491246
C,0.2,1,0.7574781255968075,0.6499414883576595,0.9171184522954277,0.6499414883576595,0.7574781255968075,19.951438882297523,20.176532656950847,1861.448139197954,-10.293252152451187,0.6496078596859486,0.016150335421947076,-1.0294252152451187
C,0.2,1,0.8143289409653539,0.8670410575395798,0.3280854942143727,0.8670410575395798,0.8143289409653539,17.50178605198901,17.66321277185775,1614.9009525658473,-11.409439601991185,0.6549769268780847,0.012099855204884715,-1.1410439601991185
C,0.2,1,0.9585834750647643,0.8931686358631269,0.06265244424469185,0.8931686358631269,0.9585834750647643,26.487263137461536,27.035402745715587,2493.879565797703,-4.519569788459444,0.6471739544230976,0.020974393588840578,-0.4520569788459444
C,0.2,1,0.29308551407532857,0.7597726446503269,0.9383209728612394,0.7597726446503269,0.29308551407532857,33.47780721022337,33.73942141834487,2547.6923386453573,-7.150633921686132,0.6231679910693398,0.05081080201273908,-0.7151633921686132
C,0.2,1,0.2680296132227836,0.7558733482782749,0.5391474658551514,0.7558733482782749,0.2680296132227836,15.25018967845856,19.316027961181074,986.2882467351126,-20.0459582588354,0.6263465770593734,0.021623849152367078,-2.00469582588354
C,0.2,1,0.6708020035988378,0.36061365013361935,0.7911555277121309,0.36061365013361935,0.6708020035988378,27.59291944920253,27.881499230642053,1968.7457213031166,-10.11566421673927,0.6287250191696846,0.03539477662009916,-1.011666421673927
C,0.2,1,0.22635951165781276,0.520339611299583,0.7566129714465134,0.520339611299583,0.22635951165781276,17.442662600039814,23.18192803700958,981.154662768452,-20.241014921068658,0.6132432099668863,0.0339261762736078,-2.024201492106866
C,0.2,1,0.9903308430707589,0.4620390661199574,0.5883734630058638,0.4620390661199574,0.9903308430707589,40.776798090897934,40.990724260011426,3560.9493745940936,2.240332777216569,0.6402997050092301,0.03039161348985592,0.002139261691134919
C,0.2,1,0.9128987208653749,0.28986189180316513,0.8375877409124888,0.28986189180316513,0.9128987208653749,28.193653998278123,28.435966331780293,2285.8773018288443,-6.717240729313938,0.6373220348685112,0.029738281887117062,-0.6718240729313938
C,0.2,1,0.99200545825244,0.5391387019088844,0.7021121421853402,0.5391387019088844,0.99200545825244,26.637635092801197,28.16925301833718,2506.868146586497,-5.979659794346555,0.6410484465866864,0.023220118711603944,-0.5980659794346554
C,0.2,1,0.9509335104583297,0.7648934927336228,0.8522416847631089,0.7648934927336228,0.9509335104583297,27.735119761112294,28.63669294818384,2970.359000951884,-1.837694566063616,0.6512225150430885,0.018233149365055892,-0.1838694566063616
C,0.2,1,0.3172115470152539,0.8059137504194835,0.4319648474868284,0.8059137504194835,0.3172115470152539,30.315078179725706,30.842974924546407,2029.7577629295001,-10.732620583741802,0.6193551690568875,0.047989306636484506,-1.07336205837418
C,0.2,1,0.9901536230778498,0.8844044058441277,0.36636852718497914,0.8844044058441277,0.9901536230778498,30.209942467431496,30.454835528768353,3108.213813483132,0.19465513635522136,0.6528301451200516,0.018451544200183786,0.0024489306133685675
C,0.2,1,0.9420245092082511,0.755948036268707,0.9441446616576848,0.755948036268707,0.9420245092082511,31.94485504247338,32.99926276527986,3466.0884504625437,1.2330950513778454,0.6513620692785369,0.01775127505318188,0.010544077228064773
C,0.2,1,0.2576514328602689,0.9482799255793667,0.61652507705465,0.9482799255793667,0.2576514328602689,15.740660787169599,24.889092966710873,1191.7206249079682,-18.754737049718226,0.6127434266348094,0.036177988502931344,-1.8755737049718229
C,0.2,1,0.9840533679930511,0.7144473025476608,0.8487317049473692,0.7144473025476608,0.9840533679930511,47.85136226148917,48.458465119279715,5079.102751277493,11.469006178806405,0.6550730639850239,0.01807184373794893,0.006071028577905437
C,0.2,1,0.9869566624075645,0.9421323935073499,0.7475552963534869,0.9421323935073499,0.9869566624075645,26.342616780107015,26.795486846078926,3033.176754077732,-0.39695810646695373,0.6590080563488716,0.014151327017895473,-0.03979581064669537
C,0.2,1,0.9804602082275875,0.9021210374970186,0.01976033881916206,0.9021210374970186,0.9804602082275875,26.76190802945615,27.03186342721753,2532.2939170557775,-3.756194979571948,0.6491484844334382,0.020428826197071707,-0.3757194979571948
C,0.2,1,0.5935904198175738,0.9993533951245828,0.4353608457136279,0.9993533951245828,0.5935904198175738,17.341896810521387,17.52547447039171,1569.982934726934,-13.011038625198319,0.651190623440882,0.013181735810521048,-1.3012038625198319
C,0.2,1,0.9791653880149553,0.9550427380539336,0.8866765800214429,0.9550427380539336,0.9791653880149553,27.497870348702037,27.714408780687418,3268.8731548689157,1.4981227745446013,0.6619461713973579,0.013265545743797276,0.002165384319853807
C,0.2,1,0.8993790173430221,0.7338573682910784,0.015879783661193136,0.7338573682910784,0.8993790173430221,19.145693084320417,19.34125021116495,1571.0728652803289,-11.209167813478263,0.6499552948713132,0.014701431739602724,-1.1210167813478262
C,0.2,1,0.3154915815250542,0.44929326517691515,0.8326808432382572,0.44929326517691515,0.3154915815250542,27.494017179680586,27.78094074281338,1623.6939209287552,-14.198057116131528,0.6168510804120095,0.04402945744969846,-1.4199057116131528
C,0.2,1,0.9658725825504849,0.9625243098662,0.45916573397690197,0.9625243098662,0.9658725825504849,24.86204634316284,24.90894013652853,2682.589639296894,-2.389887702183063,0.6577270067132495,0.015781702520307188,-0.2390887702183063
C,0.2,1,0.6899559841266731,0.9289362882762933,0.7864968059564129,0.9289362882762933,0.6899559841266731,32.38421229518349,32.46936253177526,3258.0795399658896,-0.09868680665420947,0.6473046294025775,0.025661343905785054,-0.009968680665420946
C,0.2,1,0.9263328785512243,0.9362626821751179,0.8586983923809784,0.9362626821751179,0.9263328785512243,27.705276344119987,28.20374231937774,3174.9481427918863,0.20457273612185004,0.6575099047941626,0.015250317138686673,0.004984659752577514
C,0.2,1,0.7725965061493892,0.8373770587603812,0.9449987634215988,0.8373770587603812,0.7725965061493892,23.97894376163763,24.1769442912982,2496.775083607323,-5.213107462135844,0.651772136946722,0.018832734222307957,-0.5214107462135844
C,0.2,1,0.915962934657705,0.8900029612676157,0.39103854146014894,0.8900029612676157,0.915962934657705,31.929661347108805,32.11130822338979,3195.3371781284195,0.44913805713207217,0.6501159362473918,0.02119483821824092,0.0018164687628098618
C,0.2,1,0.8914167928617612,0.9029059950451899,0.6289472518358339,0.9029059950451899,0.8914167928617612,24.977873146328218,25.10963924597608,2633.6624657974708,-3.3690908600881033,0.6545282758042286,0.0176052498995866,-0.3370090860088103
C,0.2,1,0.9547320063027198,0.7239653350141079,0.6581259999223954,0.7239653350141079,0.9547320063027198,23.453521705393317,23.647035703607134,2354.4525371696036,-5.3217535094383175,0.6530566019915731,0.017208410029165205,-0.5322753509438318
C,0.2,1,0.9802154117874824,0.9462430158280395,0.9475322012189924,0.9462430158280395,0.9802154117874824,28.60478965622551,28.935170242459797,3432.8958878794874,2.455828507944956,0.6620289604274984,0.01301510862794413,0.0033038058623428767
C,0.2,1,0.42229605976544493,0.42930215945447836,0.7495633733473859,0.42930215945447836,0.42229605976544493,10.196431930081337,10.342716315155142,625.2349615431907,-22.666095936193997,0.657474971093268,0.005137570890725016,-2.2667095936194
C,0.2,1,0.9903231044761067,0.15905201704473648,0.8371762881860982,0.15905201704473648,0.9903231044761067,23.669450943108863,23.84608944125735,1855.64147980224,-9.435285496795668,0.6413704069401135,0.02253046690383471,-0.9436285496795668
C,0.2,1,0.9707512647890436,0.882068259872335,0.5582179457455416,0.882068259872335,0.9707512647890436,33.053723740976075,33.44150708334794,3523.408779650398,2.637220785384831,0.654063363024249,0.017365488469345557,0.003877833423718684
C,0.2,1,0.8935797280329452,0.5289280888133954,0.5522431124188414,0.5289280888133954,0.8935797280329452,2.4111422816242567,31.244246038849642,204.78185510918246,-26.118152104404665,0.5710123677783496,0.08604120325891977,-2.6119152104404666
C,0.2,1,0.12797279836176179,0.7446344259765878,0.23659967670368498,0.7446344259765878,0.12797279836176179,29.104340952431308,29.433718023387478,1441.9848502353786,-15.822202887689429,0.607589698055191,0.05429513035542705,-1.5823202887689427
C,0.2,1,0.726765859783363,0.9656429813768383,0.8740364891377149,0.9656429813768383,0.726765859783363,33.0936325163693,33.389303911737144,3523.5238722760355,1.76440753761773,0.6511385085119961,0.021654884308555736,0.0029567139536784736
C,0.2,1,0.11383244584144081,0.9244478398199333,0.6708671881643236,0.9244478398199333,0.11383244584144081,23.803159219036147,24.16500842587434,1634.9365100467628,-14.809202195899832,0.6249876286279051,0.0330966119521982,-1.481020219589983
C,0.2,1,0.9044106318040978,0.9481893495055753,0.5180646532330978,0.9481893495055753,0.9044106318040978,31.383197080241203,31.5414504732362,3313.4886440326604,1.3439430390742586,0.6536840109623786,0.01866770536449218,0.0015825339299499674
C,0.2,1,0.526431428531426,0.937421193852668,0.5888756611693101,0.937421193852668,0.526431428531426,25.825275502073097,26.228404564387098,2270.416768029142,-8.029319398749243,0.6386643210584915,0.027776152360852728,-0.8030319398749242
C,0.2,1,0.9555291333527836,0.7492211682276494,0.7648759012288884,0.7492211682276494,0.9555291333527836,29.48974178751603,29.532042219345172,3077.532130958191,-0.08969345026130841,0.653584394302749,0.01916182316161188,-0.009069345026130842
C,0.2,1,0.14372793853420995,0.0973379821636331,0.6706423895976921,0.0973379821636331,0.14372793853420995,12.12323110393679,14.50446977842289,349.38371032489346,-26.232179586141317,0.6280191870481304,0.013965002634418681,-2.6233179586141318
C,0.2,1,0.3990527583150546,0.7060304487076224,0.06414748097419898,0.7060304487076224,0.3990527583150546,29.589905311660214,29.816651625885765,1682.4183200655425,-12.840330605992493,0.6157523003264658,0.04822779173943709,-1.2841330605992494
C,0.2,1,0.11544797167648602,0.7522465178189046,0.5010003132827664,0.7522465178189046,0.11544797167648602,8.326649065327134,8.34808039215541,465.54072025542865,-25.78291609957852,0.6613251008159232,0.0033345468947350862,-2.578391609957852
C,0.2,1,0.9873996199247386,0.8931055535705574,0.41326527056151025,0.8931055535705574,0.9873996199247386,40.14533422038299,41.298149928216276,4189.442244865618,5.7311892291648245,0.6508022554793612,0.017866136456178235,0.01152815707833284
C,0.2,1,0.17876520317826194,0.6258253411355398,0.8819898337478093,0.6258253411355398,0.17876520317826194,7.496685821801388,13.621091371460665,466.88814333639107,-25.15286229141376,0.6348479366419355,0.011207164437696869,-2.5153862291413764
C,0.2,1,0.9452243480068894,0.9501413312606936,0.43288958411363476,0.9501413312606936,0.9452243480068894,30.800549977879776,31.305708353980215,3252.2461982918517,0.7090191983654697,0.6527493789344114,0.01789563190981881,0.005051583761004394
C,0.2,1,0.9777449260792825,0.49359495966193523,0.024793567022537433,0.49359495966193523,0.9777449260792825,24.00436913435282,24.287380618218602,1780.8081353455923,-9.63098349989368,0.6397914576416799,0.023206849004374773,-0.963198349989368
C,0.2,1,0.8908022408380396,0.8466730277498129,0.5391474658551514,0.8466730277498129,0.8908022408380396,31.2113099548885,31.531072832130036,3132.131424047375,-0.3107800290025832,0.6491193858720281,0.021828695584618644,-0.031178002900258323
C,0.2,1,0.7800505742228923,0.6778517833877056,0.4897402291205485,0.6778517833877056,0.7800505742228923,18.15067737352075,18.306674641178628,1545.323689144292,-12.342965488946213,0.6503051543111592,0.013929784022978625,-1.2343965488946211
C,0.2,1,0.69525388262098,0.3700489722578194,0.9054120991449105,0.3700489722578194,0.69525388262098,10.441163128800001,15.334393531893264,792.4889301173262,-21.845661069240588,0.6365494572205963,0.01217303864345552,-2.184666106924059
C,0.2,1,0.7225168504048702,0.8962816967893541,0.5026251476341309,0.8962816967893541,0.7225168504048702,2.5836438341092203,9.597222004859562,241.58505334499506,-27.230155787555148,0.6499201108506515,0.004811354202886831,-2.723115578755515
C,0.2,1,0.9034957606707129,0.5452335969106556,0.8563601038559985,0.5452335969106556,0.9034957606707129,23.36064841613446,23.642893324307714,2192.291041224144,-7.144206111827177,0.6481344831443664,0.01943652484100544,-0.7145206111827178
C,0.2,1,0.9755386942369615,0.9537773625954553,0.5394754230172735,0.9537773625954553,0.9755386942369615,15.015255329870367,23.022017842146436,1650.967690787726,-15.548609484382993,0.6282804872176911,0.021973201828246167,-1.5549609484382994
C,0.2,1,0.4412087154193952,0.9071237405891441,0.8129404897018514,0.9071237405891441,0.4412087154193952,24.65429339789665,24.967516691656076,2163.171032120536,-9.306497894772198,0.6382621476933656,0.02698596277935053,-0.9307497894772198
C,0.2,1,0.8845633305104829,0.6541074166006859,0.8292171205587244,0.6541074166006859,0.8845633305104829,36.64064016123132,38.268414343086036,3578.470211823779,0.8281788824924502,0.6415755511339349,0.024523973949589394,0.016277741818547183
C,0.2,1,0.9306126143213667,0.8191019681196663,0.4516395606315144,0.8191019681196663,0.9306126143213667,32.1566881963081,32.99926276527986,3176.332126213116,-0.5456461123782561,0.6462342960471293,0.02192865672415057,-0.05466461123782561
C,0.2,1,0.694095233326216,0.463075753619288,0.6985133362886956,0.463075753619288,0.694095233326216,9.101158981772121,22.37393907483152,685.511879175546,-23.571314344034413,0.6066959416036486,0.03361726262374149,-2.3572314344034413
C,0.2,1,0.8614066352113268,0.9012715091604101,0.7152825025818446,0.9012715091604101,0.8614066352113268,26.960139627583313,27.24553397611883,2858.2053481069183,-2.1400690844247556,0.6528964412764917,0.019046234235861142,-0.21410690844247554
C,0.2,1,0.8845633305104829,0.6541074166006859,0.8292171205587244,0.6541074166006859,0.8845633305104829,36.64064016123132,38.268414343086036,3578.470211823779,0.8281788824924502,0.6415755511339349,0.024523973949589394,0.016277741818547183
C,0.2,1,0.2568020043980045,0.702921084367603,0.9500234366596182,0.702921084367603,0.2568020043980045,26.357902496745133,26.627126267292944,1890.8300077053714,-12.36772920029804,0.6250702543006196,0.03732637016763741,-1.2368729200298039
C,0.2,1,0.9379646871535396,0.8259897586622679,0.44697985255241746,0.8259897586622679,0.9379646871535396,29.922246709288558,30.990850053921815,2973.44004113622,-2.08005130891958,0.6458589168975913,0.021687629437686717,-0.20810513089195798
C,0.2,1,0.254424307619849,0.6318400147297117,0.7424985465624773,0.6318400147297117,0.254424307619849,5.680392964668671,34.33257804112908,357.15856907981976,-24.665792428732495,0.566997283243648,0.10015183148972782,-2.4666792428732496
C,0.2,1,0.9505536950728056,0.9338043817018049,0.45916573397690197,0.9338043817018049,0.9505536950728056,40.110404010918074,40.89901487085995,4239.551265477891,6.48053793880966,0.6530103336696317,0.017832389857002938,0.007886108599418762
C,0.2,1,0.8503780146174976,0.8039356044922891,0.04474415976078694,0.8039356044922891,0.8503780146174976,12.430172210387926,32.11130822338979,1042.0745990571297,-21.159776402651044,0.5861737704080552,0.06972121798004785,-2.1160776402651047
C,0.2,1,0.38691138891497934,0.882353963702322,0.9213599845360249,0.882353963702322,0.38691138891497934,32.13933612697603,32.46936253177526,2779.9647460283295,-5.021818838807701,0.6324622191283309,0.040257083292289816,-0.5022818838807701
C,0.2,1,0.4985340480014695,0.31515903510519294,0.8611646813428622,0.31515903510519294,0.4985340480014695,20.475942088128285,20.592871236656013,1273.8855759480762,-16.3487090438563,0.6319143523359753,0.022992484035041425,-1.63497090438563
C,0.2,1,0.9597259123430615,0.9029059950451899,0.8503149709801536,0.9029059950451899,0.9597259123430615,15.433105651935087,15.563309208807013,1765.3847704833834,-9.75581357903588,0.6668933191476653,0.008031207653981583,-0.975681357903588
C,0.2,1,0.9888563158585386,0.7339973774450976,0.7703996171164501,0.7339973774450976,0.9888563158585386,28.64593003617784,29.16152287983522,3019.3576563427287,-0.9457463405162635,0.6524055091312868,0.018226752680629857,-0.09467463405162635
C,0.2,1,0.18083144052554423,0.39905102752442445,0.8352636534704122,0.39905102752442445,0.18083144052554423,22.554631755672325,23.00306951962572,1124.9283794949395,-18.95175197635,0.6169723055374607,0.03401863350530407,-1.8952751976350002
C,0.2,1,0.9777449260792825,0.9462430158280395,0.7437869184775363,0.9462430158280395,0.9777449260792825,24.010068303153396,24.287380618218602,2756.2134628728572,-2.1460999261434077,0.6600394996804566,0.014012384227580808,-0.21470999261434076
C,0.2,1,0.8890854364502893,0.9129067351327435,0.8783840733646041,0.9129067351327435,0.8890854364502893,3.6555735198582644,11.054929505671712,409.64068224296335,-25.637268593552918,0.6460583836586448,0.006374964886157477,-2.563826859355292
C,0.2,1,0.7624914482939448,0.37955203241012425,0.7390576667557905,0.37955203241012425,0.7624914482939448,11.487720236204774,12.052317255791623,868.225993048313,-18.903108332706676,0.6584614889443536,0.0062654407145558135,-1.8904108332706677
C,0.2,1,0.577059305754118,0.9885835143209413,0.9166125050393052,0.9885835143209413,0.577059305754118,16.52151144416052,70.57069681839435,1671.9348882635804,-13.432422423337066,0.5408352675731117,0.2991104588020479,-1.3433422423337065
C,0.2,1,0.17707024424910878,0.0017379388479251134,0.5443335108328387,0.0017379388479251134,0.17707024424910878,13.77055257711416,30.70887423847857,310.50870508801665,-25.266622550252276,0.5754628988504491,0.0797040130285558,-2.5267622550252278
C,0.2,1,0.28645935130155403,0.3197337878081365,0.9731243048544248,0.3197337878081365,0.28645935130155403,1.9871273427552243,20.43707453889519,108.57219593767182,-27.891551490930585,0.6003298453629964,0.03422701782174611,-2.7892551490930586
C,0.2,1,0.06989725552997667,0.5945365889676731,0.3473147578159799,0.5945365889676731,0.06989725552997667,7.521739436301657,58.389473648333954,315.1951903154251,-20.608762539535192,0.5150791210650437,0.2846956871041,-2.0609762539535192
C,0.2,1,0.11844588875826834,0.6395961231656707,0.7631875808234316,0.6395961231656707,0.11844588875826834,0.3714928722972579,68.40279893543406,21.168328879123123,-19.746171298592564,0.5022361853574231,0.3926182814876454,-1.9747171298592565
C,0.2,1,0.614290246483227,0.2410567051860315,0.6222470677600742,0.2410567051860315,0.614290246483227,1.2887552243401494,37.67362234522548,75.16474661451227,-25.76693186478166,0.5529957504250504,0.13111074847470341,-2.576793186478166
C,0.2,1,0.6701463496334321,0.08396479257662154,0.5223679289039465,0.08396479257662154,0.6701463496334321,37.68920455132354,78.97776735343436,1913.283247747149,-11.563124272597618,0.5449567997295931,0.33484018228527057,-1.1564124272597618
C,0.2,1,0.20064616635558313,0.42227052352998246,0.48895905533453027,0.42227052352998246,0.20064616635558313,7.395960207337255,8.608102999510953,320.7613954507792,-26.506327416341975,0.6577988748752813,0.0036369448664524645,-2.6507327416341977
C,0.2,1,0.4316183847198164,0.5570476051855359,0.43810412220002654,0.5570476051855359,0.4316183847198164,21.719053395601364,37.05082267839492,1311.5246418308573,-18.345116493029767,0.582757267452387,0.0870383033372951,-1.834611649302977
C,0.2,1,0.25976101250546024,0.926537549307382,0.8034097595528765,0.926537549307382,0.25976101250546024,41.27704943098778,49.58651725857893,3277.4048277529723,-3.7288256856306634,0.609630151427664,0.07055632858901405,-0.37298256856306633
C,0.2,1,0.17153518687208502,0.7180466603809349,0.2878465285519423,0.7180466603809349,0.17153518687208502,42.57664609362878,57.58959481467729,2200.1590684763096,-10.845522648382882,0.566877081496791,0.1691186963182943,-1.0846522648382881
C,0.2,1,0.3193263159931952,0.6938413034959352,0.21637099104297708,0.6938413034959352,0.3193263159931952,30.601602723082827,33.40848848305469,1715.7601268923183,-13.623748282462097,0.6052478410911515,0.061699060369911636,-1.3624748282462096
C,0.2,1,0.026878171211780766,0.2094627678794012,0.5643878436822557,0.2094627678794012,0.026878171211780766,42.764734552575895,42.79776091215432,1108.7502842013544,-17.671159021534972,0.5673601044749743,0.1371606057288168,-1.7672159021534974
C,0.2,1,0.39295338164736493,0.043703572668922996,0.7956268417947882,0.043703572668922996,0.39295338164736493,24.762942724805153,76.1579106495217,1033.1971053481536,-14.949931400537602,0.5232722696462274,0.3824918637664978,-1.4950931400537602
C,0.2,1,0.7948581554001639,0.8061601082812127,0.3244299547059446,0.8061601082812127,0.7948581554001639,14.160667389217881,18.625591867396647,1248.4279727950027,-17.45524705811836,0.636249534987452,0.015553118586692033,-1.7456247058118362
C,0.2,1,0.1431358010967092,0.752266975398549,0.25042208311818476,0.752266975398549,0.1431358010967092,3.249857338930795,27.126327674486976,165.8424653409055,-26.751344909172353,0.581541802597485,0.0637093135903382,-2.6752344909172354
C,0.2,1,0.4638786478972708,0.2752981450830836,0.05066962726026625,0.2752981450830836,0.4638786478972708,17.957674565271738,88.71981362344629,686.4425316442091,-14.629760801714639,0.506071784041003,0.5119279816326916,-1.4630760801714637
C,0.2,1,0.5044084904910868,0.795181525765687,0.8282961088061671,0.795181525765687,0.5044084904910868,87.05968593333327,92.99706861087958,7459.874910182183,18.657800527503287,0.6331978055977953,0.04434730510714017,0.0593738267754631
C,0.2,1,0.7176542259136318,0.2585524808374209,0.3856705447954005,0.2585524808374209,0.7176542259136318,29.799530174171316,52.85384147825158,1741.845086625811,-15.254757797002592,0.5592137484061255,0.16604495045647075,-1.5255757797002591
C,0.2,1,0.001161553824416739,0.19906981525992906,0.08837664785725263,0.19906981525992906,0.001161553824416739,13.533748802458154,81.8898428619123,165.39573638057507,-17.168211917913226,0.49725427981909515,0.49925949383786294,-1.7169211917913227
C,0.2,1,0.8401111255171624,0.43771236192775614,0.6292631409744103,0.43771236192775614,0.8401111255171624,39.32183672232654,64.11035680429558,3130.912888782501,-7.576855550225982,0.5834179572924633,0.13865169364901525,-0.7577855550225983
C,0.2,1,0.4892787279559024,0.07353486470910198,0.934238035906888,0.07353486470910198,0.4892787279559024,12.862295393070491,71.92048640470999,662.3648736365366,-16.880241391413698,0.5157335842727147,0.3776617936549955,-1.68812413914137
C,0.2,1,0.34175066950601407,0.14901305035528845,0.18502338056152484,0.14901305035528845,0.34175066950601407,31.924113419623197,47.40144790885525,931.027517412626,-19.51794100599257,0.5518896476948378,0.16454774481205103,-1.951894100599257
C,0.2,1,0.7340605780922629,0.8897898493688684,0.7021599060918207,0.8897898493688684,0.7340605780922629,25.938555690083625,28.897685570178176,2561.3420829409974,-6.829997337059844,0.6370689700388659,0.025977168971876522,-0.6830997337059844
C,0.2,1,0.9794279594072831,0.5237850799700842,0.1719020192106917,0.5237850799700842,0.9794279594072831,1.6910014612497273,24.902592541627133,134.36393644976505,-27.364932842980345,0.5867498828522634,0.05341078125022849,-2.7365932842980345
C,0.2,1,0.5489113750761512,0.9635960623497145,0.5838621142292568,0.9635960623497145,0.5489113750761512,16.509946690352432,45.491444723379836,1489.5591675441676,-17.32297764094371,0.5667855946457004,0.1320395224840677,-1.732397764094371
C,0.2,1,0.35758331975718466,0.10007710333550218,0.6615743508039914,0.10007710333550218,0.35758331975718466,29.432036554116564,40.84343471185743,1160.280926995046,-18.54424490813826,0.571970504778063,0.11358910626022195,-1.854524490813826
C,0.2,1,0.0801490141376473,0.4603702125742055,0.12305047202526254,0.4603702125742055,0.0801490141376473,12.955229937958245,15.904786628578298,389.9812223735112,-25.50686565727693,0.6241046768695823,0.01712336185126754,-2.550786565727693
C,0.2,1,0.23538403832997395,0.3641653790193207,0.2359123086259578,0.3641653790193207,0.23538403832997395,40.542464695663895,95.5650022960938,1454.4722154029932,-11.42070743139764,0.5242211657595693,0.48973659968122296,-1.1421707431397639
C,0.2,1,0.6498116656650219,0.5375934173749485,0.36519002124793215,0.5375934173749485,0.6498116656650219,33.574503458602706,83.98705058669418,2299.8536441502933,-9.865960392301194,0.5527957796188441,0.33861315207661025,-0.9866960392301193
C,0.2,1,0.9110409460978938,0.8574749341924696,0.863184305198854,0.8574749341924696,0.9110409460978938,21.239985606758125,75.35149038325447,2336.5131475946037,-10.626343377769516,0.5556017748273153,0.286488250163546,-1.0627343377769516
C,0.2,1,0.8517302832552566,0.1721253392219977,0.043641461433136075,0.1721253392219977,0.8517302832552566,12.0820577181623,23.21307920485906,631.6961026902615,-24.2141242432569,0.6024057231324367,0.03640320450431783,-2.42151242432569
C,0.2,1,0.8034845560293208,0.6041511575201599,0.4748477991333716,0.6041511575201599,0.8034845560293208,3.697571108428889,5.908982208562513,304.13624485507717,-25.625718544284556,0.6799667438442002,0.0012093777004004934,-2.562671854428456
C,0.2,1,0.40863556899279313,0.8291539365412911,0.005497938144215175,0.8291539365412911,0.40863556899279313,41.489270124774464,60.00338447777062,2573.451793655598,-9.65255723553341,0.5711745894253785,0.15781171020002932,-0.9653557235533409
C,0.2,1,0.9376669646911713,0.4832259439072023,0.12822446670801113,0.4832259439072023,0.9376669646911713,14.06503546228307,53.90657290247991,1044.332499161646,-18.658762890232953,0.5389569702142148,0.21264291131062743,-1.8659762890232954
C,0.2,1,0.5646253591708629,0.7383977109319859,0.6829017356473522,0.7383977109319859,0.5646253591708629,49.519183596679646,90.85400184236062,4071.650342606917,-2.169467827987931,0.6076589483923932,0.10431831939710216,-0.2170467827987931
C,0.2,1,0.687975195398326,0.6590585730880326,0.40169385140824254,0.6590585730880326,0.687975195398326,30.51054799250879,66.12757828648674,2361.334410338823,-11.139350335706096,0.5604836640189413,0.21835556952464483,-1.1140350335706095
C,0.2,1,0.9639119337757956,0.3399507674628657,0.9774391632075434,0.3399507674628657,0.9639119337757956,68.19760872155663,87.33335153446652,6112.4912563241505,7.748759576053462,0.6417087998762506,0.03009849787592469,0.1913574281290988
C,0.2,1,0.5960675386203467,0.3289733162797836,0.9750962738273192,0.3289733162797836,0.5960675386203467,20.897488841381808,51.00989335276721,1475.9781346943728,-16.720476861298934,0.5559850016498331,0.16806406372382843,-1.6721476861298936
C,0.2,1,0.13927179747896257,0.319677224758252,0.5443335108328387,0.319677224758252,0.13927179747896257,39.955661089269945,76.69922660335973,1460.6107114473318,-13.132598195030285,0.5351085743504077,0.35097119539264104,-1.3133598195030285
C,0.2,1,0.915418638449593,0.26647847590015294,0.8625955636105583,0.26647847590015294,0.915418638449593,65.80809123784374,72.89280811566523,5308.063845529688,6.73443526522832,0.633627107239695,0.041156897293514856,0.07084716877821493
C,0.2,1,0.28645935130155403,0.3106877793495841,0.9372542388818963,0.3106877793495841,0.28645935130155403,1.9871273427552243,20.43707453889519,105.89145767812144,-27.91318843714332,0.6002663687847283,0.03425941324845899,-2.791418843714332
C,0.2,1,0.99479246182051,0.3479719393431968,0.8249761331053985,0.3479719393431968,0.99479246182051,45.919227753468114,70.57069681839435,4029.99189149533,-2.963355190835818,0.6078470347546427,0.06299025362892742,-0.2964355190835818
C,0.2,1,0.614290246483227,0.2410567051860315,0.6222470677600742,0.2410567051860315,0.614290246483227,15.3915641488532,37.67362234522548,897.6902653037962,-21.326992453490718,0.57038362762306,0.10424103361721752,-2.132799245349072
C,0.2,1,0.7379944098737243,0.4777856891154221,0.30862690597291087,0.4777856891154221,0.7379944098737243,40.770199623458986,57.42990780354289,2792.949380842963,-9.133004726377537,0.5803040763453655,0.12783356211723887,-0.9134004726377537
C,0.2,1,0.485815415869166,0.1458837406121517,0.7633715496157959,0.1458837406121517,0.485815415869166,83.89273497648028,91.89823748515012,4250.781673490243,1.9058148759045626,0.5905203135494101,0.15044658865391644,0.08005502508669834
C,0.2,1,0.4316183847198164,0.24882462116123344,0.47040404415577475,0.24882462116123344,0.4316183847198164,33.584448073072316,52.517213250450254,1537.5716447426887,-15.697774758215777,0.5566460131779399,0.17218633306404948,-1.5698774758215777
C,0.2,1,0.9036866288691552,0.5188767998262643,0.15674593315552032,0.5188767998262643,0.9036866288691552,5.659669582537643,8.608102999510953,424.7402030825656,-24.041777542692667,0.6642242120252153,0.003133549578344874,-2.404277754269267
C,0.2,1,0.7217956959772227,0.926537549307382,0.4301801464969649,0.926537549307382,0.7217956959772227,41.27704943098778,49.58651725857893,3845.8308214972762,-1.3578389616973465,0.6225451422864949,0.029795206687435447,-0.13588389616973465
C,0.2,1,0.9882577276713613,0.4056513168648365,0.5223679289039465,0.4056513168648365,0.9882577276713613,64.67668971726704,65.17886812513972,5352.296849777291,12.107580693412542,0.6372623768197607,0.03520230014155564,0.005021784078726768
C,0.2,1,0.4818662650700406,0.35250281476724443,0.7956268417947882,0.35250281476724443,0.4818662650700406,36.730611634903475,77.64506045365991,2262.9408448904833,-10.382147323054259,0.5548959399822878,0.29658351836800406,-1.0383147323054258
C,0.2,1,0.5742952367876017,0.2341453012334267,0.21637099104297708,0.2341453012334267,0.5742952367876017,18.70670619852636,33.40848848305469,857.3526951700217,-21.900677967699174,0.579962131105555,0.07976008741065817,-2.1901677967699174
C,0.2,1,0.17153518687208502,0.7180466603809349,0.2878465285519423,0.7180466603809349,0.17153518687208502,28.313424315937603,94.31081661820014,1463.1034377705369,-11.582564789974802,0.5247950564418703,0.481949334726286,-1.15835647899748
C,0.2,1,0.6237803886395422,0.01285137809038367,0.4788455475122878,0.01285137809038367,0.6237803886395422,22.346828303926703,32.64214004278335,978.8520200558802,-20.94535494190601,0.5853494146919316,0.07177303664252709,-2.094635494190601
C,0.2,1,0.7961204397473304,0.6497769498085348,0.8282961088061671,0.6497769498085348,0.7961204397473304,77.5508039241513,91.2154229713939,7212.400975723569,14.106262324757067,0.6430444690497061,0.029841824292634954,0.1366461904724261
C,0.2,1,0.9388884115971003,0.21466789311468804,0.8142915761894848,0.21466789311468804,0.9388884115971003,30.77751221580316,56.5727642520951,2401.7263863291278,-11.908236588566133,0.5685839507828493,0.15533938723537932,-1.1909236588566132
C,0.2,1,0.7675039586289273,0.36030660183575636,0.9281421943976753,0.36030660183575636,0.7675039586289273,19.025516121011382,35.72587820916362,1514.3185070309823,-17.60591650376157,0.589196482514259,0.07481559216104518,-1.7606916503761572
C,0.2,1,0.7335467768548205,0.15815433155245284,0.25042208311818476,0.15815433155245284,0.7335467768548205,32.50722984034595,45.473648626018054,1652.84984931985,-16.17386594448667,0.572346594740839,0.12042946016922908,-1.6174865944486672
C,0.2,1,0.15429627097576748,0.2094627678794012,0.6869329631046779,0.2094627678794012,0.15429627097576748,19.507467400587057,96.3543137298119,689.8089392106336,-13.747651677430765,0.5006118161002258,0.5699146871560937,-1.3748651677430765
C,0.2,1,0.34175066950601407,0.5311870057683513,0.29886142715807995,0.5311870057683513,0.34175066950601407,52.64815048057998,57.42083119247111,2691.2902391471093,-6.734626137901947,0.5825064651371702,0.1429672352885549,-0.6735626137901948
C,0.2,1,0.8401111255171624,0.65938215441504,0.29674749769883846,0.65938215441504,0.8401111255171624,50.59795318260829,92.90468772982723,4168.934938672816,-1.873539166354519,0.6095927894198981,0.09887987123110777,-0.18745391663545188
C,0.2,1,0.4249939871828782,0.07353486470910198,0.5648988359429896,0.07353486470910198,0.4249939871828782,44.64827162432854,73.01305573810478,1743.4664962781296,-12.42862530660261,0.544279333751084,0.30252865095711623,-1.242962530660261
C,0.2,1,0.5312081794967547,0.30252229309249445,0.6632668730738986,0.30252229309249445,0.5312081794967547,43.250822431826066,79.48154037794235,2520.147375103795,-9.193806206981357,0.5618077440986223,0.2829173920475667,-0.9194806206981356
C,0.2,1,0.9494544913536697,0.543161142669098,0.8388968669597786,0.543161142669098,0.9494544913536697,61.68342842851501,77.85643586496944,5897.13335292677,7.243251776030928,0.6395638460183128,0.02491011023806274,0.16173007436454434
C,0.2,1,0.9758893284560779,0.452851769500702,0.4530802145607452,0.452851769500702,0.9758893284560779,77.66149969249896,95.5650022960938,6427.581040576222,9.220380903348978,0.6372682038474898,0.03519860651746774,0.1790350260359483
C,0.2,1,0.7340605780922629,0.8897898493688684,0.211546792822079,0.8897898493688684,0.7340605780922629,56.77270360076423,90.47879497665747,4909.771034675759,1.4709669830718544,0.625947634244816,0.03543393552124158,0.14699669830718545
C,0.2,1,0.9110409460978938,0.4921671780627286,0.7920561702991944,0.4921671780627286,0.9110409460978938,71.1639116039338,83.79269671658489,6402.03432769747,10.413429001824811,0.642066530819493,0.030206235839903995,0.12628785112651086
C,0.2,1,0.23323766905523446,0.18662627777423235,0.12305047202526254,0.18662627777423235,0.23323766905523446,12.955229937958245,15.904786628578298,311.8253776682602,-26.000476345352816,0.6228505054430272,0.016982886177361142,-2.600147634535282
C,0.2,1,0.7597872653815863,0.4588993009611095,0.1719020192106917,0.4588993009611095,0.7597872653815863,5.106141786412796,75.19577675162961,333.0832221336297,-17.56711304868542,0.5057013548393011,0.4306217564868312,-1.7568113048685423
C,0.2,1,0.5160322827171717,0.36022431016747936,0.005497938144215175,0.36022431016747936,0.5160322827171717,14.627639843658672,60.00338447777062,642.8888390438132,-19.046181549073136,0.5191484987502464,0.2807114378263366,-1.9047181549073138
C,0.2,1,0.524244537521086,0.26340627706021136,0.7633715496157959,0.26340627706021136,0.524244537521086,83.89273497648028,91.89823748515012,4904.942229596455,5.120615223823869,0.6029382747493787,0.11030215686014089,0.08005502508669834
C,0.2,1,0.8834413844684619,0.2647503310152868,0.9140131386459517,0.2647503310152868,0.8834413844684619,4.112833388178784,14.58878159549406,330.09565502002073,-26.57473650821758,0.6268907308681828,0.013646951301035205,-2.657573650821758
C,0.2,1,0.8140833180829962,0.5132204852058566,0.6648199608289742,0.5132204852058566,0.8140833180829962,3.589152321426913,5.908982208562513,297.8482789841544,-25.808802518056215,0.6794948057712225,0.0012155907190975652,-2.5809802518056215
C,0.2,1,0.9393403964426896,0.540011173032179,0.36519002124793215,0.540011173032179,0.9393403964426896,53.9089483649978,62.63595384222652,4479.689618596637,1.5157237875223724,0.6208966842490788,0.03529422887050031,0.08727005477228722
C,0.2,1,0.7841960984599279,0.7383977109319859,0.8287922989517088,0.7383977109319859,0.7841960984599279,45.81824552351096,95.85917339237275,4437.4740755989405,-0.7206188414048701,0.617406425435064,0.052602463749363976,-0.072161884140487
C,0.2,1,0.8716241607270312,0.1478722898660576,0.8783840733646041,0.1478722898660576,0.8716241607270312,67.44929797890416,95.40608427245655,4919.37572183174,2.138739406475155,0.6251436947785827,0.05550771130051191,0.2137739406475155
C,0.2,1,0.7217956959772227,0.06624775064373561,0.12822446670801113,0.06624775064373561,0.7217956959772227,75.60728676986244,90.8314140543532,3221.458943421711,-4.721049640032493,0.5825197767294454,0.2443229745362417,-0.4722049640032493
C,0.2,1,0.7178828338786423,0.7565720256762705,0.9017439363038994,0.7565720256762705,0.7178828338786423,24.576925292614458,53.26723570247033,2365.9306804208973,-12.269697648403985,0.5731941217886538,0.13885776986891785,-1.2270697648403985
C,0.2,1,0.43046031927142014,0.1458837406121517,0.6001920335626771,0.1458837406121517,0.43046031927142014,0.5063231901504953,57.863237129539336,22.188096779636105,-21.919968368879555,0.5093760063791893,0.2974712061941502,-2.1920968368879556
C,0.2,1,0.366665631268311,0.34858110668915493,0.3668639519341367,0.34858110668915493,0.366665631268311,41.07901205952325,46.24811091190384,1845.8416863471393,-12.919218774466081,0.5798274611937195,0.12090719597925216,-1.2920218774466081
C,0.2,1,0.13927179747896257,0.09130414399258235,0.627871330251957,0.09130414399258235,0.13927179747896257,49.95863032550712,59.90118052543665,1360.1527030976818,-14.249975452034876,0.5420742233070857,0.23677553073486982,-1.4250975452034875
C,0.2,1,0.19874052022267846,0.38266132421059273,0.24909626212195268,0.38266132421059273,0.19874052022267846,16.871827111261883,20.43707453889519,595.5332967869253,-23.3830431403241,0.6132085132555591,0.028618135375235804,-2.3384043140324104
C,0.2,1,0.052268405954562835,0.01351861146232225,0.8249761331053985,0.01351861146232225,0.052268405954562835,43.303039238916156,66.55002278895648,1035.5382364065415,-15.445054023671402,0.530220860309155,0.30491139290344393,-1.54460540236714
C,0.2,1,0.3335596859223898,0.5785956028786468,0.14421754006923926,0.5785956028786468,0.3335596859223898,40.770199623458986,57.42990780354289,2006.4321080462842,-12.465363175066468,0.5608086015819562,0.17862982977414352,-1.2466363175066468
C,0.2,1,0.02524378068110711,0.26647847590015294,0.7122510773876556,0.26647847590015294,0.02524378068110711,79.33759599057369,87.87886188641487,2569.934332245941,-5.553114320499743,0.5561501348197628,0.3419021559625095,-0.5554114320499743
C,0.2,1,0.03098419345946124,0.5626656424895031,0.6222470677600742,0.5626656424895031,0.03098419345946124,71.63367130075606,73.02788045865042,3240.6119088004043,-1.8560772197055309,0.5765438619685705,0.20832216897212238,-0.18570772197055307
C,0.2,1,0.6273565107866158,0.124399175049269,0.5223679289039465,0.124399175049269,0.6273565107866158,28.84042537613036,41.882055539536914,1460.6805197325277,-17.29421341571238,0.5754823474189643,0.10793190112484852,-1.7295213415712383
C,0.2,1,0.3030784882167603,0.06025164629087654,0.9809819704704877,0.06025164629087654,0.3030784882167603,85.51580784202402,90.03789249925191,3650.7601403696985,-0.09123338825763015,0.575232745281669,0.22202285506732533,-0.009223338825763015
C,0.2,1,0.7145650783621205,0.24882462116123344,0.6595417742837931,0.24882462116123344,0.7145650783621205,51.79022354018981,73.84304234379432,3348.6537928378157,-5.507956845591241,0.5894282275136493,0.15496670107330845,-0.5508956845591241
C,0.2,1,0.7157820178618386,0.35250281476724443,0.813792331866061,0.35250281476724443,0.7157820178618386,36.730611634903475,77.64506045365991,2709.215017468705,-8.849530912528866,0.5666686033550007,0.25905710201604343,-0.8850530912528866
C,0.2,1,0.3193263159931952,0.9996914801843528,0.3848048823807948,0.9996914801843528,0.3193263159931952,45.07383912506236,49.2081688963579,3406.275631474317,-2.0029551802756025,0.6146188002213532,0.06699645635460019,-0.20039551802756023
C,0.2,1,0.6537297953697756,0.5188767998262643,0.15674593315552032,0.5188767998262643,0.6537297953697756,61.77537216609304,86.0490672920702,3863.9864000376247,-2.59631316671259,0.6033691476879626,0.1215508644350516,-0.259731316671259
C,0.2,1,0.12636917927162383,0.2485234197643924,0.8282961088061671,0.2485234197643924,0.12636917927162383,3.3056744520619477,43.26334824977812,130.4155764855949,-24.44911576462797,0.5417552136343708,0.16980900242904678,-2.445011576462797
C,0.2,1,0.9429346351655598,0.180372591054466,0.7021697982996171,0.180372591054466,0.9429346351655598,30.1145907805397,43.882988484296945,2220.0357752781374,-13.162984383604176,0.5886368001488014,0.08945660612315984,-1.3163984383604175
C,0.2,1,0.4562095030591923,0.7180466603809349,0.7272707010203863,0.7180466603809349,0.4562095030591923,92.30853768842091,96.4734054374953,7098.0258388092925,17.561433451945792,0.6244329598464454,0.05943807639884892,0.04164867749074389
C,0.2,1,0.5430986441947416,0.43461494747637386,0.8151923457107494,0.43461494747637386,0.5430986441947416,52.419319456683034,56.5727642520951,3630.849754658822,-1.0486756788673093,0.6089076613340535,0.07467854715353059,-0.10496756788673092
C,0.2,1,0.33098330497008976,0.34867269110556887,0.3736479758650761,0.34867269110556887,0.33098330497008976,70.37065538609431,92.55885126294193,3048.7382176794663,-5.190051089255671,0.5757889514408491,0.2878603382406542,-0.5191051089255672
C,0.2,1,0.001161553824416739,0.20499706219079905,0.926007292233792,0.20499706219079905,0.001161553824416739,13.533748802458154,81.8898428619123,452.81369818903283,-16.21459629820815,0.5049054877138857,0.47419716137742374,-1.621559629820815
C,0.2,1,0.33979758583986913,0.32211916749405833,0.25042208311818476,0.32211916749405833,0.33979758583986913,71.60180340106622,74.89570808250295,2817.9884810722397,-4.826710052949201,0.5721534737088708,0.23235691134149414,-0.4827710052949201
C,0.2,1,0.5707884302460459,0.28699370527535745,0.9265510656689147,0.28699370527535745,0.5707884302460459,32.85919126001964,60.38495894584345,2170.444329501041,-12.126111350064267,0.5583530495859147,0.19082267422607446,-1.2127111350064266
C,0.2,1,0.03909166313285228,0.4722837526248756,0.36501186220257464,0.4722837526248756,0.03909166313285228,47.87741539680356,87.90941227796843,1661.0622739831304,-11.362103681732945,0.5346373344933416,0.41556976713554317,-1.1363103681732944
C,0.2,1,0.4249939871828782,0.1281620419222076,0.12710888220810523,0.1281620419222076,0.4249939871828782,57.963669359375736,60.00773344197776,1787.340089283382,-11.172605121436227,0.5562238758786945,0.20883384951431114,-1.1173605121436228
C,0.2,1,0.7576539617010338,0.5311870057683513,0.7944906793563421,0.5311870057683513,0.7576539617010338,34.94761079255078,57.42083119247111,2946.2344012421013,-8.69371955797626,0.5831764219688177,0.12049803220159543,-0.869471955797626
C,0.2,1,0.33163155419456003,0.15072185160577656,0.211546792822079,0.15072185160577656,0.33163155419456003,38.21994242589872,60.911214640938695,1123.908625982336,-16.470049420203033,0.5325885682429036,0.25512902959592393,-1.6471049420203034
C,0.2,1,0.9148259574449027,0.2667524979310046,0.803420918422508,0.2667524979310046,0.9148259574449027,4.112307545674872,83.79269671658489,325.548547522008,-16.402689790064713,0.49968895297002547,0.5040094126173034,-1.6403689790064715
C,0.2,1,0.8285380476041038,0.26174499063934586,0.6013774445592085,0.26174499063934586,0.8285380476041038,2.1389188312052325,31.498863456778004,148.75878461287274,-26.392199870250757,0.5692699741348881,0.08890110431923931,-2.639319987025076
C,0.2,1,0.9494544913536697,0.543161142669098,0.5339320822493907,0.543161142669098,0.9494544913536697,72.88177153498583,91.99091418556525,6412.071482262252,8.997413490759666,0.6414227313542086,0.03040475753473355,0.19109142650579414
C,0.2,1,0.11266718012842597,0.21500932180992866,0.5641594802071829,0.21500932180992866,0.11266718012842597,34.609866760222644,95.5650022960938,1055.179114664291,-12.693342764800418,0.5123365880159975,0.5275357415621723,-1.2694342764800417
C,0.2,1,0.3377322395846662,0.3340351376125114,0.12305047202526254,0.3340351376125114,0.3377322395846662,10.901184440460803,13.569360818432564,399.68790127138055,-25.035007225403078,0.6354296373821003,0.01085025773680502,-2.503600722540308
C,0.2,1,0.5209381377692157,0.8291539365412911,0.6467840606770446,0.8291539365412911,0.5209381377692157,22.586728864164492,75.97993479687577,1889.9265865098346,-12.046375420742299,0.5446137619396203,0.3203645743739466,-1.20473754207423
C,0.2,1,0.4643766214915771,0.1898266276646683,0.8987574297766062,0.1898266276646683,0.4643766214915771,45.14872977567535,73.81609263290703,2491.2661939978198,-9.385771308183495,0.5640013734519214,0.24772570787118872,-0.9386771308183495
C,0.2,1,0.4690193254341364,0.16043977175348,0.4748477991333716,0.16043977175348,0.4690193254341364,0.2996632211162792,5.908982208562513,12.988647556916359,-29.71925923996473,0.6694121802391366,0.0015075762454880928,-2.9720259239964735
C,0.2,1,0.524244537521086,0.3394184616632091,0.8942460484582884,0.3394184616632091,0.524244537521086,55.2771361682003,90.20883240639726,3622.824875179924,-3.7542262981377794,0.5938942126443202,0.1835310179425826,-0.37552262981377793
C,0.2,1,0.8517302832552566,0.1721253392219977,0.8653834224431884,0.1721253392219977,0.8517302832552566,19.91882801003483,23.21307920485906,1450.6357914211087,-15.813714194298338,0.6263422590610179,0.0251923342176353,-1.5814714194298338
C,0.2,1,0.7841960984599279,0.21160600555806625,0.40273132485831853,0.21160600555806625,0.7841960984599279,42.93071043474575,89.81798339070693,2569.7631361577032,-8.3859877284251,0.5588934246669252,0.34611656489099524,-0.8386987728425099
C,0.2,1,0.6956630258766454,0.378353766530265,0.8783840733646041,0.378353766530265,0.6956630258766454,34.34202810133618,35.19473022316774,2598.333006588588,-6.0080175068413775,0.6248088959888695,0.0468358464341869,-0.6009017506841378
C,0.2,1,0.02524378068110711,0.13908281857035643,0.7122510773876556,0.13908281857035643,0.02524378068110711,40.54635452543747,87.87886188641487,1055.1218449325836,-13.444564403396571,0.5176786809024185,0.46868895244554726,-1.344556440339657
C,0.2,1,0.35294039414170764,0.2624925165030708,0.7801481633506088,0.2624925165030708,0.35294039414170764,69.8347404130164,90.8314140543532,3510.965989607293,-3.0759289729365493,0.5881459463569082,0.2045813781668638,-0.3076928972936549
C,0.2,1,0.366665631268311,0.07162316949097736,0.3668639519341367,0.07162316949097736,0.366665631268311,39.21229959129879,40.03879160767719,1218.9550679564438,-16.468200313636878,0.5795032092174554,0.1083893649864424,-1.6469200313636878
C,0.2,1,0.5095791610455548,0.4715167949074909,0.5443335108328387,0.4715167949074909,0.5095791610455548,38.690493843635004,74.27060080619674,2424.46766093488,-9.996439522736535,0.5607159219842847,0.2603226908490492,-0.9997439522736535
C,0.2,1,0.21023208528868798,0.12527725135501938,0.8249761331053985,0.12527725135501938,0.21023208528868798,66.21169452308898,70.57069681839435,2476.308778225214,-6.768354644110464,0.5661370485255701,0.2419730554988322,-0.6769354644110465
C,0.2,1,0.7539586163780008,0.02934778996284515,0.5358010820749755,0.02934778996284515,0.7539586163780008,80.69543801101456,90.03789249925191,4241.380252945808,0.8139064974709908,0.5975515228229834,0.12480438075847826,0.08129064974709907
C,0.2,1,0.4328696820690333,0.424320249469487,0.8625955636105583,0.424320249469487,0.4328696820690333,78.8935030925238,79.4030342445849,5082.665469868399,9.016196272143247,0.6096150606133603,0.09282765771526323,0.005095311520611006
C,0.2,1,0.19524829759374318,0.38266132421059273,0.24909626212195268,0.38266132421059273,0.19524829759374318,48.779819316779104,69.15127174305783,1713.2881131220302,-12.448992264419614,0.5463346024579343,0.27694127303540594,-1.2449992264419614
C,0.2,1,0.235602604759944,0.21386644919803238,0.6222470677600742,0.21386644919803238,0.235602604759944,53.31642684255783,56.60387693562515,2027.6039533228593,-10.318879129029598,0.5661559004168498,0.18132932896313866,-1.0319879129029599
C,0.2,1,0.7379944098737243,0.06504131488710024,0.30862690597291087,0.06504131488710024,0.7379944098737243,26.600731502799217,73.90538611074525,1273.30942158405,-14.461633445674611,0.5299319575576863,0.34986024786840697,-1.446263344567461
C,0.2,1,0.05148328535162733,0.8668160856962381,0.4046434638590679,0.8668160856962381,0.05148328535162733,9.67215587184493,11.728457637774142,541.9410990638099,-24.640906746335666,0.6450863249669878,0.0077814524224180375,-2.4641906746335667
C,0.2,1,0.09980021232866709,0.25800118997937027,0.15674593315552032,0.25800118997937027,0.09980021232866709,20.52704480652543,28.592835590127656,447.6685406788359,-24.23050734909309,0.5849894518323019,0.0653249794432794,-2.423150734909309
C,0.2,1,0.4598956499084118,0.24882462116123344,0.2696966835813045,0.24882462116123344,0.4598956499084118,11.071025843982577,40.27154389496935,466.95849570744434,-23.383827353956598,0.5550311233626951,0.13575854626788736,-2.33848273539566
C,0.2,1,0.4562095030591923,0.0748781189090551,0.031116827373033784,0.0748781189090551,0.4562095030591923,3.546798519399366,5.153962648592708,96.94216749479254,-29.065205581067215,0.6780513733959893,0.0010330868823417696,-2.9066205581067215
C,0.2,1,0.8202489373708999,0.7509682477253884,0.7633715496157959,0.7509682477253884,0.8202489373708999,89.65084065556395,91.89823748515012,8753.96960370747,26.837876978472416,0.6471126787579643,0.025454317128767688,0.02247396829586165
C,0.2,1,0.10468061485605229,0.4933214646372336,0.561667629562421,0.4933214646372336,0.10468061485605229,22.045205708797994,49.2081688963579,968.705903677836,-18.97943230858313,0.5492288415034707,0.17652225337709226,-1.8980432308583133
C,0.2,1,0.7900351910013247,0.10894516668395449,0.9307596331073184,0.10894516668395449,0.7900351910013247,71.88768825409208,82.9122057516331,4904.0349435993785,3.7764021131244534,0.6186408850461111,0.06916329807435871,0.11024517497541013
C,0.2,1,0.33098330497008976,0.15417534631887547,0.3736479758650761,0.15417534631887547,0.33098330497008976,28.59823342075366,31.883572126755926,960.8758185575323,-19.75164788475541,0.5899977274551571,0.07025951022488114,-1.9752647884755412
C,0.2,1,0.13192480809728313,0.06504131488710024,0.8282961088061671,0.06504131488710024,0.13192480809728313,26.600731502799217,73.90538611074525,812.8042075119009,-15.93576740254635,0.5193457221418921,0.3794347799387632,-1.593676740254635
C,0.2,1,0.005297345858997382,0.03618767868097289,0.7021697982996171,0.03618767868097289,0.005297345858997382,5.004864480987234,87.860394655992,98.23796336894215,-16.604631849900215,0.49048717516299345,0.5567841548884257,-1.6605631849900218
C,0.2,1,0.33979758583986913,0.6286447483985517,0.25042208311818476,0.6286447483985517,0.33979758583986913,46.89114633188516,61.12570844285793,2564.133024044069,-8.881638955853179,0.5722082167413302,0.16505391199953773,-0.8882638955853178
C,0.2,1,0.001161553824416739,0.8121476215245316,0.6256256710981613,0.8121476215245316,0.001161553824416739,64.66747605085764,79.37272152667856,3641.173408504597,-1.5320404707095823,0.5934723666234558,0.14821830349941367,-0.1533040470709582
C,0.2,1,0.14572946881900706,0.2992823963204777,0.9836114042251202,0.2992823963204777,0.14572946881900706,8.77374852747262,9.569109807704063,410.97008755940544,-26.27044453829237,0.6525286685808271,0.0048472212052427235,-2.6271444538292372
C,0.2,1,0.5430986441947416,0.23636614143468004,0.6205058844327851,0.23636614143468004,0.5430986441947416,35.19420267259069,87.42402445007404,1917.5873284860304,-10.778990492199176,0.5411908076560068,0.39319785095957505,-1.0779990492199176
C,0.2,1,0.31394892976326644,0.12843414680484327,0.6536592567820838,0.12843414680484327,0.31394892976326644,10.747637437003815,60.00773344197776,413.3609632418974,-19.8887756263928,0.5141728062395599,0.2933240043810799,-1.98897756263928
C,0.2,1,0.43712301826882094,0.3887696057243635,0.6632668730738986,0.3887696057243635,0.43712301826882094,39.350665904516816,72.31426745511536,2277.47106418464,-10.588423418928002,0.5578881933036124,0.2586454399915021,-1.0589423418928001
C,0.2,1,0.056950222357519675,0.452851769500702,0.4530802145607452,0.452851769500702,0.056950222357519675,62.18586526748453,76.5217305949827,2289.5035283904676,-8.424291032136608,0.5604351276517545,0.2846817163881071,-0.8425291032136608
C,0.2,1,0.8401111255171624,0.202062455419885,0.882992301772749,0.202062455419885,0.8401111255171624,25.149215259423535,92.90468772982723,1865.6564729759211,-10.461529197125772,0.536639648508994,0.4399280427944135,-1.0462529197125772
C,0.2,1,0.6094227583410925,0.543161142669098,0.09180041422513718,0.543161142669098,0.6094227583410925,75.20650633468212,83.61827247267128,4506.690133477507,2.4353763750898096,0.6076044285359138,0.09604607962627,0.08411766137989161
C,0.2,1,0.8236424046054243,0.4588993009611095,0.7638881825358818,0.4588993009611095,0.8236424046054243,4.641474570856651,68.35283864565346,386.2834249779642,-18.45645059701565,0.5105640115573544,0.3681327496536703,-1.845745059701565
C,0.2,1,0.36941001660466316,0.7820334702786784,0.1126638174967135,0.7820334702786784,0.36941001660466316,63.0546955317238,79.56601680811335,3807.7954921132,-1.9533453362964028,0.6040755832143474,0.11378397005795303,-0.19543453362964028
C,0.2,1,0.3804764436774609,0.354113455440602,0.9600045148174537,0.354113455440602,0.3804764436774609,76.1352271619852,89.64622454339441,4623.662487316632,3.04758721317721,0.6038481157012486,0.10882009218979091,0.13510997381409212
C,0.2,1,0.524244537521086,0.1349796999870399,0.7633715496157959,0.1349796999870399,0.524244537521086,78.70749942285997,86.2181984632177,4096.371209680631,0.9941316870671488,0.5931749901266127,0.14071036735944242,0.07510699040357735
C,0.2,1,0.9385214475213253,0.37638325271071693,0.6236618853847777,0.37638325271071693,0.9385214475213253,60.63687086238496,62.63595384222652,4932.007955362375,7.885554551792829,0.6350899688951558,0.03861499967009021,0.019990829798415603
C,0.2,1,0.05849707226855788,0.8291539365412911,0.9285094158572599,0.8291539365412911,0.05849707226855788,85.85642141635458,88.55856570753599,5803.489346573887,12.291937243805318,0.6087728428161862,0.09725552066450045,0.02702144291181412
C,0.2,1,0.28105537594587654,0.3030450072239179,0.6545983603441595,0.3030450072239179,0.28105537594587654,76.10425469567168,80.9160015252512,3468.0692249046974,-1.3381538879242858,0.5801539705943353,0.19887764572219768,-0.13391538879242856
C,0.2,1,0.7841960984599279,0.7454677093849741,0.6220281589937325,0.7454677093849741,0.7841960984599279,88.6810928663116,95.85917339237275,8161.666333216079,20.56721952717241,0.6425675654575915,0.03024096878705383,0.07178080526061152
C,0.2,1,0.6540112368845379,0.15837542064541177,0.1599927207803461,0.15837542064541177,0.6540112368845379,10.051200893394297,60.899826667796745,448.4760493484318,-19.641763626340843,0.5143307223248316,0.3004913330379983,-1.9642763626340844
C,0.2,1,0.8517302832552566,0.16486954578199792,0.30151389003732854,0.16486954578199792,0.8517302832552566,65.68183001242652,71.89405210648154,3833.706459869772,-1.248116243540459,0.6074956612860127,0.09324141441750114,-0.12491162435404587
C,0.2,1,0.27812004093879744,0.2624925165030708,0.5203235250998328,0.2624925165030708,0.27812004093879744,72.31179896437165,88.05677664307628,2895.271582153867,-5.512779947731917,0.5717997928090488,0.28786183140998167,-0.5513779947731917
C,0.2,1,0.8716241607270312,0.1729102747876854,0.7901061591982325,0.1729102747876854,0.8716241607270312,48.69334148198881,68.87604734434935,3504.9163233322797,-5.085759645899646,0.5948349490104712,0.1147219838054807,-0.5086759645899647
C,0.2,1,0.6291674532534979,0.19705775187330665,0.16260696515025008,0.19705775187330665,0.6291674532534979,28.53401298067298,61.843700010578814,1294.7717677609987,-16.024971484766414,0.5348077601866165,0.25553485210010907,-1.6025971484766415
C,0.2,1,0.2609149700485208,0.34858110668915493,0.09872745597149135,0.34858110668915493,0.2609149700485208,42.18955906996526,46.24811091190384,1389.8502325102286,-15.538721081844258,0.5689999953613515,0.1396708895995507,-1.5539721081844258
C,0.2,1,0.422156175628296,0.08156554883563494,0.24804031364058898,0.08156554883563494,0.422156175628296,43.92172122204834,67.50084057912122,1378.575195458496,-14.479829720003663,0.5371234966028633,0.28816518861573204,-1.4480829720003663
C,0.2,1,0.524244537521086,0.5462092920827603,0.7633715496157959,0.5462092920827603,0.524244537521086,32.89216837907819,86.2181984632177,2388.201018911954,-9.356154343820032,0.5544777643192418,0.34411741484285807,-0.9357154343820031
C,0.2,1,0.023725682030928397,0.311643115751435,0.8327036275458992,0.311643115751435,0.023725682030928397,40.73590026689482,53.21262333721846,1531.1007930443204,-14.137138683661748,0.5584987094761609,0.18066486262415837,-1.4138138683661747
C,0.2,1,0.4328696820690333,0.34093679047463094,0.4894440766691196,0.34093679047463094,0.4328696820690333,73.11458791765196,79.4030342445849,3723.464617762052,-0.6981835627012094,0.5908520800912129,0.14921422491413566,-0.06991835627012094
C,0.2,1,0.9232366846433417,0.38266132421059273,0.9264206487233101,0.38266132421059273,0.9232366846433417,42.42764302430082,83.52908550238124,3752.954841649343,-4.275886364014576,0.5966152472918999,0.15604613477899934,-0.4276886364014576
C,0.2,1,0.7379944098737243,0.8442486232975978,0.30862690597291087,0.8442486232975978,0.7379944098737243,46.89569387632439,56.12173780322234,4071.8510686900336,-0.48260515085834427,0.6179595214196171,0.035333339308894915,-0.04836051508583443
C,0.2,1,0.8357785789976442,0.0675157629736377,0.567311238811432,0.0675157629736377,0.8357785789976442,49.26080546353953,60.8304943825015,2923.5055571174025,-7.7313046836572,0.581479176008851,0.13193850546238362,-0.7732304683657201
C,0.2,1,0.037362479051854636,0.23553377615184817,0.7633715496157959,0.23553377615184817,0.037362479051854636,60.395591859086636,68.77914532172738,1976.693456143652,-9.591505810929469,0.5558616980358682,0.26527804978829095,-0.9592505810929468
C,0.2,1,0.7900351910013247,0.13106357080094755,0.6860908282367963,0.13106357080094755,0.7900351910013247,44.038184765249945,83.46276227718872,2783.5307394554557,-8.075384774054347,0.5675039220015063,0.2830093853100599,-0.8076384774054347
C,0.2,1,0.5933372227110202,0.24882462116123344,0.8840444413044555,0.24882462116123344,0.5933372227110202,71.60660333852998,95.74845238254277,4597.802946103286,1.4391993717202962,0.6113164523318781,0.08750032070539028,0.14381993717202962
C,0.2,1,0.9041304729857177,0.4056513168648365,0.825365476404111,0.4056513168648365,0.9041304729857177,93.25760213008525,93.9816953754946,8031.645582015766,24.434365883468967,0.6386017687629031,0.034419646650120796,0.007240932454093496
C,0.2,1,0.35166604661112233,0.9996914801843528,0.5775917110495881,0.9996914801843528,0.35166604661112233,1.7079537780792469,11.31728388067701,140.06530829816796,-28.26815521714506,0.6376935560378327,0.007940870939983326,-2.8269155217145063
C,0.2,1,0.4628130271389148,0.7180466603809349,0.5975285240632957,0.7180466603809349,0.4628130271389148,62.2663837742732,68.35755684001845,4606.54163421897,4.37853868451566,0.621750111320575,0.06450223488453576,0.06091173065745245
C,0.2,1,0.6537297953697756,0.9970173515146277,0.15674593315552032,0.9970173515146277,0.6537297953697756,47.801073223003534,86.0490672920702,4132.689857748653,-2.234047624966529,0.6092791319306118,0.0869090607292027,-0.2235047624966529
C,0.2,1,0.542413389326813,0.03417386770491743,0.31705007454568557,0.03417386770491743,0.542413389326813,52.87763012498142,62.19478269100208,1943.5497999281854,-11.927041336873117,0.555856875895689,0.2103478141344989,-1.1928041336873116
C,0.2,1,0.04482986045221021,0.228810561446409,0.6256256710981613,0.228810561446409,0.04482986045221021,8.39513492392336,10.849830467565186,246.1677111423901,-27.60094099784784,0.6418839939771417,0.007090836740259646,-2.7601940997847842
C,0.2,1,0.9429346351655598,0.28902918573497505,0.7992175642898762,0.28902918573497505,0.9429346351655598,56.04591403124846,87.00169584448912,4572.148892301343,-0.021986582270722768,0.6208221986710147,0.03893755876727924,-0.002298658227072277
C,0.2,1,0.3477293127165767,0.626309240223795,0.30519809059230174,0.626309240223795,0.3477293127165767,39.30914613325086,58.07699953621328,2214.3580994147123,-11.482145222583176,0.5648027258765653,0.17059945226162787,-1.1483145222583175
C,0.2,1,0.03202288391481595,0.34867269110556887,0.5779211222122249,0.34867269110556887,0.03202288391481595,89.32885457590542,92.55885126294193,2990.9807799953305,-2.707587991845048,0.558238161194229,0.3366972784826747,-0.2708587991845048
C,0.2,1,0.24541672793133246,0.5737763739151994,0.6620791621160166,0.5737763739151994,0.24541672793133246,49.36207165452903,53.14473596127552,2838.8934056457542,-5.54674992665972,0.5930770483016187,0.11897556606041822,-0.554774992665972
C,0.2,1,0.3853101848857292,0.1931701307571856,0.7620972293887172,0.1931701307571856,0.3853101848857292,54.22908558359648,80.69690151489313,2601.718824159839,-8.192729813979845,0.5655217906757195,0.2767428934083761,-0.8193729813979844
C,0.2,1,0.07352848364466247,0.1281620419222076,0.12710888220810523,0.1281620419222076,0.07352848364466247,12.715922361534842,60.00773344197776,168.6417201487675,-20.84150476539664,0.5086535664503117,0.3075368692122151,-2.084250476539664
C,0.2,1,0.7336749190962341,0.65938215441504,0.256972149874379,0.65938215441504,0.7336749190962341,85.9166177661201,95.21174739411573,6536.292054995278,12.004715514542472,0.6281088873228713,0.050454343152240184,0.09295129627995635
C,0.2,1,0.5183956668319972,0.5311870057683513,0.29886142715807995,0.5311870057683513,0.5183956668319972,72.68836544774734,78.23751503533417,4357.71615956742,2.7462881455028447,0.6060029074471998,0.10123100870023183,0.055491495875868255
C,0.2,1,0.6094227583410925,0.21665901067960702,0.09180041422513718,0.21665901067960702,0.6094227583410925,31.46309943477676,69.19718014838702,1371.7627810207075,-14.642812323010878,0.5346921282963192,0.3055684867503073,-1.4643812323010876
C,0.2,1,0.7340605780922629,0.8897898493688684,0.2570198387700946,0.8897898493688684,0.7340605780922629,27.449212902130864,64.65853010283868,2405.045612091632,-11.202717310936778,0.5614560635240833,0.20807861011672252,-1.1203717310936778
C,0.2,1,0.714092265430966,0.6997304800422747,0.4530802145607452,0.6997304800422747,0.714092265430966,65.29458315353074,95.5650022960938,5355.340434554184,3.821520763916443,0.6324903909807174,0.04253836955975449,0.30270419142563054
C,0.2,1,0.38401458555604007,0.3698121955677297,0.8124787240986985,0.3698121955677297,0.38401458555604007,72.67543836986952,83.33314012137032,4215.415774657512,1.3417983592437954,0.6003705260580727,0.11872184128040121,0.10657701751500795
C,0.2,1,0.4490681598976813,0.09748646318976362,0.3549216220892423,0.09748646318976362,0.4490681598976813,42.9702900837022,75.19577675162961,1555.5576614866234,-13.036565176014554,0.5380735158913266,0.3328664156539177,-1.3037565176014554
C,0.2,1,0.9393403964426896,0.540011173032179,0.7727752913048109,0.540011173032179,0.9393403964426896,6.234295811067636,9.625190436458325,581.5785086706292,-22.963284404042483,0.6608679601899695,0.0037786885315191547,-2.2964284404042483
C,0.2,1,0.27547151536201475,0.32103743205134094,0.9809819704704877,0.32103743205134094,0.27547151536201475,78.75616148478117,82.92079535189501,4280.397111480968,3.363240195728814,0.5930875200574907,0.1423291727276949,0.04164633867113835
C,0.2,1,0.05849707226855788,0.3231144011699462,0.9285094158572599,0.3231144011699462,0.05849707226855788,1.3799828629284683,88.55856570753599,58.36404173086944,-16.641308411392046,0.4887138109089378,0.5666950485698473,-1.6642308411392048
C,0.2,1,0.13059486884405125,0.370624564783086,0.6545983603441595,0.370624564783086,0.13059486884405125,87.17870132287456,92.6906380913856,3611.458838642199,-0.0626290107538999,0.5717572800004542,0.2415292621233742,-0.00636290107538999
C,0.2,1,0.9199777111344707,0.01757483426152473,0.8007633126430466,0.01757483426152473,0.9199777111344707,24.991897749311818,52.00245224883029,1671.875738231568,-15.938527095464686,0.5580171926051635,0.16621875849750642,-1.5939527095464685
C,0.2,1,0.22804661246247587,0.5968849491914575,0.8359101038946883,0.5968849491914575,0.22804661246247587,71.24609311450682,71.89405210648154,4427.5407701705335,5.1326679077852075,0.6041393123260753,0.10877924279754299,0.006479589919747184
C,0.2,1,0.8716241607270312,0.4039592181158248,0.8849794009998153,0.4039592181158248,0.8716241607270312,6.4904835762716635,41.44171203164433,557.5562552154344,-22.80447624366835,0.5540578345534465,0.1415187331452664,-2.280547624366835
C,0.2,1,0.06737193361810845,0.4591418963165622,0.8078974795834942,0.4591418963165622,0.06737193361810845,31.513826874014118,60.899826667796745,1466.1218167554312,-14.734173673276661,0.541819097220032,0.23483271129601355,-1.473517367327666
C,0.2,1,0.39949500942288085,0.9211655084920131,0.8771593032428088,0.9211655084920131,0.39949500942288085,74.14680326904212,96.43995164449316,6522.101737680212,10.0659488711099,0.6337777356781406,0.044099040692042416,0.22293148375451038
C,0.2,1,0.3045444773636343,0.36113627263121806,0.4066886919467705,0.36113627263121806,0.3045444773636343,18.554967053299883,66.12757828648674,806.2366012090711,-17.19336413230314,0.5219477852539991,0.3192386819860812,-1.7194364132303144
C,0.2,1,0.5095791610455548,0.2501392779778763,0.5443335108328387,0.2501392779778763,0.5095791610455548,68.95499664639365,77.61917016702216,3557.6820061031576,-2.300112720371984,0.5927727943079304,0.151246091327426,-0.23011127203719842
C,0.2,1,0.1761451411435493,0.5448430874977904,0.5597659060016964,0.5448430874977904,0.1761451411435493,79.74301471453302,88.91725011552384,3990.6242682522525,0.9936309313850001,0.5860311279241792,0.16840330137193696,0.09174235400990824
C,0.2,1,0.08828612671528913,0.34952363205159565,0.42472558378126735,0.34952363205159565,0.08828612671528913,64.72475613977407,86.48729586377524,2104.112989504139,-9.222559939934103,0.5494199557415768,0.3650041306373409,-0.9223559939934102
C,0.2,1,0.06770219876958489,0.370624564783086,0.9841069436734039,0.370624564783086,0.06770219876958489,87.38068848738216,91.00132699841255,4064.863276168803,2.7486787690732917,0.5782025045413084,0.20347801231672888,0.036206385110303926
C,0.2,1,0.5260643187844416,0.42505594458631996,0.44902417872624634,0.42505594458631996,0.5260643187844416,50.30390221501412,56.12173780322234,2956.944745636616,-5.857193254175389,0.591105490653741,0.11444853248812305,-0.5858193254175389
C,0.2,1,0.16718825933962056,0.424320249469487,0.427200301676057,0.424320249469487,0.16718825933962056,17.182778917810488,82.363263461689,691.7002051765734,-15.37032065512377,0.5107710007042668,0.4588506558682775,-1.537132065512377
C,0.2,1,0.7726831937321269,0.39611787438165547,0.5891529338647163,0.39611787438165547,0.7726831937321269,77.73186106612975,84.41241240549093,5687.552962075101,8.860561603989,0.6247834713792312,0.056524686767887286,0.06680551339361174
C,0.2,1,0.020458185123047923,0.27576947045727196,0.5678051000953659,0.27576947045727196,0.020458185123047923,41.64072921795589,83.52908550238124,1207.8522401856367,-13.340969435908185,0.5247059172511677,0.4222513738686277,-1.3341969435908185
C,0.2,1,0.11589636359410188,0.34773469860953543,0.6256784727905819,0.34773469860953543,0.11589636359410188,64.67668971726704,65.17886812513972,2510.976428857829,-6.2983781356533415,0.56756651643815,0.21679811368969665,-0.6299378135653342
C,0.2,1,0.29329736783303495,0.9970173515146277,0.8380527575613932,0.9970173515146277,0.29329736783303495,14.33950761924254,18.350136051552695,1225.5554850248009,-17.98731097028807,0.6352758271553531,0.0174770136210635,-1.7988310970288073
C,0.2,1,0.485815415869166,0.22064680754328203,0.48223604229920347,0.22064680754328203,0.485815415869166,76.63695967993763,83.95007652070545,3630.983449800362,-1.4583587545802854,0.5860205154151679,0.17102325274035013,-0.14593587545802852
C,0.2,1,0.17333501882249014,0.03813470205584485,0.9234330126433943,0.03813470205584485,0.17333501882249014,83.16669204888555,85.56973225459494,2799.333582454809,-4.111440893786944,0.5596226511088676,0.3135833655968183,-0.41124408937869444
C,0.2,1,0.16870509502675446,0.5913175990983087,0.36577631943939837,0.5913175990983087,0.16870509502675446,10.44407539954206,82.9122057516331,492.391602630064,-15.966140688910672,0.505009964323413,0.48076567962953315,-1.596714068891067
C,0.2,1,0.2913345273916932,0.11342466811441154,0.7719092424346155,0.11342466811441154,0.2913345273916932,5.627156752384418,49.2081688963579,222.47352964894029,-22.91464505649335,0.531024947344222,0.21293608210552714,-2.291564505649335
C,0.2,1,0.22509591300969373,0.8496366374475695,0.31319368527334773,0.8496366374475695,0.22509591300969373,66.1018317024912,89.3987658146185,4069.656415631302,-0.7447444417604902,0.6044894987552285,0.10728778486896329,-0.07457444417604901
C,0.2,1,0.36749628285555636,0.6497769498085348,0.8282961088061671,0.6497769498085348,0.36749628285555636,81.87670364814444,96.30355556434291,5860.002825842228,8.736676131114317,0.6174162800140415,0.0745124929617909,0.14426851916198472
C,0.2,1,0.1107006696863656,0.3084532649120728,0.7992175642898762,0.3084532649120728,0.1107006696863656,56.04591403124846,87.00169584448912,2294.4152417295354,-8.889163003102901,0.5539687987144807,0.34817558823382677,-0.88901630031029
C,0.2,1,0.03202288391481595,0.2800896558166034,0.5779211222122249,0.2800896558166034,0.03202288391481595,35.74858738682736,77.49862391849483,1074.37571355809,-14.467365435828075,0.524570246072054,0.38684052359060367,-1.4468365435828074
C,0.2,1,0.001161553824416739,0.2629405987945273,0.7743219434430054,0.2629405987945273,0.001161553824416739,79.31778284765167,79.37272152667856,2582.8373536559366,-5.419470774331454,0.5559654821263161,0.30838651295028957,-0.5420470774331454
C,0.2,1,0.00922015772878465,0.16880538013788754,0.7037384288733315,0.16880538013788754,0.00922015772878465,72.88100268967099,85.80133093484878,1930.9630433931059,-9.051624950151588,0.5455561200466804,0.3844532053679831,-0.9052624950151588
C,0.2,1,0.6411541892766517,0.6430943614647142,0.4796703881487759,0.6430943614647142,0.6411541892766517,55.06427613466266,74.89570808250295,4196.12840884427,-0.9947152414387599,0.6140549819743881,0.05402202237161572,-0.09957152414387599
C,0.2,1,0.2227413435970999,0.65938215441504,0.45104866892588624,0.65938215441504,0.2227413435970999,55.86459434233662,81.38377687864767,3093.914841769448,-5.832779434424787,0.5805157929464659,0.22298419186837928,-0.5833779434424787
C,0.2,1,0.5183956668319972,0.04837804840815313,0.3674076880803359,0.04837804840815313,0.5183956668319972,12.742836406164407,64.44301944233418,478.1606382203324,-18.808844024707273,0.5142583957754912,0.32818548273407866,-1.8809844024707274
C,0.2,1,0.384204751394685,0.6040673768427931,0.7620972293887172,0.6040673768427931,0.384204751394685,34.53635276981248,80.09634072837407,2364.5672116457813,-9.860190727064952,0.5565558993781745,0.3043679493464953,-0.9861190727064951
C,0.2,1,0.08638610396196134,0.30539829754333203,0.12710888220810523,0.30539829754333203,0.08638610396196134,52.02071428130836,53.85520258732732,1184.3525916281212,-15.42676640626878,0.5493638676968355,0.2056872216367045,-1.542776640626878
C,0.2,1,0.10459288005311373,0.4262177756572356,0.4782183162921202,0.4262177756572356,0.10459288005311373,48.05055752615653,70.32668589855957,1849.7538153117564,-11.685802683840194,0.549547930215923,0.2756485588960422,-1.1686802683840194
C,0.2,1,0.25914538120525554,0.543161142669098,0.09180041422513718,0.543161142669098,0.25914538120525554,22.759273160482433,82.47658430218017,965.22843435456,-14.447875147242414,0.5179421697513046,0.4372732524906518,-1.4448875147242413
C,0.2,1,0.42169062790099865,0.21250188560965338,0.211546792822079,0.21250188560965338,0.42169062790099865,27.435700839006284,92.05175177864267,1015.0741667837302,-13.19939207060353,0.5133454061588769,0.506750565950216,-1.3200392070603528
C,0.2,1,0.1880335240724395,0.06102456822939539,0.9523529001969719,0.06102456822939539,0.1880335240724395,66.88803382579411,76.69702474830584,2425.4756301853486,-7.314245582498006,0.5637986025186928,0.2779785465619582,-0.7315245582498007
C,0.2,1,0.00922015772878465,0.16880538013788754,0.7037384288733315,0.16880538013788754,0.00922015772878465,42.9702900837022,75.19577675162961,1138.4865610152979,-14.270382776855755,0.5281427486030708,0.3640288742597226,-1.4271382776855754
C,0.2,1,0.30790395966612794,0.2793001371525129,0.6429385502255961,0.2793001371525129,0.30790395966612794,76.02155891769587,84.067923917007,3453.9383140613622,-2.0094965687321604,0.5803130043615349,0.20435180998950483,-0.20104965687321602
C,0.2,1,0.524244537521086,0.22311260569775437,0.38700971310211446,0.22311260569775437,0.524244537521086,69.04262165729413,75.6310453275627,3247.97895409191,-3.7098345048385393,0.5862187267571072,0.18119147880318895,-0.37108345048385394
C,0.2,1,0.3472120569178305,0.7076289357264647,0.32857903855084963,0.7076289357264647,0.3472120569178305,85.85642141635458,88.55856570753599,5233.509149645777,8.834667700171895,0.6051530685661349,0.10470763719981468,0.02702144291181412
C,0.2,1,0.7841960984599279,0.058858279551751824,0.9105254809445107,0.058858279551751824,0.7841960984599279,12.10840182382362,13.08848766313931,786.0272682676152,-20.00953080401795,0.6508147971891003,0.007924481072194574,-2.001053080401795
C,0.2,1,0.2517525337603861,0.4427719022541919,0.6310233666216029,0.4427719022541919,0.2517525337603861,58.765707996208874,68.27894598563927,2967.774382694961,-5.193473604809963,0.5829487514485232,0.17780069997469802,-0.5194473604809964
C,0.2,1,0.016469885586558153,0.4591418963165622,0.6859731338879735,0.4591418963165622,0.016469885586558153,53.771025151702986,60.899826667796745,2200.8436202500166,-8.850270315208807,0.5648100130337578,0.19993802374089206,-0.8851270315208806
C,0.2,1,0.39949500942288085,0.9211655084920131,0.6553155388991975,0.9211655084920131,0.39949500942288085,66.27182116378253,96.43995164449316,5461.852738060598,4.646981920367692,0.6292883943967515,0.051025212329548715,0.3016813048071063
C,0.2,1,0.22804661246247587,0.5968849491914575,0.6490921128897201,0.5968849491914575,0.22804661246247587,12.688446936969417,84.81269906311594,729.2542881240269,-14.962427372914206,0.5099933591248789,0.47624486892027734,-1.4963427372914206
C,0.2,1,0.1773017087617259,0.01073032766615678,0.40169385140824254,0.01073032766615678,0.1773017087617259,41.33125005785938,89.58001916420899,803.6426813059343,-14.094391977603918,0.5094473295631374,0.5043528904369271,-1.4095391977603917
C,0.2,1,0.3072737315241573,0.7504525657269134,0.6018780750939201,0.7504525657269134,0.3072737315241573,43.5952362836802,60.96132084151776,2961.566815048281,-6.982642745869845,0.5828134456020045,0.13425825954650022,-0.6983642745869846
C,0.2,1,0.2708288146528892,0.3479719393431968,0.8249761331053985,0.3479719393431968,0.2708288146528892,20.10295943833984,53.75894248898536,1036.5978664352783,-18.2208782148124,0.5411555433707697,0.20745358450706675,-1.8221878214812404
C,0.2,1,0.5948663156749617,0.2174778398995761,0.5305321600890567,0.2174778398995761,0.5948663156749617,29.456364632184634,41.970433181865644,1587.1240015884807,-16.372965058854568,0.5786799015749907,0.10398453983557257,-1.637396505885457
C,0.2,1,0.14632070371848582,0.5242821668885654,0.5597659060016964,0.5242821668885654,0.14632070371848582,69.54772653294035,72.28776808282524,3305.2064066859384,-1.7221952359208867,0.581709485875487,0.1875789413989934,-0.17231952359208866
C,0.2,1,0.5095791610455548,0.2501392779778763,0.41873257025511645,0.2501392779778763,0.5095791610455548,77.72894909606151,87.72377967767284,3766.296859665153,-1.1918449778348497,0.5881520846726874,0.15968530658495,-0.11928449778348496
C,0.2,1,0.6055548139099175,0.5488561433390149,0.38208685869711295,0.5488561433390149,0.6055548139099175,78.20030084992985,78.70535497760447,5260.746890589073,10.417783002700547,0.6163906930526426,0.07475871587436893,0.005050541276746259
C,0.2,1,0.7726831937321269,0.5198085432256009,0.5062813059373927,0.5198085432256009,0.7726831937321269,55.44766881343636,83.12875606369367,4285.085643198025,-1.1373985114649419,0.6150095517860391,0.051661590446839885,-0.11383985114649417
C,0.2,1,0.3170758415038277,0.8151186935489891,0.06511747508648802,0.8151186935489891,0.3170758415038277,56.51658217974478,87.15773331989168,3291.393702490098,-5.117656977434198,0.5841977499754957,0.2252164256271652,-0.5118656977434198
C,0.2,1,0.03513926914535537,0.9298364678782489,0.30862690597291087,0.9298364678782489,0.03513926914535537,79.36264501205379,94.97608813472127,4441.48753262988,2.447643491339575,0.5940894208855406,0.13971927039796628,0.15613443122667475
C,0.2,1,0.485815415869166,0.9541972843006759,0.7633715496157959,0.9541972843006759,0.485815415869166,85.02002108190945,93.13309538148027,7744.042137374486,19.166051449197653,0.637733062677482,0.03794942263322096,0.08113074299570826
C,0.2,1,0.34980878305472224,0.24882462116123344,0.8840444413044555,0.24882462116123344,0.34980878305472224,18.68892187668339,27.253253268350054,972.4365836846309,-20.539534440218645,0.6006177981356938,0.04884318280492204,-2.0540534440218647
C,0.2,1,0.7245830985105358,0.10794990923519959,0.13329942342902223,0.10794990923519959,0.7245830985105358,0.4637643247546631,6.846946806636489,20.850443336077145,-29.562278500840147,0.6621815172799158,0.0022172368472696178,-2.9563278500840147
C,0.2,1,0.8169529045374391,0.44381809251769677,0.769690930746187,0.44381809251769677,0.8169529045374391,27.597289063660302,65.17886812513972,2270.7276600774967,-11.678508282731732,0.5579188172833977,0.22048496975330056,-1.1679508282731732
C,0.2,1,0.7900351910013247,0.7397589800541818,0.9307596331073184,0.7397589800541818,0.7900351910013247,60.798965445116,82.9122057516331,6065.225716482199,7.336798466696338,0.6405257036827466,0.02497414999038744,0.22113240306517093
C,0.2,1,0.02309386458610785,0.9996914801843528,0.3848048823807948,0.9996914801843528,0.02309386458610785,43.736357806549094,58.780570068042856,2657.394390446614,-7.876936570067025,0.5780356797093398,0.1474295657693489,-0.7877936570067026
C,0.2,1,0.39817605301633063,0.9970173515146277,0.15674593315552032,0.9970173515146277,0.39817605301633063,66.80487507286588,86.0490672920702,4922.070866674713,3.1188418218364444,0.6215948127698278,0.064748171655305,0.19244192219204323
C,0.2,1,0.2610889699814074,0.6497769498085348,0.5366815747613565,0.6497769498085348,0.2610889699814074,78.47936086285696,96.30355556434291,4627.169435197221,2.6785723836472948,0.6008182176419873,0.11785069110157453,0.17824194701485951
C,0.2,1,0.7896160844147988,0.5065501717566687,0.6911187861816933,0.5065501717566687,0.7896160844147988,16.589600433045355,19.579330362565045,1361.7786270971876,-16.10214876504948,0.6365636533969885,0.017149984901679155,-1.6103148765049482
C,0.2,1,0.5062688673353024,0.19904955083687498,0.622092075686413,0.19904955083687498,0.5062688673353024,41.54239922821474,92.12348792095855,2111.110899657919,-9.670642574739986,0.544813540419257,0.4052138874751382,-0.9671642574739986
C,0.2,1,0.5430986441947416,0.7575347842651452,0.2009880638925528,0.7575347842651452,0.5430986441947416,78.66426035274678,84.89722304920164,5510.932766638666,8.580351836099524,0.6192792483395334,0.06864110676968356,0.06232962696454862
C,0.2,1,0.8625819121398909,0.5265960252510756,0.7404261921099642,0.5265960252510756,0.8625819121398909,56.18690422537968,73.22923791368842,4942.736774560964,2.6221195382740317,0.6268756344014245,0.033012979493615875,0.17042333688308745
C,0.2,1,0.24348323841204228,0.38079783537590417,0.9172368906054956,0.38079783537590417,0.24348323841204228,53.64380253783293,72.96365007111847,2904.5423985207726,-6.509180108645743,0.5783978684194501,0.2015154790825023,-0.6510180108645743
C,0.2,1,0.7336749190962341,0.5502605473260774,0.45313655116247364,0.5502605473260774,0.7336749190962341,61.80453495233235,77.61745454379142,4667.799065914355,1.6749311802192455,0.6231369347862673,0.052439529449012354,0.1581291959145908
C,0.2,1,0.8985782855727413,0.3753430973773338,0.8446084817565794,0.3753430973773338,0.8985782855727413,9.196246707442814,9.423952736439256,779.9454654105866,-18.96703107055256,0.6721864911132616,0.0033153500654930835,-1.8968031070552562
C,0.2,1,0.3556568147918847,0.7425290728124336,0.7620972293887172,0.7425290728124336,0.3556568147918847,54.22908558359648,80.69690151489313,4010.876721168185,-1.801951723419535,0.609035700144403,0.08131779677968927,-0.1802951723419535
C,0.2,1,0.4249939871828782,0.2634344646399054,0.202359152822999,0.2634344646399054,0.4249939871828782,57.77562096434104,59.81305360048135,2281.0047074832314,-8.28576100783033,0.5695686095554305,0.18090053515039575,-0.8286761007830329
C,0.2,1,0.5730041932390473,0.43573981900608755,0.6581114560836968,0.43573981900608755,0.5730041932390473,65.15131770353841,78.23751503533417,4357.970795157421,1.027916819087254,0.6149008638155704,0.0787245536120438,0.10269168190872542
C,0.2,1,0.10725359315958932,0.22949756962131684,0.7956620421973095,0.22949756962131684,0.10725359315958932,45.61523753671001,72.69711433717872,1675.407040395068,-12.362366835626412,0.5435209426600742,0.30528988954552505,-1.2363366835626413
C,0.2,1,0.6094227583410925,0.4046291144916293,0.48212041243085474,0.4046291144916293,0.6094227583410925,62.12170516267791,74.62161210374087,3898.4851260372407,-1.4769226770427082,0.6074527791265089,0.08909410688139474,-0.1477922677042708
C,0.2,1,0.23958048177697455,0.4046291144916293,0.48212041243085474,0.4046291144916293,0.23958048177697455,72.67543836986952,83.33314012137032,3216.8685485567385,-3.5499418763262396,0.5779673687726412,0.22782951128013615,-0.35509418763262396
C,0.2,1,0.2088823873169947,0.29394122124248273,0.9187614284112096,0.29394122124248273,0.2088823873169947,16.886202270979954,23.54782958688744,812.3988410111231,-21.722278152215733,0.6078286703648758,0.03750487867261985,-2.1723278152215735
C,0.2,1,0.9013910683909996,0.3588702504027249,0.389154438128999,0.3588702504027249,0.9013910683909996,36.32827024087048,55.477013482419416,2642.5883780073223,-10.573723177167032,0.5779091227724735,0.1297241119992863,-1.0574723177167031
C,0.2,1,0.0765900299480623,0.7076289357264647,0.5993625102568142,0.7076289357264647,0.0765900299480623,83.69515630924414,86.32927947778188,4535.85992018629,5.40066553228062,0.5912016563275101,0.14934169649918105,0.026341231685377407
C,0.2,1,0.9815679711603887,0.06025164629087654,0.3142764472337986,0.06025164629087654,0.9815679711603887,65.37183126341968,84.84244032711635,3918.9034839131,-2.54906751170683,0.6051690263325068,0.10808215836828038,-0.255006751170683
C,0.2,1,0.7841960984599279,0.5235199703025714,0.5491853206703848,0.5235199703025714,0.7841960984599279,27.88634531491961,30.14353933202314,2206.240380721491,-9.377767484233274,0.626698646368902,0.035161152108211316,-0.9378767484233274
C,0.2,1,0.5769876912042131,0.540011173032179,0.6896032408769801,0.540011173032179,0.5769876912042131,75.66072154152657,87.90899481210471,5530.043971012743,7.06059802183193,0.6220085682054104,0.06334522683621698,0.12248273270578139
C,0.2,1,0.22804661246247587,0.4682128299502658,0.8083465025131086,0.4682128299502658,0.22804661246247587,56.091504680450356,71.89405210648154,3086.2462793735954,-5.244112391264089,0.5845433222509375,0.1789506200886712,-0.524511239126409
C,0.2,1,0.34839007707362846,0.33653774293824157,0.40169385140824254,0.33653774293824157,0.34839007707362846,4.685361876967598,5.480928873262375,207.5087612579187,-27.13627401857005,0.6798902211792824,0.0010945461341648286,-2.713727401857005
C,0.2,1,0.39949500942288085,0.7668375797925707,0.5216891023941509,0.7668375797925707,0.39949500942288085,27.13976419679249,38.409420641177206,1936.6625528924294,-13.661840064331837,0.5958465357733528,0.07509371675059776,-1.3662840064331836
C,0.2,1,0.22751648451023687,0.3772822450926809,0.6859731338879735,0.3772822450926809,0.22751648451023687,77.16366256122336,87.39378990400427,3656.7292401617183,-0.9981292910628399,0.5822420929563624,0.18677452361567728,-0.09991292910628399
C,0.2,1,0.4695535509876432,0.1478722898660576,0.6962939944828334,0.1478722898660576,0.4695535509876432,85.1353596143423,95.40608427245655,4110.219540253447,0.9385203018216538,0.5867278552134852,0.16560728128931496,0.09375203018216538
C,0.2,1,0.11919051314918527,0.16194526044025837,0.20229249660987225,0.16194526044025837,0.11919051314918527,54.42006185394611,65.32282132375492,1040.1905638571864,-15.297255480276498,0.5315530669243193,0.2958265625181468,-1.5298255480276497
C,0.2,1,0.23330974012768235,0.3008067007359016,0.7968951568877526,0.3008067007359016,0.23330974012768235,71.19274868479042,79.38329725654907,3319.5897929517027,-2.6188018017269035,0.580878715033587,0.2028829069661857,-0.2619801801726903
C,0.2,1,0.5289880215938466,0.370624564783086,0.6279268601600401,0.370624564783086,0.5289880215938466,60.27750482399916,86.4286695786901,3657.5667093136826,-3.3663435850206023,0.5968048346455137,0.1589360923382789,-0.33673435850206024
C,0.2,1,0.24930510652802795,0.2511302703515816,0.41873257025511645,0.2511302703515816,0.24930510652802795,73.18938371243004,80.40576100898822,2597.4973100181587,-6.297915762598623,0.5645814178965173,0.2838255840198798,-0.6298915762598624
C,0.2,1,0.03513926914535537,0.2946287100528422,0.33396888922517765,0.2946287100528422,0.03513926914535537,66.50476474969558,69.38102151751737,1651.8201542188713,-10.831939053756408,0.5453223786720497,0.2962223192809536,-1.0832939053756407
C,0.2,1,0.19931055261101494,0.37534474048002575,0.6768425109629672,0.37534474048002575,0.19931055261101494,45.17365150876746,88.93526791411463,2062.35009030217,-10.001641810900866,0.5451965787371555,0.386300007282162,-1.0002641810900865
C,0.2,1,0.3489995095162528,0.4486449383284381,0.30373024156701145,0.4486449383284381,0.3489995095162528,77.73186106612975,84.41241240549093,3690.3572934783883,-0.7180386235336496,0.5847917335845975,0.1739232026287631,-0.07190386235336496
C,0.2,1,0.47556835345422666,0.1458837406121517,0.48948146576851403,0.1458837406121517,0.47556835345422666,42.37352939257228,46.41704276650787,1835.1823606214011,-12.902703028179118,0.5796682710426642,0.12120847743612613,-1.2903703028179119
C,0.2,1,0.046860789435134276,0.02031631745194795,0.6555704377565441,0.02031631745194795,0.046860789435134276,72.5420378030787,74.90641273001908,1432.5685983231106,-11.486760295008485,0.5367305194156448,0.3544667534200621,-1.1487760295008485
C,0.2,1,0.22778714717758064,0.4056513168648365,0.3852308181201025,0.4056513168648365,0.22778714717758064,78.00561667279405,85.42039018573323,3221.8420888154005,-2.9454166902760055,0.5734129489405879,0.24454087011103445,-0.29464166902760053
C,0.2,1,0.23210774875968393,0.693103901295694,0.8840444413044555,0.693103901295694,0.23210774875968393,61.57651168586475,64.53761310332959,4209.474620846849,3.4972154842791516,0.611920730983912,0.08825316045902773,0.029611014174648388
C,0.2,1,0.1421142867541998,0.7215905083622282,0.9307596331073184,0.7215905083622282,0.1421142867541998,58.42536104829853,63.743097791891365,3882.612415028124,1.212678195750725,0.6084030401106713,0.09777037173944114,0.05317736743592839
C,0.2,1,0.8116760864798714,0.2662193205702631,0.7439354643385904,0.2662193205702631,0.8116760864798714,66.45119916604996,68.35755684001845,4817.257211389237,7.021430405757738,0.6241973559221599,0.05753832978854614,0.01906357673968486
C,0.2,1,0.6959081439929816,0.9970173515146277,0.15674593315552032,0.9970173515146277,0.6959081439929816,72.12675697708862,81.36769934135461,6387.900685436113,11.721630014830565,0.6395938578727394,0.03379099241202457,0.0924094236426599
C,0.2,1,0.3193263159931952,0.9996914801843528,0.6287398450829106,0.9996914801843528,0.3193263159931952,79.85433800897549,96.26368835815434,6521.654749514834,11.284250638954074,0.627651692527016,0.054272217144494546,0.1640935034917885
C,0.2,1,0.06550334820112602,0.7575347842651452,0.8681212384861592,0.7575347842651452,0.06550334820112602,16.699319557377954,18.022490148324486,1049.6346884987688,-20.144213911142025,0.6303322038949492,0.01978262055198448,-2.0145213911142026
C,0.2,1,0.8092566907747292,0.3109089655557147,0.5366815747613565,0.3109089655557147,0.8092566907747292,92.19072752594619,96.33528035051569,6400.370961009629,13.257166573449878,0.6211758181977048,0.0632265340200238,0.041445528245695015
C,0.2,1,0.9444672499925405,0.6121271745339314,0.642624384808741,0.6121271745339314,0.9444672499925405,56.04591403124846,87.00169584448912,5262.449640560931,2.78629827552493,0.6300714682722361,0.025685905429033123,0.278529827552493
C,0.2,1,0.2788745036132524,0.14582823122393207,0.9901882219500249,0.14582823122393207,0.2788745036132524,59.77284592194791,73.22923791368842,2748.9437572113056,-6.585627749739657,0.5746102988970087,0.22178481515064377,-0.6586627749739657
C,0.2,1,0.33686803001126775,0.8121476215245316,0.6337634856920364,0.8121476215245316,0.33686803001126775,78.12013563584352,95.88448707312634,5725.80516386686,7.462827569994033,0.6193664765283721,0.07025967955112704,0.17764351437282813
C,0.2,1,0.7336749190962341,0.14502022743896348,0.7258498732912759,0.14502022743896348,0.7336749190962341,87.24299113677878,91.77330944831859,5416.132495609609,8.285763551896599,0.6106986169924714,0.0879084043348381,0.045303183115398014
C,0.2,1,0.22463327941167066,0.4560464679341206,0.8218229668656366,0.4560464679341206,0.22463327941167066,94.206203824779,96.21205144924238,5141.733299003553,8.574698091049383,0.5931630346773038,0.14220511368262734,0.02005847624463385
C,0.2,1,0.2921201121631686,0.3740503053067637,0.4530802145607452,0.3740503053067637,0.2921201121631686,15.451234353163997,15.99233476023192,689.6739763726484,-22.233955569013595,0.6325469395377594,0.015420045604582884,-2.2234955569013595
C,0.2,1,0.35844969096145674,0.2634344646399054,0.6719681612365037,0.2634344646399054,0.35844969096145674,27.94432905870112,29.395897379695068,1338.3492593899273,-16.522689018324456,0.6061264148654341,0.053052773480609015,-1.6523689018324457
C,0.2,1,0.23733458836233423,0.5311870057683513,0.8937151092730075,0.5311870057683513,0.23733458836233423,50.68081111742079,78.23751503533417,3079.820053736079,-6.176216755038624,0.5807821696232961,0.2090675092356386,-0.6177216755038624
C,0.2,1,0.534571747737105,0.4305601151579003,0.2288471338956184,0.4305601151579003,0.534571747737105,58.6731607604738,81.82854065602474,3167.046464250493,-5.787062556703812,0.5822398732998025,0.2153631889438273,-0.5788062556703812
C,0.2,1,0.0010376710321897131,0.30991294877010117,0.808880238138566,0.30991294877010117,0.0010376710321897131,88.32784917390047,91.37168692791425,3159.4462641726795,-1.8300098915302736,0.5609088021439623,0.3148281309985761,-0.18310098915302736
C,0.2,1,0.7896018226621235,0.7917883653137113,0.5570686324508295,0.7917883653137113,0.7896018226621235,72.12675697708862,81.36769934135461,6707.516135512778,13.25139922362633,0.6435581084050358,0.02905829015612316,0.0924094236426599
C,0.2,1,0.890490189725394,0.34379755424497144,0.8124787240986985,0.34379755424497144,0.890490189725394,80.99905217133396,83.33314012137032,6644.057032448919,16.21383055567435,0.6347219602373632,0.03969113695825394,0.023340879500363627
C,0.2,1,0.4125785841495983,0.012222650365072807,0.978242685037683,0.012222650365072807,0.4125785841495983,9.39918606358059,55.477013482419416,429.5064174622525,-20.776735903488728,0.5230506770199963,0.2542766750697715,-2.077773590348873
C,0.2,1,0.49257225196935633,0.5638007541824522,0.5305775716196492,0.5638007541824522,0.49257225196935633,63.65630014275777,80.07435250079939,4206.6049858162405,-0.05738845854380288,0.613184176772599,0.08318351310043916,-0.005838845854380288
C,0.2,1,0.0765900299480623,0.4612832080829293,0.7275047011763388,0.4612832080829293,0.0765900299480623,52.57061107827645,86.32927947778188,2369.9504078759996,-8.772463779663932,0.5562563792918555,0.3360700189331232,-0.8773463779663931
C,0.2,1,0.496655640597615,0.556150555497485,0.6220281589937325,0.556150555497485,0.496655640597615,21.755931908874704,21.917146139346706,1483.5590525860778,-14.414801859116261,0.6330276459176924,0.024652406189547768,-1.4415801859116262
C,0.2,1,0.42463400764544157,0.5968849491914575,0.8359101038946883,0.5968849491914575,0.42463400764544157,11.070833889967687,11.171519359922282,796.8088820088122,-21.185410856282516,0.6568898736286134,0.005965088138656467,-2.118641085628252
C,0.2,1,0.3977155439769829,0.540011173032179,0.63833051421455,0.540011173032179,0.3977155439769829,66.52713967791234,79.4546528884923,4180.871396104559,0.5910629239216856,0.6076260635292314,0.09801016940575312,0.059006292392168556
C,0.2,1,0.4967375980594949,0.06025164629087654,0.9068094531641122,0.06025164629087654,0.4967375980594949,85.4153206324966,90.03789249925191,4315.156249616737,2.9856774748170563,0.5901075429450575,0.15204133923003396,0.04622571866755308
C,0.2,1,0.22751648451023687,0.8966307817609482,0.3109213055686252,0.8966307817609482,0.22751648451023687,67.14241455333287,89.19727852704848,4295.798268347592,0.3760916504606164,0.6077118982771514,0.09848612052464258,0.03750916504606164
C,0.2,1,0.7170210365850361,0.6201036196100502,0.6962939944828334,0.6201036196100502,0.7170210365850361,66.45920385572076,74.34375902915352,5600.090618400207,8.502540332997409,0.6348656983284394,0.04048799787106374,0.07884555173432758
C,0.2,1,0.6677431596539783,0.5389674164085223,0.6553155388991975,0.5389674164085223,0.6677431596539783,66.27182116378253,96.43995164449316,5084.269229657337,2.8712421247819484,0.6270533668743034,0.053205029788201984,0.2870242124781949
C,0.2,1,0.5133355468912646,0.10039299051721401,0.40169385140824254,0.10039299051721401,0.5133355468912646,34.25948674768804,68.72421112797191,1395.346864174898,-14.491153762001273,0.5360031704000879,0.2988707495191998,-1.4492153762001272
C,0.2,1,0.13746998173766356,0.50423900263745,0.5619146360745104,0.50423900263745,0.13746998173766356,51.48302911671557,57.406023500156344,2375.0828056054133,-8.342350096706456,0.5737859748445672,0.16639113791129057,-0.8343350096706456
C,0.2,1,0.99479246182051,0.6931323974419583,0.6358142487628247,0.6931323974419583,0.99479246182051,57.94841778079576,70.57069681839435,5811.739489313894,7.562052131299851,0.6392999599380507,0.020493175870051776,0.12622279037598594
C,0.2,1,0.6158584892933681,0.20621497281978973,0.9844613655985511,0.20621497281978973,0.6158584892933681,52.06434003556068,63.743097791891365,3421.418895543388,-4.060415613285586,0.5957876467428721,0.10610462020646583,-0.4061415613285586
C,0.2,1,0.9876888165137805,0.6467796696879033,0.9684170835815629,0.6467796696879033,0.9876888165137805,75.50769738670434,78.50816685890969,7998.821194490858,23.375474173408374,0.6547133736394652,0.01840587847656162,0.03000469472205353
C,0.2,1,0.4328696820690333,0.424320249469487,0.616974769192212,0.424320249469487,0.4328696820690333,54.696131312365296,56.95832148742931,3187.9019775572538,-3.026738795899209,0.5972072798367483,0.11398207432208016,-0.3027738795899209
C,0.2,1,0.392702799522367,0.38266132421059273,0.8434669687725191,0.38266132421059273,0.392702799522367,25.11536528611825,60.328631942201085,1503.2771855526314,-15.151186030767947,0.5410463820198783,0.23112767819972532,-1.5152186030767947
C,0.2,1,0.44623239079932453,0.5847621163666947,0.12828678804864868,0.5847621163666947,0.44623239079932453,42.05567219329552,45.670085554113356,2302.8380289457373,-9.551068852101771,0.5935549285517525,0.09880717185629134,-0.955206885210177
C,0.2,1,0.8489102323996746,0.9247199414463173,0.7406226653196155,0.9247199414463173,0.8489102323996746,53.88373891579992,65.26414668890503,5776.179219365263,8.393072342575797,0.6401958801989751,0.019172422972325368,0.11380407773105113
C,0.2,1,0.485815415869166,0.5991236301904114,0.4206040187891692,0.5991236301904114,0.485815415869166,7.232806445781023,62.986661583932715,468.41139273645393,-19.10241263795105,0.5145224826356751,0.3163615862396068,-1.9103412637951052
C,0.2,1,0.304754368958562,0.5845652357585905,0.951949264578945,0.5845652357585905,0.304754368958562,64.03412984257099,69.70561692881343,4371.271422289806,3.588724820592883,0.6125530694914827,0.08634270534644518,0.05671487086242436
C,0.2,1,0.9882577276713613,0.9680426149269111,0.5223679289039465,0.9680426149269111,0.9882577276713613,59.87282138258651,65.84951462277195,6638.352091735398,15.005431600502796,0.6553780700599403,0.015249362619045354,0.059766932401854406
C,0.2,1,0.06283332048942303,0.4889160334966779,0.43216671904079895,0.4889160334966779,0.06283332048942303,83.97627314296282,92.6906380913856,3223.98648387621,-2.4257192336946596,0.5666387723992287,0.2869021509548386,-0.24267192336946594
C,0.2,1,0.8480245079202833,0.4120552814339716,0.05469473402940872,0.4120552814339716,0.8480245079202833,55.030101197130236,60.413389095016626,3542.362334945872,-2.8017106197411756,0.602190743015053,0.07596828797950338,-0.28027106197411755
C,0.2,1,0.2035961258182829,0.7656549925184493,0.9406538794340745,0.7656549925184493,0.2035961258182829,82.62485890091867,95.82871607252264,5947.24669617756,9.82664903729341,0.6156022897914614,0.07968415145669507,0.13203857171603972
C,0.2,1,0.24110532763032455,0.9385096820764857,0.6287398450829106,0.9385096820764857,0.24110532763032455,49.05316378913905,63.30203027092194,3664.2343790039986,-2.3444706508137463,0.6033289375341702,0.0806978936224861,-0.23454706508137463
C,0.2,1,0.7843262420870993,0.1048874459730551,0.8005279961396568,0.1048874459730551,0.7843262420870993,78.47936086285696,96.30355556434291,5059.869232719837,3.7632353928385625,0.6142820983043482,0.07888421567945265,0.17824194701485951
C,0.2,1,0.4589346319014006,0.9182624936108026,0.8954001401815094,0.9182624936108026,0.4589346319014006,36.65820102866565,61.60780339440296,3344.8724126530706,-6.074437852739932,0.591215958298561,0.10483889378049902,-0.6075437852739932
C,0.2,1,0.5797474568482752,0.722235571421871,0.8053944806915441,0.722235571421871,0.5797474568482752,71.09899007820519,73.22923791368842,6060.052275241766,14.129069187097244,0.6337827057977924,0.04301110490447614,0.021302478354832316
C,0.2,1,0.6911999284541722,0.8654257443228031,0.2009880638925528,0.8654257443228031,0.6911999284541722,17.77775342732972,82.78258026601497,1472.9932755069701,-12.782992184232082,0.5304958953172201,0.4028459537154726,-1.2783992184232083
C,0.2,1,0.32919775662269957,0.9733597727716974,0.554902913106363,0.9733597727716974,0.32919775662269957,59.720029757493705,73.30023654825538,4717.909182894842,3.304130809816403,0.6253549998994892,0.05829451945125986,0.13580206790761679
C,0.2,1,0.0821141582630005,0.8440726040126819,0.39869690291347515,0.8440726040126819,0.0821141582630005,50.22528214276881,63.07560693842489,2826.5161835666195,-6.417678296994552,0.5803893533781428,0.15968011976152227,-0.6418678296994552
C,0.2,1,0.41876499975172354,0.5311870057683513,0.6155184895560925,0.5311870057683513,0.41876499975172354,39.00627372844367,42.687846717304744,2452.931465023582,-8.573750605024818,0.6024247301020901,0.08157764629291558,-0.8574750605024818
C,0.2,1,0.4384405062858975,0.30991294877010117,0.808880238138566,0.30991294877010117,0.4384405062858975,59.846594574171,64.690774879699,3449.538482919264,-2.032356751268656,0.5979348239388939,0.12231733306668911,-0.20333567512686557
C,0.2,1,0.5377446882922239,0.8162627846775506,0.5487120887708795,0.8162627846775506,0.5377446882922239,53.195775415826716,96.21205144924238,4331.102998227682,-0.7475752680174798,0.6161176071305501,0.05994543552846367,-0.07485752680174798
C,0.2,1,0.4887578536607531,0.6997304800422747,0.4530802145607452,0.6997304800422747,0.4887578536607531,51.16781832421913,51.1734775904334,3620.195909592083,0.9889309466157692,0.6188307568996684,0.07025084289885429,5.659266214273373e-05
C,0.2,1,0.4249939871828782,0.9599555205266831,0.9407165740439429,0.9599555205266831,0.4249939871828782,55.08656888972416,72.20019561092015,5110.12703230604,4.474156395258634,0.6307003780043237,0.03812815690591019,0.17113626721195985
C,0.2,1,0.8613089721762311,0.8212723205822479,0.7532839420780625,0.8212723205822479,0.8613089721762311,46.50324690486674,74.11233701397444,4788.028393431058,0.6490169311016426,0.6232459951132656,0.02130040757793857,0.06480169311016426
C,0.2,1,0.25115221553271716,0.5840579375150329,0.9007741665405493,0.5840579375150329,0.25115221553271716,75.70827016149526,83.61827247267128,4866.517144301834,5.708673891282983,0.6070813790399414,0.10062824590679986,0.07910002311176015
C,0.2,1,0.6861819449710114,0.9958556627875381,0.389154438128999,0.9958556627875381,0.6861819449710114,52.72192847648092,55.477013482419416,4946.93763388342,8.072668998095997,0.6400581497541817,0.029770445696184752,0.02755085005938497
C,0.2,1,0.28109189414521374,0.3698121955677297,0.3558174576949158,0.3698121955677297,0.28109189414521374,72.67543836986952,83.33314012137032,3011.716745772215,-4.717076222229242,0.5743858778909174,0.2510405628482604,-0.4718076222229242
C,0.2,1,0.7513709894434168,0.285927087223282,0.6528776296347373,0.285927087223282,0.7513709894434168,47.45896340043797,48.95263114132815,3236.07696103847,-2.357531283379,0.6136585762830413,0.06962857873664462,-0.2358531283379
C,0.2,1,0.20472504508268702,0.06025164629087654,0.5559721212157789,0.06025164629087654,0.20472504508268702,78.72446677566728,90.03789249925191,2137.2226564394387,-8.13695426587072,0.5495612748059424,0.38950389752430137,-0.8137954265870719
C,0.2,1,0.5307317522923384,0.8457056079598763,0.7154881920898916,0.8457056079598763,0.5307317522923384,14.637237317461818,73.99499146146742,1269.1812763681537,-14.465213589725149,0.5295527298508595,0.3517772242887312,-1.4466213589725148
C,0.2,1,0.06588402317880371,0.7454677093849741,0.7490551598995215,0.7454677093849741,0.06588402317880371,74.24852679074445,95.85917339237275,4402.489595287554,1.5409522595812941,0.5983887116434333,0.12644839244694453,0.15399522595812942
C,0.2,1,0.553385877042812,0.7419140371077743,0.5873808085263112,0.7419140371077743,0.553385877042812,56.412720314587986,85.33228214541427,4481.963320763126,0.01687829595173733,0.6197047092229239,0.051344828193712166,0.0015878295951737328
C,0.2,1,0.471434683183794,0.8966307817609482,0.5994868304629324,0.8966307817609482,0.471434683183794,44.72438363023126,59.149594057583485,3729.5862089453576,-2.760266366180724,0.6056421978661973,0.05876363881534289,-0.2761266366180724
C,0.2,1,0.3977155439769829,0.8605815141572631,0.43857602928791733,0.8605815141572631,0.3977155439769829,66.02913274510126,83.95503024248339,4878.18304563261,3.1680766597721406,0.6211824696474227,0.06589336254759223,0.17925897497382123
C,0.2,1,0.5440301918699112,0.4465546761688995,0.40169385140824254,0.4465546761688995,0.5440301918699112,30.51054799250879,66.12757828648674,1817.561846139728,-13.198565531419208,0.5471232615698871,0.25354946956281177,-1.3199565531419206
C,0.2,1,0.4021561277022042,0.5389674164085223,0.701838883319648,0.5389674164085223,0.4021561277022042,58.10711322685344,96.43995164449316,3753.8444034065587,-2.83207193820789,0.5975156396520607,0.17653053358330018,-0.283307193820789
C,0.2,1,0.4695535509876432,0.8822180973078457,0.6962939944828334,0.8822180973078457,0.4695535509876432,34.9802845303489,69.33858690322198,2973.1818949663134,-8.041570555189857,0.5774409681856809,0.18269423137918092,-0.8042570555189856
C,0.2,1,0.23837879720373006,0.9862083401970836,0.966272779224362,0.9862083401970836,0.23837879720373006,46.820834798964,56.955092962245715,3997.852057028979,0.4641820813400366,0.6164546523736532,0.05211570250412948,0.046318208134003655
C,0.2,1,0.12515266245466072,0.1674952878809065,0.6617007559176682,0.1674952878809065,0.12515266245466072,48.591640463248915,56.48513571742244,1514.8403298959142,-13.6673918493537,0.5523725431221046,0.20534817686826282,-1.36683918493537
C,0.2,1,0.25183393162636414,0.3045103804365112,0.09038483617862009,0.3045103804365112,0.25183393162636414,60.30065009107308,67.08944497839308,1813.6527940917592,-11.160422282235245,0.5521697589833823,0.25704700548445325,-1.1161422282235245
C,0.2,1,0.6931972954790234,0.7330787378759598,0.32718631178506835,0.7330787378759598,0.6931972954790234,24.819783519309574,24.980081292824202,1973.0104550571807,-9.379060334059249,0.638269314304296,0.02608435287936616,-0.9380060334059248
C,0.2,1,0.768443044416308,0.7712702569422075,0.9264206487233101,0.7712702569422075,0.768443044416308,32.4325608311578,34.06028726742089,3247.997116566628,-1.3314997237578565,0.642041691989292,0.025374015645248053,-0.13324997237578565
C,0.2,1,0.24894211556091828,0.4349464873434557,0.4178740913829744,0.4349464873434557,0.24894211556091828,15.821651937059592,88.91725011552384,706.2988326281596,-14.548803300505561,0.5065758986070303,0.5107264330637495,-1.4549803300505562
C,0.2,1,0.7726831937321269,0.6553403358713529,0.0886493047625112,0.6553403358713529,0.7726831937321269,46.119347831020015,56.622612575026956,3395.186896666199,-5.078988808167814,0.6000234623750276,0.0743625123142533,-0.5079988808167815
C,0.2,1,0.8339593462011337,0.32858575008621843,0.7669843102267275,0.32858575008621843,0.8339593462011337,34.72293035786169,36.39583496653239,2684.1471905523485,-5.816141790108576,0.6241606147390117,0.04464899371364099,-0.5817141790108576
C,0.2,1,0.14849551888113655,0.7592658630402794,0.9567929783905779,0.7592658630402794,0.14849551888113655,79.36264501205379,94.97608813472127,5500.457752804963,7.342344438194671,0.6118462318256189,0.08897959130663509,0.15613443122667475
C,0.2,1,0.5937352201701211,0.5087198604203311,0.5223679289039465,0.5087198604203311,0.5937352201701211,64.67668971726704,65.17886812513972,4409.782970127963,5.753180733994846,0.6170151855695095,0.07360345235206255,0.005021784078726768
C,0.2,1,0.30834446284589384,0.9176641427225225,0.4651446536510142,0.9176641427225225,0.30834446284589384,43.158334237192754,49.99674207155266,3147.4961696126597,-4.446692436367236,0.6058887493378976,0.07968313389156421,-0.44476924363672365
C,0.2,1,0.02188940988347704,0.7393930949877136,0.3923136499181189,0.7393930949877136,0.02188940988347704,42.889734603010986,47.245148156438226,2053.2159377452062,-10.665536335980878,0.5835704913759194,0.12621272732035743,-1.0666536335980878
C,0.2,1,0.534922423332149,0.9970173515146277,0.7025794091315601,0.9970173515146277,0.534922423332149,45.120920525091115,58.11870948503153,4248.652383554135,0.35079612182620035,0.6186826454266411,0.03354730384523789,0.03497961218262004
C,0.2,1,0.25222446501417517,0.45110613857880477,0.6189502131245499,0.45110613857880477,0.25222446501417517,52.48548227435656,52.89272974675655,2657.879807386037,-6.042778105401885,0.5891716194638253,0.13345925380613669,-0.6043778105401885
C,0.2,1,0.11751153141308712,0.8853807591135356,0.6342928102915175,0.8853807591135356,0.11751153141308712,28.283243826422133,42.141916631260884,1866.748814500711,-13.653347804006001,0.5869936722645247,0.09699126232508594,-1.3654347804006002
C,0.2,1,0.20107046011722263,0.9996914801843528,0.8561186522334575,0.9996914801843528,0.20107046011722263,89.08311880359477,96.26368835815434,7255.023919308175,17.8388811904051,0.6254786677558254,0.059060309838133956,0.07180569554559568
C,0.2,1,0.5783115986380021,0.6497769498085348,0.6212788662599688,0.6497769498085348,0.5783115986380021,56.497989959112346,96.30355556434291,4346.751902645776,-0.5440538298567543,0.6168840866091082,0.05590293085084377,-0.054505382985675435
C,0.2,1,0.8625819121398909,0.7761645882988775,0.7404261921099642,0.7761645882988775,0.8625819121398909,63.17572205670321,73.22923791368842,6345.873654561791,11.410040963414886,0.6483288962720295,0.02277060445885394,0.10053515856985214
C,0.2,1,0.05194206388586797,0.9733597727716974,0.8419016450241157,0.9733597727716974,0.05194206388586797,46.21038239862605,49.806509875260396,3341.594421262904,-1.9239031177215355,0.6110185494705332,0.08429061338230695,-0.19249031177215353
C,0.2,1,0.24008611444144823,0.6655506851932761,0.2009880638925528,0.6655506851932761,0.24008611444144823,55.11875243889831,67.09527896440324,2772.8338113528034,-6.837399172106834,0.5773697956486435,0.18388682194688585,-0.6838399172106835
C,0.2,1,0.2016992971788723,0.725717342433724,0.808880238138566,0.725717342433724,0.2016992971788723,28.92412129010542,29.245985163680288,1926.139321458067,-12.161709561286974,0.6188179055587353,0.04635784239404857,-1.2162709561286973
C,0.2,1,0.6078695912862457,0.8141548820740989,0.6701457025278099,0.8141548820740989,0.6078695912862457,12.168096224281486,56.19943840861224,1069.0264660727717,-17.989413329424117,0.535976151481352,0.2273232284737452,-1.7990413329424118
C,0.2,1,0.9547672599213956,0.5502605473260774,0.5392534623276942,0.5502605473260774,0.9547672599213956,33.6148018944794,62.250956104125166,2982.7330369917654,-8.81318699012038,0.5780952163385392,0.14743215554467023,-0.881418699012038
C,0.2,1,0.609081531520266,0.533599578195409,0.9407165740439429,0.533599578195409,0.609081531520266,42.2369840790468,55.35865772702637,3406.495965944161,-4.743549171112672,0.601927372853611,0.07376953036488224,-0.47445491711126725
C,0.2,1,0.6558231071272853,0.12124536566052357,0.9179771452568739,0.12124536566052357,0.6558231071272853,44.00515453513542,49.08310800029058,2719.6440648892403,-7.566014866928378,0.5963649496369319,0.09469906598389267,-0.7567014866928379
C,0.2,1,0.7198621317203151,0.5311870057683513,0.4810497771956316,0.5311870057683513,0.7198621317203151,52.54632114704464,60.63182611200588,3918.836389466531,-0.964944151275941,0.6102298538701547,0.05477031832277945,-0.0965944151275941
C,0.2,1,0.6861819449710114,0.5755048879376921,0.30905602392125653,0.5755048879376921,0.6861819449710114,10.461343751880563,61.82075043723631,740.7755159347141,-18.304719297622718,0.5209252822603699,0.2908194122650179,-1.830571929762272
C,0.2,1,0.29050021247355085,0.7299363669876893,0.4142614549559419,0.7299363669876893,0.29050021247355085,82.46014146373064,83.61827247267128,5061.26868932291,8.574290610695943,0.6048247426859155,0.10606136835626977,0.01158131008940643
C,0.2,1,0.8664267837689767,0.9188023166731909,0.2907032932405072,0.9188023166731909,0.8664267837689767,46.50324690486674,74.11233701397444,4488.913657521292,-0.8129466628993843,0.6184663280558855,0.024038849141710103,-0.08139466628993844
C,0.2,1,0.6470160799961326,0.6498759640072371,0.5816007622429562,0.6498759640072371,0.6470160799961326,6.951433939834799,21.35285745887023,551.8369505015744,-24.611645004300172,0.6069480021845455,0.03185964824353359,-2.4612645004300173
C,0.2,1,0.36910446729993984,0.8148794755720532,0.6606890492933434,0.8148794755720532,0.36910446729993984,65.47079109975267,83.33314012137032,4957.214137666155,3.6748980426265,0.6222833555040136,0.06408063009694892,0.17862349021617646
C,0.2,1,0.050397859352694974,0.18107467662141796,0.13994871589846625,0.18107467662141796,0.050397859352694974,11.330965369156102,36.728973904143245,170.7842157842554,-25.312514400386863,0.5575334427492986,0.12099786933802908,-2.5313514400386863
C,0.2,1,0.7337343233282902,0.5868234077249753,0.2266564918641949,0.5868234077249753,0.7337343233282902,4.56147459001948,33.97316806161804,327.03172245019954,-25.08529129716022,0.5666040423250134,0.09942432207096061,-2.5086291297160224
C,0.2,1,0.6574778202879643,0.964504755729531,0.1655333207349705,0.964504755729531,0.6574778202879643,78.01046850171109,82.13567004768059,6649.414330416328,15.4910529748282,0.6361759615926833,0.03847175301473553,0.04125201545969503
C,0.2,1,0.7018069333896496,0.5968849491914575,0.8359101038946883,0.5968849491914575,0.7018069333896496,39.988019842887475,40.35169728674139,3432.265584057783,0.27153509500580636,0.6345970633419051,0.039444789901278796,0.003636774438539163
C,0.2,1,0.3977155439769829,0.3856219955037814,0.7952562214351682,0.3856219955037814,0.3977155439769829,71.83227427314503,81.79203781043041,4241.57242461054,1.5451534773145859,0.6020839057441322,0.11359122315129164,0.09959763537285383
C,0.2,1,0.5893618929760218,0.6618986815118226,0.7501069092203041,0.6618986815118226,0.5893618929760218,25.220514506184305,28.263115857754293,2050.823828123853,-11.045989503805917,0.6260033576601683,0.03422410110356558,-1.1046989503805915
C,0.2,1,0.16643566511338526,0.5442132504511124,0.35747939702329956,0.5442132504511124,0.16643566511338526,25.973868198509564,29.142625759629404,1155.043131963447,-18.26623721322194,0.6015267743030162,0.055785636152029285,-1.8267237213221943
C,0.2,1,0.27064652192024696,0.7567872743671753,0.6746006179534801,0.7567872743671753,0.27064652192024696,46.976790931497284,62.40767379158385,3205.5414370039275,-5.185959218664928,0.5900426742405194,0.12127223254125942,-0.5186959218664928
C,0.2,1,0.7332068648655665,0.026775375743431917,0.8434929718550385,0.026775375743431917,0.7332068648655665,57.51443888949974,81.18748611402309,3398.3232313175454,-4.9231217001926675,0.5893421444049569,0.180546105874403,-0.4924121700192668
C,0.2,1,0.663974020718996,0.724072953101718,0.12760240515745247,0.724072953101718,0.663974020718996,33.323731048063486,33.62679905130173,2419.049907647819,-6.460142036745753,0.6263602047134693,0.04471159645061209,-0.6461142036745754
C,0.2,1,0.8437005593794003,0.25525822413037597,0.9445519886597596,0.25525822413037597,0.8437005593794003,23.54573744929331,39.74082394215317,1849.794077510562,-15.457059368054477,0.5879827668824613,0.08422791885586102,-1.5458059368054475
C,0.2,1,0.9394932153855362,0.4473501635853241,0.1367032830486814,0.4473501635853241,0.9394932153855362,41.62769808986826,55.2056362124887,3028.820948752694,-8.182052878030364,0.5902249767551586,0.09683010608382256,-0.8183052878030364
C,0.2,1,0.9795247687441798,0.11498530218474312,0.9016878881983127,0.11498530218474312,0.9795247687441798,51.31813874341658,56.955092962245715,3965.2345875453425,-0.44981808660646616,0.6157575498916016,0.04472941037808677,-0.045081808660646615
C,0.2,1,0.5623271745566916,0.5359939084398543,0.7442716076228425,0.5359939084398543,0.5623271745566916,44.086778145809866,47.189266427531415,3241.385327084055,-3.1244948047492387,0.6142380758554794,0.0656769608251491,-0.31254948047492387
C,0.2,1,0.03513926914535537,0.7070953998324278,0.1414802226585773,0.7070953998324278,0.03513926914535537,25.92612653483981,31.02671387011978,1053.8643511937369,-18.971923870488464,0.5942342115601051,0.06644126527647706,-1.8972923870488465
C,0.2,1,0.5098540604115713,0.5235384373473454,0.6201851817291479,0.5235384373473454,0.5098540604115713,45.816117552802595,48.11553837670465,3077.663537540563,-3.868935937029488,0.6089770537038142,0.07955019463634824,-0.3869935937029488
C,0.2,1,0.9515111045210318,0.5942740594353108,0.5223679289039465,0.5942740594353108,0.9515111045210318,12.545147199035572,12.589814849695758,1133.4346849997667,-14.83997096386821,0.6663335701370997,0.005987225137932746,-1.484097096386821
C,0.2,1,0.3864283486198065,0.1458837406121517,0.2560197757521936,0.1458837406121517,0.3864283486198065,20.230832485971987,60.82901272541079,667.9431652839444,-18.711003043663396,0.5199753424663074,0.28471031207032504,-1.8712003043663397
C,0.2,1,0.8437005593794003,0.25525822413037597,0.8840444413044555,0.25525822413037597,0.8437005593794003,20.295012639732057,39.74082394215317,1563.7114478527435,-17.369052336729585,0.5806711243730115,0.09463498887132486,-1.7370052336729587
C,0.2,1,0.709200481623477,0.9970173515146277,0.12170274980432416,0.9970173515146277,0.709200481623477,14.289420350830722,18.405712038113414,1262.519735134846,-17.118715856415164,0.6378258665851744,0.01514871875771275,-1.7119715856415165
C,0.2,1,0.8963954663934774,0.39611787438165547,0.9261023836861338,0.39611787438165547,0.8963954663934774,64.4070911427613,66.3233026137902,5653.5402429669775,12.133250061196685,0.6397308047301369,0.03317931085580149,0.019162114710289016
C,0.2,1,0.4628130271389148,0.7992364083637921,0.19282143411962493,0.7992364083637921,0.4628130271389148,37.814024676615766,45.07904296871465,2568.4422865599163,-8.839872861940574,0.5993356666711044,0.08252919217218897,-0.8840872861940573
C,0.2,1,0.13059486884405125,0.370624564783086,0.9102298346126119,0.370624564783086,0.13059486884405125,87.17870132287456,92.6906380913856,4168.599337241587,2.9004177681757897,0.5811863393532206,0.18939324295073104,0.055119367685110346
C,0.2,1,0.8659330586355286,0.387339661700262,0.6287398450829106,0.387339661700262,0.8659330586355286,54.434460473820224,72.10451311677181,4266.689074038825,-0.8728878038371616,0.6153764175305596,0.044757630349638665,-0.08738878038371616
C,0.2,1,0.4232633382373223,0.9792427685982255,0.724275613385984,0.9792427685982255,0.4232633382373223,28.052409121992973,36.561127009354564,2475.1256508468687,-9.389720553215327,0.6137853224840205,0.0518643003953924,-0.9390720553215326
C,0.2,1,0.96845941193193,0.38855763224500783,0.8747009156010235,0.38855763224500783,0.96845941193193,78.47936086285696,96.30355556434291,7041.040735413574,12.064747439551702,0.6423961301347269,0.029560603338435788,0.17824194701485951
C,0.2,1,0.05990594358857637,0.4725806065463352,0.6484261625172145,0.4725806065463352,0.05990594358857637,52.26748234536262,62.607157323205996,2238.876642956971,-9.062175815502027,0.5649728937260367,0.20314879963427995,-0.9063175815502026
C,0.2,1,0.7906623798466315,0.9733597727716974,0.554902913106363,0.9733597727716974,0.7906623798466315,28.906498562809603,33.49141096883158,2950.5926974765,-5.050395947007482,0.6338633822825134,0.026654408898514368,-0.5051395947007482
C,0.2,1,0.5533610143573625,0.40421934018291417,0.13717713733367065,0.40421934018291417,0.5533610143573625,25.70014717552715,29.14263217333122,1318.6346176687498,-16.97557495891504,0.6064414901652287,0.048257668080221756,-1.697657495891504
C,0.2,1,0.9312334124325009,0.16752797401522712,0.8218229668656366,0.16752797401522712,0.9312334124325009,25.583877969850615,32.11171441544835,1931.164323870903,-13.761099914489776,0.610525795982669,0.04549961149881841,-1.3762099914489776
C,0.2,1,0.6574976416909464,0.4757032082317705,0.2009880638925528,0.4757032082317705,0.6574976416909464,79.87926629801805,84.89722304920164,4927.332099965762,5.64525123278067,0.6103710211869647,0.08863271559597052,0.0501795675118359
C,0.2,1,0.8034618868915842,0.6021807681363078,0.21598212860605004,0.6021807681363078,0.8034618868915842,50.98442082505882,52.741378641028106,3858.5869260683216,1.690970165188259,0.6236016204402657,0.04895176351043522,0.017569578159692865
C,0.2,1,0.7709027507527939,0.8163839266372914,0.9920850101518832,0.8163839266372914,0.7709027507527939,19.505412465975475,21.1890425141504,2031.8097503201664,-9.88094703392595,0.6480075629823424,0.016105250546306297,-0.9881947033925951
C,0.2,1,0.2868817370846963,0.5311870057683513,0.9789904555906848,0.5311870057683513,0.2868817370846963,22.61629466556979,61.351619052594344,1478.6126027133216,-15.103239400075354,0.5402082609092095,0.24004884701608786,-1.5104239400075354
C,0.2,1,0.7703493769870566,0.7550043391230135,0.7182306413773022,0.7550043391230135,0.7703493769870566,56.11647603111051,72.20019561092015,5287.488076744267,4.69652747522617,0.6321908419395267,0.028911114438763284,0.16083719579809638
C,0.2,1,0.7723723279708968,0.2231753799351603,0.9307596331073184,0.2231753799351603,0.7723723279708968,16.755207034258806,63.743097791891365,1223.9071567184872,-16.06155544658496,0.5320066195535347,0.2769960579473247,-1.6062555446584963
C,0.2,1,0.8613089721762311,0.8212723205822479,0.7532839420780625,0.8212723205822479,0.8613089721762311,32.62892527698264,33.927448467027936,3359.512100153664,0.018035446451160654,0.6462973431534149,0.02130040757793857,0.0017035446451160654
C,0.2,1,0.7167541205118154,0.3848516444603845,0.8289608475409158,0.3848516444603845,0.7167541205118154,37.40258680939655,39.046961402521404,2835.2772642487216,-4.963387338846957,0.6214027983193335,0.051739151731039185,-0.4964387338846957
C,0.2,1,0.7906291260675455,0.7868929780074562,0.7556487943204764,0.7868929780074562,0.7906291260675455,38.76457391106747,42.81086784782728,3789.908698444032,0.35574285297088926,0.634754212401654,0.02586111638975076,0.035474285297088924
C,0.2,1,0.4753877384197449,0.6928969517495991,0.8124787240986985,0.6928969517495991,0.4753877384197449,72.52087555878519,83.33314012137032,5709.293142763303,8.64663916854286,0.6263283382835199,0.05589879878209875,0.10812264562585128
C,0.2,1,0.20850644111506078,0.46149537940832297,0.7835029262485517,0.46149537940832297,0.20850644111506078,20.104008163070294,25.955445686037027,1067.274834080962,-19.43870419820338,0.6072446693124033,0.0432419290635396,-1.943970419820338
C,0.2,1,0.8381845721918931,0.9398759853487213,0.9168362974384554,0.9398759853487213,0.8381845721918931,75.97764146409845,90.03789249925191,8496.118864315053,19.843345179803546,0.656830633252797,0.017568016512289276,0.14060251035153457
C,0.2,1,0.22751648451023687,0.8324470922923426,0.3109213055686252,0.8324470922923426,0.22751648451023687,6.222592518465653,12.562678813363487,378.15448588946384,-25.85901006062495,0.6378954478491133,0.009276911958944839,-2.586001006062495
C,0.2,1,0.8795872844522964,0.6213207614256147,0.46048349163348123,0.6213207614256147,0.8795872844522964,8.913569120506228,79.4546528884923,771.5361663110118,-15.501354253864655,0.5140073878725699,0.43288508882202786,-1.5502354253864654
C,0.2,1,0.9765688748470014,0.19012529466832856,0.7999976575871068,0.19012529466832856,0.9765688748470014,22.731910677918723,86.2181984632177,1780.69626486391,-11.413480119582053,0.5371188077975609,0.40280578209946183,-1.141448011958205
C,0.2,1,0.6708026578901923,0.6997304800422747,0.9004588188044746,0.6997304800422747,0.6708026578901923,31.36352159347644,42.920093796003236,2855.2762734962585,-8.103595601348081,0.6082742896457398,0.059308228082688236,-0.810459560134808
C,0.2,1,0.6362834743162662,0.4167700180153525,0.8117377046864965,0.4167700180153525,0.6362834743162662,30.9039762829938,44.972024700948744,2254.32507692809,-12.226373824414347,0.5886845028854287,0.09466498952561521,-1.2227373824414347
C,0.2,1,0.6398483790146979,0.5887346260298755,0.40169385140824254,0.5887346260298755,0.6398483790146979,16.604824233982633,36.689227721553024,1186.7716377438023,-19.695808337260633,0.5791780760965369,0.08957774410758523,-1.9696808337260634
C,0.2,1,0.4852679951394423,0.8525788551839448,0.6962939944828334,0.8525788551839448,0.4852679951394423,45.19179047733326,48.877674560730334,3809.6540352610773,0.6239774759669615,0.6250456922915815,0.046166935160810704,0.03685884083397077
C,0.2,1,0.9501110857528725,0.5448430874977904,0.30269921351207263,0.5448430874977904,0.9501110857528725,6.197730003833354,6.252653386200407,510.1673166385893,-21.750282304750584,0.6869994580717762,0.001325192733777484,-2.1751282304750585
C,0.2,1,0.8105927035272044,0.8284473796389685,0.9830062905571719,0.8284473796389685,0.8105927035272044,23.952181429518035,24.799787254893026,2551.557897556998,-5.207946230505401,0.650532408349199,0.018535005015112373,-0.5208946230505401
C,0.2,1,0.7906510559269357,0.45703314101568837,0.6834569501797445,0.45703314101568837,0.7906510559269357,27.72378452798271,30.150464051193932,2203.2267222737087,-9.571656696401876,0.6261692594322442,0.03535918603528496,-0.9572656696401876
C,0.2,1,0.21422015697907637,0.7593926635068717,0.8195330164410202,0.7593926635068717,0.21422015697907637,30.208846218876545,33.927448467027936,2089.5146701633034,-11.019341754562838,0.6118350611580868,0.057967386637466506,-1.1020341754562837
C,0.2,1,0.547081829360019,0.424320249469487,0.7378150742071604,0.424320249469487,0.547081829360019,25.865532854349542,30.40487161203974,1733.391120295893,-14.16952936512153,0.6117578383497204,0.04679485135736499,-1.417052936512153
C,0.2,1,0.9917145023624541,0.39611787438165547,0.9261023836861338,0.39611787438165547,0.9917145023624541,18.765884760862697,20.492440928225424,1736.673387694063,-11.884298927625304,0.6449846754734182,0.015578929278594163,-1.1885298927625303
C,0.2,1,0.7684127094784163,0.641933105981817,0.8166886061918989,0.641933105981817,0.7684127094784163,12.23085620647295,24.737803713504675,1112.2068662096956,-20.289371902429558,0.6092705999607974,0.03585689990574884,-2.029037190242956
C,0.2,1,0.8365652187153194,0.7536004845560739,0.3987227694116141,0.7536004845560739,0.8365652187153194,32.4325608311578,34.06028726742089,2901.9473069912615,-3.6799381709927523,0.6353283368383601,0.03111065183341847,-0.36809381709927524
C,0.2,1,0.4306801745895432,0.533792748158588,0.8798750166544741,0.533792748158588,0.4306801745895432,25.830562916115095,28.295456166803458,1813.835599997031,-12.947196551799623,0.6198507008142006,0.04030826639072089,-1.2948196551799622
C,0.2,1,0.8510121531454568,0.5087198604203311,0.9019169805641054,0.5087198604203311,0.8510121531454568,46.28105270068146,56.80248898469406,4190.033131660269,-0.19206681672886097,0.6188636772314281,0.03127489325329431,-0.019306681672886097
C,0.2,1,0.2227128770074296,0.9476234978441425,0.8545343324586794,0.9476234978441425,0.2227128770074296,55.68908375667717,56.25721328307609,4448.453870460946,5.487084984086306,0.6242473509893866,0.06126824225618348,0.005681295263989199
C,0.2,1,0.6839248239449164,0.370624564783086,0.6960537764555446,0.370624564783086,0.6839248239449164,52.47607726123047,55.79391539525081,3680.085053715011,-0.6205305711931998,0.6121334557111908,0.06666275437859569,-0.062153057119319975
C,0.2,1,0.534922423332149,0.9970173515146277,0.7837527634483926,0.9970173515146277,0.534922423332149,55.815283192316386,58.11870948503153,5368.917179448127,10.94450481730113,0.6423641192427366,0.03196610174862547,0.023034262927151446
C,0.2,1,0.21171491298658995,0.28902918573497505,0.5473659640708157,0.28902918573497505,0.21171491298658995,8.542170777615269,8.776440065193208,330.76441893180566,-26.307614319066413,0.6572391225941032,0.0038375965620034294,-2.6308614319066415
C,0.2,1,0.9605001823834644,0.7565690278344309,0.5366815747613565,0.7565690278344309,0.9605001823834644,25.02749633564304,25.206865299394295,2484.4920719823676,-4.289814979467914,0.6518819439821569,0.018615371082957053,-0.4290814979467914
C,0.2,1,0.9197011862172996,0.7180466603809349,0.6042270794926006,0.7180466603809349,0.9197011862172996,62.2663837742732,68.35755684001845,6039.407677551123,11.459588881731383,0.6473168962402567,0.023728185208077644,0.06091173065745245
C,0.2,1,0.6667880251954947,0.8808100641515394,0.15252767264929723,0.8808100641515394,0.6667880251954947,37.506767341432635,41.01132422691467,3045.2905720389285,-4.375232632794885,0.6215063270582358,0.04681583467164835,-0.4376232632794886
C,0.2,1,0.6574976416909464,0.6256881774013873,0.9017363687596083,0.6256881774013873,0.6574976416909464,42.635270083048006,45.31358638797724,3696.5930388312627,0.26003312947939566,0.6289897466311308,0.039681754723333816,0.025903312947939565
C,0.2,1,0.8338860177735824,0.3459715558200175,0.7872322558252457,0.3459715558200175,0.8338860177735824,87.13915529660537,96.26368835815434,6855.558461533761,13.509018767581576,0.6308254745406152,0.04590527430324044,0.09124533061548973
C,0.2,1,0.71737212307121,0.8458723529662333,0.538079265147042,0.8458723529662333,0.71737212307121,48.86631267932229,56.44323018992491,4476.848408436836,2.651550917315023,0.6262069942374544,0.03168289994448517,0.0757691751060262
C,0.2,1,0.8034618868915842,0.8206894528455083,0.7627689337629265,0.8206894528455083,0.8034618868915842,41.96640243321205,43.412593202273506,4208.256137738543,4.95815284770151,0.6453649050199036,0.02391241682506009,0.014461907690614523
C,0.2,1,0.8351885760037525,0.8137808645780654,0.554902913106363,0.8137808645780654,0.8351885760037525,67.62851860692722,73.30023654825538,6514.049574333387,14.178202538832938,0.6467489386036704,0.025530968729724806,0.056717179413281686
C,0.2,1,0.5694162928860955,0.5311870057683513,0.29886142715807995,0.5311870057683513,0.5694162928860955,8.591173065837442,21.068060823242508,536.9629268640523,-24.688456581108028,0.6077101061371186,0.030774970864356033,-2.468945658110803
C,0.2,1,0.10652617868585057,0.3356677980586228,0.09180041422513718,0.3356677980586228,0.10652617868585057,20.44914297437803,31.169798984010367,499.05538753275044,-23.699413083684117,0.5792740235110746,0.07746009426784971,-2.3700413083684118
C,0.2,1,0.9129342380978014,0.8907348502724481,0.6788931845860127,0.8907348502724481,0.9129342380978014,72.82816628614084,77.61745454379142,7803.959258088976,21.205416053685646,0.6552466195692829,0.018162251986587285,0.04789288257650583
C,0.2,1,0.9041738051946837,0.33549033981226895,0.9193361260786144,0.33549033981226895,0.9041738051946837,18.03343255432399,18.212451728435624,1532.2396380596347,-12.255032782277064,0.6508928077199827,0.013529857502198737,-1.2256032782277064
C,0.2,1,0.8738485585897502,0.8963994854080047,0.8084378016145607,0.8963994854080047,0.8738485585897502,20.10141611255219,23.049246941175213,2185.493244025803,-9.189030006918689,0.645071451318217,0.01692795605558655,-0.9190030006918688
C,0.2,1,0.7627159767894595,0.754907690283006,0.1912991648472867,0.754907690283006,0.7627159767894595,34.66356022173159,63.743097791891365,2796.08972190085,-9.414962067461767,0.5731612926240492,0.16907609419638367,-0.9415962067461766
C,0.2,1,0.4249939871828782,0.7718725745847583,0.8677880550124251,0.7718725745847583,0.4249939871828782,71.4081987217124,72.20019561092015,5822.483811320192,13.50774633746546,0.6283096827949695,0.05275268801922594,0.00791996889207752
C,0.2,1,0.610239681574898,0.21459996495281863,0.2634001810953016,0.21459996495281863,0.610239681574898,23.864436336636654,28.805233536801623,1141.3640829449137,-18.973791474888255,0.6016133481800788,0.049606910036190166,-1.8974791474888257
C,0.2,1,0.6861819449710114,0.5603720081699326,0.389154438128999,0.5603720081699326,0.6861819449710114,50.00869648362758,52.62199637287639,3603.454569195823,-0.6322416969805624,0.6159292911981324,0.060456819080276766,-0.06332416969805624
C,0.2,1,0.524244537521086,0.1349796999870399,0.8842172008768994,0.1349796999870399,0.524244537521086,40.42355227649013,42.228785577653035,2225.9892774274313,-9.680694877601777,0.5987934287219217,0.08800005726799481,-0.9681694877601776
C,0.2,1,0.3977155439769829,0.540011173032179,0.8410489899635349,0.540011173032179,0.3977155439769829,15.854127310116889,26.60817748449767,1076.6943817012377,-19.96451711245607,0.6044058779610895,0.04404526603359527,-1.996551711245607
C,0.2,1,0.5786535959016552,0.22443425090453695,0.7490551598995215,0.22443425090453695,0.5786535959016552,31.2875113666872,40.393999810498194,1842.232802510654,-14.303992073774022,0.5893537737598955,0.08707982721673829,-1.430499207377402
C,0.2,1,0.9051752147132305,0.8859932252750938,0.9263385433782609,0.8859932252750938,0.9051752147132305,85.51580784202402,90.03789249925191,9639.075528141868,29.645658037961496,0.658227471482852,0.016369134830137945,0.04522084657227893
C,0.2,1,0.650910273875054,0.6086701653796256,0.7660973779835025,0.6086701653796256,0.650910273875054,51.16781832421913,51.1734775904334,4202.487440409191,5.18643835065625,0.6319090554732393,0.045380327501021556,5.659266214273373e-05
C,0.2,1,0.8302698135585689,0.9256208454236006,0.6553155388991975,0.9256208454236006,0.8302698135585689,27.03436308664448,28.41015761409921,2816.370236141595,-3.5970402677495352,0.6468527880017776,0.020833010106073475,-0.3598040267749535
C,0.2,1,0.677975610121787,0.8525788551839448,0.9509215354444791,0.8525788551839448,0.677975610121787,24.466627708351947,27.45131301399083,2454.0213941889124,-7.676222863144943,0.6377776626901098,0.02522683017217662,-0.7677222863144944
C,0.2,1,0.8578070142190596,0.6575932434308727,0.707364956624042,0.6575932434308727,0.8578070142190596,84.10264830287505,89.19727852704848,7859.74039957918,20.376730348516325,0.6444471422926542,0.027859979573239844,0.050946302241734284
C,0.2,1,0.7444515225259739,0.9671524319462868,0.5600210182525931,0.9671524319462868,0.7444515225259739,30.51054799250879,66.12757828648674,3038.2624337099214,-8.337970621934659,0.5784996999330227,0.1655798341730374,-0.8338970621934658
C,0.2,1,0.07245914102158135,0.8874974981244543,0.8123086543060303,0.8874974981244543,0.07245914102158135,5.908123260047051,6.818373130463207,403.5575987898388,-26.73569558530659,0.6696892647152038,0.0019859056290561583,-2.6736695585306594
C,0.2,1,0.9135328958553242,0.5788192097932838,0.8928764070274239,0.5788192097932838,0.9135328958553242,22.790720246197306,24.771848409500784,2209.321377607841,-8.633394053756884,0.6418183803357521,0.020509329810964694,-0.8634394053756884
C,0.2,1,0.9078340557965761,0.5044725989027481,0.217204063984906,0.5044725989027481,0.9078340557965761,12.586136858920247,38.97941231100466,957.1182440311682,-21.192764511031367,0.5676421375129888,0.11157560437697639,-2.119376451103137
C,0.2,1,0.6334694570735147,0.7100585931240552,0.9543563696944819,0.7100585931240552,0.6334694570735147,14.540181855617748,17.40075060759733,1323.669988160433,-16.601487651749355,0.6425103703198753,0.013694788514650573,-1.6602487651749356
C,0.2,1,0.6777878509780049,0.7712702569422075,0.6886031204737652,0.7712702569422075,0.6777878509780049,29.85574581965798,31.354146978851116,2677.1045207862203,-5.429742762944252,0.6349446712428645,0.032344862811635615,-0.5430742762944252
C,0.2,1,0.7141524536802373,0.6785654066717213,0.8188149879871874,0.6785654066717213,0.7141524536802373,55.00536414156977,73.13310799257076,4956.328067226628,2.8653117864069233,0.6273148000710375,0.03426189613069791,0.18127743851000985
C,0.2,1,0.7442577254583418,0.9731527383878587,0.966272779224362,0.9731527383878587,0.7442577254583418,49.43630929210493,83.21530347465674,5439.345742966842,3.376197939531334,0.631571663937008,0.019768807799865916,0.3375197939531334
C,0.2,1,0.41412467004289866,0.6451309012118568,0.46961245504800175,0.6451309012118568,0.41412467004289866,43.50535744663062,49.16847581301477,2814.9310556949786,-6.601980936717508,0.5988999039677823,0.09310699149351374,-0.6602980936717509
C,0.2,1,0.29210445214664116,0.3602571956449254,0.9261023836861338,0.3602571956449254,0.29210445214664116,66.73658018438304,69.08932338333199,3721.941920548355,0.5418180430008646,0.5956249345723735,0.13396184891982732,0.02352743198948943
C,0.2,1,0.7316951956112602,0.045197856827795535,0.5223679289039465,0.045197856827795535,0.7316951956112602,33.62804041191623,38.72210540152775,1745.4247937346486,-14.55593717582295,0.5922268392339269,0.07938459585983258,-1.4556937175822948
C,0.2,1,0.6583161407590522,0.9970173515146277,0.7025794091315601,0.9970173515146277,0.6583161407590522,19.272499487865876,24.824245289118778,1933.632226671414,-12.486856179127663,0.6312989823936266,0.024574762525540982,-1.2487856179127663
C,0.2,1,0.8991182497835867,0.693103901295694,0.8183526667076566,0.693103901295694,0.8991182497835867,66.66849744826193,70.14970287864928,6671.5114876192,16.611297788232307,0.6497851210737755,0.02263708579911972,0.034812054303873484
C,0.2,1,0.8602967656117317,0.370624564783086,0.46030900611484993,0.370624564783086,0.8602967656117317,57.44011951640711,65.4741163226678,4196.218524801548,0.3023289324309987,0.6158232518758583,0.05339443246838787,0.030132893243099867
C,0.2,1,0.7653972559381386,0.6497769498085348,0.3449298775123207,0.6497769498085348,0.7653972559381386,5.237435596023481,10.733197450670545,415.75788845297035,-25.220453835998843,0.648861532847528,0.005708435718199537,-2.5221453835998844
C,0.2,1,0.7988018083864227,0.6844395918362547,0.7393989595545468,0.6844395918362547,0.7988018083864227,76.94338639663127,92.85475406275303,7128.57730499751,13.122522350233034,0.642988693662974,0.029802572174250915,0.15911367666121762
C,0.2,1,0.7145793523859195,0.8223992191959266,0.001755989041378192,0.8223992191959266,0.7145793523859195,28.935006561831845,36.49003127745297,2224.8944915666525,-11.736710585595569,0.6075164159189784,0.05483569086310165,-1.1737710585595569
C,0.2,1,0.5529583952390864,0.7040297674097541,0.8670887885292834,0.7040297674097541,0.5529583952390864,1.832942971651267,13.122739699278746,154.93248842711066,-28.084391685700364,0.629302502227205,0.011469759437040102,-2.8085391685700367
C,0.2,1,0.3193263159931952,0.9996914801843528,0.25551505567421284,0.9996914801843528,0.3193263159931952,90.17060531287055,96.26368835815434,6522.83033590629,14.139810318591495,0.6189366478091293,0.07089092246390624,0.06093083045283791
C,0.2,1,0.5095910877441303,0.9664803889761084,0.43345425759517686,0.9664803889761084,0.5095910877441303,47.02893546890626,48.984049648913356,3980.5258190376203,2.563264739627526,0.6300227569902133,0.04393537701434778,0.019551141800070938
C,0.2,1,0.71737212307121,0.8458723529662333,0.9643773923843012,0.8458723529662333,0.71737212307121,32.04283712184599,32.12281686762769,3277.0740990686822,0.06747619449696111,0.6484645951839985,0.024590291767345313,0.0007997974578169931
C,0.2,1,0.3919962974839115,0.8463021365678722,0.925337710707401,0.8463021365678722,0.3919962974839115,54.42803745229363,71.47630796128163,4629.015566644403,2.1480397471581885,0.6232090645774334,0.04847587255888577,0.17048270508988003
C,0.2,1,0.7336749190962341,0.9983973779390749,0.45313655116247364,0.9983973779390749,0.7336749190962341,21.526384107519377,27.03398935444181,2108.122464735773,-11.283266632408392,0.6293437721589985,0.0270887604762506,-1.128426663240839
C,0.2,1,0.7726705998370337,0.6021807681363078,0.849536407309841,0.6021807681363078,0.7726705998370337,15.269676820543033,27.31638396164076,1373.980462934383,-18.331170313632693,0.6080159512687658,0.040867129584413145,-1.8332170313632694
C,0.2,1,0.9872131950624002,0.1917472493789959,0.6384429570036023,0.1917472493789959,0.9872131950624002,21.64133872579873,23.61108166033674,1621.133123364111,-13.238605271178347,0.6323253174938128,0.02327563091007947,-1.3239605271178347
C,0.2,1,0.5659496343817922,0.8463021365678722,0.925337710707401,0.8463021365678722,0.5659496343817922,50.37198798669675,62.53810738561645,4722.173963208153,3.272544630203213,0.6253804996100679,0.034103759574902824,0.12166119398919698
C,0.2,1,0.7371884538475788,0.543161142669098,0.753592675752422,0.543161142669098,0.7371884538475788,45.34133168073741,48.06188303137115,3756.860172734672,0.44653958899005086,0.626220600273036,0.04211223223553146,0.02720551350633741
C,0.2,1,0.9105539299202872,0.5311870057683513,0.9583981875270954,0.5311870057683513,0.9105539299202872,47.13909909075269,78.23751503533417,4527.569119786999,-0.6132936934038268,0.6194891878782786,0.02563587613180159,-0.06142936934038268
C,0.2,1,0.5811471032862426,0.5968849491914575,0.8359101038946883,0.5968849491914575,0.5811471032862426,41.060837753291636,48.39775454997093,3276.6283775571237,-4.3187989691213415,0.6111076228087687,0.06158070724965692,-0.4319798969121342
C,0.2,1,0.4060701569470668,0.7091414117726865,0.7556487943204764,0.7091414117726865,0.4060701569470668,31.30827871206544,33.664902091510456,2337.21930734543,-8.88788175833878,0.6192206090184672,0.04994393596177189,-0.888888175833878
C,0.2,1,0.7166755166758142,0.37542441962177037,0.5342009812225191,0.37542441962177037,0.7166755166758142,75.71446953423767,83.33314012137032,5145.556965705625,5.867162903405024,0.6182834247309242,0.06996843079182963,0.07618670587132655
C,0.2,1,0.7699893638705093,0.7713209785025258,0.933708259213878,0.7713209785025258,0.7699893638705093,68.01014517838011,95.07475808308222,6828.777864071154,10.09901039649281,0.6478444946832065,0.02487423141825965,0.270646129047021
C,0.2,1,0.08447149464348458,0.24290004023159928,0.63833051421455,0.24290004023159928,0.08447149464348458,0.22357948130925465,11.365396094144225,7.227618029938262,-29.494151195794785,0.6341663342295814,0.008548498458567129,-2.9495151195794787
C,0.2,1,0.3030784882167603,0.9639792344927745,0.6877528961689375,0.9639792344927745,0.3030784882167603,69.46981237403689,79.89435165792167,5595.564729599208,8.660781359851105,0.6262490883131974,0.05692980380230396,0.10424539283884783
C,0.2,1,0.4050747737217911,0.7330721424111638,0.10522867867117136,0.7330721424111638,0.4050747737217911,17.415547385013276,22.484486206818282,1036.8879534425132,-19.616486701242124,0.6174882726381984,0.02928986041662793,-1.9617486701242126
C,0.2,1,0.6093067972856685,0.1349796999870399,0.4977665341874341,0.1349796999870399,0.6093067972856685,57.7422273370376,67.04606243975158,2867.3917159159096,-6.7781631265302575,0.5798964999261037,0.17121905043781668,-0.6779163126530258
C,0.2,1,0.7783443092545584,0.7176059969679629,0.6553155388991975,0.7176059969679629,0.7783443092545584,31.22401787958245,35.05806284805164,2847.0185580068614,-5.708102470695943,0.6283513450008136,0.03462944212922266,-0.5709102470695944
C,0.2,1,0.5150157030982003,0.7994501347581396,0.9140686017857533,0.7994501347581396,0.5150157030982003,42.51930475676245,51.216903805462074,3766.1477138062455,-1.3366185093080467,0.61876413797661,0.04119723837583946,-0.13376185093080467
C,0.2,1,0.8552257283320625,0.5369457379454565,0.6735181684708738,0.5369457379454565,0.8552257283320625,67.14241455333287,89.19727852704848,5804.228587823145,6.118261511676775,0.6379248146796885,0.03456140256164541,0.22054863973715613
C,0.2,1,0.8820690767063143,0.9671524319462868,0.5600210182525931,0.9671524319462868,0.8820690767063143,28.47312546578043,38.3331479203671,3031.294519398769,-6.904736847871971,0.6215705993060677,0.034096225987513544,-0.690573684787197
C,0.2,1,0.6735400451819801,0.5474218495140607,0.6582494847814214,0.5474218495140607,0.6735400451819801,65.76287411609216,94.56783476462346,5096.907619188633,2.9227731943001154,0.6279195835528667,0.051656801716837175,0.2880496064853129
C,0.2,1,0.9876888165137805,0.9192629160135931,0.9684170835815629,0.9192629160135931,0.9876888165137805,18.907229303118452,19.658550907291524,2260.5107803520486,-6.377339815738617,0.6618074744636017,0.01094745172451991,-0.6378339815738617
C,0.2,1,0.71737212307121,0.8458723529662333,0.9376323928057089,0.8458723529662333,0.71737212307121,30.10470526353062,32.12281686762769,3058.7293810713495,-2.8600769907526855,0.6412961295436177,0.025769723399152657,-0.28610769907526856
C,0.2,1,0.1761451411435493,0.6460629674953554,0.5597659060016964,0.6460629674953554,0.1761451411435493,40.80840004170378,41.54344622031134,2248.728646289053,-9.424942798228544,0.5993146169671637,0.09176481865258423,-0.9425942798228544
C,0.2,1,0.4758362722189305,0.48262499613990184,0.798788485316094,0.48262499613990184,0.4758362722189305,26.929661707853707,32.2276799546547,1828.3294779914695,-13.568862444982525,0.6091419694616984,0.05255914407975979,-1.3569862444982523
C,0.2,1,0.23837879720373006,0.7579597040250187,0.7556596327721089,0.7579597040250187,0.23837879720373006,29.93721148408558,54.520718635485075,2056.9383769582223,-12.830743215405645,0.565979305017125,0.15895552327983029,-1.2831743215405644
C,0.2,1,0.7832390880254835,0.7260247114519086,0.8054701979095924,0.7260247114519086,0.7832390880254835,40.613566042844646,40.91035458356089,3882.654676766095,3.8003158983731593,0.6445970142260173,0.02781593900034651,0.002967885407162427
C,0.2,1,0.9311087336675522,0.7731734949396183,0.724980045187855,0.7731734949396183,0.9311087336675522,22.978477842234803,73.13310799257076,2374.5640189585088,-10.686711402716314,0.5573822074083223,0.26872770833127857,-1.0687711402716313
C,0.2,1,0.485815415869166,0.1458837406121517,0.7633715496157959,0.1458837406121517,0.485815415869166,25.966205119700923,28.980425087173835,1315.68804955349,-17.099642831439702,0.60608239361501,0.049755353983539675,-1.7100642831439703
C,0.2,1,0.573760932291919,0.9550552949264326,0.8875028597716557,0.9550552949264326,0.573760932291919,16.128409917482987,16.903995545193624,1590.7189881872616,-13.578148791311138,0.6519949943103278,0.012101862485991315,-1.3579148791311138
C,0.2,1,0.9461772067982193,0.8053847242616874,0.7600413516895173,0.8053847242616874,0.9461772067982193,30.095303183421727,36.13972279103129,3207.5312407652177,-4.301227493721648,0.6327194028222756,0.022799185242282857,-0.43022274937216487
C,0.2,1,0.5708520199623378,0.9875150371099982,0.8239305172743677,0.9875150371099982,0.5708520199623378,46.85422859570576,47.21802553740378,4615.920036488008,7.82047336599503,0.6444859765685836,0.02945526218161391,0.0036379694169801978
C,0.2,1,0.5350301135141192,0.7180466603809349,0.5975285240632957,0.7180466603809349,0.5350301135141192,4.223623387356227,19.13660422682125,327.7196046399567,-26.38214266158873,0.6094787821094408,0.02688633760221469,-2.638314266158873
C,0.2,1,0.7369420783497128,0.7517668734689529,0.7371730806552321,0.7517668734689529,0.7369420783497128,20.040921842542218,58.11870948503153,1861.095689830481,-14.276620511902182,0.5515606261039658,0.19942750622728583,-1.4277620511902183
C,0.2,1,0.7251181923370059,0.8971219128398985,0.9536512383778742,0.8971219128398985,0.7251181923370059,43.709304513905046,52.691174618532244,4587.4351470503625,3.1585714458273815,0.6322749630482518,0.02276133655005632,0.08981870104627199
C,0.2,1,0.3919962974839115,0.8463021365678722,0.0247021337170078,0.8463021365678722,0.3919962974839115,12.04055030277971,15.81196239565163,752.9254113428328,-21.778427554777288,0.6346858120706803,0.013712604796861547,-2.177942755477729
C,0.2,1,0.5256077236929155,0.8124777567212523,0.5366815747613565,0.8124777567212523,0.5256077236929155,43.71398529639884,53.6422846165539,3511.164712506639,-3.436859412426508,0.6083537379704228,0.06139774076492593,-0.3437859412426508
C,0.2,1,0.9744357156438428,0.9943419942642651,0.9077871774674597,0.9943419942642651,0.9744357156438428,8.213241051028957,14.091690026545894,994.8991681577388,-19.960721560269356,0.6467799454139034,0.008615454397417663,-1.9961721560269357
C,0.2,1,0.10000342105541404,0.370624564783086,0.03675701729067471,0.370624564783086,0.10000342105541404,87.17870132287456,92.6906380913856,2131.547556377618,-7.314822698647923,0.5462471308899861,0.41460704298255024,-0.7315822698647924
C,0.2,1,0.9229030634051345,0.5265960252510756,0.9386931062085107,0.5265960252510756,0.9229030634051345,35.16594516590177,35.62582163514152,3373.9010309989053,0.7278950741265444,0.6446583252180919,0.025433485441514754,0.004598764692397523
C,0.2,1,0.979555407954017,0.5594271053709194,0.3059907529740393,0.5594271053709194,0.979555407954017,28.498131985130176,33.927448467027936,2410.9104609891588,-9.897819150661583,0.6190654997483102,0.03846924142979661,-0.9898819150661582
C,0.2,1,0.5765531822916186,0.1403910072433291,0.8841489228969007,0.1403910072433291,0.5765531822916186,42.6752852944328,45.31358638797724,2473.072579614257,-8.286157881077628,0.5984609802998291,0.0918210824442215,-0.8287157881077627
C,0.2,1,0.6951723532968047,0.8463021365678722,0.3103940310839648,0.8463021365678722,0.6951723532968047,7.970850467796186,27.28514041298784,676.1957431283564,-23.585370234930128,0.5914903967769491,0.05446625501295137,-2.3586370234930127
C,0.2,1,0.6574794924108468,0.4782112779463491,0.7473011747386958,0.4782112779463491,0.6574794924108468,32.438931271801316,33.55679890503859,2448.071028448932,-7.241641500984381,0.6245677368918392,0.044639189203143886,-0.7242641500984381
C,0.2,1,0.26263828967394987,0.8198804957944791,0.29886142715807995,0.8198804957944791,0.26263828967394987,59.87147466526286,65.40742857366013,3687.9316610551905,-0.426490643686647,0.6046249000414686,0.10553709332327398,-0.0427490643686647
C,0.2,1,0.6717760933437014,0.9421149132084369,0.45313655116247364,0.9421149132084369,0.6717760933437014,61.64725912134562,77.61745454379142,5672.9635133980955,6.681663514891999,0.6377405454355977,0.031921505520671384,0.15970195422445804
C,0.2,1,0.1421142867541998,0.7215905083622282,0.4667002126785924,0.7215905083622282,0.1421142867541998,9.610545383418033,39.382767041602904,527.1647959270719,-22.96280013090688,0.5590600568859987,0.1269218411223436,-2.296380013090688
C,0.2,1,0.8925641666244318,0.3698121955677297,0.6209235507719619,0.3698121955677297,0.8925641666244318,9.696203749555398,11.118131845243207,762.5279523514457,-19.967069630820724,0.6604400625275902,0.005003034138105111,-1.9968069630820726
C,0.2,1,0.7371884538475788,0.543161142669098,0.06991925846194202,0.543161142669098,0.7371884538475788,53.19585430761597,57.71399498507114,3498.449897116752,-2.4716952806865726,0.6047137584367795,0.07520586471694764,-0.24726952806865726
C,0.2,1,0.7018069333896496,0.8367503245926253,0.9234498452520201,0.8367503245926253,0.7018069333896496,32.66788414109559,37.515971406170635,3267.2493262804755,-3.1470896443451553,0.6321621559474252,0.029376900154644024,-0.3148089644345155
C,0.2,1,0.8244814562569177,0.18565275951941373,0.9809819704704877,0.18565275951941373,0.8244814562569177,30.49108274283543,31.663677503916933,2287.7843585013998,-8.250070101696135,0.6260119972566575,0.0397127337192162,-0.8251070101696134
C,0.2,1,0.5708520199623378,0.9875150371099982,0.389154438128999,0.9875150371099982,0.5708520199623378,41.890573764269526,47.21802553740378,3671.5920752082084,-1.002365323624435,0.6241198885760455,0.03848546791704435,-0.10033653236244348
C,0.2,1,0.8205732838267115,0.8142941640731772,0.8481216906752024,0.8142941640731772,0.8205732838267115,13.017502256921212,21.003976816454234,1340.105185202898,-17.834875099177342,0.6275867031957182,0.020958175220103504,-1.7835875099177343
C,0.2,1,0.8409579623358647,0.6973369478107146,0.18500346569204396,0.6973369478107146,0.8409579623358647,6.801584578331962,13.024509919955396,554.6000648687007,-23.9771959659623,0.6408650294792521,0.008722069942413856,-2.39781959659623
C,0.2,1,0.524244537521086,0.9441101674645858,0.7758239507444,0.9441101674645858,0.524244537521086,20.05279344679181,34.07515475329347,1861.1666161689159,-14.729531684084249,0.6025432352893044,0.057777471774533386,-1.4730531684084247
C,0.2,1,0.5455507903311693,0.5409084721365809,0.9648571785512288,0.5409084721365809,0.5455507903311693,40.20941753582921,42.81086784782728,3154.2033348819537,-3.391108497825043,0.6198744489762816,0.05642949207155993,-0.33921084978250426
C,0.2,1,0.9529716788252198,0.5888231831020864,0.958048027167266,0.5888231831020864,0.9529716788252198,7.351774416917577,11.479738487116686,742.8302255102735,-21.76720590371486,0.6540301391484857,0.005632761818856687,-2.176820590371486
C,0.2,1,0.5327883753797125,0.7520365367532242,0.3109213055686252,0.7520365367532242,0.5327883753797125,37.060523268226994,42.16140903061815,2668.8868345753585,-7.6289835260907015,0.6084157696915747,0.06677680716701906,-0.7629983526090702
C,0.2,1,0.9412783817328263,0.793459599095062,0.6558705027633994,0.793459599095062,0.9412783817328263,91.16231305766898,95.85917339237275,9401.90314651822,27.61029245839832,0.6528722860760681,0.01975122275915067,0.046968603347037716
C,0.2,1,0.6337638384070953,0.9671524319462868,0.877561814927073,0.9671524319462868,0.6337638384070953,56.62864150936067,57.787993463456885,5775.2640135124475,14.188047196873814,0.6476893454032265,0.025928252888016076,0.011593519540962162
C,0.2,1,0.8638922261800822,0.7042296688224684,0.3126680264269788,0.7042296688224684,0.8638922261800822,70.7987800835234,96.43995164449316,6104.468730476002,7.0936873812232735,0.6393124407413773,0.033227589084844446,0.25641171560969767
C,0.2,1,0.969743488821403,0.930914062460811,0.5363721437163335,0.930914062460811,0.969743488821403,2.0232660841246815,17.978324140041586,219.40738722350125,-27.370883939143837,0.6109564107789414,0.02419870205593934,-2.737188393914384
C,0.2,1,0.987860243000774,0.6467796696879033,0.4816114905919828,0.6467796696879033,0.987860243000774,28.288318785644247,29.412419239954808,2652.660231911132,-4.413174389680077,0.6425458460550498,0.023574940028588637,-0.4414174389680078
C,0.2,1,0.48331467491038677,0.8458723529662333,0.607487140630617,0.8458723529662333,0.48331467491038677,34.386868248442916,34.47269875621852,2807.5684669438465,-4.317755791495113,0.63048517302477,0.04385777139954777,-0.43187557914951136
C,0.2,1,0.7045125676743227,0.9298364678782489,0.30862690597291087,0.9298364678782489,0.7045125676743227,7.904406509497805,9.459483226456294,706.9157708851213,-21.097923418928495,0.6665676318932146,0.003509636023256532,-2.1098923418928495
C,0.2,1,0.43780825373104304,0.3998591424667352,0.8054701979095924,0.3998591424667352,0.43780825373104304,40.613566042844646,40.91035458356089,2518.8584328294182,-6.968074770267924,0.6092124921990753,0.07673950460936901,-0.6969074770267925
C,0.2,1,0.7834900967628711,0.22749477470634538,0.05419733644605462,0.22749477470634538,0.7834900967628711,1.0494466377058147,29.695025286922593,54.47066401938879,-27.176350306669253,0.572088809761432,0.08040196856404763,-2.7177350306669252
C,0.2,1,0.5534236198471684,0.7617743935739318,0.3986584866027808,0.7617743935739318,0.5534236198471684,55.00536414156977,73.13310799257076,4165.356162917667,-0.846217141806079,0.6137779372266583,0.05709024487608928,-0.0847217141806079
C,0.2,1,0.8520261034968533,0.1667195407395824,0.7052001479838124,0.1667195407395824,0.8520261034968533,84.83452454159493,88.91725011552384,5816.87309940267,10.392927471392888,0.6203484898111719,0.06482657498233328,0.040827255739289116
C,0.2,1,0.7418369639765852,0.370624564783086,0.6545983603441595,0.370624564783086,0.7418369639765852,6.892009645338819,10.6563809398097,496.14223464687416,-24.137127517306013,0.6520925545507267,0.005315045358366937,-2.4138127517306014
C,0.2,1,0.534922423332149,0.8868267361716011,0.7773112946548069,0.8868267361716011,0.534922423332149,4.767245202881075,12.500705688800773,431.5321815319328,-25.473840414642627,0.6392543874681385,0.008831432187356303,-2.547484041464263
C,0.2,1,0.8275382949099136,0.6885641075590291,0.8840444413044555,0.6885641075590291,0.8275382949099136,27.76013502058929,27.95440648620816,2717.8901962492105,-3.520200820178091,0.6472919687859293,0.02340155932486296,-0.3521200820178091
C,0.2,1,0.528855050770706,0.9414440410761231,0.7763433197789674,0.9414440410761231,0.528855050770706,50.65357032368605,54.213684091262834,4706.90894587945,6.321713990202129,0.6361534108789689,0.03514651297232887,0.03560113767576787
C,0.2,1,0.6206854683187966,0.8097115848165556,0.807283483395842,0.8097115848165556,0.6206854683187966,41.898111731399766,42.22342719102089,3842.138117282313,2.936283983354461,0.6396589393928075,0.03456562709753245,0.0032531545962112317
C,0.2,1,0.5241828955438413,0.9637734097532165,0.9643329543842375,0.9637734097532165,0.5241828955438413,1.6347381032088073,11.263954006082555,161.03173902674072,-28.093828537290776,0.6384368558159556,0.007759358321369817,-2.8094828537290777
C,0.2,1,0.8794937928106529,0.5940289503458676,0.9441177694091926,0.5940289503458676,0.8794937928106529,26.56509281019891,34.88596766668445,2584.227825697422,-9.377978278621175,0.6188556003517615,0.03945273549478667,-0.9378978278621174
C,0.2,1,0.4628130271389148,0.39175803657036534,0.8323425973016667,0.39175803657036534,0.4628130271389148,54.038098655466996,54.33143544058986,3433.42505714485,-0.6545457928960199,0.6083585007250741,0.09429591603266714,-0.06555457928960198
C,0.2,1,0.7251181923370059,0.8048220201043355,0.7465563753708275,0.8048220201043355,0.7251181923370059,58.425201536287474,70.43105651091096,5559.795929748814,7.185811021768171,0.6376504769668396,0.029074315287796214,0.1200585497462349
C,0.2,1,0.32919775662269957,0.9733597727716974,0.8630431052789304,0.9733597727716974,0.32919775662269957,38.31889564111073,38.613712260143544,3322.399768894432,-1.3864784226956273,0.6313379195419401,0.0469176897169671,-0.13874784226956272
C,0.2,1,0.8613089721762311,0.8462597544467646,0.5617295470658276,0.8462597544467646,0.8613089721762311,8.062169477785671,33.927448467027936,801.5543936781752,-22.411002349753044,0.5765351377137955,0.0862755853762382,-2.2412002349753046
C,0.2,1,0.6262695731326259,0.6983225925257521,0.9386931062085107,0.6983225925257521,0.6262695731326259,57.43545882743633,75.92425611006209,5151.7846710217555,3.9954264029330413,0.6304786697045555,0.03705850975946993,0.1848879728262576
C,0.2,1,0.5066688109367005,0.6256881774013873,0.9772093794968582,0.6256881774013873,0.5066688109367005,1.4202056134283398,45.31358638797724,115.10494371853463,-24.16687863962945,0.536885510098154,0.1866043610410144,-2.416787863962945
C,0.2,1,0.8210062853458541,0.12913006882120237,0.29886142715807995,0.12913006882120237,0.8210062853458541,19.35772688671708,22.27259325070475,1064.2559495528637,-18.639639512896647,0.6212116708396102,0.026006793292059138,-1.8640639512896648
C,0.2,1,0.3830531434550743,0.7475005099348393,0.9686541748056932,0.7475005099348393,0.3830531434550743,26.335317851287833,33.07330663996031,2126.419880035025,-11.407214513743131,0.6139142529569601,0.049800441070532143,-1.1408214513743131
C,0.2,1,0.7453638231607722,0.40040005910890264,0.21598212860605004,0.40040005910890264,0.7453638231607722,48.99059188176118,52.741378641028106,3071.1098453641216,-4.879898808334189,0.6012224230161775,0.08703039035041081,-0.4880898808334189
C,0.2,1,0.843186449677771,0.24050192089047573,0.8992023326287761,0.24050192089047573,0.843186449677771,60.93897062704778,62.53810738561645,4671.854302542529,6.576196464059452,0.628671169979148,0.0495035797553217,0.01599136758568669
C,0.2,1,0.7018069333896496,0.5968849491914575,0.7819885900791557,0.5968849491914575,0.7018069333896496,1.7095396118814103,45.62460010181296,144.42927261455247,-23.987745890213144,0.5367576342460478,0.18800545076883768,-2.3988745890213146
C,0.2,1,0.38656436397784133,0.761383673177092,0.30616840639327203,0.761383673177092,0.38656436397784133,56.04078874440148,63.743097791891365,3645.543646559884,-1.5866139869575013,0.6034502787300088,0.0917023955522915,-0.15876139869575012
C,0.2,1,0.685203138022693,0.3698121955677297,0.8641010281267824,0.3698121955677297,0.685203138022693,22.56404815154147,23.91218952715314,1677.7112695486742,-13.064689902084979,0.6313490173143375,0.026487813640531856,-1.3065689902084978
C,0.2,1,0.8697100951121292,0.3431613301983609,0.753592675752422,0.3431613301983609,0.8697100951121292,64.14771294179678,67.73112069926025,5098.677567286434,7.504010917963052,0.6321509808252467,0.043553922637774,0.03583407757463462
C,0.2,1,0.7260218371146204,0.7044247317360306,0.6091920628721289,0.7044247317360306,0.7260218371146204,14.60467502972676,15.998332807382521,1266.986666995979,-15.945098606501016,0.6493504116576013,0.011017291773608552,-1.5946098606501016
C,0.2,1,0.7502688729654977,0.5990900287593164,0.63833051421455,0.5990900287593164,0.7502688729654977,12.271399724216026,13.444091908526573,1023.756345126994,-17.896764132533722,0.6547095376803301,0.007749316870542659,-1.7897764132533722
C,0.2,1,0.24262896277249207,0.505307138124716,0.2564059922546067,0.505307138124716,0.24262896277249207,51.988947275854926,55.477013482419416,2277.477466076123,-8.908647654877164,0.5750418357649035,0.15929927389046766,-0.8909647654877164
C,0.2,1,0.6103179411610575,0.796010010511686,0.5268280552479738,0.796010010511686,0.6103179411610575,51.744531175867515,66.59200972512443,4320.000795168719,0.24082107055689408,0.6173939523796621,0.04342157897258992,0.023982107055689407
C,0.2,1,0.3030784882167603,0.06025164629087654,0.9198775222151324,0.06025164629087654,0.3030784882167603,85.51580784202402,90.03789249925191,3520.125233987252,-0.7864364016088818,0.5729928535756033,0.23754103472977398,-0.07874364016088818
C,0.2,1,0.4887578536607531,0.6997304800422747,0.10181211452803585,0.6997304800422747,0.4887578536607531,42.72036313202366,45.06261197119269,2647.368922295275,-6.67234022288093,0.6044470440778232,0.08300155026999893,-0.667334022288093
C,0.2,1,0.22751648451023687,0.7906326665628055,0.7378281232126375,0.7906326665628055,0.22751648451023687,24.69856832706459,28.102474333524796,1712.9237766159458,-13.89816949742019,0.6173460007325106,0.04243361338285488,-1.389916949742019
C,0.2,1,0.43580923118513576,0.8171556024936258,0.9538427302300155,0.8171556024936258,0.43580923118513576,45.57467026472792,53.351079119935655,3941.9496552764804,0.2045884738693497,0.6200638701723151,0.04548115262041335,0.02035884738693497
C,0.2,1,0.06588402317880371,0.018884606580236274,0.968465005703584,0.018884606580236274,0.06588402317880371,74.24852679074445,95.85917339237275,2112.374791930965,-8.240499283562528,0.5448341336030621,0.430360525647203,-0.8241499283562528
C,0.2,1,0.4852679951394423,0.49309118423995685,0.7190960399164954,0.49309118423995685,0.4852679951394423,58.49717190263043,63.268255158289286,3913.1893714710577,0.6813735142117517,0.6107413485327872,0.0822807384456859,0.04771083255658858
C,0.2,1,0.3309767028694677,0.8859103210511364,0.4489348428399803,0.8859103210511364,0.3309767028694677,75.59518485510627,77.14283676668437,5447.972786862569,10.851001846837704,0.6183539933925688,0.07228055847436192,0.015476519115781002
C,0.2,1,0.1761451411435493,0.9598813734058878,0.9490424088095933,0.9598813734058878,0.1761451411435493,33.06621868105302,33.125483156495854,2662.7361535605905,-6.673679038174387,0.625697890811776,0.048543602305106154,-0.6674679038174387
C,0.2,1,0.6908211120479314,0.7517173139527915,0.7756359135952938,0.7517173139527915,0.6908211120479314,46.20700832633666,51.78642944767283,4228.764631006387,2.143771765333935,0.6286619377458326,0.03316930736406988,0.05579421121336168
C,0.2,1,0.9876888165137805,0.3298663112044772,0.7260138464271033,0.3298663112044772,0.9876888165137805,53.80579641227743,57.25426976509216,4521.198978531817,4.2675042055710035,0.6288432727398838,0.034525774434888024,0.0344847335281473
C,0.2,1,0.895130825717073,0.9862083401970836,0.9050633485570597,0.9862083401970836,0.895130825717073,0.4652346376412713,56.955092962245715,54.2898777319287,-21.999377778056022,0.5118416171194092,0.2876203416116489,-2.200037777805602
C,0.2,1,0.9737377394357879,0.7260247114519086,0.8982325001582013,0.7260247114519086,0.9737377394357879,20.44554432700665,20.59495261237022,2196.7497366988564,-6.3945930627174015,0.6587159984538687,0.01326554717470119,-0.6395593062717402
C,0.2,1,0.36049755518804505,0.3602571956449254,0.9261023836861338,0.3602571956449254,0.36049755518804505,21.607415235265776,22.82806269970113,1278.9493280688187,-17.23050383077818,0.6225609286486413,0.03016434757539396,-1.723150383077818
C,0.2,1,0.5095349198266416,0.9298364678782489,0.30862690597291087,0.9298364678782489,0.5095349198266416,39.07556171102659,44.1720235051946,3113.706517018113,-4.517601546126844,0.6157633646976632,0.05663922324452005,-0.4518601546126845
C,0.2,1,0.873866769632949,0.5468910093577536,0.8188149879871874,0.5468910093577536,0.873866769632949,71.33573214415111,73.13310799257076,6527.808984656747,16.87516539620954,0.6428263657521112,0.029616202007186763,0.01797375848419648
C,0.2,1,0.6614208518897433,0.9578114950301225,0.7680501684758445,0.9578114950301225,0.6614208518897433,22.507670891742045,38.90793966160734,2254.4329485968046,-12.656337441126528,0.599939315558854,0.06679792783455249,-1.2657337441126528
C,0.2,1,0.7503674386493221,0.6880173190846969,0.6545983603441595,0.6880173190846969,0.7503674386493221,10.340898705797025,33.03261775166134,912.9379374169886,-21.724563295296456,0.581438375145673,0.07803068837733586,-2.1725563295296455
C,0.2,1,0.2748015853994549,0.8097115848165556,0.7261792318530726,0.8097115848165556,0.2748015853994549,64.32648047542557,64.8259397039423,4655.95961794851,6.795047184803768,0.6173945829019654,0.07501022114123687,0.004994592285167272
C,0.2,1,0.485815415869166,0.1458837406121517,0.7633715496157959,0.1458837406121517,0.485815415869166,85.49742862881095,91.89823748515012,4332.09029182061,2.6568976084043014,0.5905203135494101,0.15044658865391644,0.06400808856339169
C,0.2,1,0.700902477339526,0.7180466603809349,0.7284445465887591,0.7180466603809349,0.700902477339526,25.048849805649436,31.64975725789493,2233.319642611936,-11.027257529186038,0.6194342683393808,0.039082900494433394,-1.1028257529186036
C,0.2,1,0.534922423332149,0.8105065552609058,0.9212396289527032,0.8105065552609058,0.534922423332149,49.87465340632393,53.282061321006935,4503.802879462314,5.076335183845979,0.6333873181537386,0.0383395742393286,0.034074079146830055
C,0.2,1,0.7261053617458776,0.6875161759189218,0.6905109783179786,0.6875161759189218,0.7261053617458776,46.879785427887995,52.691174618532244,4122.788880577041,1.2119436880108914,0.6250833810714158,0.03583394866005988,0.05811389190644249
C,0.2,1,0.2610889699814074,0.8536604736865462,0.9993201337130511,0.8536604736865462,0.2610889699814074,17.760157949757424,27.518299441328274,1433.608395125266,-16.85601336877176,0.611004860844058,0.042232667548276814,-1.685701336877176
C,0.2,1,0.7889484371100564,0.5265960252510756,0.9872114898954898,0.5265960252510756,0.7889484371100564,10.612470925145418,29.47507463260174,959.9776987143132,-21.54663039204314,0.5918236186581953,0.058905723468760295,-2.1547630392043144
C,0.2,1,0.5989332202899487,0.8835254002112995,0.9093176045094055,0.8835254002112995,0.5989332202899487,71.44751307191885,71.47630796128163,6920.111119209878,20.6421473985594,0.6433981300353293,0.030576583915529882,0.00028794889362785623
C,0.2,1,0.6283277979958046,0.8739231016388063,0.8920650349689473,0.8739231016388063,0.6283277979958046,44.075947274961344,48.90145172555842,4293.621858481114,3.2317808344037258,0.6346597321430326,0.0295016168669848,0.04825504450597073
C,0.2,1,0.4995529327049357,0.9733597727716974,0.994820596105675,0.9733597727716974,0.4995529327049357,52.73367857937396,53.830177670124904,5195.11899828349,10.637579481246584,0.6432078192213778,0.03134152878876404,0.010964990907509459
C,0.2,1,0.8613089721762311,0.7676581888286342,0.8219709084825915,0.7676581888286342,0.8613089721762311,30.47298066474567,33.927448467027936,3108.1718300696816,-3.445295791143178,0.6375206192795353,0.024226239167624564,-0.3446295791143178
C,0.2,1,0.7336749190962341,0.793615984462806,0.8373664078408606,0.793615984462806,0.7336749190962341,32.29437831797426,32.962725192070174,3142.2012011962156,-1.3726342968917193,0.6431552970727491,0.027516357972470352,-0.13736342968917192
C,0.2,1,0.8034618868915842,0.679608800923687,0.21598212860605004,0.679608800923687,0.8034618868915842,6.972813891325943,30.70176857850506,554.7088743563925,-24.20696489605827,0.579387713641368,0.07454547419916761,-2.420796489605827
C,0.2,1,0.5121088491494319,0.9569448722122851,0.7662364364628171,0.9569448722122851,0.5121088491494319,32.33725370787963,34.27078696743544,2994.70769606192,-3.6256802798169616,0.6341416271128552,0.03570042116518901,-0.3626680279816962
C,0.2,1,0.6292619938848478,0.872832885991926,0.6352408992654623,0.872832885991926,0.6292619938848478,41.31723276717911,41.61575692895511,3759.280091967412,2.524883173272076,0.6393992994706932,0.03448079976556902,0.0029852416177600107
C,0.2,1,0.5094311426173554,0.9141660409612049,0.29886142715807995,0.9141660409612049,0.5094311426173554,48.74122152111606,54.18113333836596,3833.5650597126987,-0.12535643981313066,0.6172726917498105,0.05251511197712942,-0.012635643981313066
C,0.2,1,0.8998541827072978,0.5968849491914575,0.8359101038946883,0.5968849491914575,0.8998541827072978,20.874938343931472,23.757392238098763,1998.4561517635757,-10.869242283462263,0.6385680576152208,0.02030723855771903,-1.0870242283462264
C,0.2,1,0.43511577473974117,0.7092374221973388,0.8319881255517165,0.7092374221973388,0.43511577473974117,54.24728905879488,57.50221188630022,4232.230441487313,3.3367674246352723,0.6220412272279906,0.05846179873828275,0.032549228275053466
C,0.2,1,0.6269799694480824,0.8855360462365344,0.7240369457846612,0.8855360462365344,0.6269799694480824,22.877864954006753,35.261899783225836,2144.267344064576,-12.796649960644318,0.6065803742953328,0.05456498640047768,-1.2797649960644317
C,0.2,1,0.8295618054554479,0.5933743825056098,0.7981877226755444,0.5933743825056098,0.8295618054554479,25.72808392801426,27.51548759032144,2343.8671013862127,-7.762885500254765,0.6372778531677045,0.025985214284350654,-0.7763885500254766
C,0.2,1,0.931232546736537,0.540011173032179,0.63833051421455,0.540011173032179,0.931232546736537,5.182658906361089,9.397370828970164,463.95395150176006,-24.399132899976163,0.6584924243061774,0.0038120906362918154,-2.4400132899976166
C,0.2,1,0.9034866924883207,0.797054480198837,0.8848957663165931,0.797054480198837,0.9034866924883207,24.156523063222647,25.458449817019673,2588.358227588222,-5.019300918384167,0.6497710539383352,0.017905175270098307,-0.5020300918384167
C,0.2,1,0.5972817453498503,0.7372334765058879,0.8788746752596285,0.7372334765058879,0.5972817453498503,40.18910726312042,42.81086784782728,3564.6784846425935,-0.4227214540663467,0.6302394380037435,0.03860269239354448,-0.04237214540663467
C,0.2,1,0.7192416040707053,0.7639930643400139,0.389154438128999,0.7639930643400139,0.7192416040707053,52.72192847648092,55.477013482419416,4422.873916422896,4.5904405509762425,0.6300851083467979,0.03962359998005684,0.02755085005938497
C,0.2,1,0.6908775763993383,0.826896484047628,0.3109213055686252,0.826896484047628,0.6908775763993383,33.132368055740784,34.51917327446241,2771.9114181210307,-4.6824603450370175,0.6307759685273984,0.03813756466037699,-0.46834603450370177
C,0.2,1,0.7649532500798962,0.9476576825014948,0.9213822416275194,0.9476576825014948,0.7649532500798962,31.825248962911285,33.440169021130295,3458.293946045349,0.4118661518922475,0.6482293909171433,0.020050743875844733,0.016149200582190097
C,0.2,1,0.8218566598154942,0.39676084691077046,0.775148040013018,0.39676084691077046,0.8218566598154942,37.08454374980067,39.04283503018487,2978.2439971840336,-4.0398855537809535,0.6251371158739917,0.044262858409546954,-0.4040885553780954
C,0.2,1,0.5092150705411513,0.78340682681203,0.7249439587920533,0.78340682681203,0.5092150705411513,74.24852679074445,95.85917339237275,6144.414102450533,8.362001859978701,0.6308143081198758,0.04793730481671593,0.21610646601628303
C,0.2,1,0.6474677870837238,0.6963333167611637,0.7310749815276891,0.6963333167611637,0.6474677870837238,7.964596409278893,30.187414464580915,680.7096016431267,-23.294764641014048,0.5838954151165446,0.0686808006822829,-2.3295764641014047
C,0.2,1,0.6910660087019554,0.38992890887030085,0.9969431112694436,0.38992890887030085,0.6910660087019554,75.59518485510627,77.14283676668437,5970.003000726213,13.605343700146541,0.6288584049589334,0.050318198776099166,0.015476519115781002
C,0.2,1,0.8387853735924975,0.9316567546622743,0.8768580857247351,0.9316567546622743,0.8387853735924975,2.104449213300645,11.635128295362307,232.4228599169969,-27.422127522500542,0.6383305612374727,0.00808541220825922,-2.7423127522500543
C,0.2,1,0.9575053373684822,0.8458723529662333,0.0839512905203581,0.8458723529662333,0.9575053373684822,10.552435871739224,11.50904636312428,973.6486367282598,-16.895137185029583,0.666323618286186,0.00502101240050998,-1.6896137185029585
C,0.2,1,0.17101102887803454,0.9620266517261685,0.48908682117043134,0.9620266517261685,0.17101102887803454,21.13874179694416,21.180974356930516,1456.0165495502856,-16.04615279486672,0.6306837614276573,0.02514494354980039,-1.6047152794866721
C,0.2,1,0.8890023278619826,0.8766247395186646,0.8249105378320243,0.8766247395186646,0.8890023278619826,0.05452623407277719,23.501740696116645,5.938131364934652,-28.27938261933027,0.5885036877936481,0.04876629617020124,-2.828038261933027
C,0.2,1,0.1761451411435493,0.9933016987434963,0.5597659060016964,0.9933016987434963,0.1761451411435493,36.985393665726015,40.82343281644234,2680.201647071195,-6.6228240273656676,0.6115491265068825,0.06994610457652842,-0.6623824027365668
C,0.2,1,0.7832390880254835,0.7260247114519086,0.8054701979095924,0.7260247114519086,0.7832390880254835,38.19258598788961,40.91035458356089,3651.2091168560783,0.27979534808207873,0.6363323230866202,0.02781593900034651,0.027177685956712806
C,0.2,1,0.605966169056124,0.9298364678782489,0.9391361234253582,0.9298364678782489,0.605966169056124,47.15368624105476,50.021370336691774,4728.031036050393,6.99642369521336,0.6427870562763038,0.02782390345699814,0.028676840956370173
C,0.2,1,0.9792348260000839,0.7653694723927833,0.8841488702148677,0.7653694723927833,0.9792348260000839,11.129521091786595,11.664719331802509,1216.83435427264,-14.927612012896144,0.670532382619652,0.004737039243696349,-1.4928612012896143
C,0.2,1,0.6907840768877664,0.7727687298301026,0.507091293710497,0.7727687298301026,0.6907840768877664,25.3696362161334,25.56576858216847,2178.108155721761,-7.924765967873007,0.6407423648531224,0.025558329548331645,-0.7925765967873007
C,0.2,1,0.5205558437388711,0.8167417707923877,0.7995424038462979,0.8167417707923877,0.5205558437388711,64.36028426490724,69.08932338333199,5589.912140735582,10.504663938188614,0.6344926788229426,0.04230443747158184,0.047290391184247514
C,0.2,1,0.534922423332149,0.5086116009789099,0.7025794091315601,0.5086116009789099,0.534922423332149,12.560530362182277,29.174293527729162,875.9862898224919,-21.872789962119036,0.5914651872731594,0.05887742817716052,-2.187378996211904
C,0.2,1,0.6206854683187966,0.7629823661805277,0.5698271465932627,0.7629823661805277,0.6206854683187966,39.24338322714317,40.04143930106958,3274.0389815911367,-1.2079658221086187,0.630707943325554,0.04354090659469172,-0.12089658221086186
C,0.2,1,0.13059486884405125,0.8735986985329389,0.968790577683399,0.8735986985329389,0.13059486884405125,12.502557311030024,43.88908133760856,930.5583743717401,-20.128772054643594,0.5583897197501674,0.14212559864751423,-2.0129772054643595
C,0.2,1,0.7261053617458776,0.9462305372134651,0.6905109783179786,0.9462305372134651,0.7261053617458776,20.40540276125052,43.15018737430834,2058.488244109254,-14.359972327889182,0.5849278327297348,0.09594136491800351,-1.436097232788918
C,0.2,1,0.5856534580055918,0.9535778152222242,0.7982666182072403,0.9535778152222242,0.5856534580055918,40.598183307936424,43.5448278712814,3934.7040315551635,2.079277184098511,0.6371083931359283,0.030410135205055658,0.029466445633449752
C,0.2,1,0.21775191708461583,0.9508093343214431,0.5975285240632957,0.9508093343214431,0.21775191708461583,45.86329138405254,68.35755684001845,3364.818878902402,-4.961987853375785,0.5922992406261212,0.12838773047735808,-0.49629878533757854
C,0.2,1,0.9229030634051345,0.9217556755518203,0.25401782016019114,0.9217556755518203,0.9229030634051345,37.439257441386495,42.38958750703438,3690.88863505757,-0.967591866373373,0.6328992717417848,0.021626958414112853,-0.09685918663733731
C,0.2,1,0.49796153761294826,0.7997928257360312,0.8585459180200733,0.7997928257360312,0.49796153761294826,19.830178977316827,71.47630796128163,1712.3630450547766,-13.142529515466098,0.5418342359962852,0.3014671885909899,-1.3143529515466097
C,0.2,1,0.3947347929665038,0.8556031124608184,0.7148643917949928,0.8556031124608184,0.3947347929665038,39.63325990956568,45.31358638797724,3186.0585150317647,-3.9748527019282003,0.6150398344847328,0.06074609467947027,-0.39758527019282003
C,0.2,1,0.8062101335233496,0.600465724287937,0.9462128281377148,0.600465724287937,0.8062101335233496,7.2783138748357885,7.567966668198545,684.0822695547796,-20.787607321720248,0.679414490307434,0.00198337656686092,-2.078860732172025
C,0.2,1,0.6217102411437141,0.9733597727716974,0.9552920275860438,0.9733597727716974,0.6217102411437141,72.38799073791924,73.30023654825538,7501.987430804742,23.190937326795204,0.6485274327231222,0.025242051459618536,0.009122458103361453
C,0.2,1,0.6493158332268439,0.7945168737987646,0.8010780683857033,0.7945168737987646,0.6493158332268439,40.882108128879175,42.76286566029217,3770.0902477171126,1.466879532422601,0.6358680284277157,0.03343178624939867,0.01880757531412996
C,0.2,1,0.7823554339488412,0.6169339081449393,0.744079683892892,0.6169339081449393,0.7823554339488412,34.34916632970974,37.98772815930905,3042.1840383633385,-4.450168385298487,0.6268520192786069,0.03754116212023954,-0.44511683852984874
C,0.2,1,0.6292619938848478,0.7288197312227255,0.5132864835215585,0.7288197312227255,0.6292619938848478,18.405735283649584,18.538719908452123,1486.010014803937,-13.606415435607806,0.6461214630668888,0.015544995662007934,-1.3607415435607806
C,0.2,1,0.5930887513680223,0.6816145449223563,0.753592675752422,0.6816145449223563,0.5930887513680223,19.42853066814261,20.594273124103594,1604.3105645415942,-13.57802233563301,0.6396486553537409,0.01929736268615328,-1.3579022335633009
C,0.2,1,0.6632007856660131,0.6386803890157301,0.3784420158601548,0.6386803890157301,0.6632007856660131,64.32156281789766,78.23751503533417,4795.501135338525,2.749909099825234,0.6253557945322605,0.05597541440605604,0.1391595221743651
C,0.2,1,0.6801701078064566,0.24050192089047573,0.28700847853979095,0.24050192089047573,0.6801701078064566,61.6214085494646,62.53810738561645,3278.8020288514203,-1.4434944845292343,0.5981522895163408,0.12331707456872802,-0.14444944845292343
C,0.2,1,0.513089105396392,0.547004674625992,0.764090150219179,0.547004674625992,0.513089105396392,20.648485470903488,58.45317615689135,1488.8991598608975,-15.677708898076165,0.5426355988095267,0.220090561969731,-1.5678708898076166
C,0.2,1,0.2591556003520968,0.6654165679387103,0.11295142300225036,0.6654165679387103,0.2591556003520968,53.577949395887,54.06522262821477,2628.126682921719,-5.967603156709346,0.5876329126173375,0.13791769412317118,-0.5968603156709347
C,0.2,1,0.38401458555604007,0.6252197662021668,0.24753088323755623,0.6252197662021668,0.38401458555604007,80.36856123671448,83.33314012137032,4552.878163760153,4.99985905386222,0.5996552694759186,0.12026896025703875,0.02964578884655836
C,0.2,1,0.9841810521880805,0.8061092104484479,0.8508029077512604,0.8061092104484479,0.9841810521880805,85.51580784202402,90.03789249925191,9473.833353320906,28.606118949075732,0.6581545216567366,0.01601704336730646,0.04522084657227893
C,0.2,1,0.9514032726831992,0.9666482350344814,0.7238660910740317,0.9666482350344814,0.9514032726831992,25.832201842262226,28.297251488225882,2944.8510588457693,-3.205388873757661,0.6490886895900387,0.015997019169666286,-0.32063888737576607
C,0.2,1,0.7906291260675455,0.7868929780074562,0.000495116948229235,0.7868929780074562,0.7906291260675455,19.95663196271989,36.97391523565546,1574.3484238718736,-17.49073224077986,0.5870885599336979,0.0789257408909261,-1.749173224077986
C,0.2,1,0.9537549165449253,0.9618965326706139,0.9249643727516292,0.9618965326706139,0.9537549165449253,8.10417932754338,8.51541261488406,963.6410723847515,-17.5902872606341,0.6812251805521498,0.002344718127003961,-1.75912872606341
C,0.2,1,0.915379068874103,0.540011173032179,0.63833051421455,0.540011173032179,0.915379068874103,18.160075396987658,20.186843814220122,1611.3030829112627,-13.139951213108242,0.6425849869696035,0.015998004480927388,-1.314095121310824
C,0.2,1,0.22751648451023687,0.8128354340608097,0.6695205317364865,0.8128354340608097,0.22751648451023687,12.930259423025253,15.605223530581663,889.0278640281484,-21.00505604721202,0.6374092883640691,0.013594743675326855,-2.100605604721202
C,0.2,1,0.06588402317880371,0.7454677093849741,0.7490551598995215,0.7454677093849741,0.06588402317880371,28.631019488526206,29.53680118058185,1697.646685380759,-14.248977774863555,0.611850507837049,0.05212574742728343,-1.4249977774863554
C,0.2,1,0.9600480410449719,0.5849583940479529,0.04250723777099752,0.5849583940479529,0.9600480410449719,21.704641159460483,21.73416540829522,1699.7556216999446,-9.822415828534242,0.6462814638932052,0.018410367222638835,-0.9823415828534241
C,0.2,1,0.5104731129389044,0.6399017335392516,0.8729977806963917,0.6399017335392516,0.5104731129389044,50.33332570703099,58.92170423981305,3993.631632580706,0.049716743731372436,0.6135464368610547,0.054116016012824744,0.004871674373137244
C,0.2,1,0.4852679951394423,0.6053797101013136,0.21090543442991305,0.6053797101013136,0.4852679951394423,29.26948333661887,89.86691343157453,1750.4620691995135,-11.117413217498795,0.5351613389619788,0.42638197837610653,-1.1118413217498795
C,0.2,1,0.9876888165137805,0.8338390927310402,0.9283006551506359,0.8338390927310402,0.9876888165137805,21.895291619587653,22.310868560365265,2502.279577186093,-4.26664000183581,0.6595870488148367,0.013382984041674898,-0.42676400018358107
C,0.2,1,0.8919382621804006,0.5448430874977904,0.5597659060016964,0.5448430874977904,0.8919382621804006,21.91599965658285,28.936181610535566,1881.1207133990933,-13.978686640149206,0.617323562564436,0.03562547065779994,-1.3979686640149205
C,0.2,1,0.23837879720373006,0.9862083401970836,0.3698873466859415,0.9862083401970836,0.23837879720373006,32.71479324534429,36.48912316025799,2305.625452321271,-9.333373625015888,0.6118219548634067,0.06151787569359312,-0.9334373625015887
C,0.2,1,0.6443499707974626,0.2705672310479119,0.20000731616179723,0.2705672310479119,0.6443499707974626,8.455054771736444,10.118463504616942,429.0605729827245,-23.757840332713325,0.6559743932927877,0.004793697335513345,-2.3758840332713325
C,0.2,1,0.71737212307121,0.9354899766229949,0.9608800037005193,0.9354899766229949,0.71737212307121,54.8481546560082,54.985057061038745,5850.384179674904,15.768411329186105,0.6518096815841945,0.02191049662794474,0.0013690240503054696
C,0.2,1,0.3900370210630134,0.14063264811801302,0.8695148827673241,0.14063264811801302,0.3900370210630134,28.860387494874857,35.69829331464023,1393.1300254477153,-16.906652552566822,0.589947373847962,0.07900628867311617,-1.6907652552566823
C,0.2,1,0.0629785537738119,0.3507041407852852,0.7633715496157959,0.3507041407852852,0.0629785537738119,19.926715456199673,21.82823136957262,792.454058595459,-22.02937917459519,0.6120748608704123,0.03347908495034795,-2.203037917459519
C,0.2,1,0.6274664953803173,0.7780292983348902,0.7486511419647333,0.7780292983348902,0.6274664953803173,43.53270279829171,46.178832374112375,3874.021725171472,1.5311595367550088,0.6316762765527544,0.03708271432703994,0.02646129575820666
C,0.2,1,0.6769622870728161,0.513525436355386,0.8920686031673358,0.513525436355386,0.6769622870728161,34.3399828898114,73.13310799257076,2809.9069168853566,-8.745273497312242,0.5708635630862612,0.22306196648465548,-0.8746273497312241
C,0.2,1,0.6206854683187966,0.8097115848165556,0.8352081284193161,0.8097115848165556,0.6206854683187966,28.899028453964508,29.909936593697307,2670.271843655583,-5.270578121083662,0.6381104088945859,0.0303614537571087,-0.5271578121083662
C,0.2,1,0.7327876954632493,0.9936277819901342,0.5693602203852898,0.9936277819901342,0.7327876954632493,41.44240073075805,45.49647967046536,4167.231462554304,2.8589223851133267,0.6381752652979507,0.02434625088711872,0.0405407893970731
C,0.2,1,0.6630749311962578,0.12207557261713609,0.9335234998252009,0.12207557261713609,0.6630749311962578,68.47937249257679,69.8542111455311,4286.508277546183,4.143957553753645,0.610004577265017,0.0904050453328947,0.013748386529543098
C,0.2,1,0.520224205980147,0.9970173515146277,0.8149907607174227,0.9970173515146277,0.520224205980147,50.49611856647525,65.04231764187298,4859.587231156207,3.5085887950329555,0.6270358655555462,0.03231870741189151,0.1454619907539773
C,0.2,1,0.4172133582181001,0.8430871793395578,0.6545983603441595,0.8430871793395578,0.4172133582181001,83.76447922745238,92.6906380913856,6649.223178864092,13.729512297067455,0.626599173377134,0.055599941605080055,0.0892615886393321
C,0.2,1,0.5856534580055918,0.892878170881799,0.1388047682818203,0.892878170881799,0.5856534580055918,27.59807811965198,30.243085631797552,2136.0001907810715,-10.061456913761807,0.6242094161791585,0.038011025165662925,-1.0062456913761806
C,0.2,1,0.47126365479546023,0.9684125050346581,0.6201244203557476,0.9684125050346581,0.47126365479546023,6.107629445243283,14.6317323655915,534.3376795066399,-24.527187544681336,0.632213508060941,0.012584683748504511,-2.452818754468134
C,0.2,1,0.7261053617458776,0.755584192712336,0.847579534678341,0.755584192712336,0.7261053617458776,7.953544143881021,50.710070411498506,757.7656950583981,-20.323972712717026,0.5392287876298462,0.20094320091793952,-2.0324972712717027
C,0.2,1,0.2255103860058426,0.9733597727716974,0.23171504800472265,0.9733597727716974,0.2255103860058426,21.50887445821633,26.39994641791269,1413.915633782728,-16.366482166324097,0.6150665582157571,0.03914149746114457,-1.6367482166324099
C,0.2,1,0.5121478287855056,0.8518021793636336,0.7273405648436209,0.8518021793636336,0.5121478287855056,66.68986155444347,71.47630796128163,5760.7378998412005,11.330237245732263,0.6341320218896046,0.04281158706995756,0.047864464068381664
C,0.2,1,0.4141713927889086,0.5893816367268855,0.9017363687596083,0.5893816367268855,0.4141713927889086,67.0870060162202,71.30136238624283,4878.638236336614,6.670691645498994,0.6191076255289268,0.070619395735751,0.04214356370022628
C,0.2,1,0.6493158332268439,0.5624854099812889,0.8010780683857033,0.5624854099812889,0.6493158332268439,24.505408453605902,25.632765471599644,1975.5528531955683,-10.579813209378885,0.6334828483687084,0.028250900928034544,-1.0580813209378885
C,0.2,1,0.9015426172459344,0.7756011444198655,0.4442212661012368,0.7756011444198655,0.9015426172459344,66.87264764699668,69.53395760471722,6350.408496494049,15.452255580861264,0.646759891962045,0.025026742611311478,0.026613099577205333
C,0.2,1,0.5183956668319972,0.8962243861588114,0.29886142715807995,0.8962243861588114,0.5183956668319972,15.333472074338003,18.483276765919143,1199.116437602286,-17.61841268340661,0.6359689588243096,0.016747776701107202,-1.7619412683406612
C,0.2,1,0.6627751455385598,0.8519928586169109,0.15522355805796528,0.8519928586169109,0.6627751455385598,76.94611124928316,77.61745454379142,6126.371597401017,15.403546717463367,0.6310027069131359,0.046053413743352575,0.0067134329450826155
C,0.2,1,0.48898662913259683,0.6651836944947948,0.5643251276470198,0.6651836944947948,0.48898662913259683,28.974321404664575,29.73465427435399,2080.838536254617,-9.99009030330122,0.6245403799808591,0.041014213353737415,-0.9991090303301219
C,0.2,1,0.5416370293261404,0.15478851286718331,0.8359101038946883,0.15478851286718331,0.5416370293261404,14.583123797854409,14.882209258454832,812.5575081139956,-20.275750277234472,0.6422666786226581,0.011783078773437388,-2.0276750277234474
C,0.2,1,0.6205430542390085,0.7695826089582976,0.5699702096161667,0.7695826089582976,0.6205430542390085,45.1297639188222,45.455834278396644,3779.8676748980083,2.3771713449959684,0.6331582796396181,0.0429855731599537,0.0032607035957444453
C,0.2,1,0.39678557947929793,0.7300718089573324,0.753592675752422,0.7300718089573324,0.39678557947929793,43.25156251438273,45.84672442193458,3251.768657180219,-2.67427510509319,0.6165258950198085,0.06598469162649681,-0.267527510509319
C,0.2,1,0.7192416040707053,0.18703156498133489,0.389154438128999,0.18703156498133489,0.7192416040707053,39.69635479114152,46.803383691727355,2184.9873789320004,-11.89594941931631,0.585739680616805,0.10395273424805433,-1.189694941931631
C,0.2,1,0.9634805913469597,0.7233322008978085,0.8449871283777831,0.7233322008978085,0.9634805913469597,45.0108149610492,49.61390136966388,4747.079905280018,5.676637595768538,0.6418018671646981,0.018681201871755364,0.04603086408614679
C,0.2,1,0.3737953457761923,0.7427689322209781,0.29259910728053984,0.7427689322209781,0.3737953457761923,49.97336895229986,51.852810888930854,3155.4780097466446,-3.044972885845698,0.6047965109580976,0.09449044584849146,-0.3045972885845698
C,0.2,1,0.763784261809039,0.6711280577342962,0.9951755516827325,0.6711280577342962,0.763784261809039,32.5765085990714,42.81086784782728,3147.705298750301,-6.0895978131825945,0.6160166136450014,0.04503073929486358,-0.6090597813182594
C,0.2,1,0.06588402317880371,0.49339023531544307,0.9557428475530916,0.49339023531544307,0.06588402317880371,14.05570159402472,17.322727432418517,728.8905109764718,-22.8215324817763,0.625766416251079,0.019450763076120366,-2.28225324817763
C,0.2,1,0.8886495414420091,0.6563253534590879,0.63833051421455,0.6563253534590879,0.8886495414420091,49.70689133322888,52.290244916752926,4633.030598289446,6.121833611370299,0.6386734287052928,0.027257821934241238,0.02583353583524044
C,0.2,1,0.8638009832751647,0.7105091976526444,0.7471194412546303,0.7105091976526444,0.8638009832751647,43.124063739074295,45.31232362056983,4200.003289504378,4.117512791191905,0.6411800921893805,0.024829054160080286,0.02188259881495533
C,0.2,1,0.6681595843180275,0.1349796999870399,0.7633715496157959,0.1349796999870399,0.6681595843180275,55.22601062343993,60.4959778823894,3271.658065074523,-3.889296699244923,0.5939694742206922,0.10997296224627837,-0.3890296699244923
C,0.2,1,0.8846591418287892,0.4549073370950147,0.7379879105175824,0.4549073370950147,0.8846591418287892,3.117382407522231,36.488312226247956,266.31181198546835,-25.020435620737185,0.5594219034970669,0.11733173636751519,-2.5021435620737185
C,0.2,1,0.7890989620935747,0.6576930366802196,0.9896887818973196,0.6576930366802196,0.7890989620935747,45.57467026472792,53.351079119935655,4424.47191177988,2.3228492764990727,0.6288609814145173,0.02712397125580368,0.07776408855207734
C,0.2,1,0.4852679951394423,0.6977298950531893,0.6962939944828334,0.6977298950531893,0.4852679951394423,43.30361229891353,48.877674560730334,3315.205228945381,-3.373373629398488,0.6121321875270157,0.0651388376788255,-0.3374373629398488
C,0.2,1,0.9180340146211139,0.9128980796311896,0.9681164419480132,0.9128980796311896,0.9180340146211139,38.82475377052215,89.19727852704848,4493.946448490246,-1.0810472537988123,0.6170270284888981,0.050478487215499815,-0.10820472537988121
C,0.2,1,0.9827383619762302,0.32196933648137016,0.848814758528957,0.32196933648137016,0.9827383619762302,9.008287475778998,9.03077239306337,778.8182849412215,-18.306802962654686,0.6761980961725035,0.0029042647746911517,-1.8307802962654687
C,0.2,1,0.1761451411435493,0.870244485404455,0.6668403150238629,0.870244485404455,0.1761451411435493,40.43068433857367,40.704367988382195,2789.332691330138,-5.619636905044793,0.6134619540038969,0.0730286148288434,-0.5620636905044794
C,0.2,1,0.6115316421590613,0.8975528690903011,0.7757218742931888,0.8975528690903011,0.6115316421590613,52.45125959857047,56.955092962245715,4974.858907907151,7.3157553321791875,0.6368949801983907,0.031637728736619235,0.045038333636752415
C,0.2,1,0.9876888165137805,0.3298663112044772,0.5192050013843492,0.3298663112044772,0.9876888165137805,70.49122272448119,79.32320314932373,5558.7884827947155,6.974099926687251,0.6335404830179916,0.04034207628522116,0.08831980424842541
C,0.2,1,0.5895660336388486,0.3602571956449254,0.9071616622818073,0.3602571956449254,0.5895660336388486,11.655551152235716,12.066458013625075,817.8723906767568,-20.244136830615087,0.6549027308938136,0.006833684550451403,-2.024513683061509
C,0.2,1,0.34021894589773505,0.7541957383220366,0.2914772468200504,0.7541957383220366,0.34021894589773505,48.36537549087087,51.80703557297732,2999.0240194880307,-4.577950375442656,0.6001449703443362,0.10008048216738746,-0.45789503754426564
C,0.2,1,0.8996522471084794,0.8863436951362914,0.9515297485086197,0.8863436951362914,0.8996522471084794,83.22837287710495,85.82123656100751,9412.13362972054,30.54638099905705,0.6583347609116963,0.016340873739447325,0.025928636839025642
C,0.2,1,0.3539349835654062,0.9556046809528809,0.1526464569144862,0.9556046809528809,0.3539349835654062,19.547788486253456,19.72957771424579,1354.5277351416487,-15.758867663100304,0.6363030685354139,0.020332732474898408,-1.5759867663100304
C,0.2,1,0.4158195447494194,0.370624564783086,0.6545983603441595,0.370624564783086,0.4158195447494194,1.7485295620198862,13.15411056561691,97.37065332748728,-28.587973206162488,0.6277889833102306,0.011856432802552861,-2.858897320616249
C,0.2,1,0.3080744846423737,0.8859145002598465,0.30862690597291087,0.8859145002598465,0.3080744846423737,80.70950077492121,94.97608813472127,5441.0408327802115,6.756052037115011,0.6129991873366528,0.08456990579800104,0.14266587359800056
C,0.2,1,0.23210774875968393,0.7316208737386884,0.8124177106022323,0.7316208737386884,0.23210774875968393,58.68020718926375,64.53761310332959,4019.410751680569,1.6689338765314579,0.6122386619726309,0.08739939282069208,0.058574059140658434
C,0.2,1,0.534922423332149,0.7291822810945241,0.5240005867437367,0.7291822810945241,0.534922423332149,53.28995180847972,58.11870948503153,4066.303089368216,1.492257010210656,0.6173276214708556,0.05718007421039876,0.0482875767655181
C,0.2,1,0.4997731380687084,0.11121716641655255,0.821536836943694,0.11121716641655255,0.4997731380687084,88.44445365484818,91.89823748515012,4518.444600950839,4.426737983427678,0.5912261332779328,0.14781136696641828,0.034537838303019444
C,0.2,1,0.44416954040766365,0.36184948016350926,0.8455840166081252,0.36184948016350926,0.44416954040766365,34.69316690255802,38.08700593725042,2131.5673058236293,-10.880860739990089,0.6038693979478944,0.0715800978584041,-1.0881860739990088
C,0.2,1,0.35701084671200023,0.9535778152222242,0.8315943147023978,0.9535778152222242,0.35701084671200023,54.108910718631144,58.03617333499567,4670.642808081292,6.053950657488661,0.6303535249595428,0.04714011785901477,0.03927262616364523
C,0.2,1,0.6885636878878231,0.5265960252510756,0.20307411693628263,0.5265960252510756,0.6885636878878231,10.032153429605806,35.62582163514152,660.465201651423,-23.05285652521571,0.5694981262526526,0.0997773811329656,-2.3053856525215712
C,0.2,1,0.6171497423305811,0.6875161759189218,0.6905109783179786,0.6875161759189218,0.6171497423305811,61.30691171022337,65.22862890178189,5057.579302639995,7.685720389888981,0.631995725422035,0.04537617041535637,0.039217171915585214
C,0.2,1,0.7685876750690018,0.8936729967263053,0.925337710707401,0.8936729967263053,0.7685876750690018,43.61128527285466,57.2714689461673,4633.545389660377,1.8880709663855575,0.6254037712704735,0.021287514323843765,0.13660183673312645
C,0.2,1,0.5803855514716528,0.9733597727716974,0.9173256985117165,0.9733597727716974,0.5803855514716528,27.68917255463056,28.039430738445937,2786.095858318425,-4.021453324005335,0.6454654788201161,0.025450136216048497,-0.4022453324005335
C,0.2,1,0.7058107393882782,0.9512848796168135,0.8949860257354803,0.9512848796168135,0.7058107393882782,6.838013018635307,11.950949575997427,719.5602231809147,-22.43494158356137,0.6499249948362588,0.006665863889783154,-2.243594158356137
C,0.2,1,0.8613089721762311,0.8212723205822479,0.4398583670156935,0.8212723205822479,0.8613089721762311,4.471362155119815,20.143234926629038,425.3406671648112,-25.724500618370904,0.607851142803328,0.029228307318217576,-2.5725500618370907
C,0.2,1,0.9676491550657034,0.6773076805618002,0.14592405696082467,0.6773076805618002,0.9676491550657034,13.977304298462123,15.044354739142934,1200.593736185237,-14.997878353136741,0.6556112451456972,0.008710037196255177,-1.499887835313674
C,0.2,1,0.5790136339820193,0.6256881774013873,0.9017363687596083,0.6256881774013873,0.5790136339820193,43.50738546034213,46.24048741176162,3601.47609811235,-0.44747604161716054,0.6248935422029175,0.04689531570544705,-0.044847604161716056
C,0.2,1,0.7049865529176983,0.6920136731077742,0.8992023326287761,0.6920136731077742,0.7049865529176983,27.593823198010693,35.628942077005895,2547.739616871324,-9.282732335466418,0.616938923578822,0.04443385745295951,-0.9283732335466418
C,0.2,1,0.6493158332268439,0.21724918955325534,0.16474116385053017,0.21724918955325534,0.6493158332268439,41.811181496637126,46.627147636209656,1983.8059398478545,-12.447025841883503,0.5827618257894572,0.11164357173225554,-1.2448025841883503
C,0.2,1,0.8047761796745713,0.8785614333183133,0.45455979245183986,0.8785614333183133,0.8047761796745713,22.784716846759252,22.991936099283418,2176.643947500545,-7.222255570117357,0.6496196308155271,0.01855507298464478,-0.7223255570117357
C,0.2,1,0.7371884538475788,0.28204153535307164,0.753592675752422,0.28204153535307164,0.7371884538475788,0.3470793404236635,44.51605602100959,24.22659484079533,-24.739857565905968,0.5367427041483489,0.18402051688590407,-2.474085756590597
C,0.2,1,0.6292619938848478,0.028456396408449658,0.8927399251946295,0.028456396408449658,0.6292619938848478,79.00033619164068,79.57112730135812,4361.16755318166,5.023576332439699,0.5991874633848406,0.12085441515391174,0.0057079110971743315
C,0.2,1,0.4492987684819371,0.8361010826761996,0.7836287389788005,0.8361010826761996,0.4492987684819371,23.766633534463256,31.070915706266643,1993.0867870460206,-12.578784245900952,0.6152945987759807,0.04415600110041095,-1.2579784245900951
C,0.2,1,0.389605717980766,0.23500371321715408,0.389154438128999,0.23500371321715408,0.389605717980766,45.968642830246445,46.154085281047905,1882.8449268609586,-11.046720052302208,0.584218034132513,0.12304394167189892,-1.1047720052302208
C,0.2,1,0.6893657318186615,0.48721961951805437,0.6655559575411253,0.48721961951805437,0.6893657318186615,24.875440628686878,27.47196973851278,1877.303895260036,-12.16108796927518,0.6248461238440121,0.033457280769504265,-1.216208796927518
C,0.2,1,0.9349711080737116,0.540011173032179,0.17990521920252822,0.540011173032179,0.9349711080737116,21.88816851416923,28.188224255285828,1712.6779300750607,-15.097392244947006,0.6159197467831126,0.03515878714004159,-1.5098392244947005
C,0.2,1,0.06588402317880371,0.9099556583112864,0.5170003064694995,0.9099556583112864,0.06588402317880371,23.79073500258437,23.93209846750992,1468.292595553623,-16.323258014454993,0.6214152687224573,0.03442970831860112,-1.6324258014454993
C,0.2,1,0.21217074445735062,0.06025164629087654,0.45866899882649315,0.06025164629087654,0.21217074445735062,23.637760035526256,76.75963796008432,593.0204482904411,-16.397453197364463,0.5118552309340129,0.4205004779116659,-1.6398453197364464
C,0.2,1,0.43580923118513576,0.6298350017820666,0.8603136612809311,0.6298350017820666,0.43580923118513576,7.121906346464205,9.404160014729774,532.647754397768,-24.165973189158198,0.6589889972582816,0.004038983600221714,-2.41669731891582
C,0.2,1,0.4602945831911438,0.9476576825014948,0.2533042930425582,0.9476576825014948,0.4602945831911438,31.1771280756225,32.759160302476765,2392.2279152504348,-7.869807009833644,0.6242609743449078,0.04429719878870928,-0.7870807009833645
C,0.2,1,0.9253183743202866,0.8012515589652975,0.4818394418062051,0.8012515589652975,0.9253183743202866,0.4603249871048663,9.813589672637546,45.28423248466826,-29.23044953630763,0.6433896882450035,0.005723749088251613,-2.9231449536307634
C,0.2,1,0.7011482969623568,0.9520249664726013,0.3109213055686252,0.9520249664726013,0.7011482969623568,29.029138887766564,38.826042698786694,2625.1542575527183,-9.42566945409359,0.6111371531663826,0.051736827454738704,-0.942666945409359
C,0.2,1,0.08453361918134772,0.04455294980597502,0.9989777313381656,0.04455294980597502,0.08453361918134772,78.70749942285997,86.2181984632177,2473.6800330221495,-6.008514862203072,0.554809249035398,0.34278157623376765,-0.6009514862203073
C,0.2,1,0.9467220716605771,0.351189172320862,0.4489348428399803,0.351189172320862,0.9467220716605771,54.59588155222338,56.85662908086133,4155.780264694417,2.9327031982193157,0.6239306586459181,0.045325716347266745,0.0226074752863795
C,0.2,1,0.7638151374919924,0.5596395720974568,0.4340684248917537,0.5596395720974568,0.7638151374919924,17.64960396750853,18.78078672156211,1359.4509695128813,-14.811977959780899,0.6423871425612814,0.0156457393756474,-1.4812977959780897
C,0.2,1,0.6286427678935481,0.36432659940973156,0.316520074927493,0.36432659940973156,0.6286427678935481,33.55896612695994,35.3209016231988,1931.7034299468442,-11.495810126011447,0.6080414638666631,0.061326866290829785,-1.1496810126011447
C,0.2,1,0.669257186049726,0.3837009657845536,0.832957659025367,0.3837009657845536,0.669257186049726,10.577168722124641,14.063014298385252,777.1241439118174,-21.596533283022172,0.642460211016531,0.009807085198490554,-2.1597533283022172
C,0.2,1,0.7832390880254835,0.5071146350643125,0.8054701979095924,0.5071146350643125,0.7832390880254835,1.5009977847071385,10.096352602770903,127.06612856006758,-28.436852835569947,0.643871917889483,0.005893933161006638,-2.843785283556995
C,0.2,1,0.521912080488121,0.8665975522453646,0.4775489043602923,0.8665975522453646,0.521912080488121,37.81572625365509,41.81606585342001,3076.8464746011764,-4.2914695281566155,0.6197238997050408,0.05204473203418469,-0.4292469528156616
C,0.2,1,0.48180241734403506,0.9862083401970836,0.1238082166699973,0.9862083401970836,0.48180241734403506,46.67002347741466,56.955092962245715,3570.0581354442043,-3.1560284917445522,0.6052050642718413,0.06675772376370692,-0.31570284917445524
C,0.2,1,0.29210445214664116,0.5912684102407608,0.9646600304693068,0.5912684102407608,0.29210445214664116,43.52800023167806,45.062544048966636,2972.3157586768107,-4.420708328439315,0.6102734583100728,0.08072322486268947,-0.44217083284393155
C,0.2,1,0.8580051660738166,0.8097115848165556,0.807283483395842,0.8097115848165556,0.8580051660738166,45.066714134067894,45.41663202335431,4667.46605273252,9.044900564179214,0.6518064792191699,0.02114296306185461,0.0034991788928641653
C,0.2,1,0.28797900458971415,0.860781261996191,0.7330409883501307,0.860781261996191,0.28797900458971415,82.3619012771712,94.97608813472127,6240.070221249596,11.046326632594564,0.6211716238693643,0.06688040064796431,0.12614186857550067
C,0.2,1,0.485815415869166,0.845474889805027,0.9494845793901275,0.845474889805027,0.485815415869166,82.98403268984953,91.89823748515012,7493.59339665281,17.776984652705973,0.6366730581168436,0.039547647993146515,0.08914204795300591
C,0.2,1,0.3017084521504674,0.9250154132405085,0.73498920630844,0.9250154132405085,0.3017084521504674,56.16828866876558,61.77495711780915,4477.226157116197,4.353384217371047,0.623541608566112,0.05869823430798779,0.056066684490435746
C,0.2,1,0.4908499848400286,0.21713102577104015,0.8885044434733652,0.21713102577104015,0.4908499848400286,67.0659731163785,73.34702020551237,3863.78214922161,-0.007202015791062549,0.6009918926438141,0.11630831525720609,-0.0008202015791062549
C,0.2,1,0.3524335736077448,0.9002599763511814,0.5240005867437367,0.9002599763511814,0.3524335736077448,53.51607486725085,58.3653222124706,4053.0234560327367,1.8114584729182504,0.616675613309567,0.06381458712333758,0.04849247345219752
C,0.2,1,0.8129595878750181,0.9936277819901342,0.7976653408861345,0.9936277819901342,0.8129595878750181,37.19648414554072,45.49647967046536,4101.6935781791235,0.4908075813000523,0.6337269654229838,0.018326554636572862,0.04898075813000523
C,0.2,1,0.3919962974839115,0.8463021365678722,0.7098359842281668,0.8463021365678722,0.3919962974839115,1.8742549684438972,16.447051912532274,149.3046901273903,-27.922549296408096,0.6153543084505857,0.02010267539440552,-2.7923549296408097
C,0.2,1,0.5856534580055918,0.8738161497366957,0.3764556153105688,0.8738161497366957,0.5856534580055918,18.150522298686955,43.5448278712814,1495.3284339831243,-17.448516917205815,0.571022463733141,0.11946259008399422,-1.7449516917205816
C,0.2,1,0.5354191018810065,0.9106132546074707,0.7116144513416813,0.9106132546074707,0.5354191018810065,11.668483863299354,52.691174618532244,1051.2368044340026,-18.6221303163876,0.5422389923144787,0.20139768550563222,-1.8623130316387602
C,0.2,1,0.6520186025900128,0.8249080452690271,0.9017363687596083,0.8249080452690271,0.6520186025900128,32.07763168243609,43.71836164903616,3091.9546293930657,-6.541434444370838,0.6127849226934219,0.051223282278574256,-0.6542434444370838
C,0.2,1,0.32919775662269957,0.9733597727716974,0.8581010646617416,0.9733597727716974,0.32919775662269957,24.30771606904736,25.084359578767618,2104.5718553645615,-10.287183053874418,0.6352227741892674,0.02868277826559753,-1.0288183053874418
C,0.2,1,0.992342034188303,0.8636649767163094,0.4206776284941818,0.8636649767163094,0.992342034188303,64.08984700011254,64.92797071365078,6621.589389164697,19.47063206984628,0.6541398670392465,0.018333637796162507,0.008381237135382379
C,0.2,1,0.7494430668364647,0.714166357683393,0.9726321106781447,0.714166357683393,0.7494430668364647,26.265152896905512,30.913107047120185,2560.7545433033324,-7.8721285258772395,0.630175955627043,0.0305908937378201,-0.787312852587724
C,0.2,1,0.8580051660738166,0.717791664793125,0.9269023440300407,0.717791664793125,0.8580051660738166,42.78467814798246,45.41663202335431,4362.4284733610375,4.8870161971920645,0.6434145668178892,0.022412036131904838,0.02631953875371849
C,0.2,1,0.3444007198107276,0.24050192089047573,0.9574795237782742,0.24050192089047573,0.3444007198107276,11.028263581039626,11.317662983329447,586.5064385868269,-23.57242982094932,0.6499657453561637,0.006746733272063538,-2.357342982094932
C,0.2,1,0.1877171035962163,0.470652503041168,0.14722194749674333,0.470652503041168,0.1877171035962163,27.54878205369511,29.65190146806239,1008.2586738292221,-19.21095954875905,0.597232379833695,0.06037663088216444,-1.921195954875905
C,0.2,1,0.12715895306707992,0.8212723205822479,0.2931270961390212,0.8212723205822479,0.12715895306707992,78.55794216925064,81.68428815837119,4301.026994010872,3.96336543552471,0.5934002884370806,0.14146486476593736,0.03126345989120551
C,0.2,1,0.6292619938848478,0.723537846298744,0.7172184555763366,0.723537846298744,0.6292619938848478,24.550755539642292,24.72813899994656,2100.819282805087,-8.911732255496688,0.640128161769385,0.025244661966907438,-0.8912732255496687
C,0.2,1,0.5532275736341093,0.8512920888555491,0.851668067397384,0.8512920888555491,0.5532275736341093,39.988019842887475,40.35169728674139,3659.6109961341094,1.5474854446123905,0.63819769394152,0.036354238222293986,0.003636774438539163
C,0.2,1,0.7121362935821502,0.38620820766725306,0.40913056604837106,0.38620820766725306,0.7121362935821502,44.606470741859155,48.06188303137115,2905.910358574093,-5.757013412602637,0.604731038822229,0.07892123428531521,-0.5758013412602637
C,0.2,1,0.05734166737187618,0.3179600913124767,0.9143554523610655,0.3179600913124767,0.05734166737187618,24.61930087697236,40.53331527306446,1024.753145589779,-19.035594350163038,0.5702400690311109,0.11727058603543801,-1.9036594350163039
C,0.2,1,0.3030784882167603,0.887726533931724,0.9809819704704877,0.887726533931724,0.3030784882167603,18.229436197088837,19.98948461409232,1532.4539147510936,-15.252203264690156,0.6368935299159397,0.020145579143856833,-1.5253203264690156
C,0.2,1,0.9012416384394019,0.1349796999870399,0.6431214840896693,0.1349796999870399,0.9012416384394019,0.6522539826514632,11.286137532175006,44.28093847800897,-29.176868384555206,0.6354362475837715,0.008227595730654281,-2.9177868384555206
C,0.2,1,0.8489303135985947,0.5129325412657034,0.9897729973205718,0.5129325412657034,0.8489303135985947,13.721178958946863,17.7148413554439,1273.8395080809858,-17.256869200490783,0.6398817428768067,0.013759217240441496,-1.7257869200490785
C,0.2,1,0.5006009680405623,0.06146978008065096,0.7580904121013212,0.06146978008065096,0.5006009680405623,89.08599307227499,93.09245423117567,4192.012468678151,2.521296632080657,0.5850928103238718,0.17279984143969118,0.040064611589006774
C,0.2,1,0.7649532500798962,0.6982933231388309,0.6304065056310482,0.6982933231388309,0.7649532500798962,5.675228082956352,33.440169021130295,504.65541984192095,-24.12591717647591,0.5716445219702496,0.09132269934765974,-2.412691717647591
C,0.2,1,0.7060701029058698,0.7710959032235704,0.9800275505119184,0.7710959032235704,0.7060701029058698,62.305218204174714,68.8087135663686,6128.278276302901,12.430053633508352,0.6457264743976129,0.02760847645134176,0.06503495362193881
C,0.2,1,0.2569936504704845,0.8525788551839448,0.6962939944828334,0.8525788551839448,0.2569936504704845,4.82509333164729,11.798912177256538,351.68163264174746,-26.23323688958202,0.6406315457897072,0.008040982375477155,-2.6234236889582023
C,0.2,1,0.6039036655685287,0.4538927284071018,0.63833051421455,0.4538927284071018,0.6039036655685287,77.50446549053626,79.4546528884923,5336.033838407345,9.721315701624386,0.6176703514601416,0.07221783592816712,0.01950187397956043
C,0.2,1,0.8653426657735843,0.8171556024936258,0.5632766254493251,0.8171556024936258,0.8653426657735843,52.15263021037179,53.351079119935655,5121.744439556655,10.53752026028651,0.6484703470017361,0.02369518423315775,0.01198448909563865
C,0.2,1,0.7711699239463928,0.16117932697050885,0.9854711481249756,0.16117932697050885,0.7711699239463928,54.59588155222338,56.85662908086133,3890.188115322286,1.1890382716187171,0.6164736784361192,0.062844498910614,0.0226074752863795
C,0.2,1,0.9474979563599758,0.871402618461243,0.3109213055686252,0.871402618461243,0.9474979563599758,11.419827040786783,96.23101589212249,1127.3431867645318,-12.407664675520838,0.5130796532553739,0.5328495896780688,-1.2408664675520837
C,0.2,1,0.7463663881844163,0.9994552362727016,0.2946511769260397,0.9994552362727016,0.7463663881844163,7.4549835697878,9.46829809579232,705.6690683754596,-21.221325031671896,0.6662197160841206,0.0034793688117483227,-2.1222325031671896
C,0.2,1,0.8854928027612677,0.008874911822825071,0.7260138464271033,0.008874911822825071,0.8854928027612677,12.547525014222035,13.436057471543883,788.8469860007158,-19.315592551867702,0.6510925429447673,0.008870807638329254,-1.9316592551867704
C,0.2,1,0.8233676783878094,0.8458723529662333,0.17662292469745056,0.8458723529662333,0.8233676783878094,24.129921677307607,25.025005678809155,2120.478994344139,-8.221755845820418,0.6418404999059986,0.02247946361563539,-0.8222755845820418
C,0.2,1,0.622650203914074,0.10631790506762029,0.015906693053427623,0.10631790506762029,0.622650203914074,20.584941612832488,20.7808760335913,758.4742567442057,-20.28078765701855,0.6204204073176822,0.028872834298568066,-2.0281787657018553
C,0.2,1,0.9301097397533429,0.7689433319857301,0.2947330241437234,0.7689433319857301,0.9301097397533429,22.085898794298416,30.147446558326042,2038.9918029929452,-13.18425630607519,0.6172575968338163,0.0360128203081195,-1.3185256306075188
C,0.2,1,0.29210445214664116,0.8343045021795434,0.8258221198409846,0.8343045021795434,0.29210445214664116,46.357362057394816,47.99165269680748,3567.9407611313673,-0.2875951842287334,0.6201424220489772,0.06484138240641674,-0.02885951842287334
C,0.2,1,0.9756405655514048,0.7235728622175717,0.7074318843509486,0.7235728622175717,0.9756405655514048,6.7860964970932445,22.065355757790577,696.5688403079939,-23.693574239177597,0.6073920636305207,0.03257998592357257,-2.3694574239177597
C,0.2,1,0.7938080577346535,0.8067808415332582,0.9668841752863905,0.8067808415332582,0.7938080577346535,87.55648673395245,88.91725011552384,9123.52157293141,29.852294901393353,0.6510828566501041,0.022178161056677047,0.013607633815713883
C,0.2,1,0.5852124517042822,0.44635784057256833,0.8496544528326563,0.44635784057256833,0.5852124517042822,79.36264501205379,94.97608813472127,5779.177963624136,7.660153365983206,0.6214627761581702,0.06456933726423006,0.15613443122667475
C,0.2,1,0.23210774875968393,0.8031665266643702,0.8010638514896964,0.8031665266643702,0.23210774875968393,13.352248221633875,36.788987086514005,958.5620398084183,-20.636538335450723,0.5749254665373978,0.09675375011604377,-2.0637538335450722
C,0.2,1,0.6440320533986719,0.42889648292272364,0.9526495274044525,0.42889648292272364,0.6440320533986719,70.66736105856215,91.89823748515012,5474.082116196909,5.2963077939215255,0.6268560631931613,0.05404361365804077,0.2123087642658797
C,0.2,1,0.8275985922009599,0.36345123189864137,0.6267886580773261,0.36345123189864137,0.8275985922009599,0.6517060634151728,37.495832978925144,49.022768833485586,-25.927085596602964,0.5529014180954529,0.1306676944522425,-2.5928085596602966
C,0.2,1,0.3524335736077448,0.9715905733708465,0.5240005867437367,0.9715905733708465,0.3524335736077448,36.256805303316156,39.54213998638812,2875.2089670043792,-5.221244596450053,0.6192934443852954,0.055948346937991195,-0.5222244596450054
C,0.2,1,0.5856534580055918,0.7495143363801896,0.21925283598191236,0.7495143363801896,0.5856534580055918,31.306386727271946,33.5786261905057,2261.5643176995213,-9.145291921082363,0.6193337998524163,0.04721310816277133,-0.9146291921082362
C,0.2,1,0.7261053617458776,0.16961128717173546,0.7104157144257318,0.16961128717173546,0.7261053617458776,55.12875722558409,58.8988321418882,3448.0956703000425,-2.393204629576129,0.6014785501379359,0.0897185678718253,-0.23942046295761288
C,0.2,1,0.6013743203665463,0.9936277819901342,0.5890297570904062,0.9936277819901342,0.6013743203665463,29.471791569590067,45.49647967046536,2784.3725314170706,-9.225170856840178,0.6004141373466867,0.07300707400294279,-0.9226170856840177
C,0.2,1,0.3637239032910724,0.9990696411788262,0.9868478439627754,0.9990696411788262,0.3637239032910724,35.961222944893954,38.70832770939941,3337.592507263046,-1.7301038003507636,0.6316510390710558,0.040626261399023686,-0.17311038003507634
C,0.2,1,0.7010315054182683,0.8545446477094579,0.9679190976466746,0.8545446477094579,0.7010315054182683,10.86758802363661,31.814935434681914,1108.2416884151332,-20.426182879533027,0.5891444826818549,0.06687162763953719,-2.042718287953303
C,0.2,1,0.6803926084047048,0.8771658036228961,0.2386366155293359,0.8771658036228961,0.6803926084047048,8.863662891260555,9.440653444961244,743.1634977220729,-20.205148269588207,0.6689260522662704,0.0035009836294429227,-2.0206148269588207
C,0.2,1,0.39597879117415147,0.9085045792395818,0.7105517119646889,0.9085045792395818,0.39597879117415147,53.34329844369141,58.59759648136678,4426.851587915818,3.9626074880964266,0.6243160505822944,0.050482503373547725,0.05254298037675369
C,0.2,1,0.3659819981631332,0.47960904734304466,0.9386931062085107,0.47960904734304466,0.3659819981631332,46.72731860981567,47.33838690893135,3072.175406114781,-3.4394962481354687,0.6093607544309592,0.08635227167723687,-0.34404962481354684
C,0.2,1,0.5963782468232273,0.8306018341507487,0.9916556176726572,0.8306018341507487,0.5963782468232273,34.52953899067874,37.16558089187444,3319.6835001394807,-1.760100667556884,0.6352262160203739,0.03245774956085979,-0.17611006675568838
C,0.2,1,0.8096342113306221,0.24050192089047573,0.7144676333766676,0.24050192089047573,0.8096342113306221,14.30606217229499,32.14951837346243,1006.6960994258975,-21.21607280289933,0.5857664683254392,0.07045421724857806,-2.1217072802899333
C,0.2,1,0.4143601112040454,0.977050243378469,0.9567548764929265,0.977050243378469,0.4143601112040454,45.68236950974628,52.58427768410537,4270.816842841314,2.6446654970477432,0.6283309825811935,0.037650314904679,0.06901908174359093
C,0.2,1,0.6935209104759191,0.717791664793125,0.5014788827753469,0.717791664793125,0.6935209104759191,42.78467814798246,45.41663202335431,3555.5180298931423,-0.641582243451765,0.6262989918334984,0.04176933473623253,-0.0642582243451765
C,0.2,1,0.3686024360752866,0.543161142669098,0.9148455638084031,0.543161142669098,0.3686024360752866,31.94357319630691,33.264023364050566,2186.8352365381593,-9.909274105063908,0.6164460306182972,0.053769491896477326,-0.9910274105063908
C,0.2,1,0.7018069333896496,0.5968849491914575,0.8359101038946883,0.5968849491914575,0.7018069333896496,45.43266897784898,49.55184731865141,3899.5925964135154,0.6590524852655968,0.6258496551410448,0.039444789901278796,0.041191783408024346
C,0.2,1,0.7778698752794757,0.872832885991926,0.8558144164489436,0.872832885991926,0.7778698752794757,22.110080981316816,41.61575692895511,2297.911737706312,-12.834755284615426,0.5942291686699647,0.07832449496309811,-1.2835755284615424
C,0.2,1,0.86885075539665,0.7893160716929816,0.7580904121013212,0.7893160716929816,0.86885075539665,25.44906064195331,26.59358032991114,2592.2566285952144,-5.004193585964803,0.6469713522180768,0.020407020789665893,-0.5005193585964803
C,0.2,1,0.38401458555604007,0.9917363945240738,0.7520608366100816,0.9917363945240738,0.38401458555604007,44.42697685301692,48.037225286473,3891.3175818801437,1.4048214899007208,0.6280682890732173,0.04442858000410345,0.036102484334560855
C,0.2,1,0.6592698791689252,0.9736782428246111,0.9924050324377417,0.9736782428246111,0.6592698791689252,26.53264964798413,27.234336345941955,2824.6003965735804,-3.5973241949052834,0.6487888249722098,0.021840959892528697,-0.35983241949052835
C,0.2,1,0.7059265085212896,0.8905707707286931,0.7556487943204764,0.8905707707286931,0.7059265085212896,14.945780519933773,31.468111094741747,1475.3889225687435,-17.870949682900633,0.5987107069874529,0.05618614294855886,-1.7871949682900634
C,0.2,1,0.8898610936155326,0.6842857603637132,0.040814384796212466,0.6842857603637132,0.8898610936155326,28.202443085123228,28.357271085734926,2248.515986955511,-6.398724772048763,0.6384390333602273,0.028808935333894718,-0.6399724772048764
C,0.2,1,0.6565242313717431,0.540011173032179,0.7366847646763062,0.540011173032179,0.6565242313717431,77.46515629543711,79.4546528884923,6061.175116661629,13.743601034377148,0.6282758498322504,0.05124512733307955,0.019894965930551935
C,0.2,1,0.21185536437628494,0.8300764081966278,0.9809819704704877,0.8300764081966278,0.21185536437628494,85.51580784202402,90.03789249925191,6552.318504473342,15.48562258268325,0.6205776469391264,0.06877220456101403,0.04522084657227893
C,0.2,1,0.772644923523553,0.7401038965134534,0.9959224751083838,0.7401038965134534,0.772644923523553,89.97879628288406,95.85917339237275,9046.063532797227,25.652208814693548,0.648140023708881,0.024923262623998695,0.05880377109488691
C,0.2,1,0.22751648451023687,0.8935490966340497,0.6123932142234522,0.8935490966340497,0.22751648451023687,36.34104532281729,45.535182514229064,2593.409993547757,-8.364332890137666,0.5991692371949269,0.08664110446162018,-0.8365332890137666
C,0.2,1,0.7236977347435688,0.8171556024936258,0.05041670849870139,0.8171556024936258,0.7236977347435688,45.57467026472792,53.351079119935655,3568.637260186068,-3.2145092086080647,0.6106828531535169,0.05242764273665844,-0.32155092086080644
C,0.2,1,0.6513727262336784,0.7584681089019105,0.8957144709262091,0.7584681089019105,0.6513727262336784,37.44261009921057,37.44369285939996,3477.8532269741313,0.9399642943164995,0.6409785677827079,0.033081158587345456,1.0827601893907968e-05
C,0.2,1,0.1548737333810677,0.9875083005411581,0.9921213762312996,0.9875083005411581,0.1548737333810677,20.545432443593814,34.53099237635313,1683.1257129163566,-15.207036788654364,0.5988882880915859,0.06537569334120218,-1.5208036788654362
C,0.2,1,0.9420975068788817,0.6706396780601929,0.7260138464271033,0.6706396780601929,0.9420975068788817,9.44400750659838,19.149146209653818,932.9471094255462,-21.47714020703481,0.6235643485878644,0.020060596825794835,-2.147814020703481
C,0.2,1,0.4228765670174671,0.5448430874977904,0.19118068428017831,0.5448430874977904,0.4228765670174671,16.584292254366673,30.608271088819095,881.712187076096,-21.628534293605657,0.5882702250446397,0.06507042023213092,-2.1629534293605657
C,0.2,1,0.6875892400217167,0.4936515521557477,0.1387345239236183,0.4936515521557477,0.6875892400217167,44.49954611787312,44.61061812976691,2782.5745390277084,-3.989758871819283,0.6129685333295068,0.07508373465834108,-0.3990758871819283
C,0.2,1,0.89567202233546,0.9862083401970836,0.9504079381671033,0.9862083401970836,0.89567202233546,43.35458160981869,43.931631642874535,5109.520250813746,12.155757788531279,0.6612011837396371,0.014618590025176596,0.005770500330558477
C,0.2,1,0.5715650642871639,0.6407510711338975,0.6228342013734544,0.6407510711338975,0.5715650642871639,28.577411163316118,37.995474248218486,2177.217559573125,-12.079705998788762,0.6025676380155461,0.06500369295086841,-1.208070599878876
C,0.2,1,0.520054129642707,0.9298364678782489,0.6301938921355338,0.9298364678782489,0.520054129642707,18.6869486446434,48.06626497198307,1649.1115792738888,-16.206848689709147,0.5655740607588549,0.14138129042941755,-1.6207848689709148
C,0.2,1,0.21253847469448972,0.9404139446031605,0.29795551169632506,0.9404139446031605,0.21253847469448972,41.50489303344196,45.052606846502165,2701.8236328218654,-6.467981093761971,0.6042526102721336,0.08621778974366752,-0.6468981093761971
C,0.2,1,0.485815415869166,0.7827041369700852,0.7633715496157959,0.7827041369700852,0.485815415869166,11.350689891428447,34.50484792634538,936.5484465652931,-21.227562600988794,0.5790463969745838,0.08498834757459663,-2.1228562600988794
C,0.2,1,0.9605310375077165,0.6445143243243361,0.807283483395842,0.6445143243243361,0.9605310375077165,13.056016061249778,20.239572957216488,1311.2725542856317,-17.97984824834196,0.6297107585286672,0.018822080252511114,-1.798084824834196
C,0.2,1,0.32307251166096673,0.9606976387928021,0.7968004837175537,0.9606976387928021,0.32307251166096673,83.04572134824603,88.95522047346101,6984.852683012869,16.950310409868273,0.6295948170306238,0.051072709954360765,0.05909499125214978
C,0.2,1,0.23210774875968393,0.4028883429070073,0.8124177106022323,0.4028883429070073,0.23210774875968393,26.3513411105426,33.1472399481299,1371.8573361766557,-16.88069517753532,0.5958627843497719,0.06846702544412626,-1.688169517753532
C,0.2,1,0.36249648163583614,0.21713102577104015,0.08929518089556898,0.21713102577104015,0.36249648163583614,12.106543044322821,30.29499040258966,377.89066718381457,-25.17247671251042,0.5772570417240916,0.07564573559760063,-2.5173476712510423
C,0.2,1,0.8727242745788322,0.8250129710442494,0.5240005867437367,0.8250129710442494,0.8727242745788322,29.98670763512293,32.65981937261583,2938.303831170844,-4.029297012752521,0.6378073839438025,0.02534529405096364,-0.4030297012752522
C,0.2,1,0.5856534580055918,0.9535778152222242,0.21922129157543058,0.9535778152222242,0.5856534580055918,17.51880242750589,24.116887013240536,1444.2867906711379,-16.66365633943656,0.6214176895599497,0.028622275145549235,-1.666465633943656
C,0.2,1,0.6059805276797883,0.8463021365678722,0.7958164584837045,0.8463021365678722,0.6059805276797883,14.65030200470972,19.2391558988737,1355.2927677992539,-16.811146573417226,0.635720736753733,0.017205710460042763,-1.6812146573417226
C,0.2,1,0.21009191929022786,0.9936277819901342,0.5147073276977336,0.9936277819901342,0.21009191929022786,21.713798541560898,45.49647967046536,1586.2726352428263,-16.206290323225137,0.5709177717749568,0.12613928159333898,-1.6207290323225139
C,0.2,1,0.3999147584697583,0.6875161759189218,0.5211350729424837,0.6875161759189218,0.3999147584697583,47.248843655982604,52.691174618532244,3184.5684499082035,-4.055177985178445,0.6027111833579188,0.08922035738040636,-0.4056177985178445
C,0.2,1,0.32919775662269957,0.09917526146462008,0.554902913106363,0.09917526146462008,0.32919775662269957,40.886883309333875,43.46856690035051,1442.948146574903,-15.256225855110843,0.5761078406933361,0.12202722054223016,-1.5257225855110843
C,0.2,1,0.9229030634051345,0.5265960252510756,0.648321942079354,0.5265960252510756,0.9229030634051345,26.839263963105065,59.751986980344505,2380.1865261497296,-11.857988454521553,0.5620002849434597,0.1793236766156921,-1.1858988454521553
C,0.2,1,0.9144271540497949,0.7922238172289243,0.9269023440300407,0.7922238172289243,0.9144271540497949,7.624049712451366,17.581252250426193,827.2483310784363,-22.282509093386007,0.6268345961533667,0.01718072301727946,-2.2283509093386007
C,0.2,1,0.6574976416909464,0.6556307568950568,0.9193912715239713,0.6556307568950568,0.6574976416909464,68.21615932478828,79.94540841988295,6046.7623390948165,9.725130948936627,0.6374855012216217,0.037470037019607806,0.11729249095094672
C,0.2,1,0.9215016530038771,0.7994312398960038,0.8010780683857033,0.7994312398960038,0.9215016530038771,27.112686943924302,31.927271338277208,2875.940210979453,-5.715982486577503,0.6353355807374148,0.02363709250426054,-0.5716982486577503
C,0.2,1,0.04467698725770908,0.9749597823700096,0.8024131319755899,0.9749597823700096,0.04467698725770908,5.969289730356852,11.169050658229013,424.07127658678303,-25.702706215549842,0.645197759009787,0.007005136898641488,-2.5703706215549844
C,0.2,1,0.8613089721762311,0.8212723205822479,0.7532839420780625,0.8212723205822479,0.8613089721762311,28.356421939451735,79.82451728899436,2919.6101867888565,-8.146907896250653,0.5705112828581944,0.2602733844495584,-0.8147907896250652
C,0.2,1,0.974759786833741,0.8721234589464442,0.9740075395327978,0.8721234589464442,0.974759786833741,0.04827254291487093,12.7172311732221,5.633133055821626,-29.40699081426714,0.6276341755379694,0.01136559656706404,-2.940799081426714
C,0.2,1,0.8133726917778602,0.5311870057683513,0.8472481480824984,0.5311870057683513,0.8133726917778602,30.43382820568226,51.9074051201423,2690.630057028405,-10.41511500452664,0.5848661681159536,0.11011933975060896,-1.041611500452664
C,0.2,1,0.7371884538475788,0.7637605134435133,0.961097499758639,0.7637605134435133,0.7371884538475788,28.276200656862372,36.90043483464744,2801.461352591264,-7.717411176761384,0.6199772269994231,0.04044408695744432,-0.7718411176761385
C,0.2,1,0.1833514613918963,0.9762954093019331,0.8359101038946883,0.9762954093019331,0.1833514613918963,39.988804211026505,40.35169728674139,3154.320720371844,-3.0493944939836415,0.6225155403637205,0.06082158115925663,-0.30503944939836414
C,0.2,1,0.47193195876593574,0.6701841308219585,0.8692418592831299,0.6701841308219585,0.47193195876593574,5.7421223990193155,6.019718558847864,452.6908477740213,-24.674533795805274,0.6814355384554641,0.0012847846564144766,-2.4675533795805276
C,0.2,1,0.28835503170649646,0.9917363945240738,0.7408812090973518,0.9917363945240738,0.28835503170649646,54.119016946983834,66.44769951616925,4466.258547264084,2.4575446456255987,0.6214913314959888,0.054238300579458276,0.12328682569185417
C,0.2,1,0.3030784882167603,0.06025164629087654,0.9809819704704877,0.06025164629087654,0.3030784882167603,10.848658640848011,29.593650554491212,463.14069342185644,-24.43920457720384,0.5815907856313155,0.07015121509847388,-2.444020457720384
C,0.2,1,0.5476031270206547,0.861015175387243,0.795169841497913,0.861015175387243,0.5476031270206547,41.645578044212634,43.49110751040915,3761.018864684359,1.3328048764828242,0.6339002382264648,0.03756452655999298,0.01845529466196517
C,0.2,1,0.757423241215371,0.8192283649680537,0.990434946813028,0.8192283649680537,0.757423241215371,74.49960801534455,93.09245423117567,7717.671714428156,15.28912377002651,0.6501427347127411,0.023175261426118764,0.18592846215831116
C,0.2,1,0.1811607647866691,0.7454677093849741,0.7490551598995215,0.7454677093849741,0.1811607647866691,35.25467473693448,39.090260966054196,2293.591673502161,-9.470920125297912,0.6054317481092897,0.07507854679400594,-0.9471920125297911
C,0.2,1,0.7805269205383922,0.9476576825014948,0.9213822416275194,0.9476576825014948,0.7805269205383922,2.9173793816244924,33.440169021130295,319.28904528545075,-25.126710414337737,0.5679709915373203,0.09620405219837895,-2.5127710414337736
C,0.2,1,0.6018433590966027,0.43554207671306755,0.8957144709262091,0.43554207671306755,0.6018433590966027,8.768571832441086,10.798856182694278,651.1728525831004,-22.502059667533327,0.6555278492360829,0.005331148565280639,-2.250305966753333
C,0.2,1,0.7721723535314547,0.40203695999606825,0.5277623101871496,0.40203695999606825,0.7721723535314547,25.73796392766467,79.4546528884923,1850.6760303044096,-11.850688059916335,0.5421459137826817,0.34817114274820915,-1.1851688059916334
C,0.2,1,0.43580923118513576,0.12770570486810096,0.9795562873471194,0.12770570486810096,0.43580923118513576,45.57467026472792,53.351079119935655,2400.1742400334265,-9.45810544527199,0.580093118197339,0.13541008262066714,-0.9459105445271989
C,0.2,1,0.006336115009961452,0.16117932697050885,0.5173282112609249,0.16117932697050885,0.006336115009961452,8.189500995219317,56.85662908086133,174.5098914650926,-21.493912464729583,0.5149353261234442,0.27920779756130304,-2.1494912464729583
C,0.2,1,0.7887388609149983,0.9329419217890461,0.9166718926324868,0.9329419217890461,0.7887388609149983,67.14241455333287,89.19727852704848,7318.579347654045,12.81066282753128,0.6534945313849934,0.01953844254371307,0.22054863973715613
C,0.2,1,0.7614854363986041,0.4795314239858676,0.7321848884434755,0.4795314239858676,0.7614854363986041,15.828570345286296,18.389167116927236,1271.9121340261763,-16.680778056972123,0.6389149718155284,0.01537807453281084,-1.6681778056972125
C,0.2,1,0.45839811286878984,0.9046560943658478,0.923306504673638,0.9046560943658478,0.45839811286878984,42.00315579430211,42.10799675172679,3832.173585170255,2.475215430073363,0.6371612655302448,0.03900141693030949,0.001048409574246776
C,0.2,1,0.9876888165137805,0.3298663112044772,0.12926422621133793,0.3298663112044772,0.9876888165137805,11.701492450491378,52.58311087251815,808.6826781833342,-19.928380060781656,0.5360914102305797,0.21417315015948077,-1.9929380060781656
C,0.2,1,0.509185626475399,0.4080657092557877,0.9696520021384128,0.4080657092557877,0.509185626475399,46.820834798964,56.955092962245715,3282.3215680851313,-4.600981653827491,0.5972943744751412,0.09370345259926853,-0.4601981653827491
C,0.2,1,0.7141524536802373,0.6785654066717213,0.14510637416743255,0.6785654066717213,0.7141524536802373,24.054480426581712,25.874640009120007,1762.3166865089158,-12.23177568717232,0.6286534610507216,0.029442504227574665,-1.223277568717232
C,0.2,1,0.6287987290684247,0.9298364678782489,0.03407932699136207,0.9298364678782489,0.6287987290684247,20.08611022609604,24.03775951302628,1582.4589463666812,-14.69281326721701,0.6270421372559234,0.02637827035730712,-1.469381326721701
C,0.2,1,0.9511278089777929,0.7260247114519086,0.7861807182213909,0.7260247114519086,0.9511278089777929,24.35911273110002,24.828602216098243,2521.4639841740823,-4.505569456755502,0.6523788914020525,0.01765243137691541,-0.45065694567555026
C,0.2,1,0.9086224806673127,0.3602571956449254,0.5085382141382719,0.3602571956449254,0.9086224806673127,24.401485617854313,46.65862264744657,1858.3546565766444,-15.505712345957134,0.5727610087195876,0.12341049383901281,-1.5506712345957134
C,0.2,1,0.4908499848400286,0.7341013210711762,0.29456923425029824,0.7341013210711762,0.4908499848400286,9.96428285822005,10.897485299543385,683.6673442672455,-21.67037221275129,0.6571085224170043,0.005478442496207094,-2.167137221275129
C,0.2,1,0.742706695787793,0.17800614183563157,0.7633715496157959,0.17800614183563157,0.742706695787793,31.95000887629208,34.99885304954364,2080.582361382563,-11.231303406355526,0.6104793967652953,0.055267035711369074,-1.1232303406355526
C,0.2,1,0.6836628049764009,0.27215015643925355,0.3614313516039096,0.27215015643925355,0.6836628049764009,27.01709936351645,42.22342719102089,1535.2853560595042,-17.10180197246097,0.5757917895849293,0.10757441219174971,-1.710280197246097
C,0.2,1,0.23210774875968393,0.7316208737386884,0.8662625574837766,0.7316208737386884,0.23210774875968393,37.24065653486052,39.35815546552446,2600.9989904703866,-7.079791707456672,0.6122379556558639,0.0691825353172565,-0.7080791707456673
C,0.2,1,0.3524335736077448,0.4431203683100947,0.9499704449250129,0.4431203683100947,0.3524335736077448,10.303592254016374,15.229725973584408,654.5558746266885,-23.31320440120606,0.6328966932828988,0.013502574232726893,-2.3314204401206062
C,0.2,1,0.7261053617458776,0.599638580883804,0.9202992923907605,0.599638580883804,0.7261053617458776,21.505781206468896,24.171716284859546,1920.3518389653652,-11.661656542694889,0.6349069166379672,0.02370281140287479,-1.166265654269489
C,0.2,1,0.9511278089777929,0.8365453059294459,0.7861807182213909,0.8365453059294459,0.9511278089777929,15.63745810126576,24.828602216098243,1705.0798726863106,-15.499144299659935,0.6234004956100163,0.026582747865165058,-1.5500144299659935
C,0.2,1,0.8982590784802578,0.9789456957782299,0.49667834968420566,0.9789456957782299,0.8982590784802578,5.279386656303251,43.5448278712814,561.0784181133887,-22.463805856027605,0.5495518702222268,0.15635185027089857,-2.2464805856027605
C,0.2,1,0.3768379931405978,0.5265960252510756,0.7051192242979419,0.5265960252510756,0.3768379931405978,32.204378343245146,35.62582163514152,2022.4247037318482,-11.600787825991135,0.6067172064322017,0.06430538387959216,-1.1601787825991134
C,0.2,1,0.23725973216954344,0.7684431644976343,0.629501520206747,0.7684431644976343,0.23725973216954344,21.277806399175272,21.499189214767178,1404.8178633923412,-16.2614702974893,0.6291356366625562,0.02605738826408124,-1.6262470297489302
C,0.2,1,0.9477122012151877,0.55424556588225,0.32160853522245336,0.55424556588225,0.9477122012151877,11.692746192569476,26.714168536982147,972.1127225244406,-21.758709079424886,0.5992675386444883,0.04580122329860723,-2.1759709079424887
C,0.2,1,0.5578644631209663,0.8486840543027153,0.8273965740356699,0.8486840543027153,0.5578644631209663,54.42803745229363,71.47630796128163,4953.623062228033,3.372330914219074,0.6279118108162358,0.03669951921259305,0.17048270508988003
C,0.2,1,0.1864777979343114,0.25856097623593033,0.8618274977488998,0.25856097623593033,0.1864777979343114,47.25246359324898,54.88096639531664,2069.5457352291937,-10.679818985166802,0.5695524774190578,0.16589608336591058,-1.0680818985166802
C,0.2,1,0.6040207034989805,0.8176988804845648,0.8010780683857033,0.8176988804845648,0.6040207034989805,18.34997433658259,18.550191801728083,1671.9199439076672,-12.449019046218076,0.6491139859874702,0.014852662410335447,-1.2450019046218075
C,0.2,1,0.843186449677771,0.5906614281261044,0.18187293326550602,0.5906614281261044,0.843186449677771,16.167569460499635,16.591832528204325,1232.6028400480795,-14.65344708486881,0.6504392867419665,0.011705506644948212,-1.465444708486881
C,0.2,1,0.32919775662269957,0.718422146787712,0.5354280576667135,0.718422146787712,0.32919775662269957,72.46812331878797,73.30023654825538,4765.989080361385,7.240351008395337,0.6107388202105101,0.09026332558326877,0.008321132294674101
C,0.2,1,0.6705133355568083,0.8036440870705842,0.753592675752422,0.8036440870705842,0.6705133355568083,25.550862754638416,27.083954783484142,2364.673274990472,-7.61283563766671,0.6383356133087398,0.026448993935126064,-0.761383563766671
C,0.2,1,0.9619781867712316,0.8847669400243796,0.031936616788907246,0.8847669400243796,0.9619781867712316,54.6988483437338,58.023851125763045,5094.413984964839,8.098056228783738,0.6388828904586478,0.02405034980823793,0.033250027820292447
C,0.2,1,0.7930933634463782,0.819836452983053,0.7520608366100816,0.819836452983053,0.7930933634463782,5.438191406270544,7.11030836076188,540.8173227973425,-23.063665131307967,0.6769335711281341,0.0017475056596906206,-2.306466513130797
C,0.2,1,0.7018069333896496,0.8982753516800044,0.8784399353189611,0.8982753516800044,0.7018069333896496,6.028386393114473,40.35169728674139,614.6850975900004,-22.602803836172143,0.5579056031931979,0.1317014519485047,-2.2603803836172145
C,0.2,1,0.7906291260675455,0.7868929780074562,0.6485996136687553,0.7868929780074562,0.7906291260675455,40.63296569174148,43.66871439258688,3863.8332228891522,1.3768849943280137,0.6358932415731237,0.027585664531268234,0.03035748700845396
C,0.2,1,0.3030784882167603,0.6758149915220211,0.8766347685357561,0.6758149915220211,0.3030784882167603,35.847489090505114,37.743107976732325,2540.1725493212025,-7.459573312832921,0.6144663531567519,0.06332442484266562,-0.7460573312832921
C,0.2,1,0.23168329484300387,0.08567923785071707,0.6352408992654623,0.08567923785071707,0.23168329484300387,1.7088293682728035,82.16111190182403,54.253878427644594,-17.500964447621005,0.4940226114080079,0.5118339158093885,-1.7501964447621006
C,0.2,1,0.516531398871735,0.8161461167016595,0.796171903571643,0.8161461167016595,0.516531398871735,44.90770095115752,46.927333369133386,3886.2304104678083,1.8868444739221903,0.6306190362512237,0.04279195310704626,0.020196324179758633
C,0.2,1,0.5749698696812999,0.5864852222581888,0.795169841497913,0.5864852222581888,0.5749698696812999,4.4232503585299385,15.72877830784251,344.80121475433424,-26.347263492528825,0.6226934229912541,0.01649050710780785,-2.6348263492528825
C,0.2,1,0.06588402317880371,0.5130557932513848,0.8087712120999783,0.5130557932513848,0.06588402317880371,29.83319486790212,34.788679848107876,1466.786947370666,-15.68775646126408,0.5947309379483905,0.07716607801942249,-1.568875646126408
C,0.2,1,0.808841149221941,0.7990924908859375,0.9673771985858608,0.7990924908859375,0.808841149221941,29.367360943157887,30.857559505291142,3071.2712630609876,-2.1854988068594166,0.64569913421391,0.02218224481707295,-0.21864988068594166
C,0.2,1,0.7924296196300593,0.6851449918734538,0.0959355089619992,0.6851449918734538,0.7924296196300593,32.90453892252388,33.367562362815015,2509.863407974828,-5.492469708386794,0.6302037373763707,0.039547738905976446,-0.5493469708386794
C,0.2,1,0.6414553222502326,0.57489864789208,0.990498406490609,0.57489864789208,0.6414553222502326,24.43893489365936,28.608951892465452,2091.4879259100367,-11.205678208805391,0.6250550425193097,0.034007498811556645,-1.1206678208805392
C,0.2,1,0.73066267720513,0.9882501494051487,0.8074096803780976,0.9882501494051487,0.73066267720513,21.631001516400016,22.52962035024163,2295.7172984636854,-7.2566874875922665,0.650950164737499,0.01703346909179112,-0.7257687487592267
C,0.2,1,0.8815445795792832,0.7885252116190671,0.6113516338711034,0.7885252116190671,0.8815445795792832,59.7632393425694,70.36470238111538,5903.847882946835,8.925345582661734,0.6421461562600963,0.02317303417517249,0.1060146303854598
C,0.2,1,0.7711699239463928,0.8571862592820347,0.8379545680633415,0.8571862592820347,0.7711699239463928,39.30327988427176,40.61659508989487,4023.3460140080083,3.9911129036358397,0.6464128218191845,0.023300440597109437,0.013133152056231126
C,0.2,1,0.9585223963668217,0.5429051012317583,0.966272779224362,0.5429051012317583,0.9585223963668217,9.330688889675788,23.03674222939994,925.8674106624619,-21.909448259796232,0.6096299340113525,0.03270203443033659,-2.191044825979623
C,0.2,1,0.9276638955395928,0.13497890043317384,0.021592666666684135,0.13497890043317384,0.9276638955395928,31.68747363056246,33.718359068921664,1700.7287051950625,-13.100639570956345,0.6077804248700099,0.058322282318286144,-1.3101639570956345
C,0.2,1,0.7769337747237467,0.8458723529662333,0.9881233956569789,0.8458723529662333,0.7769337747237467,28.957952284188938,32.12281686762769,3065.0078741649318,-3.402804435833237,0.6405205638607623,0.023399393815383442,-0.3403804435833237
C,0.2,1,0.29823340465021086,0.9971457540009637,0.6303560021103161,0.9971457540009637,0.29823340465021086,41.858084200285,42.857789900079055,3370.7418600179763,-1.2803716233714684,0.6246853834200825,0.05676494377410808,-0.12813716233714684
C,0.2,1,0.8298655069362157,0.9079050497840186,0.20302348819160843,0.9079050497840186,0.8298655069362157,24.417828926213684,25.344933202706642,2245.5640284169363,-7.243370388758692,0.643739787001273,0.021716264116976452,-0.7244370388758693
C,0.2,1,0.1016070004687214,0.3602571956449254,0.14766333155461586,0.3602571956449254,0.1016070004687214,13.001943652691821,13.28201554815075,348.25437056431866,-26.002088264680445,0.634053098259289,0.01126321437218343,-2.6003088264680447
C,0.2,1,0.9066725007473989,0.3047254077398637,0.4466818679861002,0.3047254077398637,0.9066725007473989,14.316705410569783,16.565787074559097,1027.0366674446261,-18.130119109294736,0.6416738568832592,0.012315204386038284,-1.8131119109294738
C,0.2,1,0.17002268761065154,0.9298364678782489,0.30862690597291087,0.9298364678782489,0.17002268761065154,61.25866684910141,67.91078429398384,3841.447099693016,0.4518576352047971,0.6053435049419528,0.10523863428348351,0.04508576352047971
C,0.2,1,0.7730324711164637,0.7014244711590185,0.049767295852880644,0.7014244711590185,0.7730324711164637,12.774403417767003,17.651962747096345,957.6590779936117,-20.067877004159143,0.6326151295855424,0.015380756840510414,-2.0068877004159145
C,0.2,1,0.749578549168569,0.593561212208417,0.35004009610869957,0.593561212208417,0.749578549168569,55.00536414156977,73.13310799257076,4175.34665714334,-1.2182937632754305,0.6134470079002168,0.050765106377760355,-0.12192937632754304
C,0.2,1,0.9257702501691752,0.9413948343762867,0.9562703216553021,0.9413948343762867,0.9257702501691752,7.767834747086081,9.456704002364097,910.8952369179389,-19.07580722960513,0.671775337267042,0.0031151154601926994,-1.907680722960513
C,0.2,1,0.485815415869166,0.1458837406121517,0.8169350875909367,0.1458837406121517,0.485815415869166,63.490318820662395,73.94166598488198,3302.0257713604765,-3.9011665465284437,0.5905079014898524,0.16639995606381486,-0.3902166546528444
C,0.2,1,0.7671117479667319,0.5379972697458999,0.4332458655019701,0.5379972697458999,0.7671117479667319,28.30348957386559,35.89636356568889,2153.516219708256,-12.28981333547772,0.6068405544394742,0.05504251876197435,-1.229081333547772
C,0.2,1,0.5817050194939078,0.6808015852913812,0.6905109783179786,0.6808015852913812,0.5817050194939078,26.563620180405433,29.856543425931946,2135.3990801994564,-10.535212411805087,0.6237595573687639,0.037630481949602626,-1.0536212411805086
C,0.2,1,0.5387143722581426,0.3017390175944268,0.7651932952505249,0.3017390175944268,0.5387143722581426,8.373056880432909,45.49647967046536,512.0333765708743,-22.300387044657263,0.5447256769983281,0.1717575692105315,-2.2301387044657264
C,0.2,1,0.6138109471399795,0.8428636080285857,0.787726294568125,0.8428636080285857,0.6138109471399795,53.78030791121322,57.68372030579236,4976.124371960569,7.554824984707349,0.636479015593601,0.03381481898769197,0.03903412394579142
C,0.2,1,0.8016959536852782,0.7907426476578038,0.9386931062085107,0.7907426476578038,0.8016959536852782,35.4914452723079,35.62582163514152,3658.7867486162277,2.8585099702931327,0.6502514042370812,0.022644460730576525,0.0013437636283362053
C,0.2,1,0.696085812850918,0.979152610823055,0.2257392631179882,0.979152610823055,0.696085812850918,23.38144249246041,24.354139284750026,2090.427283186742,-8.868678417455335,0.6416736808074367,0.022429573154651456,-0.8869678417455334
C,0.2,1,0.7893619513001527,0.013052041588187402,0.9158215521163395,0.013052041588187402,0.7893619513001527,22.240865967241167,22.638609730840674,1401.535713066676,-14.303770642288413,0.6314157542297706,0.025340633522868427,-1.4304770642288411
C,0.2,1,0.48310636830950116,0.10526985243520637,0.8081892873861792,0.10526985243520637,0.48310636830950116,58.34665067372637,70.66739455756189,2895.3675415601697,-6.41378018594828,0.5792751610733256,0.19060501137648855,-0.641478018594828
C,0.2,1,0.9206918624608519,0.7472966716491125,0.8675290734631169,0.7472966716491125,0.9206918624608519,8.695985626439205,26.799167244391253,913.8407247181171,-22.045341958613857,0.5978856031549427,0.04794118074030513,-2.2046341958613858
C,0.2,1,0.2009385277218737,0.5311870057683513,0.29886142715807995,0.5311870057683513,0.2009385277218737,45.15639793063329,51.21363910884701,1990.3952345447701,-11.438490870300345,0.5742792719486607,0.14619738933699264,-1.1439490870300344
C,0.2,1,0.21406738315088647,0.6956656665202168,0.7606788785527003,0.6956656665202168,0.21406738315088647,69.55237419686368,71.92241986843926,4486.380224617628,5.19117108069043,0.6072187715778118,0.10033657716074908,0.02370045671575582
C,0.2,1,0.6493158332268439,0.798721757469192,0.8005761479339664,0.798721757469192,0.6493158332268439,61.70213312023088,64.54070375372876,5702.281810528842,12.177552254380046,0.6407855890465253,0.03323628869941658,0.028385706334978805
C,0.2,1,0.843186449677771,0.9214234429582059,0.06380535371188267,0.9214234429582059,0.843186449677771,39.5401556289313,42.43666641160643,3551.7193293520854,-0.5534299594423786,0.6322982136995877,0.029153124934692395,-0.05544299594423786
C,0.2,1,0.5764821522460243,0.8647898747507676,0.6352408992654623,0.8647898747507676,0.5764821522460243,31.408870945772566,31.6358054775272,2762.2413402973493,-4.2539578844061765,0.6368185903676292,0.03466582528881017,-0.4254957884406177
C,0.2,1,0.813957676481296,0.624891561361069,0.8359101038946883,0.624891561361069,0.813957676481296,39.988019842887475,40.35169728674139,3712.496339223474,2.61288394376633,0.6420818811091554,0.02966213754321989,0.003636774438539163
C,0.2,1,0.9827625887751559,0.06025164629087654,0.8287496494292867,0.06025164629087654,0.9827625887751559,6.464303305566332,6.806136324927742,471.0502458318216,-23.527509611148226,0.6780655134310297,0.0017684854859444689,-2.3528509611148225
C,0.2,1,0.09092673768769666,0.6976076968691505,0.5595483118026442,0.6976076968691505,0.09092673768769666,41.86705344427833,64.93317160720905,2236.3466425846914,-10.480862196929593,0.5616625894505962,0.21153960896754373,-1.0481862196929592
C,0.2,1,0.3843093077549674,0.8161461167016595,0.6955037038966834,0.8161461167016595,0.3843093077549674,37.47004106561442,46.927333369133386,2900.5695112488615,-6.785704925441462,0.603822062777086,0.07652344541052161,-0.6786704925441462
C,0.2,1,0.1589720284444619,0.7197858782739696,0.6332120486015747,0.7197858782739696,0.1589720284444619,14.97100688606402,70.5938176967008,894.790082132064,-16.19095115226721,0.5223461748244169,0.3490970470775664,-1.6191951152267212
C,0.2,1,0.11992916968074419,0.7454677093849741,0.7490551598995215,0.7454677093849741,0.11992916968074419,5.253396037242901,6.782440317666294,325.69071197362325,-27.074972276407802,0.6690968956808029,0.001961462621602976,-2.7075972276407803
C,0.2,1,0.5476031270206547,0.4193400502592803,0.2873342282475878,0.4193400502592803,0.5476031270206547,37.75312660275954,39.42616155289208,2096.4505468846323,-10.303922725553594,0.6027438777556822,0.07635015861973862,-1.0304922725553594
C,0.2,1,0.4311942598698511,0.2228450021739964,0.7719182626452382,0.2228450021739964,0.4311942598698511,38.76457391106747,42.81086784782728,2015.7547293522912,-11.787614174595216,0.5909750043640756,0.09721240375298161,-1.1788614174595216
C,0.2,1,0.8433088605046635,0.6655538237027614,0.9143391719028656,0.6655538237027614,0.8433088605046635,15.755060039055632,18.443346924959076,1548.7478227536824,-14.235417941455967,0.6453123405864856,0.013485518564906552,-1.4236417941455968
C,0.2,1,0.5078123302435347,0.8210941327960817,0.39515095088723995,0.8210941327960817,0.5078123302435347,48.436376287798694,49.84841156322896,3696.8626784451203,0.8406054082449627,0.622520030298137,0.0572763067923505,0.01412035275430263
C,0.2,1,0.22751648451023687,0.8966307817609482,0.975440747790481,0.8966307817609482,0.22751648451023687,49.839929135693815,58.83674575348501,4016.768448100634,0.9119364054885872,0.6146348339219756,0.06042876143729497,0.08996816617791197
C,0.2,1,0.6180555383026466,0.7405164576800419,0.8899655796728444,0.7405164576800419,0.6180555383026466,66.52713967791234,79.4546528884923,5999.267057647763,9.271425405219468,0.6383540584171508,0.03652699671973527,0.1292751321057996
C,0.2,1,0.4849758773648637,0.8922585100965041,0.8839881835702973,0.8922585100965041,0.4849758773648637,43.93843360686503,45.79399915960169,3996.7024875545553,2.786684097440946,0.6347402622699471,0.038567515743400026,0.018555655527366568
C,0.2,1,0.5404112717331038,0.16117932697050885,0.9854711481249756,0.16117932697050885,0.5404112717331038,67.28986009053753,67.86316457203948,4018.302053394902,3.010259544398812,0.6044154093101702,0.10625563821379759,0.005733044815019497
C,0.2,1,0.822557472822529,0.8204018513856608,0.8552808368904737,0.8204018513856608,0.822557472822529,4.921742100551684,11.38816093740951,509.5478963404426,-24.587947840708576,0.6471043389357607,0.006497935228882216,-2.458894784070858
C,0.2,1,0.23837879720373006,0.8027738021054154,0.966272779224362,0.8027738021054154,0.23837879720373006,48.706060157487045,53.573378005084905,3712.1055595898624,-0.0524756851035527,0.6148326054221951,0.06873925053872573,-0.005347568510355271
C,0.2,1,0.4932043037351528,0.9295679742439831,0.5597659060016964,0.9295679742439831,0.4932043037351528,38.63228084176748,40.30533659483417,3288.872752996161,-1.7157260990228915,0.6289457867475937,0.044763475857173364,-0.17167260990228914
C,0.2,1,0.9876888165137805,0.3298663112044772,0.7260138464271033,0.3298663112044772,0.9876888165137805,54.045074595589284,57.25426976509216,4541.305070256308,4.56977304809218,0.629548323399653,0.034525774434888024,0.03209195169502877
C,0.2,1,0.7732227786617409,0.7260247114519086,0.8223477118246598,0.7260247114519086,0.7732227786617409,3.4723913559740764,18.090807385570695,331.6865284104486,-26.458789451593063,0.613140459908196,0.02345665849458672,-2.6459789451593063
C,0.2,1,0.13628553131128307,0.2918683273255379,0.44216704791151107,0.2918683273255379,0.13628553131128307,70.48006961390915,73.13310799257076,2287.9147960538485,-7.299264722219231,0.5583225419812692,0.2756899753437094,-0.7300264722219232
C,0.2,1,0.17002268761065154,0.6408368704119706,0.8876524957868503,0.6408368704119706,0.17002268761065154,61.25866684910141,67.91078429398384,3843.0189892453727,0.6303354428728247,0.6040912144129846,0.10929596552957369,0.06293354428728247
C,0.2,1,0.5792012960713768,0.1458837406121517,0.7633715496157959,0.1458837406121517,0.5792012960713768,34.879154357601976,35.962577569285735,1930.1614986248933,-11.39141861603426,0.6062662197786564,0.06680582763540041,-1.1392418616034259
C,0.2,1,0.6206854683187966,0.435148702780763,0.9051202054837172,0.435148702780763,0.6206854683187966,40.150346971343794,40.845196378010115,3028.1276732160554,-3.1706067293794673,0.6226913509750422,0.05599115440077335,-0.3171606729379467
C,0.2,1,0.3929727760053837,0.471664006010333,0.7847426482877259,0.471664006010333,0.3929727760053837,34.40330952041706,69.08932338333199,2162.2619472940646,-11.355287463888347,0.5557058168849337,0.24764555910961183,-1.1356287463888346
C,0.2,1,0.4721810108128651,0.955368938859357,0.7435214675425381,0.955368938859357,0.4721810108128651,31.619825500229222,32.680188122872636,2844.6944915590684,-4.394263051205715,0.6344549804187651,0.036563724016079845,-0.4395263051205715
C,0.2,1,0.8742311607445125,0.8318810553331251,0.35517392679844006,0.8318810553331251,0.8742311607445125,55.344833577001666,64.53761310332959,5212.650879864063,5.729432641746952,0.6330448022104745,0.025834572059075016,0.09192779526327925
C,0.2,1,0.7266410585709641,0.5924804314559204,0.9566657824976719,0.5924804314559204,0.7266410585709641,49.012052608226156,49.81648351014078,4404.846434798609,6.053130586791464,0.6392505056162141,0.03475120208294883,0.008044309019146212
C,0.2,1,0.4908499848400286,0.6904762371704608,0.8885044434733652,0.6904762371704608,0.4908499848400286,56.127354003430995,61.3839474308056,4561.970838627198,4.552691538241861,0.6251256525968731,0.05148660707921454,0.052565934273746034
C,0.2,1,0.7907312969182958,0.6609406906029565,0.39078967648469665,0.6609406906029565,0.7907312969182958,40.78316829241344,43.5448278712814,3358.6301771984067,-2.023787464597339,0.6252506378338278,0.04094207938647869,-0.20247874645973388
C,0.2,1,0.9795451704890021,0.5265960252510756,0.4090159204591043,0.5265960252510756,0.9795451704890021,33.31350973423639,33.749161304592015,2849.3863654628763,-2.5496454898545102,0.6385367115515072,0.030894768659069444,-0.255064548985451
C,0.2,1,0.054719688731407756,0.2865652893441739,0.535288453116741,0.2865652893441739,0.054719688731407756,77.54790236954643,87.16102319495505,2361.059125545965,-6.8454655473632835,0.5538907704829648,0.35452211694485963,-0.6846465547363284
C,0.2,1,0.8292990191929206,0.6975645700210484,0.13546942035371756,0.6975645700210484,0.8292990191929206,54.07681334763841,71.47630796128163,4311.5397300309705,-0.7480666572883876,0.6162081120062233,0.04144415080862912,-0.07490666572883876
C,0.2,1,0.9093603617644664,0.8212723205822479,0.9638695390593089,0.8212723205822479,0.9093603617644664,30.554351577383006,33.927448467027936,3380.1781906652513,-1.332402860666289,0.6439005876357402,0.017378532013521568,-0.1333402860666289
C,0.2,1,0.32919775662269957,0.13144480403980563,0.9739306933427021,0.13144480403980563,0.32919775662269957,68.29809252305185,69.16888546315873,3235.990626533163,-1.9745799543754874,0.5828873552168928,0.17955617767837861,-0.19755799543754873
C,0.2,1,0.4486713784833452,0.6256881774013873,0.9017363687596083,0.6256881774013873,0.4486713784833452,63.12918974704442,72.51438744694325,4814.319571130786,4.660651429809901,0.6233044465449034,0.06183329771682683,0.09385197699898824
C,0.2,1,0.5232245806353638,0.15006146794125352,0.9140380241775126,0.15006146794125352,0.5232245806353638,30.278129143884307,30.304144878448025,1711.1761299406085,-12.642106279183388,0.6150336076642631,0.05009249039078767,-1.2643106279183387
C,0.2,1,0.8580051660738166,0.9098987555843758,0.9679491237878577,0.9098987555843758,0.8580051660738166,31.900113389452457,49.35893637406915,3591.7589482290455,-4.99584355843247,0.6130978650648616,0.040461689050673426,-0.499684355843247
C,0.2,1,0.7711429003783529,0.7115256461426057,0.8992023326287761,0.7115256461426057,0.7711429003783529,30.657841576434187,31.462352727488817,2961.960936952402,-2.668045246495844,0.6425124516658425,0.02714112007538933,-0.26690452464958436
C,0.2,1,0.22023071613399348,0.5311870057683513,0.29886142715807995,0.5311870057683513,0.22023071613399348,49.15547966819617,56.222934983206194,2214.0818477215767,-9.879763092184264,0.5711812114832495,0.1638784884078088,-0.9880763092184264
C,0.2,1,0.6292619938848478,0.526032010632593,0.6352408992654623,0.526032010632593,0.6292619938848478,35.0402348745793,41.61575692895511,2580.5634211792394,-8.850692198839994,0.6061309943205113,0.06649743464429671,-0.8851692198839993
C,0.2,1,0.6395668906423952,0.43429606673748156,0.7719476231127995,0.43429606673748156,0.6395668906423952,39.988019842887475,40.35169728674139,2918.7990841800283,-3.5878785268956888,0.6219593282469045,0.05753155552781444,-0.35888785268956885
C,0.2,1,0.8387486448361653,0.6529657779230147,0.9878075580237399,0.6529657779230147,0.8387486448361653,17.00644617176769,18.82991624066524,1688.4154533050757,-12.603734053790138,0.6482185507208065,0.013594190777659049,-1.2604734053790136
C,0.2,1,0.7200915334799945,0.9871838343533924,0.813450432337413,0.9871838343533924,0.7200915334799945,49.09234342086994,52.03796138683197,5189.062133087519,9.768258035340233,0.6483753463791307,0.022034171674794826,0.029456179659620288
C,0.2,1,0.9750365914845244,0.6139623903730942,0.795169841497913,0.6139623903730942,0.9750365914845244,20.20367733790252,21.099006052347093,2006.8150086467203,-8.775513497700336,0.6512201675304996,0.01496679053324314,-0.8776513497700336
C,0.2,1,0.830486933585246,0.7880222209842267,0.9680870908948012,0.7880222209842267,0.830486933585246,45.92061839464739,46.927333369133386,4827.526009605518,9.226506146349468,0.6521285160793124,0.021093860032947494,0.010067149744859947
C,0.2,1,0.7042253885172152,0.06025164629087654,0.8558708225835338,0.06025164629087654,0.7042253885172152,38.76057417280329,39.073127706101744,2310.9295530813683,-7.790568870563661,0.6108358988680711,0.06938033065311816,-0.7791568870563661
C,0.2,1,0.31677497260412907,0.21821243546151536,0.03927423701988253,0.21821243546151536,0.31677497260412907,41.81506011963016,47.735734562932365,1159.5828961289767,-17.35598681059596,0.5592674750871098,0.15639224504962077,-1.7356986810595962
C,0.2,1,0.8137055376119379,0.7454677093849741,0.5908236333803693,0.7454677093849741,0.8137055376119379,16.474521707069695,33.313930499538614,1527.6700944660151,-17.721783012324675,0.5948498448142016,0.0630688307009859,-1.7722783012324677
C,0.2,1,0.897704947790527,0.8267511367857562,0.8353486751257382,0.8267511367857562,0.897704947790527,3.4007055778202906,23.179756448654775,364.23774374935743,-25.970618590755805,0.5967618319997126,0.041912650596876926,-2.5971618590755807
C,0.2,1,0.9296878527181464,0.31768469584714754,0.9561179197052707,0.31768469584714754,0.9296878527181464,16.859069791376648,16.85955731961124,1454.4585110329078,-12.555769590229508,0.6548363482526247,0.011468260784498639,-1.2556769590229506
C,0.2,1,0.22751648451023687,0.32177189476438695,0.09362342991391748,0.32177189476438695,0.22751648451023687,40.83845064779321,48.21037227377681,1217.1902139710685,-16.8828838853544,0.5596634746939679,0.15860717441814162,-1.68838838853544
C,0.2,1,0.7305188576252049,0.6143593847392651,0.9552101428052393,0.6143593847392651,0.7305188576252049,24.997819122162273,25.172506029153634,2277.905411535431,-7.258559517188495,0.6435639337568787,0.023823209613517592,-0.7259559517188495
C,0.2,1,0.5370846473918764,0.20742565513409672,0.63833051421455,0.20742565513409672,0.5370846473918764,57.38417651913777,68.53503470454841,3051.9073036543477,-5.753889143388484,0.5844162281597081,0.1637074720173003,-0.5754889143388484
C,0.2,1,0.9670289252728879,0.16117932697050885,0.3398742844396979,0.16117932697050885,0.9670289252728879,9.519220779485876,48.21037227377681,617.8666306884209,-21.52837549507973,0.5406583580182442,0.1891058508028126,-2.152937549507973
C,0.2,1,0.9891037711750361,0.8458723529662333,0.7342527948577353,0.8458723529662333,0.9891037711750361,3.1366462003750053,23.810195322351742,345.3608253559594,-26.08018198218006,0.5943641626265447,0.04493562842541692,-2.608118198218006
C,0.2,1,0.5621381595782627,0.5448430874977904,0.5597659060016964,0.5448430874977904,0.5621381595782627,0.2804832000124096,32.27152297386531,19.449605441011002,-26.93978010628688,0.5649419636724623,0.096674619048518,-2.694078010628688
C,0.2,1,0.2788576314935391,0.8027738021054154,0.9556246554775405,0.8027738021054154,0.2788576314935391,52.65248676450093,53.573378005084905,4105.429600190904,3.276566550234381,0.622829900517208,0.06381108065369175,0.00920891240583977
C,0.2,1,0.5024075569593993,0.6785654066717213,0.3428197743133551,0.6785654066717213,0.5024075569593993,37.71716397529994,39.13174434624183,2550.4022870273484,-6.886294896864947,0.6141930915425385,0.06354158266325383,-0.6887294896864947
C,0.2,1,0.7393264063414058,0.9094643366682935,0.9261023836861338,0.9094643366682935,0.7393264063414058,5.705762020128785,24.942997363217263,602.48337521991,-24.14076900645699,0.5967644521066598,0.04554112460026497,-2.414176900645699
C,0.2,1,0.5564000316337834,0.3298663112044772,0.7260138464271033,0.3298663112044772,0.5564000316337834,69.15941827688495,73.67710648256278,4319.950617450373,2.916164184841166,0.6089318066639997,0.09364580118648709,0.045176882056778285
C,0.2,1,0.7832390880254835,0.5140731612001959,0.9451210779290629,0.5140731612001959,0.7832390880254835,3.103595891878734,44.02521317849292,274.64849572875494,-23.697204831289536,0.5427782032730467,0.1705757562842592,-2.3698204831289535
C,0.2,1,0.3513115066407182,0.9298364678782489,0.9955841054613233,0.9298364678782489,0.3513115066407182,44.63954764562708,46.118890644346834,3970.5539052561476,2.6073086425562253,0.6327833382514589,0.04448034762476181,0.014793429987197513
C,0.2,1,0.8013607022950535,0.9672708678906426,0.8124177106022323,0.9672708678906426,0.8013607022950535,30.180167362122457,30.283908410677263,3281.85240135508,0.7237986705498038,0.6541715574596028,0.019243112709819293,0.0010374104855480583
C,0.2,1,0.46840478223614124,0.8062842832092205,0.09291041663021626,0.8062842832092205,0.46840478223614124,40.113418986445915,42.7533532633619,2649.780689744876,-6.734992353526115,0.6086291367273738,0.07303644521487562,-0.6735992353526116
C,0.2,1,0.4908499848400286,0.5340347157382996,0.9654422863943594,0.5340347157382996,0.4908499848400286,14.787404122053305,32.1399582789664,1114.6788434338796,-20.00027001524006,0.5894963040856624,0.0677806628406831,-2.000127001524006
C,0.2,1,0.7784588421402674,0.6711365043543355,0.9313668047953307,0.6711365043543355,0.7784588421402674,31.857394599841438,35.80655343087723,3050.789543607581,-4.33682015091863,0.6311970848312574,0.0316417109865891,-0.43378201509186304
C,0.2,1,0.3962890186444423,0.1458837406121517,0.8481865569290332,0.1458837406121517,0.3962890186444423,91.54603907607674,91.89823748515012,4422.891422355131,5.2430753245933825,0.5854885166951959,0.17079802877114153,0.0035219840907338095
C,0.2,1,0.4657039560019658,0.7250553143921676,0.9909851649441077,0.7250553143921676,0.4657039560019658,5.989927263386338,6.424680377130687,505.02629732094516,-24.342682574129856,0.6789327851662208,0.0015051405634454466,-2.4343682574129857
C,0.2,1,0.582746792940703,0.7712971417274033,0.7976653408861345,0.7712971417274033,0.582746792940703,42.137509921931986,51.54004222619633,3693.092766989727,-2.2113657370599573,0.6161176218599197,0.04351108377470204,-0.22123657370599573
C,0.2,1,0.93988788134345,0.5265960252510756,0.9386931062085107,0.5265960252510756,0.93988788134345,1.7469401522762926,21.45493549948102,169.08899790236367,-27.457996873506175,0.5980649809663977,0.0375387302824424,-2.745899687350618
C,0.2,1,0.44539049483731213,0.9294860340708427,0.46139699772083453,0.9294860340708427,0.44539049483731213,51.23785904821222,58.3653222124706,4113.311348206776,1.231087015760197,0.617376731368494,0.0523250971033959,0.0712746316425838
C,0.2,1,0.5816954174494982,0.8731542994299932,0.775867706792595,0.8731542994299932,0.5816954174494982,41.15730663756574,42.46297707292455,3792.2004234254405,1.9378952930054152,0.6370175760543647,0.03482786808530606,0.013056704353588132
C,0.2,1,0.8672261569051259,0.8050743614123286,0.9239681656993393,0.8050743614123286,0.8672261569051259,18.577302202948136,45.31358638797724,1982.462501149015,-14.938992849660808,0.5779390912866177,0.11225085460134887,-1.4939992849660808
C,0.2,1,0.47998860202479054,0.9142457635972808,0.8734970517998999,0.9142457635972808,0.47998860202479054,26.178223385929833,33.17301644122591,2396.59395750396,-9.57847057443786,0.619926683735983,0.042516819270555235,-0.9579470574437859
C,0.2,1,0.7256814682563899,0.8520946907387189,0.87518384223488,0.8520946907387189,0.7256814682563899,55.737712367700354,73.30023654825538,5616.600318217886,6.182530904398689,0.6363101435238253,0.025205094017281975,0.1756252418055503
C,0.2,1,0.8580051660738166,0.5954369239570836,0.5854938370236226,0.5954369239570836,0.8580051660738166,44.072391903145544,46.78356112744555,3847.9363160729777,1.1367733475207458,0.6309101128484987,0.03322584813747717,0.027111692243000078
C,0.2,1,0.5503289153553124,0.7945168737987646,0.031462389450655825,0.7945168737987646,0.5503289153553124,56.76699626354205,59.378528805400656,3861.7934280071745,1.162971355185807,0.6127147410609631,0.072507667154407,0.02611532541858608
C,0.2,1,0.6036497007196938,0.9367462831320534,0.93440915367323,0.9367462831320534,0.6036497007196938,35.030059323637005,35.28315756851412,3516.318336954012,1.0952665663420993,0.6454884337598648,0.027767737461559146,0.002530982448771155
C,0.2,1,0.5183956668319972,0.6553986596184602,0.8251688569494342,0.6553986596184602,0.5183956668319972,0.8578926264999015,78.23751503533417,68.04713183432007,-18.010025131238365,0.49732844409843,0.4764699612226466,-1.8011025131238365
C,0.2,1,0.3934150971153505,0.9352094301044975,0.8992023326287761,0.9352094301044975,0.3934150971153505,54.532362812743905,62.53810738561645,4848.5424341376065,5.64006292978574,0.6297326394470475,0.04313093690531384,0.08005744572872545
C,0.2,1,0.7004804990780789,0.9917363945240738,0.2849146872187286,0.9917363945240738,0.7004804990780789,4.864473648896557,23.54473896461993,446.2362240612407,-25.35978142587082,0.5974651168157158,0.04206734708807254,-2.5360781425870824
C,0.2,1,0.9480526097354863,0.7030444091945958,0.8874045505912712,0.7030444091945958,0.9480526097354863,19.82714319305613,20.7188285900017,2076.694278366311,-8.293705685047598,0.6535900351040204,0.01402345350384928,-0.8294705685047598
C,0.2,1,0.5355262318067607,0.18218901191354808,0.9396967385582544,0.18218901191354808,0.5355262318067607,27.87108432945839,28.950673948317608,1654.9342802251786,-13.67023095100197,0.6158758250463776,0.044904957971480225,-1.367123095100197
C,0.2,1,0.6974690514929646,0.8564353137237766,0.753592675752422,0.8564353137237766,0.6974690514929646,0.3127811178300802,48.06188303137115,30.19433620543677,-24.00238898803104,0.5293393119233614,0.21239586622751305,-2.400338898803104
C,0.2,1,0.5476031270206547,0.861015175387243,0.9920023370177493,0.861015175387243,0.5476031270206547,15.52401307998242,27.55160877996706,1478.3668789450587,-17.18689581478032,0.6105552455752781,0.04045335853994388,-1.7187895814780323
C,0.2,1,0.4978413802879783,0.06875054660842184,0.6482509573452546,0.06875054660842184,0.4978413802879783,38.76457391106747,42.81086784782728,1726.4140351027413,-13.889445616936019,0.5839015661257633,0.10523042108513161,-1.3890445616936018
C,0.2,1,0.5993532123443223,0.8563992421452568,0.9809819704704877,0.8563992421452568,0.5993532123443223,38.8146363790239,40.025751500569754,3777.1365708989865,2.0307328433315175,0.6409813987751056,0.03041883852250831,0.01211115121545852
C,0.2,1,0.6992146992896957,0.21110376170328693,0.5265685526240712,0.21110376170328693,0.6992146992896957,8.960468579920446,43.7583920869674,525.8015226465122,-22.606066257308704,0.5483887468661549,0.15892983779058825,-2.2607066257308706
C,0.2,1,0.6015914412510313,0.9727066010745647,0.9479399126467709,0.9727066010745647,0.6015914412510313,5.413632993119019,11.516483025441138,554.4285608117993,-24.211096660877047,0.6474124559691142,0.006688093085076642,-2.4212096660877047
C,0.2,1,0.3822674083125364,0.9476576825014948,0.9599301745403238,0.9476576825014948,0.3822674083125364,16.425858765378777,33.440169021130295,1486.45002230286,-17.28519430074389,0.5952599697562045,0.06486743549289951,-1.7286194300743891
C,0.2,1,0.6513727262336784,0.13081806314319033,0.8957144709262091,0.13081806314319033,0.6513727262336784,15.994651904260337,17.926032216615766,983.7094991419173,-19.295517602889344,0.6333885820480356,0.016859361645956982,-1.9296517602889345
C,0.2,1,0.06588402317880371,0.6192248486774619,0.8501916072898349,0.6192248486774619,0.06588402317880371,48.57365035095212,49.700374703826725,2696.3346862893363,-6.28427261695279,0.5936966643950997,0.1201549912299115,-0.6285272616952791
C,0.2,1,0.43580923118513576,0.8171556024936258,0.9089537957870186,0.8171556024936258,0.43580923118513576,44.772585280646204,53.351079119935655,3822.329026927686,-0.7763013067849008,0.6172101587051548,0.04683367037460297,-0.07773013067849008
C,0.2,1,0.7711699239463928,0.257857985369897,0.9722403005685573,0.257857985369897,0.7711699239463928,61.9374562897831,62.61383114873426,4692.220835702994,7.4901143190320685,0.6266624062371087,0.05356643408622194,0.006763748589511636
C,0.2,1,0.7356977114080954,0.22323675650532437,0.5597659060016964,0.22323675650532437,0.7356977114080954,3.2948194499321737,13.270416281150272,204.08398666715712,-27.66597388908324,0.6297842710417232,0.011401143721791077,-2.766697388908324
C,0.2,1,0.9026616563538864,0.6347587769142833,0.8348791440106322,0.6347587769142833,0.9026616563538864,6.522022271603063,6.743723349656183,637.4820246129879,-20.747561346429652,0.6855903634813386,0.0014846467489762162,-2.0748561346429653
C,0.2,1,0.6977162416613952,0.8027738021054154,0.8020110101511133,0.8027738021054154,0.6977162416613952,28.26129110511199,28.633087100242843,2686.935962045441,-4.39194489667495,0.6432530934530037,0.026627344801382093,-0.439294489667495
C,0.2,1,0.5358706861346842,0.9799624253621315,0.5915554275304366,0.9799624253621315,0.5358706861346842,22.327605209629606,23.91642834599746,2022.4465649970994,-10.376235585694898,0.6386460748183145,0.023593467030965907,-1.0377235585694897
C,0.2,1,0.5217791703474864,0.3245875528444241,0.9409166517236669,0.3245875528444241,0.5217791703474864,60.448425915557394,60.59930674172287,3980.0000710737736,3.071254562616631,0.612340310823485,0.08550408522141295,0.0015088082616547638
C,0.2,1,0.6684796141439896,0.8515467151655213,0.9048456285976584,0.8515467151655213,0.6684796141439896,72.30731918602508,73.67710648256278,7131.125490254503,20.71121493354266,0.6456158178816938,0.027848883259190167,0.013697872965376945
C,0.2,1,0.9196426647872865,0.875432345986215,0.9690824382160127,0.875432345986215,0.9196426647872865,14.847421496636168,45.38399093371236,1692.3211507811693,-16.574682090115388,0.5705898236586476,0.1252275032938848,-1.657568209011539
C,0.2,1,0.6711063989908751,0.9286123006577705,0.9517207884068124,0.9286123006577705,0.6711063989908751,2.695771277058043,10.451402747452498,279.76432522342606,-26.950331090559924,0.6458121239314603,0.005970230107456204,-2.6951331090559925
C,0.2,1,0.5363689627704745,0.9298364678782489,0.7807149028736645,0.9298364678782489,0.5363689627704745,56.017741936477584,62.10074402459813,5200.023020875586,7.991800722390343,0.6363409742092779,0.035101141842146695,0.06083002088120544
C,0.2,1,0.7816930007650664,0.8097115848165556,0.7986946480519949,0.8097115848165556,0.7816930007650664,42.16315331874885,42.22342719102089,4196.818899218906,6.156268249240474,0.647962876791878,0.02488200921478501,0.0006027387227204173
C,0.2,1,0.6132715392708696,0.8059131409777146,0.21410019374965528,0.8059131409777146,0.6132715392708696,63.24723597705538,69.08932338333199,4826.506555255648,5.244580096398421,0.6269303879358492,0.05328205702017775,0.05842087406276605
C,0.2,1,0.4908499848400286,0.21713102577104015,0.7792354178791553,0.21713102577104015,0.4908499848400286,40.34680182958523,44.125471554511485,2214.229901305822,-10.385566588214212,0.5934868129785456,0.09600237502113158,-1.0386566588214212
C,0.2,1,0.6430614837904068,0.9002599763511814,0.23695775672480512,0.9002599763511814,0.6430614837904068,47.74018264677669,52.06605958252813,3966.732584132792,1.001356928369529,0.6239325989839122,0.041891746923631096,0.04325876935751445
C,0.2,1,0.6552067713385066,0.7598152144989082,0.8657348902597238,0.7598152144989082,0.6552067713385066,46.879785427887995,52.691174618532244,4331.433000910399,2.7734653625349313,0.6293606564111948,0.03337008650542064,0.05811389190644249
C,0.2,1,0.6362227636895831,0.9535778152222242,0.9429928375804817,0.9535778152222242,0.6362227636895831,43.290880592805586,43.5448278712814,4461.7681096914,7.263353541023859,0.6483389120450366,0.025344200145837426,0.0025394727847581323
C,0.2,1,0.7978630631407989,0.9936277819901342,0.9971337982741076,0.9936277819901342,0.7978630631407989,37.19648414554072,45.49647967046536,4259.104828851846,1.639371904515497,0.6367568520667497,0.017121654537450487,0.0829999552492464
C,0.2,1,0.8888367715595121,0.8731542994299932,0.9123859859163541,0.8731542994299932,0.8888367715595121,41.65492298953283,42.46297707292455,4619.914318017483,8.651062238051018,0.6563781985439993,0.01730233168881289,0.00808054083391724
C,0.2,1,0.8935675477543079,0.8145744751227867,0.18459114471881843,0.8145744751227867,0.8935675477543079,18.3075950831652,19.036176750126177,1648.0841233048798,-11.281546140691084,0.6508935974829411,0.013600386196693048,-1.1282546140691083
C,0.2,1,0.7863652022870106,0.8716757355306988,0.554902913106363,0.8716757355306988,0.7863652022870106,8.30273075119457,24.915284349781373,803.4936110723203,-22.7767216027505,0.6011687441814557,0.04185022722718384,-2.27777216027505
C,0.2,1,0.7499582861317994,0.7443811499654057,0.8692358017198318,0.7443811499654057,0.7499582861317994,36.38298061647775,37.46014179844216,3509.060870026174,0.6517140961413256,0.6414605798701574,0.027954483632686322,0.010771611819644065
C,0.2,1,0.5613505471463012,0.5954369239570836,0.9423609085526973,0.5954369239570836,0.5613505471463012,18.403610159111615,19.667406476044746,1498.024352511316,-14.754628884370081,0.6394415219960393,0.01825532711859298,-1.475562888437008
C,0.2,1,0.3797298380516939,0.6677116402961945,0.7921833168138013,0.6677116402961945,0.3797298380516939,62.147325885086765,65.05738380481742,4485.58621379107,5.002161383597908,0.6183217432444261,0.07241052824462552,0.029100579197306544
C,0.2,1,0.819916111476647,0.32324825029296855,0.9841721813495076,0.32324825029296855,0.819916111476647,20.35818402337925,20.892415568062432,1664.5364817588325,-12.065437960638944,0.6427994280837557,0.018579434897035018,-1.2066437960638943
C,0.2,1,0.6493158332268439,0.41488606389030624,0.8878199004608403,0.41488606389030624,0.6493158332268439,29.579752568328093,35.0083562690194,2230.4787644952658,-10.875488972287789,0.6120416278999747,0.05223288138961591,-1.0876488972287788
C,0.2,1,0.5183956668319972,0.6722069941170629,0.9808190737074309,0.6722069941170629,0.5183956668319972,42.21615971416679,47.95136221752779,3548.2939711952254,-1.8528941228710798,0.6193956854832166,0.049235727590047254,-0.18538941228710798
C,0.2,1,0.6036497007196938,0.9024748905132928,0.9028182119925108,0.9024748905132928,0.6036497007196938,35.91746196374782,36.17697184637399,3515.482105649297,1.016313523329723,0.6436754677547698,0.02961848451671658,0.0025950988262616903
C,0.2,1,0.5851643260130002,0.7169265259367807,0.9360212473733706,0.7169265259367807,0.5851643260130002,35.829518783102934,36.81501955359789,3171.0942034657496,-2.0962231909038374,0.6335454120526387,0.0392074707028618,-0.20972231909038372
C,0.2,1,0.38401458555604007,0.9917363945240738,0.36832876053716945,0.9917363945240738,0.38401458555604007,20.669414343873925,21.768662850454586,1612.1268462210328,-13.839898150171262,0.6351493274881596,0.023172704100126215,-1.3840898150171261
C,0.2,1,0.67194430981246,0.9593740989917843,0.9623712147440604,0.9593740989917843,0.67194430981246,32.047024494640056,32.68080473994257,3384.9733975713284,0.3381268473146359,0.6485164585558414,0.02321065987270882,0.006337802453025176
C,0.2,1,0.516531398871735,0.5945367911151046,0.796171903571643,0.5945367911151046,0.516531398871735,41.25361261712021,41.64431402725009,3112.903017210594,-2.571768730933882,0.6226546442901167,0.05867509475914098,-0.2572768730933882
C,0.2,1,0.37914478701385235,0.8563992421452568,0.0328270891727912,0.8563992421452568,0.37914478701385235,32.52986182396305,33.017398967456025,2036.3003441702654,-10.25889651500181,0.6158447128384182,0.05424878181509617,-1.025989651500181
C,0.2,1,0.8078191563957983,0.7253617944388169,0.7556487943204764,0.7253617944388169,0.8078191563957983,37.27022142567153,41.16053301073798,3561.179623270533,-1.0737152941064378,0.6328544485445693,0.027243420502108165,-0.10747152941064378
C,0.2,1,0.06588402317880371,0.27684631545782,0.19843537034722292,0.27684631545782,0.06588402317880371,2.8618516132742653,18.522253128910766,63.239483246234755,-28.40613060826685,0.6058659563258137,0.027612331790820902,-2.840713060826685
C,0.2,1,0.737802005965973,0.8350298028377163,0.9599493698153362,0.8350298028377163,0.737802005965973,27.21863714265547,32.50774611290758,2793.729753820815,-6.416330414590682,0.6314893803291964,0.02938318686000559,-0.6417330414590683
C,0.2,1,0.7649532500798962,0.6929672225022991,0.6431308672560552,0.6929672225022991,0.7649532500798962,13.093969112387999,19.548460312897575,1165.0266745923211,-18.920037064063802,0.6291913511769481,0.018808530230285656,-1.8921037064063804
C,0.2,1,0.7097143497138545,0.7171593875900163,0.9238685719265888,0.7171593875900163,0.7097143497138545,40.555925882607106,43.49110751040915,3830.1179099048395,1.2048160586336274,0.6350460486934902,0.030581229789449604,0.02935181627802045
C,0.2,1,0.22751648451023687,0.7110335673970376,0.9135243160986697,0.7110335673970376,0.22751648451023687,35.57937248272239,36.073271292222685,2482.2166423868375,-7.8596810957768035,0.6159114560839315,0.06178405638118558,-0.7860681095776804
C,0.2,1,0.8798478164994396,0.567703173191541,0.6050122580073514,0.567703173191541,0.8798478164994396,38.39495260160185,40.36022090686336,3359.6680061188613,-1.234099417412084,0.6323571397023156,0.032778961524530394,-0.1235099417412084
C,0.2,1,0.7711699239463928,0.16117932697050885,0.049012872014005504,0.16117932697050885,0.7711699239463928,56.25128748876913,56.85662908086133,2691.218216521011,-4.768777370413995,0.5900863078033095,0.1310179419723611,-0.4769777370413995
C,0.2,1,0.5915772880241534,0.5922561157503801,0.9898985929166965,0.5922561157503801,0.5915772880241534,46.06397767141126,53.923877080212655,3866.5704409339482,-0.7166689902769907,0.6172406928904084,0.04529201731481316,-0.07176689902769907
C,0.2,1,0.5086834262387414,0.7659100408323241,0.8385620182767862,0.7659100408323241,0.5086834262387414,26.77860114994613,27.368885558447293,2267.9794498243505,-8.439643530551496,0.6346606003704052,0.031399810817057554,-0.8440643530551496
C,0.2,1,0.71737212307121,0.908741698570005,0.9244535499736012,0.908741698570005,0.71737212307121,31.8059691449356,32.12281686762769,3321.0848290233534,0.2663683251782022,0.6492379173369726,0.02312541869688879,0.0031684772269209207
C,0.2,1,0.6998103605389503,0.3298663112044772,0.13778052111121053,0.3298663112044772,0.6998103605389503,39.04355205856108,39.48636860811217,2144.5977605515513,-8.7314902822452,0.6072799377110077,0.07310928383786629,-0.87324902822452
C,0.2,1,0.834530559078301,0.8925753429731552,0.7840690226886852,0.8925753429731552,0.834530559078301,24.9309726018882,26.705050283311436,2641.6115792962346,-5.1575554145749445,0.6465256847183962,0.019787019352617823,-0.5158555414574945
C,0.2,1,0.4726298081325221,0.9791935977213893,0.8293138792429338,0.9791935977213893,0.4726298081325221,46.282479807917305,49.58196462437216,4319.2669450669355,4.224288031315122,0.6350508686879933,0.036114665723577834,0.03299484816454857
C,0.2,1,0.7366725737491863,0.8813490733858051,0.7633715496157959,0.8813490733858051,0.7366725737491863,11.770755496814319,12.893985210151287,1176.9033564427327,-16.64953291290416,0.6603640854929016,0.006647974455545515,-1.6650532912904161
C,0.2,1,0.29210445214664116,0.8087755486086157,0.20159752252359775,0.8087755486086157,0.29210445214664116,18.3142039295093,18.959856113368133,1100.3894952670316,-18.34010162304827,0.6319941238538994,0.020287783095425196,-1.834110162304827
C,0.2,1,0.8570395081571797,0.7987318934994845,0.9539909987625704,0.7987318934994845,0.8570395081571797,41.68162412227072,88.91725011552384,4444.859415474198,-1.149031121592798,0.616579712405896,0.05102469752945014,-0.11500311215927979
C,0.2,1,0.902123111721852,0.838333642412509,0.807283483395842,0.838333642412509,0.902123111721852,6.6559882612262475,10.227687317314471,713.5547209586261,-21.82485285836661,0.6604122860002763,0.004222821760929457,-2.1825852858366614
C,0.2,1,0.9954104116021998,0.9146993726071453,0.978830184106453,0.9146993726071453,0.9954104116021998,1.732134037376697,11.55965554885025,207.81493558532534,-27.664876894551217,0.6380690696038965,0.008051830575377757,-2.766587689455122
C,0.2,1,0.45024971936916247,0.8006130991624976,0.535821097088155,0.8006130991624976,0.45024971936916247,11.602166705843446,12.83199599055928,881.0530896603935,-20.255281624669276,0.6512822730724582,0.007933349573550309,-2.0256281624669277
C,0.2,1,0.4908499848400286,0.9202295644118594,0.3856133326140211,0.9202295644118594,0.4908499848400286,26.720966493360006,27.388369167543296,2142.869491255565,-9.209775488282032,0.6325170330988753,0.03241076092434275,-0.9210775488282031
C,0.2,1,0.4080690976995154,0.9298364678782489,0.7975635509045244,0.9298364678782489,0.4080690976995154,65.01739319488627,67.91078429398384,5645.744185416539,11.900510027761918,0.6330808074511723,0.04503425456418577,0.028933910990975704
C,0.2,1,0.6457972077402875,0.857531183588703,0.7976653408861345,0.857531183588703,0.6457972077402875,34.29950618697321,34.36759371294325,3262.1592553435116,-0.40916992939013075,0.6426572739436313,0.030769875057041523,-0.04101699293901308
C,0.2,1,0.8237932308207473,0.6875161759189218,0.9576772116842782,0.6875161759189218,0.8237932308207473,30.97615015233575,32.0029908958563,3082.3561831553334,-1.8745346128083493,0.6440232656206527,0.024862792905275998,-0.18755346128083492
C,0.2,1,0.654866469398867,0.9453698554017913,0.775867706792595,0.9453698554017913,0.654866469398867,40.77509241025245,42.46297707292455,4053.391137164447,3.6853816224015694,0.6427748844475029,0.027101479586306584,0.016878846626721043
C,0.2,1,0.9229030634051345,0.5265960252510756,0.9178758337127002,0.5265960252510756,0.9229030634051345,0.4896164744137616,35.18530932461103,46.72010991399082,-26.327386013254678,0.5583238380219225,0.11486290773293432,-2.632838601325468
C,0.2,1,0.5856534580055918,0.9617056034635592,0.7806694260610878,0.9617056034635592,0.5856534580055918,47.96898030158766,51.45060247031273,4647.459724974246,6.080046854977678,0.638862014899038,0.030380484157157096,0.034816221687250674
C,0.2,1,0.5954323179416718,0.19199272232261666,0.8689434651047511,0.19199272232261666,0.5954323179416718,41.6341332190454,46.55259364925292,2543.6306509685323,-8.601213618865078,0.5965334340987053,0.09214389886467468,-0.8602213618865078
C,0.2,1,0.9414099581113181,0.8586696731810607,0.9126865889943767,0.8586696731810607,0.9414099581113181,14.569452380856918,18.988813048717155,1643.742318418247,-14.104511991995494,0.6441240599847894,0.013337649017181163,-1.4105511991995494
C,0.2,1,0.8580051660738166,0.9947176246958688,0.19499220820570717,0.9947176246958688,0.8580051660738166,13.744100219728214,14.58958601984796,1340.2001970767888,-13.996993161115068,0.6599462340919792,0.00797537421902091,-1.3997993161115068
C,0.2,1,0.843186449677771,0.7671746222210032,0.932502462947943,0.7671746222210032,0.843186449677771,33.361638017464436,34.086797603055594,3463.959398386729,1.1530502208036015,0.6486909155012849,0.021545485159321524,0.007251595855911575
C,0.2,1,0.9879233950356525,0.8617940493329428,0.4362961902229471,0.8617940493329428,0.9879233950356525,60.178254704525436,73.30023654825538,6222.026956477124,9.369307968002317,0.6440492462383401,0.018395581442957585,0.1312198184372995
C,0.2,1,0.7452910383680392,0.7517679086563877,0.7669102795029208,0.7517679086563877,0.7452910383680392,33.568506300308684,34.98714836896796,3156.3024484877797,-1.9581571270829026,0.6382436468740855,0.03018206381351489,-0.19591571270829025
C,0.2,1,0.3741094482879781,0.7945168737987646,0.8010780683857033,0.7945168737987646,0.3741094482879781,19.303813930957837,42.76286566029217,1514.5438032263226,-16.991114440693618,0.5742840685950044,0.1131531015435508,-1.699211444069362
C,0.2,1,0.8943843874717728,0.9253821098423403,0.9925042757669049,0.9253821098423403,0.8943843874717728,2.0753729082026133,17.696474650358056,240.33011651907094,-27.193048284402764,0.6125289078712024,0.023125310140942615,-2.7194048284402763
C,0.2,1,0.9757259465655117,0.7729309081659208,0.7989020111627178,0.7729309081659208,0.9757259465655117,35.91746196374782,36.17697184637399,3857.7291183406196,4.80275050135415,0.655199917078466,0.01747498996304705,0.0025950988262616903
C,0.2,1,0.7595422363414903,0.543161142669098,0.9524217357115691,0.543161142669098,0.7595422363414903,16.587642372525803,47.807505248893264,1475.3996669205237,-17.300751360962607,0.5613411123706153,0.1482703939314401,-1.730175136096261
C,0.2,1,0.516531398871735,0.8247181919396421,0.23306805546374132,0.8247181919396421,0.516531398871735,44.22156928674438,46.927333369133386,3223.2739646245586,-2.912172094241263,0.6151259917643427,0.0649890775427394,-0.2913172094241263
C,0.2,1,0.6318362782748856,0.9591469304089579,0.9171133654708545,0.9591469304089579,0.6318362782748856,45.29238754984327,48.037225286473,4641.427753051266,6.645189085576021,0.6442493074340687,0.02573809943626488,0.027448377366297336
C,0.2,1,0.6896646315827831,0.7257279040621722,0.9950041001061642,0.7257279040621722,0.6896646315827831,34.90199765902018,35.9910285267637,3338.1921175992643,-0.6625666651024592,0.6398511785865154,0.030236816317733853,-0.06635666651024592
C,0.2,1,0.7949585347445846,0.8326121749674108,0.850591496424727,0.8326121749674108,0.7949585347445846,32.37480248776852,33.09556909237376,3323.057305453304,0.12645038719139323,0.6474767830982362,0.022784143055727762,0.007207666046052381
C,0.2,1,0.8027002958833974,0.8819932952399316,0.9770261771363151,0.8819932952399316,0.8027002958833974,14.279301110241155,20.381563960821175,1551.593627705107,-15.589626621746014,0.6356351578133522,0.017486903480584317,-1.5590626621746013
C,0.2,1,0.5621690999533411,0.863316630783039,0.8510135965353289,0.863316630783039,0.5621690999533411,39.08547624089776,40.400402307081464,3617.346225723342,0.7826282978002269,0.6366058141645294,0.03509770133209753,0.013149260661837019
C,0.2,1,0.9142644329189626,0.8996143220144306,0.975440747790481,0.8996143220144306,0.9142644329189626,2.118337905605971,22.74561611424612,243.77823390536875,-26.808289681788732,0.595619600302455,0.04186714685036486,-2.6809289681788733
C,0.2,1,0.6087338536308246,0.9251797496001051,0.9484207344704894,0.9251797496001051,0.6087338536308246,37.16055974847322,43.49110751040915,3731.1505393424773,-0.6959091517312359,0.6309700765290562,0.02770147557380838,-0.06969091517312359
C,0.2,1,0.8011876769709768,0.6679958392795509,0.9213822416275194,0.6679958392795509,0.8011876769709768,32.89083433829482,33.440169021130295,3173.759349067916,-0.9636376421021854,0.6434639259983291,0.027196528916034187,-0.09646376421021854
C,0.2,1,0.7694892191837475,0.8653641249588194,0.4245763444659587,0.8653641249588194,0.7694892191837475,25.61748735032735,26.678275629050695,2365.956221500752,-6.823380527982278,0.641554844796089,0.024175863809430594,-0.6824380527982278
C,0.2,1,0.8398411735731796,0.7584681089019105,0.8957144709262091,0.7584681089019105,0.8398411735731796,24.87760313493642,32.32596141367202,2545.185929063058,-9.135420820514764,0.6244840386565754,0.03298552118515317,-0.9136420820514763
C,0.2,1,0.39998634854154547,0.6287428326917005,0.7694550076153299,0.6287428326917005,0.39998634854154547,60.03722238140416,62.0266787278124,4243.000666314176,3.846123868209172,0.6169356069954381,0.07532183282949818,0.019894563464082395
C,0.2,1,0.9124379516810831,0.8542673271098163,0.5597659060016964,0.8542673271098163,0.9124379516810831,15.954770290806488,21.12138150834143,1632.642255905258,-14.635602484544005,0.6360983056765089,0.017573605555898025,-1.4636602484544006
C,0.2,1,0.71737212307121,0.701628047986229,0.8504954409311647,0.701628047986229,0.71737212307121,33.54083528925894,33.911056985599885,3092.8807381068377,-1.6808572368356622,0.6401036257697845,0.031842481570179326,-0.1681857236835662
C,0.2,1,0.6911119782845665,0.9394842869495641,0.9884823934174685,0.9394842869495641,0.6911119782845665,35.30361347165654,38.406339167535066,3750.7220223263307,1.1224634007085084,0.642513995997413,0.02262128334859432,0.03102725695878526
C,0.2,1,0.7680074126057796,0.7260247114519086,0.9987396021213969,0.7260247114519086,0.7680074126057796,4.3683555220823775,30.2906424094348,435.3944153660273,-24.836574142685357,0.5783124128441101,0.07508463001396679,-2.4837574142685357
C,0.2,1,0.5564000316337834,0.45621089516531255,0.916776106974613,0.45621089516531255,0.5564000316337834,58.16243906494143,60.09298913600254,4277.844427774943,3.993644379848352,0.6207261267701192,0.06425686172594726,0.019305500710611056
C,0.2,1,0.17002268761065154,0.8041983080451527,0.39714926896270797,0.8041983080451527,0.17002268761065154,19.15872971307066,24.26721812773998,1123.4637243234101,-18.839985840270064,0.6139065444223774,0.03604832958675621,-1.8840985840270066
C,0.2,1,0.5487235142828467,0.4384466711505405,0.34397254080848527,0.4384466711505405,0.5487235142828467,52.894971860010166,55.51181275743502,3065.6774056440277,-4.0536059186139735,0.5969537679980939,0.10837056645866373,-0.4054605918613974
C,0.2,1,0.7590790479090787,0.8097115848165556,0.807283483395842,0.8097115848165556,0.7590790479090787,36.070678753719385,37.515208818384615,3557.348727063401,0.795976866247322,0.6421592300224389,0.025944997469659885,0.014445300646652299
C,0.2,1,0.6700553008787811,0.7989843494825982,0.9064542659460031,0.7989843494825982,0.6700553008787811,37.1277203952729,37.96169267083705,3568.4691828379764,1.051211901936384,0.6413527983716728,0.029842691136016702,0.008339722755641503
C,0.2,1,0.684812734377467,0.8235224796354415,0.8124177106022323,0.8235224796354415,0.684812734377467,34.860932462332435,35.82891564960299,3337.139574825766,-0.4794321072352259,0.6406312688485817,0.029603607791619996,-0.04804321072352259
C,0.2,1,0.6546162158741842,0.3602571956449254,0.8360039124920743,0.3602571956449254,0.6546162158741842,66.73658018438304,69.08932338333199,4781.260093754302,6.577529713999568,0.6210658391553142,0.06489860084351479,0.02352743198948943
C,0.2,1,0.8147557520074773,0.21713102577104015,0.4945430078702816,0.21713102577104015,0.8147557520074773,14.826004327826759,26.634643475977093,948.240311033107,-21.68190912142029,0.5997032275888076,0.04521849103970365,-2.1682909121420293
C,0.2,1,0.6430614837904068,0.49856371647732667,0.9230521790353384,0.49856371647732667,0.6430614837904068,8.008176766757126,8.733820977820367,641.9159456228091,-22.022958665703374,0.6685548220207462,0.003059962946893259,-2.2023958665703374
C,0.2,1,0.8129595878750181,0.7750616466463986,0.8690511617440917,0.7750616466463986,0.8129595878750181,31.881533817198964,32.60327396907366,3224.0947345917375,-0.5534319501553022,0.6464710708484029,0.023530174919940996,-0.055443195015530224
C,0.2,1,0.6035455937756227,0.915735514983114,0.7982666182072403,0.915735514983114,0.6035455937756227,23.562545320107414,28.99228464009228,2260.136333181463,-10.137147610350308,0.6275772068507006,0.03166797401030199,-1.0138147610350308
C,0.2,1,0.5130817715086893,0.8426982248112733,0.13921791573468056,0.8426982248112733,0.5130817715086893,38.996086329197304,42.46297707292455,2779.229535508616,-6.197606417667944,0.6118361537450541,0.06526451565906369,-0.6198606417667945
C,0.2,1,0.9229030634051345,0.24850896825265867,0.986195258696699,0.24850896825265867,0.9229030634051345,22.905594291443478,23.695595341991883,1906.3291494597406,-10.108268034844203,0.6401561674948442,0.02204103852393563,-1.0109268034844203
C,0.2,1,0.6359867828312288,0.771776951129288,0.38582783582334357,0.771776951129288,0.6359867828312288,50.32518091829604,52.691174618532244,4027.7196211170594,2.4141659787676337,0.6257410506411928,0.047197435913651296,0.02365993700236203
C,0.2,1,0.32919775662269957,0.8233542146743307,0.9059100129938369,0.8233542146743307,0.32919775662269957,35.31421148709707,36.09536510795549,2834.860647891278,-4.990340558998517,0.625129585815281,0.051024023389914276,-0.4991340558998517
C,0.2,1,0.532051000277098,0.8212723205822479,0.8759415492933742,0.8212723205822479,0.532051000277098,34.464719690808124,35.83630142011795,3086.822444270755,-2.8768869898474385,0.6330945355004659,0.03877784198929538,-0.28778869898474385
C,0.2,1,0.7499582861317994,0.7102662873988466,0.833312800465122,0.7102662873988466,0.7499582861317994,55.209628339486514,57.19078486453111,5181.09504994601,9.845408754723973,0.6426673561329348,0.030016145905910254,0.019811565250445966
C,0.2,1,0.5939146692166637,0.5954369239570836,0.9647039659226693,0.5954369239570836,0.5939146692166637,29.262679490510678,31.06281042575872,2445.926297579071,-7.665868946476027,0.6288614232052787,0.037436521630561465,-0.7666868946476028
C,0.2,1,0.6493158332268439,0.9527227472238711,0.5592136229731631,0.9527227472238711,0.6493158332268439,9.362294498957393,42.76286566029217,880.8259150961538,-20.921221589016735,0.5583130648980545,0.1383621719296249,-2.0922221589016736
C,0.2,1,0.5183956668319972,0.6538913373982287,0.29886142715807995,0.6538913373982287,0.5183956668319972,13.850292992008551,26.270633655197017,915.3088822193605,-21.574141833206358,0.6007633772458255,0.04484789747411833,-2.157514183320636
C,0.2,1,0.7058513831854056,0.8688132744953319,0.9012461432476259,0.8688132744953319,0.7058513831854056,1.4889867833676993,21.587945084868753,150.78133307256272,-27.5266198209845,0.597381207666838,0.03829460192018504,-2.75276198209845
C,0.2,1,0.843186449677771,0.7671746222210032,0.9075337129862651,0.7671746222210032,0.843186449677771,35.65919872449951,37.11967665804467,3680.2573995658245,1.8099472924717865,0.6459705057002595,0.021843754645410877,0.014604779335451568
C,0.2,1,0.8670897217123998,0.7740128764593712,0.753592675752422,0.7740128764593712,0.8670897217123998,1.4602156189600068,26.899301009589294,147.32837719500216,-26.987380388572447,0.5815086624470368,0.06309781524130285,-2.698838038857245
C,0.2,1,0.6191799700231722,0.9593740989917843,0.9493984208504108,0.9593740989917843,0.6191799700231722,45.80284919915271,46.0352893073986,4702.242516293175,8.662292979755675,0.6478250162289351,0.025918225563530156,0.002324401082458891
C,0.2,1,0.754335738033107,0.8737652069914985,0.16760435156885467,0.8737652069914985,0.754335738033107,1.2205070005349503,48.037225286473,104.46948715925267,-23.69598985319365,0.5308439103681892,0.20909164890728182,-2.3696989853193653
C,0.2,1,0.5424237770866909,0.42413136206470353,0.796171903571643,0.42413136206470353,0.5424237770866909,43.49583550880023,47.249363718365345,2967.8102209977424,-5.24430424832666,0.6067160223139918,0.07855320432687277,-0.5245304248326661
C,0.2,1,0.7421749053364999,0.7872367945040903,0.9809819704704877,0.7872367945040903,0.7421749053364999,34.89725385023299,35.69983294761555,3524.452837692931,1.0957648176443935,0.6454889229055044,0.025079212173894708,0.008025790973825551
C,0.2,1,0.8603972297148219,0.4768136310677571,0.850591496424727,0.4768136310677571,0.8603972297148219,9.551782029280893,40.003825354319275,841.7539477143349,-21.54719651169092,0.5632356789842332,0.12191140796889006,-2.1548196511690922
C,0.2,1,0.5909365055184629,0.540011173032179,0.9646066488718257,0.540011173032179,0.5909365055184629,30.218309221705454,36.090312641006015,2437.485883023709,-9.386821058596276,0.6144564312516957,0.051455175291287826,-0.9387821058596275
C,0.2,1,0.6559852522169466,0.861015175387243,0.9812401835409937,0.861015175387243,0.6559852522169466,43.409353353699004,43.49110751040915,4357.475426283624,6.67352289779236,0.6465829866938513,0.026990216459558035,0.0008175415671014719
C,0.2,1,0.7952747994781721,0.863316630783039,0.8813802598472628,0.863316630783039,0.7952747994781721,6.389772761628388,40.400402307081464,670.6966066128927,-22.337946365726104,0.5588625542130473,0.13029610597498417,-2.2338946365726104
C,0.2,1,0.6806452456867221,0.9476576825014948,0.9506848137687334,0.9476576825014948,0.6806452456867221,31.235184966678904,31.95993748792195,3285.3875572641687,-0.378767403263895,0.6479232605291785,0.023325701744616838,-0.0379767403263895
C,0.2,1,0.832512586658174,0.860404118293139,0.938418826521896,0.860404118293139,0.832512586658174,7.649091596007013,27.324010469183087,826.9150360162337,-22.556796979476665,0.5946511998259589,0.05195639941862001,-2.2557796979476668
C,0.2,1,0.47260230764565236,0.9111161377066224,0.6935405635146985,0.9111161377066224,0.47260230764565236,43.70130522386488,46.074467472061535,3781.2308024937547,1.1060627911142362,0.6294702604323135,0.04343612810320682,0.023731622481966568
C,0.2,1,0.5017985159178902,0.023331611172046296,0.9538427302300155,0.023331611172046296,0.5017985159178902,41.444488305261864,43.31627792226732,2076.4755674979006,-10.773375998508335,0.5926641570733328,0.09890118838849253,-1.0774375998508334
C,0.2,1,0.8959167105838639,0.8393967252797069,0.9854711481249756,0.8393967252797069,0.8959167105838639,7.349104257122032,21.641406243755494,818.7082231962063,-22.645730118135862,0.6118126234325592,0.02952510750136395,-2.2646730118135863
C,0.2,1,0.79720662093984,0.8458723529662333,0.9571270554569162,0.8458723529662333,0.79720662093984,11.834814550486918,16.577202905202142,1255.4622774637908,-17.550358708653157,0.6432127285363951,0.011834733457884676,-1.7551358708653158
C,0.2,1,0.9904100700765095,0.7827636552844394,0.34674387497994086,0.7827636552844394,0.9904100700765095,8.77878101747876,23.590426162739682,854.4149057345631,-22.585604903695785,0.6059650022402824,0.03567960105205274,-2.2586604903695786
C,0.2,1,0.5944338525602413,0.39018906035099066,0.6635408437897948,0.39018906035099066,0.5944338525602413,24.580852768586855,26.741188100065955,1617.903537420926,-14.14956869105516,0.6207018811355831,0.03593652081453183,-1.4150568691055159
C,0.2,1,0.8352677533955934,0.9058029005141545,0.9285364074520586,0.9058029005141545,0.8352677533955934,17.383479966246334,20.059265044339696,1916.8231925248053,-11.119611756265426,0.648385720582598,0.014031382822069593,-1.1120611756265426
C,0.2,1,0.29210445214664116,0.3602571956449254,0.9258551219334383,0.3602571956449254,0.29210445214664116,36.34563284541035,36.70750763844308,2026.7946048988438,-11.07141882213888,0.6044992470165858,0.07424782280786092,-1.1072418822138879
C,0.2,1,0.5588740951698392,0.9791935977213893,0.8345618634611972,0.9791935977213893,0.5588740951698392,48.74259222923128,49.58196462437216,4765.438033796497,8.356543701290715,0.6437507138223143,0.03032416821048405,0.008393723951408845
C,0.2,1,0.17002268761065154,0.043020095006652825,0.9161241600200177,0.043020095006652825,0.17002268761065154,7.512433179432701,67.91078429398384,252.08152184400268,-18.98490237100338,0.5079454439314909,0.37183759379553205,-1.898590237100338
C,0.2,1,0.4765006551094728,0.6421086770621339,0.8054701979095924,0.6421086770621339,0.4765006551094728,61.63923441684103,63.24739154423899,4688.725300947801,6.741114081357777,0.6236612227960125,0.06086961805617416,0.016081571273979592
C,0.2,1,0.7635350930253199,0.7989843494825982,0.9064542659460031,0.7989843494825982,0.7635350930253199,9.711456155476249,27.837216619281,978.7917244167173,-21.43126364852821,0.5967819030324183,0.05111058616976347,-2.143226364852821
C,0.2,1,0.730836005546244,0.8319012175526241,0.807283483395842,0.8319012175526241,0.730836005546244,34.49587040208207,36.14458522991168,3391.597696550517,-0.4662370703008939,0.6408341160466398,0.0266649271472578,-0.04672370703008939
C,0.2,1,0.8367130908814124,0.9114563943379861,0.16175651838441274,0.9114563943379861,0.8367130908814124,25.520044605251258,27.508168405031636,2333.869001125918,-7.594020020203114,0.6380117512627617,0.02465904457098453,-0.7595020020203115
C,0.2,1,0.7637318628453401,0.9072674293477844,0.8124177106022323,0.9072674293477844,0.7637318628453401,28.288054287424647,28.385291402717645,2938.0088421298938,-1.9174736764204758,0.650692288012418,0.021808595976455635,-0.19184736764204757
C,0.2,1,0.6556480464818992,0.5743154318689071,0.38582783582334357,0.5743154318689071,0.6556480464818992,2.66017378197804,28.40064548193228,189.25505722533111,-26.559905611175967,0.5782195269167174,0.07020709974215743,-2.6560905611175967
C,0.2,1,0.39006649251081676,0.956897580717097,0.9101493965285624,0.956897580717097,0.39006649251081676,49.9962220506764,52.06605958252813,4504.756528172595,5.795868213857038,0.6354010978179269,0.04180004767281464,0.02069837531851732
C,0.2,1,0.9229030634051345,0.5859690731571172,0.9386931062085107,0.5859690731571172,0.9229030634051345,9.672774918231438,17.104311298103397,956.7432062091425,-20.873012995656847,0.6324728326798836,0.014722274369377428,-2.087401299565685
C,0.2,1,0.23841542296735407,0.810333890422377,0.946305406210861,0.810333890422377,0.23841542296735407,50.459214557207886,61.71864578133466,3839.6990192688345,-0.6369343800807643,0.6086592293936295,0.06888578343679808,-0.06379343800807644
C,0.2,1,0.4963150322717011,0.4367674238242337,0.7982666182072403,0.4367674238242337,0.4963150322717011,42.89983403680645,43.5448278712814,2857.5917614139007,-4.623711874043239,0.6125451213616561,0.07470533068874961,-0.4624711874043239
C,0.2,1,0.3752244006777602,0.035599385667714256,0.9750188930792513,0.035599385667714256,0.3752244006777602,40.30302757765611,44.57351132544753,1810.2774529446574,-13.096495637543327,0.5820424967988842,0.11544316922266053,-1.3097495637543326
C,0.2,1,0.8580051660738166,0.5954369239570836,0.7870127644725746,0.5954369239570836,0.8580051660738166,4.820870633596447,13.323434638419783,445.19498258593524,-25.419369832094425,0.6356177027720817,0.01015483397923896,-2.5420369832094427
C,0.2,1,0.6809901800821085,0.9685025659061578,0.8226403989026925,0.9685025659061578,0.6809901800821085,27.573867002050097,28.3902239543391,2841.22910368275,-3.4703158617426832,0.6466334780559135,0.02333139551476981,-0.3471315861742683
C,0.2,1,0.5072482841146484,0.8754053998316412,0.554902913106363,0.8754053998316412,0.5072482841146484,30.987483625876727,36.669592595496006,2572.1240429230575,-8.212760337349073,0.6169333259700831,0.04978470596155266,-0.8213760337349072
C,0.2,1,0.8613089721762311,0.6680397628404232,0.9476289535373208,0.6680397628404232,0.8613089721762311,25.968912849370728,26.031646278533273,2600.9985434959203,-4.046441355442925,0.6503088686671911,0.02075170880736531,-0.4047441355442925
C,0.2,1,0.6319975211416292,0.9024748905132928,0.9028182119925108,0.9024748905132928,0.6319975211416292,11.341691382717924,28.37051428838174,1126.1627647921575,-20.22261071913575,0.5990745106535756,0.05040999395778649,-2.022361071913575
C,0.2,1,0.766703969855985,0.7249585109637927,0.8010780683857033,0.7249585109637927,0.766703969855985,40.882108128879175,42.76286566029217,3867.8593469187654,2.207216935146812,0.6385625603747916,0.028927138085424953,0.01880757531412996
C,0.2,1,0.5183956668319972,0.8267611494093959,0.5986754772677769,0.8267611494093959,0.5183956668319972,41.6792951732659,42.46919854417324,3427.068698173769,-0.44580278575507665,0.6287742051060924,0.047977865665739944,-0.044680278575507666
C,0.2,1,0.8384602663565873,0.46970493353059023,0.932502462947943,0.46970493353059023,0.8384602663565873,37.94796419247105,40.591107513046516,3366.774559991257,-1.8121687037343095,0.6304508369214762,0.03418928798074777,-0.18131687037343094
C,0.2,1,0.5673993811220955,0.8617744008848602,0.9623712147440604,0.8617744008848602,0.5673993811220955,36.63353542803571,39.56026090776585,3499.1609185547873,-0.7443864789983462,0.6344626885138415,0.032613209177007246,-0.07453864789983462
C,0.2,1,0.5400110196307877,0.9162593548277895,0.809165817348926,0.9162593548277895,0.5400110196307877,47.81219648747153,53.78373186269767,4448.57414037567,3.6899847048347554,0.6303488305859566,0.034913251694039145,0.05971535375226139
C,0.2,1,0.7421749053364999,0.8853169358436521,0.8496773883633735,0.8853169358436521,0.7421749053364999,13.207591280374745,21.0311062755467,1355.3171441645927,-17.614444215660797,0.6280412209656209,0.02107600762594926,-1.7615444215660798
C,0.2,1,0.38401458555604007,0.831435785568457,0.7327847686168358,0.831435785568457,0.38401458555604007,31.37997919819314,48.037225286473,2481.90963801487,-10.521202177716763,0.5891321118091581,0.10015548260013549,-1.0522202177716762
C,0.2,1,0.4012306113348282,0.8161461167016595,0.9258285043013176,0.8161461167016595,0.4012306113348282,54.986346722327085,55.576487082237335,4619.653121548463,6.848276365931695,0.6301928864827614,0.04976809741937753,0.005901403599102508
C,0.2,1,0.6334634696540671,0.8770384403623641,0.21074460518709892,0.8770384403623641,0.6334634696540671,33.056537217097286,33.09556909237376,2670.76030236448,-4.450925856523841,0.6332167378717198,0.03895582013457046,-0.4451925856523841
C,0.2,1,0.5518551281128744,0.9406932616396351,0.9571421468258948,0.9406932616396351,0.5518551281128744,12.272481649308478,33.93560667848809,1209.5263720146422,-19.55306605359976,0.5865121129514763,0.07475953291516961,-1.9554066053599761
C,0.2,1,0.7987343930775622,0.7111469992003546,0.795169841497913,0.7111469992003546,0.7987343930775622,38.21482836042348,39.908323686864385,3644.674887780589,1.0290069778028061,0.6393373218372692,0.02767824480544345,0.016934953264409032
C,0.2,1,0.9822926106766419,0.9698311269982306,0.8546742212112584,0.9698311269982306,0.9822926106766419,25.853943063156176,26.605536347567018,3075.9222646226694,-0.4211495126032487,0.6595377001318471,0.013146877784536016,-0.042214951260324866
C,0.2,1,0.8767099371851145,0.8833682798554401,0.8861931478785552,0.8833682798554401,0.8767099371851145,15.93024338640287,18.648421817888167,1754.8555321547997,-12.338049238432394,0.6496896590725832,0.012369576690009104,-1.2339049238432394
C,0.2,1,0.47260230764565236,0.8370619573615029,0.6935405635146985,0.8370619573615029,0.47260230764565236,31.497441267040006,33.20788305240141,2608.672492470551,-6.473695534379016,0.6274750891927717,0.04207744893223219,-0.6474695534379016
C,0.2,1,0.38306243535059403,0.04968916180896521,0.8421986444461498,0.04968916180896521,0.38306243535059403,2.094383398843619,6.67665351536682,89.41455953211752,-28.893983154273215,0.6652344228852273,0.0019851954551243266,-2.8894983154273217
C,0.2,1,0.7705957921382165,0.540011173032179,0.9953352099501337,0.540011173032179,0.7705957921382165,66.52713967791234,79.4546528884923,6014.966745204204,9.003295914257537,0.6402330791050646,0.03340091336326794,0.1292751321057996
C,0.2,1,0.8384602663565873,0.7584681089019105,0.8957144709262091,0.7584681089019105,0.8384602663565873,19.61021168586893,40.591107513046516,2004.93393392347,-14.774726686771373,0.5888810974130655,0.08471726796044086,-1.4775726686771373
C,0.2,1,0.4661341750284259,0.781883581791467,0.9282112476112242,0.781883581791467,0.4661341750284259,36.99583969918932,38.406339167535066,3167.072106742764,-2.5826717635753833,0.6290467923667097,0.04561980662972413,-0.2583671763575383
C,0.2,1,0.5799137456167202,0.5148333550281348,0.8703674798515979,0.5148333550281348,0.5799137456167202,49.97903947023515,51.35627077194691,3823.223693380538,1.5113199125091554,0.6227646416362772,0.05728167589377271,0.013772313017117597
C,0.2,1,0.22151627004249458,0.9219372853954889,0.370318650842134,0.9219372853954889,0.22151627004249458,58.801273836978254,64.5439211324524,3906.2064915364786,0.9474065304334435,0.6103440162925348,0.0911217733578958,0.05742647295474143
C,0.2,1,0.45756601979717376,0.5641634954236203,0.9501305417419372,0.5641634954236203,0.45756601979717376,54.996333393470586,55.68239590646785,4115.9112538755535,3.564228206876941,0.6218219730706075,0.06476582318599644,0.006860625129972675
C,0.2,1,0.7552302957715726,0.7260247114519086,0.8054701979095924,0.7260247114519086,0.7552302957715726,20.38109798173053,21.831408470200998,1919.8893475315188,-10.682142932417422,0.6439187555732633,0.018384342634843853,-1.0683142932417422
C,0.2,1,0.8809140006843127,0.15602724351761033,0.9064542659460031,0.15602724351761033,0.8809140006843127,14.133209181003838,14.450672911505503,1053.0430694765116,-16.561695198065742,0.6538161370433329,0.009068071307733008,-1.6562695198065742
C,0.2,1,0.4726298081325221,0.9791935977213893,0.8564117487735825,0.9791935977213893,0.4726298081325221,46.282479807917305,49.58196462437216,4350.620860051681,4.435090579006094,0.6356699306498425,0.0355312000542542,0.03299484816454857
C,0.2,1,0.29210445214664116,0.3602571956449254,0.9868117544995137,0.3602571956449254,0.29210445214664116,21.659996853151377,21.99857276501602,1240.8660493419054,-17.69746996398252,0.6236504713334288,0.028938128016098602,-1.7698469963982522
C,0.2,1,0.5656118803338785,0.43357016473774235,0.8895002855561814,0.43357016473774235,0.5656118803338785,4.461303548781619,13.38866202243269,322.0909896926963,-26.558842567351398,0.6322147792720559,0.01109120886359473,-2.65598425673514
C,0.2,1,0.6797939374650872,0.9298364678782489,0.9174464555382057,0.9298364678782489,0.6797939374650872,35.03305611739354,35.9489151115026,3623.0374449721444,1.6565587315478028,0.6466288952328295,0.024327584963501462,0.009158589941090582
C,0.2,1,0.7740598060881393,0.9002599763511814,0.9264320378426839,0.9002599763511814,0.7740598060881393,14.349081347494314,26.704610888306814,1533.5837548452796,-17.102651558571306,0.6134073892546505,0.03608394214890007,-1.7103651558571307
C,0.2,1,0.7716797522074383,0.8831509592541816,0.6705694180543657,0.8831509592541816,0.7716797522074383,4.849484626882648,25.941207007353505,482.5517068691273,-24.95053184976829,0.5911324465663824,0.05210853725492721,-2.495153184976829
C,0.2,1,0.14591783224560395,0.6951823606092408,0.9529711808270941,0.6951823606092408,0.14591783224560395,60.03394469581059,62.438136715751604,3954.9936022360453,2.114803516783677,0.6076887477691203,0.09965618363965319,0.024041920199410143
C,0.2,1,0.9343220760513791,0.46869223406956584,0.8550940506912308,0.46869223406956584,0.9343220760513791,6.148601470584102,6.594871269359304,562.7696059622044,-21.49324884943256,0.6848598849965898,0.0014231531259567877,-2.1494248849432562
C,0.2,1,0.9853765009315729,0.603194253873103,0.7238372212998573,0.603194253873103,0.9853765009315729,37.19648414554072,45.49647967046536,3627.567337908899,-3.1587068248499177,0.6232442885166373,0.02679664483471323,-0.31597068248499177
C,0.2,1,0.47767773275153536,0.739132798898202,0.909974867396298,0.739132798898202,0.47767773275153536,58.87850527605958,73.34702020551237,4921.648266162059,3.947852702733778,0.6284114828561178,0.04834945573790175,0.1446851492945279
C,0.2,1,0.32919775662269957,0.697831631070087,0.6558126428617252,0.697831631070087,0.32919775662269957,11.627905783553956,11.915537834734097,787.7532384231331,-21.594535237966344,0.6520974052276439,0.007182740572284188,-2.1595535237966343
C,0.2,1,0.7372609895855546,0.8724345192187338,0.8692358017198318,0.8724345192187338,0.7372609895855546,24.525525077986206,26.428186925913245,2506.892989799147,-6.52020937792821,0.6432364560950028,0.022118621536876593,-0.652120937792821
C,0.2,1,0.5816954174494982,0.3468371609692532,0.775867706792595,0.3468371609692532,0.5816954174494982,48.484830212362844,52.97247938826861,3191.4325713413896,-4.103901773887728,0.602613967533873,0.08799982370971017,-0.4104901773887728
C,0.2,1,0.8613089721762311,0.8029337318731242,0.3443422469938394,0.8029337318731242,0.8613089721762311,32.773634992557874,33.927448467027936,3009.297823964387,-2.35028772307383,0.6392634982552756,0.02825718204986605,-0.235128772307383
C,0.2,1,0.7033345865236962,0.859350398656374,0.8010780683857033,0.859350398656374,0.7033345865236962,32.23025397778244,33.030578624291415,3163.760437983607,-1.3539157296999758,0.6431179792524879,0.027352980988831103,-0.13549157296999756
C,0.2,1,0.36766455605035386,0.5573601882648891,0.700529724558207,0.5573601882648891,0.36766455605035386,71.01819045960409,76.07529292358063,4528.438008613543,4.340569264915973,0.6083113618074865,0.09645205200856852,0.05057102463976548
C,0.2,1,0.849916278093312,0.5311870057683513,0.29886142715807995,0.5311870057683513,0.849916278093312,32.55162870776052,33.28526865791446,2491.068720464714,-5.892066731317243,0.6294842217327797,0.038960057849857614,-0.5893066731317244
C,0.2,1,0.8580051660738166,0.9750565232633357,0.3552761995346251,0.9750565232633357,0.8580051660738166,56.95934269103361,61.30342384729969,5726.406916819511,11.281080985740179,0.6453398986630563,0.021730238476440927,0.04344081156266078
C,0.2,1,0.7932614050208161,0.9024748905132928,0.9999809092985761,0.9024748905132928,0.7932614050208161,8.872336517938392,41.64498440404747,974.0613314533169,-20.601213204333447,0.562632877159084,0.12792220104242732,-2.060221320433345
C,0.2,1,0.38401458555604007,0.9709817816083276,0.8002463818777861,0.9709817816083276,0.38401458555604007,18.601940119445388,30.99345498531082,1632.4314461152153,-15.894344884659978,0.6055904189652239,0.050895296804180305,-1.5895344884659977
C,0.2,1,0.441148429368959,0.5151552045038827,0.8751129898153908,0.5151552045038827,0.441148429368959,30.48713652606962,32.68080473994257,2124.7402022188608,-10.513459773546035,0.6164652945581335,0.05074297111869464,-1.0514459773546034
C,0.2,1,0.843186449677771,0.7671746222210032,0.932502462947943,0.7671746222210032,0.843186449677771,15.294046500132305,89.71509733376404,1587.9902565264813,-11.685284863024336,0.5299440528858953,0.444284642997298,-1.1686284863024334
C,0.2,1,0.3492311233561791,0.543161142669098,0.8352643104484109,0.543161142669098,0.3492311233561791,46.630395087294524,48.06188303137115,3054.347816843386,-3.7717626762577448,0.6075703208088823,0.0880927061121748,-0.3772762676257745
C,0.2,1,0.9822538216415782,0.32659993041492275,0.796171903571643,0.32659993041492275,0.9822538216415782,8.609712664002668,23.817609761218172,734.8130192430103,-23.445143810710682,0.6026055497894434,0.03846335030477285,-2.3446143810710685
C,0.2,1,0.6837684853563865,0.29044928740758424,0.9089095956200347,0.29044928740758424,0.6837684853563865,19.33452552496571,28.308058316418027,1381.1353141290572,-17.8755680546961,0.606528836234628,0.04434587088344563,-1.78765680546961
C,0.2,1,0.5986534167565843,0.8537006482392065,0.9809819704704877,0.8537006482392065,0.5986534167565843,39.33660952034493,41.08917513598646,3821.2468549736577,1.9822600563338142,0.6395823008608476,0.030575871589126453,0.017525656156415294
C,0.2,1,0.7313105865028087,0.8338155810250546,0.9719732299422518,0.8338155810250546,0.7313105865028087,9.464248845801555,18.3097888741803,970.6120892187436,-20.884760964588125,0.6279913104090153,0.017906948101778904,-2.0885760964588127
C,0.2,1,0.6013158786351965,0.7502991701978968,0.63833051421455,0.7502991701978968,0.6013158786351965,23.26256708668929,27.782934936278693,1943.3319477028535,-12.336543673206055,0.623851455635021,0.033469214845293915,-1.2337543673206055
C,0.2,1,0.5354261080231835,0.8189427038511288,0.8119963525296929,0.8189427038511288,0.5354261080231835,38.343007511419344,39.908323686864385,3374.88823245372,-1.0903318830417483,0.6316270437353133,0.04092833744797216,-0.10913318830417482
C,0.2,1,0.47260230764565236,0.3743190960793662,0.8963528139461692,0.3743190960793662,0.47260230764565236,6.12599342196137,6.132894322502907,396.6880334566576,-24.94096112689739,0.6797963191514906,0.001374941783730847,-2.494196112689739
C,0.2,1,0.5311771384042057,0.43769173151016416,0.9876453503030191,0.43769173151016416,0.5311771384042057,27.551321436890436,28.949368052982127,2014.9542460565976,-10.944915587786882,0.6239086537408352,0.039248127923432415,-1.094591558778688
C,0.2,1,0.6795889055270382,0.8786311855791594,0.8957144709262091,0.8786311855791594,0.6795889055270382,27.23694314884826,27.237730782980712,2731.970704798079,-3.7914546102265825,0.6479213292217759,0.023653031500630237,-0.3792454610226582
C,0.2,1,0.6174953870268065,0.8171556024936258,0.3618306785999078,0.8171556024936258,0.6174953870268065,33.72637198306573,39.481104956879996,2724.3595484556113,-7.48811384556132,0.614657910003077,0.052827221355089084,-0.748911384556132
C,0.2,1,0.8685643206593693,0.5341923043417753,0.5993012245001741,0.5341923043417753,0.8685643206593693,2.260330014771885,39.711925893467956,192.40010878619208,-24.85899156405599,0.5505659021274496,0.14187651315578756,-2.485999156405599
C,0.2,1,0.9272034034094783,0.8672731578750702,0.9884823934174685,0.8672731578750702,0.9272034034094783,12.80664284124805,16.302715653577692,1465.539544552098,-15.07864414893193,0.6507599331126003,0.00990680517988646,-1.507964414893193
C,0.2,1,0.22151627004249458,0.7512066140485734,0.370318650842134,0.7512066140485734,0.22151627004249458,32.92647003571953,33.255638969082355,1906.2486938197019,-11.901351189239675,0.6098888985399991,0.061270469111951276,-1.1902351189239675
C,0.2,1,0.8492589282487132,0.20087845345937405,0.19385850178023867,0.20087845345937405,0.8492589282487132,23.951648759371825,26.761058993628495,1373.7068543793825,-16.11254640992089,0.6157406294809329,0.035939855252842275,-1.611354640992089
C,0.2,1,0.5799137456167202,0.8297176051562989,0.8649918271478924,0.8297176051562989,0.5799137456167202,49.97903947023515,51.35627077194691,4603.387562699664,6.820791030853041,0.6395206244934004,0.03522465248797119,0.013772313017117597
C,0.2,1,0.6862905505703746,0.8728207204447583,0.43207683459910295,0.8728207204447583,0.6862905505703746,27.53604608495492,28.104203123701094,2444.0301812563257,-6.202177111293252,0.6395141193015382,0.028070208169195553,-0.6203177111293252
C,0.2,1,0.9246163320460585,0.9059411708239451,0.7520788156478224,0.9059411708239451,0.9246163320460585,27.977310081218608,28.71506127564045,3086.7322997371357,-0.7465844220785078,0.6539777115164129,0.016788961566109217,-0.07475844220785079
C,0.2,1,0.5545509743502472,0.8754652281664698,0.8457590158821302,0.8754652281664698,0.5545509743502472,40.18498712454818,40.91035458356089,3722.9295133938263,1.78942606277016,0.6383647258451608,0.03514227033062433,0.00725367459012709
C,0.2,1,0.6700553008787811,0.4404320067549402,0.8636059777078267,0.4404320067549402,0.6700553008787811,7.408051076516664,7.574452599368165,571.2682645598213,-22.249003724421566,0.6756353463212597,0.002148001450392145,-2.2250003724421568
C,0.2,1,0.6658597590998127,0.7434530708425748,0.9628163320791366,0.7434530708425748,0.6658597590998127,29.101113954067543,34.643587465667636,2751.104357970949,-6.947115714143797,0.6254041526932301,0.037235267516871354,-0.6948115714143797
C,0.2,1,0.4511647370716803,0.9672708678906426,0.6276802743389231,0.9672708678906426,0.4511647370716803,0.6877423303198245,30.283908410677263,59.56796778251084,-27.013306410687854,0.5708077273858652,0.08360678785377626,-2.7014306410687854
C,0.2,1,0.5181267587710491,0.7802580244805338,0.8573212891745257,0.7802580244805338,0.5181267587710491,35.321440693884895,37.515208818384615,3050.086632752743,-3.6153153485935237,0.628154333796559,0.04352305781661181,-0.36163153485935234
C,0.2,1,0.8129595878750181,0.8313682426794539,0.7976653408861345,0.8313682426794539,0.8129595878750181,4.353565619225157,10.982696988489066,444.75166558508676,-25.219749512536914,0.6475357588515813,0.00612448065690533,-2.5220749512536917
C,0.2,1,0.6902399173285163,0.8312558679097369,0.6116029622539727,0.8312558679097369,0.6902399173285163,31.61064837043081,34.47498124744439,2888.102567766052,-4.784388966334604,0.6314443063465986,0.034167281066892874,-0.47853889663346044
C,0.2,1,0.5856534580055918,0.7994860498879952,0.7982666182072403,0.7994860498879952,0.5856534580055918,11.032407628445878,11.833147496838231,984.2412518734301,-18.91235702071037,0.6594823655859092,0.006078517774877686,-1.891335702071037
C,0.2,1,0.8913306383111169,0.7923903946270843,0.20039464589620515,0.7923903946270843,0.8913306383111169,6.523613504041144,25.06750885037099,581.8796938283384,-24.474573518860186,0.5954675784403042,0.04633165702290167,-2.4475573518860188
C,0.2,1,0.9064070167085996,0.771776951129288,0.38582783582334357,0.771776951129288,0.9064070167085996,6.3135946599920985,29.482276365715972,590.6676809895462,-24.10082640730919,0.5833118459058351,0.06738118575551709,-2.410182640730919
C,0.2,1,0.3702696347070575,0.95076276822649,0.7440191143332094,0.95076276822649,0.3702696347070575,31.196511111811915,35.62582163514152,2640.8501160514115,-7.1108356196224864,0.6213437551375233,0.04779881347632034,-0.7111835619622486
C,0.2,1,0.9378403108656903,0.6462382979122966,0.7665020590254098,0.6462382979122966,0.9378403108656903,36.08975569760203,36.87978742900923,3550.022301128142,1.6920738932226387,0.6457398824855443,0.022961753073035322,0.00790031731407197
C,0.2,1,0.5816954174494982,0.739885768554866,0.958021644249525,0.739885768554866,0.5816954174494982,46.06570063216162,47.52708448628888,4147.276620356954,3.8885695394813973,0.6357857058938632,0.03774959120583211,0.014613838541272557
C,0.2,1,0.5027960392575274,0.7443811499654057,0.8076461711048514,0.7443811499654057,0.5027960392575274,41.64805298125848,43.56700030780616,3438.0473457958224,-1.0507437461855702,0.625881437824796,0.049263819808398855,-0.10517437461855701
C,0.2,1,0.5183956668319972,0.8771288600024901,0.7959689887997697,0.8771288600024901,0.5183956668319972,8.073696655309556,12.66944974041081,724.0123893003732,-22.428257457630878,0.6464769415094409,0.007940420095535975,-2.242925745763088
C,0.2,1,0.8580051660738166,0.9944941272397813,0.8650946593810452,0.9944941272397813,0.8580051660738166,44.80097923635869,46.78356112744555,5118.616315565958,10.536901004985264,0.6562695040101919,0.016207880525959478,0.01982581891086859
C,0.2,1,0.512693722238611,0.7099064949512347,0.546966641579825,0.7099064949512347,0.512693722238611,8.911266967016921,9.256700457640749,666.5999905948412,-21.865344622399025,0.6657470868973292,0.003649488654814163,-2.1866344622399025
C,0.2,1,0.5543194909550666,0.836948774791571,0.7532839420780625,0.836948774791571,0.5543194909550666,52.520685885427675,54.61083528509,4642.592910992609,6.52705040329947,0.635422474050955,0.03943379554864572,0.020901493996623232
C,0.2,1,0.46604100475326454,0.5473354386064088,0.8597262802532485,0.5473354386064088,0.46604100475326454,40.91125270364507,42.76286566029217,2952.2369655955686,-4.510191269069169,0.6152165395013287,0.0667709413252347,-0.4511191269069169
C,0.2,1,0.715982800315022,0.12550756913276362,0.1048015669400083,0.12550756913276362,0.715982800315022,8.12872827030022,8.789289275856211,363.30991426470473,-25.64045067573062,0.6589493272579677,0.003790641136834867,-2.564145067573062
C,0.2,1,0.7776561766851147,0.8734039266356747,0.9623712147440604,0.8734039266356747,0.7776561766851147,39.17764339444533,40.81650439760535,4176.818104142947,4.8147546248717195,0.6486212645790653,0.021046599905037384,0.016388610031600165
C,0.2,1,0.599661968379961,0.543161142669098,0.753592675752422,0.543161142669098,0.599661968379961,45.34133168073741,48.06188303137115,3445.0784731110034,-1.6125256438109539,0.6182618446124548,0.05819392193053253,-0.16135256438109538
C,0.2,1,0.843186449677771,0.714375028370818,0.8918299828283873,0.714375028370818,0.843186449677771,34.89189044679477,35.650312104737466,3495.2540742613287,1.185971780217138,0.6460664017006494,0.02369070290440959,0.007584216579426979
C,0.2,1,0.4133220765919378,0.8161461167016595,0.8163062917969471,0.8161461167016595,0.4133220765919378,45.92104509863883,50.931389249461425,3760.06416857662,-0.1050640560610246,0.6201511463479573,0.05226590121399877,-0.010606405606102461
C,0.2,1,0.6772183137015262,0.708811070247585,0.9715451947312967,0.708811070247585,0.6772183137015262,17.68401257725606,26.174872980560966,1655.0484889851512,-15.532629602559657,0.619182895261545,0.03240667915237795,-1.5533629602559658
C,0.2,1,0.9712394525770076,0.540011173032179,0.8559224913591049,0.540011173032179,0.9712394525770076,4.522095046270185,14.130156566892843,438.4650198411572,-25.5810182576609,0.6315986395822974,0.011883660967222836,-2.55820182576609
C,0.2,1,0.7949585347445846,0.5233153491404856,0.9263592689452061,0.5233153491404856,0.7949585347445846,6.667549899903371,33.09556909237376,593.8965114004105,-23.639532168828136,0.5743839944627861,0.08694041816082321,-2.3640532168828137
C,0.2,1,0.9687032413891554,0.7111469992003546,0.8058576594897742,0.7111469992003546,0.9687032413891554,0.9588629178229603,26.22127491937871,99.85498082807165,-27.36363460764266,0.5824494073310881,0.06050177794154446,-2.736463460764266
C,0.2,1,0.7649532500798962,0.8598234486591164,0.22304485412993558,0.8598234486591164,0.7649532500798962,15.548160740401714,33.440169021130295,1349.8128950709634,-18.951280123358863,0.5903115013036729,0.06820196619106729,-1.8952280123358864
C,0.2,1,0.5621690999533411,0.9821491773300333,0.8510135965353289,0.9821491773300333,0.5621690999533411,40.00393910601273,40.400402307081464,3940.0381185920337,3.602814980587882,0.6442973543146846,0.029722330089807313,0.003964632010687339
C,0.2,1,0.7699770971444873,0.8171556024936258,0.8252958681200022,0.8171556024936258,0.7699770971444873,28.925408218457576,35.51022196055599,2892.2235588541866,-6.464322121869813,0.6262342813527458,0.033449058665249394,-0.6465322121869813
C,0.2,1,0.6324362627401822,0.8662887366580019,0.6041235544928356,0.8662887366580019,0.6324362627401822,37.44261009921057,37.44369285939996,3371.3078574859005,0.2640396425876657,0.6390521802874075,0.035281886086724445,1.0827601893907968e-05
C,0.2,1,0.364987375165965,0.4081193685342243,0.9678950201686413,0.4081193685342243,0.364987375165965,42.33950624859209,58.68991046682264,2661.152821646426,-8.608445403142937,0.5768179249687507,0.14563484840709529,-0.8609445403142937
C,0.2,1,0.35136007945778924,0.5732886128511425,0.05992476956789261,0.5732886128511425,0.35136007945778924,44.67076954434526,53.12284660258483,2132.1605714647585,-11.288570249339122,0.573497871617639,0.1456279302423373,-1.128957024933912
C,0.2,1,0.43586274709092643,0.07246214942148366,0.9897673839781044,0.07246214942148366,0.43586274709092643,35.972658109631254,37.45030527484747,1804.4039783404428,-12.80351126038519,0.5981024959492822,0.0795098122578519,-1.280451126038519
C,0.2,1,0.278023930885187,0.08620572118754288,0.4726747798748111,0.08620572118754288,0.278023930885187,35.17590761201338,38.267409633789896,1056.2745392284342,-18.52029024740679,0.5772495580006217,0.10349433182018523,-1.8521290247406792
C,0.2,1,0.33586201318157133,0.9821273968235422,0.9633997418722131,0.9821273968235422,0.33586201318157133,42.013487310394346,43.401018865817804,3780.561138373834,1.4544003877499043,0.633086269801015,0.04341224559479076,0.013875315554234576
C,0.2,1,0.9748402046059199,0.31617710522909515,0.8917680406260786,0.31617710522909515,0.9748402046059199,9.073829111267944,9.861371776578014,788.0172926448716,-19.12299318527697,0.6693065201180323,0.003591433306110154,-1.9123993185276973
C,0.2,1,0.9384338683724093,0.9791935977213893,0.9385535118043783,0.9791935977213893,0.9384338683724093,2.269304063089986,18.5578425630929,270.83057245910686,-26.920865903996713,0.6100589196174249,0.025615454116681723,-2.6921865903996713
C,0.2,1,0.7726226458412179,0.9557240165824303,0.9660517360037038,0.9557240165824303,0.7726226458412179,49.97903947023515,51.35627077194691,5526.113749076493,13.116830460882358,0.6550769798815127,0.019116605216038363,0.013772313017117597
C,0.2,1,0.7460512514018985,0.7260247114519086,0.9989942772103522,0.7260247114519086,0.7460512514018985,13.51849424655042,28.590118212856446,1332.6349814363416,-18.78388973727809,0.6031483252089685,0.047096026659371626,-1.8784889737278092
C,0.2,1,0.18827717966523283,0.8097115848165556,0.807283483395842,0.8097115848165556,0.18827717966523283,8.952397444658402,14.22996652332254,627.3976680939247,-23.595981738469636,0.6363036210075423,0.011748997507918215,-2.359698173846964
C,0.2,1,0.7187962458678842,0.7181162983056967,0.8888419999411147,0.7181162983056967,0.7187962458678842,24.873361587503855,25.014244985145552,2339.7544755098647,-6.711321918765954,0.6454580455538405,0.022795735679068396,-0.6712321918765954
C,0.2,1,0.8586004859837157,0.6982568787162822,0.9418079936967422,0.6982568787162822,0.8586004859837157,25.435163979895865,26.67218667363659,2578.8221371539835,-5.351960996906824,0.6458233927701664,0.02112198496294484,-0.5352960996906824
C,0.2,1,0.7849536203609379,0.8106394343756579,0.8124177106022323,0.8106394343756579,0.7849536203609379,14.119503340771697,20.455123519522957,1413.2224378170317,-16.824146207991895,0.6320258822057706,0.018846960307359117,-1.6825146207991897
C,0.2,1,0.32663191341963227,0.9936277819901342,0.9486722934594174,0.9936277819901342,0.32663191341963227,5.9207762533801525,7.241933818026669,531.270022327708,-24.67707994497217,0.671812639332669,0.0020935290772982258,-2.467807994497217
C,0.2,1,0.5614373697918631,0.9988042266399054,0.4407149923715664,0.9988042266399054,0.5614373697918631,8.082675794197215,29.140279275298553,719.6002592534704,-23.07583008197425,0.5876393713155424,0.062431514742115155,-2.307683008197425
C,0.2,1,0.7845057265398406,0.9429084004613938,0.842913246731977,0.9429084004613938,0.7845057265398406,47.74018264677669,52.06605958252813,5129.3741053423655,8.470002169365094,0.6457126523725387,0.020207831236356107,0.04325876935751445
C,0.2,1,0.5856534580055918,0.9383615268574128,0.5241540229068529,0.9383615268574128,0.5856534580055918,35.638243389303234,43.5448278712814,3182.659064020573,-5.013728528929438,0.6170630860609612,0.0477605455927669,-0.5014728528929439
C,0.2,1,0.978033466521911,0.6316178171409889,0.9386931062085107,0.6316178171409889,0.978033466521911,24.075654066602645,24.390499202558853,2502.6616361610636,-4.455965750688739,0.6535356558141101,0.017177183842652346,-0.4456965750688739
C,0.2,1,0.6021867559737855,0.46894928602283936,0.68863651681327,0.46894928602283936,0.6021867559737855,30.427766005233565,33.71730356888353,2153.4556121885985,-10.630691298416863,0.6147836198770178,0.050393672143354946,-1.0631691298416863
C,0.2,1,0.4285276824913034,0.6302958940312235,0.8293302021272166,0.6302958940312235,0.4285276824913034,65.88297669984375,73.34702020551237,4853.891010644546,5.4134329564953845,0.6204826230490218,0.06755739684605486,0.07464043505668613
C,0.2,1,0.8925030335020957,0.6334465865556858,0.8617153211634219,0.6334465865556858,0.8925030335020957,32.92405512035976,37.46014179844216,3221.3015383847974,-3.628398155466618,0.6314925403353006,0.027574115522649705,-0.36293981554666177
C,0.2,1,0.8905575703583523,0.5431096725618001,0.48028822248129033,0.5431096725618001,0.8905575703583523,15.871513158896555,18.94842315293171,1328.2959466536781,-16.15464616252198,0.6386241771124614,0.015351972833954916,-1.6155646162521982
C,0.2,1,0.8613089721762311,0.5551133514500605,0.9007224111858564,0.5551133514500605,0.8613089721762311,29.051056472467167,29.63756860199934,2711.601686460956,-4.02570053634229,0.6424373022708055,0.026429784939671987,-0.40267005363422903
C,0.2,1,0.5962474366377895,0.6462382979122966,0.7454793297731839,0.6462382979122966,0.5962474366377895,28.189108561936138,28.512252279373424,2276.5882068358587,-7.943658458302087,0.6333003794848074,0.03365981680382913,-0.7944658458302087
C,0.2,1,0.728742580764645,0.7945168737987646,0.9663720905674741,0.7945168737987646,0.728742580764645,34.980284312600816,36.58953188282135,3509.3017021195824,0.32444496342747065,0.6423118821582459,0.02573040812628257,0.01609247570220532
C,0.2,1,0.7122547537616587,0.7382372033083386,0.9948903957472186,0.7382372033083386,0.7122547537616587,33.63903926915407,34.37022853999666,3276.336722449612,-0.6844245629173662,0.6424893219472517,0.028363158663051984,-0.06854245629173662
C,0.2,1,0.7251563929439949,0.950464838165817,0.9731636500416452,0.950464838165817,0.7251563929439949,47.80745615681579,48.06188303137115,5168.47139040492,11.897438447203026,0.6528470833812667,0.021036896116516008,0.002544268745553637
C,0.2,1,0.6636117436892688,0.5082476738405739,0.9028182119925108,0.5082476738405739,0.6636117436892688,59.5484345595011,59.85331457167239,4833.154972284592,8.681394275491403,0.6308487044755527,0.04711910682241445,0.0030488001217128867
C,0.2,1,0.6527133650551185,0.8163428629439498,0.9673147142737001,0.8163428629439498,0.6527133650551185,53.446686615894734,78.23751503533417,5218.3035517679855,3.3506235271296916,0.6300948483978468,0.029110419533729837,0.24790828419439437
C,0.2,1,0.67194430981246,0.5803950850808504,0.523032091203243,0.5803950850808504,0.67194430981246,60.29817350247737,62.36671128482569,4564.1359004316355,5.7125841439184795,0.626340467074422,0.054293786334143154,0.02068537782348322
C,0.2,1,0.571854222097823,0.7872367945040903,0.8562931789663351,0.7872367945040903,0.571854222097823,23.4752460779542,24.0151378954862,2097.7921301310525,-9.427549831649515,0.6406960869874946,0.023897484582406505,-0.9428549831649514
C,0.2,1,0.7158622037717739,0.717669900400803,0.796171903571643,0.717669900400803,0.7158622037717739,36.17861115466613,36.34392692319941,3313.2698715192205,-0.04118163440287455,0.6403496693462104,0.03266300118662613,-0.0042181634402874545
C,0.2,1,0.28662873248097387,0.824012928120163,0.8151988148031895,0.824012928120163,0.28662873248097387,31.36649966253355,33.09556909237376,2381.095397357613,-8.501735594651896,0.6210470316632464,0.049636195317986215,-0.8502735594651896
C,0.2,1,0.5269175753810021,0.9917363945240738,0.7277144995555846,0.9917363945240738,0.5269175753810021,48.343121139475336,53.515353260322584,4550.323396977518,4.683559462794044,0.6331503213327058,0.03383391320363673,0.05172232120847248
C,0.2,1,0.8416096355762199,0.7111469992003546,0.8880147411005032,0.7111469992003546,0.8416096355762199,32.27857451708285,33.19249409108187,3222.6347869485394,-0.7483648939282536,0.6450103890649106,0.023990381691449285,-0.07493648939282535
C,0.2,1,0.37817793788088494,0.9476576825014948,0.6921227677558126,0.9476576825014948,0.37817793788088494,13.984795640454939,14.293414201329103,1169.056896823446,-17.906405683677082,0.6508617354484884,0.009916751972007549,-1.7907405683677085
C,0.2,1,0.7308642716733696,0.788503793741587,0.6935405635146985,0.788503793741587,0.7308642716733696,35.00606124459617,36.374528718169955,3266.30766360016,-1.2107773121767769,0.6379563437249162,0.030667724386942,-0.12117773121767768
C,0.2,1,0.510262131271111,0.4244317107556536,0.9797791692308082,0.4244317107556536,0.510262131271111,57.8918206348647,60.80785341630239,4123.586410728469,2.604919414279303,0.6163863407601063,0.0714661140270921,0.029160327814376927
C,0.2,1,0.5621690999533411,0.863316630783039,0.9629280002177203,0.863316630783039,0.5621690999533411,39.39796908371375,40.400402307081464,3756.497327001851,1.900619173632249,0.6397208927417696,0.03280224302364491,0.010024332233677172
C,0.2,1,0.6324362627401822,0.6398776451231494,0.40346752669168184,0.6398776451231494,0.6324362627401822,35.250141363570386,37.44369285939996,2598.0194393382526,-6.820570539455431,0.618725098459938,0.05248616226289649,-0.682157053945543
C,0.2,1,0.6823832194751999,0.8171556024936258,0.9538427302300155,0.8171556024936258,0.6823832194751999,51.58156585532501,53.351079119935655,5097.445565024637,9.735460352581216,0.6458316189767866,0.027598978962948693,0.017695132646106445
C,0.2,1,0.6292483068447612,0.8236620319453748,0.8811924747895249,0.8236620319453748,0.6292483068447612,36.131260041989,38.615223938582155,3420.7389247676415,-1.0452229706321936,0.6350768493409708,0.03208272441594734,-0.10462229706321935
C,0.2,1,0.6911119782845665,0.6805693910256083,0.9884823934174685,0.6805693910256083,0.6911119782845665,25.779764313205938,26.12124000852677,2405.152198932996,-6.59552387100321,0.6430182158405535,0.024892769517805072,-0.659652387100321
C,0.2,1,0.71737212307121,0.8458723529662333,0.9155455701210925,0.8458723529662333,0.71737212307121,37.336693743388885,38.125510614689894,3772.9051263859124,2.685959054348241,0.6459602721910299,0.025268947499669337,0.00788816871301009
C,0.2,1,0.9849581697760587,0.7260247114519086,0.7764596921259138,0.7260247114519086,0.9849581697760587,8.377203361488274,11.039883365609255,879.2765957770248,-19.61611850599957,0.6617976123144741,0.004622184346891345,-1.9617118505999571
C,0.2,1,0.49814042626624144,0.5064036316410078,0.07991866936995484,0.5064036316410078,0.49814042626624144,50.80080670385262,51.35627077194691,2653.0807474297994,-5.569048013227973,0.5952373914743009,0.11500088624825754,-0.5570048013227973
C,0.2,1,0.33586201318157133,0.8418272564253685,0.11176494488644273,0.8418272564253685,0.33586201318157133,42.013487310394346,43.401018865817804,2591.3325365542746,-6.6827856392525185,0.6060182725071117,0.08297096310512911,-0.6683785639252519
C,0.2,1,0.7745534286804301,0.7852168829249566,0.48565167998604897,0.7852168829249566,0.7745534286804301,4.543813342407535,22.29177244163806,409.5330222302668,-25.713953246917473,0.6005129323786058,0.03752011233263637,-2.5714953246917474
C,0.2,1,0.5836805956840849,0.5239050048960839,0.8293138792429338,0.5239050048960839,0.5836805956840849,47.44672170646788,50.829205499703825,3611.2709087346884,-0.8604735927031262,0.61739078035702,0.05769388205151029,-0.08614735927031261
C,0.2,1,0.9697615254207331,0.7989843494825982,0.9449664892668478,0.7989843494825982,0.9697615254207331,10.412086754465735,21.4908414134548,1166.7936014625775,-19.797909196333933,0.6206344268397246,0.024375021061099404,-1.9798909196333934
C,0.2,1,0.7590790479090787,0.8894907865966593,0.41486525362359106,0.8894907865966593,0.7590790479090787,36.8689575030259,37.515208818384615,3421.44379359138,0.6025036147273897,0.6409857092515822,0.02934293728826282,0.006462513153587182
C,0.2,1,0.8065405540452762,0.3602571956449254,0.9261023836861338,0.3602571956449254,0.8065405540452762,68.20494376595649,69.08932338333199,5558.187770214015,12.319457184645936,0.6329066787731313,0.0430306224726127,0.00884379617375501
C,0.2,1,0.5674121594716897,0.9672708678906426,0.24356583011573107,0.9672708678906426,0.5674121594716897,34.62825694623468,36.06915147117425,2868.026413840669,-4.223429944245424,0.6288656061466099,0.04232502315721072,-0.4224429944245425
C,0.2,1,0.594837545021211,0.589861346952109,0.7976653408861345,0.589861346952109,0.594837545021211,3.8016732519264718,16.50515578893792,301.00347922098564,-26.715316696965676,0.6185345025402122,0.01896667628410821,-2.6716316696965676
C,0.2,1,0.9366038198761786,0.67710092974455,0.23695775672480512,0.67710092974455,0.9366038198761786,47.74018264677669,52.06605958252813,4134.738138883548,1.561728923328863,0.6274173810103667,0.030963037775153048,0.04325876935751445
C,0.2,1,0.4908499848400286,0.21713102577104015,0.4737602289455516,0.21713102577104015,0.4908499848400286,27.906244312422775,41.62294096152891,1318.376269895021,-17.971748510094987,0.5730242795859279,0.11199698150195099,-1.7972748510094987
C,0.2,1,0.6177873887389514,0.771776951129288,0.9917330232231218,0.771776951129288,0.6177873887389514,37.385945622847345,37.44211650411295,3524.43076445313,1.0755334326336343,0.6414485159369304,0.032785998688615335,0.0005617088126560788
C,0.2,1,0.5856534580055918,0.4004619273238914,0.9666838621621224,0.4004619273238914,0.5856534580055918,15.537623776279846,27.931467091597952,1141.5937468844425,-19.820124157623084,0.6014287262824375,0.04791107563956483,-1.9821124157623085
C,0.2,1,0.9641257972386976,0.5265960252510756,0.8254541900071423,0.5265960252510756,0.9641257972386976,7.809273773838268,17.137875794123964,743.2276855610808,-22.98603236260609,0.6265767540766572,0.016570399788583535,-2.298703236260609
C,0.2,1,0.93834272648727,0.9606890429958251,0.9173724348211647,0.9606890429958251,0.93834272648727,31.686595959305752,36.61295243606099,3735.4028618343846,0.12476614095604789,0.6443976721846265,0.014074963155872056,0.012376614095604789
C,0.2,1,0.4798769003831595,0.7443811499654057,0.8307431787614095,0.7443811499654057,0.4798769003831595,43.078911385785645,44.354313519415044,3531.672997770243,-0.18554112493627278,0.6268309400890656,0.05038750016654728,-0.01865411249362728
C,0.2,1,0.3059224741601936,0.44985969552338534,0.7665020590254098,0.44985969552338534,0.3059224741601936,10.069079643963192,59.942656469850405,573.4507999912787,-19.25543837085988,0.5180254710843752,0.2832930543410271,-1.9256438370859883
C,0.2,1,0.733339012697704,0.7945168737987646,0.9704988210104651,0.7945168737987646,0.733339012697704,14.019187498078473,22.759893088302746,1411.10503060209,-17.39898169976049,0.6234070677262574,0.025291386594147147,-1.7399981699760492
C,0.2,1,0.8416201810521747,0.8760531507472548,0.8192556350394943,0.8760531507472548,0.8416201810521747,40.89872520604952,43.414662288280596,4350.195256825917,5.179479297845575,0.6467700121729253,0.01989064410280632,0.02515937082231076
C,0.2,1,0.6036497007196938,0.9198528348065089,0.923026711504405,0.9198528348065089,0.6036497007196938,34.68672253028461,35.49397836854636,3442.684771948982,0.23156198454113622,0.6429851865596677,0.028590393943012944,0.008072558382617459
C,0.2,1,0.7729222848162645,0.6368980861771556,0.7308007912640003,0.6368980861771556,0.7729222848162645,32.91551745164572,34.086797603055594,2921.6155062191456,-3.4412718720426163,0.6353271950755939,0.03352798707922135,-0.3442271872042616
C,0.2,1,0.5679982539769528,0.4005620261024602,0.18466146042137632,0.4005620261024602,0.5679982539769528,50.19404271843403,54.02593864475721,2662.520434505199,-7.229037104699375,0.5880202375628557,0.12112766058201659,-0.7230037104699376
C,0.2,1,0.5003241776236673,0.5586083811154676,0.5888376408934315,0.5586083811154676,0.5003241776236673,52.8745433086836,54.40146094671559,3577.891805531447,-0.20608527054944956,0.6120843709381937,0.07871455271889656,-0.020708527054944956
C,0.2,1,0.6543841244656164,0.9358889656724213,0.9281766089603991,0.9358889656724213,0.6543841244656164,2.7089392794796217,9.935018582138754,278.2570138063939,-26.950696690964936,0.6486958509393799,0.0052251295796030646,-2.6951696690964937
C,0.2,1,0.9074310057938426,0.9593740989917843,0.976845869364554,0.9593740989917843,0.9074310057938426,4.129207310860044,20.438668081344353,486.2612419656718,-25.21139911017401,0.6082875872608391,0.029645720549296945,-2.521239911017401
C,0.2,1,0.6618219613261556,0.7872367945040903,0.1549396253788874,0.7872367945040903,0.6618219613261556,2.5388583877598947,20.062375960918956,193.78199301706593,-27.40006272141284,0.6031721759482884,0.03173425544465655,-2.740106272141284
C,0.2,1,0.5716617531284204,0.543161142669098,0.5885105769311109,0.543161142669098,0.5716617531284204,49.84117677972083,51.865779114267326,3511.5057439151956,-0.8749427715854952,0.6144031126744448,0.06925172315103131,-0.08759427715854952
C,0.2,1,0.3908759893436244,0.638250092717752,0.87345829973488,0.638250092717752,0.3908759893436244,31.693013783391955,33.09556909237376,2322.8685034988594,-8.809014008296158,0.6202594675250712,0.04981434533587216,-0.8810014008296158
C,0.2,1,0.510262131271111,0.6656884855905647,0.0770977181051351,0.6656884855905647,0.510262131271111,3.581267623230442,21.25238453069866,217.47238257610098,-27.120471723071496,0.5998029658619144,0.03598249863933708,-2.7121471723071497
C,0.2,1,0.32061373504990703,0.12881166047321801,0.7483743623772338,0.12881166047321801,0.32061373504990703,35.017414042555046,36.34392692319941,1442.0391304685347,-15.507826683971329,0.5915989572219733,0.08424973038213687,-1.5508826683971328
C,0.2,1,0.6185020873065824,0.0843726798042701,0.25773224795024574,0.0843726798042701,0.6185020873065824,39.71666711909188,39.908323686864385,1651.6988050299271,-12.311783155403278,0.5940244803580614,0.09097882426680583,-1.2312783155403277
C,0.2,1,0.7254083937058801,0.9034347658397257,0.9097914259207278,0.9034347658397257,0.7254083937058801,31.814852508051832,32.17133622227246,3314.692244703582,0.2185820013188668,0.6490520450343003,0.023099308548996444,0.0035648371422062654
C,0.2,1,0.8074465443129984,0.8560584759697359,0.9167985893441049,0.8560584759697359,0.8074465443129984,28.895456385940733,28.9616540327793,3065.669679395775,-0.8437163373937926,0.6524658143406437,0.020652128545084764,-0.08447163373937926
C,0.2,1,0.9095900751772579,0.9024162890838557,0.6031416976647029,0.9024162890838557,0.9095900751772579,24.460153720676153,24.826043250129047,2584.9211766392227,-3.880940585939525,0.6539950717365174,0.01714499890157259,-0.3881940585939525
C,0.2,1,0.9754746514154555,0.8259254499487702,0.6041235544928356,0.8259254499487702,0.9754746514154555,8.29202509688487,17.35427744707097,872.0979343890025,-21.823898970493875,0.6289894425719363,0.01597366649375378,-2.1824898970493876
C,0.2,1,0.6378541462598135,0.9111161377066224,0.8000498174719788,0.9111161377066224,0.6378541462598135,45.49876636679379,46.074467472061535,4433.843846138594,6.679651680219446,0.6445825144045205,0.028999288260913306,0.005757011052677469
C,0.2,1,0.7711699239463928,0.6920498404797566,0.9854711481249756,0.6920498404797566,0.7711699239463928,34.42360981348801,36.80483450623802,3366.5521692370858,-1.2452071373078506,0.6379810659421853,0.027163487081522154,-0.12462071373078505
C,0.2,1,0.6315168935140459,0.7743440799919843,0.5384352293528342,0.7743440799919843,0.6315168935140459,28.380355984615584,32.078402657634584,2376.966331741257,-8.893378287580775,0.6240155515688867,0.03883521780376081,-0.8894378287580775
C,0.2,1,0.5915646929940284,0.9394842869495641,0.9884823934174685,0.9394842869495641,0.5915646929940284,0.12016393393115392,32.55917025688323,12.16834174893326,-26.93043415189972,0.5640916439151367,0.09866447486516608,-2.6931434151899722
C,0.2,1,0.8028271475307437,0.5148333550281348,0.7341505353144319,0.5148333550281348,0.8028271475307437,39.54639583779388,41.031350968638954,3331.2613825528115,-1.2200997572031083,0.6304064913863107,0.038901427944761535,-0.12210997572031082
C,0.2,1,0.539726411913392,0.8236680506375331,0.9633997418722131,0.8236680506375331,0.539726411913392,42.013487310394346,43.401018865817804,3875.942368321896,2.3004605721617435,0.6365418602904676,0.036288495410956925,0.013875315554234576
C,0.2,1,0.860858522064069,0.9322907709807179,0.9695596869374877,0.9322907709807179,0.860858522064069,18.26302968749511,19.562619313665618,2080.0943723078353,-8.799506620741852,0.6558087618503816,0.012411047437430088,-0.8800506620741851
C,0.2,1,0.8467606951137769,0.8806626522467282,0.9689839577204631,0.8806626522467282,0.8467606951137769,32.504494412557925,34.82174461664984,3594.859468109659,0.8574906678752691,0.6477043060313789,0.018116742070868525,0.023172502040919127
C,0.2,1,0.6830040093965198,0.8921079685795649,0.9174464555382057,0.8921079685795649,0.6830040093965198,1.03217763028042,29.565546745459002,104.9639601523479,-26.86133577762118,0.5735587192972043,0.07843223023175201,-2.686233577762118
C,0.2,1,0.7439612046177153,0.7989843494825982,0.9064542659460031,0.7989843494825982,0.7439612046177153,16.49322865455403,16.513436283951943,1646.166628093786,-11.903977302314157,0.6577287088488821,0.010785943100778317,-1.1904977302314157
C,0.2,1,0.9118508153098384,0.7695893653252983,0.9261023836861338,0.7695893653252983,0.9118508153098384,31.317272141169422,31.78112018069469,3357.9809958144915,1.0792968115483748,0.6526731567436207,0.018724447821838006,0.004638480395252671
C,0.2,1,0.7590790479090787,0.774041393032149,0.41486525362359106,0.774041393032149,0.7590790479090787,21.39158751693888,29.401239447473877,1861.659663835762,-14.191915302642586,0.6153894634829041,0.03826760053022661,-1.4192915302642586
C,0.2,1,0.7396924303063334,0.8638443725777687,0.014882650860373436,0.8638443725777687,0.7396924303063334,22.252816209150325,22.329307848813396,1792.440010316943,-10.16776999099704,0.643496077485724,0.020537387121731393,-1.016876999099704
C,0.2,1,0.6177873887389514,0.7082691276228756,0.9917330232231218,0.7082691276228756,0.6177873887389514,4.435603485460918,25.18977581746757,404.06640665601344,-25.44948422690073,0.5918606531797895,0.049999855066998895,-2.545048422690073
C,0.2,1,0.6635254889439804,0.8534939259954432,0.917434934859284,0.8534939259954432,0.6635254889439804,30.943386261049177,31.18416308409739,3056.799475067354,-1.8213345657722786,0.6449265905438706,0.02731365064257672,-0.18223345657722784
C,0.2,1,0.8374341261801754,0.7076007516884688,0.9687546145969308,0.7076007516884688,0.8374341261801754,47.74018264677669,52.06605958252813,4844.225419273601,6.474163077800334,0.6405556930932625,0.023162637051026315,0.04325876935751445
C,0.2,1,0.4908499848400286,0.8608204499724244,0.3675503603811291,0.8608204499724244,0.4908499848400286,0.42683887275387306,73.34702020551237,32.769393774138265,-18.874774523290302,0.4997446649029453,0.43599615885380083,-1.8875774523290303
C,0.2,1,0.8224261537083277,0.6627162444678193,0.9173724348211647,0.6627162444678193,0.8224261537083277,28.311638043412184,34.21288523919317,2751.648609145924,-7.268833145318638,0.6260390730392971,0.03371725637228427,-0.7269833145318638
C,0.2,1,0.7044804968760573,0.8763370959242357,0.6472829851346902,0.8763370959242357,0.7044804968760573,31.222821650917453,31.593794739928228,2973.129318195157,-2.2845155977672174,0.642953719153621,0.02831971434407709,-0.22855155977672173
C,0.2,1,0.5856534580055918,0.8378148665389067,0.8952359138613971,0.8378148665389067,0.5856534580055918,42.926038526462854,43.5448278712814,4015.916090247021,3.771522111448422,0.6403503727909186,0.03377801193140371,0.006187893448185449
C,0.2,1,0.7985163347813096,0.6169773715449114,0.8614215765935922,0.6169773715449114,0.7985163347813096,38.84256136267745,39.75964657305385,3585.5655685222728,1.183014323765676,0.6392725114677176,0.03053069207225047,0.00917085210376399
C,0.2,1,0.6257374769867663,0.8212723205822479,0.8420300267107514,0.8212723205822479,0.6257374769867663,1.0769212710219278,30.016315748786006,100.58578268405952,-26.822537961686525,0.5722963294881497,0.08112340909963059,-2.6823537961686528
C,0.2,1,0.7378990798909032,0.7021577195136572,0.8876850055177804,0.7021577195136572,0.7378990798909032,1.5781905987626723,36.05316142511628,148.65760838449586,-25.656200793470717,0.5582602707297044,0.11772952549996557,-2.565720079347072
C,0.2,1,0.7499582861317994,0.5736431993051723,0.6420503894288816,0.5736431993051723,0.7499582861317994,49.28003307042748,49.53523082801375,4052.362859318448,4.336701530747206,0.6335209986564028,0.042169424807424444,0.002551977575862736
C,0.2,1,0.728742580764645,0.7470316274689176,0.9663720905674741,0.7470316274689176,0.728742580764645,26.41556863121458,30.9913096924049,2587.352451130387,-7.620843669082491,0.6306695652944231,0.03050822713602216,-0.7621843669082491
C,0.2,1,0.773866212625835,0.8684439674639721,0.3754678147058933,0.8684439674639721,0.773866212625835,33.361638017464436,34.086797603055594,3052.66342006331,-1.8449928137899703,0.6398505966385777,0.030028815533610302,-0.184599281378997
C,0.2,1,0.7502803281144866,0.9598649006410443,0.9465358239436052,0.9598649006410443,0.7502803281144866,28.83905219190643,29.22962758167087,3148.3782760964955,-0.7055405477191921,0.6524252499349962,0.020074708314498816,-0.0706540547719192
C,0.2,1,0.7371884538475788,0.4568590625582566,0.753592675752422,0.4568590625582566,0.7371884538475788,5.939605976236165,9.121589368157823,466.50967723137467,-24.34312025176741,0.6602594883011382,0.003581161772442431,-2.434412025176741
C,0.2,1,0.6036497007196938,0.7978368023864812,0.2620426775919764,0.7978368023864812,0.6036497007196938,34.921357340886,35.49397836854636,2675.8626987387734,-5.071870835964923,0.626801440482305,0.04613720310969828,-0.5072870835964923
C,0.2,1,0.7044804968760573,0.8763370959242357,0.03966878586625455,0.8763370959242357,0.7044804968760573,32.29706802247848,32.68080473994257,2584.818303177376,-5.00579935258593,0.6328518453009353,0.03731327372072341,-0.500679935258593
C,0.2,1,0.8922581220374051,0.717669900400803,0.9305103333436905,0.717669900400803,0.8922581220374051,19.326385528878298,36.34392692319941,2005.2895177894027,-14.64974757181829,0.5986512586270052,0.06384498992606683,-1.465074757181829
C,0.2,1,0.5041146902301424,0.517742136565995,0.09893176551785299,0.517742136565995,0.5041146902301424,33.865867111158735,35.69983294761555,1814.063625747915,-12.420915511013137,0.6039830827609957,0.06702935312493344,-1.2421915511013135
C,0.2,1,0.7616091471293759,0.7349223296056601,0.1916044967588133,0.7349223296056601,0.7616091471293759,17.270372635468973,22.56933496697602,1375.0098396375422,-16.929507212964577,0.6252969304832309,0.024052974379715066,-1.6930507212964578
C,0.2,1,0.38401458555604007,0.8212473070394133,0.7904458146378137,0.8212473070394133,0.38401458555604007,47.813933505645245,48.037225286473,3826.2736899950573,1.952565469877109,0.6265184321274224,0.05607751863631744,0.002232917808277577
C,0.2,1,0.7987343930775622,0.831773733589971,0.9489764894112597,0.831773733589971,0.7987343930775622,3.114790481619523,32.07936052270477,327.8311330698382,-25.262712808238376,0.571511015090725,0.08784038616067205,-2.5263712808238377
C,0.2,1,0.8501485236269952,0.8631101289232135,0.9213822416275194,0.8631101289232135,0.8501485236269952,26.906316809275744,27.46331382459102,2924.649066479207,-2.0674007735850957,0.6527307924120886,0.018669412702868007,-0.20684007735850957
C,0.2,1,0.9725510304485143,0.18001588115921163,0.6935405635146985,0.18001588115921163,0.9725510304485143,6.478056686957218,6.829842051087931,485.6395665741146,-22.559700244050738,0.6803579801720736,0.0016940263099421188,-2.2560700244050738
C,0.2,1,0.7254083937058801,0.934047559040726,0.6882812099207224,0.934047559040726,0.7254083937058801,31.814852508051832,32.17133622227246,3187.206448454376,-0.6255534088398037,0.646650830717369,0.02507862869136508,-0.06265534088398036
C,0.2,1,0.8739375992526216,0.7859703550118017,0.8612339759904155,0.7859703550118017,0.8739375992526216,57.8918206348647,60.80785341630239,6051.214749500272,14.291319668644126,0.6521033667577454,0.020507192742439936,0.029160327814376927
C,0.2,1,0.9207468072332633,0.8706862878363474,0.9854711481249756,0.8706862878363474,0.9207468072332633,30.4924603951516,32.80275633467936,3482.4961339678325,0.3296276981893453,0.6499850826595962,0.015716194394713532,0.023102959395277588
C,0.2,1,0.7850338574428144,0.8925949206181516,0.8939197759503585,0.8925949206181516,0.7850338574428144,37.13389175577767,37.44369285939996,3944.7122775069147,4.605190684049033,0.6522736350240528,0.020973362788441342,0.003098011036222914
C,0.2,1,0.409520759907707,0.6326557709651284,0.43761957538320206,0.6326557709651284,0.409520759907707,45.57467026472792,53.351079119935655,2873.451783845368,-6.643626642939884,0.592710366416381,0.1070931333999168,-0.6644626642939884
C,0.2,1,0.5135836301968365,0.17630177635018052,0.5442469112918796,0.17630177635018052,0.5135836301968365,25.30693513066477,25.480008885033957,1217.2747935320892,-16.476806534393837,0.6168576180010699,0.038267324297538825,-1.647780653439384
C,0.2,1,0.8280266833185496,0.9138171885745126,0.8898878261190906,0.9138171885745126,0.8280266833185496,27.548265434528453,28.779787580161354,3012.1105174429476,-2.1031387348624935,0.6501475291635255,0.019052462615997856,-0.21041387348624935
C,0.2,1,0.6941879156792319,0.5081089640206231,0.8242694635917134,0.5081089640206231,0.6941879156792319,43.91417625571858,44.332265379446355,3544.8217170013236,0.7481420333179836,0.6298114972363346,0.0466257178451852,0.004180891237277749
C,0.2,1,0.56048655509484,0.9278237642786294,0.2628556653111621,0.9278237642786294,0.56048655509484,42.013487310394346,43.401018865817804,3402.542414821705,-0.7872818623501533,0.6270614625633095,0.04733922807869222,-0.07882818623501534
C,0.2,1,0.6921320374973785,0.630528671105415,0.8517854692935868,0.630528671105415,0.6921320374973785,38.878495330923116,41.65014900124023,3399.05634396243,-1.6498384239030537,0.6286905770517648,0.038634177340598166,-0.16508384239030535
C,0.2,1,0.6797939374650872,0.9298364678782489,0.8218988223474273,0.9298364678782489,0.6797939374650872,19.140918377925722,24.38354155232482,1933.787667201849,-12.4001273093866,0.6326885476002959,0.023523825014130386,-1.24011273093866
C,0.2,1,0.7832390880254835,0.9707208079221316,0.6986659014682743,0.9707208079221316,0.7832390880254835,40.28007856603559,40.728091072271084,4236.0400555860815,6.327897837468952,0.6521812261361408,0.02108822921802945,0.004480125062354929
C,0.2,1,0.7333775422127611,0.7695893653252983,0.9861807932285926,0.7695893653252983,0.7333775422127611,34.92000281436222,36.903762367408,3485.116333931426,-0.12915673001234376,0.640728001561243,0.026077741540816792,-0.013015673001234376
C,0.2,1,0.7201562416221714,0.7549235494293466,0.6486470340015303,0.7549235494293466,0.7201562416221714,34.73909377226978,35.812106125701725,3125.482012628036,-2.0127386077186915,0.6362193331613548,0.0338200088070142,-0.20137386077186914
C,0.2,1,0.37280798980813357,0.8894907865966593,0.9986851466375124,0.8894907865966593,0.37280798980813357,36.323940420669,37.515208818384615,3199.4877714972554,-2.3656392274231726,0.6308754800780502,0.04460845752039522,-0.23666392274231723
C,0.2,1,0.7959701857662967,0.5476870772579119,0.7386222196745506,0.5476870772579119,0.7959701857662967,17.063147799112343,28.779242550735585,1461.4316260670237,-17.751062014739304,0.6060331169658835,0.04454588169339339,-1.7752062014739305
C,0.2,1,0.9027286597546613,0.7862254147147204,0.939602428307779,0.7862254147147204,0.9027286597546613,29.78112786990352,32.57027201896082,3214.508364516006,-2.065247634276902,0.6438651499531787,0.019220138576184386,-0.20662476342769018
C,0.2,1,0.984623258678612,0.7410448531517524,0.7976653408861345,0.7410448531517524,0.984623258678612,25.878705078981557,31.65325988652623,2748.9664592259874,-7.168579896817562,0.6320302620288801,0.024964376492308225,-0.7169579896817562
C,0.2,1,0.7191726437687366,0.5585495164293807,0.9917330232231218,0.5585495164293807,0.7191726437687366,34.42841035494372,34.480137658292435,3053.0919296971597,-1.8614867698434396,0.6381406253150629,0.03531984865299153,-0.18624867698434394
C,0.2,1,0.9232530557549755,0.7443045742538323,0.7982666182072403,0.7443045742538323,0.9232530557549755,10.717289416953706,43.5448278712814,1107.466246493187,-19.784902513330678,0.5611701746976291,0.13590187618618915,-1.978590251333068
C,0.2,1,0.4484036142723382,0.19748071037144876,0.23695775672480512,0.19748071037144876,0.4484036142723382,50.77752339004802,55.37862261316586,1940.6235209569406,-11.641955074887626,0.5660721929676124,0.16924038556032758,-1.1642955074887626
C,0.2,1,0.7267615003448381,0.5265960252510756,0.644154819287888,0.5265960252510756,0.7267615003448381,26.575555328574353,35.62582163514152,2093.4029144017895,-12.892569594895033,0.6053684308639191,0.05654893213069215,-1.2893569594895031
C,0.2,1,0.48352181338908273,0.9289450732036635,0.8964950392537326,0.9289450732036635,0.48352181338908273,40.74655994580495,46.32415803277981,3790.885554752515,0.015104472005583562,0.6279571595687288,0.036426202163891516,0.0014104472005583562
C,0.2,1,0.81022506051838,0.7443811499654057,0.7052510242320904,0.7443811499654057,0.81022506051838,20.295964152016516,21.309342944878246,1935.455333573744,-9.971249845527316,0.6473078084351158,0.016881171320855558,-0.9972249845527316
C,0.2,1,0.8190432740621252,0.8321629090820873,0.9533256416962531,0.8321629090820873,0.8190432740621252,28.30364247637834,29.34833856913842,3011.322176278322,-2.1147004614574265,0.6487530626489875,0.020699743398828085,-0.21157004614574265
C,0.2,1,0.8613089721762311,0.9907341253209511,0.8395674324269706,0.9907341253209511,0.8613089721762311,8.177792291700282,33.927448467027936,928.9263902620555,-21.613100442244434,0.579373788256512,0.08290501257008896,-2.1614100442244437
C,0.2,1,0.8580051660738166,0.97364435716152,0.907862561101266,0.97364435716152,0.8580051660738166,27.488763847756314,29.165862577465784,3141.389548511879,-1.3820368138869112,0.6517180866060122,0.016528000182117135,-0.13830368138869112
C,0.2,1,0.7013667039296589,0.862480777660435,0.9425739915400098,0.862480777660435,0.7013667039296589,24.32234862094663,27.341871367847382,2474.962512443017,-7.492279398688229,0.6386336174229307,0.024364658645986324,-0.749327939868823
C,0.2,1,0.8115623337548521,0.09369187591320716,0.9932042353755519,0.09369187591320716,0.8115623337548521,40.720443876040186,42.59376413782587,2854.210595018255,-5.204002598009902,0.61476433292084,0.06195214242945185,-0.5205002598009902
C,0.2,1,0.6036497007196938,0.928463795598552,0.923026711504405,0.928463795598552,0.6036497007196938,26.55257394297692,28.24885044503119,2646.7962202152444,-5.697059744955957,0.64090591730415,0.026120116179780738,-0.5698059744955957
C,0.2,1,0.843186449677771,0.941746780836448,0.932502462947943,0.941746780836448,0.843186449677771,31.8270569996978,35.872177509989825,3582.4288094266085,-0.36703036239166853,0.6434998137859635,0.017222732483344747,-0.03680303623916685
C,0.2,1,0.49454912925952055,0.5403969507406874,0.8820304932373536,0.5403969507406874,0.49454912925952055,43.32965731295024,45.92950503147951,3197.6449244781847,-3.1609829172973827,0.6151768230072513,0.06670887435897925,-0.31619829172973823
C,0.2,1,0.38401458555604007,0.9199285999404119,0.94508844670781,0.9199285999404119,0.38401458555604007,6.397525667983432,32.020984639488766,568.2561898484768,-23.685347099191063,0.577179633167712,0.08102930470117622,-2.3686347099191063
C,0.2,1,0.5866733177982035,0.9847707151171399,0.811806108045511,0.9847707151171399,0.5866733177982035,37.923559913695534,38.67355787712164,3749.4020360834165,2.270673721558195,0.6435242942406574,0.02884865112730079,0.007499979634261038
C,0.2,1,0.7158622037717739,0.6322544235271716,0.796171903571643,0.6322544235271716,0.7158622037717739,35.20229334258979,36.34392692319941,3073.5167712264406,-2.6000499936761767,0.633424746822263,0.037146330612212605,-0.26010499936761766
C,0.2,1,0.812598495507636,0.2629001377459974,0.9809819704704877,0.2629001377459974,0.812598495507636,8.961483084409226,35.69983294761555,701.6794738224264,-22.769297521130117,0.5702741484047528,0.09924171970372575,-2.2770297521130116
C,0.2,1,0.8118830415977545,0.8326121749674108,0.8800535040671722,0.8326121749674108,0.8118830415977545,33.21483128087871,34.585013555167016,3461.8522744146344,0.5243172817360627,0.6464531919283891,0.021657754850527962,0.013701822742883039
C,0.2,1,0.8921464043844096,0.4244317107556536,0.5800108243298321,0.4244317107556536,0.8921464043844096,22.979376233626418,23.397459022549683,1845.9143662343872,-9.971483467102983,0.6412164269993095,0.021855033353581323,-0.9972483467102983
C,0.2,1,0.5494039400656809,0.49722749520766196,0.8276177392938806,0.49722749520766196,0.5494039400656809,3.1186638888600013,41.68292237378937,227.7311220395288,-24.311316419362917,0.5470172792045271,0.15468096400965084,-2.431231641936292
C,0.2,1,0.7982042353295731,0.9596703648854732,0.9097914259207278,0.9596703648854732,0.7982042353295731,28.90104327211648,29.919697963629222,3197.5685286168627,-0.6900253930670609,0.6515731766800228,0.018662051661971116,-0.0691025393067061
C,0.2,1,0.47260230764565236,0.8220328327601124,0.8264876504859737,0.8220328327601124,0.47260230764565236,31.201473647477577,32.24290050806231,2664.4170269885394,-5.821143559632043,0.6311184742105076,0.03918246521119171,-0.5822143559632044
C,0.2,1,0.6772691186277141,0.7043231039269325,0.819238833309753,0.7043231039269325,0.6772691186277141,34.61380025785759,36.37022077770156,3100.0320949574057,-2.8430473795698585,0.6329952843038458,0.036222857618236584,-0.28440473795698584
C,0.2,1,0.6324362627401822,0.8174519500686744,0.03690175876783508,0.8174519500686744,0.6324362627401822,4.031401681518311,33.60279637233724,295.973234265251,-25.279049266931448,0.5669748083911825,0.09786841106406192,-2.528004926693145
C,0.2,1,0.6772857892022808,0.8171556024936258,0.2854690771498185,0.8171556024936258,0.6772857892022808,30.105093546393842,53.351079119935655,2464.366726635363,-11.569566639637191,0.5764741309477616,0.13113857195229112,-1.157056663963719
C,0.2,1,0.833528583232713,0.7916721787738981,0.9404391718856033,0.7916721787738981,0.833528583232713,22.830994462292555,29.593923368509834,2392.026518010409,-9.827440769129382,0.6280169935685416,0.028888664185052454,-0.9828440769129381
C,0.2,1,0.6215511752016101,0.8078150930185348,0.6957746570419607,0.8078150930185348,0.6215511752016101,21.936488428643685,32.605095611773486,1949.3351479838532,-13.859573419398371,0.6087368382444385,0.049173255877686915,-1.386057341939837
C,0.2,1,0.930767667237207,0.7949734790829863,0.9724083033735011,0.7949734790829863,0.930767667237207,42.75780915991701,44.332265379446355,4728.896746217833,8.461300604988125,0.6539271683916341,0.017030240408640148,0.015744562195293455
C,0.2,1,0.9471627941907986,0.9821273968235422,0.3035455552019908,0.9821273968235422,0.9471627941907986,6.863106240893541,43.401018865817804,714.1278123798177,-21.786789974320058,0.5529203051229139,0.14978650892886772,-2.1787789974320058
C,0.2,1,0.5799137456167202,0.815103794566973,0.8703674798515979,0.815103794566973,0.5799137456167202,38.02958427247006,51.35627077194691,3480.0896908753257,-4.356704772872864,0.609809313436792,0.0539177279610824,-0.43577047728728646
C,0.2,1,0.7374804457441204,0.8098964641186956,0.46061811742934067,0.8098964641186956,0.7374804457441204,31.93906703684459,32.39970080374823,2838.881566042717,-3.2562866618530073,0.638643153681325,0.03185275063389513,-0.3257286661853007
C,0.2,1,0.5794398420331781,0.9974627123505434,0.47446545804938733,0.9974627123505434,0.5794398420331781,34.6595713266509,34.82174461664984,3143.8575625744006,-1.421032954096354,0.6387965071980263,0.034752605517955,-0.1422032954096354
C,0.2,1,0.6442809942299519,0.883829658160264,0.9174464555382057,0.883829658160264,0.6442809942299519,2.40779974568164,35.9489151115026,239.19490556796367,-25.184710451888776,0.5603591155674066,0.1142907763048535,-2.5185710451888776
C,0.2,1,0.644151783606462,0.8493905040224611,0.908276450811444,0.8493905040224611,0.644151783606462,28.10840541397307,28.739783548046592,2737.309673863643,-4.40701238840166,0.6430223674160597,0.02665944215171235,-0.44080123884016603
C,0.2,1,0.9118508153098384,0.9576932355625052,0.9264425776597337,0.9576932355625052,0.9118508153098384,31.040921507724146,31.78112018069469,3620.559290281789,2.882497627441648,0.6578221248585598,0.014812838084440519,0.007401986729705427
C,0.2,1,0.7703507413527901,0.7854586177259258,0.8124177106022323,0.7854586177259258,0.7703507413527901,1.920421768923795,23.374656829608682,188.39512449600116,-27.112130817298407,0.5925725551790503,0.04540769022266791,-2.7113130817298408
C,0.2,1,0.677651216141496,0.8749439064814503,0.5755532895839712,0.8749439064814503,0.677651216141496,40.83337679580784,42.78298202596858,3757.4296911610363,1.4280103521439467,0.6359949372391935,0.0322382698038752,0.01949605230160742
C,0.2,1,0.783126322292883,0.771776951129288,0.9046283196948017,0.771776951129288,0.783126322292883,37.30115392751788,37.44211650411295,3743.5763222192827,3.2377670791377695,0.6482618718625225,0.02460239065763423,0.0014096257659507215
C,0.2,1,0.6430614837904068,0.9754577255763557,0.9660326974744442,0.9754577255763557,0.6430614837904068,51.23413091000961,52.06605958252813,5383.517394796984,12.352113726469062,0.6497715797255061,0.02400782156735973,0.008319286725185221
C,0.2,1,0.6234067417610003,0.9936277819901342,0.6835335735545067,0.9936277819901342,0.6234067417610003,48.46927364009524,50.246026128702404,4747.083836328879,7.747097889876875,0.6441117024033495,0.028502963616999007,0.017767524886071653
C,0.2,1,0.7615166514420382,0.21713102577104015,0.6142734014643363,0.21713102577104015,0.7615166514420382,68.20104141017775,73.34702020551237,4384.59168024017,2.56593084737367,0.6141715280797684,0.07907663166245867,0.05145978795334614
C,0.2,1,0.7619653881986668,0.7664318445799787,0.7982666182072403,0.7664318445799787,0.7619653881986668,31.380262540228482,31.534964296056874,3024.3207229287186,-1.616915042982481,0.6449031492935176,0.02707452311578515,-0.1617915042982481
C,0.2,1,0.8758985235769655,0.7839536737053643,0.7723352280445132,0.7839536737053643,0.8758985235769655,27.84766767393197,28.938476184502704,2848.843987974556,-3.163940652935961,0.6468253995570417,0.021407464242594553,-0.3164940652935961
C,0.2,1,0.7776664101277851,0.7443811499654057,0.9828304134958799,0.7443811499654057,0.7776664101277851,0.598722115193726,11.889413328585457,60.27523433134668,-28.992386305198693,0.6328321686486286,0.009346390103264497,-2.8993386305198694
C,0.2,1,0.6218197289960323,0.9758969302941385,0.7764186699778345,0.9758969302941385,0.6218197289960323,32.04342335353066,32.46246559239717,3181.793369173307,-1.1180777557324755,0.6444793083223624,0.027699111182988744,-0.11190777557324753
C,0.2,1,0.9378403108656903,0.7267321890948987,0.9947480920721075,0.7267321890948987,0.9378403108656903,35.38231482849126,35.958694223280474,3824.7336666411243,3.9978670189824035,0.6534830542187013,0.01811144806279706,0.0057637939478921395
C,0.2,1,0.8211557876316565,0.7026619164434256,0.7532839420780625,0.7026619164434256,0.8211557876316565,32.62892527698264,33.927448467027936,3100.497836560855,-2.0671953723583867,0.6400143225318251,0.02781069395645742,-0.20681953723583865
C,0.2,1,0.7416544325754074,0.7852028131281391,0.9654497448240555,0.7852028131281391,0.7416544325754074,28.694444211788124,31.824558306557094,2883.1920988637175,-4.782879123283039,0.6368668911831212,0.027293974133963415,-0.47838791232830397
C,0.2,1,0.7892021930872477,0.6908278217618167,0.70161316518666,0.6908278217618167,0.7892021930872477,46.43552346249298,48.26563181276568,4250.792788826356,4.466799529092965,0.637809802544277,0.030871631676655093,0.018301083502727026
C,0.2,1,0.6510008437308378,0.9445194932811879,0.8876605952339494,0.9445194932811879,0.6510008437308378,33.679845741552704,34.41192199536054,3434.2507393621167,0.45459132107113365,0.6456667541943676,0.025678738161408476,0.007320762538078327
C,0.2,1,0.906152444276699,0.697228299297758,0.923026711504405,0.697228299297758,0.906152444276699,34.419857283459386,35.49397836854636,3553.6680102140517,1.473457173677234,0.6475850147946673,0.020898562897488628,0.01074121085086972
C,0.2,1,0.8100531620398561,0.8528379431209201,0.9622340497283527,0.8528379431209201,0.8100531620398561,32.17523712578892,33.81874945483608,3449.1984991586064,0.29396160979183933,0.6473409443502676,0.020261543906885844,0.016435123290471622
C,0.2,1,0.6270777586753099,0.7918948623259116,0.29886142715807995,0.7918948623259116,0.6270777586753099,78.18476809496447,78.23751503533417,6131.262549676336,15.844055728285902,0.6290523374349115,0.049632967744993144,0.0005274694036970118
C,0.2,1,0.745446730349071,0.9593740989917843,0.8220633135104154,0.9593740989917843,0.745446730349071,20.468669338524872,24.686193824614378,2165.4342453498057,-10.17525337527595,0.6380799660358994,0.02119187490674367,-1.017625337527595
C,0.2,1,0.7434441798202484,0.8281078629523828,0.796171903571643,0.8281078629523828,0.7434441798202484,33.103736915849375,33.43143170230254,3260.118899566209,-0.1952366984260231,0.645470251448981,0.026288722951423902,-0.01962366984260231
C,0.2,1,0.743032718835847,0.8704445281084493,0.8982475952577855,0.8704445281084493,0.743032718835847,37.70017665613258,38.567218340320565,3888.0211875766404,3.4978255914599106,0.6477177596515724,0.0234394240988124,0.008670416841879884
C,0.2,1,0.38401458555604007,0.5661949026297968,0.9955920199095242,0.5661949026297968,0.38401458555604007,46.643575767347464,46.751532960818935,3377.007708202837,-1.1712807180465963,0.6179765154366237,0.0722300431870629,-0.11722807180465962
C,0.2,1,0.7949585347445846,0.8200772581133643,0.8206806434304218,0.8200772581133643,0.7949585347445846,32.44505637323037,33.09556909237376,3285.6721107160233,-0.08884424269310318,0.6468059746799245,0.023566663855717016,-0.008984424269310318
C,0.2,1,0.582240907503029,0.8499782395521982,0.8487858638732654,0.8499782395521982,0.582240907503029,38.21482836042348,39.908323686864385,3547.5055965281467,0.1491854707551166,0.6358402486816667,0.03438974050591853,0.014818547075511659
C,0.2,1,0.7615166514420382,0.6930149408206767,0.6142734014643363,0.6930149408206767,0.7615166514420382,44.92189577059071,45.42524320085396,3956.873972013529,3.7695161577179044,0.6381515711077611,0.034608305967408055,0.005033474302632541
C,0.2,1,0.6936113800586358,0.8159241783705777,0.8909696498614957,0.8159241783705777,0.6936113800586358,59.96865933300515,60.80785341630239,5861.997567939733,14.764592019251284,0.645310981123864,0.028025465071363914,0.008391940832972438
C,0.2,1,0.7649532500798962,0.9115876757564123,0.8639904617591342,0.9115876757564123,0.7649532500798962,36.48172934355063,38.907931463493455,3846.152269019952,2.1461873948136128,0.6445321746561009,0.021641670568424778,0.02426202119942822
C,0.2,1,0.43580923118513576,0.8244646377598691,0.9646987902452501,0.8244646377598691,0.43580923118513576,15.60495288199629,31.07960986221277,1359.6776963422974,-18.171862943746294,0.598234765991756,0.05718770794481377,-1.8172862943746295
C,0.2,1,0.7176406768656323,0.7997987781062441,0.2087348266262219,0.7997987781062441,0.7176406768656323,29.966685528733244,31.980186848251375,2430.0088205117954,-7.467316259237114,0.6281090509071231,0.03670177621991774,-0.7468316259237114
C,0.2,1,0.6126112776050563,0.8181200922662075,0.8949262807008364,0.8181200922662075,0.6126112776050563,13.265969433452854,34.561751907231375,1245.8035481339894,-19.351783095698547,0.5856794743473466,0.07699374813694929,-1.935278309569855
C,0.2,1,0.7448480081953808,0.965012516837568,0.934006692696495,0.965012516837568,0.7448480081953808,26.294692249902813,28.286939511974907,2861.9982783950286,-3.893344377849279,0.6463686499482219,0.020790291865350814,-0.38943443778492787
C,0.2,1,0.752882772922454,0.864356971094905,0.9064392814967738,0.864356971094905,0.752882772922454,32.39495658378913,32.47581522880637,3353.622093899254,0.7909267574756303,0.6499388215400862,0.02306214919218738,0.0008085864501723705
C,0.2,1,0.5799137456167202,0.7644482543351823,0.8564163602554731,0.7644482543351823,0.5799137456167202,36.343347139663315,38.09304146834045,3221.056669202492,-2.1624105725500695,0.6316478064999369,0.03961023658219936,-0.21634105725500694
C,0.2,1,0.8634041631282835,0.638776560595647,0.03623797900486103,0.638776560595647,0.8634041631282835,43.91417625571858,44.332265379446355,3338.1354784070422,0.0722526394238681,0.6284296033223047,0.04581369772225659,0.004180891237277749
C,0.2,1,0.49428198869749534,0.6084397331127628,0.5090983202727384,0.6084397331127628,0.49428198869749534,59.64937834087848,61.619350366716105,4048.018217414609,2.6271103756867715,0.6154149135402676,0.07788679071051284,0.019699720258376276
C,0.2,1,0.8467606951137769,0.2033669474465296,0.9689839577204631,0.2033669474465296,0.8467606951137769,34.44742732908476,34.82174461664984,2643.1848943335776,-4.889858245183172,0.6288567470499912,0.04289824532419366,-0.4890858245183172
C,0.2,1,0.9407295092782577,0.8840236943804674,0.33580978363117997,0.8840236943804674,0.9407295092782577,5.501003216080398,21.394762295941245,548.0809295876423,-24.820113516260147,0.6062553592962716,0.0321340943391833,-2.4821113516260147
C,0.2,1,0.727861780053569,0.31845765680544813,0.9174464555382057,0.31845765680544813,0.727861780053569,30.001624648281528,32.79347032964186,2257.686255191116,-9.66194420220118,0.6199142607782056,0.043994290389408955,-0.966294420220118
C,0.2,1,0.09005312698242152,0.7695893653252983,0.9261023836861338,0.7695893653252983,0.09005312698242152,30.03371779429403,33.546466136643396,1986.2704419039906,-11.747215795917466,0.6099380264469707,0.060840742532108597,-1.1748215795917465
C,0.2,1,0.6700553008787811,0.7989843494825982,0.9922251676734614,0.7989843494825982,0.6700553008787811,23.519594047271873,31.60690723981131,2310.979139471445,-10.690051261655196,0.6206821854909605,0.03764122956476606,-1.0691051261655196
C,0.2,1,0.9657266059987871,0.9478601770174238,0.868293693101036,0.9478601770174238,0.9657266059987871,15.042275388446583,16.451055961548843,1765.7627897329987,-10.955487159725564,0.6607517185651381,0.008791382623574012,-1.0956487159725563
C,0.2,1,0.7590790479090787,0.8272597345795962,0.881153177709026,0.8272597345795962,0.7590790479090787,36.72714425022014,37.515208818384615,3722.140661315489,2.4817852945360626,0.6464809418960124,0.024276349731405605,0.007880645681644722
C,0.2,1,0.6430614837904068,0.9405916216409043,0.2331472830235557,0.9405916216409043,0.6430614837904068,31.642271519278026,33.94733954730421,2689.9518185556017,-5.829941853854121,0.6289113750021091,0.03779776153667683,-0.5830941853854121
C,0.2,1,0.43849016661583495,0.5426884417965392,0.9605102803992135,0.5426884417965392,0.43849016661583495,32.226177130934566,51.149388923062624,2354.8211423947696,-11.34218012029718,0.5798228798159507,0.12315524650342807,-1.1343180120297178
C,0.2,1,0.887691118768212,0.8945864171462564,0.11643718111456336,0.8945864171462564,0.887691118768212,36.11613548464173,37.44211650411295,3323.5803731306014,-0.3626751793837638,0.6393860516812737,0.02655026097844043,-0.03636751793837638
C,0.2,1,0.6745384463893596,0.00829865369431304,0.9723791051996338,0.00829865369431304,0.6745384463893596,32.079520212591596,45.49647967046536,1875.0907066909149,-14.460621566055964,0.5783897053608958,0.11310080457038375,-1.4461621566055964
C,0.2,1,0.5518354766534935,0.7520277318746059,0.5732755495384698,0.7520277318746059,0.5518354766534935,40.598183307936424,43.5448278712814,3228.572523567916,-2.9336900250119946,0.6207760886559331,0.053261554751054346,-0.29346900250119945
C,0.2,1,0.7248809845526325,0.6807834664525411,0.972931488397744,0.6807834664525411,0.7248809845526325,34.68821212263422,34.734894556252094,3281.730678743961,-0.11336840093385449,0.6429236697711485,0.030301001590935028,-0.011436840093385449
C,0.2,1,0.6732807022765718,0.8926426360962373,0.7244149553505439,0.8926426360962373,0.6732807022765718,38.389495654963234,39.703348861762485,3700.998479243926,1.6571739769880223,0.6407966609693097,0.028945117703186213,0.013138532067992514
C,0.2,1,0.6971801119432864,0.6640636954560876,0.9696799869122321,0.6640636954560876,0.6971801119432864,30.9436346605175,35.62582163514152,2856.2271343185917,-6.006868685725008,0.6262476577656035,0.037504775430574996,-0.6007868685725009
C,0.2,1,0.9035969917626518,0.5954369239570836,0.9867144617321003,0.5954369239570836,0.9035969917626518,4.719882154809276,5.0102317067138635,470.19257090851204,-22.92732101283656,0.6951819883188786,0.0007619176305418358,-2.2928321012836563
C,0.2,1,0.7196373589364882,0.7718738906504824,0.37170821062727066,0.7718738906504824,0.7196373589364882,34.25195518342953,35.12452465837145,2872.652148114646,-3.571204949701569,0.6326411009928709,0.037913676800586486,-0.3572204949701569
C,0.2,1,0.9657266059987871,0.9478601770174238,0.868293693101036,0.9478601770174238,0.9657266059987871,16.101077619126198,16.451055961548843,1890.0520699343385,-8.925564177337346,0.665773508064324,0.008618081050675722,-0.8926564177337346
C,0.2,1,0.8613089721762311,0.4505630934758656,0.7532839420780625,0.4505630934758656,0.8613089721762311,54.013918426717325,56.16349353735649,4560.162972010089,5.691325288069626,0.6325561795803233,0.03708848045785817,0.02149575110639162
C,0.2,1,0.7399829918515348,0.8334010482233764,0.921055248132569,0.8334010482233764,0.7399829918515348,33.4987836440771,34.466880234782415,3406.678339411536,0.2549721719050802,0.6453734932622444,0.024474333553268085,0.00968096590705315
C,0.2,1,0.5476646262564916,0.8652688460370053,0.923026711504405,0.8652688460370053,0.5476646262564916,9.862541730976329,32.02511349610576,924.3405032048461,-21.495702397007143,0.5848167114475544,0.07223797733210723,-2.1496702397007144
C,0.2,1,0.6281636595535494,0.7315390386014696,0.9808982906954081,0.7315390386014696,0.6281636595535494,36.77570730359875,37.33907857263972,3402.0321331934892,-0.10492359215197083,0.6385296612631592,0.034233308090266173,-0.010592359215197083
C,0.2,1,0.8728674989635199,0.8152883460032718,0.9289960506344096,0.8152883460032718,0.8728674989635199,28.88727646452189,29.733891840837256,3109.215374165842,-1.075268913900291,0.650879524917741,0.01918372108598021,-0.10762689139002908
C,0.2,1,0.8261780967675231,0.44837632597953914,0.9638040846294913,0.44837632597953914,0.8261780967675231,4.210095965796666,5.670437523190297,369.74251388270943,-24.80420860991464,0.6841657317459997,0.0010727526094530264,-2.480520860991464
C,0.2,1,0.6404754254672989,0.895440894224399,0.28135204960025795,0.895440894224399,0.6404754254672989,7.511269200472771,30.119505535192737,629.6668219464947,-23.67742148427742,0.5828339061619106,0.06950245055902919,-2.367842148427742
C,0.2,1,0.8036129832536782,0.7376701105807447,0.796171903571643,0.7376701105807447,0.8036129832536782,13.93381666139469,36.34392692319941,1351.140636022824,-18.86881695089603,0.5831467421410524,0.0837733018636104,-1.886981695089603
C,0.2,1,0.6661515004007135,0.8212473070394133,0.6194324395284709,0.8212473070394133,0.6661515004007135,34.06208785359959,48.037225286473,3060.6744969829506,-7.355396123331528,0.6034766909534697,0.06801127244215521,-0.7356396123331528
C,0.2,1,0.7028270584506673,0.7983997797565908,0.9139384014822716,0.7983997797565908,0.7028270584506673,34.56459657490566,35.12190874835765,3384.212805041474,0.21065850363419958,0.6436274993610066,0.02780760714451707,0.005573121734519901
C,0.2,1,0.510262131271111,0.6325037395512083,0.46275189791685967,0.6325037395512083,0.510262131271111,28.44074117911773,28.800230554317054,1954.0805919893062,-10.639104972146185,0.6248193435652036,0.03975024923777927,-1.0640104972146185
C,0.2,1,0.582240907503029,0.6041070254803231,0.8861763337746741,0.6041070254803231,0.582240907503029,34.36153245401894,44.72801435340496,2799.496071372837,-8.064811770722422,0.6042530850462243,0.07002540880623101,-0.8065811770722421
C,0.2,1,0.7254083937058801,0.9629870881175069,0.9692823150835307,0.9629870881175069,0.7254083937058801,26.649490283992904,30.396642543125107,2895.515940376111,-4.750091276271034,0.6401247684369217,0.023297703382625264,-0.47510912762710344
C,0.2,1,0.6533790917585591,0.7540396234844984,0.9213822416275194,0.7540396234844984,0.6533790917585591,32.20426180017198,33.838414243153416,3008.0549115925046,-3.306325611880942,0.6361626824302138,0.03274757870735292,-0.3307325611880942
C,0.2,1,0.25423290279311317,0.8862389456436547,0.463561942288346,0.8862389456436547,0.25423290279311317,22.113348500787914,23.144262196714006,1517.255241529109,-15.11333766957892,0.6273802407470326,0.02911626031850919,-1.5114337669578919
C,0.2,1,0.6755769400265663,0.8569829701967776,0.5760980352373553,0.8569829701967776,0.6755769400265663,43.041647879972096,50.38584696627011,3918.1004199654903,-0.4576135772664671,0.6234908781765507,0.03324716040458223,-0.04586135772664671
C,0.2,1,0.6977492248226695,0.805710409922897,0.4715338436275092,0.805710409922897,0.6977492248226695,43.22041573292318,45.29309608502961,3758.5047414117143,1.1679652988396194,0.6317763530431859,0.03672494421131765,0.02072680352106431
C,0.2,1,0.6272805963096373,0.8706862878363474,0.5643491487783552,0.8706862878363474,0.6272805963096373,57.53832583292196,61.897782525375725,5121.317963494455,8.009344357629333,0.6360129178405386,0.0363579959614251,0.043594566924537614
C,0.2,1,0.6310835746556908,0.23364035721282506,0.9934073329418035,0.23364035721282506,0.6310835746556908,12.077617330569556,27.952605420093573,822.1400778009918,-22.355435884050564,0.5934141036870388,0.05437689031215763,-2.2356435884050567
C,0.2,1,0.842237138047649,0.6076179481311146,0.9826503348767429,0.6076179481311146,0.842237138047649,34.18183615649538,34.306897954325564,3317.655268968253,0.5345543339825053,0.6459196233961721,0.026167563218423544,0.0012506179783018467
C,0.2,1,0.8149461972693922,0.7698911944165765,0.5300832970655042,0.7698911944165765,0.8149461972693922,9.133245172953085,26.38332997761238,844.7699407312359,-22.50023692476973,0.597673879695897,0.04721683539217436,-2.250123692476973
C,0.2,1,0.6497871556104816,0.9444259596069046,0.5646227677263191,0.9444259596069046,0.6497871556104816,39.83375638437274,41.35733517453579,3737.4509872840777,1.6777215181962062,0.6384363176955609,0.031081334361288796,0.015235787901630502
C,0.2,1,0.7832390880254835,0.7964299803443642,0.37579769773081684,0.7964299803443642,0.7832390880254835,18.195243573814718,30.563569738182654,1608.0664393677928,-16.83874176157947,0.6045494252956333,0.048375974848077624,-1.6839741761579472
C,0.2,1,0.6134912190654367,0.9781358959777556,0.9195074818410961,0.9781358959777556,0.6134912190654367,34.99529065432683,35.96982913772578,3589.4334648586428,1.239027060033584,0.6452507692685958,0.025991359072375143,0.009745384833989519
C,0.2,1,0.7447205730562517,0.9298364678782489,0.8912993237502346,0.9298364678782489,0.7447205730562517,35.274500229474924,36.19667122676417,3739.461591239607,2.650461455440735,0.6492134933053942,0.021688352240281265,0.009221709972892426
C,0.2,1,0.7805632506690988,0.7415697629213295,0.9583350196779886,0.7415697629213295,0.7805632506690988,35.554468207705,38.41369258867297,3557.7587917167393,-0.2506091830541127,0.6387078860748793,0.025003794790780492,-0.025160918305411274
C,0.2,1,0.8199609279708956,0.524808623635074,0.9064542659460031,0.524808623635074,0.8199609279708956,33.01295066248658,37.96169267083705,2967.8587919660013,-5.661412226432245,0.6238135239435108,0.03865741076284429,-0.5662412226432245
C,0.2,1,0.7888481462180301,0.8727185357365542,0.26375990644719216,0.8727185357365542,0.7888481462180301,30.135565690681858,30.523464909838633,2702.3264443572198,-3.7815855174475232,0.6410857007235372,0.028513379933373773,-0.3782585517447523
C,0.2,1,0.7284970548201101,0.8894907865966593,0.921322322242382,0.8894907865966593,0.7284970548201101,33.04586187467537,34.531794254139825,3434.5373911900583,0.10966618708076406,0.6452034338737044,0.02323696038542,0.010866618708076406
C,0.2,1,0.638416911924275,0.6722421920461037,0.8885044434733652,0.6722421920461037,0.638416911924275,33.65252743086815,37.57067734616722,2952.860076354904,-5.08519934552027,0.6249405188351028,0.041987313837862146,-0.508619934552027
C,0.2,1,0.5535910201336436,0.7959169888444259,0.9575534094657635,0.7959169888444259,0.5535910201336436,22.47785018601868,29.575606578455947,2054.795494609141,-12.142301625643963,0.6203492016482136,0.03736576462900808,-1.2143301625643963
C,0.2,1,0.6430614837904068,0.9002599763511814,0.9924373093191943,0.9002599763511814,0.6430614837904068,36.160656496527025,39.43727885629754,3687.5554751106483,0.47416025526419475,0.6389190659436543,0.026111062155671685,0.03276622359770513
C,0.2,1,0.5856534580055918,0.7879071524306555,0.33272225279810563,0.7879071524306555,0.5856534580055918,31.12028777678486,31.747786502155108,2396.1403802020445,-7.119871936306121,0.6284826749477834,0.040389602246909274,-0.7120871936306121
C,0.2,1,0.6177873887389514,0.771776951129288,0.9636169273295482,0.771776951129288,0.6177873887389514,47.104711967669175,47.997236955144395,4407.523844727609,6.011868308559317,0.6409534412160797,0.033351497592486457,0.008925249874752197
C,0.2,1,0.7568121773236621,0.7557144242554776,0.9386931062085107,0.7557144242554776,0.7568121773236621,31.946284412648566,31.965335918033045,3165.6741734654393,-0.5633703142804938,0.6469525656769467,0.025953349739170357,-0.05643703142804938
C,0.2,1,0.7294455087947191,0.7443811499654057,0.6443413056304836,0.7443811499654057,0.7294455087947191,19.08634022837821,34.050107334880394,1713.9507868990017,-16.215221479479887,0.598082687859511,0.06122849732836103,-1.6216221479479889
C,0.2,1,0.6653087020405721,0.8438651082257155,0.5389816776101395,0.8438651082257155,0.6653087020405721,42.55488675489533,44.70115598996105,3784.543635808362,1.3400163341333284,0.6330471148522618,0.035506413223384145,0.021462692350657234
C,0.2,1,0.9378403108656903,0.9825122822785444,0.9267486686849877,0.9825122822785444,0.9378403108656903,36.013724456434346,36.87978742900923,4292.344237294495,7.15211631184911,0.6606382863988729,0.01367670212709104,0.008660629725748804
C,0.2,1,0.7690944701345257,0.8212723205822479,0.9944733387807323,0.8212723205822479,0.7690944701345257,31.7334258354404,32.99631111275506,3312.340478755934,-0.48429754222563626,0.6462272467857525,0.02252816309590393,-0.04852975422256363
C,0.2,1,0.571343825776127,0.9897157858781618,0.0731092949279939,0.9897157858781618,0.571343825776127,16.509512409681758,34.466880234782415,1318.7916218398932,-18.89177339425521,0.5877132331067868,0.07384271432303309,-1.8892773394255211
C,0.2,1,0.6055670951996635,0.8208907431537913,0.5840032962784302,0.8208907431537913,0.6055670951996635,33.016023539450714,33.635851747749285,2836.834942881719,-3.9352243375364004,0.6339435140234068,0.03756573835749539,-0.39362243375364003
C,0.2,1,0.8580051660738166,0.857139726583043,0.9668657734111643,0.857139726583043,0.8580051660738166,30.02014072498883,30.53667472706539,3300.0807165646975,0.5570819323779229,0.6535685612532979,0.01826811009976023,0.005165340020765577
C,0.2,1,0.5187529577515426,0.8918836357956689,0.5489221019361357,0.8918836357956689,0.5187529577515426,41.27266603184025,42.16978233590853,3477.42361565599,-0.08808206878223039,0.6305738016598759,0.04474091133618452,-0.00890820687822304
C,0.2,1,0.7413175440938189,0.46886403637415386,0.9622340497283527,0.46886403637415386,0.7413175440938189,22.192089790735437,23.32566257640923,1876.6725256238333,-11.133843779541433,0.6383006221461593,0.022716205905251693,-1.1134843779541432
C,0.2,1,0.6036497007196938,0.7596200927841466,0.3559580106772203,0.7596200927841466,0.6036497007196938,37.451177719842185,38.32277006581044,2886.0791337970954,-3.9220163254734297,0.6251747246776375,0.04971260446451501,-0.39230163254734296
C,0.2,1,0.9880239336450648,0.15213339312854424,0.9249210473672073,0.15213339312854424,0.9880239336450648,15.86259826705312,16.825711999674347,1271.0841568705491,-14.97436619832377,0.6488670871833343,0.011689907979641753,-1.497536619832377
C,0.2,1,0.8083754744352177,0.8303191057989817,0.9623712147440604,0.8303191057989817,0.8083754744352177,32.428403167127854,33.263786150642815,3437.2164694850726,0.8655610272685941,0.6493764893513116,0.02093067968385671,0.008353829835149611
C,0.2,1,0.7565754526958346,0.9458046901583304,0.9174100823265132,0.9458046901583304,0.7565754526958346,47.1894251127897,48.037225286473,5099.018372677473,11.037956184188836,0.6533376445639896,0.02047436270221552,0.008478001736833036
C,0.2,1,0.6762192208411094,0.7872367945040903,0.9914890526238586,0.7872367945040903,0.6762192208411094,34.89725385023299,35.69983294761555,3418.53593228614,0.13917319965154923,0.6425041718103207,0.028496559726920365,0.008025790973825551
C,0.2,1,0.5396080640313711,0.9794035558392918,0.23910948318458802,0.9794035558392918,0.5396080640313711,28.64085916686327,29.325801907475444,2346.4974197110064,-7.448789608060926,0.6329746962751314,0.03419199907244152,-0.7449789608060926
C,0.2,1,0.5420151959186166,0.9512897132074347,0.8487858638732654,0.9512897132074347,0.5420151959186166,36.935208656794366,37.569181095514836,3541.5284950167156,0.7637751969016059,0.6406602882417647,0.03232092477732588,0.006339724387204697
C,0.2,1,0.8036606714867293,0.6429011197713649,0.9353474518267989,0.6429011197713649,0.8036606714867293,31.725190140216096,32.17133622227246,3036.4742877710264,-1.8024583479233756,0.6433787667192227,0.027480599606270462,-0.18034583479233754
C,0.2,1,0.5501308132582536,0.8264722868455617,0.8883827500416759,0.8264722868455617,0.5501308132582536,29.889778884717384,35.33878098832202,2721.1572127995464,-7.0170632199207486,0.6233302812255921,0.04157779983876382,-0.7018063219920749
C,0.2,1,0.7583803928398916,0.7024478349499109,0.9213822416275194,0.7024478349499109,0.7583803928398916,31.825248962911285,33.440169021130295,3057.641582817974,-2.747578543718542,0.6389167379105566,0.028793248819440006,-0.27485785437185417
C,0.2,1,0.6744564355098908,0.804396355578629,0.9762306712996695,0.804396355578629,0.6744564355098908,43.70130522386488,46.074467472061535,4297.953723610328,4.594335398912972,0.6408708711528104,0.028175765622504213,0.023731622481966568
C,0.2,1,0.8219781306194132,0.8662887366580019,0.6041235544928356,0.8662887366580019,0.8219781306194132,34.31460070398598,34.31559300883489,3414.866635327049,1.5801829886688832,0.648885072136069,0.023657005381603226,9.923048489071107e-06
C,0.2,1,0.7940965073586286,0.8314747982921512,0.6677905124054723,0.8314747982921512,0.7940965073586286,51.34734823192319,53.351079119935655,5030.670595015087,9.188477965953673,0.6451845407277231,0.025385535980038215,0.020037308880124626
C,0.2,1,0.6163436925491192,0.6090633245741053,0.7301687220257933,0.6090633245741053,0.6163436925491192,45.686164995608785,46.56718748269666,3633.1725762810015,0.8097300512590383,0.6269539437611084,0.050176683638340075,0.008810224870878756
C,0.2,1,1.0,1.0,1.0,1.0,1.0,24.0,24.0,3000.0,0.09856035987918094,0.6666114439193319,0.011530183389663098,0.0
C,0.2,1,0.99999,1.0,1.0,1.0,0.99999,24.0,24.0,2999.988,0.09841530928427196,0.6666110478269648,0.011530403020907815,0.0
C,0.2,1,1.0,0.99999,1.0,0.99999,1.0,24.0,24.0,2999.988,0.09846181466053933,0.6666111804475789,0.011530310332684802,0.0
C,0.2,1,1.0,1.0,0.99999,1.0,1.0,24.0,24.0,2999.994,0.09851935452513375,0.6666113354788756,0.011530231397087065,0.0
C,0.2,1,1.0,1.0,1.0,1.0,1.0,24.001,24.001,3000.125,0.09945140319940927,0.6666023975894367,0.011530183389663098,0.0
C,0.2,1,1.0,1.0,1.0,1.0,1.0,23.999760000000002,24.0,2999.9700000000003,0.09804034025910296,0.666604671513796,0.011530179343015078,2.399999999980196e-06
C,0.2,1,1.0,0.9999999999999667,0.9752455911780462,0.9999999999999667,1.0,24.004428482653687,24.004428482655605,2985.698174426747,0.0009791116315688941,0.6663320966603933,0.011648965463548612,-2.0888368431105875e-06
C,0.2,1,0.99999,0.9999999999999667,0.9752455911780462,0.9999999999999667,0.99999,24.004428482653687,24.004428482655605,2985.6861722125054,0.0008340552919180985,0.6663317004981748,0.011649184992191567,-1.659447080819015e-05
C,0.2,1,1.0,0.9999899999999667,0.9752455911780462,0.9999899999999667,1.0,24.004428482653687,24.004428482655605,2985.6861722125054,0.0008805526766926433,0.6663318331351766,0.01164909236279874,-1.1944732330735675e-05
C,0.2,1,1.0,0.9999999999999667,0.9752555911780462,0.9999999999999667,1.0,24.004428482653687,24.004428482655605,2985.704175533868,0.0010201248453160113,0.6663322051235312,0.01164891746900226,1.9184653865522706e-14
C,0.2,1,1.0,0.9999999999999667,0.9752455911780462,0.9999999999999667,1.0,24.005428482653688,24.005428482655606,2985.8225555665263,0.0018652200063358992,0.6663319659375062,0.011648966040996737,1.9184653865522706e-14
C,0.2,1,1.0,0.9999999999999667,0.9752455911780462,0.9999999999999667,1.0,24.00418843836886,24.004428482655605,2985.6683174450022,0.0004578715329970852,0.6663304199232002,0.01164896532478912,-5.4212846700291485e-05
C,0.2,1,0.9999999999999829,0.9999999999999729,0.8660974646582604,0.9999999999999729,0.9999999999999829,24.509640311577712,24.50964031157776,2981.657464496301,-0.012196912265909549,0.6650753564355065,0.01220295682814248,-0.001319691226590955
C,0.2,1,0.999989999999983,0.9999999999999729,0.8660974646582604,0.9999999999999729,0.999989999999983,24.509640311577712,24.50964031157776,2981.6452096761454,-0.012343169205404077,0.6650749547812168,0.01220319010102537,-0.0013343169205404077
C,0.2,1,0.9999999999999829,0.999989999999973,0.8660974646582604,0.999989999999973,0.9999999999999829,24.509640311577712,24.50964031157776,2981.6452096761454,-0.012297206461424763,0.6650750869454348,0.01220309321502759,-0.0013297206461424763
C,0.2,1,0.9999999999999829,0.9999999999999729,0.8661074646582604,0.9999999999999729,0.9999999999999829,24.509640311577712,24.50964031157776,2981.6635919063788,-0.012154941911657847,0.6650754679509705,0.012202904851249067,-0.0013154941911657845
C,0.2,1,0.9999999999999829,0.9999999999999729,0.8660974646582604,0.9999999999999729,0.9999999999999829,24.510640311577713,24.51064031157776,2981.7791169329175,-0.011340715879266218,0.6650752709771346,0.012202978764439468,-0.0012340715879266217
C,0.2,1,0.9999999999999829,0.9999999999999729,0.8660974646582604,0.9999999999999729,0.9999999999999829,24.5093952151746,24.50964031157776,2981.6276479216567,-0.012728503535460177,0.6650711116723498,0.01220295206538591,-0.0013728503535460177
C,0.2,1,0.999999999999984,1.0,0.6588741721194572,1.0,0.999999999999984,25.540852806456034,25.540852806456126,2974.790486847549,-0.04551002132892524,0.662549831371819,0.013393824992856102,-0.004651002132892524
C,0.2,1,0.9999899999999841,1.0,0.6588741721194572,1.0,0.9999899999999841,25.540852806456034,25.540852806456126,2974.7777164211457,-0.04565869196484389,0.6625494183750256,0.013394088128913942,-0.004665869196484389
C,0.2,1,0.999999999999984,0.99999,0.6588741721194572,0.99999,0.999999999999984,25.540852806456034,25.540852806456126,2974.7777164211457,-0.04561380000833423,0.6625495496530509,0.013393982287998436,-0.004661380000833423
C,0.2,1,0.999999999999984,1.0,0.6588841721194572,1.0,0.999999999999984,25.540852806456034,25.540852806456126,2974.7968720607505,-0.04546612730948048,0.6625499491353534,0.013393764165484863,-0.004646612730948048
C,0.2,1,0.999999999999984,1.0,0.6588741721194572,1.0,0.999999999999984,25.541852806456035,25.541852806456127,2974.906958701852,-0.04470588118450432,0.662549704729401,0.013393860769173784,-0.004570588118450432
C,0.2,1,0.999999999999984,1.0,0.6588741721194572,1.0,0.999999999999984,25.540597397927968,25.540852806456126,2974.7607389426803,-0.046063795981776005,0.6625448542714706,0.013393818386211358,-0.0047063795981776005
C,0.2,1,0.9999999999998743,0.999999999999875,0.6334576121795632,0.999999999999875,0.9999999999998743,25.737427395988277,25.737427395988277,2981.331972146195,2.7569374599446846e-05,0.6622174359164918,0.01355529165394291,-9.724306254005532e-05
C,0.2,1,0.9999899999998744,0.999999999999875,0.6334576121795632,0.999999999999875,0.9999899999998744,25.737427395988277,25.737427395988277,2981.3191034324973,-0.00012155943564439756,0.6622170207618612,0.013555560908144946,-0.00011215594356443976
C,0.2,1,0.9999999999998743,0.999989999999875,0.6334576121795632,0.999989999999875,0.9999999999998743,25.737427395988277,25.737427395988277,2981.3191034324973,-7.686482766371567e-05,0.6622171518829716,0.013555453257283755,-0.00010768648276637157
C,0.2,1,0.9999999999998743,0.999999999999875,0.6334676121795632,0.999999999999875,0.9999999999998743,25.737427395988277,25.737427395988277,2981.3384065030446,7.18254743348107e-05,0.6622175548632283,0.013555228995210498,-9.281745256651893e-05
C,0.2,1,0.9999999999998743,0.999999999999875,0.6334576121795632,0.999999999999875,0.9999999999998743,25.73842739598828,25.73842739598828,2981.4478085864994,0.0008248583447790157,0.6622173119810805,0.013555316623027626,-1.751416552209843e-05
C,0.2,1,0.9999999999998743,0.999999999999875,0.6334576121795632,0.999999999999875,0.9999999999998743,25.737170021714316,25.737427395988277,2981.3021588264733,-0.0005304836847820357,0.6622125533226884,0.013555285240348845,-0.00015304836847820357
C,0.2,1,1.0,1.0,0.6271938209333195,1.0,1.0,25.773416264221755,25.773416264223897,2981.4648120537304,0.0009387753475027231,0.6621382166305091,0.013595670615812211,-6.1224652497276935e-06
C,0.2,1,0.9999999999999309,0.9999999999999314,0.6306341139077443,0.9999999999999314,0.9999999999999309,25.75364992053727,25.753649920538237,2981.3932469917563,0.0004535769397431793,0.6621817893749173,0.013573435193561469,-5.4642306025682066e-05
C,0.2,1,0.999989999999931,0.9999999999999314,0.6306341139077443,0.9999999999999314,0.999989999999931,25.75364992053727,25.753649920538237,2981.380370166796,0.0003044105473563952,0.6621813740370179,0.013573704956126574,-6.955894526436048e-05
C,0.2,1,0.9999999999999309,0.9999899999999314,0.6306341139077443,0.9999899999999314,0.9999999999999309,25.75364992053727,25.753649920538237,2981.380370166796,0.0003490885915868349,0.662181505144133,0.013573597156889375,-6.509114084131652e-05
C,0.2,1,0.9999999999999309,0.9999999999999314,0.6306441139077442,0.9999999999999314,0.9999999999999309,25.75364992053727,25.753649920538237,2981.399685404236,0.0004978629437217804,0.6621819084224496,0.013573372381436225,-5.021370562782196e-05
C,0.2,1,0.9999999999999309,0.9999999999999314,0.6306341139077443,0.9999999999999314,0.9999999999999309,25.754649920537272,25.754649920538235,2981.509012844604,0.0012498350871408834,0.6621816607096112,0.013573463298443325,9.627854069549357e-15
C,0.2,1,0.9999999999999309,0.9999999999999314,0.6306341139077443,0.9999999999999314,0.9999999999999309,25.753392384038065,25.753649920538237,2981.3634330592863,-0.00010473956498353096,0.6621764950350413,0.013573427958737111,-0.00011047395649835311
C,0.2,1,0.999999999999973,1.0,0.6308809491322445,1.0,0.999999999999973,25.752963319701305,25.752963319701514,2981.472680522622,0.000999950612077515,0.6621848160197907,0.013571865644900075,-4.938792248494576e-09
C,0.2,1,0.9999899999999731,1.0,0.6308809491322445,1.0,0.9999899999999731,25.752963319701305,25.752963319701514,2981.459804040962,0.000850785770536726,0.6621844006899364,0.013572135387731131,-1.4921422946327407e-05
C,0.2,1,0.999999999999973,0.99999,0.6308809491322445,0.99999,0.999999999999973,25.752963319701305,25.752963319701514,2981.459804040962,0.0008954645413000853,0.6621845317976198,0.013572027594026266,-1.0453545869991474e-05
C,0.2,1,0.999999999999973,1.0,0.6308909491322444,1.0,0.999999999999973,25.752963319701305,25.752963319701514,2981.479118763452,0.0010442353538183144,0.6621849350629322,0.013571802838875175,2.0961010704922954e-15
C,0.2,1,0.999999999999973,1.0,0.6308809491322445,1.0,0.999999999999973,25.753963319701306,25.753963319701516,2981.5884525463503,0.0017962758854701652,0.6621846876269093,0.013571893487066944,2.0961010704922954e-15
C,0.2,1,0.999999999999973,1.0,0.6308809491322445,1.0,0.999999999999973,25.75270579006811,25.752963319701514,2981.442865795817,0.00044164532576492594,0.6621795389734955,0.013571858477893047,-5.583546742350741e-05
C,0.2,1,1.0,1.0,0.0,1.0,1.0,40.0,40.0,4000.0,6.234795388656666,0.6527367705888053,0.018928724078000576,0.0
C,0.2,1,0.99999,1.0,0.0,1.0,0.99999,40.0,40.0,3999.98,6.234616036679673,0.6527362826574087,0.01892914456527747,0.0
C,0.2,1,1.0,0.99999,0.0,0.99999,1.0,40.0,40.0,3999.98,6.234649481091526,0.6527364027284137,0.01892899663069299,0.0
C,0.2,1,1.0,1.0,1e-05,1.0,1.0,40.0,40.0,4000.0099999999998,6.2348624160610315,0.6527369334270102,0.018928613134599363,0.0
C,0.2,1,1.0,1.0,0.0,1.0,1.0,40.001000000000005,40.001000000000005,4000.100000000001,6.2353931106352105,0.6527367705888053,0.018928724078000576,0.0
C,0.2,1,1.0,1.0,0.0,1.0,1.0,39.9996,40.0,3999.96,6.233929770393663,0.6527367705888053,0.018928724078000576,3.999999999990677e-06
C,0.2,1,1.0,1.0,0.10832362273156526,1.0,1.0,28.356023762231043,28.356023762231043,2912.393056727785,-0.5173582525137008,0.6550139045738068,0.01771095925239265,-0.05183582525137008
C,0.2,1,0.99999,1.0,0.10832362273156526,1.0,0.99999,28.356023762231043,28.356023762231043,2912.3788787159037,-0.5175132463791005,0.6550134593035737,0.01771131344182469,-0.05185132463791005
C,0.2,1,1.0,0.99999,0.10832362273156526,0.99999,1.0,28.356023762231043,28.356023762231043,2912.3788787159037,-0.5174711283591383,0.6550135886830375,0.017711182649503766,-0.05184711283591383
C,0.2,1,1.0,1.0,0.10833362273156526,1.0,1.0,28.356023762231043,28.356023762231043,2912.400145733726,-0.5173093181923619,0.6550140397526533,0.017710869834609334,-0.05183093181923619
C,0.2,1,1.0,1.0,0.10832362273156526,1.0,1.0,28.357023762231044,28.357023762231044,2912.495764818353,-0.5166803658043956,0.6550136696612366,0.017711124868779765,-0.05176803658043956
C,0.2,1,1.0,1.0,0.10832362273156526,1.0,1.0,28.355740201993424,28.356023762231043,2912.363932797218,-0.517972957304592,0.6550088511589608,0.017710949776258703,-0.0518972957304592
C,0.2,1,1.0,0.999999999999934,0.17408663995412788,0.999999999999934,1.0,28.645971017045436,28.645971017098766,2989.269122768969,0.004318466113593071,0.6558395914932612,0.017134131983288774,5.332978503247432e-13
C,0.2,1,0.99999,0.999999999999934,0.17408663995412788,0.999999999999934,0.99999,28.645971017045436,28.645971017098766,2989.2547997834604,0.004162770259000041,0.6558391430728581,0.017134499764857966,5.332978503247432e-13
C,0.2,1,1.0,0.9999899999999341,0.17408663995412788,0.9999899999999341,1.0,28.645971017045436,28.645971017098766,2989.2547997834604,0.004204643048962965,0.655839272290696,0.0171343651068436,5.332978503247432e-13
C,0.2,1,1.0,0.999999999999934,0.17409663995412789,0.999999999999934,1.0,28.645971017045436,28.645971017098766,2989.276284261723,0.004367914796525912,0.6558397283488807,0.017134038392007122,5.332978503247432e-13
C,0.2,1,1.0,0.999999999999934,0.17408663995412788,0.999999999999934,1.0,28.646971017045438,28.646971017098764,2989.373474934968,0.005007482585004998,0.6558394641407328,0.017134139072076823,5.332623231879552e-13
C,0.2,1,1.0,0.999999999999934,0.17408663995412788,0.999999999999934,1.0,28.645684557335265,28.645971017098766,2989.239230077741,0.0036969307164284424,0.6558369917678306,0.01713412995299391,2.8645976350105685e-06
C,0.2,1,1.0,0.9999999999997629,0.3354732107547856,0.9999999999997629,1.0,27.482930889197966,27.482930889414135,2978.7877655782486,-0.03637351799262719,0.6582115730270739,0.01570904752350321,-0.0037373517992627192
C,0.2,1,0.99999,0.9999999999997629,0.3354732107547856,0.9999999999997629,0.99999,27.482930889197966,27.482930889414135,2978.774024112804,-0.036526620616518936,0.6582111381189916,0.01570937340325136,-0.0037526620616518936
C,0.2,1,1.0,0.9999899999997629,0.3354732107547856,0.9999899999997629,1.0,27.482930889197966,27.482930889414135,2978.774024112804,-0.03648365227753871,0.6582112680078852,0.01570924986125856,-0.0037483652277538713
C,0.2,1,1.0,0.9999999999997629,0.3354832107547856,0.9999999999997629,1.0,27.482930889197966,27.482930889414135,2978.7946363109713,-0.03632611011660503,0.6582117026695458,0.0157089673409935,-0.0037326110116605036
C,0.2,1,1.0,0.9999999999997629,0.3354732107547856,0.9999999999997629,1.0,27.483930889197953,27.483930889414136,2978.896152408516,-0.03564685890210446,0.658211432937703,0.015709071233734488,-0.0036646858902104457
C,0.2,1,1.0,0.9999999999997629,0.3354732107547856,0.9999999999997629,1.0,27.48265605988907,27.482930889414135,2978.757977700592,-0.03696968201291247,0.658208117104033,0.01570904344261994,-0.0037969682012912475
C,0.2,1,0.999999999999466,1.0,0.6404106867710333,1.0,0.999999999999466,25.544924054685445,25.544924054685445,2963.4734644022374,-0.12329150693587355,0.6623318258006657,0.013506296316025932,-0.012429150693587356
C,0.2,1,0.999989999999466,1.0,0.6404106867710333,1.0,0.999989999999466,25.544924054685445,25.544924054685445,2963.46069194021,-0.12344018092886733,0.6623314127201195,0.013506559326972485,-0.012444018092886732
C,0.2,1,0.999999999999466,0.99999,0.6404106867710333,0.99999,0.999999999999466,25.544924054685445,25.544924054685445,2963.46069194021,-0.12339529409164607,0.6623315440050451,0.013506453548334515,-0.012439529409164606
C,0.2,1,0.999999999999466,1.0,0.6404206867710333,1.0,0.999999999999466,25.544924054685445,25.544924054685445,2963.479850633251,-0.12324760727856125,0.662331943602648,0.013506235508915476,-0.012424760727856126
C,0.2,1,0.999999999999466,1.0,0.6404106867710333,1.0,0.999999999999466,25.545924054685447,25.545924054685447,2963.5894746694066,-0.12249092050953692,0.6623316872659327,0.013506350301008831,-0.012349092050953692
C,0.2,1,0.999999999999466,1.0,0.6404106867710333,1.0,0.999999999999466,25.544668605444905,25.544924054685445,2963.443829667594,-0.12384535003898929,0.662326760477307,0.01350628935911241,-0.01248453500389893
C,0.2,1,1.0,0.9999999999997032,0.6202608285421566,0.9999999999997032,1.0,25.81066512170354,25.810665122001925,2981.300125510271,-0.00020265869608549102,0.6620411851619284,0.013640411076884382,-0.0001202658696085491
C,0.2,1,0.99999,0.9999999999997032,0.6202608285421566,0.9999999999997032,0.99999,25.81066512170354,25.810665122001925,2981.28722017771,-0.0003519568402467686,0.6620407692097139,0.013640682641858535,-0.00013519568402467686
C,0.2,1,1.0,0.9999899999997033,0.6202608285421566,0.9999899999997033,1.0,25.81066512170354,25.810665122001925,2981.28722017771,-0.00030733683129678533,0.662040900280723,0.013640574317716718,-0.00013073368312967854
C,0.2,1,1.0,0.9999999999997032,0.6202708285421565,0.9999999999997032,1.0,25.81066512170354,25.810665122001925,2981.306578176551,-0.0001582680663747757,0.6620413045395309,0.013640347720362088,-0.00011582680663747757
C,0.2,1,1.0,0.9999999999997032,0.6202608285421566,0.9999999999997032,1.0,25.81166512170353,25.811665122001926,2981.4156320309835,0.0005939078433634297,0.6620411053086942,0.013640412985810776,-4.060921566365703e-05
C,0.2,1,1.0,0.9999999999997032,0.6202608285421566,0.9999999999997032,1.0,25.810407015052323,25.810665122001925,2981.2703125090156,-0.0007629961703793399,0.6620394300054961,0.013640410607206698,-0.000176299617037934
C,0.2,1,0.9999999999936825,1.0,0.5776606202728516,1.0,0.9999999999936825,26.04957518095271,26.04957518095271,2981.1528620088784,-0.0015508462657117346,0.6614937427628012,0.013918909814148572,-0.00025508462657117346
C,0.2,1,0.9999999999981712,0.9999999999997892,0.6079295079536934,0.9999999999997892,0.9999999999981712,25.879821509713707,25.879821509926288,2981.309829876973,-8.443804100596163e-05,0.6618873829014212,0.013719473610868024,-0.00010844380410059617
C,0.2,1,0.9999899999981713,0.9999999999997892,0.6079295079536934,0.9999999999997892,0.9999899999981713,25.879821509713707,25.879821509926288,2981.2968899662183,-0.00023389610858712094,0.6618869661695881,0.013719747249973371,-0.0001233896108587121
C,0.2,1,0.9999999999981712,0.9999899999997892,0.6079295079536934,0.9999899999997892,0.9999999999981712,25.879821509713707,25.879821509926288,2981.2968899662183,-0.00018934680777506956,0.6618870971794831,0.013719638326912503,-0.00011893468077750694
C,0.2,1,0.9999999999981712,0.9999999999997892,0.6079395079536933,0.9999999999997892,0.9999999999981712,25.879821509713707,25.879821509926288,2981.3162998323505,-3.9919996731913336e-05,0.6618875027088951,0.01371940962417634,-0.00010399199967319134
C,0.2,1,0.9999999999981712,0.9999999999997892,0.6079295079536934,0.9999999999997892,0.9999999999981712,25.8808215097137,25.88082150992629,2981.425028114671,0.0007077193011046229,0.6618872744698329,0.013719487693885602,-2.9228069889537712e-05
C,0.2,1,0.9999999999981712,0.9999999999997892,0.6079295079536934,0.9999999999997892,0.9999999999981712,25.87956271149861,25.879821509926288,2981.280016778674,-0.0006458924725501642,0.6618839692997934,0.013719469983906477,-0.00016458924725501643
C,0.2,1,1.0,0.9999999999994945,0.6106492547730976,0.9999999999994945,1.0,25.86590587206307,25.865905873477878,2981.465490825813,0.00098978553048027,0.6619214212338347,0.013701911484784106,-1.0214469519730097e-06
C,0.2,1,0.99999,0.9999999999994945,0.6106492547730976,0.9999999999994945,0.99999,25.86590587206307,25.865905873477878,2981.452557872878,0.0008403595477451725,0.6619210046600698,0.013702184706718204,-1.596404522548275e-05
C,0.2,1,1.0,0.9999899999994946,0.6106492547730976,0.9999899999994946,1.0,25.86590587206307,25.865905873477878,2981.452557872878,0.0008849230975729679,0.6619211356820066,0.013702075903670157,-1.1507690242703218e-05
C,0.2,1,1.0,0.9999999999994945,0.6106592547730976,0.9999999999994945,1.0,25.86590587206307,25.865905873477878,2981.4719573022817,0.001034277968468974,0.6619215409543862,0.013701847625126502,1.4148078264497599e-11
C,0.2,1,1.0,0.9999999999994945,0.6106492547730976,0.9999999999994945,1.0,25.86690587206302,25.86690587347788,2981.5807570571765,0.0017828747982820403,0.6619213188195602,0.013701922807814723,1.4148611171549419e-11
C,0.2,1,1.0,0.9999999999994945,0.6106492547730976,0.9999999999994945,1.0,25.86564721300434,25.865905873477878,2981.435676170904,0.00042855596500988635,0.6619183581247252,0.013701908556862812,-5.7144403499011364e-05
C,0.2,1,1.0,0.9999999999992232,0.6106377999260253,0.9999999999992232,1.0,25.865982950175503,25.865982952348627,2981.4669680570273,0.0009999498364740224,0.6619212762078298,0.01370198550843399,-5.0163525977618e-09
C,0.2,1,0.99999,0.9999999999992232,0.6106377999260253,0.9999999999992232,0.99999,25.865982950175503,25.865982952348627,2981.454035065552,0.0008505236748583025,0.6619208596331986,0.013702258732726716,-1.4947632514169748e-05
C,0.2,1,1.0,0.9999899999992232,0.6106377999260253,0.9999899999992232,1.0,25.865982950175503,25.865982952348627,2981.454035065552,0.0008950871464301195,0.6619209906550675,0.013702149928993447,-1.0491285356988054e-05
C,0.2,1,1.0,0.9999999999992232,0.6106477999260252,0.9999999999992232,1.0,25.865982950175503,25.865982952348627,2981.4734345527645,0.0010444424164001275,0.6619213959288588,0.013701921648063192,2.1731239030486905e-11
C,0.2,1,1.0,0.9999999999992232,0.6106377999260253,0.9999999999992232,1.0,25.866982950175416,25.86698295234863,2981.5822340020154,0.0017930346087398604,0.6619211737605749,0.013701996843084735,2.1732127208906605e-11
C,0.2,1,1.0,0.9999999999992232,0.6106377999260253,0.9999999999992232,1.0,25.865724290345977,25.865982952348627,2981.437153387344,0.0004387190276361027,0.6619182111575591,0.013701982577500096,-5.612809723638973e-05
C,0.2,1,1.0,0.9999999999988469,0.6106377725360203,0.9999999999988469,1.0,25.865983073377148,25.865983076602284,2981.4669645457593,0.0009999242302712672,0.6619212758596454,0.013701985684749942,-7.576972873278055e-09
C,0.2,1,1.0,0.9999999999990387,0.6106377864965085,0.9999999999990387,1.0,25.865983010582156,25.865983013271087,2981.4669663354266,0.0009999372815768601,0.6619212760371146,0.013701985594883108,-6.271842313988058e-09
C,0.2,1,1.0,0.9999999999991327,0.6106377933414341,0.9999999999991327,1.0,25.86598297979333,25.86598298221936,2981.4669672129135,0.0009999436806916444,0.6619212761241267,0.01370198555082076,-5.631930835559538e-09
C,0.2,1,1.0,0.9999999999991789,0.6106377966975551,0.9999999999991789,1.0,25.865982964697327,25.86598296699445,2981.4669676431527,0.000999946818255256,0.6619212761667885,0.013701985529216526,-5.318174474411297e-09
C,0.2,1,1.0,0.9999999999992014,0.6106377983430836,0.9999999999992014,1.0,25.865982957295653,25.865982959529575,2981.4669678541013,0.0009999483566038136,0.6619212761877117,0.013701985518623725,-5.1643396186415795e-09
C,0.2,1,1.0,0.9999999999992125,0.6106377991499004,0.9999999999992125,1.0,25.86598295366655,25.865982955869487,2981.4669679575304,0.0009999491108840213,0.6619212761979647,0.013701985513430229,-5.08891159786782e-09
C,0.2,1,1.0,0.999999999999218,0.6106377995454857,0.999999999999218,1.0,25.865982951887183,25.86598295407493,2981.4669680082425,0.0009999494806882407,0.6619212762029959,0.013701985510883823,-5.051931175931341e-09
C,0.2,1,1.0,0.9999999999992206,0.6106377997394474,0.9999999999992206,1.0,25.865982951014736,25.865982953195026,2981.466968033108,0.000999949662036465,0.6619212762054605,0.01370198550963513,-5.033796353511553e-09
C,0.2,1,1.0,0.999999999999222,0.6106377998345456,0.999999999999222,1.0,25.86598295058698,25.865982952763623,2981.4669680452994,0.0009999497509740247,0.6619212762066691,0.013701985509022886,-5.02490259753248e-09
C,0.2,1,1.0,0.9999999999992225,0.6106377998811673,0.9999999999992225,1.0,25.865982950377276,25.865982952552123,2981.466968051276,0.0009999497945505228,0.6619212762072647,0.013701985508722803,-5.020544947722909e-09
C,0.2,1,1.0,0.9999999999992228,0.6106377999040279,0.9999999999992228,1.0,25.865982950274446,25.86598295244842,2981.466968054207,0.0009999498158916893,0.661921276207552,0.013701985508575706,-5.018410831076487e-09
C,0.2,1,0.9,0.6,0.2,0.6,0.9,55.00000000000001,55.00000000000001,4400.000000000001,7.2420918763702575,0.6342568860388438,0.03955028311225239,0.0
C,0.2,1,0.90001,0.6,0.2,0.6,0.90001,55.00000000000001,55.00000000000001,4400.027500000001,7.242298467797953,0.6342574949631763,0.039549339795518876,0.0
C,0.2,1,0.9,0.6000099999999999,0.2,0.6000099999999999,0.9,55.00000000000001,55.00000000000001,4400.027500000001,7.24227233735523,0.6342573698585129,0.03954959160140441,0.0
C,0.2,1,0.9,0.6,0.20001000000000002,0.6,0.9,55.00000000000001,55.00000000000001,4400.01375,7.2421775061534746,0.6342571059900404,0.039549981193428334,0.0
C,0.2,1,0.9,0.6,0.2,0.6,0.9,55.001,55.001,4400.08,7.242567851488502,0.6342568860388438,0.03955028311225239,0.0
C,0.2,1,0.9,0.6,0.2,0.6,0.9,54.99945,55.00000000000001,4399.956,7.241023511593197,0.6342568860388438,0.03955028311225239,5.500000000040473e-06
C,0.2,1,0.9999999999999761,0.78175397242182,0.21613425076531684,0.78175397242182,0.9999999999999761,28.26517081744584,28.26517081744584,2670.8058071927962,-2.50886224536194,0.6496095296466401,0.02150433825764694,-0.25098622453619396
C,0.2,1,0.9999899999999762,0.78175397242182,0.21613425076531684,0.78175397242182,0.9999899999999762,28.26517081744584,28.26517081744584,2670.791674607388,-2.509016781382453,0.6496090846514284,0.021504678581912125,-0.25100167813824525
C,0.2,1,0.9999999999999761,0.7817639724218199,0.21613425076531684,0.7817639724218199,0.9999999999999761,28.26517081744584,28.26517081744584,2670.8199397782046,-2.508749834978557,0.6496098451592341,0.021504123975976144,-0.2509749834978557
C,0.2,1,0.9999999999999761,0.78175397242182,0.21614425076531685,0.78175397242182,0.9999999999999761,28.26517081744584,28.26517081744584,2670.8128734855004,-2.5088135370541518,0.6496096646350352,0.021504252566713483,-0.2509813537054152
C,0.2,1,0.9999999999999761,0.78175397242182,0.21613425076531684,0.78175397242182,0.9999999999999761,28.26617081744584,28.26617081744584,2670.900298247687,-2.5082326737819267,0.6496091227250669,0.021504960518211835,-0.25092326737819265
C,0.2,1,0.9999999999999761,0.78175397242182,0.21613425076531684,0.78175397242182,0.9999999999999761,28.264888165737666,28.26517081744584,2670.7790991347247,-2.5094754765887957,0.6496066457827209,0.021504334595739374,-0.25104754765887954
C,0.2,1,1.0,1.0,0.25687748820359,1.0,1.0,28.03977437258976,28.03977437592574,2984.0471075246323,-0.013667684458510047,0.6570718051822738,0.016377538066486643,-0.0014667684458510046
C,0.2,1,0.99999,1.0,0.25687748820359,1.0,0.99999,28.03977437258976,28.03977437592574,2984.0330876374464,-0.013822034479062955,0.6570713638489082,0.01637788364735454,-0.0014822034479062955
C,0.2,1,1.0,0.99999,0.25687748820359,0.99999,1.0,28.03977437258976,28.03977437592574,2984.033087637446,-0.013779595419986983,0.6570714934041907,0.016377754810650704,-0.0014779595419986981
C,0.2,1,1.0,1.0,0.25688748820359003,1.0,1.0,28.03977437258976,28.03977437592574,2984.0541174682257,-0.013619293701995968,0.6570719382636733,0.016377451626106636,-0.0014619293701995967
C,0.2,1,1.0,1.0,0.25687748820359,1.0,1.0,28.040774372589638,28.040774375925743,2984.1535294618243,-0.012959083391371895,0.6570716841679353,0.01637754852305055,-0.0013959083391371894
C,0.2,1,1.0,1.0,0.25687748820359,1.0,1.0,28.039493974845996,28.03977437592574,2984.017267053553,-0.014276132262493095,0.6570693588610103,0.016377536108216004,-0.0015276132262493094
C,0.2,1,1.0,1.0,0.2830952289138095,1.0,1.0,27.88143145342403,27.881431453928023,2985.4706508361974,0.0003566377176063592,0.6574515542088679,0.016149755795054385,-6.433622823936408e-05
C,0.2,1,0.99999,1.0,0.2830952289138095,1.0,0.99999,27.88143145342403,27.881431453928023,2985.4567101204707,0.0002026388293808259,0.6574511147143942,0.016150095780598013,-7.973611706191741e-05
C,0.2,1,1.0,0.99999,0.2830952289138095,0.99999,1.0,27.88143145342403,27.881431453928023,2985.4567101204702,0.00024522754139046646,0.6574512443569064,0.0161499684262871,-7.547724586095335e-05
C,0.2,1,1.0,1.0,0.2831052289138095,1.0,1.0,27.88143145342403,27.881431453928023,2985.4776211940607,0.00040475082092264724,0.657451686310219,0.016149671147175942,-5.9524917907735275e-05
C,0.2,1,1.0,1.0,0.2830952289138095,1.0,1.0,27.88243145342402,27.882431453928024,2985.5777282169192,0.0010705066721933053,0.6574514150121392,0.01614977030982981,5.040057260430331e-12
C,0.2,1,1.0,1.0,0.2830952289138095,1.0,1.0,27.881152639109498,27.881431453928023,2985.4407961296893,-0.000248162251845397,0.6574481353118894,0.016149751749450342,-0.00012481622518453972
C,0.2,1,1.0,1.0,0.4045423042154227,1.0,1.0,27.06380770144337,27.063807701742586,2980.092148353962,-0.019342666031800727,0.6591742324130422,0.015160339821613605,-0.0020342666031800726
C,0.2,1,0.99999,1.0,0.4045423042154227,1.0,0.99999,27.06380770144337,27.063807701742586,2980.0786164501114,-0.019494826332195063,0.6591738023168753,0.015160651544200618,-0.0020494826332195064
C,0.2,1,1.0,0.99999,0.4045423042154227,0.99999,1.0,27.06380770144337,27.063807701742586,2980.0786164501114,-0.019451452928200816,0.6591739324744085,0.015160531866735707,-0.0020451452928200815
C,0.2,1,1.0,1.0,0.4045523042154227,1.0,1.0,27.06380770144337,27.063807701742586,2980.098914305888,-0.019296003870055704,0.659174359468152,0.015160264095096727,-0.0020296003870055703
C,0.2,1,1.0,1.0,0.4045423042154227,1.0,1.0,27.06480770144336,27.064807701742588,2980.2022619115664,-0.018599397957098435,0.6591741081742286,0.015160355675519373,-0.0019599397957098435
C,0.2,1,1.0,1.0,0.4045423042154227,1.0,1.0,27.06353706336635,27.063807701742586,2980.062347432478,-0.019929855281532353,0.6591712300329444,0.015160336780146404,-0.0020929855281532355
C,0.2,1,0.9999999999971607,0.9999999999933676,0.6043157274404078,0.9999999999933676,0.9999999999971607,25.83700495883616,25.83700495883616,2974.043207035893,-0.05009006154848086,0.66184849866816,0.013741847053291413,-0.005109006154848087
C,0.2,1,0.9999899999971608,0.9999999999933676,0.6043157274404078,0.9999999999933676,0.9999899999971608,25.83700495883616,25.83700495883616,2974.0302885334127,-0.050239417011804004,0.6618480823947743,0.01374211923414118,-0.0051239417011804
C,0.2,1,0.9999999999971607,0.9999899999933677,0.6043157274404078,0.9999899999933677,0.9999999999971607,25.83700495883616,25.83700495883616,2974.0302885334127,-0.05019482603779538,0.6618482134448164,0.013742010752691294,-0.005119482603779538
C,0.2,1,0.9999999999971607,0.9999999999933676,0.6043257274404078,0.9999999999933676,0.9999999999971607,25.83700495883616,25.83700495883616,2974.0496662871324,-0.050045623022348974,0.6618486182192719,0.013741783496696244,-0.005104562302234898
C,0.2,1,0.9999999999971607,0.9999999999933676,0.6043157274404078,0.9999999999933676,0.9999999999971607,25.838004958836162,25.838004958836162,2974.1583149290786,-0.04929725099258067,0.661848404280831,0.01374186438646172,-0.0050297250992580676
C,0.2,1,0.9999999999971607,0.9999999999933676,0.6043157274404078,0.9999999999933676,0.9999999999971607,25.836746588786575,25.83700495883616,2974.013466603823,-0.05065082569028576,0.6618461591090573,0.013741845420592754,-0.0051650825690285765
C,0.2,1,0.9999999998501188,0.9999999996489571,0.603094798145748,0.9999999996489571,0.9999999998501188,25.908290233597132,25.908290233597132,2981.457899429127,0.0009067385595384044,0.6618261824334065,0.01375094585522905,-9.326144046159566e-06
C,0.2,1,0.9999899998501188,0.9999999996489571,0.603094798145748,0.9999999996489571,0.9999899998501188,25.908290233597132,25.908290233597132,2981.44494528401,0.0007572147332249899,0.6618257653795204,0.013751220369311722,-2.427852667750101e-05
C,0.2,1,0.9999999998501188,0.9999899996489572,0.603094798145748,0.9999899996489572,0.9999999998501188,25.908290233597132,25.908290233597132,2981.44494528401,0.0008017353167334016,0.6618258963655961,0.013751111192775414,-1.9826468326659845e-05
C,0.2,1,0.9999999998501188,0.9999999996489571,0.6031047981457479,0.9999999996489571,0.9999999998501188,25.908290233597132,25.908290233597132,2981.464376501685,0.0009513085719066167,0.661826302417014,0.013750881603468278,-4.869142809338335e-06
C,0.2,1,0.9999999998501188,0.9999999996489571,0.603094798145748,0.9999999996489571,0.9999999998501188,25.909290233597133,25.909290233597133,2981.5729767990556,0.0016971241035511264,0.661826063653368,0.013750965020866828,0.0
C,0.2,1,0.9999999998501188,0.9999999996489571,0.603094798145748,0.9999999996489571,0.9999999998501188,25.908031150694793,25.908290233597132,2981.428084850132,0.0003448234577326334,0.6618220501006222,0.013750940891732715,-6.551765422673666e-05
C,0.2,1,1.0,1.0,0.6100140639436149,1.0,1.0,25.869390315230884,25.86939031584133,2981.4563294715276,0.0009266005957831667,0.6619134570374214,0.013706009364184405,-7.339940421683333e-06
C,0.2,1,0.99999,1.0,0.6100140639436149,1.0,0.99999,25.869390315230884,25.86939031584133,2981.4433947763705,0.0007771665634365391,0.6619130404242005,0.013706282691006853,-2.2283343656346093e-05
C,0.2,1,1.0,0.99999,0.6100140639436149,0.99999,1.0,25.869390315230884,25.86939031584133,2981.4433947763705,0.0008217265536614337,0.661913171443105,0.013706173857698975,-1.7827344633856633e-05
C,0.2,1,1.0,1.0,0.6100240639436149,1.0,1.0,25.869390315230884,25.86939031584133,2981.462796819107,0.0009710994478931011,0.6619135767796884,0.013705945472641876,-2.8900552106898935e-06
C,0.2,1,1.0,1.0,0.6100140639436149,1.0,1.0,25.870390315230864,25.87039031584133,2981.571579823124,0.0017194649761757847,0.6619133530839464,0.013706021328700767,6.1046634414196886e-12
C,0.2,1,1.0,1.0,0.6100140639436149,1.0,1.0,25.86913162132773,25.86939031584133,2981.4265149082325,0.00036531476425929766,0.6619103062326382,0.013706006270010214,-6.346852357407024e-05
C,0.2,1,1.0,1.0,0.6106410782887398,1.0,1.0,25.865963804967123,25.865963805686658,2981.4668812177783,0.000999354041002148,0.6619213174253886,0.013701964355789513,-6.459589978521224e-08
C,0.2,1,0.99999,1.0,0.6106410782887398,1.0,0.99999,25.865963804967123,25.865963805686658,2981.453948235876,0.0008499279236308466,0.6619209008509729,0.013702237579503155,-1.5007207636915342e-05
C,0.2,1,1.0,0.99999,0.6106410782887398,0.99999,1.0,25.865963804967123,25.865963805686658,2981.4539482358755,0.0008944914148177327,0.6619210318728594,0.013702128775937092,-1.0550858518226737e-05
C,0.2,1,1.0,1.0,0.6106510782887398,1.0,1.0,25.865963804967123,25.865963805686658,2981.4733477087293,0.0010438465857021699,0.6619214371462988,0.013701900495594258,7.195346540811442e-12
C,0.2,1,1.0,1.0,0.6106410782887398,1.0,1.0,25.866963804967096,25.86696380568666,2981.5821472447324,0.0017924400099564612,0.6619212149866115,0.013701975687130353,7.195630757905747e-12
C,0.2,1,1.0,1.0,0.6106410782887398,1.0,1.0,25.86570514532907,25.865963805686658,2981.437066548966,0.00043812354109259267,0.6619182528587474,0.013701961425713451,-5.618764589074073e-05
C,0.2,1,1.0,1.0,0.6106377840036544,1.0,1.0,25.865983065902597,25.865983067203274,2981.46697110123,0.00099997198617641,0.6619212760117529,0.013701985611413498,-2.801382359006628e-09
C,0.2,1,1.0,1.0,0.6106394067965286,1.0,1.0,25.86597357780184,25.865973578816238,2981.466926824274,0.0009996675854991015,0.6619212964124912,0.01370197514069694,-3.3241450089847165e-08
C,0.2,1,1.0,1.0,0.6106402300898071,1.0,1.0,25.86596876419333,25.86596876506249,2981.4669043609024,0.0009995131503238313,0.6619213067623985,0.013701969828588133,-4.868496761686793e-08
C,0.2,1,1.0,1.0,0.6106406478444711,1.0,1.0,25.865966321676847,25.86596632247231,2981.4668929624854,0.0009994347862017786,0.6619213120141305,0.013701967133126044,-5.6521379822142837e-08
C,0.2,1,1.0,1.0,0.6106408598369805,1.0,1.0,25.865965082204873,25.865965082962937,2981.4668871782596,0.0009993950195297482,0.6619213146791607,0.013701965765295808,-6.04980470251832e-08
C,0.2,1,1.0,1.0,0.6106409674208993,1.0,1.0,25.86596445318617,25.865964453925262,2981.4668842428214,0.000999374838299165,0.661921316031637,0.013701965071136862,-6.251617008349881e-08
C,0.2,1,1.0,1.0,0.6106410220206325,1.0,1.0,25.865964133953945,25.865964134683406,2981.4668827530613,0.0009993645961428046,0.6619213167180258,0.013701964718845577,-6.354038571954306e-08
C,0.2,1,1.0,1.0,0.6106410497310364,1.0,1.0,25.86596397193752,25.865963972662094,2981.4668819969797,0.000999359398061355,0.661921317066378,0.01370196454005102,-6.406019386450811e-08
C,0.2,1,1.0,1.0,0.6106410637939202,1.0,1.0,25.865963889715037,25.865963890437126,2981.4668816132717,0.000999356760078947,0.661921317243166,0.01370196444931367,-6.432399210531178e-08
C,0.2,1,1.0,1.0,0.6106410709296343,1.0,1.0,25.865963847994145,25.865963848714973,2981.4668814185734,0.000999355421522008,0.6619213173328791,0.013701964403272246,-6.44578477992019e-08
C,0.2,1,1.0,1.0,0.6106410745511639,1.0,1.0,25.865963826819875,25.86596382754007,2981.466881319758,0.0009993547421252914,0.661921317378405,0.013701964379905231,-6.452578747086387e-08
C,0.2,1,0.99999,1.0,0.6106410745511639,1.0,0.99999,25.865963826819875,25.86596382754007,2981.4539483378453,0.0008499286247284167,0.6619209008039894,0.013702237603619499,-1.5007137527158333e-05
C,0.2,1,1.0,0.99999,0.6106410745511639,0.99999,1.0,25.865963826819875,25.86596382754007,2981.4539483378444,0.0008944921158409106,0.6619210318258754,0.013702128800053379,-1.0550788415908938e-05
C,0.2,1,1.0,1.0,0.6106510745511639,1.0,1.0,25.865963826819875,25.86596382754007,2981.473347810715,0.0010438472868355582,0.6619214370993148,0.013701900519709851,7.201954588254012e-12
C,0.2,1,1.0,1.0,0.6106410745511639,1.0,1.0,25.86696382681985,25.866963827540072,2981.5821473466185,0.001792440709714554,0.6619212149396185,0.013701975711249844,7.2022388053483155e-12
C,0.2,1,1.0,1.0,0.6106410745511639,1.0,1.0,25.86570516718161,25.86596382754007,2981.437066650945,0.00043812424187460294,0.6619182528112103,0.01370196144982819,-5.618757581253971e-05
C,0.2,1,1.0,1.0,0.6106405239517578,1.0,1.0,25.86596772809586,25.86596772809586,2981.4669749596787,0.0010000000836726146,0.6619213103928538,0.013701967940241087,0.0
C,0.2,1,0.99999,1.0,0.6106405239517578,1.0,0.99999,25.86596772809586,25.86596772809586,2981.4540419758155,0.0008505739571820454,0.6619208938183937,0.013702241164075136,-1.4942604281795462e-05
C,0.2,1,1.0,0.99999,0.6106405239517578,0.99999,1.0,25.86596772809586,25.86596772809586,2981.4540419758146,0.0008951374443329586,0.6619210248402764,0.01370213236047404,-1.0486255566704141e-05
C,0.2,1,1.0,1.0,0.6106505239517578,1.0,1.0,25.86596772809586,25.86596772809586,2981.473441451611,0.0010444926355535243,0.6619214301137876,0.013701904080009429,0.0
C,0.2,1,1.0,1.0,0.6106405239517578,1.0,1.0,25.86696772809586,25.86696772809586,2981.5822409727775,0.0017930858291792637,0.661921207952435,0.01370197927214533,0.0
C,0.2,1,1.0,1.0,0.6106405239517578,1.0,1.0,25.865709068418578,25.86596772809586,2981.4371602899287,0.00043876952042187897,0.6619182457283784,0.013701965010018939,-5.6123047957812104e-05
C,0.2,1,0.7,0.0,0.0,0.0,0.7,96.66666666666667,96.66666666666667,3383.3333333333335,1.001800948395877,0.5705801853207972,0.2636329111973939,0.0
C,0.2,1,0.7000099999999999,0.0,0.0,0.0,0.7000099999999999,96.66666666666667,96.66666666666667,3383.381666666666,1.002066869237356,0.5705810997784411,0.263626035037507,0.0
C,0.2,1,0.7,1e-05,0.0,1e-05,0.7,96.66666666666667,96.66666666666667,3383.381666666666,1.0020432581869498,0.5705809762361073,0.26362681776468877,0.0
C,0.2,1,0.7,0.0,1e-05,0.0,0.7,96.66666666666667,96.66666666666667,3383.3575,1.0019182089985497,0.5705805594072765,0.26362999631243966,0.0
C,0.2,1,0.7,0.0,0.0,0.0,0.7,96.66566666666667,96.66566666666667,3383.298333333333,1.0015824878140698,0.5705801853207972,0.2636329111973939,0.0
C,0.2,1,0.7,0.0,0.0,0.0,0.7,96.66570000000002,96.66666666666667,3383.2995000000005,1.00035019113207,0.5705801853207972,0.2636329111973939,9.666666666561242e-06
C,0.2,1,0.6623647043674896,1.0480505352461478e-13,5.5067062021407764e-14,1.0480505352461478e-13,0.6623647043674896,96.66666666666667,96.66666666666667,3201.429404443506,0.011348950187316595,0.567136900915755,0.2907633407671462,0.0
C,0.2,1,0.6623747043674896,1.0480505352461478e-13,5.5067062021407764e-14,1.0480505352461478e-13,0.6623747043674896,96.66666666666667,96.66666666666667,3201.4777377768396,0.011609038465398831,0.5671378163307842,0.2907557956847071,0.0
C,0.2,1,0.6623647043674896,1.0000000104805054e-05,5.5067062021407764e-14,1.0000000104805054e-05,0.6623647043674896,96.66666666666667,96.66666666666667,3201.4777377768396,0.011585723002732707,0.5671376934368101,0.29075663260282136,0.0
C,0.2,1,0.6623647043674896,1.0480505352461478e-13,1.0000000055067063e-05,1.0480505352461478e-13,0.6623647043674896,96.66666666666667,96.66666666666667,3201.4535711101726,0.011463497211351783,0.5671372758965831,0.2907601271333094,0.0
C,0.2,1,0.6623647043674896,1.0480505352461478e-13,5.5067062021407764e-14,1.0480505352461478e-13,0.6623647043674896,96.66566666666667,96.66566666666667,3201.3962862082876,0.011139137008192839,0.567136900915755,0.2907633379346907,0.0
C,0.2,1,0.6623647043674896,1.0480505352461478e-13,5.5067062021407764e-14,1.0480505352461478e-13,0.6623647043674896,96.66570000000002,96.66666666666667,3201.397390149462,0.00997563115324587,0.567136900915755,0.2907633380291006,9.666666666561242e-06
C,0.2,1,0.6619668036519862,2.2932766776446965e-12,1.14752651720198e-12,2.2932766776446965e-12,0.6619668036519862,96.6666666666535,96.6666666666535,3199.506217664688,0.001001245930911192,0.5671004762331947,0.29106343295586307,0.0
C,0.2,1,0.6619768036519862,2.2932766776446965e-12,1.14752651720198e-12,2.2932766776446965e-12,0.6619768036519862,96.6666666666535,96.6666666666535,3199.5545509980216,0.0012612737937385454,0.5671013916604704,0.29105589411708926,0.0
C,0.2,1,0.6619668036519862,1.0000002293276679e-05,1.14752651720198e-12,1.0000002293276679e-05,0.6619668036519862,96.6666666666535,96.6666666666535,3199.5545509980216,0.0012379630450329738,0.5671012687728869,0.29105673034869056,0.0
C,0.2,1,0.6619668036519862,2.2932766776446965e-12,1.0000001147526517e-05,2.2932766776446965e-12,0.6619668036519862,96.6666666666535,96.6666666666535,3199.530384331355,0.001115765729090912,0.567100851224241,0.2910602219919455,0.0
C,0.2,1,0.6619668036519862,2.2932766776446965e-12,1.14752651720198e-12,2.2932766776446965e-12,0.6619668036519862,96.66566666665351,96.66566666665351,3199.4731193245057,0.0007915235299656169,0.5671004762331947,0.29106341900637034,-2.0847647003438312e-05
C,0.2,1,0.6619668036519862,2.2932766776446965e-12,1.14752651720198e-12,2.2932766776446965e-12,0.6619668036519862,96.66569999998684,96.6666666666535,3199.474222602512,-0.00037126314990684956,0.5671004762331947,0.29106341947132724,-0.00013712631499068496
C,0.2,1,0.6619667557392245,6.750155787618271e-14,3.2862600478322854e-14,6.750155787618271e-14,0.6619667557392245,96.66666666666667,96.66666666666667,3199.5059860733245,0.0010000000065992366,0.5671004718469111,0.2910634690779919,0.0
C,0.2,1,0.6619767557392244,6.750155787618271e-14,3.2862600478322854e-14,6.750155787618271e-14,0.6619767557392244,96.66666666666667,96.66666666666667,3199.554319406657,0.0012600278620820465,0.5671013872741882,0.29105593023997284,0.0
C,0.2,1,0.6619667557392245,1.0000000067501559e-05,3.2862600478322854e-14,1.0000000067501559e-05,0.6619667557392245,96.66666666666667,96.66666666666667,3199.554319406657,0.001236717114050387,0.5671012643866059,0.29105676647148804,0.0
C,0.2,1,0.6619667557392245,6.750155787618271e-14,1.00000000328626e-05,6.750155787618271e-14,0.6619667557392245,96.66666666666667,96.66666666666667,3199.5301527399906,0.0011145198014244542,0.5671008468379587,0.2910602581143982,0.0
C,0.2,1,0.6619667557392245,6.750155787618271e-14,3.2862600478322854e-14,6.750155787618271e-14,0.6619667557392245,96.66566666666667,96.66566666666667,3199.4728877355374,0.0007902776165681943,0.5671004718469111,0.29106345512716153,-2.097223834318057e-05
C,0.2,1,0.6619667557392245,6.750155787618271e-14,3.2862600478322854e-14,6.750155787618271e-14,0.6619667557392245,96.66570000000002,96.66666666666667,3199.473991013464,-0.0003725089766828226,0.5671004718469111,0.291063455592163,-0.00013725089766828227
C,0.2,1,1.0,1.0,1.0,1.0,1.0,19.8,90.0,2475.0,-8.847502004027309,0.5542509702295582,0.37000140008336824,-0.8848502004027308
C,0.2,1,0.99999,1.0,1.0,1.0,0.99999,19.8,90.0,2474.9901,-8.847533174163747,0.5542507038296101,0.37000222586030723,-0.8848533174163746
C,0.2,1,1.0,0.99999,1.0,0.99999,1.0,19.8,90.0,2474.9901,-8.847533319074495,0.5542506974131821,0.3700022907668339,-0.8848533319074494
C,0.2,1,1.0,1.0,0.99999,1.0,1.0,19.8,90.0,2474.99505,-8.847517700550794,0.5542508331429645,0.3700018558764489,-0.8848517700550793
C,0.2,1,1.0,1.0,1.0,1.0,1.0,19.80022,90.001,2475.0275,-8.847324105934058,0.5542506748980879,0.3700029607039196,-0.8848324105934058
C,0.2,1,1.0,1.0,1.0,1.0,1.0,19.800900000000002,90.0,2475.1125,-8.847148252223102,0.554254238661958,0.36998643543336907,-0.8848148252223101
C,0.2,1,1.0,1.0,1.0,1.0,1.0,42.20535155941147,96.66666666666667,5275.668944926433,2.311639084934917,0.6282634872718801,0.011530183389663098,0.2310639084934917
C,0.2,1,0.99999,1.0,1.0,1.0,0.99999,42.20535155941147,96.66666666666667,5275.647842250653,2.3115652458637816,0.6282632754932655,0.011530403020907815,0.23105652458637818
C,0.2,1,1.0,0.99999,1.0,0.99999,1.0,42.20535155941147,96.66666666666667,5275.647842250653,2.3115624549049385,0.6282632557755004,0.011530310332684802,0.23105624549049386
C,0.2,1,1.0,1.0,0.99999,1.0,1.0,42.20535155941147,96.66666666666667,5275.658393588544,2.31160024069074,0.6282633676989837,0.011530231397087065,0.23106002406907403
C,0.2,1,1.0,1.0,1.0,1.0,1.0,42.20491495232637,96.66566666666667,5275.614369040796,2.3113852056910864,0.628262815966848,0.011530183389663098,0.23103852056910865
C,0.2,1,1.0,1.0,1.0,1.0,1.0,42.20631822607814,96.66666666666667,5275.789778259767,2.312106676198663,0.6282649742814761,0.011530183389663098,0.2311106676198663
C,0.2,1,0.8101433572469277,0.8856173553258058,0.9571060467382114,0.8856173553258058,0.8101433572469277,42.48315475315575,96.66666666666667,4618.585346296468,-0.0579564504210324,0.6206094546022626,0.024453895749647105,-0.005895645042103241
C,0.2,1,0.8101533572469276,0.8856173553258058,0.9571060467382114,0.8856173553258058,0.8101533572469276,42.48315475315575,96.66666666666667,4618.606587873846,-0.057873744175162396,0.6206097302901362,0.024450353721422426,-0.005887374417516239
C,0.2,1,0.8101433572469277,0.8856273553258057,0.9571060467382114,0.8856273553258057,0.8101433572469277,42.48315475315575,96.66666666666667,4618.606587873846,-0.057870112893971766,0.6206097492536623,0.024450158453032063,-0.0058870112893971765
C,0.2,1,0.8101433572469277,0.8856173553258058,0.9571160467382114,0.8856173553258058,0.8101433572469277,42.48315475315575,96.66666666666667,4618.595967085158,-0.05791258919593158,0.6206096055794917,0.024451989249725147,-0.005891258919593158
C,0.2,1,0.8101433572469277,0.8856173553258058,0.9571060467382114,0.8856173553258058,0.8101433572469277,42.48271527224452,96.66566666666667,4618.5375678273695,-0.058214315727099945,0.6206087336325778,0.024462866919305316,-0.0059214315727099944
C,0.2,1,0.8101433572469277,0.8856173553258058,0.9571060467382114,0.8856173553258058,0.8101433572469277,42.48412141982242,96.66666666666667,4618.690438127039,-0.05749653738038072,0.6206110404216255,0.024433959706161083,-0.005849653738038072
C,0.2,1,9.769962616701378e-14,0.221934849705004,0.7093469576871523,0.221934849705004,9.769962616701378e-14,71.01807735989871,96.66666666666586,2047.4807441615947,-8.65825848848476,0.5420543316629517,0.4416658740337475,-0.865925848848476
C,0.2,1,1.0000000097699627e-05,0.221934849705004,0.7093469576871523,0.221934849705004,1.0000000097699627e-05,71.01807735989871,96.66666666666586,2047.5162532002748,-8.658132986581101,0.5420554469543682,0.4416618473202345,-0.8659132986581101
C,0.2,1,9.769962616701378e-14,0.221944849705004,0.7093469576871523,0.221944849705004,9.769962616701378e-14,71.01807735989871,96.66666666666586,2047.5162532002748,-8.658124306992194,0.5420554431315764,0.44166197029270754,-0.8659124306992194
C,0.2,1,9.769962616701378e-14,0.221934849705004,0.7093569576871522,0.221934849705004,9.769962616701378e-14,71.01807735989871,96.66666666666586,2047.4984986809347,-8.658189401184478,0.5420548884202685,0.44166394124925984,-0.8659189401184477
C,0.2,1,9.769962616701378e-14,0.221934849705004,0.7093469576871523,0.221934849705004,9.769962616701378e-14,71.01734269013292,96.66566666666586,2047.4595633263104,-8.65841188136162,0.5420542550050454,0.4416614417864878,-0.8659411881361618
C,0.2,1,9.769962616701378e-14,0.221934849705004,0.7093469576871523,0.221934849705004,9.769962616701378e-14,71.01904402656537,96.66666666666586,2047.508613564141,-8.658101502599472,0.5420552333361046,0.4416631068013323,-0.8659101502599471
C,0.2,1,0.19496162213672244,0.655564060013724,0.9431334818647307,0.655564060013724,0.19496162213672244,63.4982767008758,96.66666637824368,4197.529525252186,-0.4414531028609035,0.608594429002158,0.09698351840861331,-0.04424531028609035
C,0.2,1,0.19497162213672245,0.655564060013724,0.9431334818647307,0.655564060013724,0.19497162213672245,63.4982767008758,96.66666637824368,4197.561274390538,-0.4413302361160929,0.6085951722095103,0.09698151923519045,-0.04423302361160929
C,0.2,1,0.19496162213672244,0.655574060013724,0.9431334818647307,0.655574060013724,0.19496162213672244,63.4982767008758,96.66666637824368,4197.561274390537,-0.44132236390159424,0.6085950489150711,0.09698189843112205,-0.04423223639015943
C,0.2,1,0.19496162213672244,0.655564060013724,0.9431434818647306,0.655564060013724,0.19496162213672244,63.4982767008758,96.66666637824368,4197.545399821362,-0.4413861857003345,0.6085947169025062,0.09698277577323344,-0.04423861857003345
C,0.2,1,0.19496162213672244,0.655564060013724,0.9431334818647307,0.655564060013724,0.19496162213672244,63.49761982214935,96.66566637824369,4197.486102532831,-0.44167186922103435,0.608594429002158,0.09698351840861331,-0.044267186922103435
C,0.2,1,0.19496162213672244,0.655564060013724,0.9431334818647307,0.655564060013724,0.19496162213672244,63.499243367539584,96.66666637824368,4197.593426385779,-0.44112415722084625,0.608594429002158,0.09698351840861331,-0.044212415722084626
C,0.2,1,2.4054863684286332e-08,0.6002558227918549,0.9786599483275283,0.6002558227918549,2.4054863684286332e-08,73.08747994235844,95.24655398093313,3981.754091929091,-0.24906782009796247,0.5898359183443768,0.15468672716252357,-0.025006782009796245
C,0.2,1,1.0024054863684287e-05,0.6002558227918549,0.9786599483275283,0.6002558227918549,1.0024054863684287e-05,73.08747994235844,95.24655398093313,3981.790635669061,-0.24892056196883336,0.5898368253993119,0.15468353943099328,-0.024992056196883335
C,0.2,1,2.4054863684286332e-08,0.6002658227918548,0.9786599483275283,0.6002658227918548,2.4054863684286332e-08,73.08747994235844,95.24655398093313,3981.7906356690623,-0.24890720447313977,0.5898367010335572,0.1546840146316869,-0.02499072044731398
C,0.2,1,2.4054863684286332e-08,0.6002558227918549,0.9786699483275283,0.6002558227918549,2.4054863684286332e-08,73.08747994235844,95.24655398093313,3981.7723637990766,-0.2489848655735703,0.5898362871631352,0.154685456445822,-0.02499848655735703
C,0.2,1,2.4054863684286332e-08,0.6002558227918549,0.9786599483275283,0.6002558227918549,2.4054863684286332e-08,73.08824729274421,95.24755398093312,3981.795896634095,-0.24886261906087573,0.5898359183443768,0.15468672716252357,-0.024986261906087572
C,0.2,1,2.4054863684286332e-08,0.6002558227918549,0.9786599483275283,0.6002558227918549,2.4054863684286332e-08,73.08843240789824,95.24655398093313,3981.805981576449,-0.2487310193012973,0.5898359183443768,0.15468672716252357,-0.024973101930129728
C,0.2,1,4.954406345466937e-07,0.45518923932436206,1.0,0.45518923932436206,4.954406345466937e-07,76.34224905152833,84.34502909558044,3646.0666311446325,-0.05481509533366571,0.5792667102763264,0.19787477948715285,-0.005581509533366571
C,0.2,1,1.0495440634546695e-05,0.45518923932436206,1.0,0.45518923932436206,1.0495440634546695e-05,76.34224905152833,84.34502909558044,3646.1048022691584,-0.054640988655778135,0.5792676175825361,0.19787047773675828,-0.005564098865577813
C,0.2,1,4.954406345466937e-07,0.45519923932436207,1.0,0.45519923932436207,4.954406345466937e-07,76.34224905152833,84.34502909558044,3646.1048022691584,-0.05461503579405578,0.5792674934836203,0.1978710281573002,-0.005561503579405578
C,0.2,1,4.954406345466937e-07,0.45518923932436206,0.99999,0.45518923932436206,4.954406345466937e-07,76.34224905152833,84.34502909558044,3646.0475455823694,-0.0549188859077928,0.5792663409613328,0.19787655563117765,-0.00559188859077928
C,0.2,1,4.954406345466937e-07,0.45518923932436206,1.0,0.45518923932436206,4.954406345466937e-07,76.34315417006192,84.34602909558045,3646.109859141234,-0.05458495113004773,0.5792667102763264,0.19787477948715285,-0.005558495113004773
C,0.2,1,4.954406345466937e-07,0.45518923932436206,1.0,0.45518923932436206,4.954406345466937e-07,76.34309250181927,84.34502909558044,3646.1069138976172,-0.05446162725356435,0.5792667102763264,0.19787477948715285,-0.005546162725356435
C,0.2,1,0.0,0.38026816696030175,0.999999951219484,0.38026816696030175,0.0,77.09706458269604,77.67952096335708,3393.3044918906276,-1.0873435796025153,0.5733970710714165,0.22685574771842076,-0.10883435796025151
C,0.2,1,1e-05,0.38026816696030175,0.999999951219484,0.38026816696030175,1e-05,77.09706458269604,77.67952096335708,3393.3430404229193,-1.0871229382846517,0.5733979794661933,0.22685145437834867,-0.10881229382846516
C,0.2,1,0.0,0.38027816696030176,0.999999951219484,0.38027816696030176,0.0,77.09706458269604,77.67952096335708,3393.343040422919,-1.0871297519108838,0.5733978547258862,0.22685199264491146,-0.10881297519108837
C,0.2,1,0.0,0.38026816696030175,0.9999899512194841,0.38026816696030175,0.0,77.09706458269604,77.67952096335708,3393.2852176244814,-1.0874474527416307,0.5733967013980685,0.2268575281168326,-0.10884474527416306
C,0.2,1,0.0,0.38026816696030175,0.999999951219484,0.38026816696030175,0.0,77.09805708449865,77.68052096335708,3393.348175276542,-1.087080718112249,0.5733970710714165,0.2268566508342975,-0.1088080718112249
C,0.2,1,0.0,0.38026816696030175,0.999999951219484,0.38026816696030175,0.0,77.09784137790567,77.67952096335708,3393.3386812944445,-1.0872760085098676,0.5733970710714165,0.22685571283588438,-0.10882760085098675
C,0.2,1,7.949888287399678e-08,0.4009340304326289,0.9786560645344423,0.4009340304326289,7.949888287399678e-08,77.53221345216934,82.26978110721706,3451.1997218668844,-0.6688848458486764,0.5742275480990906,0.22547834039230663,-0.06698848458486764
C,0.2,1,1.0079498882873998e-05,0.4009340304326289,0.9786560645344423,0.4009340304326289,1.0079498882873998e-05,77.53221345216934,82.26978110721706,3451.238487973611,-0.6686999811886647,0.5742284563495261,0.22547319756496043,-0.06696999811886648
C,0.2,1,7.949888287399678e-08,0.4009440304326289,0.9786560645344423,0.4009440304326289,7.949888287399678e-08,77.53221345216934,82.26978110721706,3451.238487973611,-0.6686762092388958,0.5742283317344588,0.225473697025626,-0.06696762092388958
C,0.2,1,7.949888287399678e-08,0.4009340304326289,0.9786660645344423,0.4009340304326289,7.949888287399678e-08,77.53221345216934,82.26978110721706,3451.2191049202474,-0.6687786430649952,0.5742279177391634,0.22547611983125282,-0.06697786430649952
C,0.2,1,7.949888287399678e-08,0.4009340304326289,0.9786560645344423,0.4009340304326289,7.949888287399678e-08,77.53315586641195,82.27078110721705,3451.2416716530074,-0.6686461334990569,0.5742275480990906,0.2254781267493038,-0.0669646133499057
C,0.2,1,7.949888287399678e-08,0.4009340304326289,0.9786560645344423,0.4009340304326289,7.949888287399678e-08,77.5330361499804,82.26978110721706,3451.236342702667,-0.6685997827816406,0.5742275480990906,0.22547761071474753,-0.06695997827816405
C,0.2,1,0.0,0.41089645526019863,0.9999999981017487,0.41089645526019863,0.0,77.8939924125309,81.10063533223104,3547.6680750354008,-0.04329462562600679,0.5757969988138356,0.21558283304955256,-0.004429462562600679
C,0.2,1,1e-05,0.41089645526019863,0.9999999981017487,0.41089645526019863,1e-05,77.8939924125309,81.10063533223104,3547.7070220316077,-0.043098518980343434,0.5757979067065943,0.215577733196511,-0.004409851898034343
C,0.2,1,0.0,0.41090645526019864,0.9999999981017487,0.41090645526019864,0.0,77.8939924125309,81.10063533223104,3547.7070220316077,-0.043080239266274606,0.5757977823072441,0.21557828111061972,-0.004408023926627461
C,0.2,1,0.0,0.41089645526019863,0.9999899981017487,0.41089645526019863,0.0,77.8939924125309,81.10063533223104,3547.648601537298,-0.04340197945519104,0.5757966292770539,0.2155850026853216,-0.004440197945519104
C,0.2,1,0.0,0.41089645526019863,0.9999999981017487,0.41089645526019863,0.0,77.8949528734705,81.10163533223103,3547.7118190586198,-0.0430407054708217,0.5757969988138356,0.21558240705955664,-0.00440407054708217
C,0.2,1,0.0,0.41089645526019863,0.9999999981017487,0.41089645526019863,0.0,77.89480341888422,81.10063533223104,3547.705012175984,-0.04306127106418645,0.5757969988138356,0.21558243952665326,-0.004406127106418646
C,0.2,1,2.071430556606488e-07,0.41107800918484166,0.985703638585899,0.41107800918484166,2.071430556606488e-07,78.57957930837401,81.23952248960764,3551.522096164484,-0.004692132364222038,0.5752829151012115,0.21832035755751752,-0.0005692132364222038
C,0.2,1,1.020714305566065e-05,0.41107800918484166,0.985703638585899,0.41107800918484166,1.020714305566065e-05,78.57957930837401,81.23952248960764,3551.5613859541377,-0.004490659953915337,0.5752838231271007,0.21831524878880154,-0.0005490659953915337
C,0.2,1,2.071430556606488e-07,0.4110880091848417,0.985703638585899,0.4110880091848417,2.071430556606488e-07,78.57957930837401,81.23952248960764,3551.5613859541377,-0.004475511709331624,0.5752836986704596,0.21831581155350488,-0.0005475511709331624
C,0.2,1,2.071430556606488e-07,0.41107800918484166,0.985713638585899,0.41107800918484166,2.071430556606488e-07,78.57957930837401,81.23952248960764,3551.5417410593104,-0.0045843553930747525,0.5752832846834788,0.21831819198508437,-0.0005584355393074752
C,0.2,1,2.071430556606488e-07,0.41107800918484166,0.985703638585899,0.41107800918484166,2.071430556606488e-07,78.58054656638956,81.24052248960764,3551.5658128431064,-0.004436863546565546,0.5752829151012115,0.21832005169204646,-0.0005436863546565546
C,0.2,1,2.071430556606488e-07,0.41107800918484166,0.985703638585899,0.41107800918484166,2.071430556606488e-07,78.58039170359889,81.23952248960764,3551.5588135867124,-0.00448205808494384,0.5752829151012115,0.21832009675500955,-0.000548205808494384
C,0.2,1,9.380134124478478e-08,0.4129239134492776,0.9479862907577197,0.4129239134492776,9.380134124478478e-08,80.00416273193542,82.25817207501586,3547.853210435681,-0.006079978324493929,0.5740334306607761,0.22532098061306152,-0.0007079978324493929
C,0.2,1,1.0093801341244786e-05,0.4129239134492776,0.9479862907577197,0.4129239134492776,1.0093801341244786e-05,80.00416273193542,82.25817207501586,3547.8932125170472,-0.0058726894112748245,0.5740343390213671,0.22531573819634731,-0.0006872689411274825
C,0.2,1,9.380134124478478e-08,0.4129339134492776,0.9479862907577197,0.4129339134492776,9.380134124478478e-08,80.00416273193542,82.25817207501586,3547.8932125170463,-0.005860397279558101,0.5740342143928444,0.22531631796242108,-0.0006860397279558102
C,0.2,1,9.380134124478478e-08,0.4129239134492776,0.9479962907577196,0.4129239134492776,9.380134124478478e-08,80.00416273193542,82.25817207501586,3547.873211476364,-0.005971232454217456,0.5740338003455046,0.22531875864946055,-0.0006971232454217457
C,0.2,1,9.380134124478478e-08,0.4129239134492776,0.9479862907577197,0.4129239134492776,9.380134124478478e-08,80.00513533028904,82.25917207501587,3547.896341143803,-0.0058278707061996116,0.5740334306607761,0.22532071106955015,-0.0006827870706199612
C,0.2,1,9.380134124478478e-08,0.4129239134492776,0.9479862907577197,0.4129239134492776,9.380134124478478e-08,80.00498531365618,82.25817207501586,3547.88968852756,-0.005891081188268421,0.5740334306607761,0.22532074666563823,-0.0006891081188268422
C,0.2,1,3.6566462569134734e-07,0.42522816080191417,0.7627250779712562,0.42522816080191417,3.6566462569134734e-07,86.99358295405676,88.06012819566742,3508.41233812071,-0.11959980888069778,0.5681460575017407,0.2627459302530566,-0.012059980888069779
C,0.2,1,1.0365664625691349e-05,0.42522816080191417,0.7627250779712562,0.42522816080191417,1.0365664625691349e-05,86.99358295405676,88.06012819566742,3508.4558349121876,-0.1193691164144896,0.568146967615846,0.2627399052566109,-0.01203691164144896
C,0.2,1,3.6566462569134734e-07,0.4252381608019142,0.7627250779712562,0.4252381608019142,3.6566462569134734e-07,86.99358295405676,88.06012819566742,3508.4558349121876,-0.11936850906101772,0.5681468416549881,0.26274054993474594,-0.012036850906101772
C,0.2,1,3.6566462569134734e-07,0.42522816080191417,0.7627350779712562,0.42522816080191417,3.6566462569134734e-07,86.99358295405676,88.06012819566742,3508.434086516449,-0.11948658575301219,0.5681464274779893,0.2627433580388926,-0.012048658575301218
C,0.2,1,3.6566462569134734e-07,0.42522816080191417,0.7627250779712562,0.42522816080191417,3.6566462569134734e-07,86.99457084249998,88.06112819566742,3508.4521792203086,-0.11936218582579448,0.5681460575017407,0.26274601744123194,-0.012036218582579448
C,0.2,1,3.6566462569134734e-07,0.42522816080191417,0.7627250779712562,0.42522816080191417,3.6566462569134734e-07,86.99446355533871,88.06012819566742,3508.4478523770226,-0.11948122736848625,0.5681460575017407,0.26274589780680235,-0.012048122736848625
C,0.2,1,0.0,0.4530104937974987,0.523304457436376,0.4530104937974987,0.0,96.66666666666667,96.66666666666667,3454.203158825819,-0.18225108202594456,0.5614667309697743,0.315696123511043,-0.018325108202594455
C,0.2,1,1e-05,0.4530104937974987,0.523304457436376,0.4530104937974987,1e-05,96.66666666666667,96.66666666666667,3454.2514921591533,-0.18199043438853893,0.5614676432559561,0.31568883353163296,-0.01829904343885389
C,0.2,1,0.0,0.4530204937974987,0.523304457436376,0.4530204937974987,0.0,96.66666666666667,96.66666666666667,3454.251492159153,-0.18200687564575757,0.5614675147359625,0.31568955636760154,-0.018300687564575757
C,0.2,1,0.0,0.4530104937974987,0.523314457436376,0.4530104937974987,0.0,96.66666666666667,96.66666666666667,3454.2273254924858,-0.18213207334699327,0.5614671007504953,0.31569297056369483,-0.01831320733469933
C,0.2,1,0.0,0.4530104937974987,0.523304457436376,0.4530104937974987,0.0,96.66566666666667,96.66566666666667,3454.167425689693,-0.1824709452309382,0.5614667309697743,0.31569591871223013,-0.01834709452309382
C,0.2,1,0.0,0.4530104937974987,0.523304457436376,0.4530104937974987,0.0,96.66570000000002,96.66666666666667,3454.168616794231,-0.18225148757901288,0.5614667309697743,0.31569610869727316,-0.01832514875790129
C,0.2,1,0.0,0.45710061454304457,0.5303334178970985,0.45710061454304457,0.0,95.09926095783186,96.66666666666667,3434.354433902092,-0.17231726625168708,0.5620473101252783,0.31084842857845857,-0.017331726625168707
C,0.2,1,1e-05,0.45710061454304457,0.5303334178970985,0.45710061454304457,1e-05,95.09926095783186,96.66666666666667,3434.4019835325716,-0.17208202411442652,0.5620482222947394,0.31084106339577755,-0.017308202411442652
C,0.2,1,0.0,0.4571106145430446,0.5303334178970985,0.4571106145430446,0.0,95.09926095783186,96.66666666666667,3434.401983532571,-0.17207557315853803,0.5620480941081315,0.31084177418073455,-0.017307557315853803
C,0.2,1,0.0,0.45710061454304457,0.5303434178970985,0.45710061454304457,0.0,95.09926095783186,96.66666666666667,3434.3782087173313,-0.17219811617251488,0.5620476800067875,0.31084523264009617,-0.017319811617251487
C,0.2,1,0.0,0.45710061454304457,0.5303334178970985,0.45710061454304457,0.0,95.09827717237368,96.66566666666667,3434.3189060976038,-0.17253547494006885,0.5620473101252783,0.31084840244686646,-0.017353547494006884
C,0.2,1,0.0,0.45710061454304457,0.5303334178970985,0.45710061454304457,0.0,95.10022762449853,96.66666666666667,3434.389343489394,-0.17213161696561907,0.5620473101252783,0.31084826633854734,-0.017313161696561906
C,0.2,1,0.0,0.47280366560467135,0.5113970307278087,0.47280366560467135,0.0,95.19977649886306,96.66666666666667,3467.662240357134,0.0007986941703095253,0.5625780041342853,0.3064100130735567,-2.0130582969047468e-05
C,0.2,1,1e-05,0.47280366560467135,0.5113970307278087,0.47280366560467135,1e-05,95.19977649886306,96.66666666666667,3467.709840245385,0.001035938856920449,0.5625789161881899,0.3064025581793261,3.5938856920448993e-06
C,0.2,1,0.0,0.47281366560467136,0.5113970307278087,0.47281366560467136,0.0,95.19977649886306,96.66666666666667,3467.709840245385,0.0010413153622961403,0.5625787882074677,0.3064032773941944,4.131536229614024e-06
C,0.2,1,0.0,0.47280366560467135,0.5114070307278087,0.47280366560467135,0.0,95.19977649886306,96.66666666666667,3467.6860403012597,0.0009181676940551683,0.562578374036234,0.3064067780134952,-8.183230594483174e-06
C,0.2,1,0.0,0.47280366560467135,0.5113970307278087,0.47280366560467135,0.0,95.19879167358894,96.66566666666667,3467.626367989131,0.0005787435705767908,0.5625780041342853,0.3064101299309314,-4.212564294232092e-05
C,0.2,1,0.0,0.47280366560467135,0.5113970307278087,0.47280366560467135,0.0,95.20074316552972,96.66666666666667,3467.697451295881,0.0009596293125445223,0.5625780041342853,0.30640987381219886,-4.037068745547771e-06
C,0.2,1,8.679608675357308e-06,0.5406021489989077,0.37203940008433845,0.5406021489989077,8.679608675357308e-06,95.32452318635822,96.66361347134269,3463.285433809452,0.005354944130423546,0.5627404644484474,0.3057953284029919,0.0004354944130423546
C,0.2,1,1.867960867535731e-05,0.5406021489989077,0.37203940008433845,0.5406021489989077,1.867960867535731e-05,95.32452318635822,96.66361347134269,3463.3330960710455,0.005593981928359587,0.5627413766799069,0.3057878658654069,0.00045939819283595865
C,0.2,1,8.679608675357308e-06,0.5406121489989076,0.37203940008433845,0.5406121489989076,8.679608675357308e-06,95.32452318635822,96.66361347134269,3463.333096071045,0.005597950999187547,0.5627412486889338,0.3057885883216278,0.0004597950999187547
C,0.2,1,8.679608675357308e-06,0.5406021489989077,0.37204940008433846,0.5406021489989077,8.679608675357308e-06,95.32452318635822,96.66361347134269,3463.3092649402483,0.0054744316271080114,0.562740834335123,0.3057920919667212,0.00044744316271080116
C,0.2,1,8.679608675357308e-06,0.5406021489989077,0.37203940008433845,0.5406021489989077,8.679608675357308e-06,95.32550933326254,96.66461347134269,3463.3212620317727,0.005574547658116193,0.5627404644484474,0.3057951939477539,0.00045745476581161924
C,0.2,1,8.679608675357308e-06,0.5406021489989077,0.37203940008433845,0.5406021489989077,8.679608675357308e-06,95.32548982249294,96.66361347134269,3463.320553175731,0.005541951463897347,0.5627404644484474,0.30579519639542346,0.00045419514638973466
C,0.2,1,1.0995509082005218e-05,0.7197191696908994,0.0,0.7197191696908994,1.0995509082005218e-05,95.78760755892517,96.66279832810714,3447.06153062481,0.01071961084943059,0.5630306161101226,0.3053773895951752,0.0009719610849430588
C,0.2,1,2.099550908200522e-05,0.7197191696908994,0.0,0.7197191696908994,2.099550908200522e-05,95.78760755892517,96.66279832810714,3447.10942442859,0.010965445908984864,0.5630315287511526,0.3053699479846683,0.0009965445908984862
C,0.2,1,1.0995509082005218e-05,0.7197291696908994,0.0,0.7197291696908994,1.0995509082005218e-05,95.78760755892517,96.66279832810714,3447.109424428589,0.010963560853518925,0.5630314005563336,0.3053706796906754,0.0009963560853518925
C,0.2,1,1.0995509082005218e-05,0.7197191696908994,1e-05,0.7197191696908994,1.0995509082005218e-05,95.78760755892517,96.66279832810714,3447.0854775267,0.010838952229408593,0.5630309859026298,0.3053741705066104,0.0009838952229408594
C,0.2,1,1.0995509082005218e-05,0.7197191696908994,0.0,0.7197191696908994,1.0995509082005218e-05,95.78859850486525,96.66379832810715,3447.097191309068,0.010938907976253054,0.5630306161101226,0.30537734154609586,0.0009938907976253055
C,0.2,1,1.0995509082005218e-05,0.7197191696908994,0.0,0.7197191696908994,1.0995509082005218e-05,95.78857418690846,96.66279832810714,3447.0963161907152,0.010891023840732417,0.5630306161101226,0.3053773427250082,0.0009891023840732417
C,0.2,1,0.003916325465318847,0.7153089391418805,0.0,0.7153089391418805,0.003916325465318847,95.79830015709476,96.66627109974051,3445.02788897032,0.0012207861131280737,0.563041093402019,0.3054300017716021,2.207861131280737e-05
C,0.2,1,0.003926325465318846,0.7153089391418805,0.0,0.7153089391418805,0.003926325465318846,95.79830015709476,96.66627109974051,3445.075788120397,0.0014667260341084999,0.5630420059946175,0.3054225415321175,4.667260341084999e-05
C,0.2,1,0.003916325465318847,0.7153189391418805,0.0,0.7153189391418805,0.003916325465318847,95.79830015709476,96.66627109974051,3445.075788120397,0.0014647298112514008,0.5630418776936794,0.3054232740143182,4.647298112514008e-05
C,0.2,1,0.003916325465318847,0.7153089391418805,1e-05,0.7153089391418805,0.003916325465318847,95.79830015709476,96.66627109974051,3445.051838545359,0.0013401149708470658,0.5630414631184286,0.30542677398740253,3.401149708470658e-05
C,0.2,1,0.003916325465318847,0.7153089391418805,0.0,0.7153089391418805,0.003916325465318847,95.79730913614127,96.66527109974052,3444.9922506049447,0.0010015968120968065,0.563041093402019,0.30543005905285453,1.5968120968064444e-07
C,0.2,1,0.003916325465318847,0.7153089391418805,0.0,0.7153089391418805,0.003916325465318847,95.79926681980577,96.66627109974051,3445.0626513825255,0.0013954470437749793,0.563041093402019,0.30542994389889,3.9544704377497924e-05
C,0.2,1,0.029787169569370248,0.6885113923826476,2.5026679578665023e-05,0.6885113923826476,0.029787169569370248,95.8894230166362,96.66666666666667,3443.9217278095452,0.0034258661458240343,0.5633019872356754,0.3041334288133528,0.00024258661458240343
C,0.2,1,0.029797169569370247,0.6885113923826476,2.5026679578665023e-05,0.6885113923826476,0.029797169569370247,95.8894230166362,96.66666666666667,3443.9696725210542,0.0036735144970194574,0.5633028995019886,0.30412594870436527,0.00026735144970194575
C,0.2,1,0.029787169569370248,0.6885213923826475,2.5026679578665023e-05,0.6885213923826475,0.029787169569370248,95.8894230166362,96.66666666666667,3443.9696725210542,0.0036701262175654063,0.563302770664927,0.3041266872958214,0.00026701262175654063
C,0.2,1,0.029787169569370248,0.6885113923826476,3.502667957866502e-05,0.6885113923826476,0.029787169569370248,95.8894230166362,96.66666666666667,3443.9457001653,0.0035452478831143317,0.5633023565331361,0.3041301946489305,0.00025452478831143317
C,0.2,1,0.029787169569370248,0.6885113923826476,2.5026679578665023e-05,0.6885113923826476,0.029787169569370248,95.88843105708776,96.66566666666667,3443.886101033051,0.0032068891856651877,0.5633019872356754,0.3041335361569148,0.00022068891856651877
C,0.2,1,0.029787169569370248,0.6885113923826476,2.5026679578665023e-05,0.6885113923826476,0.029787169569370248,95.89038968330286,96.66666666666667,3443.9564461781843,0.003636929454062128,0.5633019872356754,0.3041333234992819,0.0002636929454062128
C,0.2,1,0.2267746871062693,0.4817489758840824,6.63571598570521e-06,0.4817489758840824,0.2267746871062693,96.66659055595906,96.66666666666667,3424.5443777758387,0.22321286830066248,0.5651161938541964,0.2957705768078041,7.611070761015526e-07
C,0.2,1,0.2267846871062693,0.4817489758840824,6.63571598570521e-06,0.4817489758840824,0.2267846871062693,96.66659055595906,96.66666666666667,3424.5927110711164,0.22347632782701798,0.5651171033353921,0.2957632291345019,7.611070761015526e-07
C,0.2,1,0.2267746871062693,0.4817589758840824,6.63571598570521e-06,0.4817589758840824,0.2267746871062693,96.66659055595906,96.66666666666667,3424.5927110711164,0.22345826563488616,0.5651169708993248,0.29576400131486247,7.611070761015526e-07
C,0.2,1,0.2267746871062693,0.4817489758840824,1.6635715985705212e-05,0.4817489758840824,0.2267746871062693,96.66659055595906,96.66666666666667,3424.5685444234778,0.22333218221870574,0.5651165601128637,0.29576742602334155,7.611070761015526e-07
C,0.2,1,0.2267746871062693,0.4817489758840824,6.63571598570521e-06,0.4817489758840824,0.2267746871062693,96.66559055674642,96.66566666666667,3424.5089514546894,0.22299361188617262,0.5651161938541964,0.2957705768078041,7.610992024353891e-07
C,0.2,1,0.2267746871062693,0.4817489758840824,6.63571598570521e-06,0.4817489758840824,0.2267746871062693,96.6656238892924,96.66666666666667,3424.510132305098,0.22274236029632122,0.5651161938541964,0.2957705768078041,1.0427773742662794e-05
C,0.2,1,0.3302143369876428,0.3616532596897685,0.0,0.3616532596897685,0.3302143369876428,96.66634237203404,96.66634237203404,3344.01549882675,0.008533279945920125,0.5651965653203714,0.2986484358571402,0.0
C,0.2,1,0.3302243369876428,0.3616532596897685,0.0,0.3616532596897685,0.3302243369876428,96.66634237203404,96.66634237203404,3344.063831997936,0.008795479922480769,0.565197474041607,0.29864094594956103,0.0
C,0.2,1,0.3302143369876428,0.36166325968976853,0.0,0.36166325968976853,0.3302143369876428,96.66634237203404,96.66634237203404,3344.063831997936,0.008776289587364941,0.5651973413599451,0.2986417525819563,0.0
C,0.2,1,0.3302143369876428,0.3616532596897685,1e-05,0.3616532596897685,0.3302143369876428,96.66634237203404,96.66634237203404,3344.039665412343,0.008651299531750823,0.5651969312683002,0.2986452338952633,0.0
C,0.2,1,0.3302143369876428,0.3616532596897685,0.0,0.3616532596897685,0.3302143369876428,96.66534237203403,96.66534237203403,3343.980905446916,0.008317804355521784,0.5651965653203714,0.298648429720173,0.0
C,0.2,1,0.3302143369876428,0.3616532596897685,0.0,0.3616532596897685,0.3302143369876428,96.66537570861031,96.66634237203404,3343.9820586717615,0.007848339194812964,0.5651965653203714,0.2986484299247469,9.666634237248673e-06
C,0.2,1,0.5064231700635772,0.17121643914857615,0.0,0.17121643914857615,0.5064231700635772,96.66666666664293,96.66666666665448,3275.25811119127,0.024087750638110528,0.5663943339304067,0.2936299872758724,1.155342488345923e-13
C,0.2,1,0.5064331700635771,0.17121643914857615,0.0,0.17121643914857615,0.5064331700635771,96.66666666664293,96.66666666665448,3275.306444524603,0.024349134180761123,0.5663952451111777,0.29362247698292326,1.155342488345923e-13
C,0.2,1,0.5064231700635772,0.17122643914857616,0.0,0.17122643914857616,0.5064231700635772,96.66666666664293,96.66666666665448,3275.306444524603,0.024327556289934296,0.5663951174589847,0.2936233133148275,1.155342488345923e-13
C,0.2,1,0.5064231700635772,0.17121643914857615,1e-05,0.17121643914857615,0.5064231700635772,96.66666666664293,96.66666666665448,3275.2822778579366,0.02420396942449734,0.5663947040558798,0.2936267913378459,1.155342488345923e-13
C,0.2,1,0.5064231700635772,0.17121643914857615,0.0,0.17121643914857615,0.5064231700635772,96.66566666664293,96.66566666665449,3275.2242292108094,0.023875410485076645,0.5663943339304067,0.2936299872758724,1.155342488345923e-13
C,0.2,1,0.5064231700635772,0.17121643914857615,0.0,0.17121643914857615,0.5064231700635772,96.66569999997627,96.66666666665448,3275.2253586101583,0.023037618947503915,0.5663943339304067,0.2936299872758724,9.66666678209549e-06
C,0.2,1,0.662621957035081,0.0,0.0,0.0,0.662621957035081,96.66666666665692,96.66666666665692,3202.6727923359017,0.01804052591864262,0.5671604501191239,0.29056948192717935,0.0
C,0.2,1,0.6626319570350809,0.0,0.0,0.0,0.6626319570350809,96.66666666665692,96.66666666665692,3202.721125669235,0.018300669537247204,0.5671613655274342,0.290561951419806,0.0
C,0.2,1,0.662621957035081,1e-05,0.0,1e-05,0.662621957035081,96.66666666665692,96.66666666665692,3202.721125669235,0.01827734973915118,0.5671612426307701,0.29056278710531946,0.0
C,0.2,1,0.662621957035081,0.0,1e-05,0.0,0.662621957035081,96.66666666665692,96.66666666665692,3202.696959002568,0.018155097789594773,0.567160825094599,0.29056627476038244,0.0
C,0.2,1,0.662621957035081,0.0,0.0,0.0,0.662621957035081,96.66566666665692,96.66566666665692,3202.63966123805,0.017830650500088842,0.5671604501191239,0.29056948192717935,0.0
C,0.2,1,0.662621957035081,0.0,0.0,0.0,0.662621957035081,96.66569999999027,96.66666666665692,3202.640765607979,0.016666679662648475,0.5671604501191239,0.29056948192717935,9.666666666561242e-06
C,0.2,1,0.6619665849838253,3.5988587969694073e-07,1.6241152039571128e-11,3.5988587969694073e-07,0.6619665849838253,96.66666658459539,96.66666666666667,3199.5068975264003,0.0010039626166584855,0.5671004847384934,0.2910633565849071,8.207128132653452e-10
C,0.2,1,0.6619765849838253,3.5988587969694073e-07,1.6241152039571128e-11,3.5988587969694073e-07,0.6619765849838253,96.66666658459539,96.66666666666667,3199.5552308596916,0.0012639904951551057,0.5671014001657594,0.291055817744556,8.207128132653452e-10
C,0.2,1,0.6619665849838253,1.0359885879696941e-05,1.6241152039571128e-11,1.0359885879696941e-05,0.6619665849838253,96.66666658459539,96.66666666666667,3199.555230859693,0.0012406797477992157,0.5671012772781685,0.29105665397643865,8.207128132653452e-10
C,0.2,1,0.6619665849838253,3.5988587969694073e-07,1.000001624115204e-05,3.5988587969694073e-07,0.6619665849838253,96.66666658459539,96.66666666666667,3199.531064193047,0.0011184824234317407,0.5671008597295305,0.2910601456203782,8.207128132653452e-10
C,0.2,1,0.6619665849838253,3.5988587969694073e-07,1.6241152039571128e-11,3.5988587969694073e-07,0.6619665849838253,96.66566658459624,96.66566666666667,3199.4737991791844,0.0007942401883259932,0.5671004847384934,0.2910633426384563,-2.057598116740068e-05
C,0.2,1,0.6619665849838253,3.5988587969694073e-07,1.6241152039571128e-11,3.5988587969694073e-07,0.6619665849838253,96.66569991792872,96.66666666666667,3199.474902457398,-0.00036854593858292765,0.5671004847384934,0.2910633431033118,-0.00013685459385829276
C,0.2,1,0.661966778031292,0.0,0.0,0.0,0.661966778031292,96.66666666666667,96.66666666666667,3199.5060938179117,0.0010005796587534636,0.5671004738875812,0.29106345227259417,0.0
C,0.2,1,0.661976778031292,0.0,0.0,0.0,0.661976778031292,96.66666666666667,96.66666666666667,3199.5544271512445,0.0012606075175634552,0.5671013893148573,0.2910559134342275,0.0
C,0.2,1,0.661966778031292,1e-05,0.0,1e-05,0.661966778031292,96.66666666666667,96.66666666666667,3199.5544271512445,0.00123729676931883,0.5671012664272747,0.29105674966578016,0.0
C,0.2,1,0.661966778031292,0.0,1e-05,0.0,0.661966778031292,96.66666666666667,96.66666666666667,3199.530260484578,0.0011150994550731949,0.567100848878628,0.29106024130885383,0.0
C,0.2,1,0.661966778031292,0.0,0.0,0.0,0.661966778031292,96.66566666666667,96.66566666666667,3199.47299547901,0.0007908572636404385,0.5671004738875812,0.2910634383223861,-2.091427363595615e-05
C,0.2,1,0.661966778031292,0.0,0.0,0.0,0.661966778031292,96.66570000000002,96.66666666666667,3199.474098756974,-0.00037192936990870567,0.5671004738875812,0.2910634387873669,-0.00013719293699087056
C,0.2,1,0.6619667557391195,0.0,0.0,0.0,0.6619667557391195,96.66666666666484,96.66666666666573,3199.5059860723504,0.0010000000015029941,0.5671004718468949,0.2910634690781278,8.952838470577262e-15
C,0.2,1,0.6619767557391194,0.0,0.0,0.0,0.6619767557391194,96.66666666666484,96.66666666666573,3199.554319405683,0.0012600278569831608,0.5671013872741718,0.291055930240108,8.952838470577262e-15
C,0.2,1,0.6619667557391195,1e-05,0.0,1e-05,0.6619667557391195,96.66666666666484,96.66666666666573,3199.554319405683,0.0012367171088987566,0.5671012643865894,0.29105676647162537,8.952838470577262e-15
C,0.2,1,0.6619667557391195,0.0,1e-05,0.0,0.6619667557391195,96.66666666666484,96.66666666666573,3199.530152739016,0.0011145197963345224,0.5671008468379423,0.2910602581145345,8.952838470577262e-15
C,0.2,1,0.6619667557391195,0.0,0.0,0.0,0.6619667557391195,96.66566666666483,96.66566666666574,3199.4728877345633,0.0007902776114719434,0.5671004718468949,0.29106345512729737,-2.097223885280566e-05
C,0.2,1,0.6619667557391195,0.0,0.0,0.0,0.6619667557391195,96.66569999999817,96.66666666666573,3199.4739910124895,-0.0003725089828864802,0.5671004718468949,0.2910634555922989,-0.00013725089828864803
C,0.2,1,1.0,0.4,0.7,0.4,1.0,35.1,65.0,3071.2499999999995,-8.247560176753803,0.5799974491282941,0.15440064692958097,-0.8248560176753802
C,0.2,1,0.99999,0.4,0.7,0.4,0.99999,35.1,65.0,3071.23245,-8.247629202860645,0.5799969854932152,0.1544021364392425,-0.8248629202860644
C,0.2,1,1.0,0.40001000000000003,0.7,0.40001000000000003,1.0,35.1,65.0,3071.26755,-8.24748013097813,0.5799979444254982,0.15439906007653456,-0.8248480130978129
C,0.2,1,1.0,0.4,0.7000099999999999,0.4,1.0,35.1,65.0,3071.258775,-8.247518028185914,0.5799977015910304,0.15439984278127938,-0.8248518028185913
C,0.2,1,1.0,0.4,0.7,0.4,1.0,35.10054,65.001,3071.2972499999996,-8.24728479047864,0.5799983796727114,0.154401533486387,-0.8248284790478639
C,0.2,1,1.0,0.4,0.7,0.4,1.0,35.10065,65.0,3071.3068749999998,-8.247273065573419,0.5799991906507738,0.15439486767496505,-0.8248273065573418
C,0.2,1,0.6394213145827907,0.26203362452735723,0.6739584427158207,0.26203362452735723,0.6394213145827907,63.078542934037785,96.66666666666087,3905.9311181031726,-2.121437526584474,0.6030524349830181,0.14415460043721834,-0.2122437526584474
C,0.2,1,0.6394313145827907,0.26203362452735723,0.6739584427158207,0.26203362452735723,0.6394313145827907,63.078542934037785,96.66666666666087,3905.96265737464,-2.1213110007239124,0.6030535299441083,0.14414781448941083,-0.21223110007239124
C,0.2,1,0.6394213145827907,0.26204362452735724,0.6739584427158207,0.26204362452735724,0.6394213145827907,63.078542934037785,96.66666666666087,3905.96265737464,-2.121302559130566,0.6030535539169575,0.1441476513965823,-0.21223025591305658
C,0.2,1,0.6394213145827907,0.26203362452735723,0.6739684427158207,0.26203362452735723,0.6394213145827907,63.078542934037785,96.66666666666087,3905.9468877389068,-2.1213683932293175,0.6030529985577654,0.1441511015376192,-0.21223683932293175
C,0.2,1,0.6394213145827907,0.26203362452735723,0.6739584427158207,0.26203362452735723,0.6394213145827907,63.077890397386746,96.66566666666088,3905.8907119191927,-2.121668249067322,0.6030510811260894,0.14416105726116074,-0.21226682490673218
C,0.2,1,0.6394213145827907,0.26203362452735723,0.6739584427158207,0.26203362452735723,0.6394213145827907,63.079509600704455,96.66666666666087,3905.9909757542623,-2.121133888307262,0.6030547034217643,0.14414081207473523,-0.21221338883072619
C,0.2,1,0.07320916061481508,0.15148387605962593,0.7069714609794868,0.15148387605962593,0.07320916061481508,96.66666666644984,96.66666666666475,2794.5307079539566,-3.3778054993488444,0.5513654794673343,0.3931124428563682,-0.3378805499348844
C,0.2,1,0.07321916061481508,0.15148387605962593,0.7069714609794868,0.15148387605962593,0.07321916061481508,96.66666666644984,96.66666666666475,2794.57904128729,-3.377555167152233,0.5513663929812701,0.3931064989100148,-0.3378555167152233
C,0.2,1,0.07320916061481508,0.15149387605962594,0.7069714609794868,0.15149387605962594,0.07320916061481508,96.66666666644984,96.66666666666475,2794.57904128729,-3.3775720618303513,0.5513662586241069,0.39310715701894106,-0.3378572061830351
C,0.2,1,0.07320916061481508,0.15148387605962593,0.7069814609794868,0.15148387605962593,0.07320916061481508,96.66666666644984,96.66666666666475,2794.554874620623,-3.3776917463582983,0.551365847199339,0.3931099099385953,-0.3378691746358298
C,0.2,1,0.07320916061481508,0.15148387605962593,0.7069714609794868,0.15148387605962593,0.07320916061481508,96.66566666644985,96.66566666666475,2794.501799015599,-3.3779997321189006,0.5513654794673343,0.3931095084220031,-0.33789997321189
C,0.2,1,0.07320916061481508,0.15148387605962593,0.7069714609794868,0.15148387605962593,0.07320916061481508,96.66569999978317,96.66666666666475,2794.502762646877,-3.3779577027188354,0.5513654794673343,0.39311242842228944,-0.33789577027188356
C,0.2,1,0.3001667596963527,0.09212279755719993,0.6263613915838575,0.09212279755719993,0.3001667596963527,96.66666666666357,96.66666666666357,3409.772889719717,0.07763862069709707,0.5644612219487937,0.3005023959505418,0.0
C,0.2,1,0.3001767596963527,0.09212279755719993,0.6263613915838575,0.09212279755719993,0.3001767596963527,96.66666666666357,96.66666666666357,3409.8212230530507,0.07790145820828105,0.564462129927273,0.30049497527975366,0.0
C,0.2,1,0.3001667596963527,0.09213279755719993,0.6263613915838575,0.09213279755719993,0.3001667596963527,96.66666666666357,96.66666666666357,3409.8212230530507,0.07788308490753541,0.564461997119393,0.30049576267813843,0.0
C,0.2,1,0.3001667596963527,0.09212279755719993,0.6263713915838575,0.09212279755719993,0.3001667596963527,96.66666666666357,96.66666666666357,3409.7970563863837,0.07775769867146072,0.5644615874646808,0.3004992116457827,0.0
C,0.2,1,0.3001667596963527,0.09212279755719993,0.6263613915838575,0.09212279755719993,0.3001667596963527,96.66566666666357,96.66566666666357,3409.7376162070645,0.07742002055296258,0.5644612219487937,0.3005023959505418,0.0
C,0.2,1,0.3001667596963527,0.09212279755719993,0.6263613915838575,0.09212279755719993,0.3001667596963527,96.66569999999692,96.66666666666357,3409.73879199082,0.07701606765836688,0.5644612219487937,0.3005023959505418,9.666666666561242e-06
C,0.2,1,0.44942110198224294,3.452909075329913e-08,0.4796060488670628,3.452909075329913e-08,0.44942110198224294,96.66666647529992,96.66666666666667,3331.250104638785,0.01735057197935388,0.5655003738351996,0.29731122114500974,1.913667517783324e-09
C,0.2,1,0.44943110198224295,3.452909075329913e-08,0.4796060488670628,3.452909075329913e-08,0.44943110198224295,96.66666647529992,96.66666666666667,3331.2984379720233,0.01761261068184881,0.5655012823303184,0.29730374367755036,1.913667517783324e-09
C,0.2,1,0.44942110198224294,1.00345290907533e-05,0.4796060488670628,1.00345290907533e-05,0.44942110198224294,96.66666647529992,96.66666666666667,3331.2984379720233,0.01759234045311509,0.5655011515370432,0.29730456532680744,1.913667517783324e-09
C,0.2,1,0.44942110198224294,3.452909075329913e-08,0.4796160488670628,3.452909075329913e-08,0.44942110198224294,96.66666647529992,96.66666666666667,3331.274271305404,0.017468181539941723,0.5655007403500357,0.29730802930546296,1.913667517783324e-09
C,0.2,1,0.44942110198224294,3.452909075329913e-08,0.4796060488670628,3.452909075329913e-08,0.44942110198224294,96.6656664753019,96.66566666666667,3331.2156434308063,0.01713572160065439,0.5655003738351996,0.29731122114500974,1.913647622586723e-09
C,0.2,1,0.44942110198224294,3.452909075329913e-08,0.4796060488670628,3.452909075329913e-08,0.44942110198224294,96.66569980863325,96.66666666666667,3331.2167921376727,0.01641863972676562,0.5655003738351996,0.29731122114500974,9.668580334221133e-06
C,0.2,1,0.6528757509230326,0.0,0.024912734088442134,0.0,0.6528757509230326,96.66666593976458,96.66666593976458,3215.771879326828,0.050062987523202034,0.567202174495404,0.2899192252260047,0.0
C,0.2,1,0.6528857509230326,0.0,0.024912734088442134,0.0,0.6528857509230326,96.66666593976458,96.66666593976458,3215.820212659797,0.050323430351041976,0.5672030895601274,0.2899116778120715,0.0
C,0.2,1,0.6528757509230326,1e-05,0.024912734088442134,1e-05,0.6528757509230326,96.66666593976458,96.66666593976458,3215.820212659797,0.050300213797417816,0.5672029664052214,0.2899125167631383,0.0
C,0.2,1,0.6528757509230326,0.0,0.024922734088442134,0.0,0.6528757509230326,96.66666593976458,96.66666593976458,3215.796045993313,0.05017778088174381,0.5672025491194751,0.28991601184143423,0.0
C,0.2,1,0.6528757509230326,0.0,0.024912734088442134,0.0,0.6528757509230326,96.6656659397646,96.6656659397646,3215.73861272093,0.04985262165353545,0.567202174495404,0.2899192252260047,0.0
C,0.2,1,0.6528757509230326,0.0,0.024912734088442134,0.0,0.6528757509230326,96.66569927310519,96.66666593976458,3215.7397216080353,0.04870936013187489,0.567202174495404,0.2899192252260047,9.666666593943774e-06
C,0.2,1,0.6619729002676911,0.0,0.0,0.0,0.6619729002676911,96.66666650965124,96.66666650965124,3199.5356794301756,0.0011597417494609694,0.567101034333836,0.29105883683402356,0.0
C,0.2,1,0.661982900267691,0.0,0.0,0.0,0.661982900267691,96.66666650965124,96.66666650965124,3199.58401276343,0.0014197705438365655,0.5671019497609286,0.291051297899463,0.0
C,0.2,1,0.6619729002676911,1e-05,0.0,1e-05,0.6619729002676911,96.66666650965124,96.66666650965124,3199.58401276343,0.001396459721809185,0.5671018268732466,0.29105213414161135,0.0
C,0.2,1,0.6619729002676911,0.0,1e-05,0.0,0.6619729002676911,96.66666650965124,96.66666650965124,3199.559846096803,0.0012742619670063596,0.5671014093247276,0.29105562582915673,0.0
C,0.2,1,0.6619729002676911,0.0,0.0,0.0,0.6619729002676911,96.66566650965123,96.66566650965123,3199.502580785162,0.0009500179589988423,0.567101034333836,0.29105882305473874,-4.998204100115772e-06
C,0.2,1,0.6619729002676911,0.0,0.0,0.0,0.6619729002676911,96.66569984298614,96.66666650965124,3199.5036840733815,-0.00021277974000910154,0.567101034333836,0.29105882351402246,-0.00012127797400091016
C,0.2,1,0.6619687848969578,0.0,0.0,0.0,0.6619687848969578,96.66666627443075,96.66666627443075,3199.5157806862326,0.0010526813730490211,0.5671006576015625,0.291061939336165,0.0
C,0.2,1,0.6619787848969577,0.0,0.0,0.0,0.6619787848969577,96.66666627443075,96.66666627443075,3199.5641140193693,0.0013127095377952983,0.5671015730287785,0.2910544004663592,0.0
C,0.2,1,0.6619687848969578,1e-05,0.0,1e-05,0.6619687848969578,96.66666627443075,96.66666627443075,3199.5641140193693,0.001289398765413934,0.5671014501411632,0.2910552367013773,0.0
C,0.2,1,0.6619687848969578,0.0,1e-05,0.0,0.6619687848969578,96.66666627443075,96.66666627443075,3199.5399473528014,0.0011672013072076914,0.5671010325925585,0.2910587283589809,0.0
C,0.2,1,0.6619687848969578,0.0,0.0,0.0,0.6619687848969578,96.66566627443076,96.66566627443076,3199.482682246988,0.0008429585213136851,0.5671006576015625,0.29106192544198556,-1.5704147868631487e-05
C,0.2,1,0.6619687848969578,0.0,0.0,0.0,0.6619687848969578,96.66569960776802,96.66666627443075,3199.4837855284263,-0.0003198317354240018,0.5671006576015625,0.29106192590509883,-0.00013198317354240016
C,0.2,1,0.6619665818269317,2.2906682299142354e-08,3.245713817694821e-07,2.2906682299142354e-08,0.6619665818269317,96.66666662579598,96.66666666666667,3199.5060392405553,0.0009996789855797128,0.5671004699130826,0.29106348061422527,-3.2101442028718843e-08
C,0.2,1,0.6619765818269316,2.2906682299142354e-08,3.245713817694821e-07,2.2906682299142354e-08,0.6619765818269316,96.66666662579598,96.66666666666667,3199.554372573868,0.0012597068392379057,0.5671013853403556,0.29105594177644695,4.087068816716055e-10
C,0.2,1,0.6619665818269317,1.0022906682299144e-05,3.245713817694821e-07,1.0022906682299144e-05,0.6619665818269317,96.66666662579598,96.66666666666667,3199.554372573868,0.0012363960927547551,0.5671012624527696,0.29105677800800267,4.087068816716055e-10
C,0.2,1,0.6619665818269317,2.2906682299142354e-08,1.0324571381769482e-05,2.2906682299142354e-08,0.6619665818269317,96.66666662579598,96.66666666666667,3199.5302059072114,0.0011141987806641742,0.5671008449041256,0.29106026965077403,4.087068816716055e-10
C,0.2,1,0.6619665818269317,2.2906682299142354e-08,3.245713817694821e-07,2.2906682299142354e-08,0.6619665818269317,96.6656666257964,96.66566666666667,3199.472940902218,0.0007899565959676649,0.5671004699130826,0.2910634666631124,-2.1004340403233508e-05
C,0.2,1,0.6619665818269317,2.2906682299142354e-08,3.245713817694821e-07,2.2906682299142354e-08,0.6619665818269317,96.66569995912931,96.66666666666667,3199.474044180149,-0.00037282960355479054,0.5671004699130826,0.2910634671281234,-0.00013728296035547908
C,0.2,1,0.6615964123881573,3.358589448525847e-05,0.0004632920580538013,3.358589448525847e-05,0.6615964123881573,96.66660640745336,96.66666666666667,3198.995953343302,-0.0026146759719762563,0.5670866044236946,0.29117137482440847,-0.00036146759719762563
C,0.2,1,0.6618263269682647,1.2739710442037598e-05,0.0001757400233585582,1.2739710442037598e-05,0.6618263269682647,96.6666438094469,96.66666666666667,3199.312770846392,-0.0003698244625990549,0.5670952163755019,0.29110436444507637,-0.0001369824462599055
C,0.2,1,0.6619134419648227,4.841058471708694e-06,6.678610446824313e-05,4.841058471708694e-06,0.6619134419648227,96.66665798112116,96.66666666666667,3199.4328135611513,0.00048079375818520025,0.5670984794502092,0.29107897120192255,-5.192062418147998e-05
C,0.2,1,0.6619464484181351,1.8483878892511537e-06,2.5505239184982222e-05,1.8483878892511537e-06,0.6619464484181351,96.66666335053773,96.66666666666667,3199.478295799739,0.000803084948880745,0.5670997157750082,0.291069349694468,-1.9691505111925497e-05
C,0.2,1,0.6619589538025313,7.145339834572776e-07,9.864870809542997e-06,7.145339834572776e-07,0.6619589538025313,96.6666653848859,96.66666666666667,3199.4955279729365,0.0009251944843239341,0.5671001841898261,0.29106570426613393,-7.480551567606592e-06
C,0.2,1,0.6619636917724465,2.8494577379782127e-07,3.939135743952675e-06,2.8494577379782127e-07,0.6619636917724465,96.66666615564833,96.66666666666667,3199.502056802276,0.0009714587797473608,0.5671003616601844,0.29106432309793934,-2.8541220252639245e-06
C,0.2,1,0.6619654868633275,1.2218621821678707e-07,1.694032214386565e-06,1.2218621821678707e-07,0.6619654868633275,96.66666644766973,96.66666666666667,3199.5045304022237,0.000988987108684323,0.5671004288989824,0.29106379980876773,-1.1012891315676995e-06
C,0.2,1,0.6619661669749022,6.052100738466466e-08,8.434229706072782e-07,6.052100738466466e-08,0.6619661669749022,96.66666655830876,96.66666666666667,3199.5054675826095,0.0009956281228043927,0.5671004543739517,0.2910636015484148,-4.3718771956073597e-07
C,0.2,1,0.6619664246507594,3.715772898977839e-08,5.211501639548928e-07,3.715772898977839e-08,0.6619664246507594,96.6666666002269,96.66666666666667,3199.505822654878,0.0009981442235807252,0.5671004640257271,0.29106352643291133,-1.8557764192748352e-07
C,0.2,1,0.661966522277149,2.8306016814574635e-08,3.990497430222556e-07,2.8306016814574635e-08,0.661966522277149,96.66666661610856,96.66666666666667,3199.505957182125,0.000999097505998601,0.5671004676825238,0.29106349797368036,-9.024940013989228e-08
C,0.2,1,0.6619665592651344,2.4952343684800126e-08,3.527892125496279e-07,2.4952343684800126e-08,0.6619665592651344,96.66666662212567,96.66666666666667,3199.506008150841,0.0009994586787354484,0.5671004690679842,0.29106348719125147,-5.413212645515898e-08
C,0.2,1,0.6619765592651343,2.4952343684800126e-08,3.527892125496279e-07,2.4952343684800126e-08,0.6619765592651343,96.66666662212567,96.66666666666667,3199.5543414841522,0.0012594865311123461,0.5671013844952573,0.29105594835361115,4.4540996668729347e-10
C,0.2,1,0.6619665592651344,1.0024952343684801e-05,3.527892125496279e-07,1.0024952343684801e-05,0.6619665592651344,96.66666662212567,96.66666666666667,3199.5543414841522,0.0012361757847621174,0.567101261607671,0.2910567845851592,4.4540996668729347e-10
C,0.2,1,0.6619665592651344,2.4952343684800126e-08,1.0352789212549628e-05,2.4952343684800126e-08,0.6619665592651344,96.66666662212567,96.66666666666667,3199.5301748174966,0.0011139784732618365,0.5671008440590276,0.29106027622786274,4.4540996668729347e-10
C,0.2,1,0.6619665592651344,2.4952343684800126e-08,3.527892125496279e-07,2.4952343684800126e-08,0.6619665592651344,96.66566662212614,96.66566666666667,3199.4729098128255,0.0007897362908525174,0.5671004690679842,0.29106347323990767,-2.102637091474826e-05
C,0.2,1,0.6619665592651344,2.4952343684800126e-08,3.527892125496279e-07,2.4952343684800126e-08,0.6619665592651344,96.66569995545902,96.66666666666667,3199.474013090745,-0.0003730498608610097,0.5671004690679842,0.2910634737049263,-0.00013730498608610097
C,0.2,1,0.5572947240848066,0.009512170892882114,0.1312750337702954,0.009512170892882114,0.5572947240848066,96.64960187918705,96.66666666666667,3056.2750308629875,-1.000613875767599,0.5631908358495936,0.32034119650830867,-0.1001613875767599
C,0.2,1,0.6217410067840307,0.003655557742801138,0.050449421157483035,0.003655557742801138,0.6217410067840307,96.66010861431515,96.66666666666667,3144.4561559244466,-0.38761265131866995,0.5655991257530374,0.30257057853449015,-0.038861265131866995
C,0.2,1,0.6466533400675083,0.0013916273406683949,0.01920549963218652,0.0013916273406683949,0.6466533400675083,96.66417009429925,96.66666666666667,3178.5485399947233,-0.14750120638845818,0.5665290569607281,0.2954835318859231,-0.014850120638845818
C,0.2,1,0.6561589516667427,0.0005277964483350426,0.007283991539108835,0.0005277964483350426,0.6561589516667427,96.66571980266288,96.66666666666667,3191.5576666998095,-0.05540271490268155,0.5668837741681484,0.29274562336263116,-0.005640271490268156
C,0.2,1,0.6597671977614676,0.0001998938813907208,0.0027586925016912637,0.0001998938813907208,0.6597671977614676,96.66630805825199,96.66666666666667,3196.4959249330204,-0.02037241336810072,0.5670184080234071,0.29170136833483246,-0.002137241336810072
C,0.2,1,0.6611341237553748,7.56732682567296e-05,0.0010443557513537096,7.56732682567296e-05,0.6611341237553748,96.66653090941975,96.66666666666667,3198.3667202677684,-0.007091252928502684,0.567069410071127,0.29130503826123005,-0.0008091252928502685
C,0.2,1,0.661651555927887,2.865116024852373e-05,0.00039541572599852256,2.865116024852373e-05,0.661651555927887,96.66661526684977,96.66666666666667,3199.0748879103035,-0.0020623986233839586,0.5670887160244347,0.2911549099333656,-0.0003062398623383959
C,0.2,1,0.6618473674786931,1.0856611744607569e-05,0.00014983773627291782,1.0856611744607569e-05,0.6618473674786931,96.6666471901821,96.66666666666667,3199.342879693243,-0.00015912888701252118,0.5670960219269531,0.29109808240152474,-0.00011591288870125213
C,0.2,1,0.6619214604773365,4.123344719590282e-06,5.6913648880335614e-05,4.123344719590282e-06,0.6619214604773365,96.66665926962995,96.66666666666667,3199.444284966481,0.0005610771787143888,0.5670987863969887,0.29107657738961334,-4.3892282128561127e-05
C,0.2,1,0.6619494953519107,1.575650605739957e-06,2.175357731249414e-05,1.575650605739957e-06,0.6619494953519107,96.66666384018063,96.66666666666667,3199.4826541060243,0.000833588694275992,0.5670998324001836,0.29106844014689565,-1.6641130572400804e-05
C,0.2,1,0.6619601028626769,6.116836484333682e-07,8.450117127192928e-06,6.116836484333682e-07,0.6619601028626769,96.66666556953261,96.66666666666667,3199.4971717770827,0.0009366990374531962,0.5671002281746333,0.2910653612279062,-6.330096254680384e-06
C,0.2,1,0.6619701028626769,6.116836484333682e-07,8.450117127192928e-06,6.116836484333682e-07,0.6619701028626769,96.66666556953261,96.66666666666667,3199.545505109867,0.001196726520627232,0.5671011436018675,0.29105782242942313,1.0971340600463008e-08
C,0.2,1,0.6619601028626769,1.061168364843337e-05,8.450117127192928e-06,1.061168364843337e-05,0.6619601028626769,96.66666556953261,96.66666666666667,3199.5455051098684,0.0011734158412452119,0.5671010207142358,0.2910586586582531,1.0971340600463008e-08
C,0.2,1,0.6619601028626769,6.116836484333682e-07,1.845011712719293e-05,6.116836484333682e-07,0.6619601028626769,96.66666556953261,96.66666666666667,3199.521338443475,0.00105121869041386,0.5671006031656239,0.29106215028227145,1.0971340600463008e-08
C,0.2,1,0.6619601028626769,6.116836484333682e-07,8.450117127192928e-06,6.116836484333682e-07,0.6619601028626769,96.66566556954396,96.66566666666667,3199.464073530478,0.0007269771398163673,0.5671002281746333,0.2910653472107838,-2.730228601836327e-05
C,0.2,1,0.6619601028626769,6.116836484333682e-07,8.450117127192928e-06,6.116836484333682e-07,0.6619601028626769,96.66569890286596,96.66666666666667,3199.465176805002,-0.0004357953293543995,0.5671002281746333,0.29106534767799486,-0.00014357953293543996
C,0.2,1,0.6619667557460873,0.0,0.0,0.0,0.6619667557460873,96.66666666665277,96.66666666665947,3199.505986105629,0.0010000001801012937,0.5671004718475325,0.2910634690728757,6.693312570860144e-14
C,0.2,1,0.6619767557460873,0.0,0.0,0.0,0.6619767557460873,96.66666666665277,96.66666666665947,3199.5543194389616,0.0012600280356452737,0.5671013872748095,0.29105593023485393,6.693312570860144e-14
C,0.2,1,0.6619667557460873,1e-05,0.0,1e-05,0.6619667557460873,96.66666666665277,96.66666666665947,3199.5543194389616,0.001236717287551528,0.5671012643872276,0.2910567664663697,6.693312570860144e-14
C,0.2,1,0.6619667557460873,0.0,1e-05,0.0,0.6619667557460873,96.66666666665277,96.66666666665947,3199.530152772296,0.0011145199749719068,0.5671008468385802,0.29106025810928166,6.693312570860144e-14
C,0.2,1,0.6619667557460873,0.0,0.0,0.0,0.6619667557460873,96.66566666665277,96.66566666665948,3199.4728877678413,0.0007902777900759374,0.5671004718475325,0.29106345512204546,-2.0972220992406258e-05
C,0.2,1,0.6619667557460873,0.0,0.0,0.0,0.6619667557460873,96.6656999999861,96.66666666665947,3199.473991045768,-0.00037250881130600726,0.5671004718475325,0.29106345558704694,-0.00013725088113060072
C,0.2,1,0.9994954619482453,0.9893276951254489,0.9133687144781212,0.9893276951254489,0.9994954619482453,25.158416489060688,25.36192296784724,3076.254828610391,0.36821989949310513,0.6641814882143707,0.012114991693236363,0.002035064787865508
C,0.2,1,0.9995054619482453,0.9893276951254489,0.9133687144781212,0.9893276951254489,0.9995054619482453,25.158416489060688,25.36192296784724,3076.267407818636,0.3683639861662893,0.6641818856617269,0.012114755418485201,0.002035064787865508
C,0.2,1,0.9994954619482453,0.9893376951254489,0.9133687144781212,0.9893376951254489,0.9994954619482453,25.158416489060688,25.36192296784724,3076.267407818636,0.3683230205589541,0.6641817650954508,0.012114853276044389,0.002035064787865508
C,0.2,1,0.9994954619482453,0.9893276951254489,0.9133787144781211,0.9893276951254489,0.9994954619482453,25.158416489060688,25.36192296784724,3076.2611182145138,0.3682634737527161,0.6641816038255516,0.012114938872793156,0.002035064787865508
C,0.2,1,0.9994954619482453,0.9893276951254489,0.9133687144781212,0.9893276951254489,0.9994954619482453,25.15940846496571,25.36292296784724,3076.376122836879,0.36905260395861633,0.6641813854223411,0.012114991693236363,0.002035145028815286
C,0.2,1,0.9994954619482453,0.9893276951254489,0.9133687144781212,0.9893276951254489,0.9994954619482453,25.158670108290366,25.36192296784724,3076.2858399969887,0.3687586494898831,0.6641826795237831,0.012114991693236363,0.0020325285955687276
C,0.2,1,1.0,1.0,0.9108891730316726,1.0,1.0,24.287486784693225,24.295682711365362,2981.828897277495,-0.027321643616759164,0.6655510400554926,0.011969541086670976,-0.0028321643616759165
C,0.2,1,0.99999,1.0,0.9108891730316726,1.0,0.99999,24.287486784693225,24.295682711365362,2981.816753534102,-0.02746721599075525,0.6655506411590292,0.01196976844252218,-0.002846721599075525
C,0.2,1,1.0,0.99999,0.9108891730316726,0.99999,1.0,24.287486784693225,24.295682711365362,2981.816753534102,-0.027421205632168183,0.6655507730943647,0.011969673377985423,-0.0028421205632168183
C,0.2,1,1.0,1.0,0.9108991730316726,1.0,1.0,24.287486784693225,24.295682711365362,2981.8349691491912,-0.027280077264037413,0.6655511502754246,0.011969490831773606,-0.0028280077264037414
C,0.2,1,1.0,1.0,0.9108891730316726,1.0,1.0,24.288486447352355,24.296682711365364,2981.9516280907296,-0.026454361481096835,0.6655509129851318,0.011969558305511458,-0.0027454361481096838
C,0.2,1,1.0,1.0,0.9108891730316726,1.0,1.0,24.287729741520337,24.295682711365362,2981.858725628789,-0.02679533156025218,0.6655523120892438,0.011969544487066636,-0.002779533156025218
C,0.2,1,1.0,1.0,0.8961932892359753,1.0,1.0,24.378299904825766,24.378299904825766,2984.021709924749,0.0007064268323503852,0.6654295936843218,0.012046132797490571,-2.9357316764961477e-05
C,0.2,1,0.99999,1.0,0.8961932892359753,1.0,0.99999,24.378299904825766,24.378299904825766,2984.0095207747963,0.0005604799999745811,0.6654291934506671,0.012046362488661621,-4.395200000254189e-05
C,0.2,1,1.0,0.99999,0.8961932892359753,0.99999,1.0,24.378299904825766,24.378299904825766,2984.0095207747954,0.0006065804549692691,0.6654293257267793,0.01204626670211107,-3.934195450307309e-05
C,0.2,1,1.0,1.0,0.8962032892359753,1.0,1.0,24.378299904825766,24.378299904825766,2984.0278044997244,0.0007481498230330493,0.6654297044162009,0.012046081865450321,-2.5185017696695072e-05
C,0.2,1,1.0,1.0,0.8961932892359753,1.0,1.0,24.379299904825768,24.379299904825768,2984.14411475698,0.0015685275241975503,0.6654294962838998,0.012046165672640604,0.0
C,0.2,1,1.0,1.0,0.8961932892359753,1.0,1.0,24.37805612182672,24.378299904825766,2983.9918697076496,0.00017806940192796838,0.6654234965116924,0.012046124786897377,-8.219305980720315e-05
C,0.2,1,0.9999999999999675,0.9999999999999241,0.8402773510315535,0.9999999999999241,0.9999999999999675,24.649256177396296,24.649256177399515,2982.730909880514,-0.0018292170375063357,0.6647641347544655,0.012341640968156193,-0.0002829217037506336
C,0.2,1,0.9999899999999675,0.9999999999999241,0.8402773510315535,0.9999999999999241,0.9999899999999675,24.649256177396296,24.649256177399515,2982.7185852524253,-0.0019758046952068242,0.6647637315945653,0.012341878223880338,-0.0002975804695206824
C,0.2,1,0.9999999999999675,0.9999899999999241,0.8402773510315535,0.9999899999999241,0.9999999999999675,24.649256177396296,24.649256177399515,2982.7185852524253,-0.0019299889462949752,0.6647638636340247,0.012341780116346138,-0.00029299889462949753
C,0.2,1,0.9999999999999675,0.9999999999999241,0.8402873510315535,0.9999999999999241,0.9999999999999675,24.649256177396296,24.649256177399515,2982.737072194558,-0.0017869834433832156,0.6647642471027629,0.012341587829565825,-0.00027869834433832155
C,0.2,1,0.9999999999999675,0.9999999999999241,0.8402773510315535,0.9999999999999241,0.9999999999999675,24.650256177396297,24.650256177399516,2982.85191681429,-0.0009783931382329842,0.6647640684101611,0.012341649827152489,-0.00019783931382329843
C,0.2,1,0.9999999999999675,0.9999999999999241,0.8402773510315535,0.9999999999999241,0.9999999999999675,24.649009684834525,24.649256177399515,2982.7010825714156,-0.0023641773705942617,0.6647614913332847,0.012341638886636204,-0.0003364177370594262
C,0.2,1,1.0,1.0,0.5918572248374212,1.0,1.0,25.885700870699647,25.885700870699647,2971.5860640775622,-0.06699389059979947,0.6616941169005705,0.013822443818104728,-0.0067993890599799475
C,0.2,1,0.99999,1.0,0.5918572248374212,1.0,0.99999,25.885700870699647,25.885700870699647,2971.573121227127,-0.06714335654232151,0.661693700070467,0.013822717403124973,-0.006814335654232151
C,0.2,1,1.0,0.99999,0.5918572248374212,0.99999,1.0,25.885700870699647,25.885700870699647,2971.573121227127,-0.0670988137799563,0.6616938310848441,0.013822608518975599,-0.00680988137799563
C,0.2,1,1.0,1.0,0.5918672248374212,1.0,1.0,25.885700870699647,25.885700870699647,2971.5925355027803,-0.06694936366785352,0.6616942367554911,0.013822379831814063,-0.006794936366785352
C,0.2,1,1.0,1.0,0.5918572248374212,1.0,1.0,25.88670087069965,25.88670087069965,2971.7008605081833,-0.06620487887465118,0.6616939970630469,0.013822473806753718,-0.006720487887465118
C,0.2,1,1.0,1.0,0.5918572248374212,1.0,1.0,25.88544201369094,25.885700870699647,2971.556348216922,-0.06755544150970871,0.6616905627055782,0.013822439874274848,-0.006855544150970871
C,0.2,1,1.0,1.0,0.6162928378034583,1.0,1.0,25.833977435299104,25.833977435299104,2981.4301251636853,0.0007279125097905334,0.6619919410879429,0.013665682154666013,-2.720874902094666e-05
C,0.2,1,0.99999,1.0,0.6162928378034583,1.0,0.99999,25.833977435299104,25.833977435299104,2981.4172081749675,0.0005785603726877156,0.6619915248744541,0.013665954419325688,-4.214396273122844e-05
C,0.2,1,1.0,0.99999,0.6162928378034583,0.99999,1.0,25.833977435299104,25.833977435299104,2981.4172081749675,0.0006231565429500189,0.6619916559245745,0.01366584589276473,-3.7684345704998116e-05
C,0.2,1,1.0,1.0,0.6163028378034583,1.0,1.0,25.833977435299104,25.833977435299104,2981.4365836580437,0.0007723461314945543,0.6619920606098781,0.013665618585807417,-2.276538685054457e-05
C,0.2,1,1.0,1.0,0.6162928378034583,1.0,1.0,25.834977435299106,25.834977435299106,2981.5455324846303,0.0015230287228930092,0.661991855478382,0.013665687895284289,0.0
C,0.2,1,1.0,1.0,0.6162928378034583,1.0,1.0,25.833719095524753,25.833977435299104,2981.400310862434,0.00016719788554175042,0.6619896731023324,0.013665680671754343,-8.328021144582496e-05
C,0.2,1,0.9999999999999433,0.9999999999979771,0.6122747569676854,0.9999999999979771,0.9999999999999433,25.85677394668106,25.856773946749506,2981.4636442697306,0.0009754456020422969,0.6619417917369347,0.013691441948933849,-2.4554397957703124e-06
C,0.2,1,0.9999899999999433,0.9999999999979771,0.6122747569676854,0.9999999999979771,0.9999899999999433,25.85677394668106,25.856773946749506,2981.450715882757,0.0008260407311714012,0.6619413752664092,0.013691714896168739,-1.739592688285988e-05
C,0.2,1,0.9999999999999433,0.9999899999979771,0.6122747569676854,0.9999899999979771,0.9999999999999433,25.85677394668106,25.856773946749506,2981.450715882757,0.0008706136056482456,0.6619415062963356,0.013691606172440612,-1.2938639435175437e-05
C,0.2,1,0.9999999999999433,0.9999999999979771,0.6122847569676854,0.9999999999979771,0.9999999999999433,25.85677394668106,25.856773946749506,2981.470108463217,0.0010199212251849074,0.6619419114006279,0.013691378172737498,6.844658173577045e-13
C,0.2,1,0.9999999999999433,0.9999999999979771,0.6122747569676854,0.9999999999979771,0.9999999999999433,25.85777394668106,25.857773946749507,2981.578951138655,0.0017691169398403822,0.6619416935646354,0.013691451642551295,6.844658173577045e-13
C,0.2,1,0.9999999999999433,0.9999999999979771,0.6122747569676854,0.9999999999979771,0.9999999999999433,25.856515378941598,25.856773946749506,2981.4338296332885,0.0004143633150172969,0.6619389580159755,0.013691439443130586,-5.856366849827031e-05
C,0.2,1,0.9999999999999405,0.9999999999986978,0.6106374225287938,0.9999999999986978,0.9999999999999405,25.865980151861894,25.86598015190573,2981.466401462276,0.0009960543411410105,0.6619212719916429,0.01370198788680501,-3.945658858989492e-07
C,0.2,1,0.9999899999999405,0.9999999999986978,0.6106374225287938,0.9999999999986978,0.9999899999999405,25.865980151861894,25.86598015190573,2981.4534684722,0.0008466281862013857,0.6619208554170404,0.013702261110999875,-1.5337181379861433e-05
C,0.2,1,0.9999999999999405,0.9999899999986979,0.6106374225287938,0.9999899999986979,0.9999999999999405,25.865980151861894,25.86598015190573,2981.4534684722,0.0008911916605258939,0.6619209864389124,0.013702152307296435,-1.0880833947410612e-05
C,0.2,1,0.9999999999999405,0.9999999999986978,0.6106474225287938,0.9999999999986978,0.9999999999999405,25.865980151861894,25.86598015190573,2981.472867957314,0.0010405469158962341,0.6619213917126551,0.013701924026462767,4.383693408271938e-13
C,0.2,1,0.9999999999999405,0.9999999999986978,0.6106374225287938,0.9999999999986978,0.9999999999999405,25.866980151861895,25.866980151905732,2981.581667397839,0.001789139130435705,0.661921169545153,0.013701999221809504,4.383693408271938e-13
C,0.2,1,0.9999999999999405,0.9999999999986978,0.6106374225287938,0.9999999999986978,0.9999999999999405,25.865721492060377,25.86598015190573,2981.4365867982615,0.0004348235166197857,0.6619182070146027,0.013701984955779928,-5.651764833802143e-05
C,0.2,1,1.0,1.0,0.6106377860071921,1.0,1.0,25.865983087743587,25.865983087743587,2981.466974914339,0.0010000000131719655,0.6619212760430074,0.0137019855988664,0.0
C,0.2,1,0.99999,1.0,0.6106377860071921,1.0,0.99999,25.865983087743587,25.865983087743587,2981.454041922795,0.0008505738511958079,0.6619208594683744,0.013702258823163336,-1.4942614880419208e-05
C,0.2,1,1.0,0.99999,0.6106377860071921,0.99999,1.0,25.865983087743587,25.865983087743587,2981.4540419227947,0.0008951373226665581,0.6619209904902434,0.013702150019428911,-1.0486267733344188e-05
C,0.2,1,1.0,1.0,0.610647786007192,1.0,1.0,25.865983087743587,25.865983087743587,2981.473441410111,0.0010444925933671442,0.6619213957640376,0.013701921738494036,0.0
C,0.2,1,1.0,1.0,0.6106377860071921,1.0,1.0,25.866983087743588,25.866983087743588,2981.5822408589893,0.0017930847788318704,0.6619211735957463,0.013701996933531503,0.0
C,0.2,1,1.0,1.0,0.6106377860071921,1.0,1.0,25.865724427912713,25.865983087743587,2981.4371602445904,0.00043876920196812483,0.6619182109921004,0.01370198266792878,-5.612307980318752e-05
C,0.2,1,0.71737212307121,0.8458723529662333,0.9643773923843012,0.8458723529662333,0.71737212307121,32.04283712184599,32.12281686762769,3277.0740990686822,0.06747619449696111,0.6484645951839985,0.024590291767345313,0.0007997974578169931
C,0.2,1,0.71738212307121,0.8458723529662333,0.9643773923843012,0.8458723529662333,0.71738212307121,32.04283712184599,32.12281686762769,3277.090120487243,0.06763730997782665,0.6484650788095684,0.024589795596668438,0.0007997974578169931
C,0.2,1,0.71737212307121,0.8458823529662333,0.9643773923843012,0.8458823529662333,0.71737212307121,32.04283712184599,32.12281686762769,3277.090120487243,0.06760034764380482,0.6484649562603272,0.024589960896420734,0.0007997974578169931
C,0.2,1,0.71737212307121,0.8458723529662333,0.9643873923843012,0.8458723529662333,0.71737212307121,32.04283712184599,32.12281686762769,3277.0821097779626,0.06753137055011894,0.6484647533827951,0.02459015482877165,0.0007997974578169931
C,0.2,1,0.71737212307121,0.8458723529662333,0.9643773923843012,0.8458723529662333,0.71737212307121,32.0438346320349,32.12381686762769,3277.1761160901838,0.06815825290224602,0.6484646333824281,0.024590291767345313,0.0007998223559278727
C,0.2,1,0.71737212307121,0.8458723529662333,0.9643773923843012,0.8458723529662333,0.71737212307121,32.043158350014664,32.12281686762769,3277.1069516062853,0.06797037062498396,0.6484657853986424,0.024590291767345313,0.0007965851761302645
C,0.2,1,0.9999999999999987,0.9999999999999472,0.9781316937857274,0.9999999999999472,0.9999999999999987,22.290079109182706,22.307050566514597,2774.0737317602784,-1.5458966985006077,0.6666103377210034,0.011374115322934237,-0.15468966985006077
C,0.2,1,0.9999899999999987,0.9999999999999472,0.9781316937857274,0.9999999999999472,0.9999899999999987,22.290079109182706,22.307050566514597,2774.062586720724,-1.5460372008877064,0.6666099596015017,0.01137429009358234,-0.15470372008877062
C,0.2,1,0.9999999999999987,0.9999899999999472,0.9781316937857274,0.9999899999999472,0.9999999999999987,22.290079109182706,22.307050566514597,2774.062586720724,-1.5459892514364755,0.666610093330656,0.011374212281899972,-0.15469892514364753
C,0.2,1,0.9999999999999987,0.9999999999999472,0.9781416937857274,0.9999999999999472,0.9999999999999987,22.290079109182706,22.307050566514597,2774.079304280056,-1.5458589824519087,0.6666104363323233,0.011374079665611693,-0.15468589824519086
C,0.2,1,0.9999999999999987,0.9999999999999472,0.9781316937857274,0.9999999999999472,0.9999999999999987,22.291078348371354,22.3080505665146,2774.198090367145,-1.5449887618938913,0.6666100526047465,0.011374388899287692,-0.1545988761893891
C,0.2,1,0.9999999999999987,0.9999999999999472,0.9781316937857274,0.9999999999999472,0.9999999999999987,22.29030217968837,22.307050566514597,2774.101493619133,-1.5454141932085756,0.6666115093994283,0.011374119817445722,-0.15464141932085756
C,0.2,1,1.0,1.0,0.9622848427425406,1.0,1.0,24.036196849221064,24.036196849221064,2981.8613825516427,-0.024123347532057055,0.6661899570347422,0.011711499078873143,-0.0025123347532057055
C,0.2,1,0.99999,1.0,0.9622848427425406,1.0,0.99999,24.036196849221064,24.036196849221064,2981.8493644532177,-0.024268477988527107,0.6661895605153866,0.01171171937963485,-0.002526847798852711
C,0.2,1,1.0,0.99999,0.9622848427425406,0.99999,1.0,24.036196849221064,24.036196849221064,2981.8493644532173,-0.02422201364686548,0.6661896931269126,0.011711626513269404,-0.002522201364686548
C,0.2,1,1.0,1.0,0.9622948427425405,1.0,1.0,24.036196849221064,24.036196849221064,2981.8673916008547,-0.02408227462158575,0.6661900656943808,0.011711450858481973,-0.002508227462158575
C,0.2,1,1.0,1.0,0.9622848427425406,1.0,1.0,24.037196849221065,24.037196849221065,2981.9854396727114,-0.02324087393014,0.6661899121932923,0.011711509926525532,-0.002424087393014
C,0.2,1,1.0,1.0,0.9622848427425406,1.0,1.0,24.035956487252573,24.036196849221064,2981.8315639378175,-0.024645097102461735,0.6661876594790725,0.011711497607776709,-0.0025645097102461735
C,0.2,1,1.0,1.0,0.9374996528751621,1.0,1.0,24.180023628745083,24.180023628745083,2984.721456836052,-5.199405471654321e-05,0.6659093822007102,0.011835514158559804,-0.00010519940547165432
C,0.2,1,0.99999,1.0,0.9374996528751621,1.0,0.99999,24.180023628745083,24.180023628745083,2984.7093668242373,-0.00019746906911059187,0.6659089841172885,0.011835738412543026,-0.00011974690691105919
C,0.2,1,1.0,0.99999,0.9374996528751621,0.99999,1.0,24.180023628745083,24.180023628745083,2984.7093668242373,-0.00015115757731020096,0.6659091165793083,0.011835644305978289,-0.0001151157577310201
C,0.2,1,1.0,1.0,0.9375096528751621,1.0,1.0,24.180023628745083,24.180023628745083,2984.727501841959,-1.064731954906309e-05,0.665909491738357,0.011835464803644944,-0.00010106473195490632
C,0.2,1,1.0,1.0,0.9374996528751621,1.0,1.0,24.181023628745084,24.181023628745084,2984.844894327374,0.0008205525611909636,0.665909290893704,0.011835547523785206,-1.7944743880903642e-05
C,0.2,1,1.0,1.0,0.9374996528751621,1.0,1.0,24.179781828508794,24.180023628745083,2984.6916096214836,-0.0005760409933525352,0.6659032104249266,0.01183550610739504,-0.0001576040993352535
C,0.2,1,1.0,1.0,0.7913899509718236,1.0,1.0,24.873588761221225,24.873588761221225,2979.4765808780267,-0.020033736631334915,0.6641818755128247,0.012610322858154667,-0.0021033736631334917
C,0.2,1,0.99999,1.0,0.7913899509718236,1.0,0.99999,24.873588761221225,24.873588761221225,2979.4641440836463,-0.02018085118423124,0.6641814698898346,0.012610566437065585,-0.002118085118423124
C,0.2,1,1.0,0.99999,0.7913899509718236,0.99999,1.0,24.873588761221225,24.873588761221225,2979.4641440836463,-0.020135269693273228,0.6641816017325948,0.012610466414299191,-0.002113526969327323
C,0.2,1,1.0,1.0,0.7913999509718236,1.0,1.0,24.873588761221225,24.873588761221225,2979.482799275217,-0.01999108283258773,0.6641819892206684,0.012610267858384542,-0.0020991082832587733
C,0.2,1,1.0,1.0,0.7913899509718236,1.0,1.0,24.874588761221226,24.874588761221226,2979.5963656268013,-0.019195487033356988,0.6641817903812642,0.012610339821230714,-0.002019548703335699
C,0.2,1,1.0,1.0,0.7913899509718236,1.0,1.0,24.87334002533361,24.873588761221225,2979.446786112218,-0.02057342088654574,0.6641786001907536,0.012610319673830944,-0.002157342088654574
C,0.2,1,0.9999999999546587,0.999999999975137,0.5957640725603681,0.999999999975137,0.9999999999546587,25.89411107730995,25.89411107743929,2975.080634408819,-0.04295703092010805,0.6617399451844304,0.013797663004711521,-0.004395703092010805
C,0.2,1,0.9999899999546588,0.999999999975137,0.5957640725603681,0.999999999975137,0.9999899999546588,25.89411107730995,25.89411107743929,2975.0676873532807,-0.0431065180048006,0.6617395282713194,0.013797936929221514,-0.0044106518004800605
C,0.2,1,0.9999999999546587,0.999989999975137,0.5957640725603681,0.999989999975137,0.9999999999546587,25.89411107730995,25.89411107743929,2975.0676873532807,-0.04306198269668129,0.6617396592775542,0.01379782793694892,-0.004406198269668129
C,0.2,1,0.9999999999546587,0.999999999975137,0.5957740725603681,0.999999999975137,0.9999999999546587,25.89411107730995,25.89411107743929,2975.0871079365884,-0.04291248839010785,0.66174006508633,0.013797598921764758,-0.004391248839010785
C,0.2,1,0.9999999999546587,0.999999999975137,0.5957640725603681,0.999999999975137,0.9999999999546587,25.895111077309952,25.895111077439292,2975.19552851063,-0.04216755837147342,0.6617398254550575,0.013797689271131104,-0.004316755837147342
C,0.2,1,0.9999999999546587,0.999999999975137,0.5957640725603681,0.999999999975137,0.9999999999546587,25.89385213619918,25.89411107743929,2975.0508836024756,-0.043518717437608614,0.6617361764262043,0.013797658661927592,-0.0044518717437608615
C,0.2,1,0.9999999998819767,0.9999999999352532,0.6161540443310898,0.9999999999352532,0.9999999998819767,25.8347485781037,25.834748578434297,2981.4294780911655,0.0007243310637615884,0.6619902161555844,0.013666568980014471,-2.7566893623841164e-05
C,0.2,1,0.9999899998819768,0.9999999999352532,0.6161540443310898,0.9999999999352532,0.9999899998819768,25.8347485781037,25.834748578434297,2981.4165607168766,0.0005749771432884084,0.6619897999334104,0.013666841267665318,-4.250228567115916e-05
C,0.2,1,0.9999999998819767,0.9999899999352533,0.6161540443310898,0.9999899999352533,0.9999999998819767,25.8347485781037,25.834748578434297,2981.4165607168766,0.000619572524316845,0.6619899309828424,0.013666732734468437,-3.80427475683155e-05
C,0.2,1,0.9999999998819767,0.9999999999352532,0.6161640443310897,0.9999999999352532,0.9999999998819767,25.8347485781037,25.834748578434297,2981.4359367783104,0.0007687661067775308,0.6619903356823126,0.01366650540416907,-2.3123389322246925e-05
C,0.2,1,0.9999999998819767,0.9999999999352532,0.6161540443310898,0.9999999999352532,0.9999999998819767,25.835748578103683,25.8357485784343,2981.5448819422627,0.0015193978947815239,0.6619901300629654,0.013666574855601887,3.3061553494917462e-12
C,0.2,1,0.9999999998819767,0.9999999999352532,0.6161540443310898,0.9999999999352532,0.9999999998819767,25.834490230617913,25.834748578434297,2981.3996637963837,0.00016360400665894843,0.6619879293552421,0.013666567462206378,-8.363959933410515e-05
C,0.2,1,0.999999999755868,0.9999999998663438,0.611554193444465,0.9999999998663438,0.999999999755868,25.860803144385148,25.860803145117345,2981.462379169783,0.0009678234220028223,0.6619327695819902,0.013696079258846795,-3.217657799717776e-06
C,0.2,1,0.999989999755868,0.9999999998663438,0.611554193444465,0.9999999998663438,0.999989999755868,25.860803144385148,25.860803145117345,2981.449448768211,0.0008184092366077825,0.6619323530659199,0.013696352327099015,-1.8159076339221752e-05
C,0.2,1,0.999999999755868,0.9999899998663438,0.611554193444465,0.9999899998663438,0.999999999755868,25.860803144385148,25.860803145117345,2981.449448768211,0.0008629779954983564,0.6619324840923156,0.01369624356843357,-1.3702200450164363e-05
C,0.2,1,0.999999999755868,0.9999999998663438,0.611564193444465,0.9999999998663438,0.999999999755868,25.860803144385148,25.860803145117345,2981.468844370569,0.0010123064648111333,0.6619328892707708,0.013696015445878115,7.321965256323892e-12
C,0.2,1,0.999999999755868,0.9999999998663438,0.611554193444465,0.9999999998663438,0.999999999755868,25.861803144385114,25.861803145117346,2981.5776680245963,0.001761237334798259,0.6619326694914897,0.013696089672327253,7.322320527691773e-12
C,0.2,1,0.999999999755868,0.9999999998663438,0.611554193444465,0.9999999998663438,0.999999999755868,25.860544536353697,25.860803145117345,2981.4325645459903,0.0004066762161775242,0.6619298347499118,0.013696076566591503,-5.9332378382247586e-05
C,0.2,1,0.999999999938419,0.9999999999662795,0.6106378372199988,0.9999999999662795,0.999999999938419,25.865981275650096,25.86598127583454,2981.4667990351554,0.0009987891726772392,0.6619212768365952,0.01370198525352204,-1.210827322760833e-07
C,0.2,1,0.9999899999384191,0.9999999999662795,0.6106378372199988,0.9999999999662795,0.9999899999384191,25.865981275650096,25.86598127583454,2981.453866044518,0.0008493630149387461,0.6619208602619814,0.013702258477760389,-1.5063698506125392e-05
C,0.2,1,0.999999999938419,0.9999899999662796,0.6106378372199988,0.9999899999662796,0.999999999938419,25.865981275650096,25.86598127583454,2981.453866044518,0.000893926488208856,0.6619209912838525,0.013702149674043347,-1.06073511791144e-05
C,0.2,1,0.999999999938419,0.9999999999662795,0.6106478372199987,0.9999999999662795,0.999999999938419,25.865981275650096,25.86598127583454,2981.473265530474,0.0010432817494956824,0.6619213965576136,0.01370192139316737,1.844426833486068e-12
C,0.2,1,0.999999999938419,0.9999999999662795,0.6106378372199988,0.9999999999662795,0.999999999938419,25.86698127565009,25.86698127583454,2981.5820649810803,0.0017918740037347698,0.6619211743899698,0.013701996588127463,1.844497887759644e-12
C,0.2,1,0.999999999938419,0.9999999999662795,0.6106378372199988,0.9999999999662795,0.999999999938419,25.86572261583734,25.86598127583454,2981.4369843671648,0.0004375583906569659,0.6619182118311551,0.013701982322600035,-5.6244160934303406e-05
C,0.2,1,0.99999999999915,0.9999999999996418,0.6106377845216931,0.9999999999996418,0.99999999999915,25.865983096082022,25.865983096084506,2981.466974913317,0.0010000000005606843,0.6619212760243243,0.013701985608476352,2.4833468614815502e-14
C,0.2,1,0.9999899999991501,0.9999999999996418,0.6106377845216931,0.9999999999996418,0.9999899999991501,25.865983096082022,25.865983096084506,2981.454041921769,0.000850573838550206,0.661920859449691,0.013702258832773692,-1.49426161449794e-05
C,0.2,1,0.99999999999915,0.9999899999996419,0.6106377845216931,0.9999899999996419,0.99999999999915,25.865983096082022,25.865983096084506,2981.454041921769,0.0008951373100599614,0.6619209904715606,0.013702150029038957,-1.0486268994003864e-05
C,0.2,1,0.99999999999915,0.9999999999996418,0.6106477845216931,0.9999999999996418,0.99999999999915,25.865983096082022,25.865983096084506,2981.4734414090913,0.0010444925807652696,0.6619213957453545,0.013701921748104142,2.4833468614815502e-14
C,0.2,1,0.99999999999915,0.9999999999996418,0.6106377845216931,0.9999999999996418,0.99999999999915,25.866983096082024,25.866983096084507,2981.5822408579297,0.001793084765688124,0.6619211735770595,0.013701996943142957,2.4833468614815502e-14
C,0.2,1,0.99999999999915,0.9999999999996418,0.6106377845216931,0.9999999999996418,0.99999999999915,25.865724436251064,25.865983096084506,2981.437160243568,0.000438769185800306,0.6619182109731861,0.013701982677538343,-5.6123081419969404e-05
C,0.1,2,1.0,0.9999999999992228,0.6106377999040279,0.9999999999992228,1.0,25.865982950274446,25.86598295244842,2981.466968054207,0.022862811842701846,0.6618918601923139,0.013769100617886764,2.1739730016179236e-11
C,0.1,2,0.99999,0.9999999999992228,0.6106377999040279,0.9999999999992228,1.0,25.865982950274446,25.86598295244842,2981.4605015584693,0.02271891686103881,0.6618914560361973,0.013769378262924556,2.1739730016179236e-11
C,0.1,2,1.0,0.9999899999992229,0.6106377999040279,0.9999999999992228,1.0,25.865982950274446,25.86598295244842,2981.4605015584693,0.02277784790689231,0.661891626329719,0.013769245520808241,2.1739730016179236e-11
C,0.1,2,1.0,0.9999999999992228,0.6106477999040278,0.9999999999992228,1.0,25.865982950274446,25.86598295244842,2981.4734345499437,0.02290734369745393,0.6618919804900045,0.0137690340770013,2.1739730016179236e-11
C,0.1,2,1.0,0.9999999999992228,0.6106377999040279,0.9999899999992229,1.0,25.865982950274446,25.86598295244842,2981.4605015584693,0.02277784790690263,0.6618916263297194,0.013769245520808156,2.1739730016179236e-11
C,0.1,2,1.0,0.9999999999992228,0.6106377999040279,0.9999999999992228,0.99999,25.865982950274446,25.86598295244842,2981.4605015584693,0.02271891686100783,0.6618914560361985,0.013769378262924674,2.1739730016179236e-11
C,0.1,2,1.0,0.9999999999992228,0.6106377999040279,0.9999999999992228,1.0,25.866982950274362,25.86698295244842,2981.5822339991946,0.023655063926533684,0.661891740013251,0.013769107570530846,2.174058266746215e-11
C,0.1,2,1.0,0.9999999999992228,0.6106377999040279,0.9999999999992228,1.0,25.865724290444923,25.86598295244842,2981.4371533845238,0.022301605464215325,0.6618888233641596,0.013769098821008047,2.586620034961129e-06
C,0.1,2,1.0,1.0,0.6118694631743062,1.0,1.0,25.831464088972663,25.8314640889729,2978.283510525418,0.000973080125901579,0.6619105383763046,0.013760713587861455,-2.6919874098421064e-06
C,0.1,2,0.99999,1.0,0.6118694631743062,1.0,1.0,25.831464088972663,25.8314640889729,2978.2770526593954,0.0008292506707552505,0.6619101345596761,0.01376099010495653,-1.707493292447495e-05
C,0.1,2,1.0,0.99999,0.6118694631743062,1.0,1.0,25.831464088972663,25.8314640889729,2978.2770526593954,0.0008881907781143323,0.6619103048025912,0.013760857823972702,-1.1180922188566776e-05
C,0.1,2,1.0,1.0,0.6118794631743062,1.0,1.0,25.831464088972663,25.8314640889729,2978.28996839144,0.0010175483383807595,0.6619106584622716,0.013760647396756977,2.3803181647963358e-15
C,0.1,2,1.0,1.0,0.6118694631743062,0.99999,1.0,25.831464088972663,25.8314640889729,2978.2770526593963,0.0008881907780525587,0.6619103048025897,0.013760857823972704,-1.1180922194744137e-05
C,0.1,2,1.0,1.0,0.6118694631743062,1.0,0.99999,25.831464088972663,25.8314640889729,2978.2770526593963,0.0008292506707547389,0.6619101345596762,0.01376099010495699,-1.7074932924526114e-05
C,0.1,2,1.0,1.0,0.6118694631743062,1.0,1.0,25.832464088972664,25.832464088972902,2978.3988072619977,0.0017666332671754318,0.6619104346311638,0.013760719021222776,2.3803181647963358e-15
C,0.1,2,1.0,1.0,0.6118694631743062,1.0,1.0,25.83120577433177,25.8314640889729,2978.2537276903126,0.000412427057399875,0.6619083615664039,0.013760712185210747,-5.875729426001251e-05
C,0.1,2,1.0,0.9999999999999989,0.6133040576479063,1.0,1.0,25.823458997715086,25.823458997715086,2978.2867044165832,0.0009967643465218442,0.6619285675881957,0.01375118571617364,-3.235653478155789e-07
C,0.1,2,0.99999,0.9999999999999989,0.6133040576479063,1.0,1.0,25.823458997715086,25.823458997715086,2978.2802485518337,0.0008529497463807631,0.6619281638523473,0.013751461992880788,-1.4705025361923696e-05
C,0.1,2,1.0,0.9999899999999989,0.6133040576479063,1.0,1.0,25.823458997715086,25.823458997715086,2978.2802485518337,0.0009118921944085589,0.6619283340831141,0.013751329808941917,-8.810780559144113e-06
C,0.1,2,1.0,0.9999999999999989,0.6133140576479063,1.0,1.0,25.823458997715086,25.823458997715086,2978.293160281332,0.001041217815498276,0.6619286876240266,0.013751119600859146,0.0
C,0.1,2,1.0,0.9999999999999989,0.6133040576479063,0.99999,1.0,25.823458997715086,25.823458997715086,2978.2802485518337,0.0009118921943814763,0.6619283340831141,0.013751329808942126,-8.810780561852374e-06
C,0.1,2,1.0,0.9999999999999989,0.6133040576479063,1.0,0.99999,25.823458997715086,25.823458997715086,2978.2802485518337,0.0008529497463808856,0.6619281638523472,0.013751461992880881,-1.4705025361911445e-05
C,0.1,2,1.0,0.9999999999999989,0.6133040576479063,1.0,1.0,25.824458997715087,25.824458997715087,2978.402037018024,0.0017908306047851605,0.6619284696424798,0.013751189680145645,0.0
C,0.1,2,1.0,0.9999999999999989,0.6133040576479063,1.0,1.0,25.823200763125108,25.823458997715086,2978.2569215495387,0.0004362398602338412,0.6619265865169516,0.013751184693016602,-5.637601397661589e-05
C,0.1,2,0.9999999999999979,0.9999999999999931,0.6137344664472125,0.999999999999993,0.9999999999999936,25.821053555161605,25.82105355516205,2978.2871186856964,0.000999682158371266,0.6619339662079455,0.013748331535914052,-3.178416287340485e-08
C,0.1,2,0.9999899999999979,0.9999999999999931,0.6137344664472125,0.999999999999993,0.9999999999999936,25.821053555161605,25.82105355516205,2978.2806634223075,0.0008558720231427364,0.6619335624963207,0.013748607740683084,-1.4412797685726367e-05
C,0.1,2,0.9999999999999979,0.9999899999999932,0.6137344664472125,0.999999999999993,0.9999999999999936,25.821053555161605,25.82105355516205,2978.2806634223075,0.0009148151748837241,0.6619337327234565,0.013748475585785996,-8.518482511627596e-06
C,0.1,2,0.9999999999999979,0.9999999999999931,0.6137444664472125,0.999999999999993,0.9999999999999936,25.821053555161605,25.82105355516205,2978.293573949085,0.0010441311961619053,0.6619340862287251,0.013748265443280982,4.440892098500626e-15
C,0.1,2,0.9999999999999979,0.9999999999999931,0.6137344664472125,0.999989999999993,0.9999999999999936,25.821053555161605,25.82105355516205,2978.2806634223075,0.0009148151747850995,0.6619337327234557,0.013748475585785944,-8.518482521490051e-06
C,0.1,2,0.9999999999999979,0.9999999999999931,0.6137344664472125,0.999999999999993,0.9999899999999936,25.821053555161605,25.82105355516205,2978.2806634223075,0.0008558720230446931,0.6619335624963205,0.013748607740682846,-1.4412797695530688e-05
C,0.1,2,0.9999999999999979,0.9999999999999931,0.6137344664472125,0.999999999999993,0.9999999999999936,25.822053555161606,25.82205355516205,2978.4024620473574,0.0017939024074345275,0.6619338701717141,0.013748335064487699,4.440892098500626e-15
C,0.1,2,0.9999999999999979,0.9999999999999931,0.6137344664472125,0.999999999999993,0.9999999999999936,25.820795344626056,25.82105355516205,2978.2573358145096,0.0004391963173917774,0.6619320430163068,0.013748330625162753,-5.6080368260822266e-05
C,0.1,2,1.0,1.0,0.6137349601405401,1.0,1.0,25.821051192368,25.821051192368,2978.2871648451705,0.0009999999624233059,0.6619339723593705,0.013748328264632065,-3.7576694143434675e-12
C,0.1,2,0.99999,1.0,0.6137349601405401,1.0,1.0,25.821051192368,25.821051192368,2978.2807095823723,0.000856189831522894,0.6619335686477708,0.013748604469331243,-1.4381016847710605e-05
C,0.1,2,1.0,0.99999,0.6137349601405401,1.0,1.0,25.821051192368,25.821051192368,2978.2807095823723,0.0009151329839561787,0.6619337388749018,0.013748472314462072,-8.48670160438213e-06
C,0.1,2,1.0,1.0,0.61374496014054,1.0,1.0,25.821051192368,25.821051192368,2978.2936201079683,0.0010444489959190052,0.6619340923801362,0.013748262172020898,0.0
C,0.1,2,1.0,1.0,0.6137349601405401,0.99999,1.0,25.821051192368,25.821051192368,2978.2807095823723,0.0009151329839175411,0.6619337388749014,0.01374847231446233,-8.48670160824589e-06
C,0.1,2,1.0,1.0,0.6137349601405401,1.0,0.99999,25.821051192368,25.821051192368,2978.2807095823723,0.0008561898314961688,0.6619335686477703,0.01374860446933136,-1.4381016850383119e-05
C,0.1,2,1.0,1.0,0.6137349601405401,1.0,1.0,25.822051192368,25.822051192368,2978.4025082191743,0.001794220375820987,0.661933876325097,0.013748331792708552,0.0
C,0.1,2,1.0,1.0,0.6137349601405401,1.0,1.0,25.820792981856076,25.821051192368,2978.257381973522,0.00043951416004306984,0.6619320492242521,0.013748327354009101,-5.604858399569302e-05
C,0.025,4,1.0,1.0,0.6137349601405401,1.0,1.0,25.821051192368,25.821051192368,2978.2871648451705,0.016626510902120143,0.6618902140734031,0.012802339720303358,0.0
C,0.025,4,0.99999,1.0,0.6137349601405401,1.0,1.0,25.821051192368,25.821051192368,2978.2807095823723,0.016482656400885108,0.6618898088996829,0.012802606667287945,0.0
C,0.025,4,1.0,0.99999,0.6137349601405401,1.0,1.0,25.821051192368,25.821051192368,2978.2807095823723,0.016541587436561336,0.6618899797526002,0.01280247927081523,0.0
C,0.025,4,1.0,1.0,0.61374496014054,1.0,1.0,25.821051192368,25.821051192368,2978.2936201079683,0.01667099335489848,0.6618903344809531,0.012802275597532121,0.0
C,0.025,4,1.0,1.0,0.6137349601405401,0.99999,1.0,25.821051192368,25.821051192368,2978.2807095823723,0.016541587436570738,0.6618899797525999,0.012802479270815204,0.0
C,0.025,4,1.0,1.0,0.6137349601405401,1.0,0.99999,25.821051192368,25.821051192368,2978.2807095823723,0.01648265640083956,0.6618898088996829,0.012802606667287704,0.0
C,0.025,4,1.0,1.0,0.6137349601405401,1.0,1.0,25.822051192368,25.822051192368,2978.4025082191743,0.01741999162338953,0.6618900970520182,0.01280233973972841,0.0
C,0.025,4,1.0,1.0,0.6137349601405401,1.0,1.0,25.820792981856076,25.821051192368,2978.257381973522,0.016066053447224938,0.6618883222914227,0.01280233971529599,2.5821051192309595e-06
C,0.025,4,1.0,1.0,0.6148081108163009,1.0,1.0,25.795341496182683,25.795341496182683,2976.013778946504,0.0009865094552384045,0.6619071592363397,0.01279546409289492,-1.3490544761595543e-06
C,0.025,4,0.99999,1.0,0.6148081108163009,1.0,1.0,25.795341496182683,25.795341496182683,2976.0073301111292,0.0008427035633808249,0.6619067543141547,0.012795730218522988,-1.572964366191751e-05
C,0.025,4,1.0,0.99999,0.6148081108163009,1.0,1.0,25.795341496182683,25.795341496182683,2976.0073301111292,0.0009016414517245711,0.661906925128356,0.012795603157679619,-9.835854827542896e-06
C,0.025,4,1.0,1.0,0.6148181108163009,1.0,1.0,25.795341496182683,25.795341496182683,2976.020227781877,0.0010309445314455857,0.6619072794885072,0.01279540022488533,0.0
C,0.025,4,1.0,1.0,0.6148081108163009,0.99999,1.0,25.795341496182683,25.795341496182683,2976.0073301111292,0.0009016414517039404,0.6619069251283556,0.012795603157680104,-9.835854829605959e-06
C,0.025,4,1.0,1.0,0.6148081108163009,1.0,0.99999,25.795341496182683,25.795341496182683,2976.0073301111297,0.0008427035634604247,0.6619067543141571,0.012795730218522618,-1.5729643653957533e-05
C,0.025,4,1.0,1.0,0.6148081108163009,1.0,1.0,25.796341496182684,25.796341496182684,2976.1291491492743,0.0017804894251905157,0.6619070411258114,0.012795467568806246,0.0
C,0.025,4,1.0,1.0,0.6148081108163009,1.0,1.0,25.79508354276772,25.795341496182683,2975.984018808714,0.000426603180000132,0.6619052859039724,0.012795463197763594,-5.73396819999868e-05
C,0.025,4,0.9999999999999769,1.0,0.6222017716257259,1.0,1.0,25.753979876516553,25.753979876516553,2976.0022852911875,0.0009268269810470978,0.662001782698593,0.012748304795272928,-7.317301895290223e-06
C,0.025,4,0.999989999999977,1.0,0.6222017716257259,1.0,1.0,25.753979876516553,25.753979876516553,2975.9958467962188,0.0007830976405527077,0.6620013781946232,0.012748569670474694,-2.169023594472923e-05
C,0.025,4,0.9999999999999769,0.99999,0.6222017716257259,1.0,1.0,25.753979876516553,25.753979876516553,2975.9958467962188,0.0008420474122741028,0.6620015489430943,0.01274844311582316,-1.5795258772589718e-05
C,0.025,4,0.9999999999999769,1.0,0.6222117716257258,1.0,1.0,25.753979876516553,25.753979876516553,2976.008723786157,0.0009711860587127752,0.662001902693974,0.012748241320085691,-2.881394128722485e-06
C,0.025,4,0.9999999999999769,1.0,0.6222017716257259,0.99999,1.0,25.753979876516553,25.753979876516553,2975.9958467962188,0.0008420474125633024,0.6620015489430956,0.01274844311582297,-1.5795258743669764e-05
C,0.025,4,0.9999999999999769,1.0,0.6222017716257259,1.0,0.99999,25.753979876516553,25.753979876516553,2975.9958467962188,0.0007830976408493513,0.6620013781946169,0.012748569670474634,-2.1690235915064872e-05
C,0.025,4,0.9999999999999769,1.0,0.6222017716257259,1.0,1.0,25.754979876516554,25.754979876516554,2976.1178403354784,0.0017229656347468934,0.6620016675257914,0.012748305290320667,0.0
C,0.025,4,0.9999999999999769,1.0,0.6222017716257259,1.0,1.0,25.75372233671779,25.753979876516553,2975.9725252683347,0.0003677242574862729,0.6620002897913707,0.012748304667824981,-6.322757425137271e-05
C,0.025,4,0.9999999999999513,0.9999999999998871,0.6221936354341253,0.9999999999998878,0.9999999999999092,25.754117119254495,25.75411711929658,2976.0129058708444,0.0010000014715162017,0.662001668941956,0.012748356508901234,4.208544623907073e-13
C,0.025,4,0.9999899999999513,0.9999999999998871,0.6221936354341253,0.9999999999998878,0.9999999999999092,25.754117119254495,25.75411711929658,2976.0064673415645,0.0008562718723105831,0.6620012644366359,0.012748621388363959,-1.4372812768941695e-05
C,0.025,4,0.9999999999999513,0.9999899999998871,0.6221936354341253,0.9999999999998878,0.9999999999999092,25.754117119254495,25.75411711929658,2976.0064673415645,0.0009152216066725413,0.6620014351853174,0.012748494831972408,-8.477839332745869e-06
C,0.025,4,0.9999999999999513,0.9999999999998871,0.6222036354341253,0.9999999999998878,0.9999999999999092,25.754117119254495,25.75411711929658,2976.0193444001243,0.00104436080223757,0.6620017889381782,0.012748293032391904,4.208544623907073e-13
C,0.025,4,0.9999999999999513,0.9999999999998871,0.6221936354341253,0.9999899999998878,0.9999999999999092,25.754117119254495,25.75411711929658,2976.0064673415645,0.0009152216061181714,0.6620014351853161,0.012748494831973364,-8.47783938818286e-06
C,0.025,4,0.9999999999999513,0.9999999999998871,0.6221936354341253,0.9999999999998878,0.9999899999999092,25.754117119254495,25.75411711929658,2976.0064673415645,0.0008562718716916797,0.6620012644366281,0.01274862138836492,-1.4372812830832033e-05
C,0.025,4,0.9999999999999513,0.9999999999998871,0.6221936354341253,0.9999999999998878,0.9999999999999092,25.755117119254496,25.75511711929658,2976.1284607117304,0.001796134341079583,0.6620015544082554,0.012748357011969452,4.208544623907073e-13
C,0.025,4,0.9999999999999513,0.9999999999998871,0.6221936354341253,0.9999999999998878,0.9999999999999092,25.753859578083304,25.75411711929658,2975.983145741786,0.00044089646802046735,0.6620001735984689,0.01274835637939451,-5.591035319795327e-05
C,0.0125,8,0.9999999999999513,0.9999999999998871,0.6221936354341253,0.9999999999998878,0.9999999999999092,25.754117119254495,25.75411711929658,2976.0129058708444,0.004047562134677856,0.6619790937264456,0.012806204079773535,4.208544623907073e-13
C,0.0125,8,0.9999899999999513,0.9999999999998871,0.6221936354341253,0.9999999999998878,0.9999999999999092,25.754117119254495,25.75411711929658,2976.0064673415645,0.0039038239928615116,0.6619786888240423,0.012806471422377862,4.208544623907073e-13
C,0.0125,8,0.9999999999999513,0.9999899999998871,0.6221936354341253,0.9999999999998878,0.9999999999999092,25.754117119254495,25.75411711929658,2976.0064673415645,0.003962772787316666,0.6619788597676753,0.012806343683274409,4.208544623907073e-13
C,0.0125,8,0.9999999999999513,0.9999999999998871,0.6222036354341253,0.9999999999998878,0.9999999999999092,25.754117119254495,25.75411711929658,2976.0193444001243,0.00409192674213098,0.6619792138084176,0.01280614003421616,4.208544623907073e-13
C,0.0125,8,0.9999999999999513,0.9999999999998871,0.6221936354341253,0.9999899999998878,0.9999999999999092,25.754117119254495,25.75411711929658,2976.0064673415645,0.003962772786885897,0.6619788597676735,0.01280634368327513,4.208544623907073e-13
C,0.0125,8,0.9999999999999513,0.9999999999998871,0.6221936354341253,0.9999999999998878,0.9999899999999092,25.754117119254495,25.75411711929658,2976.0064673415645,0.0039038239924643514,0.6619786888240103,0.012806471422378823,4.208544623907073e-13
C,0.0125,8,0.9999999999999513,0.9999999999998871,0.6221936354341253,0.9999999999998878,0.9999999999999092,25.755117119254496,25.75511711929658,2976.1284607117304,0.0048436016833201985,0.6619789788381809,0.012806204079773535,4.208544623907073e-13
C,0.0125,8,0.9999999999999513,0.9999999999998871,0.6221936354341253,0.9999999999998878,0.9999999999999092,25.753859578083304,25.75411711929658,2975.983145741786,0.003488462876987669,0.6619776181858821,0.012806204079773535,2.575412132763688e-06
C,0.0125,8,1.0,0.9999999999999342,0.6223444445174736,0.9999999999999366,0.9999999999999354,25.749448229526045,25.749448229533776,2975.5704743283754,0.0009995946760643147,0.6619819719740422,0.012805237119408825,-4.053239356853304e-08
C,0.0125,8,0.99999,0.9999999999999342,0.6223444445174736,0.9999999999999366,0.9999999999999354,25.749448229526045,25.749448229533776,2975.564036966318,0.0008558655667621132,0.6619815670975567,0.012805504445211098,-1.4413443323788684e-05
C,0.0125,8,1.0,0.9999899999999342,0.6223444445174736,0.9999999999999366,0.9999999999999354,25.749448229526045,25.749448229533776,2975.564036966318,0.0009148155304252758,0.6619817380417813,0.012805376712862603,-8.518446957472424e-06
C,0.0125,8,1.0,0.9999999999999342,0.6223544445174736,0.9999999999999366,0.9999999999999354,25.749448229526045,25.749448229533776,2975.576911690433,0.0010439506041938513,0.6619820920345416,0.01280517307917184,7.73070496506989e-14
C,0.0125,8,1.0,0.9999999999999342,0.6223444445174736,0.9999899999999367,0.9999999999999354,25.749448229526045,25.749448229533776,2975.564036966318,0.000914815529547983,0.6619817380417787,0.012805376712864634,-8.518447045201705e-06
C,0.0125,8,1.0,0.9999999999999342,0.6223444445174736,0.9999999999999366,0.9999899999999354,25.749448229526045,25.749448229533776,2975.564036966318,0.0008558655659373705,0.6619815670975244,0.012805504445212336,-1.4413443406262955e-05
C,0.0125,8,1.0,0.9999999999999342,0.6223444445174736,0.9999999999999366,0.9999999999999354,25.750448229526047,25.750448229533777,2975.6860329394885,0.0017956658073724025,0.6619814743073491,0.012805238211995753,7.73070496506989e-14
C,0.0125,8,1.0,0.9999999999999342,0.6223444445174736,0.9999999999999366,0.9999999999999354,25.749190735043754,25.749448229533776,2975.540718623633,0.00044064152808322594,0.6619803239548254,0.012805236610674444,-5.593584719167741e-05
C,0.0125,8,1.0,0.9999999999956697,0.623806779629389,0.9999999999956688,0.999999999997558,25.741300578194583,25.74130058310118,2975.570003241205,0.0009973565253155515,0.6620004691378342,0.01279586825434203,-2.643474684448522e-07
C,0.0125,8,0.99999,0.9999999999956697,0.623806779629389,0.9999999999956688,0.999999999997558,25.741300578194583,25.74130058310118,2975.5635679160605,0.0008536425077385042,0.6620000643446006,0.012796135329978838,-1.4635749226149584e-05
C,0.0125,8,1.0,0.9999899999956697,0.623806779629389,0.9999999999956688,0.999999999997558,25.741300578194583,25.74130058310118,2975.5635679160605,0.000912594744645227,0.6620002352756156,0.012796007699150212,-8.740525535477306e-06
C,0.0125,8,1.0,0.9999999999956697,0.623816779629389,0.9999999999956688,0.999999999997558,25.741300578194583,25.74130058310118,2975.5764385663497,0.0010416975194449233,0.662000589147246,0.012795804292469506,4.906596018372511e-11
C,0.0125,8,1.0,0.9999999999956697,0.623806779629389,0.9999899999956688,0.999999999997558,25.741300578194583,25.74130058310118,2975.5635679160605,0.0009125947110678181,0.6620002352755283,0.01279600769921308,-8.740528893218193e-06
C,0.0125,8,1.0,0.9999999999956697,0.623806779629389,0.9999999999956688,0.999989999997558,25.741300578194583,25.74130058310118,2975.563567916061,0.0008536424739360463,0.6620000643444666,0.012796135330043057,-1.4635752606395375e-05
C,0.0125,8,1.0,0.9999999999956697,0.623806779629389,0.9999999999956688,0.999999999997558,25.742300578194392,25.74230058310118,2975.6855984106737,0.0017938434703380953,0.6620003535602611,0.012795868707400909,4.906787864911166e-11
C,0.0125,8,1.0,0.9999999999956697,0.623806779629389,0.9999999999956688,0.999999999997558,25.741043165188753,25.74130058310118,2975.540247541167,0.00043853289127685787,0.6619990007075414,0.012795868138035293,-5.614671087231422e-05
C,0.0125,8,1.0,0.9999999999999474,0.6238008069151865,0.999999999999945,0.999999999999946,25.74133713892967,25.74133713893616,2975.5703858513675,0.0010000004080905664,0.662000393216818,0.012795906473538838,6.490807891168515e-14
C,0.0125,8,0.99999,0.9999999999999474,0.6238008069151865,0.999999999999945,0.999999999999946,25.74133713892967,25.74133713893616,2975.563950517083,0.0008562862891986948,0.6619999884230582,0.012796173550343551,-1.4371371080130525e-05
C,0.0125,8,1.0,0.9999899999999474,0.6238008069151865,0.999999999999945,0.999999999999946,25.74133713892967,25.74133713893616,2975.563950517083,0.0009152385156607774,0.6620001593541728,0.012796045919067071,-8.476148433922263e-06
C,0.0125,8,1.0,0.9999999999999474,0.6238108069151864,0.999999999999945,0.999999999999946,25.74133713892967,25.74133713893616,2975.576821185652,0.001044341469696912,0.6620005132264324,0.012795842511320755,6.490807891168515e-14
C,0.0125,8,1.0,0.9999999999999474,0.6238008069151865,0.9999899999999451,0.999999999999946,25.74133713892967,25.74133713893616,2975.563950517083,0.0009152385148856998,0.6620001593542026,0.012796045919068874,-8.476148511430023e-06
C,0.0125,8,1.0,0.9999999999999474,0.6238008069151865,0.999999999999945,0.9999899999999461,25.74133713892967,25.74133713893616,2975.563950517083,0.0008562862885242672,0.6619999884230958,0.012796173550345803,-1.4371371147573278e-05
C,0.0125,8,1.0,0.9999999999999474,0.6238008069151865,0.999999999999945,0.999999999999946,25.74233713892967,25.74233713893616,2975.685980871541,0.0017964850854197576,0.662000277714638,0.012795906932581919,6.490807891168515e-14
C,0.0125,8,1.0,0.9999999999999474,0.6238008069151865,0.999999999999945,0.999999999999946,25.74107972555828,25.74133713893616,2975.540630147509,0.0004411761802247415,0.6619989240424129,0.012795906355697132,-5.588238197752585e-05
C,0.0125,8,0.9999999999999513,0.9999999999998871,0.6221936354341253,0.9999999999998878,0.9999999999999092,25.754117119254495,25.75411711929658,2976.0129058708444,0.004047562134677856,0.6619790937264456,0.012806204079773535,4.208544623907073e-13
C,0.0125,8,0.9999899999999513,0.9999999999998871,0.6221936354341253,0.9999999999998878,0.9999999999999092,25.754117119254495,25.75411711929658,2976.0064673415645,0.0039038239928615116,0.6619786888240423,0.012806471422377862,4.208544623907073e-13
C,0.0125,8,0.9999999999999513,0.9999899999998871,0.6221936354341253,0.9999999999998878,0.9999999999999092,25.754117119254495,25.75411711929658,2976.0064673415645,0.003962772787316666,0.6619788597676753,0.012806343683274409,4.208544623907073e-13
C,0.0125,8,0.9999999999999513,0.9999999999998871,0.6222036354341253,0.9999999999998878,0.9999999999999092,25.754117119254495,25.75411711929658,2976.0193444001243,0.00409192674213098,0.6619792138084176,0.01280614003421616,4.208544623907073e-13
C,0.0125,8,0.9999999999999513,0.9999999999998871,0.6221936354341253,0.9999899999998878,0.9999999999999092,25.754117119254495,25.75411711929658,2976.0064673415645,0.003962772786885897,0.6619788597676735,0.01280634368327513,4.208544623907073e-13
C,0.0125,8,0.9999999999999513,0.9999999999998871,0.6221936354341253,0.9999999999998878,0.9999899999999092,25.754117119254495,25.75411711929658,2976.0064673415645,0.0039038239924643514,0.6619786888240103,0.012806471422378823,4.208544623907073e-13
C,0.0125,8,0.9999999999999513,0.9999999999998871,0.6221936354341253,0.9999999999998878,0.9999999999999092,25.755117119254496,25.75511711929658,2976.1284607117304,0.0048436016833201985,0.6619789788381809,0.012806204079773535,4.208544623907073e-13
C,0.0125,8,0.9999999999999513,0.9999999999998871,0.6221936354341253,0.9999999999998878,0.9999999999999092,25.753859578083304,25.75411711929658,2975.983145741786,0.003488462876987669,0.6619776181858821,0.012806204079773535,2.575412132763688e-06
C,0.0125,8,1.0,0.9999999999999342,0.6223444445174736,0.9999999999999366,0.9999999999999354,25.749448229526045,25.749448229533776,2975.5704743283754,0.0009995946760643147,0.6619819719740422,0.012805237119408825,-4.053239356853304e-08
C,0.0125,8,0.99999,0.9999999999999342,0.6223444445174736,0.9999999999999366,0.9999999999999354,25.749448229526045,25.749448229533776,2975.564036966318,0.0008558655667621132,0.6619815670975567,0.012805504445211098,-1.4413443323788684e-05
C,0.0125,8,1.0,0.9999899999999342,0.6223444445174736,0.9999999999999366,0.9999999999999354,25.749448229526045,25.749448229533776,2975.564036966318,0.0009148155304252758,0.6619817380417813,0.012805376712862603,-8.518446957472424e-06
C,0.0125,8,1.0,0.9999999999999342,0.6223544445174736,0.9999999999999366,0.9999999999999354,25.749448229526045,25.749448229533776,2975.576911690433,0.0010439506041938513,0.6619820920345416,0.01280517307917184,7.73070496506989e-14
C,0.0125,8,1.0,0.9999999999999342,0.6223444445174736,0.9999899999999367,0.9999999999999354,25.749448229526045,25.749448229533776,2975.564036966318,0.000914815529547983,0.6619817380417787,0.012805376712864634,-8.518447045201705e-06
C,0.0125,8,1.0,0.9999999999999342,0.6223444445174736,0.9999999999999366,0.9999899999999354,25.749448229526045,25.749448229533776,2975.564036966318,0.0008558655659373705,0.6619815670975244,0.012805504445212336,-1.4413443406262955e-05
C,0.0125,8,1.0,0.9999999999999342,0.6223444445174736,0.9999999999999366,0.9999999999999354,25.750448229526047,25.750448229533777,2975.6860329394885,0.0017956658073724025,0.6619814743073491,0.012805238211995753,7.73070496506989e-14
C,0.0125,8,1.0,0.9999999999999342,0.6223444445174736,0.9999999999999366,0.9999999999999354,25.749190735043754,25.749448229533776,2975.540718623633,0.00044064152808322594,0.6619803239548254,0.012805236610674444,-5.593584719167741e-05
C,0.0125,8,1.0,0.9999999999956697,0.623806779629389,0.9999999999956688,0.999999999997558,25.741300578194583,25.74130058310118,2975.570003241205,0.0009973565253155515,0.6620004691378342,0.01279586825434203,-2.643474684448522e-07
C,0.0125,8,0.99999,0.9999999999956697,0.623806779629389,0.9999999999956688,0.999999999997558,25.741300578194583,25.74130058310118,2975.5635679160605,0.0008536425077385042,0.6620000643446006,0.012796135329978838,-1.4635749226149584e-05
C,0.0125,8,1.0,0.9999899999956697,0.623806779629389,0.9999999999956688,0.999999999997558,25.741300578194583,25.74130058310118,2975.5635679160605,0.000912594744645227,0.6620002352756156,0.012796007699150212,-8.740525535477306e-06
C,0.0125,8,1.0,0.9999999999956697,0.623816779629389,0.9999999999956688,0.999999999997558,25.741300578194583,25.74130058310118,2975.5764385663497,0.0010416975194449233,0.662000589147246,0.012795804292469506,4.906596018372511e-11
C,0.0125,8,1.0,0.9999999999956697,0.623806779629389,0.9999899999956688,0.999999999997558,25.741300578194583,25.74130058310118,2975.5635679160605,0.0009125947110678181,0.6620002352755283,0.01279600769921308,-8.740528893218193e-06
C,0.0125,8,1.0,0.9999999999956697,0.623806779629389,0.9999999999956688,0.999989999997558,25.741300578194583,25.74130058310118,2975.563567916061,0.0008536424739360463,0.6620000643444666,0.012796135330043057,-1.4635752606395375e-05
C,0.0125,8,1.0,0.9999999999956697,0.623806779629389,0.9999999999956688,0.999999999997558,25.742300578194392,25.74230058310118,2975.6855984106737,0.0017938434703380953,0.6620003535602611,0.012795868707400909,4.906787864911166e-11
C,0.0125,8,1.0,0.9999999999956697,0.623806779629389,0.9999999999956688,0.999999999997558,25.741043165188753,25.74130058310118,2975.540247541167,0.00043853289127685787,0.6619990007075414,0.012795868138035293,-5.614671087231422e-05
C,0.0125,8,1.0,0.9999999999999474,0.6238008069151865,0.999999999999945,0.999999999999946,25.74133713892967,25.74133713893616,2975.5703858513675,0.0010000004080905664,0.662000393216818,0.012795906473538838,6.490807891168515e-14
C,0.0125,8,0.99999,0.9999999999999474,0.6238008069151865,0.999999999999945,0.999999999999946,25.74133713892967,25.74133713893616,2975.563950517083,0.0008562862891986948,0.6619999884230582,0.012796173550343551,-1.4371371080130525e-05
C,0.0125,8,1.0,0.9999899999999474,0.6238008069151865,0.999999999999945,0.999999999999946,25.74133713892967,25.74133713893616,2975.563950517083,0.0009152385156607774,0.6620001593541728,0.012796045919067071,-8.476148433922263e-06
C,0.0125,8,1.0,0.9999999999999474,0.6238108069151864,0.999999999999945,0.999999999999946,25.74133713892967,25.74133713893616,2975.576821185652,0.001044341469696912,0.6620005132264324,0.012795842511320755,6.490807891168515e-14
C,0.0125,8,1.0,0.9999999999999474,0.6238008069151865,0.9999899999999451,0.999999999999946,25.74133713892967,25.74133713893616,2975.563950517083,0.0009152385148856998,0.6620001593542026,0.012796045919068874,-8.476148511430023e-06
C,0.0125,8,1.0,0.9999999999999474,0.6238008069151865,0.999999999999945,0.9999899999999461,25.74133713892967,25.74133713893616,2975.563950517083,0.0008562862885242672,0.6619999884230958,0.012796173550345803,-1.4371371147573278e-05
C,0.0125,8,1.0,0.9999999999999474,0.6238008069151865,0.999999999999945,0.999999999999946,25.74233713892967,25.74233713893616,2975.685980871541,0.0017964850854197576,0.662000277714638,0.012795906932581919,6.490807891168515e-14
C,0.0125,8,1.0,0.9999999999999474,0.6238008069151865,0.999999999999945,0.999999999999946,25.74107972555828,25.74133713893616,2975.540630147509,0.0004411761802247415,0.6619989240424129,0.012795906355697132,-5.588238197752585e-05
C,0.0125,8,0.97,0.9999999999999474,0.6238008069151865,0.979999999999945,0.999999999999946,25.74133713892967,25.74133713893616,2943.3937144277056,-0.46972044342870495,0.6606801654649996,0.013645505924317512,-0.047072044342870496
C,0.0125,8,0.9700099999999999,0.9999999999999474,0.6238008069151865,0.979999999999945,0.999999999999946,25.74133713892967,25.74133713893616,2943.40014976199,-0.4695767796142354,0.6606805703661809,0.013645240157813737,-0.04705767796142354
C,0.0125,8,0.97,0.9999899999999474,0.6238008069151865,0.979999999999945,0.999999999999946,25.74133713892967,25.74133713893616,2943.3872790934206,-0.46980518342805455,0.6606799314944931,0.013645644662649852,-0.04708051834280545
C,0.0125,8,0.97,0.9999999999999474,0.6238108069151864,0.979999999999945,0.999999999999946,25.74133713892967,25.74133713893616,2943.40014976199,-0.46967611175853924,0.660680285548258,0.013645442295117261,-0.047067611175853924
C,0.0125,8,0.97,0.9999999999999474,0.6238008069151865,0.980009999999945,0.999999999999946,25.74133713892967,25.74133713893616,2943.40014976199,-0.46970061800795115,0.6606802183296018,0.013645480808966803,-0.047070061800795114
C,0.0125,8,0.97,0.9999999999999474,0.6238008069151865,0.979999999999945,0.9999899999999461,25.74133713892967,25.74133713893616,2943.3872790934206,-0.4697259531854745,0.6606801509745548,0.013645512079689401,-0.04707259531854745
C,0.0125,8,0.97,0.9999999999999474,0.6238008069151865,0.979999999999945,0.999999999999946,25.74233713892967,25.74233713893616,2943.5080594478786,-0.46893203491737545,0.6606800133844697,0.013645610634716424,-0.046993203491737544
C,0.0125,8,0.97,0.9999999999999474,0.6238008069151865,0.979999999999945,0.999999999999946,25.74107972555828,25.74133713893616,2943.364280490561,-0.4702625067496173,0.6606787365920128,0.013645505599358135,-0.04712625067496173
C,0.0125,8,0.9999999999999376,1.0,0.6239737100815274,0.6243363679785439,0.43646954239632363,27.078933279521067,27.078933279521067,2494.4975373018997,-10.428356724646788,0.6289247545591806,0.03558149649771239,-1.0429356724646788
C,0.0125,8,0.974925614471165,0.999999999999956,0.6238291953931279,0.9216046022414329,0.9074755407692655,25.960953235819133,25.9609532358246,2873.770403687798,-1.8387374217631023,0.656314417444217,0.016434186480997905,-0.1839737421763102
C,0.0125,8,0.970942295027384,0.999999999999949,0.6238062377749819,0.968828664270751,0.9822996017339305,25.783350811993994,25.78335081200029,2930.1984062936262,-0.5005252359118533,0.6605042282245029,0.013723616847778296,-0.05015252359118533
C,0.0125,8,0.970952295027384,0.999999999999949,0.6238062377749819,0.968828664270751,0.9822996017339305,25.783350811993994,25.78335081200029,2930.204852131329,-0.5005197072204944,0.6605042427708719,0.013723610642694308,-0.050151970722049445
C,0.0125,8,0.970942295027384,0.9999899999999491,0.6238062377749819,0.968828664270751,0.9822996017339305,25.783350811993994,25.78335081200029,2930.191960455923,-0.5005451108081063,0.6605041752036793,0.013723642139871725,-0.05015451108081063
C,0.0125,8,0.970942295027384,0.999999999999949,0.6238162377749819,0.968828664270751,0.9822996017339305,25.783350811993994,25.78335081200029,2930.204852131329,-0.5004808275843943,0.6605043485751442,0.013723552828771317,-0.050148082758439426
C,0.0125,8,0.970942295027384,0.999999999999949,0.6238062377749819,0.9688386642707509,0.9822996017339305,25.783350811993994,25.78335081200029,2930.204852131329,-0.5004404075884976,0.6605044625651121,0.013723477378893525,-0.05014404075884976
C,0.0125,8,0.970942295027384,0.999999999999949,0.6238062377749819,0.968828664270751,0.9823096017339304,25.783350811993994,25.78335081200029,2930.204852131329,-0.5003814930062394,0.660504633582184,0.0137233498685743,-0.050138149300623935
C,0.0125,8,0.970942295027384,0.999999999999949,0.6238062377749819,0.968828664270751,0.9822996017339305,25.78435081199399,25.78435081200029,2930.312053213596,-0.4997407262383073,0.6605040688937324,0.013723732006420858,-0.05007407262383072
C,0.0125,8,0.970942295027384,0.999999999999949,0.6238062377749819,0.968828664270751,0.9822996017339305,25.783092978485872,25.78335081200029,2930.169104309563,-0.5010750402530827,0.6605026839006154,0.013723615819997762,-0.05020750402530827
C,0.0125,8,0.9999999999999847,0.9883886242696485,0.6228102144751905,0.999999999999986,0.9999999999999869,25.775841544407946,25.77584154440908,2971.438264931095,-0.07442879459567453,0.6617111432291041,0.012964798465409915,-0.007542879459567453
C,0.0125,8,0.9999899999999847,0.9883886242696485,0.6228102144751905,0.999999999999986,0.9999999999999869,25.775841544407946,25.77584154440908,2971.431820970709,-0.07457256588771459,0.6617107380639994,0.012965066385509075,-0.007557256588771459
C,0.0125,8,0.9999999999999847,0.9883986242696484,0.6228102144751905,0.999999999999986,0.9999999999999869,25.775841544407946,25.77584154440908,2971.444708891481,-0.07434396262395837,0.6617113774021305,0.012964658504954596,-0.007534396262395837
C,0.0125,8,0.9999999999999847,0.9883886242696485,0.6228202144751904,0.999999999999986,0.9999999999999869,25.775841544407946,25.77584154440908,2971.444708891481,-0.0743843916916166,0.6617112634635844,0.012964734224409134,-0.0075384391691616605
C,0.0125,8,0.9999999999999847,0.9883886242696485,0.6228102144751905,0.9999899999999861,0.9999999999999869,25.775841544407946,25.77584154440908,2971.431820970709,-0.07444866351145354,0.6617110902726496,0.012964823842520852,-0.007544866351145355
C,0.0125,8,0.9999999999999847,0.9883886242696485,0.6228102144751905,0.999999999999986,0.999989999999987,25.775841544407946,25.77584154440908,2971.431820970709,-0.07443432051282277,0.6617111287042062,0.012964804690379533,-0.007543432051282277
C,0.0125,8,0.9999999999999847,0.9883886242696485,0.6228102144751905,0.999999999999986,0.9999999999999869,25.776841544407947,25.77684154440908,2971.5535449020635,-0.0736353305202539,0.6617109646062356,0.012964815103608222,-0.00746353305202539
C,0.0125,8,0.9999999999999847,0.9883886242696485,0.6228102144751905,0.999999999999986,0.9999999999999869,25.775583785992502,25.77584154440908,2971.408550548446,-0.07498838196777177,0.6617097151194297,0.012964798451068672,-0.007598838196777177
C,0.0125,8,0.9999999999999649,0.9992655149884507,0.6228433448109961,0.9999999999999684,0.9999999999999761,25.754430212954105,25.754430212955477,2975.994501659485,0.0009515533060132417,0.6619696750924967,0.012812299076729613,-4.844669398675831e-06
C,0.0125,8,0.999989999999965,0.9992655149884507,0.6228433448109961,0.9999999999999684,0.9999999999999761,25.754430212954105,25.754430212955477,2975.9880630519315,0.0008078150350779558,0.6619692701674657,0.012812566551019967,-1.9218496492204427e-05
C,0.0125,8,0.9999999999999649,0.9992755149884507,0.6228433448109961,0.9999999999999684,0.9999999999999761,25.754430212954105,25.754430212955477,2976.000940267038,0.001036343114387957,0.661969909065676,0.012812159394851707,1.3713474800169933e-14
C,0.0125,8,0.9999999999999649,0.9992655149884507,0.6228533448109961,0.9999999999999684,0.9999999999999761,25.754430212954105,25.754430212955477,2976.000940267038,0.0009959183828199348,0.6619697951826746,0.01281223498995569,-4.081617180065264e-07
C,0.0125,8,0.9999999999999649,0.9992655149884507,0.6228433448109961,0.9999899999999684,0.9999999999999761,25.754430212954105,25.754430212955477,2975.9880630519315,0.0009317092214740887,0.6619696222202227,0.012812324381590755,-6.829077852591131e-06
C,0.0125,8,0.9999999999999649,0.9992655149884507,0.6228433448109961,0.9999999999999684,0.9999899999999762,25.754430212954105,25.754430212955477,2975.9880630519315,0.0009460369451816632,0.6619696605974961,0.012812305280788108,-5.39630548183368e-06
C,0.0125,8,0.9999999999999649,0.9992655149884507,0.6228433448109961,0.9999999999999684,0.9999999999999761,25.755430212954106,25.755430212955478,2976.1100543809803,0.0017475436145225783,0.6619695604213041,0.01281229965357937,1.3713474800169933e-14
C,0.0125,8,0.9999999999999649,0.9992655149884507,0.6228433448109961,0.9999999999999684,0.9999999999999761,25.754172668651975,25.754430212955477,2975.964741714469,0.0003924489245494233,0.6619681930087674,0.012812298928594902,-6.075510754505768e-05
C,0.0125,8,0.9999999999997553,0.9999999999998981,0.6216183325041762,0.9708147359446156,0.9999999999998331,25.826253981239184,25.826253981248865,2965.133570439671,-0.18901880569131457,0.6612762567433333,0.013220657639316588,-0.019001880569131456
C,0.0125,8,0.9999999999999237,0.9994100241011181,0.6226023249961515,0.9942578316154955,0.999999999999948,25.768561459829865,25.768561459832867,2973.866046671837,-0.03251803749716674,0.6618442763150759,0.012885405647958863,-0.0033518037497166737
C,0.0125,8,0.9999999999999559,0.9992972169267823,0.6227904706692492,0.9987403018075558,0.9999999999999699,25.757530279854624,25.757530279856354,2975.527921376519,-0.0026640208055887645,0.6619526788809904,0.012821758354738769,-0.00036640208055887646
C,0.0125,8,0.9999999999999609,0.9992796309427182,0.622819801488218,0.9994390929068777,0.9999999999999734,25.755810582890355,25.755810582891886,2975.786771503236,0.0009523821190143701,0.6619665986031914,0.012813673283426879,-4.7617880985629945e-06
C,0.0125,8,0.999989999999961,0.9992796309427182,0.622819801488218,0.9994390929068777,0.9999999999999734,25.755810582890355,25.755810582891886,2975.7803325505906,0.0008086412708746756,0.6619661936639984,0.012813940799807334,-1.9135872912532444e-05
C,0.0125,8,0.9999999999999609,0.9992896309427182,0.622819801488218,0.9994390929068777,0.9999999999999734,25.755810582890355,25.755810582891886,2975.793210455882,0.0010371749025356804,0.6619668325884059,0.012813533576496039,1.5312195955630158e-14
C,0.0125,8,0.9999999999999609,0.9992796309427182,0.622829801488218,0.9994390929068777,0.9999999999999734,25.755810582890355,25.755810582891886,2975.793210455882,0.000996749747068249,0.6619667187021527,0.012813609183436736,-3.250252931751062e-07
C,0.0125,8,0.9999999999999609,0.9992796309427182,0.622819801488218,0.9994490929068777,0.9999999999999734,25.755810582890355,25.755810582891886,2975.7932104558818,0.000972227847893362,0.6619666514806318,0.012813647972608776,-2.7772152106638068e-06
C,0.0125,8,0.9999999999999609,0.9992796309427182,0.622819801488218,0.9994390929068777,0.9999899999999734,25.755810582890355,25.755810582891886,2975.7803325505906,0.0009468651345582804,0.6619665841063805,0.012813679489147608,-5.3134865441719624e-06
C,0.0125,8,0.9999999999999609,0.9992796309427182,0.622819801488218,0.9994390929068777,0.9999999999999734,25.756810582890356,25.756810582891887,2975.9023099663696,0.0017482606169078438,0.6619664842574605,0.012813674111686258,1.5312195955630158e-14
C,0.0125,8,0.9999999999999609,0.9992796309427182,0.622819801488218,0.9994390929068777,0.9999999999999734,25.75555302478453,25.755810582891886,2975.757013635521,0.000393255751992648,0.6619650866767939,0.012813673070771966,-6.0674424800735206e-05
C,0.0125,8,1.0,1.0,0.6194812488605543,0.850997208107007,1.0,26.136956090775936,26.136956090775936,2921.1174783630227,-0.9794579276524458,0.6583566014864465,0.014989231451182205,-0.09804579276524458
C,0.0125,8,0.9999999999999682,0.9994156116195998,0.6221895986199443,0.97141841688168,0.9999999999999784,25.82775762674067,25.82775762674192,2965.687525379473,-0.18132785766796752,0.6612939664979802,0.01321002529607204,-0.018232785766796752
C,0.0125,8,0.9999999999999624,0.9993054785702865,0.6227000105781773,0.9941128361568701,0.9999999999999744,25.76948649947446,25.769486499475935,2973.874971598271,-0.03278685519031789,0.6618413937520579,0.012887079928281786,-0.003378685519031789
C,0.0125,8,0.9999999999999611,0.9992846686599257,0.6227964541722129,0.998401002458908,0.9999999999999736,25.7584760267545,25.75847602675602,2975.4144514088857,-0.004787060607792189,0.6619446351624322,0.012826495296230563,-0.0005787060607792189
C,0.0125,8,0.999999999999961,0.9992807555341433,0.6228145895657744,0.9992073554813372,0.9999999999999734,25.756405601465282,25.756405601466813,2975.7036690829,0.00047572762130518515,0.6619639395268189,0.012815117807807056,-5.242723786948149e-05
C,0.0125,8,0.9999899999999611,0.9992807555341433,0.6228145895657744,0.9992073554813372,0.9999999999999734,25.756405601465282,25.756405601466813,2975.697229981499,0.00047021036886325156,0.6619639250291652,0.012815124014213855,-5.2978963113674845e-05
C,0.0125,8,0.999999999999961,0.9992907555341433,0.6228145895657744,0.9992073554813372,0.9999999999999734,25.756405601465282,25.756405601466813,2975.7101081842998,0.0004955740544779699,0.6619639924064743,0.01281509249454849,-5.044259455220301e-05
C,0.0125,8,0.999999999999961,0.9992807555341433,0.6228245895657744,0.9992073554813372,0.9999999999999734,25.756405601465282,25.756405601466813,2975.7101081842998,0.0005200963414995894,0.6619640596295546,0.012815053702433526,-4.7990365850041064e-05
C,0.0125,8,0.999999999999961,0.9992807555341433,0.6228145895657744,0.9992173554813372,0.9999999999999734,25.756405601465282,25.756405601466813,2975.7101081842998,0.0005605216706101408,0.6619641735172969,0.012814978090752974,-4.394783293898592e-05
C,0.0125,8,0.999999999999961,0.9992807555341433,0.6228145895657744,0.9992073554813372,0.9999899999999734,25.756405601465282,25.756405601466813,2975.6972299814997,0.00033198572874519865,0.6619635345813435,0.012815385341038222,-6.680142712548014e-05
C,0.0125,8,0.999999999999961,0.9992807555341433,0.6228145895657744,0.9992073554813372,0.9999999999999734,25.757405601465283,25.757405601466814,2975.8192016504145,0.0012715517315642808,0.6619638249157024,0.012815118853461958,1.5312195955630158e-14
C,0.0125,8,0.999999999999961,0.9992807555341433,0.6228145895657744,0.9992073554813372,0.9999999999999734,25.75614803740927,25.756405601466813,2975.6739120462094,-8.340824529809698e-05,0.6619624144574558,0.012815117539348907,-0.0001083408245298097
C,0.0125,8,0.9999999999998425,0.999985353593801,0.6230096800139364,0.9999999999998211,0.9999999999998941,25.74577404531613,25.74577404532212,2975.5646386968015,0.0009009367720979845,0.6619900458532417,0.012801176530776835,-9.906322790201555e-06
C,0.0125,8,0.9999899999998425,0.999985353593801,0.6230096800139364,0.9999999999998211,0.9999999999998941,25.74577404531613,25.74577404532212,2975.55820225329,0.000757214426198136,0.6619896410141405,0.012801443742170524,-2.4278557380186402e-05
C,0.0125,8,0.9999999999998425,0.999995353593801,0.6230096800139364,0.9999999999998211,0.9999999999998941,25.74577404531613,25.74577404532212,2975.5710751403126,0.0009857081932455173,0.6619902797541447,0.012801037005024071,-1.4291806754482707e-06
C,0.0125,8,0.9999999999998425,0.999985353593801,0.6230196800139364,0.9999999999998211,0.9999999999998941,25.74577404531613,25.74577404532212,2975.5710751403126,0.0009452859934174508,0.6619901658907457,0.012801112526323894,-5.471400658254926e-06
C,0.0125,8,0.9999999999998425,0.999985353593801,0.6230096800139364,0.9999899999998212,0.9999999999998941,25.74577404531613,25.74577404532212,2975.558202253291,0.0008811029059700817,0.6619899930119515,0.012801201798579036,-1.1889709402991837e-05
C,0.0125,8,0.9999999999998425,0.999985353593801,0.6230096800139364,0.9999999999998211,0.9999899999998941,25.74577404531613,25.74577404532212,2975.55820225329,0.0008523245983469271,0.6619899062015219,0.012801276395612791,-1.4767540165307289e-05
C,0.0125,8,0.9999999999998425,0.999985353593801,0.6230096800139364,0.9999999999998211,0.9999999999998941,25.74677404531613,25.74677404532212,2975.6802135726416,0.001697130318359851,0.6619899300552325,0.012801177829091417,5.989875262457644e-14
C,0.0125,8,0.9999999999998425,0.999985353593801,0.6230096800139364,0.9999999999998211,0.9999999999998941,25.74551658757568,25.74577404532212,2975.534883050415,0.00034204193670531955,0.661988479633367,0.012801176197638627,-6.579580632946804e-05
C,0.0125,8,1.0,1.0,0.623091140204069,0.9999817231717373,1.0,25.745334307981988,25.745334307981988,2975.5639099442415,0.0008812983446094997,0.6619909894371866,0.01280070526675412,-1.1870165539050036e-05
C,0.0125,8,0.9999999999999115,0.9999917748211502,0.62304539351209,0.9999919871353168,0.9999999999999405,25.74558125717697,25.745581257180334,2975.564319410253,0.000944362699408054,0.661990604636787,0.012800878361522732,-5.563730059194606e-06
C,0.0125,8,0.9999899999999116,0.9999917748211502,0.62304539351209,0.9999919871353168,0.9999999999999405,25.74558125717697,25.745581257180334,2975.5578830149393,0.0008006407073124572,0.6619901997997323,0.012801145567114078,-1.993592926875428e-05
C,0.0125,8,0.9999999999999115,0.9999817748211502,0.62304539351209,0.9999919871353168,0.9999999999999405,25.74558125717697,25.745581257180334,2975.5578830149393,0.0008595916935705756,0.6619903707375439,0.012801017883694527,-1.4040830642942444e-05
C,0.0125,8,0.9999999999999115,0.9999917748211502,0.6230553935120899,0.9999919871353168,0.9999999999999405,25.74558125717697,25.745581257180334,2975.5707558055674,0.000988711565515906,0.6619907246730672,0.012800814358901224,-1.1288434484094025e-06
C,0.0125,8,0.9999999999999115,0.9999917748211502,0.62304539351209,0.9999819871353168,0.9999999999999405,25.74558125717697,25.745581257180334,2975.5578830149393,0.0008609704063775326,0.6619903745816469,0.012801015457895065,-1.3902959362246742e-05
C,0.0125,8,0.9999999999999115,0.9999917748211502,0.62304539351209,0.9999919871353168,0.9999899999999405,25.74558125717697,25.745581257180334,2975.5578830149393,0.0008020194200118399,0.6619902036438321,0.012801143141316371,-1.979805799881601e-05
C,0.0125,8,0.9999999999999115,0.9999917748211502,0.62304539351209,0.9999919871353168,0.9999999999999405,25.74658125717697,25.746581257180335,2975.67989513914,0.0017405694570490858,0.6619904890077178,0.012800879613608864,3.3644198538240746e-14
C,0.0125,8,0.9999999999999115,0.9999917748211502,0.62304539351209,0.9999919871353168,0.9999999999999405,25.7453238013644,25.745581257180334,2975.5345637670594,0.000385470932338142,0.6619890427324752,0.012800878040245187,-6.14529067661858e-05
C,0.0125,8,0.9999999999999427,0.999999999999724,0.6231767773418105,0.9999969086894815,0.9999999999999851,25.744780205474687,25.744780205478772,2975.564759965022,0.000948601047676599,0.6619924362132752,0.012799944711443004,-5.139895232340104e-06
C,0.0125,8,0.9999999999999275,0.9999959837648069,0.6231126245310565,0.9999945055662539,0.9999999999999634,25.745171347355466,25.745171347359197,2975.5645455717504,0.0009472124798600499,0.6619915438222945,0.01280039938585301,-5.278752013995009e-06
C,0.0125,8,0.9999999999999198,0.9999939854357273,0.6230807044790875,0.9999933098615386,0.9999999999999525,25.74536596500378,25.745365965007338,2975.5644383834233,0.000946516089265018,0.6619910997571277,0.012800625635396915,-5.348391073498201e-06
C,0.0125,8,0.9999999999999162,0.9999929953275992,0.62306488911453,0.9999927174281054,0.9999999999999472,25.745462391822272,25.74546239182574,2975.564385148448,0.0009461696801194061,0.6619908797252578,0.012800737739878693,-5.383031988059395e-06
C,0.0125,8,0.9999899999999162,0.9999929953275992,0.62306488911453,0.9999927174281054,0.9999999999999472,25.745462391822272,25.74546239182574,2975.5579487828504,0.0008042525110249588,0.6619904799209815,0.012801001766728794,-1.9574748897504126e-05
C,0.0125,8,0.9999999999999162,0.9999829953275993,0.62306488911453,0.9999927174281054,0.9999999999999472,25.745462391822272,25.74546239182574,2975.5579487828504,0.0008632035324629678,0.6619906508586075,0.012800874084782398,-1.3679646753703221e-05
C,0.0125,8,0.9999999999999162,0.9999929953275992,0.6230748891145299,0.9999927174281054,0.9999999999999472,25.745462391822272,25.74546239182574,2975.5708215140457,0.0009905183270279329,0.6619909997607925,0.012800673738399986,-9.481672972067164e-07
C,0.0125,8,0.9999999999999162,0.9999929953275992,0.62306488911453,0.9999827174281054,0.9999999999999472,25.745462391822272,25.74546239182574,2975.5579487828504,0.0008613989298924034,0.6619906458270444,0.01280087725988075,-1.3860107010759662e-05
C,0.0125,8,0.9999999999999162,0.9999929953275992,0.62306488911453,0.9999927174281054,0.9999899999999472,25.745462391822272,25.74546239182574,2975.55794878285,0.0008024479086431215,0.6619904748893917,0.012801004941824236,-1.975520913568785e-05
C,0.0125,8,0.9999999999999162,0.9999929953275992,0.62306488911453,0.9999927174281054,0.9999999999999472,25.746462391822273,25.74646239182574,2975.6799614134948,0.0017423841682723772,0.6619907641958949,0.012800738969198866,3.467448550509289e-14
C,0.0125,8,0.9999999999999162,0.9999929953275992,0.62306488911453,0.9999927174281054,0.9999999999999472,25.745204937198352,25.74546239182574,2975.534629504596,0.00038727980058134924,0.6619893204816445,0.012800737424441898,-6.127201994186509e-05
C,0.0125,8,1.0,0.9999999999998507,0.6233552136906702,0.9999999999998216,1.0,25.74376238523608,25.74376238523608,2975.563951094664,0.0009556096122620231,0.6619947667664074,0.012798758751898679,-4.4390387737976875e-06
C,0.0125,8,0.99999,0.9999999999998507,0.6233552136906702,0.9999999999998216,1.0,25.74376238523608,25.74376238523608,2975.557515154068,0.0008118909933505925,0.661994361947863,0.01279902590192313,-1.8810900664940748e-05
C,0.0125,8,1.0,0.9999899999998507,0.6233552136906702,0.9999999999998216,1.0,25.74376238523608,25.74376238523608,2975.557515154068,0.0008708425065010316,0.6619945328827923,0.012798898241012187,-1.2915749349896844e-05
C,0.0125,8,1.0,0.9999999999998507,0.6233652136906701,0.9999999999998216,1.0,25.74376238523608,25.74376238523608,2975.5703870352604,0.0009999551474003652,0.6619948867912823,0.012798694766687328,-4.4852599634815495e-09
C,0.0125,8,1.0,0.9999999999998507,0.6233552136906702,0.9999899999998216,1.0,25.74376238523608,25.74376238523608,2975.557515154068,0.0008708425063530702,0.6619945328827939,0.012798898241012267,-1.2915749364692983e-05
C,0.0125,8,1.0,0.9999999999998507,0.6233552136906702,0.9999999999998216,0.99999,25.74376238523608,25.74376238523608,2975.557515154068,0.0008118909931967943,0.6619943619478645,0.012799025901922785,-1.8810900680320566e-05
C,0.0125,8,1.0,0.9999999999998507,0.6233552136906702,0.9999999999998216,1.0,25.74476238523608,25.74476238523608,2975.679534975006,0.0017519345347108907,0.6619946523518955,0.012798759662539544,0.0
C,0.0125,8,1.0,0.9999999999998507,0.6233552136906702,0.9999999999998216,1.0,25.743504947612227,25.74376238523608,2975.5341954551527,0.0003967467478127662,0.6619932454377797,0.01279875851821504,-6.0325325218723373e-05
C,0.0125,8,0.9999999999999999,1.0,0.6234057512973152,1.0,0.9999999999999866,25.743536696807716,25.743536696807716,2975.5703905688483,0.000999993489774318,0.661995399129398,0.012798435192209115,-6.51022568211139e-10
C,0.0125,8,0.9999899999999999,1.0,0.6234057512973152,1.0,0.9999999999999866,25.743536696807716,25.743536696807716,2975.563954684674,0.0008562752868474529,0.661994994313233,0.012798702335480146,-1.4372471315254713e-05
C,0.0125,8,0.9999999999999999,0.99999,0.6234057512973152,1.0,0.9999999999999866,25.743536696807716,25.743536696807716,2975.563954684674,0.0009152268682235233,0.6619951652478402,0.012798574677293973,-8.477313177647668e-06
C,0.0125,8,0.9999999999999999,1.0,0.6234157512973152,1.0,0.9999999999999866,25.743536696807716,25.743536696807716,2975.5768264530225,0.0010443386087025134,0.6619955191528508,0.012798371209127477,0.0
C,0.0125,8,0.9999999999999999,1.0,0.6234057512973152,0.99999,0.9999999999999866,25.743536696807716,25.743536696807716,2975.5639546846737,0.0009152268680823455,0.661995165247831,0.012798574677294014,-8.477313191765454e-06
C,0.0125,8,0.9999999999999999,1.0,0.6234057512973152,1.0,0.9999899999999866,25.743536696807716,25.743536696807716,2975.563954684674,0.0008562752866304697,0.6619949943132685,0.012798702335480746,-1.4372471336953036e-05
C,0.0125,8,0.9999999999999999,1.0,0.6234057512973152,1.0,0.9999999999999866,25.744536696807717,25.744536696807717,2975.685975712631,0.001796334965683572,0.6619952848049258,0.012798436051256796,0.0
C,0.0125,8,0.9999999999999999,1.0,0.6234057512973152,1.0,0.9999999999999866,25.743279261440748,25.743536696807716,2975.5406348649426,0.0004411342174802285,0.6619938827929841,0.012798434971761127,-5.588657825197715e-05
C,0.0125,8,0.9999999998174106,1.0,0.6235984305119484,1.0,0.9999999998117185,25.742463499665458,25.74246350077829,2975.57034562543,0.0009997223171873159,0.6619978343723131,0.012797201660636763,-2.776828126841314e-08
C,0.0125,8,0.9999899998174107,1.0,0.6235984305119484,1.0,0.9999999998117185,25.742463499665458,25.74246350077829,2975.563910009555,0.0008560061852140593,0.6619974295673434,0.012797468771239728,-1.4399381478594067e-05
C,0.0125,8,0.9999999998174106,0.99999,0.6235984305119484,1.0,0.9999999998117185,25.742463499665458,25.74246350077829,2975.563910009555,0.0009149580812468937,0.6619976005002307,0.01279734112622023,-8.504191875310637e-06
C,0.0125,8,0.9999999998174106,1.0,0.6236084305119484,1.0,0.9999999998117185,25.742463499665458,25.74246350077829,2975.5767812413046,0.0010440654572842715,0.6619979543890282,0.012797137687762201,1.1128307164653962e-11
C,0.0125,8,0.9999999998174106,1.0,0.6235984305119484,0.99999,0.9999999998117185,25.742463499665458,25.74246350077829,2975.563910009555,0.0009149580025007648,0.6619976005000063,0.012797341126368041,-8.504199749923523e-06
C,0.0125,8,0.9999999998174106,1.0,0.6235984305119484,1.0,0.9999899998117185,25.742463499665458,25.74246350077829,2975.5639100095555,0.000856006106808994,0.6619974295670958,0.012797468771386862,-1.43993893191006e-05
C,0.0125,8,0.9999999998174106,1.0,0.6235984305119484,1.0,0.9999999998117185,25.743463499665413,25.74346350077829,2975.6859355861784,0.0017961336778519212,0.6619977200703738,0.012797202323428406,1.1128769017432204e-11
C,0.0125,8,0.9999999998174106,1.0,0.6235984305119484,1.0,0.9999999998117185,25.74220607503045,25.74246350077829,2975.5405899219722,0.0004408801250801561,0.6619963414935555,0.012797201490531011,-5.591198749198439e-05
C,0.0125,8,0.9999999998788994,1.0,0.6237704829677079,1.0,0.9999999998751165,25.74150570794414,25.741505708682546,2975.5703568301224,0.0009998018542192628,0.6620000096533898,0.01279610051777978,-1.981457807371731e-08
C,0.0125,8,0.9999999998485783,1.0,0.6236856414760821,1.0,0.999999999843854,25.74197800854541,25.74197800946844,2975.570352334677,0.0009997738924944963,0.6619989368134467,0.012796643466664787,-2.261075055037202e-08
C,0.0125,8,0.9999999998340126,1.0,0.6236448846134175,1.0,0.9999999998288359,25.74220489624355,25.742204897255277,2975.5703494626982,0.000999752670980633,0.6619984215695577,0.012796904320754927,-2.4732901936696737e-08
C,0.0125,8,0.9999999998264754,1.0,0.6236237948434219,1.0,0.9999999998210648,25.742322300014486,25.742322301072118,2975.5703477950574,0.0009997397049502914,0.6619981549791221,0.01279703930763921,-2.6029504970859727e-08
C,0.0125,8,0.9999999998224252,1.0,0.6236124616783085,1.0,0.9999999998168887,25.74238539014403,25.742385391226325,2975.5703468477654,0.0009997321778770073,0.6619980117250475,0.012797111848535533,-2.6782212299270547e-08
C,0.0125,8,0.9999899998224252,1.0,0.6236124616783085,1.0,0.9999999998168887,25.74238539014403,25.742385391226325,2975.563911251418,0.0008560161885310154,0.6619976069208713,0.012797378956782856,-1.4398381146898465e-05
C,0.0125,8,0.9999999998224252,0.99999,0.6236124616783085,1.0,0.9999999998168887,25.74238539014403,25.742385391226325,2975.563911251418,0.0009149681075954371,0.6619977778536281,0.012797251312717726,-8.503189240456296e-06
C,0.0125,8,0.9999999998224252,1.0,0.6236224616783085,1.0,0.9999999998168887,25.74238539014403,25.742385391226325,2975.5767824441136,0.0010440751736858372,0.6619981317412551,0.012797047876402961,1.0822951423961058e-11
C,0.0125,8,0.9999999998224252,1.0,0.6236124616783085,0.99999,0.9999999998168887,25.74238539014403,25.742385391226325,2975.563911251418,0.0009149680311873758,0.6619977778533952,0.01279725131286216,-8.503196881262425e-06
C,0.0125,8,0.9999999998224252,1.0,0.6236124616783085,1.0,0.9999899998168887,25.74238539014403,25.742385391226325,2975.563911251418,0.000856016112160283,0.6619976069206644,0.012797378956927301,-1.4398388783971698e-05
C,0.0125,8,0.9999999998224252,1.0,0.6236124616783085,1.0,0.9999999998168887,25.743385390143985,25.743385391226326,2975.685937159293,0.0017961486245108857,0.661997897391756,0.012797112497123474,1.0823413276739302e-11
C,0.0125,8,0.9999999998224252,1.0,0.6236124616783085,1.0,0.9999999998168887,25.74212796629012,25.742385391226325,2975.5405911442963,0.0004408912302184531,0.6619965205283279,0.012797111682073162,-5.5910876978154686e-05
C,0.0125,8,0.9999999998234168,1.0,0.6237703086462628,1.0,0.9999999998179019,25.741506612874502,25.741506613951188,2975.570349179939,0.0009997483388526462,0.6620000074518234,0.012796101634810621,-2.5166114735381864e-08
C,0.0125,8,0.9999999998229212,1.0,0.6236914170864132,1.0,0.9999999998173955,25.741945823778916,25.741945824858405,2975.570348881277,0.0009997497405848526,0.6619990098355988,0.012796606503539608,-2.502594151473827e-08
C,0.0125,8,0.9999999998226812,1.0,0.6236532091352617,1.0,0.9999999998171503,25.742158537899574,25.74215853898042,2975.570348113913,0.000999743611117818,0.6619985268027242,0.012796851040663387,-2.5638888218200948e-08
C,0.0125,8,0.9999999998225594,1.0,0.6236338191689915,1.0,0.9999999998170258,25.74226648714837,25.7422664882299,2975.570347569046,0.0009997388008984758,0.6619982816927087,0.012796975145683913,-2.6119910152421107e-08
C,0.0125,8,0.9999999998224961,1.0,0.6236237455411977,1.0,0.9999999998169611,25.742322569791202,25.7423225708731,2975.5703472446626,0.0009997358499265376,0.6619981543561385,0.012797039623316292,-2.6415007346237453e-08
C,0.0125,8,0.9999999998224628,1.0,0.6236184481217664,1.0,0.9999999998169271,25.742352061974948,25.742352063057034,2975.5703470627454,0.0009997341743332197,0.6619980873949078,0.012797073530618177,-2.6582566678033312e-08
C,0.0125,8,0.9999999998224451,1.0,0.6236156446736111,1.0,0.9999999998169091,25.74236766953807,25.742367670620254,2975.570346963312,0.000999733253076668,0.6619980519586461,0.012797091474828586,-2.6674692333206357e-08
C,0.0125,8,0.9999999998224358,1.0,0.6236141560885785,1.0,0.9999999998168996,25.74237595689834,25.742375957980574,2975.570346909627,0.0009997327540568176,0.6619980331426261,0.012797101002945873,-2.67245943182462e-08
C,0.0125,8,0.9999999998224308,1.0,0.6236133642130053,1.0,0.9999999998168945,25.742380365486365,25.742380366568636,2975.5703468808147,0.0009997324858773598,0.6619980231331998,0.012797106071583117,-2.675141226402694e-08
C,0.0125,8,0.9999999998224282,1.0,0.6236129425817137,1.0,0.9999999998168918,25.742382712823158,25.74238271390544,2975.5703468654037,0.0009997323422871692,0.6619980178037287,0.012797108770363462,-2.6765771283078847e-08
C,0.0125,8,0.9999999998224268,1.0,0.6236127179601506,1.0,0.9999999998168904,25.74238396335287,25.742383964435163,2975.5703468571733,0.0009997322655949377,0.6619980149644805,0.012797110208123614,-2.677344050623469e-08
C,0.0125,8,0.9999899998224269,1.0,0.6236127179601506,1.0,0.9999999998168904,25.74238396335287,25.742383964435163,2975.5639112611825,0.0008560162789187424,0.661997610160316,0.012797377316327737,-1.4398372108125762e-05
C,0.0125,8,0.9999999998224268,0.99999,0.6236127179601506,1.0,0.9999999998168904,25.74238396335287,25.742383964435163,2975.5639112611825,0.0009149681983500802,0.6619977810930718,0.01279724967228027,-8.50318016499198e-06
C,0.0125,8,0.9999999998224268,1.0,0.6236227179601506,1.0,0.9999999998168904,25.74238396335287,25.742383964435163,2975.576782453164,0.0010440752586679347,0.6619981349806962,0.012797046236003728,1.082291589682427e-11
C,0.0125,8,0.9999999998224268,1.0,0.6236127179601506,0.99999,0.9999999998168904,25.74238396335287,25.742383964435163,2975.5639112611825,0.0009149681218394448,0.6619977810928287,0.012797249672424587,-8.503187816055519e-06
C,0.0125,8,0.9999999998224268,1.0,0.6236127179601506,1.0,0.9999899998168904,25.74238396335287,25.742383964435163,2975.5639112611825,0.0008560162024342022,0.6619976101601118,0.01279737731647244,-1.4398379756579778e-05
C,0.0125,8,0.9999999998224268,1.0,0.6236127179601506,1.0,0.9999999998168904,25.743383963352834,25.74338396443516,2975.685937175109,0.0017961488051457634,0.661997900630584,0.012797110856452229,1.082327116819215e-11
C,0.0125,8,0.9999999998224268,1.0,0.6236127179601506,1.0,0.9999999998168904,25.742126539513233,25.742383964435163,2975.540591153704,0.0004408913406774774,0.6619965237984358,0.012797110041727762,-5.591086593225226e-05
C,0.0125,8,0.9999999999336386,1.0,0.6237654990036838,1.0,0.9999999999315735,25.741533543588694,25.74153354399359,2975.570367170545,0.0009998743377888893,0.6619999466101838,0.01279613240929217,-1.2566221111072473e-08
C,0.0125,8,0.9999999998791687,1.0,0.6236906689921801,1.0,0.9999999998754033,25.741950067257246,25.741950067993912,2975.5703580330537,0.000999813627261488,0.6619990003726649,0.012796611289772847,-1.8637273851204033e-08
C,0.0125,8,0.9999999998532999,1.0,0.6236551309231613,1.0,0.9999999998487271,25.74214788156441,25.742147882458642,2975.57035314769,0.0009997788277845542,0.661998551094349,0.01279683873969175,-2.2117221544579875e-08
C,0.0125,8,0.9999899998533,1.0,0.6236551309231613,1.0,0.9999999998487271,25.74214788156441,25.742147882458642,2975.56391761072,0.0008560632661266507,0.6619981462925397,0.012797105840793667,-1.4393673387334935e-05
C,0.0125,8,0.9999999998532999,0.99999,0.6236551309231613,1.0,0.9999999998487271,25.74214788156441,25.742147882458642,2975.56391761072,0.0009150152547465014,0.6619983172249411,0.012796978199631976,-8.498474525349863e-06
C,0.0125,8,0.9999999998532999,1.0,0.6236651309231612,1.0,0.9999999998487271,25.74214788156441,25.742147882458642,2975.57678868466,0.001044121385335231,0.6619986711090602,0.012796774769808303,8.942322438088013e-12
C,0.0125,8,0.9999999998532999,1.0,0.6236551309231613,0.99999,0.9999999998487271,25.74214788156441,25.742147882458642,2975.5639176107193,0.000915015191670039,0.6619983172247446,0.012796978199751003,-8.498480832996099e-06
C,0.0125,8,0.9999999998532999,1.0,0.6236551309231613,1.0,0.9999899998487272,25.74214788156441,25.742147882458642,2975.56391761072,0.000856063203165042,0.6619981462923887,0.01279710584091277,-1.4393679683495805e-05
C,0.0125,8,0.9999999998532999,1.0,0.6236551309231613,1.0,0.9999999998487271,25.743147881564376,25.743147882458643,2975.685944525952,0.0017962107384371828,0.6619984366280369,0.012796839345157646,8.942677709455892e-12
C,0.0125,8,0.9999999998532999,1.0,0.6236551309231613,1.0,0.9999999998487271,25.741890460085585,25.742147882458642,2975.540597444158,0.00044094166554880626,0.6619970649836373,0.012796838584290583,-5.5905833445119384e-05
C,0.0125,8,0.9999999999999464,0.9999999999999364,0.623673949122786,0.9999999999999374,0.9999999999999379,25.742043379042517,25.74204337904987,2975.570384221534,0.0009999956738844019,0.6619987889725432,0.012796718294581537,-4.326115598130703e-10
C,0.0125,8,0.9999899999999464,0.9999999999999364,0.623673949122786,0.9999999999999374,0.9999999999999379,25.742043379042517,25.74204337904987,2975.5639487106887,0.0008562802432970089,0.6619983841716146,0.012796985392650126,-1.4371975670299112e-05
C,0.0125,8,0.9999999999999464,0.9999899999999364,0.623673949122786,0.9999999999999374,0.9999999999999379,25.742043379042517,25.74204337904987,2975.5639487106887,0.0009152322625069266,0.6619985551038711,0.012796857752764398,-8.476773749307347e-06
C,0.0125,8,0.9999999999999464,0.9999999999999364,0.6236839491227859,0.9999999999999374,0.9999999999999379,25.742043379042517,25.74204337904987,2975.5768197323787,0.0010443380385287756,0.6619989089866258,0.012796654325689051,7.354117315117037e-14
C,0.0125,8,0.9999999999999464,0.9999999999999364,0.623673949122786,0.9999899999999374,0.9999999999999379,25.742043379042517,25.74204337904987,2975.5639487106887,0.0009152322624604656,0.6619985551038697,0.012796857752764715,-8.476773753953446e-06
C,0.0125,8,0.9999999999999464,0.9999999999999364,0.623673949122786,0.9999999999999374,0.999989999999938,25.742043379042517,25.74204337904987,2975.5639487106887,0.0008562802431775373,0.6619983841716142,0.012796985392650236,-1.4371975682246271e-05
C,0.0125,8,0.9999999999999464,0.9999999999999364,0.623673949122786,0.9999999999999374,0.9999999999999379,25.74304337904252,25.743043379049872,2975.6859760702623,0.001796434395938765,0.6619986744277006,0.012796718881063901,7.354117315117037e-14
C,0.0125,8,0.9999999999999464,0.9999999999999364,0.623673949122786,0.9999999999999374,0.9999999999999379,25.74178595860873,25.74204337904987,2975.5406285176923,0.0004411601677545159,0.661997305084601,0.012796718144049837,-5.588398322454841e-05
