mode,dt,scale,q1,q2,q3,q4,q5,th_s,horizon_s,E_J,min_T_C,min_V,ice,constraint_min
P,0.25,1,0.8,0.7,0.5,0.7,0.8,80.0,0.0,7000.0,12.681175994433252,1.2055104741416014,8.255788996352803e-19,0.3916
P,0.25,1,0.29988991105524926,0.12528043885316753,0.5118798247327665,0.12528043885316753,0.29988991105524926,37.20493510049956,0.0,1267.0331552109083,-19.72952036546462,1.2469968510594818,8.255788996352803e-19,-1.973052036546462
P,0.25,1,0.6423618022367197,0.7927980563063824,0.4445083329920874,0.7927980563063824,0.6423618022367197,73.52909538601475,0.0,6093.407697061099,8.121089852823708,1.2086588707353987,8.255788996352803e-19,0.3916
P,0.25,1,0.5014364784755039,0.28329910396900554,0.6681958449567085,0.28329910396900554,0.5014364784755039,105.97163382943384,0.0,5928.230724989388,2.3577142592143274,1.2183901344584402,8.255788996352803e-19,0.23567142592143275
P,0.25,1,0.9590128717189706,0.41973561369689316,0.9378663589629532,0.41973561369689316,0.9590128717189706,158.80952753034268,0.0,14671.472611441177,40.46375923730383,1.1761710724493817,8.255788996352803e-19,0.3916
P,0.25,1,0.33276147298203873,0.010644685880781934,0.18531183332606882,0.010644685880781934,0.33276147298203873,175.16247872860515,0.0,3819.08570143245,-11.973833838262372,1.2478722662925785,8.255788996352803e-19,-1.197483383826237
P,0.25,1,0.6131205606245389,0.4471031219214881,0.8383664518293911,0.4471031219214881,0.6131205606245389,139.8334171489064,0.0,10343.526168188111,21.3321737373411,1.1940149781387865,8.255788996352803e-19,0.3916
P,0.25,1,0.689983615899118,0.2073879498972671,0.3520758096163251,0.2073879498972671,0.689983615899118,213.62177760662203,0.0,11465.18196051633,20.82718426255352,1.2113406740593213,8.255788996352803e-19,0.3916
P,0.25,1,0.2619196696629965,0.6625308116927461,0.05356754657883178,0.6625308116927461,0.2619196696629965,128.76180998259207,0.0,6124.1322172776245,1.088933006826267,1.2247841340089343,8.255788996352803e-19,0.10879330068262671
P,0.25,1,0.2336389798865819,0.40524563735152486,0.48211802014569904,0.40524563735152486,0.2336389798865819,16.208769428769344,0.0,713.1401682699117,-23.081290830110103,1.2510965248653994,8.255788996352803e-19,-2.3082290830110104
P,0.25,1,0.8874138327526689,0.34543172842238007,0.15094317883387776,0.34543172842238007,0.8874138327526689,270.72394239938086,0.0,17709.63884584937,43.73695271061198,1.1931135112526585,8.255788996352803e-19,0.3916
P,0.25,1,0.20467889305338932,0.07725048362769327,0.9445554192446004,0.07725048362769327,0.20467889305338932,247.19667933016777,0.0,9321.874363073875,8.857482275313082,1.2095187873987476,8.255788996352803e-19,0.3916
P,0.25,1,0.4207434592558648,0.9885164953075505,0.6193769767317362,0.9885164953075505,0.4207434592558648,189.87474020036035,0.0,16319.24445095058,43.39576283191357,1.1668719103519734,8.255788996352803e-19,0.3916
P,0.25,1,0.4077328055555593,0.32386338334434644,0.7224159694768528,0.32386338334434644,0.4077328055555593,144.80074310583873,0.0,7911.9428205996255,8.688719551410802,1.2101240656142196,8.255788996352803e-19,0.3916
P,0.25,1,0.07736340887017584,0.9445670125863135,9.333590971305483e-05,0.9445670125863135,0.07736340887017584,43.16731721704079,0.0,2205.800460358381,-13.890023352249264,1.234310991104451,8.255788996352803e-19,-1.3891023352249263
P,0.25,1,0.5585303161952608,0.4870367394409273,0.7141933775413534,0.4870367394409273,0.5585303161952608,23.351400275552425,0.0,1637.708127382493,-14.376888538178719,1.23732950477751,8.255788996352803e-19,-1.4377888538178718
P,0.25,1,0.3732413636962643,0.8060135367259922,0.2467468160672066,0.8060135367259922,0.3732413636962643,50.2007682118377,0.0,3269.647088948542,-6.5675062862538045,1.2269493157172053,8.255788996352803e-19,-0.6568506286253805
P,0.25,1,0.4445743324356659,0.035336993378624004,0.33234719469086427,0.035336993378624004,0.4445743324356659,236.09934646741513,0.0,7627.011406023026,2.880918996141546,1.2309076064420288,8.255788996352803e-19,0.2879918996141546
P,0.25,1,0.35638196092541663,0.523843367735595,0.43724779111836215,0.523843367735595,0.35638196092541663,263.9009213052482,0.0,14499.366132363302,29.897646393823475,1.193242698833918,8.255788996352803e-19,0.3916
P,0.25,1,0.14873563761919156,0.8488784438767057,0.6495746826204372,0.8488784438767057,0.14873563761919156,284.3749072537162,0.0,18802.889098133575,45.60680821854561,1.166408058282509,8.255788996352803e-19,0.3916
P,0.25,1,0.8583695565737646,0.09190752024055221,0.8965454937010537,0.09190752024055221,0.8583695565737646,63.78259200448746,0.0,4460.15664003813,0.12717290265385478,1.2214171696194895,8.255788996352803e-19,0.012617290265385477
P,0.25,1,0.7930907114042393,0.6772974348461435,0.3797687367997884,0.6772974348461435,0.7930907114042393,8.953754118110346,0.0,743.2835932617669,-19.593385722360306,1.2538624939563738,8.255788996352803e-19,-1.9594385722360308
P,0.25,1,0.9779922881789525,0.6089116650388467,0.39148401178711845,0.6089116650388467,0.9779922881789525,88.10429812806487,0.0,7852.938551916863,16.579748662475424,1.2068112581998323,8.255788996352803e-19,0.3916
P,0.25,1,0.026365101284667014,0.13973892724350612,0.863120578803906,0.13973892724350612,0.026365101284667014,167.1771901873462,0.0,4995.792067339763,-7.2203717876587294,1.2239262732883858,8.255788996352803e-19,-0.722137178765873
P,0.25,1,0.7632948278183831,0.8786338849999328,0.9994815617362018,0.8786338849999328,0.7632948278183831,115.21708951297735,0.0,12337.84628806404,35.08015656214308,1.1690779630229924,8.255788996352803e-19,0.3916
P,0.25,1,0.7014160736372054,0.7074362032541744,0.09035988140040307,0.7074362032541744,0.7014160736372054,229.90879670670222,0.0,16714.739875962914,42.24791217306998,1.1873522505485872,8.255788996352803e-19,0.3916
P,0.25,1,0.1347363182762652,0.5785400341661637,0.059215003964046276,0.5785400341661637,0.1347363182762652,194.50439432468676,0.0,7224.70870792084,2.2323516630424103,1.2250296650758812,8.255788996352803e-19,0.22313516630424104
P,0.25,1,0.8310377415426696,0.38601293821129873,0.1373638139103055,0.38601293821129873,0.8310377415426696,54.291087266334735,0.0,3490.1910033097593,-4.2962220889798175,1.236967968859202,8.255788996352803e-19,-0.4297222088979818
P,0.25,1,0.48568946068680385,0.9048341766310755,0.21708945772597898,0.9048341766310755,0.48568946068680385,258.77320874662166,0.0,19395.936562358955,50.676046939954155,1.17182702485472,8.255788996352803e-19,0.3916
P,0.25,1,0.6041993475692446,0.2743598823148154,0.7806224642316683,0.2743598823148154,0.6041993475692446,224.5750605246658,0.0,14247.833040079344,31.71934580811642,1.1897821452044248,8.255788996352803e-19,0.3916
P,0.25,1,0.5288476414119684,0.534613005824941,0.806097428361332,0.534613005824941,0.5288476414119684,183.37875911245243,0.0,13446.3333461775,31.32617645048972,1.1835977477009914,8.255788996352803e-19,0.3916
P,0.25,1,0.9091158100866682,0.6190342442516599,0.26120172540997233,0.6190342442516599,0.9091158100866682,292.6793873572756,0.0,24274.110108927813,68.52532159851646,1.1623738146281157,8.255788996352803e-19,0.3916
P,0.25,1,0.9215427107572373,0.19443173704340638,0.7730802263871673,0.19443173704340638,0.9215427107572373,281.8285341122354,0.0,21172.5738103646,56.8142844315638,1.170202242469767,8.255788996352803e-19,0.3916
P,0.25,1,0.735506071051206,0.7271298277930377,0.5533435332827333,0.7271298277930377,0.735506071051206,95.17048024397597,0.0,8276.537290814713,17.06522806203132,1.1991355184354777,8.255788996352803e-19,0.3916
P,0.25,1,0.053994168226407846,0.9325075727426276,0.6103782579983217,0.9325075727426276,0.053994168226407846,86.53518767490152,0.0,5588.835592532734,1.63977451926958,1.2052229402793513,8.255788996352803e-19,0.16387745192695802
P,0.25,1,0.0941829260032448,0.7704571943017382,0.2784698953667642,0.7704571943017382,0.0941829260032448,127.22562929907377,0.0,6385.93186312351,2.050310155618745,1.2157769773173108,8.255788996352803e-19,0.2049310155618745
P,0.25,1,0.1805160158344219,0.23741726843883793,0.5797707255780841,0.23741726843883793,0.1805160158344219,207.06541388336888,0.0,7328.238055416087,2.066010860900304,1.2205812125051285,8.255788996352803e-19,0.2065010860900304
P,0.25,1,0.8842457441450763,0.18470092783247505,0.9178420347242885,0.18470092783247505,0.8842457441450763,72.76860177584781,0.0,5559.0397725872535,5.451828746568616,1.213862752101975,8.255788996352803e-19,0.3916
P,0.25,1,0.874293306229579,0.14205930422211588,0.27103340280728117,0.14205930422211588,0.874293306229579,143.3641583178829,0.0,8256.838719316956,11.672497771740673,1.223466194661967,8.255788996352803e-19,0.3916
P,0.25,1,0.9604689950175131,0.2799144094380336,0.9378663589629532,0.2799144094380336,0.9604689950175131,158.80952753034268,0.0,13572.787954740901,35.31964885288343,1.1838520587833947,8.255788996352803e-19,0.3916
P,0.25,1,0.689983615899118,0.7539211694441045,0.25832397144160724,0.7539211694441045,0.689983615899118,76.64108016633384,0.0,6028.0768254056975,7.384245523737126,1.2144448227771314,8.255788996352803e-19,0.3916
P,0.25,1,0.874293306229579,0.41682194403114636,0.5010671216566284,0.41682194403114636,0.874293306229579,143.3641583178829,0.0,11050.859211177249,25.074277747180012,1.2000376474753982,8.255788996352803e-19,0.3916
P,0.25,1,0.7873910188536558,0.07725048362769327,0.3880462463384742,0.07725048362769327,0.7873910188536558,92.52733380342998,0.0,4897.770760172752,-1.0678490916541743,1.233480331741672,8.255788996352803e-19,-0.10688490916541742
P,0.25,1,0.9169129892476914,0.6308800334026698,0.4445083329920874,0.6308800334026698,0.9169129892476914,194.39711677924097,0.0,17204.603506663043,47.97360338003792,1.1762485050028146,8.255788996352803e-19,0.3916
P,0.25,1,0.6312657551207741,0.43170322002165723,0.33643411257115974,0.43170322002165723,0.6312657551207741,31.732860690182797,0.0,1953.452740950205,-12.431523491177881,1.24135937942017,8.255788996352803e-19,-1.243252349117788
P,0.25,1,0.2336389798865819,0.42395050365431464,0.48211802014569904,0.42395050365431464,0.2336389798865819,16.208769428769344,0.0,728.2993115248055,-22.951978382156838,1.2507887212717768,8.255788996352803e-19,-2.295297838215684
P,0.25,1,0.9169527954859846,0.25398762065053576,0.8383664518293911,0.25398762065053576,0.9169527954859846,139.8334171489064,0.0,11117.6211278643,25.774617261063288,1.195202026530457,8.255788996352803e-19,0.3916
P,0.25,1,0.5188997477335171,0.32386338334434644,0.7545825256017862,0.32386338334434644,0.5188997477335171,54.711113193641516,0.0,3337.5267022950175,-6.618342694429497,1.2253670811454096,8.255788996352803e-19,-0.6619342694429498
P,0.25,1,0.8874138327526689,0.34543172842238007,0.9705322839066649,0.34543172842238007,0.8874138327526689,270.72394239938086,0.0,23256.698687671505,66.03083363836946,1.1538895108241245,8.255788996352803e-19,0.3916
P,0.25,1,0.14873563761919156,0.6082336911835635,0.8463792596896644,0.6082336911835635,0.14873563761919156,48.362980802972345,0.0,2853.8002530764547,-10.197805364513147,1.2202723616029734,8.255788996352803e-19,-1.0198805364513146
P,0.25,1,0.9710032450983678,0.523843367735595,0.43724779111836215,0.523843367735595,0.9710032450983678,175.0408295937805,0.0,14996.364963680637,40.26573607866561,1.1858439306187827,8.255788996352803e-19,0.3916
P,0.25,1,0.9903985127237585,0.6625308116927461,0.22774554548703152,0.6625308116927461,0.9903985127237585,226.52255120672774,0.0,20011.025926304235,57.102435386591225,1.1726857602308776,8.255788996352803e-19,0.3916
P,0.25,1,0.15680818088916693,0.13260374447502943,0.7141933775413534,0.13260374447502943,0.15680818088916693,23.351400275552425,0.0,754.8440715128046,-23.61401378343292,1.2480180051216683,8.255788996352803e-19,-2.3615013783432923
P,0.25,1,0.5258727897328619,0.2958620436497536,0.1535431114984842,0.2958620436497536,0.5258727897328619,53.30063230201283,0.0,2394.5479334063198,-12.418205442237,1.2445808379249588,8.255788996352803e-19,-1.2419205442236998
P,0.25,1,0.641605570359457,0.6819148893196701,0.6179972198446284,0.6819148893196701,0.641605570359457,239.4299350008514,0.0,19543.696736116177,53.07370483259689,1.165637198469235,8.255788996352803e-19,0.3916
P,0.25,1,0.8043164008531627,0.3275810718829463,0.8529976802966502,0.3275810718829463,0.8043164008531627,142.00266843166824,0.0,11064.82174518313,25.009840676646824,1.193578946896935,8.255788996352803e-19,0.3916
P,0.25,1,0.7491724231251713,0.4907695486340091,0.6235718819499539,0.4907695486340091,0.7491724231251713,148.64161925059,0.0,11532.567479257168,26.47572480128999,1.1938932648731728,8.255788996352803e-19,0.3916
P,0.25,1,0.7408608346249949,0.8060135367259922,0.6006733458203138,0.8060135367259922,0.7408608346249949,216.93738964599785,0.0,20036.45710336352,57.5327219604294,1.1596298183080185,8.255788996352803e-19,0.3916
P,0.25,1,0.6879841879652528,0.8384905014254999,0.6933505080159459,0.8384905014254999,0.6879841879652528,187.6919154797851,0.0,17578.755042867895,49.80232540523671,1.1635091897705685,8.255788996352803e-19,0.3916
P,0.25,1,0.1347363182762652,0.43463249777112156,0.8391887185914004,0.43463249777112156,0.1347363182762652,25.141163892501005,0.0,1243.1842637474379,-19.900144875530923,1.2375333993188002,8.255788996352803e-19,-1.9901144875530925
P,0.25,1,0.7632948278183831,0.06518647619291229,0.9994815617362018,0.06518647619291229,0.7632948278183831,38.3631575432172,0.0,2547.7396547304343,-8.92448396874681,1.2302022489862237,8.255788996352803e-19,-0.8925483968746809
P,0.25,1,0.48568946068680385,0.9048341766310755,0.6028250755524602,0.9048341766310755,0.48568946068680385,160.13298239319815,0.0,13546.739286838003,34.12826704906512,1.1776176742996651,8.255788996352803e-19,0.3916
P,0.25,1,0.9321744256727682,0.6419371909169419,0.4181314700459839,0.6419371909169419,0.9321744256727682,171.6851552089637,0.0,15307.254018836782,41.98786853804849,1.1820432505735439,8.255788996352803e-19,0.3916
P,0.25,1,0.35548742112435017,0.07792733231386417,0.1373638139103055,0.07792733231386417,0.35548742112435017,177.20995577731048,0.0,4448.826349212193,-9.104039888772695,1.2450200876754947,8.255788996352803e-19,-0.9105039888772695
P,0.25,1,0.5024813333419729,0.8940108577742498,0.6807895660255456,0.8940108577742498,0.5024813333419729,298.52006360746924,0.0,25924.780499798624,73.66523150086967,1.140627566769245,8.255788996352803e-19,0.3916
P,0.25,1,0.9215427107572373,0.41886706036789656,0.7730802263871673,0.41886706036789656,0.9215427107572373,121.72848600830699,0.0,10510.949741516917,25.131940585046618,1.1937784402570941,8.255788996352803e-19,0.3916
P,0.25,1,0.735506071051206,0.328104108624755,0.5533435332827333,0.328104108624755,0.735506071051206,95.17048024397597,0.0,6377.763824667544,6.614961558950925,1.217132343473105,8.255788996352803e-19,0.3916
P,0.25,1,0.7790027360855284,0.053573773654011725,0.4368749840657158,0.053573773654011725,0.7790027360855284,16.277241587867273,0.0,855.3804409540242,-19.274853325712368,1.2552466954148347,8.255788996352803e-19,-1.9275853325712369
P,0.25,1,0.4271627604943705,0.6358285897071231,0.7724770052410447,0.6358285897071231,0.4271627604943705,120.39764113079525,0.0,8724.192786805015,15.092569753606293,1.196519261909817,8.255788996352803e-19,0.3916
P,0.25,1,0.9745755383868796,0.6190342442516599,0.8540649463477896,0.6190342442516599,0.9745755383868796,298.28324900826874,0.0,30136.18685735651,91.28071437714225,1.128259225795471,8.255788996352803e-19,0.3916
P,0.25,1,0.20841365122191624,0.1826738236368004,0.22365587406408594,0.1826738236368004,0.20841365122191624,77.04530189046213,0.0,1937.3634867244841,-18.114189605027136,1.2486007544698832,8.255788996352803e-19,-1.8115189605027138
P,0.25,1,0.7020116513280618,0.2743598823148154,0.4679885246223579,0.2743598823148154,0.7020116513280618,212.70465616745065,0.0,12872.522023262512,26.95632652200617,1.2016944220714643,8.255788996352803e-19,0.3916
P,0.25,1,0.39228560673065743,0.37206990271762275,0.7314387787914395,0.37206990271762275,0.39228560673065743,86.53518767490152,0.0,4889.562172908044,-1.5579044770536359,1.2184129556848258,8.255788996352803e-19,-0.1558904477053636
P,0.25,1,0.8583695565737646,0.7176635827476119,0.9742742498404132,0.7176635827476119,0.8583695565737646,76.1439027446422,0.0,7854.891797302442,18.451574564200396,1.1894013164343609,8.255788996352803e-19,0.3916
P,0.25,1,0.5892750089236031,0.9024243918374336,0.8650380809013147,0.9024243918374336,0.5892750089236031,72.76860177584781,0.0,7001.13427391382,13.421620158776179,1.191814579690231,8.255788996352803e-19,0.3916
P,0.25,1,0.5540775064659125,0.7539211694441045,0.25832397144160724,0.7539211694441045,0.5540775064659125,81.62224484307646,0.0,5865.213970123429,5.287848592703334,1.2157038741345636,8.255788996352803e-19,0.3916
P,0.25,1,0.5014364784755039,0.614280833645094,0.7598625279655861,0.614280833645094,0.5014364784755039,79.82166475686832,0.0,5969.257961790616,5.82677819670215,1.2065004561647221,8.255788996352803e-19,0.3916
P,0.25,1,0.8357082104947471,0.39632291882296994,0.9774668647436765,0.39632291882296994,0.8357082104947471,158.80952753034268,0.0,13663.690351643774,35.45767822255959,1.179861802709402,8.255788996352803e-19,0.3916
P,0.25,1,0.9375789777821689,0.8690878497400204,0.7900808069131208,0.8690878497400204,0.9375789777821689,229.69052653815947,0.0,25285.564658319105,78.85877826190035,1.1352916755997697,8.255788996352803e-19,0.3916
P,0.25,1,0.7379866388060143,0.34543172842238007,0.15094317883387776,0.34543172842238007,0.7379866388060143,111.03832108710702,0.0,6434.059755530402,5.262622276677719,1.2272319412277777,8.255788996352803e-19,0.3916
P,0.25,1,0.6476924691174686,0.8803610727124555,0.9742742498404132,0.8803610727124555,0.6476924691174686,76.1439027446422,0.0,7672.22410704663,16.828206211047092,1.1867058176021241,8.255788996352803e-19,0.3916
P,0.25,1,0.94965398550879,0.0771565429198649,0.20972090542750665,0.0771565429198649,0.94965398550879,59.162015293467505,0.0,3347.5967946760265,-5.692565248919957,1.2429885488736103,8.255788996352803e-19,-0.5693565248919957
P,0.25,1,0.2619196696629965,0.03932169193829155,0.05356754657883178,0.03932169193829155,0.2619196696629965,47.88464537344712,0.0,785.3683628909257,-23.7428082278257,1.2611141444587284,8.255788996352803e-19,-2.3743808227825705
P,0.25,1,0.7003720366514065,0.646279717089993,0.5870979668002365,0.646279717089993,0.7003720366514065,66.34012908987815,0.0,5440.55643176408,5.544815599825962,1.2113998063543137,8.255788996352803e-19,0.3916
P,0.25,1,0.6131205606245389,0.08439367079587823,0.36438962194836055,0.08439367079587823,0.6131205606245389,241.81733053422298,0.0,10636.444613933956,15.612293584545329,1.2181873897040647,8.255788996352803e-19,0.3916
P,0.25,1,0.25733965289598504,0.523843367735595,0.43724779111836215,0.523843367735595,0.25733965289598504,111.00335091394238,0.0,5549.095898205482,-0.5840291629248902,1.2203852382634857,8.255788996352803e-19,-0.058502916292489014
P,0.25,1,0.2336389798865819,0.42395050365431464,0.34649577030563494,0.42395050365431464,0.2336389798865819,86.38674931022456,0.0,3588.666974345524,-9.172502215030027,1.2325402089783233,8.255788996352803e-19,-0.9173502215030027
P,0.25,1,0.8846770411599634,0.07043095260834698,0.7936925814536573,0.07043095260834698,0.8846770411599634,65.50173046950087,0.0,4427.767257504374,-0.23932793113638665,1.224523397382638,8.255788996352803e-19,-0.024032793113638665
P,0.25,1,0.929802263462427,0.3023764012360538,0.6006733458203138,0.3023764012360538,0.929802263462427,6.45857925639981,0.0,494.8935884796849,-21.90237531974831,1.2584634192635136,8.255788996352803e-19,-2.190337531974831
P,0.25,1,0.977250906069106,0.17862139158402124,0.7141933775413534,0.17862139158402124,0.977250906069106,23.351400275552425,0.0,1766.4972203239545,-11.29999893949933,1.241223793875044,8.255788996352803e-19,-1.130099893949933
P,0.25,1,0.8134001359730029,0.9714808691057645,0.5535493788609639,0.9714808691057645,0.8134001359730029,107.03946725218583,0.0,11033.926359885261,30.038832528514913,1.1822504153671636,8.255788996352803e-19,0.3916
P,0.25,1,0.9779922881789525,0.07925535792168653,0.8098535657666133,0.07925535792168653,0.9779922881789525,88.10429812806487,0.0,6441.192590321729,8.430202038972489,1.215797712981537,8.255788996352803e-19,0.3916
P,0.25,1,0.6879841879652528,0.12301139870700217,0.3811307054876605,0.12301139870700217,0.6879841879652528,129.49969680179478,0.0,6485.091899145189,3.668990368679916,1.2279182432224716,8.255788996352803e-19,0.3667990368679916
P,0.25,1,0.026365101284667014,0.3262114944860748,0.5773344108898228,0.3262114944860748,0.026365101284667014,132.24859006926474,0.0,4240.179430071301,-9.210005078241494,1.228360685900791,8.255788996352803e-19,-0.9211005078241493
P,0.25,1,0.9932663700410566,0.9884563085650038,0.7445075925293032,0.9884563085650038,0.9932663700410566,54.94005605898842,0.0,6466.379974546843,15.578689357337666,1.1942031563300013,8.255788996352803e-19,0.3916
P,0.25,1,0.3370411181939289,0.7046760201618244,0.059215003964046276,0.7046760201618244,0.3370411181939289,64.51778410258694,0.0,3455.9745924547137,-7.352690722240488,1.2322514940424398,8.255788996352803e-19,-0.7353690722240488
P,0.25,1,0.7239038457995103,0.8883213924030761,0.4181314700459839,0.8883213924030761,0.7239038457995103,171.6851552089637,0.0,15634.431170945898,43.03598224816633,1.1750581174334453,8.255788996352803e-19,0.3916
P,0.25,1,0.49725443448670154,0.08381060550509778,0.9230673810272114,0.08381060550509778,0.49725443448670154,165.10513527045205,0.0,8606.920221644823,10.59652702252574,1.2092279640953276,8.255788996352803e-19,0.3916
P,0.25,1,0.5933817230834169,0.07999262532049156,0.09035988140040307,0.07999262532049156,0.5933817230834169,177.02837040600414,0.0,6360.224742417268,0.11718480355200853,1.2385451642822995,8.255788996352803e-19,0.011618480355200852
P,0.25,1,0.8310377415426696,0.29847638344453853,0.7150341366950447,0.29847638344453853,0.8310377415426696,54.291087266334735,0.0,4036.6270142548874,-0.9386963243066969,1.2228758320887323,8.255788996352803e-19,-0.09396963243066969
P,0.25,1,0.8058478912083791,0.6190342442516599,0.26120172540997233,0.6190342442516599,0.8058478912083791,92.19629879852084,0.0,7170.488763742085,11.707403606860737,1.2133515318371912,8.255788996352803e-19,0.3916
P,0.25,1,0.8848465626673432,0.34449630294883266,0.6204928412121957,0.34449630294883266,0.8848465626673432,118.42657770418184,0.0,9116.414511866398,18.442444478867532,1.2048740712841763,8.255788996352803e-19,0.3916
P,0.25,1,0.4271627604943705,0.6154786772106455,0.7414030194558762,0.6154786772106455,0.4271627604943705,14.009263855446296,0.0,989.9947134411209,-19.812965814817478,1.2446618191192833,8.255788996352803e-19,-1.9813965814817478
P,0.25,1,0.5081375643543491,0.7704571943017382,0.8507095412130788,0.7704571943017382,0.5081375643543491,7.901077781132249,0.0,673.1518882913847,-22.411370084929743,1.2505524530092305,8.255788996352803e-19,-2.2412370084929742
P,0.25,1,0.7499497492000513,0.45307728273316755,0.7725307423839463,0.45307728273316755,0.7499497492000513,127.26911364968088,0.0,10113.391773795725,22.00099822657082,1.1952879537380778,8.255788996352803e-19,0.3916
P,0.25,1,0.7721069460567438,0.11823978041936223,0.8496619064506226,0.11823978041936223,0.7721069460567438,54.49806139388815,0.0,3583.73169661196,-4.243057277434722,1.2261986093112913,8.255788996352803e-19,-0.4244057277434722
P,0.25,1,0.7003871176730578,0.27944339725147116,0.8925345882201209,0.27944339725147116,0.7003871176730578,168.94876462279703,0.0,12046.87315338357,26.62388988541443,1.1919146406181063,8.255788996352803e-19,0.3916
P,0.25,1,0.735506071051206,0.07723281439350782,0.23374036324513914,0.07723281439350782,0.735506071051206,95.17048024397597,0.0,4423.567067597391,-4.011945571048076,1.2395248508883563,8.255788996352803e-19,-0.40129455710480766
P,0.25,1,0.1805160158344219,0.17527565146237778,0.15544165950010258,0.17527565146237778,0.1805160158344219,109.905613409696,0.0,2382.272845435159,-17.168795474010643,1.249200194659504,8.255788996352803e-19,-1.7169795474010645
P,0.25,1,0.7731215288981523,0.7924018500734636,0.935158157949484,0.7924018500734636,0.7731215288981523,72.07403207254495,0.0,7326.69458803979,15.988914022803561,1.1908929385702063,8.255788996352803e-19,0.3916
P,0.25,1,0.6423618022367197,0.24017194774515188,0.6183244264213599,0.24017194774515188,0.6423618022367197,98.65139522025295,0.0,5878.12347236442,3.214614544930318,1.2202323290044925,8.255788996352803e-19,0.3213614544930318
P,0.25,1,0.36859557095019047,0.8535796367475239,0.6930291024703399,0.8535796367475239,0.36859557095019047,46.6270442367624,0.0,3657.168339175987,-3.5308624227616665,1.2141121210145018,8.255788996352803e-19,-0.35318624227616663
P,0.25,1,0.9604689950175131,0.10802001991784282,0.9582962876768173,0.10802001991784282,0.9604689950175131,158.80952753034268,0.0,12288.976298663176,29.29755936552722,1.1925392332303906,8.255788996352803e-19,0.3916
P,0.25,1,0.18441888266281614,0.44898062844180375,0.9417079842049919,0.44898062844180375,0.18441888266281614,102.05424912761605,0.0,5634.688105817088,0.32988499328269527,1.2092574850659064,8.255788996352803e-19,0.032888499328269524
P,0.25,1,0.4502314583542948,0.9454961828989866,0.8974215028549238,0.9454961828989866,0.4502314583542948,7.692228461349737,0.0,709.3920749692488,-22.544636437022895,1.2491555030566344,8.255788996352803e-19,-2.25456364370229
P,0.25,1,0.8533300856121432,0.36878507945635286,0.7763543515144206,0.36878507945635286,0.8533300856121432,118.32557265766992,0.0,9526.938168723074,20.426243945815255,1.1988168788440414,8.255788996352803e-19,0.3916
P,0.25,1,0.2619196696629965,0.006666047021430865,0.7771881743366088,0.006666047021430865,0.2619196696629965,56.84076119319358,0.0,1867.7300145891459,-17.35248562439669,1.2397264779574368,8.255788996352803e-19,-1.735348562439669
P,0.25,1,0.9217175927624495,0.09190752024055221,0.8965454937010537,0.09190752024055221,0.9217175927624495,290.0241470891943,0.0,21199.283996776907,56.26587288534756,1.1700444521967615,8.255788996352803e-19,0.3916
P,0.25,1,0.7905937842480298,0.5103703915041261,0.6600093462066229,0.5103703915041261,0.7905937842480298,209.0677896155384,0.0,17049.152608100587,45.479898309017685,1.1756765186819147,8.255788996352803e-19,0.3916
P,0.25,1,0.7003720366514065,0.7733642661277706,0.8965876800327356,0.7733642661277706,0.7003720366514065,66.34012908987815,0.0,6375.386389384668,11.235892821383317,1.1966216275996633,8.255788996352803e-19,0.3916
P,0.25,1,0.34767762534828983,0.9885164953075505,0.7903569838980058,0.9885164953075505,0.34767762534828983,189.87474020036035,0.0,16437.196250418187,43.70465631110466,1.1623556410979807,8.255788996352803e-19,0.3916
P,0.25,1,0.7972188388131778,0.07043095260834698,0.8963838946771836,0.07043095260834698,0.7972188388131778,54.46484648213231,0.0,3583.3559148175896,-4.189579337517269,1.2261618694374894,8.255788996352803e-19,-0.41905793375172695
P,0.25,1,0.4206090451183333,0.2629151165793046,0.9631279746051695,0.2629151165793046,0.4206090451183333,22.474916023127346,0.0,1309.2629154160443,-17.888220890373706,1.2385205818373235,8.255788996352803e-19,-1.7889220890373707
P,0.25,1,0.5141507873082624,0.523843367735595,0.23791461052211094,0.523843367735595,0.5141507873082624,111.00335091394238,0.0,6421.2744469312165,4.647667651170114,1.2211609678805548,8.255788996352803e-19,0.3916
P,0.25,1,0.46647365568168053,0.17862139158402124,0.8092231138886373,0.17862139158402124,0.46647365568168053,24.68496154713449,0.0,1295.5983580348739,-17.865974237868606,1.2419368792930623,8.255788996352803e-19,-1.7866974237868607
P,0.25,1,0.8307994302973862,0.42395050365431464,0.09505882096342044,0.42395050365431464,0.8307994302973862,121.7022171959458,0.0,7924.514181301445,12.058023061606706,1.2209844865287502,8.255788996352803e-19,0.3916
P,0.25,1,0.026365101284667014,0.19280211935363767,0.7869042066045031,0.19280211935363767,0.026365101284667014,28.87965140927402,0.0,884.6116260994191,-23.440550097662534,1.2436304998374168,8.255788996352803e-19,-2.3441550097662534
P,0.25,1,0.8813253865794372,0.08381060550509778,0.5873472680478427,0.08381060550509778,0.8813253865794372,11.730399446551655,0.0,738.3169870708265,-20.067566423059798,1.2551770084025005,8.255788996352803e-19,-2.00685664230598
P,0.25,1,0.5991710574827358,0.5387737400655432,0.378790989730846,0.5387737400655432,0.5991710574827358,70.73314245914186,0.0,4694.347499752871,0.0248690044700668,1.222755178635365,8.255788996352803e-19,0.00238690044700668
P,0.25,1,0.18501424193131888,0.5023251689481495,0.2610060718526247,0.5023251689481495,0.18501424193131888,33.62460660566402,0.0,1374.9815269629041,-18.874330954257154,1.2448785702151857,8.255788996352803e-19,-1.8875330954257155
P,0.25,1,0.9184344800904075,0.5798008563402213,0.09035988140040307,0.5798008563402213,0.9184344800904075,44.33721934829404,0.0,3421.5370843828837,-2.609877072360066,1.2332729885688645,8.255788996352803e-19,-0.2610877072360066
P,0.25,1,0.9321744256727682,0.5870527508052467,0.4375656090680906,0.5870527508052467,0.9321744256727682,32.418628313204835,0.0,2817.1949789535083,-4.689698098759309,1.2312073099284164,8.255788996352803e-19,-0.46906980987593094
P,0.25,1,0.4113357350963733,0.42268264353633855,0.7452192868192401,0.42268264353633855,0.4113357350963733,129.49969680179478,0.0,7812.898150351566,9.518085484723697,1.2067276431116385,8.255788996352803e-19,0.3916
P,0.25,1,0.2937482512204934,0.29847638344453853,0.6805944084191409,0.29847638344453853,0.2937482512204934,54.291087266334735,0.0,2531.3812266051987,-12.573558644907777,1.2320335985576119,8.255788996352803e-19,-1.2574558644907776
P,0.25,1,0.4595039094460659,0.6149578622927945,0.7488697704794488,0.6149578622927945,0.4595039094460659,118.42657770418184,0.0,8579.393626650182,14.670328211509393,1.1980192289645095,8.255788996352803e-19,0.3916
P,0.25,1,0.9314935869743354,0.1351000544393831,0.26120172540997233,0.1351000544393831,0.9314935869743354,39.978093393735506,0.0,2393.0776848062224,-9.282022333206918,1.245241695092525,8.255788996352803e-19,-0.9283022333206917
P,0.25,1,0.8103861580693638,0.13995036723166743,0.8590962615773796,0.13995036723166743,0.8103861580693638,194.50439432468676,0.0,13419.681463532992,30.823997596763448,1.192325456607025,8.255788996352803e-19,0.3916
P,0.25,1,0.7499497492000513,0.45307728273316755,0.9101018665560302,0.45307728273316755,0.7499497492000513,91.28235986141208,0.0,7567.663474934487,13.667373458070157,1.1999235821762166,8.255788996352803e-19,0.3916
P,0.25,1,0.6404356812839249,0.24906509449721903,0.9614542113714855,0.24906509449721903,0.6404356812839249,120.39764113079525,0.0,8248.610237013003,13.084601282955008,1.2030053198566206,8.255788996352803e-19,0.3916
P,0.25,1,0.8852106979507451,0.5180756331450155,0.9709810873602712,0.5180756331450155,0.8852106979507451,264.6242711113918,0.0,24990.810188981206,73.66886488288807,1.1432367634987046,8.255788996352803e-19,0.3916
P,0.25,1,0.5367355586405957,0.4813625957166368,0.8253857771126534,0.4813625957166368,0.5367355586405957,168.94876462279703,0.0,12086.51895668046,26.47534307267652,1.1886912752635268,8.255788996352803e-19,0.3916
P,0.25,1,0.39647168074778605,0.328104108624755,0.2937930338108937,0.328104108624755,0.39647168074778605,95.17048024397597,0.0,4146.921895390072,-6.368717700012319,1.2337332586438294,8.255788996352803e-19,-0.636971770001232
P,0.25,1,0.34656436636871235,0.9872064319821122,0.5797707255780841,0.9872064319821122,0.34656436636871235,56.83204154983306,0.0,4613.784720627167,1.0636524599359956,1.2082175177388716,8.255788996352803e-19,0.10626524599359957
P,0.25,1,0.971405519274004,0.40227894008627507,0.2784698953667642,0.40227894008627507,0.971405519274004,127.22562929907377,0.0,9624.106181995567,20.244951872156165,1.2102426190361248,8.255788996352803e-19,0.3916
P,0.25,1,0.053994168226407846,0.4566990522219638,0.6519267563944351,0.4566990522219638,0.053994168226407846,125.70055803285301,0.0,5258.410066580965,-3.7271310648543157,1.2189447090659873,8.255788996352803e-19,-0.37281310648543153
P,0.25,1,0.7073965866013223,0.09473580892341033,0.05753763219338104,0.09473580892341033,0.7073965866013223,6.390449420040167,0.0,265.4916082958398,-27.977648818193234,1.2623575827810787,8.255788996352803e-19,-2.7978648818193235
P,0.25,1,0.6875925630247915,0.1803859979549962,0.07352466326466423,0.1803859979549962,0.6875925630247915,38.30285652333845,0.0,1732.7080300259593,-14.667341461154464,1.2519726932534514,8.255788996352803e-19,-1.4668341461154464
P,0.25,1,0.6618425576520568,0.11729084060407413,0.8595328265762934,0.11729084060407413,0.6618425576520568,77.13703583915662,0.0,4662.547404452032,-1.1117926515405874,1.22161187883632,8.255788996352803e-19,-0.11127926515405873
P,0.25,1,0.6696145024072903,0.23196702250051104,0.7551616365823076,0.23196702250051104,0.6696145024072903,105.97163382943384,0.0,6777.746172094014,7.226135946784402,1.2136400310978066,8.255788996352803e-19,0.3916
P,0.25,1,0.489961010342819,0.28670925534958536,0.3538041824380945,0.28670925534958536,0.489961010342819,80.42698178795384,0.0,3834.647329140677,-6.575332017334449,1.233921043669386,8.255788996352803e-19,-0.657633201733445
P,0.25,1,0.8213606716529591,0.178955443529892,0.8863385219067551,0.178955443529892,0.8213606716529591,158.80952753034268,0.0,11461.961529057675,25.144589818392237,1.1959662697175442,8.255788996352803e-19,0.3916
P,0.25,1,0.787364388122917,0.17667975903797772,0.5889057880641402,0.17667975903797772,0.787364388122917,75.3943295216348,0.0,4744.1770312852395,0.04593255272355159,1.2260131519340591,8.255788996352803e-19,0.004493255272355159
P,0.25,1,0.4740366157924538,0.20613330963743948,0.6384587580226839,0.20613330963743948,0.4740366157924538,76.1439027446422,0.0,3804.9081720218237,-6.463105711347403,1.2290156489346418,8.255788996352803e-19,-0.6464105711347403
P,0.25,1,0.02655294829520949,0.7328905496390267,0.8162191174802567,0.7328905496390267,0.02655294829520949,8.068845242610468,0.0,471.0402463421129,-26.797710971675134,1.2516179681527155,8.255788996352803e-19,-2.6798710971675135
P,0.25,1,0.9249697557371506,0.7376859163827972,0.8547499999809248,0.7376859163827972,0.9249697557371506,73.64227395758668,0.0,7695.730566765692,18.289461857627835,1.1922408422097157,8.255788996352803e-19,0.3916
P,0.25,1,0.44871386549080083,0.9885164953075505,0.6193769767317362,0.9885164953075505,0.44871386549080083,60.53571784842605,0.0,5287.549327855118,5.001031760778549,1.2037191383106864,8.255788996352803e-19,0.3916
P,0.25,1,0.36868698676657574,0.296072799162967,0.5870979668002365,0.296072799162967,0.36868698676657574,60.095508522366494,0.0,2879.5026407154596,-10.668452872083837,1.2323561515360204,8.255788996352803e-19,-1.0669452872083836
P,0.25,1,0.9088458438890804,0.23099282276771022,0.31809934313662,0.23099282276771022,0.9088458438890804,81.17723491571256,0.0,5272.008188068925,2.7666256753449607,1.2289233268675122,8.255788996352803e-19,0.2765625675344961
P,0.25,1,0.946227894250771,0.9714808691057645,0.5535493788609639,0.9714808691057645,0.946227894250771,58.0234455202075,0.0,6366.574553389217,14.02765149718958,1.1995631338220811,8.255788996352803e-19,0.3916
P,0.25,1,0.2619196696629965,0.051729110226771735,0.5469852336243388,0.051729110226771735,0.2619196696629965,128.76180998259207,0.0,3780.0694477524303,-10.788059665207268,1.2372265790943422,8.255788996352803e-19,-1.0789059665207268
P,0.25,1,0.921411085459188,0.16882206497997404,0.9476347039297358,0.16882206497997404,0.921411085459188,23.351400275552425,0.0,1826.1384666407687,-11.272645139860888,1.2367583081989322,8.255788996352803e-19,-1.1273645139860888
P,0.25,1,0.7032432853184774,0.9337777834847636,0.7671711852004058,0.9337777834847636,0.7032432853184774,111.11105906921294,0.0,11225.58730554216,29.980715127732356,1.1777354997794833,8.255788996352803e-19,0.3916
P,0.25,1,0.026365101284667014,0.13973892724350612,0.908686124501748,0.13973892724350612,0.026365101284667014,22.717529730685616,0.0,704.75126155452,-24.805582194899266,1.2448683786443446,8.255788996352803e-19,-2.4806582194899267
P,0.25,1,0.6414843565603908,0.024717131766141653,0.8709230263123703,0.024717131766141653,0.6414843565603908,54.98642017506613,0.0,3028.8252345426604,-8.411213557371969,1.230794221832797,8.255788996352803e-19,-0.8412213557371968
P,0.25,1,0.7734238984232886,0.40682877342948204,0.6807503372457534,0.40682877342948204,0.7734238984232886,53.67502232587971,0.0,4080.9866643442315,-0.679612353589868,1.2210991651516958,8.255788996352803e-19,-0.06806123535898681
P,0.25,1,0.7631408758391963,0.16996911470297021,0.8970930804062649,0.16996911470297021,0.7631408758391963,83.93362001906793,0.0,5798.3717124219775,4.813967621762129,1.214463011418472,8.255788996352803e-19,0.3916
P,0.25,1,0.5704937385040957,0.947851751760889,0.8098535657666133,0.947851751760889,0.5704937385040957,105.23072381884107,0.0,10119.366670205125,24.839617939661366,1.1807038166450428,8.255788996352803e-19,0.3916
P,0.25,1,0.6951468551145722,0.02667047796048383,0.9618846544878535,0.02667047796048383,0.6951468551145722,26.98901729043368,0.0,1623.0650634292583,-14.557011860771572,1.2389176949682523,8.255788996352803e-19,-1.4558011860771571
P,0.25,1,0.3300109708383827,0.9884563085650038,0.6437376701209929,0.9884563085650038,0.3300109708383827,67.02946616054885,0.0,5497.542703819151,4.751567151130105,1.2023704178461279,8.255788996352803e-19,0.3916
P,0.25,1,0.7073965866013223,0.09473580892341033,0.9230673810272114,0.09473580892341033,0.7073965866013223,165.10513527045205,0.0,10431.888003602127,19.510162696676318,1.2016467587314297,8.255788996352803e-19,0.3916
P,0.25,1,0.7049527909882473,0.11962409112513284,0.7775438440517569,0.11962409112513284,0.7049527909882473,171.6851552089637,0.0,10415.698888062954,18.948366869801358,1.2050115257564833,8.255788996352803e-19,0.3916
P,0.25,1,0.48785798685792736,0.24729495103266025,0.8695222134482967,0.24729495103266025,0.48785798685792736,68.38050704020263,0.0,3999.9657782104946,-4.419103388798695,1.2213501056625662,8.255788996352803e-19,-0.44201033887986957
P,0.25,1,0.6999301435127284,0.5156718360178286,0.7488697704794488,0.5156718360178286,0.6999301435127284,88.4535263366648,0.0,7032.2183847113,11.061829999299599,1.2045642912953183,8.255788996352803e-19,0.3916
P,0.25,1,0.7142007896043906,0.2193925621891305,0.69110653560649,0.2193925621891305,0.7142007896043906,74.09454572647485,0.0,4738.889384828916,-0.034692323349950184,1.2226289499181795,8.255788996352803e-19,-0.0035692323349950186
P,0.25,1,0.7003871176730578,0.27944339725147116,0.33632595874137017,0.27944339725147116,0.7003871176730578,60.095508522366494,0.0,3449.4626410019664,-5.933648238415513,1.2352944291201962,8.255788996352803e-19,-0.5934648238415513
P,0.25,1,0.5499225821573352,0.3097197387143396,0.5710412340074984,0.3097197387143396,0.5499225821573352,85.66063578726806,0.0,4904.769266921228,-0.91763915245401,1.223426182653818,8.255788996352803e-19,-0.091863915245401
P,0.25,1,0.6432451789709216,0.6136679280364917,0.4167060986644081,0.6136679280364917,0.6432451789709216,55.992782672912355,0.0,4102.21647249489,-1.2146764653596736,1.2226010816091761,8.255788996352803e-19,-0.12156764653596734
P,0.25,1,0.9796555157220213,0.17165035366283216,0.2784698953667642,0.17165035366283216,0.9796555157220213,34.693421371756905,0.0,2238.663818199987,-9.319532823937386,1.245203645733169,8.255788996352803e-19,-0.9320532823937386
P,0.25,1,0.6404356812839249,0.847179815242904,0.290494459011995,0.847179815242904,0.6404356812839249,103.64579040024766,0.0,8461.967392738767,16.619303426335364,1.2026284875250446,8.255788996352803e-19,0.3916
P,0.25,1,0.6937890174280714,0.527754290882216,0.9049899374153699,0.527754290882216,0.6937890174280714,111.8633891962897,0.0,9363.179765577384,20.061836346600103,1.1922145986156691,8.255788996352803e-19,0.3916
P,0.25,1,0.34656436636871235,0.35491349466976696,0.45060218548822273,0.35491349466976696,0.34656436636871235,292.2438888682993,0.0,13542.274278735906,24.551199291088043,1.2013986886936934,8.255788996352803e-19,0.3916
P,0.25,1,0.6423618022367197,0.37900245124310844,0.6908277536963576,0.37900245124310844,0.6423618022367197,59.784180541085874,0.0,4085.585525156869,-2.1096101391355684,1.2216748346578943,8.255788996352803e-19,-0.21106101391355683
P,0.25,1,0.6909561088542451,0.178955443529892,0.3900940616969445,0.178955443529892,0.6909561088542451,61.47896212342043,0.0,3273.6274200784537,-7.305408328445381,1.237265500725383,8.255788996352803e-19,-0.7306408328445382
P,0.25,1,0.8916123444651356,0.5549504161050027,0.6681958449567085,0.5549504161050027,0.8916123444651356,33.34663335626446,0.0,2968.9519464766763,-4.044129830424847,1.2260411497942718,8.255788996352803e-19,-0.40451298304248473
P,0.25,1,0.9132810351616346,0.1485890461334215,0.7880541101002806,0.1485890461334215,0.9132810351616346,74.37446248543377,0.0,5414.078347487813,4.442997823082406,1.2185442926764793,8.255788996352803e-19,0.3916
P,0.25,1,0.8221774598088198,0.06059368735483567,0.8965454937010537,0.06059368735483567,0.8221774598088198,118.36270167814958,0.0,7877.297567386161,11.85559914304267,1.2103176512223297,8.255788996352803e-19,0.3916
P,0.25,1,0.8550539634920548,0.3828822471651204,0.6751501601779357,0.3828822471651204,0.8550539634920548,77.7819072887107,0.0,6127.313657456671,8.016473766082386,1.2126571795580423,8.255788996352803e-19,0.3916
P,0.25,1,0.5540775064659125,0.0026152910676738306,0.1775653358279714,0.0026152910676738306,0.5540775064659125,101.85150978949531,0.0,3287.132534395621,-11.106157793385457,1.2482013279895083,8.255788996352803e-19,-1.1107157793385456
P,0.25,1,0.44871386549080083,0.6009940075687156,0.7389623123941805,0.6009940075687156,0.44871386549080083,53.268467441973065,0.0,3779.9012299480455,-3.6294514779309104,1.2174086773880788,8.255788996352803e-19,-0.36304514779309105
P,0.25,1,0.8221112722594573,0.47439623018402066,0.9742742498404132,0.47439623018402066,0.8221112722594573,93.51730100023433,0.0,8340.081574731024,17.734364937808735,1.194507371008504,8.255788996352803e-19,0.3916
P,0.25,1,0.22756392389120128,0.7270624016919508,0.43694016732040675,0.7270624016919508,0.22756392389120128,71.39125827954469,0.0,4187.441436954942,-4.15204069293763,1.2199185099070298,8.255788996352803e-19,-0.41530406929376307
P,0.25,1,0.8307994302973862,0.42395050365431464,0.09505882096342044,0.42395050365431464,0.8307994302973862,65.19702713015482,0.0,4245.237087503267,-1.1592211872682652,1.233720817280652,8.255788996352803e-19,-0.11602211872682651
P,0.25,1,0.48106317942598287,0.18072910442544,0.8936864444973113,0.18072910442544,0.48106317942598287,42.958146383789185,0.0,2381.246317865669,-11.763872121064255,1.230894884210964,8.255788996352803e-19,-1.1764872121064254
P,0.25,1,0.9110172603375137,0.9714808691057645,0.9547713427171881,0.9714808691057645,0.9110172603375137,19.043378709069646,0.0,2247.0080464034363,-7.069900205795951,1.225341980273425,8.255788996352803e-19,-0.7070900205795951
P,0.25,1,0.9038761932681476,0.06534081145973653,0.8329781954478602,0.06534081145973653,0.9038761932681476,64.59103759963696,0.0,4475.209748275575,0.24148138081767911,1.2234210151160343,8.255788996352803e-19,0.024048138081767912
P,0.25,1,0.7237358156775919,0.7376859163827972,0.7907515863176926,0.7376859163827972,0.7237358156775919,156.0439136446351,0.0,14487.097634044127,39.485809445805565,1.1728065322488954,8.255788996352803e-19,0.3916
P,0.25,1,0.9088458438890804,0.4661153477258413,0.48033524094495605,0.4661153477258413,0.9088458438890804,128.39077008481476,0.0,10368.381598503665,23.60333454729077,1.2009057554394773,8.255788996352803e-19,0.3916
P,0.25,1,0.7676514522240109,0.16882206497997404,0.9476347039297358,0.16882206497997404,0.7676514522240109,59.533639637729976,0.0,4197.987419473973,-1.1104181254688952,1.2197557580541654,8.255788996352803e-19,-0.11114181254688951
P,0.25,1,0.87159179284599,0.23732439680179024,0.7092033247130453,0.23732439680179024,0.87159179284599,54.06792015012625,0.0,3956.468318022646,-1.3100432042032055,1.2247297088208922,8.255788996352803e-19,-0.13110432042032055
P,0.25,1,0.5403814439900871,0.3269245135034049,0.8624409036240823,0.3269245135034049,0.5403814439900871,68.9854087833082,0.0,4478.9687580931795,-1.407838793151126,1.217303292432462,8.255788996352803e-19,-0.1408838793151126
P,0.25,1,0.9555251405136415,0.646279717089993,0.9213251142779804,0.646279717089993,0.9555251405136415,295.76856573036736,0.0,30500.65145620224,92.92628101263827,1.124548201156372,8.255788996352803e-19,0.3916
P,0.25,1,0.9779922881789525,0.18412572128275545,0.7234962549294732,0.18412572128275545,0.9779922881789525,85.47045307252907,0.0,6512.276457249391,9.273635683127909,1.214847412919287,8.255788996352803e-19,0.3916
P,0.25,1,0.07479445276974173,0.20485934215117663,0.8970930804062649,0.20485934215117663,0.07479445276974173,13.498573175159144,0.0,491.4832754923705,-26.24821264980634,1.2496250163411802,8.255788996352803e-19,-2.6249212649806344
P,0.25,1,0.891348758927162,0.9884563085650038,0.8686205998736048,0.9884563085650038,0.891348758927162,67.02946616054885,0.0,7755.695885634305,20.192166262571476,1.1853601630586759,8.255788996352803e-19,0.3916
P,0.25,1,0.7682940504851852,0.7183881262351453,0.8618507700721485,0.7183881262351453,0.7682940504851852,165.10513527045205,0.0,15830.342793971644,44.67823110801341,1.167036442645817,8.255788996352803e-19,0.3916
P,0.25,1,0.23365757864493597,0.5156718360178286,0.85560173695007,0.5156718360178286,0.23365757864493597,62.219997128995594,0.0,3662.0521418643834,-6.410229344176849,1.2173738541428014,8.255788996352803e-19,-0.641122934417685
P,0.25,1,0.1347363182762652,0.5785400341661637,0.059215003964046276,0.5785400341661637,0.1347363182762652,84.67588415316916,0.0,3145.2173598252343,-11.692830678902187,1.2378464426446454,8.255788996352803e-19,-1.1693830678902186
P,0.25,1,0.7674005724711627,0.5995262541974781,0.7061694179875,0.5995262541974781,0.7674005724711627,54.291087266334735,0.0,4669.064819087464,3.1041543071355218,1.2132186535204075,8.255788996352803e-19,0.31031543071355217
P,0.25,1,0.7049527909882473,0.20621496472551593,0.5710823086690714,0.20621496472551593,0.7049527909882473,171.6851552089637,0.0,10272.8577480796,18.368499959254333,1.2084788173876813,8.255788996352803e-19,0.3916
P,0.25,1,0.8080822943415562,0.11002393031957924,0.19774757361954254,0.11002393031957924,0.8080822943415562,44.86190707307232,0.0,2281.1831384889915,-11.249044170459053,1.2478325953551659,8.255788996352803e-19,-1.1250044170459053
P,0.25,1,0.5934016968030843,0.27495254113112944,0.8341925873975446,0.27495254113112944,0.5934016968030843,61.80588632543134,0.0,3972.420471753681,-3.3612668720566936,1.2213721079859323,8.255788996352803e-19,-0.33622668720566934
P,0.25,1,0.735506071051206,0.5849587231457957,0.3111415180037881,0.5849587231457957,0.735506071051206,54.02680937458899,0.0,3987.2745731396367,-1.2969430555043346,1.2261274599101024,8.255788996352803e-19,-0.12979430555043345
P,0.25,1,0.6810574716108679,0.3121353815802143,0.5612640072657937,0.3121353815802143,0.6810574716108679,120.39764113079525,0.0,7668.275398769004,10.374121665097556,1.2135557334801736,8.255788996352803e-19,0.3916
P,0.25,1,0.8605231032742738,0.8184644834935222,0.9826850914155977,0.8184644834935222,0.8605231032742738,91.28235986141208,0.0,9905.64280853517,26.956938750036034,1.1787983069959656,8.255788996352803e-19,0.3916
P,0.25,1,0.31884953139241035,0.5669081989143939,0.5797707255780841,0.5669081989143939,0.31884953139241035,103.08193917136089,0.0,6059.37849048683,2.9620299526395346,1.2131979294823254,8.255788996352803e-19,0.29610299526395345
P,0.25,1,0.7440123094261712,0.150835883835014,0.2784698953667642,0.150835883835014,0.7440123094261712,123.6051788715675,0.0,6390.90158022628,3.8429647461192444,1.2297436668464365,8.255788996352803e-19,0.38419647461192447
P,0.25,1,0.053994168226407846,0.9325075727426276,0.5552756606681235,0.9325075727426276,0.053994168226407846,97.78820502556188,0.0,6180.896978975658,3.5913924765471434,1.2045060816236903,8.255788996352803e-19,0.35903924765471434
P,0.25,1,0.7695445710871273,0.40094537633396005,0.6846329746301366,0.40094537633396005,0.7695445710871273,36.65843892598062,0.0,2772.856114730292,-6.704383678311356,1.2292335561665337,8.255788996352803e-19,-0.6705383678311356
P,0.25,1,0.8583695565737646,0.10658779431034654,0.6574684559003507,0.10658779431034654,0.8583695565737646,63.78259200448746,0.0,4125.750107621427,-1.8764244167129454,1.2283257946950679,8.255788996352803e-19,-0.18774244167129453
P,0.25,1,0.991652065346672,0.03957576357642972,0.8522392402110278,0.03957576357642972,0.991652065346672,17.383646338414472,0.0,1266.7006323051983,-14.630234023917774,1.2459655868594315,8.255788996352803e-19,-1.4631234023917774
P,0.25,1,0.7768065119194841,0.49340128270738204,0.751316670805756,0.49340128270738204,0.7768065119194841,98.65139522025295,0.0,8118.349503659626,15.660789897301678,1.2009135057484877,8.255788996352803e-19,0.3916
P,0.25,1,0.7039040762839051,0.7230855534709152,0.7444329550540245,0.7230855534709152,0.7039040762839051,74.37446248543377,0.0,6690.749356479799,11.576811042024927,1.2003121849704521,8.255788996352803e-19,0.3916
P,0.25,1,0.589387983530806,0.051597055697947314,0.42786187811059595,0.051597055697947314,0.589387983530806,64.43340678374003,0.0,2754.2574497347664,-11.248715583013256,1.2420912466985592,8.255788996352803e-19,-1.1249715583013256
P,0.25,1,0.9249697557371506,0.23145365226681092,0.7182578365373774,0.23145365226681092,0.9249697557371506,22.41754357912049,0.0,1698.7480160327286,-11.958700459777804,1.24107736837049,8.255788996352803e-19,-1.1959700459777802
P,0.25,1,0.787364388122917,0.9373069092072516,0.13259119712357892,0.9373069092072516,0.787364388122917,55.922187055931836,0.0,5007.739288152584,5.353076704547417,1.216809525475112,8.255788996352803e-19,0.3916
P,0.25,1,0.6386434432716727,0.8803610727124555,0.610257883797145,0.8803610727124555,0.6386434432716727,61.235416959051335,0.0,5585.078644120164,7.304307343761906,1.2046868346762276,8.255788996352803e-19,0.3916
P,0.25,1,0.44871386549080083,0.9274810587180798,0.9296809476639257,0.9274810587180798,0.44871386549080083,68.7247542518067,0.0,6326.235264961705,9.741579530616885,1.1929319077130764,8.255788996352803e-19,0.3916
P,0.25,1,0.8501930664141372,0.5082490586584201,0.09505882096342044,0.5082490586584201,0.8501930664141372,64.29477229438797,0.0,4519.830986542632,0.7690706735711575,1.2302476758029823,8.255788996352803e-19,0.07680706735711576
P,0.25,1,0.24892290416728802,0.09768773475819281,0.05356754657883178,0.09768773475819281,0.24892290416728802,58.920545125249156,0.0,1100.0301157211854,-22.183394954708582,1.2583072580702765,8.255788996352803e-19,-2.218439495470858
P,0.25,1,0.1552744495860241,0.3767403192064701,0.03800029877713096,0.3767403192064701,0.1552744495860241,56.40468994670774,0.0,1553.9912808006604,-19.330130153208962,1.2500355422124594,8.255788996352803e-19,-1.9331130153208964
P,0.25,1,0.9094881909416225,0.23099282276771022,0.443217661134059,0.23099282276771022,0.9094881909416225,23.83219752315455,0.0,1623.0797106538546,-12.663283610833018,1.2461142638711014,8.255788996352803e-19,-1.2664283610833018
P,0.25,1,0.4343177900959485,0.06534081145973653,0.8329781954478602,0.06534081145973653,0.4343177900959485,34.596437437851456,0.0,1584.7723280979378,-16.78174371736791,1.2397987239603907,8.255788996352803e-19,-1.6782743717367912
P,0.25,1,0.7475380679244155,0.9714808691057645,0.7932434180002648,0.9714808691057645,0.7475380679244155,81.04039626908796,0.0,8572.617815864289,21.383548168102504,1.1849257178341177,8.255788996352803e-19,0.3916
P,0.25,1,0.845403233905134,0.16882206497997404,0.8058434100136835,0.16882206497997404,0.845403233905134,47.82008499831245,0.0,3388.4045090608433,-4.165825352092909,1.2270690833172606,8.255788996352803e-19,-0.416682535209291
P,0.25,1,0.1299275286372471,0.24409481327425048,0.1559954834874535,0.24409481327425048,0.1299275286372471,54.06792015012625,0.0,1221.9892894662028,-21.530724347810743,1.2521776663357895,8.255788996352803e-19,-2.1531724347810743
P,0.25,1,0.5991710574827358,0.99863517230113,0.8057383099645444,0.99863517230113,0.5991710574827358,75.69481794797171,0.0,7572.037951143053,16.277356669632344,1.1884377738380547,8.255788996352803e-19,0.3916
P,0.25,1,0.5364809423749315,0.37777617705755195,0.8031996357391813,0.37777617705755195,0.5364809423749315,46.666630111511466,0.0,3070.330448637111,-7.1786756432428875,1.224733181563843,8.255788996352803e-19,-0.7179675643242888
P,0.25,1,0.8952305006434096,0.15162747039921554,0.839366991180465,0.15162747039921554,0.8952305006434096,128.70141994719594,0.0,9437.298458354602,18.753119812550892,1.2036750403425887,8.255788996352803e-19,0.3916
P,0.25,1,0.6606797293681276,0.9045449783946125,0.7311611504613552,0.9045449783946125,0.6606797293681276,81.27696468488614,0.0,7846.499639962381,16.921014139433726,1.191492639304924,8.255788996352803e-19,0.3916
P,0.25,1,0.6368675969082029,0.16178454526658143,0.9964759309141002,0.16178454526658143,0.6368675969082029,67.02946616054885,0.0,4346.49257917293,-1.7431524147478712,1.218421496451397,8.255788996352803e-19,-0.1744152414747871
P,0.25,1,0.6999301435127284,0.5156718360178286,0.7355980173244443,0.5156718360178286,0.6999301435127284,41.907032867856266,0.0,3317.7818627595448,-3.9798908229446517,1.2222334536819854,8.255788996352803e-19,-0.39808908229446516
P,0.25,1,0.6083325362219831,0.29233318113744006,0.5668697598147086,0.29233318113744006,0.6083325362219831,103.6100467175062,0.0,6134.235910051891,3.990522968491022,1.219450496381065,8.255788996352803e-19,0.3916
P,0.25,1,0.7418022941349643,0.0701458600485832,0.7999271237755287,0.0701458600485832,0.7418022941349643,146.05816347084718,0.0,8850.47997690893,13.80776571278788,1.210306761104942,8.255788996352803e-19,0.3916
P,0.25,1,0.9938301006945458,0.5225862605934181,0.8958092140372784,0.5225862605934181,0.9938301006945458,54.291087266334735,0.0,5332.256055471247,8.110880540257046,1.2069094626035166,8.255788996352803e-19,0.3916
P,0.25,1,0.0773984896392641,0.03514670288923616,0.726447023934739,0.03514670288923616,0.0773984896392641,36.347145720833,0.0,864.6417215861655,-23.67126131909241,1.2467267537930546,8.255788996352803e-19,-2.367226131909241
P,0.25,1,0.7371149729155891,0.15983877653750966,0.32190920170605053,0.15983877653750966,0.7371149729155891,73.57114259807952,0.0,3891.5763048035456,-4.837950951411771,1.2367588237823246,8.255788996352803e-19,-0.4838950951411771
P,0.25,1,0.7875669298195618,0.2193925621891305,0.5371717324343098,0.2193925621891305,0.7875669298195618,104.54164737263731,0.0,6667.3806523725425,7.165091816195085,1.219439544256593,8.255788996352803e-19,0.3916
P,0.25,1,0.9308461506534386,0.48275048578591606,0.8744487007274288,0.48275048578591606,0.9308461506534386,194.50439432468676,0.0,17999.6407520775,51.360484858613816,1.1664084525704692,8.255788996352803e-19,0.3916
P,0.25,1,0.34656436636871235,0.5606630522520468,0.4315443918234885,0.5606630522520468,0.34656436636871235,5.384666614217615,0.0,302.3489266076211,-26.31148918270084,1.2604476852468698,8.255788996352803e-19,-2.6312489182700842
P,0.25,1,0.6810574716108679,0.49188598915306947,0.8687980339700234,0.49188598915306947,0.6810574716108679,39.72918352400914,0.0,3192.9202142211784,-4.6104553256069964,1.2208095136457915,8.255788996352803e-19,-0.4611455325606997
P,0.25,1,0.8494756472373336,0.046602279168046046,0.6103782579983217,0.046602279168046046,0.8494756472373336,60.262806843937724,0.0,3619.586226391483,-4.57258242659667,1.2331819465880078,8.255788996352803e-19,-0.457358242659667
P,0.25,1,0.9041439716485442,0.40042946582203165,0.6297050586482615,0.40042946582203165,0.9041439716485442,99.08569489534153,0.0,8023.09736257069,15.426627816416095,1.2063700709381446,8.255788996352803e-19,0.3916
P,0.25,1,0.1435737975271717,0.7954245985650128,0.5380596363119988,0.7954245985650128,0.1435737975271717,127.22562929907377,0.0,7684.607488438076,8.565007006113653,1.203461227871468,8.255788996352803e-19,0.3916
P,0.25,1,0.8213606716529591,0.40180104804309946,0.8863385219067551,0.40180104804309946,0.8213606716529591,30.125399620158078,0.0,2509.944334575708,-7.393797352247066,1.2278954527389312,8.255788996352803e-19,-0.7394797352247067
P,0.25,1,0.9969735769528638,0.2706898872306964,0.5475762617155298,0.2706898872306964,0.9969735769528638,40.86993695703267,0.0,3149.9514755828204,-3.8496006509165026,1.2320515422317844,8.255788996352803e-19,-0.38506006509165025
P,0.25,1,0.8583695565737646,0.04956416707704392,0.8769260126449765,0.04956416707704392,0.8583695565737646,48.272303786745965,0.0,3249.683598337618,-5.209909986036107,1.2287471995475787,8.255788996352803e-19,-0.5210909986036107
P,0.25,1,0.9423441865761288,0.24017194774515188,0.3231464842369758,0.24017194774515188,0.9423441865761288,63.102436051873376,0.0,4240.765696239643,-0.650977968103287,1.232376920200422,8.255788996352803e-19,-0.0651977968103287
P,0.25,1,0.7725005905635027,0.2791980853182969,0.8325814684032896,0.2791980853182969,0.7725005905635027,74.37446248543377,0.0,5459.046165463259,4.331087799274406,1.214389676088073,8.255788996352803e-19,0.3916
P,0.25,1,0.787364388122917,0.08346971098781764,0.838730083716004,0.08346971098781764,0.787364388122917,80.0028958387028,0.0,5160.983374305283,1.7589447507480103,1.220572919868899,8.255788996352803e-19,0.17579447507480103
P,0.25,1,0.8232629129932743,0.3026354785073798,0.8529999758139161,0.3026354785073798,0.8232629129932743,80.0213577197489,0.0,6211.251302106751,7.977249150346849,1.210116476497032,8.255788996352803e-19,0.3916
P,0.25,1,0.8129590254243414,0.19010462854122523,0.502957203920245,0.19010462854122523,0.8129590254243414,104.95229318022497,0.0,6583.354332544688,6.7428638541908725,1.221333002629403,8.255788996352803e-19,0.3916
P,0.25,1,0.8501930664141372,0.33187267997333497,0.5580587469091094,0.33187267997333497,0.8501930664141372,5.04387855998456,0.0,368.4793174534636,-23.656642270359455,1.2605751341570617,8.255788996352803e-19,-2.3657642270359456
P,0.25,1,0.0781147036610752,0.6625308116927461,0.9025467976898859,0.6625308116927461,0.0781147036610752,46.44337665622156,0.0,2767.8369537903914,-10.80668911140132,1.218576409217474,8.255788996352803e-19,-1.080768911140132
P,0.25,1,0.4517752565261675,0.3754804409372139,0.4592977335363189,0.3754804409372139,0.4517752565261675,60.53571784842605,0.0,3199.0238246517124,-8.365292115551066,1.2318236351959766,8.255788996352803e-19,-0.8366292115551065
P,0.25,1,0.6899045130605024,0.39097019598889143,0.4542991329749284,0.39097019598889143,0.6899045130605024,54.51185749131545,0.0,3565.1416451623168,-4.41134750868679,1.2293825553531215,8.255788996352803e-19,-0.441234750868679
P,0.25,1,0.6632525905766954,0.05542849563013086,0.9169578559321137,0.05542849563013086,0.6632525905766954,83.59181313941664,0.0,4920.046996996634,-0.4470008178569526,1.220851643206891,8.255788996352803e-19,-0.044800081785695264
P,0.25,1,0.6923164488205703,0.3279085587421596,0.610257883797145,0.3279085587421596,0.6923164488205703,81.83557141285497,0.0,5423.05488892249,2.8887142997534228,1.2192649620865643,8.255788996352803e-19,0.2887714299753423
P,0.25,1,0.23068613537045135,0.523843367735595,0.44414760777108697,0.523843367735595,0.23068613537045135,136.08395726802942,0.0,6645.002134822986,2.9072472185477065,1.2169203371508706,8.255788996352803e-19,0.2906247218547707
P,0.25,1,0.9298351781397404,0.06493974308296063,0.8388811741847805,0.06493974308296063,0.9298351781397404,120.27956377065428,0.0,8505.061220891663,15.111805349433677,1.2089798858276666,8.255788996352803e-19,0.3916
P,0.25,1,0.8691141775172578,0.37502571828024556,0.878921027459342,0.37502571828024556,0.8691141775172578,89.35074585803663,0.0,7521.547615907448,14.02974928240492,1.2024332546321537,8.255788996352803e-19,0.3916
P,0.25,1,0.87159179284599,0.1555621095651467,0.9372159829954907,0.1555621095651467,0.87159179284599,63.549689443203796,0.0,4752.76019194439,2.0366074641096437,1.2175341502243204,8.255788996352803e-19,0.2035607464109644
P,0.25,1,0.5991710574827358,0.009537154411853987,0.378790989730846,0.009537154411853987,0.5991710574827358,70.73314245914186,0.0,2822.619159371258,-11.394695877940245,1.2440914631045334,8.255788996352803e-19,-1.1395695877940244
P,0.25,1,0.7676514522240109,0.14783057653456538,0.8680683511959856,0.14783057653456538,0.7676514522240109,59.533639637729976,0.0,4017.080569772057,-2.2437761633851463,1.2229865069357027,8.255788996352803e-19,-0.22447761633851462
P,0.25,1,0.12099718352384459,0.5620711265896555,0.5366266323001828,0.5620711265896555,0.12099718352384459,66.94851197849346,0.0,3184.679210101332,-10.130354970885213,1.2262975607965148,8.255788996352803e-19,-1.0131354970885211
P,0.25,1,0.9779922881789525,0.3652833469015477,0.05109494419386018,0.3652833469015477,0.9779922881789525,112.376802989769,0.0,7691.198232156079,12.267444525374577,1.2232883377859611,8.255788996352803e-19,0.3916
P,0.25,1,0.8491571290140391,0.13195581229952424,0.8371848152016007,0.13195581229952424,0.8491571290140391,127.04148686318466,0.0,8891.03243482167,16.1076807834673,1.2063872986938258,8.255788996352803e-19,0.3916
P,0.25,1,0.3300109708383827,0.9884563085650038,0.6996577513859753,0.9884563085650038,0.3300109708383827,79.52078459651716,0.0,6633.210959630828,9.356863111416416,1.1962009990213958,8.255788996352803e-19,0.3916
P,0.25,1,0.6071300243445144,0.9139029692712823,0.5252850909409252,0.9139029692712823,0.6071300243445144,103.6100467175062,0.0,9240.335296680018,20.61734902823003,1.1920080326324338,8.255788996352803e-19,0.3916
P,0.25,1,0.7674005724711627,0.5995262541974781,0.6477845735802489,0.5995262541974781,0.7674005724711627,68.5060834416848,0.0,5791.569763570084,7.460653657850925,1.2093630445775392,8.255788996352803e-19,0.3916
P,0.25,1,0.7499497492000513,0.6735770444366762,0.9101018665560302,0.6735770444366762,0.7499497492000513,20.447529358827254,0.0,1920.6136611964082,-10.836368511293127,1.2309928737396634,8.255788996352803e-19,-1.0837368511293126
P,0.25,1,0.7870294195958785,0.5825659112574176,0.7521778744440487,0.5825659112574176,0.7870294195958785,78.28335674685422,0.0,6832.901216255572,11.881093024819304,1.2029291884639994,8.255788996352803e-19,0.3916
P,0.25,1,0.5668757767994284,0.08150757419929833,0.8012740394969249,0.08150757419929833,0.5668757767994284,32.6323374530987,0.0,1711.599336669849,-15.031335871780142,1.2396099292222973,8.255788996352803e-19,-1.503233587178014
P,0.25,1,0.7524224521860274,0.7999880272264438,0.9201249127125525,0.7999880272264438,0.7524224521860274,75.36734740529884,0.0,7583.737344692244,16.760269378085034,1.1901091894137683,8.255788996352803e-19,0.3916
P,0.25,1,0.1347363182762652,0.02289519994051431,0.8200803232604217,0.02289519994051431,0.1347363182762652,194.50439432468676,0.0,5520.731813195816,-5.585199363362963,1.2263622909359568,8.255788996352803e-19,-0.5586199363362964
P,0.25,1,0.45408804258378316,0.41936781165598097,0.4870217604013551,0.41936781165598097,0.45408804258378316,95.17048024397597,0.0,5315.11302666212,0.12069257701685865,1.2216272445352578,8.255788996352803e-19,0.011969257701685864
P,0.25,1,0.34656436636871235,0.16360395479455464,0.7029756243603499,0.16360395479455464,0.34656436636871235,60.852862846706365,0.0,2621.71212516859,-12.527570323706266,1.2339952721327128,8.255788996352803e-19,-1.2528570323706265
P,0.25,1,0.6810574716108679,0.23159343954288075,0.32531719072459886,0.23159343954288075,0.6810574716108679,120.39764113079525,0.0,6473.236403502585,4.377190178869211,1.2262160755622942,8.255788996352803e-19,0.3916
P,0.25,1,0.0941829260032448,0.03695190621809408,0.4012941968698168,0.03695190621809408,0.0941829260032448,59.24577887248519,0.0,982.833944877312,-23.56664281940598,1.2524023278556722,8.255788996352803e-19,-2.356764281940598
P,0.25,1,0.8970670164341649,0.9325075727426276,0.13205832042610544,0.9325075727426276,0.8970670164341649,110.66436438763398,0.0,10488.789202852153,26.89773798528924,1.1959915571988187,8.255788996352803e-19,0.3916
P,0.25,1,0.9672798080536065,0.1485890461334215,0.6266162293364212,0.1485890461334215,0.9672798080536065,49.93989731988333,0.0,3568.647553828636,-2.8339489307213555,1.230435072862758,8.255788996352803e-19,-0.28349489307213555
P,0.25,1,0.7379135995395488,0.43713554977220465,0.6502316240107374,0.43713554977220465,0.7379135995395488,65.74571288292385,0.0,4931.470741188904,2.5437179271598085,1.217166659218051,8.255788996352803e-19,0.2542717927159809
P,0.25,1,0.9238988944626381,0.3741217888364703,0.589367642979347,0.3741217888364703,0.9238988944626381,71.59333613090742,0.0,5701.351448427685,6.769122574422406,1.2164118790474459,8.255788996352803e-19,0.3916
P,0.25,1,0.8960225159957972,0.7539211694441045,0.8683664034300893,0.7539211694441045,0.8960225159957972,58.729640355187684,0.0,6120.001126859341,11.940441757780333,1.1985146117536634,8.255788996352803e-19,0.3916
P,0.25,1,0.18012811394431294,0.9404896421609317,0.5889057880641402,0.9404896421609317,0.18012811394431294,51.800853368993074,0.0,3665.093362726437,-4.895924431800925,1.2143236692234352,8.255788996352803e-19,-0.48969244318009253
P,0.25,1,0.9841775630070188,0.35358380169228437,0.6681958449567085,0.35358380169228437,0.9841775630070188,66.40836834862537,0.0,5551.272368498206,6.94883292168589,1.2153609629789002,8.255788996352803e-19,0.3916
P,0.25,1,0.8213606716529591,0.21216029033337758,0.5956517390001712,0.21216029033337758,0.8213606716529591,158.80952753034268,0.0,10571.528064368875,21.079375035062476,1.205704648408498,8.255788996352803e-19,0.3916
P,0.25,1,0.8106100758373478,0.9945766980161744,0.9634897943842131,0.9945766980161744,0.8106100758373478,92.05478552388014,0.0,10526.15022429371,30.135558579125874,1.172413087970368,8.255788996352803e-19,0.3916
P,0.25,1,0.6923164488205703,0.3297659528429232,0.4507000734294808,0.3297659528429232,0.6923164488205703,76.12397800724182,0.0,4747.975975231236,-0.2156077017525234,1.2258453045340947,8.255788996352803e-19,-0.02166077017525234
P,0.25,1,0.9192898676405807,0.5082490586584201,0.23837775619060675,0.5082490586584201,0.9192898676405807,20.9637508162821,0.0,1621.2608135968658,-11.972394146059482,1.2459297265024132,8.255788996352803e-19,-1.1973394146059482
P,0.25,1,0.7003720366514065,0.04774681025370231,0.5870979668002365,0.04774681025370231,0.7003720366514065,20.9637508162821,0.0,1091.8632413928005,-17.83008197390617,1.2501344384822017,8.255788996352803e-19,-1.7831081973906173
P,0.25,1,0.8570312980325171,0.0048965507686201115,0.9199997174716941,0.0048965507686201115,0.8570312980325171,119.2113848519895,0.0,7879.441634484982,11.843529705584247,1.2111018693513147,8.255788996352803e-19,0.3916
P,0.25,1,0.6559896158828302,0.38032383325641184,0.9671230584688257,0.38032383325641184,0.6559896158828302,24.039184358155907,0.0,1826.8277403236254,-12.657380237824732,1.232894427019081,8.255788996352803e-19,-1.2658380237824731
P,0.25,1,0.12020888367560978,0.9714808691057645,0.007812139203817958,0.9714808691057645,0.12020888367560978,16.160147145140378,0.0,885.2494850657471,-21.79289933629391,1.24696500245783,8.255788996352803e-19,-2.179389933629391
P,0.25,1,0.4866604704466259,0.722644560905166,0.31809934313662,0.722644560905166,0.4866604704466259,66.06682218055174,0.0,4520.142341887204,-0.6073005827515803,1.2207170156762226,8.255788996352803e-19,-0.06083005827515803
P,0.25,1,0.7152009848474258,0.6625308116927461,0.7235646478231863,0.6625308116927461,0.7152009848474258,65.0131070693376,0.0,5654.560888077761,7.120692280577283,1.2066968498777761,8.255788996352803e-19,0.3916
P,0.25,1,0.786505678533117,0.09098586881931231,0.8329781954478602,0.09098586881931231,0.786505678533117,61.176993894740384,0.0,3958.0923011874324,-2.8178543273116667,1.225413531993449,8.255788996352803e-19,-0.2818854327311667
P,0.25,1,0.9924136325748922,0.5387737400655432,0.4130485494361562,0.5387737400655432,0.9924136325748922,23.789108903263934,0.0,2066.9305810740925,-8.5720584632618,1.2392842510476054,8.255788996352803e-19,-0.85730584632618
P,0.25,1,0.8719576755406766,0.38364623977316414,0.19817890054943021,0.38364623977316414,0.8719576755406766,25.75222978170033,0.0,1744.3187417190734,-11.97151882192046,1.2469277123328721,8.255788996352803e-19,-1.197251882192046
P,0.25,1,0.39171996203919524,0.22127082898595762,0.6997894483665216,0.22127082898595762,0.39171996203919524,68.50856945007648,0.0,3298.295459556414,-8.943729310356757,1.2294815426761319,8.255788996352803e-19,-0.8944729310356756
P,0.25,1,0.9292765401997836,0.8510068876440485,0.9476347039297358,0.8510068876440485,0.9292765401997836,140.03760199594336,0.0,15782.943393079815,48.41649515140445,1.15930435859248,8.255788996352803e-19,0.3916
P,0.25,1,0.27460843042199423,0.16996911470297021,0.8970930804062649,0.16996911470297021,0.27460843042199423,79.09404828042018,0.0,3532.039976267331,-8.987060207996553,1.2253480443006868,8.255788996352803e-19,-0.8988060207996552
P,0.25,1,0.756944422081673,0.18159537564207118,0.7520157568331324,0.18159537564207118,0.756944422081673,71.03722360823126,0.0,4669.090860683001,0.07276172453190279,1.222188678273686,8.255788996352803e-19,0.0071761724531902785
P,0.25,1,0.7742129677618138,0.9884563085650038,0.9575347123436547,0.9884563085650038,0.7742129677618138,46.67186569034063,0.0,5230.601473269308,8.666358283166867,1.1965329164277543,8.255788996352803e-19,0.3916
P,0.25,1,0.8786536276513981,0.3235710761124904,0.3398670134995231,0.3235710761124904,0.8786536276513981,120.0753297210623,0.0,8238.117477844466,13.848682468228105,1.2159914402500294,8.255788996352803e-19,0.3916
P,0.25,1,0.5136382928925934,0.04953417922022685,0.937221131403555,0.04953417922022685,0.5136382928925934,77.456456369926,0.0,3995.912892585805,-5.5024254524265315,1.2246956127315638,8.255788996352803e-19,-0.5503425452426531
P,0.25,1,0.7674005724711627,0.6823016623765872,0.8249155026951839,0.6823016623765872,0.7674005724711627,75.52142028416708,0.0,7031.648347690859,13.514383888790343,1.1977376801920228,8.255788996352803e-19,0.3916
P,0.25,1,0.8887549665871345,0.9729577429095939,0.49367891798777364,0.9729577429095939,0.8887549665871345,83.42354892327295,0.0,8795.145249267505,22.62516289987595,1.1910710313510802,8.255788996352803e-19,0.3916
P,0.25,1,0.3469096140021726,0.5825659112574176,0.13405783209583277,0.5825659112574176,0.3469096140021726,125.74579935661441,0.0,6265.312376731444,2.188983482291257,1.2239346354963483,8.255788996352803e-19,0.21879834822912572
P,0.25,1,0.9673246730647205,0.45307728273316755,0.9587540414606488,0.45307728273316755,0.9673246730647205,98.35311556944113,0.0,9342.459061743693,22.738636551937894,1.1912152258941617,8.255788996352803e-19,0.3916
P,0.25,1,0.42485066307666364,0.23159343954288075,0.9599944623157577,0.23159343954288075,0.42485066307666364,70.11847788245447,0.0,3984.276826358966,-4.946184384531881,1.219788453201076,8.255788996352803e-19,-0.4947184384531881
P,0.25,1,0.5978143635152009,0.7704571943017382,0.9363924705994567,0.7704571943017382,0.5978143635152009,64.26755214233766,0.0,5901.26448259246,8.408722123490628,1.1981349692407235,8.255788996352803e-19,0.3916
P,0.25,1,0.9211725059080538,0.14542766599565615,0.5382598221519963,0.14542766599565615,0.9211725059080538,95.17048024397597,0.0,6356.103673675235,6.94543355447928,1.2217296620808955,8.255788996352803e-19,0.3916
P,0.25,1,0.7992854719308454,0.06687964815691205,0.866021224105178,0.06687964815691205,0.7992854719308454,168.94876462279703,0.0,10974.706748651472,21.912647096492346,1.2017263228067219,8.255788996352803e-19,0.3916
P,0.25,1,0.34656436636871235,0.16691600943284318,0.9523273724898396,0.16691600943284318,0.34656436636871235,85.29423607981582,0.0,4220.546713158998,-5.442950159922935,1.2210552652830378,8.255788996352803e-19,-0.5443950159922936
P,0.25,1,0.4596749186190493,0.6818888520860172,0.7500146553529705,0.6818888520860172,0.4596749186190493,86.53518767490152,0.0,6561.838231038956,8.108500973999492,1.2028823979174528,8.255788996352803e-19,0.3916
P,0.25,1,0.7642989240456217,0.2229655648649307,0.46632278594174487,0.2229655648649307,0.7642989240456217,25.151854070295766,0.0,1534.7986842346809,-14.298150658601614,1.246050957206894,8.255788996352803e-19,-1.4299150658601614
P,0.25,1,0.9307509708902878,0.9667768804739696,0.2028041855632925,0.9667768804739696,0.9307509708902878,71.334710385458,0.0,7129.654432323388,15.693835110289399,1.2048492179156194,8.255788996352803e-19,0.3916
P,0.25,1,0.18049963658797818,0.35358380169228437,0.8398230125856702,0.35358380169228437,0.18049963658797818,66.40836834862537,0.0,3167.662384096836,-10.158932235798078,1.2239901497710661,8.255788996352803e-19,-1.0159932235798077
P,0.25,1,0.7887601115454126,0.07692301374962168,0.2676559231035752,0.07692301374962168,0.7887601115454126,125.55238301087499,0.0,6274.549939970406,3.2016413479146664,1.2323221168888043,8.255788996352803e-19,0.32006413479146667
P,0.25,1,0.5835392342899492,0.29453107950077484,0.5956517390001712,0.29453107950077484,0.5835392342899492,158.80952753034268,0.0,9337.175864657336,14.775429610233083,1.2088156167588169,8.255788996352803e-19,0.3916
P,0.25,1,0.8232629129932743,0.46048779985283583,0.8529999758139161,0.46048779985283583,0.8232629129932743,58.79267696878379,0.0,5027.510849250562,4.617781844794997,1.2110918269171538,8.255788996352803e-19,0.3916
P,0.25,1,0.70219666008224,0.9976464978683334,0.5889057880641402,0.9976464978683334,0.70219666008224,90.24575725137329,0.0,8998.837869729889,21.873932939193324,1.188171269572553,8.255788996352803e-19,0.3916
P,0.25,1,0.29412183894478994,0.6986375239679719,0.6684147241192909,0.6986375239679719,0.29412183894478994,65.85258485124686,0.0,4369.20944255133,-2.1987329513972855,1.2140206825141056,8.255788996352803e-19,-0.21997329513972855
P,0.25,1,0.6414642367084374,0.4664901750119057,0.25832397144160724,0.4664901750119057,0.6414642367084374,196.45173240457598,0.0,12151.682973171062,24.91662636226686,1.2040439893627,8.255788996352803e-19,0.3916
P,0.25,1,0.7152009848474258,0.6625308116927461,0.36170535277563254,0.6625308116927461,0.7152009848474258,79.47401956287014,0.0,6193.3486445932285,7.900296449453509,1.2135241114118456,8.255788996352803e-19,0.3916
P,0.25,1,0.6441864409764406,0.646279717089993,0.42337883496362216,0.646279717089993,0.6441864409764406,65.05637202182686,0.0,4886.2395978764025,2.2314045903125694,1.2179775762479597,8.255788996352803e-19,0.22304045903125697
P,0.25,1,0.49815234369856926,0.8241851740342019,0.6687841733280333,0.8241851740342019,0.49815234369856926,175.31376120151674,0.0,14522.374912035088,36.971132041364356,1.175316902045587,8.255788996352803e-19,0.3916
P,0.25,1,0.785231156921607,0.5082490586584201,0.7434564394980163,0.5082490586584201,0.785231156921607,130.96515412879438,0.0,10904.213969471783,25.56167803100864,1.1916702879428314,8.255788996352803e-19,0.3916
P,0.25,1,0.66240843872693,0.23099282276771022,0.8169177235325602,0.23099282276771022,0.66240843872693,81.17723491571256,0.0,5284.070252667511,2.011310723749253,1.2172651174229792,8.255788996352803e-19,0.2010310723749253
P,0.25,1,0.22617666620000476,0.9568516547403078,0.18965539237102713,0.9568516547403078,0.22617666620000476,107.1202581434462,0.0,6844.213321233724,6.63501655950991,1.2102071303476654,8.255788996352803e-19,0.3916
P,0.25,1,0.6514052962070371,0.25102209679100307,0.7341610852618385,0.25102209679100307,0.6514052962070371,64.59103759963696,0.0,4099.941740162381,-2.7634714455259064,1.2236300533728748,8.255788996352803e-19,-0.2764471445525906
P,0.25,1,0.9292765401997836,0.4502544406117191,0.9476347039297358,0.4502544406117191,0.9292765401997836,48.82618349793009,0.0,4524.596289086093,3.7006872736272354,1.2117022786539167,8.255788996352803e-19,0.36996872736272357
P,0.25,1,0.8920675916356411,0.8128972024744495,0.6742119902012226,0.8128972024744495,0.8920675916356411,58.55694715363434,0.0,5978.871564389572,11.14778073956007,1.2023851298762842,8.255788996352803e-19,0.3916
P,0.25,1,0.946227894250771,0.8560682188787143,0.18965539237102713,0.8560682188787143,0.946227894250771,107.1202581434462,0.0,10161.019609195035,25.857950141345643,1.1974306144930553,8.255788996352803e-19,0.3916
P,0.25,1,0.07073763109221731,0.1555621095651467,0.9372159829954907,0.1555621095651467,0.07073763109221731,76.64392541669882,0.0,2663.022819739176,-14.445396619001283,1.2290084306495672,8.255788996352803e-19,-1.4446396619001283
P,0.25,1,0.8421134368750752,0.07925535792168653,0.8098535657666133,0.07925535792168653,0.8421134368750752,88.10429812806487,0.0,5842.617049092938,4.716476648237622,1.2186879767691274,8.255788996352803e-19,0.3916
P,0.25,1,0.6606797293681276,0.15192557758576364,0.7311611504613552,0.15192557758576364,0.6606797293681276,81.27696468488614,0.0,4787.968616927331,-0.8536204913657798,1.223491794115208,8.255788996352803e-19,-0.08546204913657798
P,0.25,1,0.7161776629779004,0.08206052255467211,0.7520157568331324,0.08206052255467211,0.7161776629779004,71.03722360823126,0.0,4170.759010792019,-3.0697363575830767,1.2269559164201675,8.255788996352803e-19,-0.30707363575830765
P,0.25,1,0.6456999999101984,0.522971129867867,0.9575347123436547,0.522971129867867,0.6456999999101984,46.67186569034063,0.0,3844.4513874675763,-1.4792089592317161,1.2139628764043666,8.255788996352803e-19,-0.1480208959231716
P,0.25,1,0.9212940108604323,0.16996911470297021,0.4439585478697575,0.16996911470297021,0.9212940108604323,124.04899150556021,0.0,8145.31976300519,12.997739885637937,1.2177911836539208,8.255788996352803e-19,0.3916
P,0.25,1,0.48338285779543644,0.5645998182503729,0.8440936146358202,0.5645998182503729,0.48338285779543644,69.12763196727495,0.0,5080.982855350527,2.1315288391006004,1.209376339644275,8.255788996352803e-19,0.21305288391006005
P,0.25,1,0.3469096140021726,0.3735966611409099,0.621277870262218,0.3735966611409099,0.3469096140021726,88.1137783911776,0.0,4542.9050273612165,-3.758671371311162,1.2227325735609005,8.255788996352803e-19,-0.3759671371311162
P,0.25,1,0.7674005724711627,0.360648195751876,0.7083350953218046,0.360648195751876,0.7674005724711627,87.77794980676362,0.0,6505.295468921333,8.369636394756244,1.2114821011820085,8.255788996352803e-19,0.3916
P,0.25,1,0.9495911847523597,0.07119359629697086,0.1592743467483354,0.07119359629697086,0.9495911847523597,57.82497559319816,0.0,3181.5936328379107,-6.554125281909218,1.2450647748300694,8.255788996352803e-19,-0.6555125281909218
P,0.25,1,0.4323164339219277,0.5971052732223646,0.8577017189539374,0.5971052732223646,0.4323164339219277,59.10989225759751,0.0,4309.916714759647,-1.2189771558737776,1.211989852325465,8.255788996352803e-19,-0.12199771558737775
P,0.25,1,0.7841102245005959,0.7210976557156668,0.5613983698638677,0.7210976557156668,0.7841102245005959,85.34654151062851,0.0,7621.049573489765,15.218749640514348,1.2011280339221595,8.255788996352803e-19,0.3916
P,0.25,1,0.847849001999565,0.04125938726970346,0.4870217604013551,0.04125938726970346,0.847849001999565,63.967905899656806,0.0,3622.5641424795767,-5.0342766079985495,1.2363226689104803,8.255788996352803e-19,-0.503527660799855
P,0.25,1,0.5661264913320736,0.38087414888820736,0.4533178002070713,0.38087414888820736,0.5661264913320736,56.83204154983306,0.0,3335.0733880520556,-6.653686275693208,1.2309728039811085,8.255788996352803e-19,-0.6654686275693209
P,0.25,1,0.690552870463192,0.68785173001186,0.7325935670888659,0.68785173001186,0.690552870463192,77.88767701372583,0.0,6794.536894195505,11.493273959786414,1.2011901977080246,8.255788996352803e-19,0.3916
P,0.25,1,0.8319983680288017,0.10161540878606828,0.6054973921348794,0.10161540878606828,0.8319983680288017,100.62463839710799,0.0,6220.4263380768325,5.298149363224734,1.222249706265018,8.255788996352803e-19,0.3916
P,0.25,1,0.755200242993156,0.8264040732922926,0.995651545551529,0.8264040732922926,0.755200242993156,49.52482031482115,0.0,5149.170075899456,7.273112191802017,1.1993489630255618,8.255788996352803e-19,0.3916
P,0.25,1,0.9022231312681308,0.04597503608641895,0.39483114438914835,0.04597503608641895,0.9022231312681308,64.02461018514259,0.0,3667.3736548688066,-4.567462128122613,1.2380825920580878,8.255788996352803e-19,-0.45684621281226134
P,0.25,1,0.7383414624535314,0.18687550203854497,0.8304075364452393,0.18687550203854497,0.7383414624535314,69.04846074552465,0.0,4627.699417266904,0.03644402464322086,1.220340654528652,8.255788996352803e-19,0.0035444024643220854
P,0.25,1,0.9182767614559273,0.0233114565433859,0.9878616278307041,0.0233114565433859,0.9182767614559273,80.72605023244346,0.0,5794.189073998593,5.612728407626125,1.215373167055493,8.255788996352803e-19,0.3916
P,0.25,1,0.8268240079971176,0.29453107950077484,0.5546259471976341,0.29453107950077484,0.8268240079971176,58.695027889942466,0.0,4104.743042742156,-1.2129882663521232,1.2264015159232602,8.255788996352803e-19,-0.12139882663521231
P,0.25,1,0.8539794084885242,0.5568432602653474,0.3145738532570681,0.5568432602653474,0.8539794084885242,66.40836834862537,0.0,5206.779981058434,4.611841807594379,1.2208240822150662,8.255788996352803e-19,0.3916
P,0.25,1,0.6558013611490723,0.0929285404250812,0.5889057880641402,0.0929285404250812,0.6558013611490723,55.48277682841114,0.0,2893.933911992907,-9.189703515814003,1.2364254325573818,8.255788996352803e-19,-0.9190703515814003
P,0.25,1,0.5540775064659125,0.2309920153970207,0.545050128962402,0.2309920153970207,0.5540775064659125,81.62224484307646,0.0,4316.162213564654,-3.821730198962611,1.2284094688972815,8.255788996352803e-19,-0.38227301989626106
P,0.25,1,0.8929665257019924,0.8321304362715461,0.6682809868053201,0.8321304362715461,0.8929665257019924,58.41754703233768,0.0,6014.780045009522,11.421689947608218,1.2019071702519073,8.255788996352803e-19,0.3916
P,0.25,1,0.7555973983447241,0.04088517484299159,0.8529999758139161,0.04088517484299159,0.7555973983447241,61.6376037039457,0.0,3769.0857218795027,-4.195050057291753,1.2270827868582797,8.255788996352803e-19,-0.4196050057291753
P,0.25,1,0.7152009848474258,0.16895091555414732,0.8213273860481881,0.16895091555414732,0.7152009848474258,65.34253131074563,0.0,4230.326422752916,-1.9239804914433416,1.2227807814472846,8.255788996352803e-19,-0.19249804914433416
P,0.25,1,0.7787072202861317,0.14332107710147202,0.9754705379395567,0.14332107710147202,0.7787072202861317,60.53571784842605,0.0,4267.052474300068,-0.8168976078889147,1.2193518133353098,8.255788996352803e-19,-0.08178976078889147
P,0.25,1,0.6599107035698789,0.4672866174675329,0.09505882096342044,0.4672866174675329,0.6599107035698789,64.29477229438797,0.0,3776.439385557629,-4.439340428134712,1.235201132040409,8.255788996352803e-19,-0.44403404281347125
P,0.25,1,0.5141507873082624,0.5176738283996987,0.23791461052211094,0.5176738283996987,0.5141507873082624,72.016658695334,0.0,4143.773441759325,-3.6619881358723307,1.2293845939823127,8.255788996352803e-19,-0.36629881358723304
P,0.25,1,0.2830386779157449,0.9714808691057645,0.5535493788609639,0.9714808691057645,0.2830386779157449,25.868521644870057,0.0,1980.6159050161552,-13.037264557156417,1.229571984824528,8.255788996352803e-19,-1.3038264557156416
P,0.25,1,0.986937578334021,0.1376103468177201,0.9449540425696189,0.1376103468177201,0.986937578334021,51.73930150922252,0.0,4131.447761071532,0.5476202322441583,1.2205082148154554,8.255788996352803e-19,0.05466202322441584
P,0.25,1,0.11777365410647667,0.51790794049979,0.9373993302815924,0.51790794049979,0.11777365410647667,81.17723491571256,0.0,4482.530847949895,-4.059250900120173,1.212009906087087,8.255788996352803e-19,-0.4060250900120173
P,0.25,1,0.4517646263651893,0.9603437623661313,0.9476347039297358,0.9603437623661313,0.4517646263651893,63.38642961836489,0.0,5977.104961405082,8.669374043372079,1.1933063020918095,8.255788996352803e-19,0.3916
P,0.25,1,0.6441864409764406,0.7422790743373954,0.8528629182562741,0.7422790743373954,0.6441864409764406,104.35336218481824,0.0,9459.094728885219,21.623635614645604,1.1872929990560415,8.255788996352803e-19,0.3916
P,0.25,1,0.44695688168002123,0.4831662672130908,0.378790989730846,0.4831662672130908,0.44695688168002123,57.6863111186837,0.0,3229.045039351084,-7.775085284903603,1.2310836585872094,8.255788996352803e-19,-0.7776085284903603
P,0.25,1,0.39932564697006995,0.3791064521980822,0.7462025717390064,0.3791064521980822,0.39932564697006995,100.19050980415174,0.0,5768.635845171163,1.8273057639900898,1.2146954720179994,8.255788996352803e-19,0.18263057639900898
P,0.25,1,0.9344597289584333,0.16996911470297021,0.9590596548656336,0.16996911470297021,0.9344597289584333,72.85213072071407,0.0,5769.738208138234,6.82182994225931,1.212167813818192,8.255788996352803e-19,0.3916
P,0.25,1,0.6459255928174402,0.07925535792168653,0.3086901332519649,0.07925535792168653,0.6459255928174402,116.33477660664006,0.0,5115.97313749489,-2.3145059109517683,1.235831168111905,8.255788996352803e-19,-0.2315505910951768
P,0.25,1,0.9359688903206498,0.9045449783946125,0.16085417630945276,0.9045449783946125,0.9359688903206498,75.84811855493552,0.0,7284.987871685309,15.67440887858685,1.2069185751743918,8.255788996352803e-19,0.3916
P,0.25,1,0.8157278803335206,0.9884563085650038,0.9107556013387751,0.9884563085650038,0.8157278803335206,46.67186569034063,0.0,5272.898684805622,9.12325605790317,1.1973065220274735,8.255788996352803e-19,0.3916
P,0.25,1,0.6614570268945421,0.4258092798001606,0.2775526140694484,0.4258092798001606,0.6614570268945421,114.00420709520809,0.0,6988.7008021579895,7.617745223821742,1.2201526894849346,8.255788996352803e-19,0.3916
P,0.25,1,0.7351989253710455,0.16191268225147465,0.46251933709982423,0.16191268225147465,0.7351989253710455,54.291087266334735,0.0,3063.0251711751507,-7.600977252168962,1.2368069494155445,8.255788996352803e-19,-0.7601977252168962
P,0.25,1,0.836370400343834,0.5825659112574176,0.6975052097829892,0.5825659112574176,0.836370400343834,59.28794792399123,0.0,5240.132421341921,6.008069946615795,1.2108583307820713,8.255788996352803e-19,0.3916
P,0.25,1,0.5183515695302884,0.42895652421459984,0.2732244388896574,0.42895652421459984,0.5183515695302884,97.9388276257802,0.0,5307.894235678469,0.030175276366031803,1.2266546714085862,8.255788996352803e-19,0.0029175276366031804
P,0.25,1,0.7499497492000513,0.45307728273316755,0.9084772066877567,0.45307728273316755,0.7499497492000513,91.28235986141208,0.0,7563.955905265784,13.647335117730767,1.1999793105506025,8.255788996352803e-19,0.3916
P,0.25,1,0.5968605286812436,0.4921359444105242,0.5121849675569454,0.4921359444105242,0.5968605286812436,103.40095517630846,0.0,6954.174146874363,8.3961733288273,1.2124033491634887,8.255788996352803e-19,0.3916
P,0.25,1,0.3991387842996218,0.3135418645832516,0.5220412785023961,0.3135418645832516,0.3991387842996218,64.26755214233766,0.0,3128.8699153108896,-9.43122578323195,1.2322513656505267,8.255788996352803e-19,-0.9432225783231949
P,0.25,1,0.5556012151581095,0.06687964815691205,0.866021224105178,0.06687964815691205,0.5556012151581095,65.34253131074563,0.0,3448.4242388716593,-7.281459188091917,1.228122020314896,8.255788996352803e-19,-0.7282459188091918
P,0.25,1,0.34656436636871235,0.9399468319817349,0.9887996626238491,0.9399468319817349,0.34656436636871235,53.85784095063437,0.0,4795.801149139325,2.6480603373030003,1.1990576736961556,8.255788996352803e-19,0.26470603373030005
P,0.25,1,0.5130878371219669,0.7943186145934519,0.9537413571374121,0.7943186145934519,0.5130878371219669,144.01461974051216,0.0,12848.099621478026,32.694775666349145,1.1731977459224734,8.255788996352803e-19,0.3916
P,0.25,1,0.8448962420180098,0.1088410363796054,0.6451191041952702,0.1088410363796054,0.8448962420180098,49.52482031482115,0.0,3160.418559932651,-5.958645649196691,1.2331544738001852,8.255788996352803e-19,-0.5959645649196691
P,0.25,1,0.6810574716108679,0.09065044946251172,0.8695527492342043,0.09065044946251172,0.6810574716108679,242.25117574324827,0.0,14613.611957339204,32.19682086350773,1.1915337191413773,8.255788996352803e-19,0.3916
P,0.25,1,0.6764216156628087,0.23881686022618576,0.7084514980404514,0.23881686022618576,0.6764216156628087,17.084346387363468,0.0,1084.39832723575,-17.735930696807834,1.2469819499999932,8.255788996352803e-19,-1.7736930696807836
P,0.25,1,0.27580806270271285,0.29453107950077484,0.5956517390001712,0.29453107950077484,0.27580806270271285,48.84838172869803,0.0,2120.422794759787,-14.800266253500086,1.2363682758675627,8.255788996352803e-19,-1.4801266253500085
P,0.25,1,0.8221797993103532,0.1376103468177201,0.69551174359719,0.1376103468177201,0.8221797993103532,63.15106644283595,0.0,4128.64627275763,-1.8760182373880947,1.2267319969639363,8.255788996352803e-19,-0.18770182373880945
P,0.25,1,0.26746349923850465,0.22955761684460146,0.7951470719607658,0.22955761684460146,0.26746349923850465,29.020713264924435,0.0,1298.088744293468,-19.12800817779193,1.240287051343564,8.255788996352803e-19,-1.912900817779193
P,0.25,1,0.7730360376592462,0.5178149595520153,0.3145738532570681,0.5178149595520153,0.7730360376592462,29.90672958528373,0.0,2165.4534645235485,-9.855384955992422,1.239293133979926,8.255788996352803e-19,-0.9856384955992421
P,0.25,1,0.9238988944626381,0.09617364320451893,0.8490219119807154,0.09617364320451893,0.9238988944626381,71.59333613090742,0.0,5171.127581529151,3.432900855076774,1.2192969844151533,8.255788996352803e-19,0.3431900855076774
P,0.25,1,0.7434969643418832,0.06282896471378319,0.4613344753814763,0.06282896471378319,0.7434969643418832,63.72796930011888,0.0,3304.2734347423966,-7.288626384548388,1.2381205625730718,8.255788996352803e-19,-0.7289626384548388
P,0.25,1,0.21157457601581264,0.39518237705335757,0.8987710629269962,0.39518237705335757,0.21157457601581264,71.31519573343996,0.0,3765.9504003424418,-6.9530883082722745,1.2187746191850137,8.255788996352803e-19,-0.6954088308272275
P,0.25,1,0.5498213050202716,0.6474603954863413,0.09917728072092724,0.6474603954863413,0.5498213050202716,58.47902807105657,0.0,3645.7882832266823,-4.734386613409043,1.2315577042211139,8.255788996352803e-19,-0.4735386613409044
P,0.25,1,0.6391361676621015,0.424937439913958,0.8613531539507647,0.424937439913958,0.6391361676621015,49.995411801539255,0.0,3736.5325508538067,-2.834149269989371,1.2186174433333588,8.255788996352803e-19,-0.2835149269989371
P,0.25,1,0.8596490237421979,0.603731604571204,0.9709372079798546,0.603731604571204,0.8596490237421979,35.17504769530688,0.0,3427.5432348615896,-1.278026483597126,1.2158573993741584,8.255788996352803e-19,-0.1279026483597126
P,0.25,1,0.8212852569996528,0.6625308116927461,0.7235646478231863,0.6625308116927461,0.8212852569996528,56.161618884048266,0.0,5182.589676921874,6.258974658960654,1.2087241381196863,8.255788996352803e-19,0.3916
P,0.25,1,0.946227894250771,0.9714808691057645,0.5353737506487067,0.9714808691057645,0.946227894250771,50.77927611740045,0.0,5548.640428116978,10.522036094586532,1.20422237370169,8.255788996352803e-19,0.3916
P,0.25,1,0.7112782236497868,0.42805979462088295,0.8788297222590844,0.42805979462088295,0.7112782236497868,55.7000862769687,0.0,4396.833579630228,0.7568118227585044,1.2145362240966797,8.255788996352803e-19,0.07558118227585045
P,0.25,1,0.8583695565737646,0.08404851490861565,0.8965454937010537,0.08404851490861565,0.8583695565737646,39.22233610504917,0.0,2727.307134742958,-7.337378114648528,1.2308722701492278,8.255788996352803e-19,-0.7338378114648528
P,0.25,1,0.8175437359186063,0.646279717089993,0.4457165512342227,0.646279717089993,0.8175437359186063,65.05637202182686,0.0,5486.469700994612,6.462333647108496,1.2142868453176803,8.255788996352803e-19,0.3916
P,0.25,1,0.9678150181781714,0.23099282276771022,0.6565615932445984,0.23099282276771022,0.9678150181781714,47.83237431119274,0.0,3652.213765926528,-1.85919277709605,1.227549500521103,8.255788996352803e-19,-0.18601927770960497
P,0.25,1,0.8185070970106069,0.10651440707743154,0.7186414868917804,0.10651440707743154,0.8185070970106069,59.8663038910309,0.0,3844.4411645477903,-3.1987533495319953,1.2282067250251139,8.255788996352803e-19,-0.3199753349531995
P,0.25,1,0.8478526393806836,0.3512335383102969,0.4832933101846674,0.3512335383102969,0.8478526393806836,44.87984817957902,0.0,3232.9935401324974,-4.520268658230197,1.2312921032205109,8.255788996352803e-19,-0.45212686582301975
P,0.25,1,0.8421134368750752,0.07925535792168653,0.6123999574237607,0.07925535792168653,0.8421134368750752,26.259837203551427,0.0,1611.787807425012,-13.603275071996913,1.2449064771647722,8.255788996352803e-19,-1.3604275071996912
P,0.25,1,0.5828801956581509,0.16996911470297021,0.9873993314327196,0.16996911470297021,0.5828801956581509,51.42330891263471,0.0,3205.0836535780395,-6.946457397036847,1.2241183445846378,8.255788996352803e-19,-0.6947457397036847
P,0.25,1,0.667039343600401,0.08082887977466724,0.9264497598882864,0.08082887977466724,0.667039343600401,47.67398118045367,0.0,2886.881490770866,-8.270667473321561,1.2291121183615328,8.255788996352803e-19,-0.827166747332156
P,0.25,1,0.7742129677618138,0.14487684933727402,0.8777558260223164,0.14487684933727402,0.7742129677618138,58.81630801419231,0.0,3993.5324143748894,-2.264491998547234,1.2229238216098997,8.255788996352803e-19,-0.22654919985472338
P,0.25,1,0.8859603553369355,0.7626751632993951,0.9372159829954907,0.7626751632993951,0.8859603553369355,95.48374717488967,0.0,10108.117201465904,27.287634250166676,1.1807395787185797,8.255788996352803e-19,0.3916
P,0.25,1,0.9607345041600653,0.07475457313140849,0.5617899188977564,0.07475457313140849,0.9607345041600653,36.18361068115015,0.0,2381.5763746146877,-8.772577714070358,1.240249494473296,8.255788996352803e-19,-0.8773577714070357
P,0.25,1,0.745632111200491,0.11417778703334525,0.7520157568331324,0.11417778703334525,0.745632111200491,83.40530145461051,0.0,5153.687710224667,1.1942822161591904,1.222214218601227,8.255788996352803e-19,0.11932822161591905
P,0.25,1,0.7142007896043906,0.21129247987056837,0.69110653560649,0.21129247987056837,0.7142007896043906,34.07678055786163,0.0,2165.6586964829626,-11.07935929454563,1.2365619363262323,8.255788996352803e-19,-1.108035929454563
P,0.25,1,0.7674005724711627,0.7297250286557208,0.7061694179875,0.7297250286557208,0.7674005724711627,56.20154574526859,0.0,5199.233969130619,6.211831450358963,1.2076018398584336,8.255788996352803e-19,0.3916
P,0.25,1,0.7499497492000513,0.45307728273316755,0.5059165317511016,0.45307728273316755,0.7499497492000513,63.74652705290206,0.0,4640.700308769719,1.1609975160286177,1.221516625321514,8.255788996352803e-19,0.11599975160286177
P,0.25,1,0.7850949435737531,0.3026984585322116,0.70112271133126,0.3026984585322116,0.7850949435737531,70.28802202503024,0.0,5054.955544702844,2.6415495370595456,1.2186384262511476,8.255788996352803e-19,0.26405495370595455
P,0.25,1,0.6810574716108679,0.3035451655419369,0.21997711874347614,0.3035451655419369,0.6810574716108679,63.94402253722349,0.0,3499.6282069805893,-6.139521376106115,1.2373651386324778,8.255788996352803e-19,-0.6140521376106116
P,0.25,1,0.836370400343834,0.4118415174990567,0.6975052097829892,0.4118415174990567,0.836370400343834,199.54323418566622,0.0,15933.173287309406,41.58320413429926,1.1805911762862753,8.255788996352803e-19,0.3916
P,0.25,1,0.10544918508575829,0.8585377914676507,0.9363924705994567,0.8585377914676507,0.10544918508575829,65.21425037215964,0.0,4669.937727829713,-0.8515452026125722,1.2028039710925738,8.255788996352803e-19,-0.08525452026125721
P,0.25,1,0.9973162470224708,0.6837070408812032,0.2565223147117256,0.6837070408812032,0.9973162470224708,32.26700811265608,0.0,2919.009793664596,-3.4733169182812214,1.2325182481212738,8.255788996352803e-19,-0.3474316918281221
P,0.25,1,0.7425147553673801,0.4443193023186182,0.4870217604013551,0.4443193023186182,0.7425147553673801,95.17048024397597,0.0,6806.330732660746,9.0170291380775,1.2140324141152485,8.255788996352803e-19,0.3916
P,0.25,1,0.8177794595051417,0.6609639006324476,0.3682599911560417,0.6609639006324476,0.8177794595051417,125.51119935916537,0.0,10435.461462913314,24.150591132792222,1.1985064271829855,8.255788996352803e-19,0.3916
P,0.25,1,0.5835392342899492,0.19149491691408782,0.9673025383313486,0.19149491691408782,0.5835392342899492,48.893968226209616,0.0,3077.106247517498,-7.423510660358525,1.224854527776276,8.255788996352803e-19,-0.7424510660358525
P,0.25,1,0.8051493367707458,0.7401698341022069,0.9449540425696189,0.7401698341022069,0.8051493367707458,105.88665048373605,0.0,10682.884007321123,28.215038043935827,1.1797650430632902,8.255788996352803e-19,0.3916
P,0.25,1,0.8655695678001911,0.21677337829619808,0.7701262422641281,0.21677337829619808,0.8655695678001911,71.59333613090742,0.0,5252.8247905809785,3.8119758042493532,1.2180313925047306,8.255788996352803e-19,0.38109758042493536
P,0.25,1,0.9487262559061302,0.19893303258897616,0.18871559528495452,0.19893303258897616,0.9487262559061302,69.04846074552465,0.0,4287.968400872092,-1.2084178265793235,1.2365768351952264,8.255788996352803e-19,-0.12094178265793235
P,0.25,1,0.6799699778762972,0.9868203439734449,0.8174158375825334,0.9868203439734449,0.6799699778762972,83.5999022045589,0.0,8675.57249716612,21.24702559092474,1.1838262627496743,8.255788996352803e-19,0.3916
P,0.25,1,0.08515463643226961,0.16424562648278318,0.998113693488012,0.16424562648278318,0.08515463643226961,58.78623640699318,0.0,2199.948829445613,-15.947746233376492,1.2295778953083427,8.255788996352803e-19,-1.5948746233376492
P,0.25,1,0.18987520899182653,0.37602017838403606,0.5889057880641402,0.37602017838403606,0.18987520899182653,45.28010777111431,0.0,1947.8331451422087,-15.922505307441853,1.2359803127854505,8.255788996352803e-19,-1.5923505307441852
P,0.25,1,0.9499944523059023,0.3441524128831789,0.5670496864354866,0.3441524128831789,0.9499944523059023,48.08108653795349,0.0,3792.808497019473,-0.9387113919135763,1.2263967126349895,8.255788996352803e-19,-0.09397113919135763
P,0.25,1,0.44871386549080083,0.4333002849690637,0.7590121258452877,0.4333002849690637,0.44871386549080083,63.94799965995316,0.0,4033.5847088204337,-3.652512953527859,1.2194261566955433,8.255788996352803e-19,-0.3653512953527859
P,0.25,1,0.8885582718237868,0.3279085587421596,0.9301893790554121,0.3279085587421596,0.8885582718237868,81.83557141285497,0.0,6880.577393136654,11.693123736489273,1.2046201830594914,8.255788996352803e-19,0.3916
P,0.25,1,0.7090800539292993,0.08029770535254466,0.9968513159895274,0.08029770535254466,0.7090800539292993,41.56372938400552,0.0,2676.2956367741235,-8.703167457276562,1.2289945752601845,8.255788996352803e-19,-0.8704167457276561
P,0.25,1,0.6441864409764406,0.08366855344071378,0.9346519002660405,0.08366855344071378,0.6441864409764406,61.29054352947734,0.0,3662.664485377716,-5.175713856458332,1.2248627534179806,8.255788996352803e-19,-0.5176713856458333
P,0.25,1,0.8212852569996528,0.08931468266515913,0.5536171113605206,0.08931468266515913,0.8212852569996528,47.92213461908721,0.0,2845.1574880887174,-7.904365481608283,1.2373294455667558,8.255788996352803e-19,-0.7905365481608284
P,0.25,1,0.9784875538156624,0.3775369815438965,0.09505882096342044,0.3775369815438965,0.9784875538156624,61.52501761954877,0.0,4317.684062393564,0.31644967265172164,1.2339340445614746,8.255788996352803e-19,0.03154496726517216
P,0.25,1,0.8652196419537775,0.20548599159764486,0.682460695284323,0.20548599159764486,0.8652196419537775,81.17723491571256,0.0,5730.852941564934,5.171870294859677,1.218749527333639,8.255788996352803e-19,0.3916
P,0.25,1,0.4820428457871423,0.15433993869346685,0.9522749921106033,0.15433993869346685,0.4820428457871423,13.158111432095932,0.0,731.9332910879072,-21.87738321939471,1.248359459782897,8.255788996352803e-19,-2.187838321939471
P,0.25,1,0.9267766232860593,0.18521057346317166,0.911804114608209,0.18521057346317166,0.9267766232860593,54.378681022327704,0.0,4262.987481225083,0.7402767661003178,1.219612336978419,8.255788996352803e-19,0.07392767661003177
P,0.25,1,0.9922309214802852,0.5387737400655432,0.932266795687683,0.5387737400655432,0.9922309214802852,52.37023950159052,0.0,5229.529924398937,7.869586874709459,1.2062673112000317,8.255788996352803e-19,0.3916
P,0.25,1,0.8749286151326328,0.09190752024055221,0.9611369049500644,0.09190752024055221,0.8749286151326328,55.80218936850348,0.0,4038.4172451973477,-1.1994383774311275,1.221785707041373,8.255788996352803e-19,-0.12004383774311274
P,0.25,1,0.7843020023203782,0.07925535792168653,0.8098535657666133,0.07925535792168653,0.7843020023203782,67.4716627307109,0.0,4279.336714210494,-1.7462886282430667,1.224885488132845,8.255788996352803e-19,-0.17472886282430666
P,0.25,1,0.7616186833234023,0.256540921314072,0.7576129644801053,0.256540921314072,0.7616186833234023,55.39751648049155,0.0,3869.4225910242794,-2.477571874899953,1.223783264401893,8.255788996352803e-19,-0.2478571874899953
P,0.25,1,0.9580503880573643,0.0748727849774844,0.9972524268445334,0.0748727849774844,0.9580503880573643,60.8059637150691,0.0,4656.366821037384,2.1326938393782515,1.2182426245994746,8.255788996352803e-19,0.21316938393782517
P,0.25,1,0.8472046825605521,0.9363844482526542,0.8709327154313823,0.9363844482526542,0.8472046825605521,72.5062288163975,0.0,8044.767250377948,20.456205929446217,1.1855493190058903,8.255788996352803e-19,0.3916
P,0.25,1,0.989816125770163,0.6732677324618195,0.41752041805337003,0.6732677324618195,0.989816125770163,66.18274628755096,0.0,6194.189049661893,11.138354521794438,1.2107051071570276,8.255788996352803e-19,0.3916
P,0.25,1,0.8237896336514826,0.1376405138543575,0.7754612877243199,0.1376405138543575,0.8237896336514826,58.68819620414848,0.0,3958.990661737471,-2.2769923376768757,1.2255700607878361,8.255788996352803e-19,-0.22779923376768757
P,0.25,1,0.7666708136017886,0.5825659112574176,0.05166154827431313,0.5825659112574176,0.7666708136017886,35.30113020610133,0.0,2427.071841212436,-8.658334058836353,1.239576433055361,8.255788996352803e-19,-0.8659334058836352
P,0.25,1,0.7903824132746375,0.02856421551380872,0.8060900588073676,0.02856421551380872,0.7903824132746375,67.19853602137242,0.0,4105.8025230420235,-2.765652286813519,1.2269723094183194,8.255788996352803e-19,-0.2766652286813519
P,0.25,1,0.9781115217745399,0.15050315546715354,0.5315895864284579,0.15050315546715354,0.9781115217745399,48.1703762819345,0.0,3358.46144414774,-3.867644024910956,1.2336227070680366,8.255788996352803e-19,-0.38686440249109555
P,0.25,1,0.23769748197197915,0.5449237008173572,0.5762079369250825,0.5449237008173572,0.23769748197197915,57.786832345664706,0.0,3093.6907401839367,-9.372027752408535,1.2260670185131026,8.255788996352803e-19,-0.9373027752408534
P,0.25,1,0.6810574716108679,0.46080390711045566,0.6726168359056707,0.46080390711045566,0.6810574716108679,40.9567698278309,0.0,3027.053006441756,-5.941419703939398,1.2264331575022565,8.255788996352803e-19,-0.5942419703939399
P,0.25,1,0.7674005724711627,0.021896844975753393,0.8163759816068963,0.021896844975753393,0.7674005724711627,64.40440975166723,0.0,3856.167045229949,-3.994415591907652,1.2280215191706476,8.255788996352803e-19,-0.39954155919076517
P,0.25,1,0.7708814886382315,0.5308733454889916,0.7970760440474118,0.5308733454889916,0.7708814886382315,42.58234868720634,0.0,3620.123163549242,-1.7244052093538662,1.218790547392711,8.255788996352803e-19,-0.1725405209353866
P,0.25,1,0.8554822074426888,0.6474162131346036,0.9079365520604569,0.6474162131346036,0.8554822074426888,55.20500722236352,0.0,5401.442005971041,7.937735062687746,1.2036670444496043,8.255788996352803e-19,0.3916
P,0.25,1,0.9953876028523795,0.7704571943017382,0.9995920258014365,0.7704571943017382,0.9953876028523795,64.26755214233766,0.0,7280.359444800365,18.164791149675146,1.18935952271003,8.255788996352803e-19,0.3916
P,0.25,1,0.666099875386608,0.9872064319821122,0.6768490363750693,0.9872064319821122,0.666099875386608,62.95897798817003,0.0,6269.8668602277985,11.33864080838289,1.1972964022007822,8.255788996352803e-19,0.3916
P,0.25,1,0.9336540060799923,0.16513439848735922,0.8128371255100628,0.16513439848735922,0.9336540060799923,74.29603896783824,0.0,5591.545774942269,5.5616486044937785,1.2166925775932897,8.255788996352803e-19,0.3916
P,0.25,1,0.571812032480485,0.13409044537253206,0.542380486684231,0.13409044537253206,0.571812032480485,50.40585440837775,0.0,2462.559672402374,-11.672683329774934,1.2388880324924259,8.255788996352803e-19,-1.1673683329774933
P,0.25,1,0.986937578334021,0.31643496879802335,0.2741940880429743,0.31643496879802335,0.986937578334021,51.73930150922252,0.0,3726.4445245779525,-1.8508612636595545,1.2339292936145494,8.255788996352803e-19,-0.18518612636595544
P,0.25,1,0.9938358285204943,0.8331171508421911,0.7515989162159997,0.8331171508421911,0.9938358285204943,66.80495495500605,0.0,7357.738868112945,18.102914911657304,1.1935041843914262,8.255788996352803e-19,0.3916
P,0.25,1,0.7932960895275633,0.5568432602653474,0.7529892795709594,0.5568432602653474,0.7932960895275633,70.82037270429905,0.0,6114.04313329262,9.012069367978759,1.206413884492099,8.255788996352803e-19,0.3916
P,0.25,1,0.9238988944626381,0.04311272026992119,0.8300055937860965,0.04311272026992119,0.9238988944626381,71.59333613090742,0.0,4947.151115463518,2.080584780688565,1.2220596325371604,8.255788996352803e-19,0.2079584780688565
P,0.25,1,0.867456857742648,0.13792538539663846,0.25832397144160724,0.13792538539663846,0.867456857742648,72.31138931860828,0.0,4102.0234716141085,-3.0433319780310213,1.237541250421709,8.255788996352803e-19,-0.30443319780310213
P,0.25,1,0.5845475997690213,0.3217655432000054,0.8780439004133641,0.3217655432000054,0.5845475997690213,58.79267696878379,0.0,3954.792577392404,-3.0524139697349515,1.2193449754683903,8.255788996352803e-19,-0.30534139697349516
P,0.25,1,0.40023088658071615,0.08900934445075548,0.6193769767317362,0.08900934445075548,0.40023088658071615,60.53571784842605,0.0,2418.1861769220845,-13.615858770334269,1.2385840380997488,8.255788996352803e-19,-1.3616858770334268
P,0.25,1,0.2036808985372247,0.3479294603531421,0.9163618919859783,0.3479294603531421,0.2036808985372247,45.57651141094161,0.0,2301.1382464842945,-13.593458575826409,1.2273838563466253,8.255788996352803e-19,-1.359445857582641
P,0.25,1,0.15464560928676685,0.21720045696771523,0.6870166057898319,0.21720045696771523,0.15464560928676685,48.10588292900202,0.0,1720.6376767525517,-17.937250172254544,1.2382585653465268,8.255788996352803e-19,-1.7938250172254544
P,0.25,1,0.9930264161945044,0.2772398646108999,0.7747503632574837,0.2772398646108999,0.9930264161945044,48.958304166002044,0.0,4057.765745801368,0.735750178019443,1.221717426416026,8.255788996352803e-19,0.07347501780194429
P,0.25,1,0.954334444290204,0.3505100513390627,0.09505882096342044,0.3505100513390627,0.954334444290204,45.12184961191701,0.0,3051.0806005310137,-5.285002033775123,1.2403407349178779,8.255788996352803e-19,-0.5286002033775123
P,0.25,1,0.9267766232860593,0.18521057346317166,0.019100892880871467,0.18521057346317166,0.9267766232860593,13.06828117713772,0.0,732.8284635973463,-23.46838417729285,1.257302350943752,8.255788996352803e-19,-2.346938417729285
P,0.25,1,0.6441864409764406,0.18519198989887137,0.556835859018628,0.18519198989887137,0.6441864409764406,43.739156751241694,0.0,2422.70393276591,-10.828829097117376,1.237765164496336,8.255788996352803e-19,-1.0829829097117376
P,0.25,1,0.612307042956386,0.23099282276771022,0.31809934313662,0.23099282276771022,0.612307042956386,47.811901841967554,0.0,2396.2118844183065,-11.549054647747981,1.2421664063036248,8.255788996352803e-19,-1.155005464774798
P,0.25,1,0.8626315116409926,0.30308067547828144,0.7146678447510111,0.30308067547828144,0.8626315116409926,58.0373927854083,0.0,4419.681264351825,0.9835213958985315,1.2208501329256982,8.255788996352803e-19,0.09825213958985315
P,0.25,1,0.8583695565737646,0.029163631346798335,0.852934580175125,0.029163631346798335,0.8583695565737646,63.78259200448746,0.0,4190.517819124688,-1.5580419704581627,1.2252090590137772,8.255788996352803e-19,-0.15590419704581626
P,0.25,1,0.945313114789181,0.07925535792168653,0.7294488574082016,0.07925535792168653,0.945313114789181,50.57406403356508,0.0,3513.1094078769015,-3.4552408307892177,1.229934579914021,8.255788996352803e-19,-0.3456240830789218
P,0.25,1,0.9323497365264153,0.3904159624653295,0.5868719899664332,0.3904159624653295,0.9323497365264153,70.73314245914186,0.0,5715.951233131867,7.0386058550191,1.21595748757304,8.255788996352803e-19,0.3916
P,0.25,1,0.5728237704368251,0.3894940305303055,0.9497456122075464,0.3894940305303055,0.5728237704368251,61.47568761407014,0.0,4417.614040108335,-0.5712577973549545,1.2138727855858997,8.255788996352803e-19,-0.057225779735495454
P,0.25,1,0.9913698283578946,0.1555621095651467,0.17921418683436063,0.1555621095651467,0.9913698283578946,46.6064477086942,0.0,2881.5345851958705,-6.678514383558192,1.2438959789810076,8.255788996352803e-19,-0.6679514383558193
P,0.25,1,0.9581587553749111,0.30852708276805485,0.9590596548656336,0.30852708276805485,0.9581587553749111,43.99266017672201,0.0,3841.0336185471933,0.08946316297055043,1.2183560194577971,8.255788996352803e-19,0.008846316297055044
P,0.25,1,0.9715717122185878,0.0748727849774844,0.9972524268445334,0.0748727849774844,0.9715717122185878,60.8059637150691,0.0,4697.475678353737,2.4349132018576944,1.2180204731571436,8.255788996352803e-19,0.24339132018576945
P,0.25,1,0.836370400343834,0.5753543593119412,0.8722827920730797,0.5753543593119412,0.836370400343834,54.4174624243476,0.0,5027.80935463051,5.592912818081298,1.2080301131379327,8.255788996352803e-19,0.3916
P,0.25,1,0.9113107107788481,0.18159537564207118,0.8156523130058828,0.18159537564207118,0.9113107107788481,62.996574682506825,0.0,4727.049540989948,2.138834285661741,1.2198387756950566,8.255788996352803e-19,0.2137834285661741
P,0.25,1,0.9841168681224632,0.9995475839399636,0.8932291572132866,0.9995475839399636,0.9841168681224632,63.681244704986284,0.0,7738.159682671696,21.23665421057384,1.1843214519694607,8.255788996352803e-19,0.3916
P,0.25,1,0.9322866672046577,0.3704806877700494,0.5059165317511016,0.3704806877700494,0.9322866672046577,46.88293220161772,0.0,3646.848940332114,-1.733689979749761,1.2280199381399663,8.255788996352803e-19,-0.17346899797497609
P,0.25,1,0.7674005724711627,0.18554688409583509,0.7009236265016886,0.18554688409583509,0.7674005724711627,65.09403909247654,0.0,4242.208698150946,-1.6142274694016532,1.2250892274933742,8.255788996352803e-19,-0.1615227469401653
P,0.25,1,0.8585986384262194,0.0634736887145998,0.8991259908660488,0.0634736887145998,0.8585986384262194,55.58185914768708,0.0,3811.9020650645853,-2.6781754082071334,1.2250201532219882,8.255788996352803e-19,-0.26791754082071334
P,0.25,1,0.48714206802078,0.9025367510328363,0.839535124900007,0.9025367510328363,0.48714206802078,74.09454572647485,0.0,6703.50538269622,11.108708544788369,1.1940440968898758,8.255788996352803e-19,0.3916
P,0.25,1,0.20353232784647324,0.22465881349900985,0.6125619435737965,0.22465881349900985,0.20353232784647324,140.60161227975593,0.0,5163.398164046605,-4.731544883751137,1.226278435996654,8.255788996352803e-19,-0.4732544883751137
P,0.25,1,0.8872261953689605,0.01858935509254067,0.9783363549141488,0.01858935509254067,0.8872261953689605,67.53490737954513,0.0,4710.50484304768,1.1162690221528677,1.220094810408671,8.255788996352803e-19,0.11152690221528679
P,0.25,1,0.45408804258378316,0.1089418804282487,0.8703307223529653,0.1089418804282487,0.45408804258378316,51.636055240718925,0.0,2577.1433417691633,-11.576577738227032,1.2315223371627715,8.255788996352803e-19,-1.1577577738227032
P,0.25,1,0.29761709067079545,0.7275483243589577,0.995651545551529,0.7275483243589577,0.29761709067079545,57.21749023393006,0.0,4357.086670731187,-1.040841144371397,1.205813076102082,8.255788996352803e-19,-0.10418411443713968
P,0.25,1,0.8753581789797655,0.5839004168730154,0.9515529197427172,0.5839004168730154,0.8753581789797655,49.081304188573284,0.0,4748.702209277468,5.018638402353987,1.2075941803918293,8.255788996352803e-19,0.3916
P,0.25,1,0.507113612650343,0.19203820739907823,0.9363924705994567,0.19203820739907823,0.507113612650343,64.26755214233766,0.0,3751.130100770398,-5.403660293367973,1.2221374231584687,8.255788996352803e-19,-0.5404660293367973
P,0.25,1,0.44224505150478843,0.27286465568971613,0.37115502941759315,0.27286465568971613,0.44224505150478843,38.64324285125098,0.0,1740.2737524513923,-15.728832606860056,1.2442144668273225,8.255788996352803e-19,-1.5729832606860055
P,0.25,1,0.7383414624535314,0.2104261941215131,0.8304075364452393,0.2104261941215131,0.7383414624535314,39.03987435670291,0.0,2662.4636525116925,-8.172628780220267,1.230235478880052,8.255788996352803e-19,-0.8173628780220266
P,0.25,1,0.9158313901658488,0.04311272026992119,0.729448071427857,0.04311272026992119,0.9158313901658488,60.192864227848595,0.0,3983.768850195843,-2.082546409547695,1.2285892322478043,8.255788996352803e-19,-0.2083546409547695
P,0.25,1,0.8539794084885242,0.25706885212267444,0.9881414488541223,0.25706885212267444,0.8539794084885242,52.57426370431803,0.0,4219.397439810439,0.5492591816311236,1.2165870377948231,8.255788996352803e-19,0.054825918163112365
P,0.25,1,0.8566689854401117,0.3915360788444989,0.8364572832721957,0.3915360788444989,0.8566689854401117,53.31925948499059,0.0,4442.650559026038,1.988579986098482,1.2159159909320414,8.255788996352803e-19,0.19875799860984822
P,0.25,1,0.8395861524106304,0.4246082018817274,0.12993592869839543,0.4246082018817274,0.8395861524106304,31.287315380514503,0.0,2079.296032761713,-10.374087127423248,1.2442429962255332,8.255788996352803e-19,-1.0375087127423248
P,0.25,1,0.5835392342899492,0.9209504485618447,0.5956517390001712,0.9209504485618447,0.5835392342899492,158.80952753034268,0.0,14311.244066479529,38.0787440499929,1.1741934895779949,8.255788996352803e-19,0.3916
P,0.25,1,0.2989716408857185,0.29543713183704085,0.4294882536181923,0.29543713183704085,0.2989716408857185,40.22780583516952,0.0,1627.5222866665956,-17.275645930777348,1.2431404309634326,8.255788996352803e-19,-1.7276645930777348
P,0.25,1,0.787364388122917,0.014255533179082958,0.5889057880641402,0.014255533179082958,0.787364388122917,75.3943295216348,0.0,4131.883750950142,-3.6071039672513168,1.2327247087424185,8.255788996352803e-19,-0.36081039672513165
P,0.25,1,0.3446756612886305,0.10263866503019325,0.9013773845850569,0.10263866503019325,0.3446756612886305,49.943401318932004,0.0,2242.466257205957,-14.023371689741897,1.2328778804150795,8.255788996352803e-19,-1.4024371689741897
P,0.25,1,0.8999924331713364,0.29133982113806367,0.42337883496362216,0.29133982113806367,0.8999924331713364,34.07920172793539,0.0,2390.6929290818916,-8.445588176994269,1.2391831783422707,8.255788996352803e-19,-0.8446588176994269
P,0.25,1,0.882838385758084,0.43355396905892324,0.8586996894543604,0.43355396905892324,0.882838385758084,40.84064210647425,0.0,3564.861619087666,-1.3981319460953519,1.2198321061452024,8.255788996352803e-19,-0.13991319460953516
P,0.25,1,0.9930264161945044,0.5772967876339709,0.7747503632574837,0.5772967876339709,0.9930264161945044,47.77771011123999,0.0,4676.717297280874,5.306221975678321,1.2120191061084447,8.255788996352803e-19,0.3916
P,0.25,1,0.9898556341374083,0.35604203117878863,0.1020374206347644,0.35604203117878863,0.9898556341374083,34.00972763907668,0.0,2375.4372734932076,-7.978799333478026,1.243805032753848,8.255788996352803e-19,-0.7979799333478026
P,0.25,1,0.7112782236497868,0.45138177537906443,0.8196721119739618,0.45138177537906443,0.7112782236497868,45.37697113910255,0.0,3567.755405240302,-2.8825103713783538,1.2200511197108355,8.255788996352803e-19,-0.2883510371378354
P,0.25,1,0.8970758973766693,0.28121758817623277,0.6775301997662082,0.28121758817623277,0.8970758973766693,41.08492099319052,0.0,3116.4116062339835,-4.565425693499755,1.229280564516067,8.255788996352803e-19,-0.4566425693499755
P,0.25,1,0.9071605429435565,0.23099282276771022,0.31809934313662,0.23099282276771022,0.9071605429435565,47.64040731052337,0.0,3089.9640530223537,-5.74839759216437,1.2381749359083993,8.255788996352803e-19,-0.574939759216437
P,0.25,1,0.9737579094528069,0.38507865963647825,0.9598264208459888,0.38507865963647825,0.9737579094528069,42.64551193171342,0.0,3920.721283081317,1.0246694101904859,1.2164106191290247,8.255788996352803e-19,0.1023669410190486
P,0.25,1,0.9182220776247063,0.5387737400655432,0.378790989730846,0.5387737400655432,0.9182220776247063,52.349347260831024,0.0,4309.375527409615,1.7147099814926965,1.223721924136079,8.255788996352803e-19,0.17137099814926965
P,0.25,1,0.9248472785975096,0.26225325366877195,0.3859519782946279,0.26225325366877195,0.9248472785975096,46.71811409661253,0.0,3223.7286194728244,-4.626283415967744,1.2352671499400194,8.255788996352803e-19,-0.4627283415967744
P,0.25,1,0.9634162783887846,0.1376103468177201,0.9360073676849671,0.1376103468177201,0.9634162783887846,35.5724296012816,0.0,2790.7110105461124,-5.791042295288716,1.228952387998117,8.255788996352803e-19,-0.5792042295288716
P,0.25,1,0.8485456450471028,0.1555621095651467,0.9372159829954907,0.1555621095651467,0.8485456450471028,63.549689443203796,0.0,4679.531415170318,1.5096030858350182,1.2179248959409066,8.255788996352803e-19,0.15086030858350183
P,0.25,1,0.9182220776247063,0.07925535792168653,0.8985874273219345,0.07925535792168653,0.9182220776247063,52.349347260831024,0.0,3786.8762648403836,-2.090806820495173,1.2247095043669822,8.255788996352803e-19,-0.20918068204951729
P,0.25,1,0.9423839045288135,0.1395042346941603,0.9679674337895385,0.1395042346941603,0.9423839045288135,48.056675927194405,0.0,3762.5298166482376,-1.3885476790946991,1.2219738327050491,8.255788996352803e-19,-0.1389547679094699
P,0.25,1,0.9144830040853433,0.06228434026348134,0.7915675122065571,0.06228434026348134,0.9144830040853433,71.03722360823126,0.0,4875.110971826996,1.7225366771869608,1.2228458201176016,8.255788996352803e-19,0.17215366771869609
P,0.25,1,0.9034637971468182,0.5645998182503729,0.951715446954159,0.5645998182503729,0.9034637971468182,82.69642118644977,0.0,8037.766889643701,18.254694368819962,1.1932034639230975,8.255788996352803e-19,0.3916
P,0.25,1,0.8917739524418848,0.7147095030352726,0.8722827920730797,0.7147095030352726,0.8917739524418848,54.4174624243476,0.0,5557.723055214261,9.295827400706923,1.2021471991089623,8.255788996352803e-19,0.3916
P,0.25,1,0.3563388857910115,0.11776398053783277,0.7061694179875,0.11776398053783277,0.3563388857910115,36.57664700408287,0.0,1512.787397436887,-17.742244256359044,1.24167660138416,8.255788996352803e-19,-1.7743244256359045
P,0.25,1,0.7850949435737531,0.3026984585322116,0.8284178530099814,0.3026984585322116,0.7850949435737531,35.63597309261299,0.0,2676.2657283711033,-7.276415340796561,1.2287991403201572,8.255788996352803e-19,-0.7277415340796561
P,0.25,1,0.9146314742261613,0.2316137985311319,0.9480763002574008,0.2316137985311319,0.9146314742261613,53.826253575959996,0.0,4360.689319259295,1.449928848310307,1.2172595481929205,8.255788996352803e-19,0.14489288483103072
P,0.25,1,0.6802328562405782,0.26401813475997693,0.41926240690397665,0.26401813475997693,0.6802328562405782,32.97748378653485,0.0,1902.6065679565002,-12.879742064566722,1.24283700612432,8.255788996352803e-19,-1.2880742064566721
P,0.25,1,0.7142007896043906,0.4581225659661279,0.7421952538842074,0.4581225659661279,0.7142007896043906,44.09163333839581,0.0,3402.5976023866574,-3.7524570989031263,1.222602639516553,8.255788996352803e-19,-0.37534570989031263
P,0.25,1,0.9224927068988764,0.41936781165598097,0.4870217604013551,0.41936781165598097,0.9224927068988764,55.830086175448734,0.0,4425.57109063066,1.735670736152107,1.223337498655602,8.255788996352803e-19,0.17346707361521072
P,0.25,1,0.5978143635152009,0.7704571943017382,0.7228528072189835,0.7704571943017382,0.5978143635152009,64.26755214233766,0.0,5558.172696323415,6.343569926685317,1.204826900929734,8.255788996352803e-19,0.3916
P,0.25,1,0.9829028559266394,0.27196355792206794,0.5797707255780841,0.27196355792206794,0.9829028559266394,50.377841161770064,0.0,3891.062981890933,-0.6342984371537719,1.2271031732756328,8.255788996352803e-19,-0.06352984371537719
P,0.25,1,0.10375143949976451,0.8264040732922926,0.9488430662377559,0.8264040732922926,0.10375143949976451,52.479105330951434,0.0,3685.547336889829,-5.283557874092719,1.208585355297562,8.255788996352803e-19,-0.5284557874092719
P,0.25,1,0.9036471669055428,0.7725391034896197,0.22153868684586386,0.7725391034896197,0.9036471669055428,16.652191669722427,0.0,1487.83636932927,-12.54601341128587,1.2440011602577665,8.255788996352803e-19,-1.254701341128587
P,0.25,1,0.13058202492715942,0.36329643334742223,0.33222071943021425,0.36329643334742223,0.13058202492715942,22.489244012718768,0.0,742.1324786717972,-23.482121224110433,1.2517809360869339,8.255788996352803e-19,-2.3483121224110435
P,0.25,1,0.9238988944626381,0.0982940624506341,0.8300055937860965,0.0982940624506341,0.9238988944626381,73.39048641968859,0.0,5273.824772607843,3.7690310244608045,1.2193186730784493,8.255788996352803e-19,0.37680310244608045
P,0.25,1,0.9580507129360002,0.07557326637043815,0.9971379272339141,0.07557326637043815,0.9580507129360002,60.755558452276745,0.0,4654.4618951974135,2.129898352403157,1.2182360402964305,8.255788996352803e-19,0.21288983524031574
P,0.25,1,0.3623360055110054,0.3915360788444989,0.03972072602197363,0.3915360788444989,0.3623360055110054,53.31925948499059,0.0,2062.7420566545384,-15.081982671403003,1.2465907839933739,8.255788996352803e-19,-1.5082982671403002
P,0.25,1,0.975714972782729,0.32339506548122465,0.874542419756822,0.32339506548122465,0.975714972782729,42.15498725450188,0.0,3659.8564692198725,-0.6905984729206022,1.2210069624499784,8.255788996352803e-19,-0.06915984729206022
P,0.25,1,0.8823006926015083,0.5591534962727405,0.8529999758139161,0.5591534962727405,0.8823006926015083,24.357459077103716,0.0,2274.9308709426605,-7.858738867243783,1.2293881646608693,8.255788996352803e-19,-0.7859738867243784
P,0.25,1,0.9593437833652468,0.01894838476792865,0.7868788573043647,0.01894838476792865,0.9593437833652468,158.80952753034268,0.0,10892.202339196261,22.814028253260563,1.204323401678294,8.255788996352803e-19,0.3916
P,0.25,1,0.9930264161945044,0.7311728833754978,0.7350167037930241,0.7311728833754978,0.9930264161945044,35.426504094541045,0.0,3705.0944839630647,1.4375363817500746,1.2166193086942378,8.255788996352803e-19,0.14365363817500748
P,0.25,1,0.9020655075343692,0.16923963541423404,0.6193769767317362,0.16923963541423404,0.9020655075343692,60.53571784842605,0.0,4179.972040786308,-0.8608198718074621,1.227326375902457,8.255788996352803e-19,-0.08618198718074621
P,0.25,1,0.7477045999793658,0.5298508450655267,0.5999085487952815,0.5298508450655267,0.7477045999793658,81.83557141285497,0.0,6454.820464995612,9.012783644898917,1.2098825223484162,8.255788996352803e-19,0.3916
P,0.25,1,0.8656584049137674,0.33366160462879824,0.09505882096342044,0.33366160462879824,0.8656584049137674,55.505590712863395,0.0,3460.355679421928,-4.5717235256251465,1.23918186906277,8.255788996352803e-19,-0.4572723525625147
P,0.25,1,0.8488742584941247,0.15602068926393892,0.9372814689970045,0.15602068926393892,0.8488742584941247,55.7000862769687,0.0,4103.803231694133,-0.8119174894603485,1.2206014954930182,8.255788996352803e-19,-0.08129174894603484
P,0.25,1,0.8671709929377502,0.8609931090487397,0.31809934313662,0.8609931090487397,0.8671709929377502,49.98453265224989,0.0,4716.574924301282,4.896865535175717,1.2160177268190666,8.255788996352803e-19,0.3916
P,0.25,1,0.960020568837273,0.5530528313788692,0.6526609250987244,0.5530528313788692,0.960020568837273,50.92237330327969,0.0,4683.340507761983,4.556112752142189,1.2152060632103516,8.255788996352803e-19,0.3916
P,0.25,1,0.6441864409764406,0.38435077338978907,0.9698874135560324,0.38435077338978907,0.6441864409764406,65.05637202182686,0.0,4923.0788926948635,2.2100495402752998,1.2110116009476595,8.255788996352803e-19,0.22090495402753
P,0.25,1,0.9182220776247063,0.1482067997826858,0.5133193138012025,0.1482067997826858,0.9182220776247063,36.70734554714266,0.0,2428.3534009153013,-8.643338430292314,1.2395759446592203,8.255788996352803e-19,-0.8644338430292313
P,0.25,1,0.7203178950551433,0.503045011308815,0.81007765202997,0.503045011308815,0.7203178950551433,53.81321992401769,0.0,4381.477027457973,1.084147061583807,1.214521281342476,8.255788996352803e-19,0.10831470615838071
P,0.25,1,0.8312732082657865,0.09190752024055221,0.6009659140524336,0.09190752024055221,0.8312732082657865,65.49607634072525,0.0,4007.2585081506736,-2.929578256412015,1.230684586595285,8.255788996352803e-19,-0.2930578256412015
P,0.25,1,0.8421134368750752,0.5913251055401303,0.5790568477168969,0.5913251055401303,0.8421134368750752,38.663644319092995,0.0,3330.809097877562,-2.611199400194486,1.2242764021383419,8.255788996352803e-19,-0.2612199400194486
P,0.25,1,0.8485456450471028,0.18442701762782265,0.9767223155008501,0.18442701762782265,0.8485456450471028,52.0509350429893,0.0,3959.342393283134,-1.1184513235065496,1.2198040695031651,8.255788996352803e-19,-0.11194513235065495
P,0.25,1,0.7714396311202243,0.77488350625873,0.9807246052457401,0.77488350625873,0.7714396311202243,37.990239297063155,0.0,3868.708361925684,1.037238828578448,1.2092688486530354,8.255788996352803e-19,0.10362388285784481
P,0.25,1,0.6480597284875925,0.8463741728825055,0.0479827916886566,0.8463741728825055,0.6480597284875925,27.133671605232145,0.0,2060.0226685846633,-10.539466683714464,1.2375580181011092,8.255788996352803e-19,-1.0540466683714462
P,0.25,1,0.9269787474508674,0.41853408526561886,0.8738675114793875,0.41853408526561886,0.9269787474508674,51.73930150922252,0.0,4611.127073210969,3.660178918710753,1.2135360930880328,8.255788996352803e-19,0.3659178918710753
P,0.25,1,0.6963815492139084,0.8673035683073891,0.8440936146358202,0.8673035683073891,0.6963815492139084,48.81379481843735,0.0,4846.5555371760875,5.256664539633248,1.2035867689514086,8.255788996352803e-19,0.3916
P,0.25,1,0.8036255280386525,0.4898420565734719,0.42598865975413713,0.4898420565734719,0.8036255280386525,26.656458877240908,0.0,2007.847003685539,-10.482100860157681,1.2392972058225762,8.255788996352803e-19,-1.0483100860157681
P,0.25,1,0.8076982040012466,0.11113612160460462,0.7520157568331324,0.11113612160460462,0.8076982040012466,83.02129682655735,0.0,5374.973948184942,2.674503316150323,1.221161164560977,8.255788996352803e-19,0.2673503316150323
P,0.25,1,0.008569993658856578,0.14846512562182035,0.4422557203502766,0.14846512562182035,0.008569993658856578,54.4174624243476,0.0,1028.933486240808,-23.34362072106056,1.248878121189736,8.255788996352803e-19,-2.334462072106056
P,0.25,1,0.9146314742261613,0.9137188102299265,0.5956109828006677,0.9137188102299265,0.9146314742261613,19.496593309523025,0.0,2072.639723728302,-8.272009729618015,1.2329066919309846,8.255788996352803e-19,-0.8273009729618014
P,0.25,1,0.8921075753216894,0.21677368984546214,0.8095505207331015,0.21677368984546214,0.8921075753216894,49.396787072458224,0.0,3738.488454631261,-1.893055036705377,1.2240239825619734,8.255788996352803e-19,-0.18940550367053768
P,0.25,1,0.704200049445002,0.16791683460229484,0.3151644264179002,0.16791683460229484,0.704200049445002,31.243884490501838,0.0,1608.58998273241,-14.74481931009275,1.2485752717857934,8.255788996352803e-19,-1.474581931009275
P,0.25,1,0.9224927068988764,0.4909092809450105,0.8617644551003961,0.4909092809450105,0.9224927068988764,57.19677612164338,0.0,5274.35556862881,6.855238592830686,1.2088112871411112,8.255788996352803e-19,0.3916
P,0.25,1,0.5978143635152009,0.6298472773338593,0.8906843111040624,0.6298472773338593,0.5978143635152009,49.3094559172254,0.0,4124.745347399517,-0.17436966365218776,1.2115470400249322,8.255788996352803e-19,-0.017536966365218776
P,0.25,1,0.7969804514408686,0.9872064319821122,0.5797707255780841,0.9872064319821122,0.7969804514408686,73.16624426203806,0.0,7587.603829173141,17.537139096384088,1.1935621522562023,8.255788996352803e-19,0.3916
P,0.25,1,0.9439264221200262,0.6433661186789233,0.8322399277233333,0.6433661186789233,0.9439264221200262,138.25120446485596,0.0,13848.709590464203,39.35380938629147,1.1747326331562322,8.255788996352803e-19,0.3916
P,0.25,1,0.8925465051937694,0.7666678567127228,0.5292893782507073,0.7666678567127228,0.8925465051937694,49.52482031482115,0.0,4763.9386906697255,5.298548075833432,1.2130293866774606,8.255788996352803e-19,0.3916
P,0.25,1,0.6517358410311846,0.6060734582137363,0.6316595274108849,0.6060734582137363,0.6517358410311846,19.40107895480063,0.0,1526.514785332924,-14.277863679378635,1.2396953911126234,8.255788996352803e-19,-1.4278863679378635
P,0.25,1,0.7383414624535314,0.9609069289666958,0.8304075364452393,0.9609069289666958,0.7383414624535314,26.98440075775426,0.0,2852.861222945078,-4.321349253543082,1.2186539361705735,8.255788996352803e-19,-0.43223492535430824
P,0.25,1,0.5835392342899492,0.29453107950077484,0.5956517390001712,0.29453107950077484,0.5835392342899492,41.68194903183178,0.0,2450.682238932652,-10.55303412635159,1.2346776555344345,8.255788996352803e-19,-1.055403412635159
P,0.25,1,0.9238988944626381,0.8776546018624461,0.8760100213030475,0.8776546018624461,0.9238988944626381,71.59333613090742,0.0,8016.873248740474,20.709910572248944,1.1867705983462653,8.255788996352803e-19,0.3916
P,0.25,1,0.8504296892298583,0.34622307725997126,0.8560709714885103,0.34622307725997126,0.8504296892298583,25.001167154830163,0.0,2030.9551284296613,-10.132312295129909,1.2338689048487526,8.255788996352803e-19,-1.0133312295129908
P,0.25,1,0.8539794084885242,0.9442416394414057,0.7560068148129653,0.9442416394414057,0.8539794084885242,52.57426370431803,0.0,5720.66991973212,10.81160084536993,1.1989622319159894,8.255788996352803e-19,0.3916
P,0.25,1,0.7753683096011821,0.3915360788444989,0.4550801141426993,0.3915360788444989,0.7753683096011821,53.31925948499059,0.0,3717.537261396319,-2.933705934636475,1.2284614819424755,8.255788996352803e-19,-0.2934705934636475
P,0.25,1,0.44871386549080083,0.6795295849837425,0.6193769767317362,0.6795295849837425,0.44871386549080083,38.68755043152197,0.0,2781.5032200492296,-8.137453348693235,1.2250346520046882,8.255788996352803e-19,-0.8138453348693234
P,0.25,1,0.925002865656336,0.9268579570567244,0.5535984612587505,0.9268579570567244,0.925002865656336,41.46573691552968,0.0,4413.322887724741,4.96844071716818,1.2116333594797146,8.255788996352803e-19,0.3916
P,0.25,1,0.6441864409764406,0.646279717089993,0.2511078404998517,0.646279717089993,0.6441864409764406,5.024557810731656,0.0,355.7437372328657,-24.385231593026628,1.2599879445987205,8.255788996352803e-19,-2.438623159302663
P,0.25,1,0.4280294157743073,0.2146334900492437,0.610257883797145,0.2146334900492437,0.4280294157743073,51.48882570738993,0.0,2440.0344627124737,-12.433945451395187,1.2358590761898585,8.255788996352803e-19,-1.2434945451395187
P,0.25,1,0.49971192215444826,0.8658154129530302,0.8186044601557495,0.8658154129530302,0.49971192215444826,24.918454003386547,0.0,2211.3004441960884,-10.238327341972035,1.225358270286321,8.255788996352803e-19,-1.0239327341972033
P,0.25,1,0.9502996829822645,0.8620991191814675,0.5306435872422005,0.8620991191814675,0.9502996829822645,43.99266017672201,0.0,4570.222805626926,5.5259641328397615,1.2123012833138698,8.255788996352803e-19,0.3916
P,0.25,1,0.9267766232860593,0.4009112817216065,0.41052539251473946,0.4009112817216065,0.9267766232860593,29.693774857708235,0.0,2275.9545010976217,-8.363485389473814,1.2387791193181945,8.255788996352803e-19,-0.8364485389473814
P,0.25,1,0.9271096755003349,0.8098701078844752,0.4494233146619682,0.8098701078844752,0.9271096755003349,46.20611222203117,0.0,4532.1067427356,4.655684697698431,1.2152501495027288,8.255788996352803e-19,0.3916
P,0.25,1,0.13356398962527716,0.8609931090487397,0.31809934313662,0.8609931090487397,0.13356398962527716,49.98453265224989,0.0,2883.1247637517067,-9.969363084242847,1.2264473164652612,8.255788996352803e-19,-0.9970363084242846
P,0.25,1,0.7631072871721888,0.8436993550700462,0.8965454937010537,0.8436993550700462,0.7631072871721888,46.30840153472035,0.0,4758.372076791772,5.440214177647772,1.2035321222012714,8.255788996352803e-19,0.3916
P,0.25,1,0.8222626950680518,0.1435207261264123,0.7336010428913198,0.1435207261264123,0.8222626950680518,37.91371029319743,0.0,2526.160077131224,-8.623477895449806,1.2344313516021859,8.255788996352803e-19,-0.8624477895449806
P,0.25,1,0.94581508881363,0.77488350625873,0.9807246052457401,0.77488350625873,0.94581508881363,23.24909170968983,0.0,2570.257879311276,-5.00259228003078,1.2225699123084024,8.255788996352803e-19,-0.500359228003078
P,0.25,1,0.8421134368750752,0.863539362282499,0.3786263485220911,0.863539362282499,0.8421134368750752,32.144319168563044,0.0,3045.6195531567437,-3.1702733851189437,1.226142044673893,8.255788996352803e-19,-0.31712733851189434
P,0.25,1,0.8485456450471028,0.856003814828359,0.5942026471797132,0.856003814828359,0.8485456450471028,36.11811140657548,0.0,3614.792299712972,0.124735511745662,1.2176205531281852,8.255788996352803e-19,0.0123735511745662
P,0.25,1,0.7742129677618138,0.8019753151738589,0.6918196208615655,0.8019753151738589,0.7742129677618138,22.206765289102968,0.0,2134.1790611010597,-9.013560445151334,1.2306293985933745,8.255788996352803e-19,-0.9014560445151334
P,0.25,1,0.986937578334021,0.9282801580103563,0.3627962937440052,0.9282801580103563,0.986937578334021,52.91805042002304,0.0,5547.4412509732765,10.155899539420368,1.2090161758982658,8.255788996352803e-19,0.3916
P,0.25,1,0.9004606281178976,0.6206812667808201,0.7520157568331324,0.6206812667808201,0.9004606281178976,50.09015293838699,0.0,4751.426114619439,4.981761715549501,1.2112123206762855,8.255788996352803e-19,0.3916
P,0.25,1,0.2977408021069844,0.36992820845644825,0.3319043153476002,0.36992820845644825,0.2977408021069844,46.56673390136381,0.0,1940.9507557923625,-15.603279286599532,1.241674847836331,8.255788996352803e-19,-1.5604279286599532
P,0.25,1,0.989049497164379,0.5995262541974781,0.7061694179875,0.5995262541974781,0.989049497164379,54.291087266334735,0.0,5270.742874737897,7.782290269421873,1.2098651867646366,8.255788996352803e-19,0.3916
P,0.25,1,0.5537032243755854,0.9363575509959843,0.8817374784142552,0.9363575509959843,0.5537032243755854,20.347915125880213,0.0,1964.5194938352206,-11.431227922406707,1.2276142117641302,8.255788996352803e-19,-1.1432227922406706
P,0.25,1,0.9182220776247063,0.5430698916400227,0.05261860200518609,0.5430698916400227,0.9182220776247063,182.9844394659945,0.0,13610.394229438365,33.20683905972227,1.2003257723921914,8.255788996352803e-19,0.3916
P,0.25,1,0.08499761501253045,0.1769737430871039,0.9365404321106844,0.1769737430871039,0.08499761501253045,28.727197198281317,0.0,1048.889685156669,-21.98475796731773,1.240022535380228,8.255788996352803e-19,-2.198575796731773
P,0.25,1,0.8344716480867741,0.6087741053829927,0.3913890920679938,0.6087741053829927,0.8344716480867741,53.826253575959996,0.0,4410.900807847471,1.8331644552267674,1.2214674617303545,8.255788996352803e-19,0.18321644552267674
P,0.25,1,0.47697852885847203,0.983325699711256,0.8240549508212254,0.983325699711256,0.47697852885847203,9.855934252182408,0.0,922.6789086353447,-20.29918899548366,1.245321287883317,8.255788996352803e-19,-2.030018899548366
P,0.25,1,0.8872261953689605,0.4825852359821552,0.606976538488544,0.4825852359821552,0.8872261953689605,40.511278539433945,0.0,3389.3755125385587,-2.4407721365085076,1.2252740546113179,8.255788996352803e-19,-0.24417721365085074
P,0.25,1,0.836370400343834,0.5032625924600329,0.8722827920730797,0.5032625924600329,0.836370400343834,124.06688089007783,0.0,11015.739479395676,27.123096254378545,1.1875453689262438,8.255788996352803e-19,0.3916
P,0.25,1,0.34656436636871235,0.8435973826943023,0.687770795408119,0.8435973826943023,0.34656436636871235,34.73099237947894,0.0,2663.948988206433,-8.789196903650831,1.2219725970176871,8.255788996352803e-19,-0.8790196903650831
P,0.25,1,0.6396333249348461,0.9654019219780767,0.4870217604013551,0.9654019219780767,0.6396333249348461,55.830086175448734,0.0,5160.224478802216,5.773766322221445,1.2077214666712974,8.255788996352803e-19,0.3916
P,0.25,1,0.7999958909252517,0.333404126921809,0.7035516490521312,0.333404126921809,0.7999958909252517,67.7897487394704,0.0,5033.984859420277,2.970032830868383,1.217821536481183,8.255788996352803e-19,0.29690328308683833
P,0.25,1,0.48805224721303164,0.7313871795254235,0.3358415924427515,0.7313871795254235,0.48805224721303164,29.357228330276254,0.0,2036.4525420887367,-12.006402668492758,1.2361342250215794,8.255788996352803e-19,-1.2007402668492757
P,0.25,1,0.5835392342899492,0.7105726303574458,0.6006667540773171,0.7105726303574458,0.5835392342899492,37.38450916204312,0.0,2980.3776373094165,-5.917649153858202,1.2238230868387718,8.255788996352803e-19,-0.5918649153858202
P,0.25,1,0.4787228589769459,0.5686859883369346,0.8438936440434247,0.5686859883369346,0.4787228589769459,25.949966689415827,0.0,1906.4865337081467,-12.994945557486403,1.2309748603360195,8.255788996352803e-19,-1.2995945557486404
P,0.25,1,0.7671327541990172,0.17657830059419777,0.7137483613035706,0.17657830059419777,0.7671327541990172,69.04846074552465,0.0,4490.170428791652,-0.6810792997979471,1.2239611907240786,8.255788996352803e-19,-0.06820792997979472
P,0.25,1,0.9093200471645785,0.06101544493517075,0.5889057880641402,0.06101544493517075,0.9093200471645785,35.16046925672291,0.0,2223.5276583424015,-9.999307294376067,1.240952762598799,8.255788996352803e-19,-1.0000307294376065
P,0.25,1,0.08620196160381022,0.26025931908949274,0.5535984612587505,0.26025931908949274,0.08620196160381022,32.14269386524096,0.0,1001.6635906869193,-22.25719679703163,1.2457926698030002,8.255788996352803e-19,-2.225819679703163
P,0.25,1,0.7886656683367052,0.856003814828359,0.7642961773709207,0.856003814828359,0.7886656683367052,128.68522331655683,0.0,13041.07359277531,36.5195551885353,1.173771238947046,8.255788996352803e-19,0.3916
P,0.25,1,0.7795106899274719,0.6431180788959736,0.7503379720513428,0.6431180788959736,0.7795106899274719,17.339643671948423,0.0,1558.6586231656283,-13.19887366777953,1.2384102315282666,8.255788996352803e-19,-1.319987366777953
P,0.25,1,0.6923164488205703,0.3279085587421596,0.6124784175155512,0.3279085587421596,0.6923164488205703,60.69263843230258,0.0,4025.330653726402,-2.4670578623570742,1.2249196737998111,8.255788996352803e-19,-0.24680578623570743
P,0.25,1,0.9493848644115617,0.5754888921028442,0.8679093424832127,0.5754888921028442,0.9493848644115617,33.39982560480872,0.0,3271.2263938396227,-1.634810486846292,1.219787540208528,8.255788996352803e-19,-0.1635810486846292
P,0.25,1,0.7058011080474227,0.3775369815438965,0.29624183548492183,0.3775369815438965,0.7058011080474227,61.87299294629879,0.0,3809.702723720954,-3.84427451007697,1.232246116383483,8.255788996352803e-19,-0.384527451007697
P,0.25,1,0.16540630877052587,0.9454059041568438,0.9537702622253916,0.9454059041568438,0.16540630877052587,175.43375418825588,0.0,13926.78527898358,33.423787273821674,1.1681238685631703,8.255788996352803e-19,0.3916
P,0.25,1,0.15093357581973454,0.06415377005710754,0.9220355794526987,0.06415377005710754,0.15093357581973454,33.69578762159644,0.0,1139.0947529577898,-21.28690359844879,1.2408287245757457,8.255788996352803e-19,-2.128790359844879
P,0.25,1,0.8023836284668325,0.7416461004949967,0.7218519279924647,0.7416461004949967,0.8023836284668325,34.89423145227515,0.0,3323.5982428203897,-2.056286641951852,1.2191066888360846,8.255788996352803e-19,-0.2057286641951852
P,0.25,1,0.8671709929377502,0.9639413392940761,0.2820498222984487,0.9639413392940761,0.8671709929377502,49.98453265224989,0.0,4928.8179218249115,6.3739167341872385,1.2134822436621073,8.255788996352803e-19,0.3916
P,0.25,1,0.8572357370280563,0.6406432302919123,0.02307424875122266,0.6406432302919123,0.8572357370280563,22.49460724534087,0.0,1697.6861076244743,-11.711636453712705,1.2444086728600974,8.255788996352803e-19,-1.1712636453712704
P,0.25,1,0.6877812174582114,0.6319625051776198,0.6570404446844393,0.6319625051776198,0.6877812174582114,63.78259200448746,0.0,5256.5273359121,4.809350608350542,1.210908289131902,8.255788996352803e-19,0.3916
P,0.25,1,0.7744113885633737,0.5387737400655432,0.49950446160184037,0.5387737400655432,0.7744113885633737,63.3141383846973,0.0,4947.801613077705,3.253765533831498,1.218131585713463,8.255788996352803e-19,0.3252765533831498
P,0.25,1,0.2651625514642475,0.7189946278654181,0.3201614850510304,0.7189946278654181,0.2651625514642475,192.01326135267203,0.0,10985.442756940858,19.243813468529186,1.2009760170137882,8.255788996352803e-19,0.3916
P,0.25,1,0.7784206847486792,0.19468801488299303,0.09027180465207851,0.19468801488299303,0.7784206847486792,51.73930150922252,0.0,2634.163223541415,-9.806242641776402,1.2466949091168555,8.255788996352803e-19,-0.9807242641776401
P,0.25,1,0.7185665679767157,0.7311728833754978,0.4461270545845286,0.7311728833754978,0.7185665679767157,81.00181186770138,0.0,6775.003608394524,11.00685852573356,1.207281356554551,8.255788996352803e-19,0.3916
P,0.25,1,0.16198210074693398,0.9653171507089902,0.10048975760062795,0.9653171507089902,0.16198210074693398,88.10429812806487,0.0,5187.334955552423,-0.35297396085555083,1.218443649496801,8.255788996352803e-19,-0.03539739608555508
P,0.25,1,0.8525593190508675,0.77488350625873,0.8250801909561445,0.77488350625873,0.8525593190508675,100.6459363293297,0.0,10265.799557925793,27.10516830758609,1.1830375943669504,8.255788996352803e-19,0.3916
P,0.25,1,0.9292964588629568,0.8203184070563616,0.6140997378192186,0.8203184070563616,0.9292964588629568,19.816024733946126,0.0,2037.7459627402388,-8.560867878934427,1.233821607833428,8.255788996352803e-19,-0.8561867878934427
P,0.25,1,0.8460672415698729,0.18159537564207118,0.5284681885853666,0.18159537564207118,0.8460672415698729,50.30074150840931,0.0,3249.168127047915,-5.413563229095333,1.233741672492315,8.255788996352803e-19,-0.5414563229095333
P,0.25,1,0.7307807859210116,0.7379832761598845,0.6734176145036249,0.7379832761598845,0.7307807859210116,24.558792510893788,0.0,2217.011679099502,-8.934045802871516,1.2301868593142715,8.255788996352803e-19,-0.8935045802871515
P,0.25,1,0.809495557962224,0.6914904724898104,0.9575347123436547,0.6914904724898104,0.809495557962224,46.67186569034063,0.0,4619.939208025295,4.492918544586326,1.2060713416071187,8.255788996352803e-19,0.3916
P,0.25,1,0.7142007896043906,0.9585528403615929,0.3971319914838779,0.9585528403615929,0.7142007896043906,29.92868850947401,0.0,2800.3071089738955,-5.143357670406091,1.226221120683307,8.255788996352803e-19,-0.5144357670406091
P,0.25,1,0.5141792905832965,0.5566459713013174,0.6242883538007272,0.5566459713013174,0.5141792905832965,21.44747165988519,0.0,1483.0598922414063,-15.574885549699617,1.2396923563510753,8.255788996352803e-19,-1.5575885549699617
P,0.25,1,0.2923639599371334,0.06415377005710754,0.9480763002574008,0.06415377005710754,0.2923639599371334,33.69578762159644,0.0,1399.3117272245372,-18.74745257004505,1.2387198238597805,8.255788996352803e-19,-1.8748452570045049
P,0.25,1,0.7994758146933767,0.9148047985199373,0.3073824625564883,0.9148047985199373,0.7994758146933767,28.86301162321199,0.0,2695.764652969629,-5.315750243133072,1.2296561619964033,8.255788996352803e-19,-0.5316750243133073
P,0.25,1,0.5779767526471145,0.9621497653538345,0.6382264246952595,0.9621497653538345,0.5779767526471145,48.664383334320505,0.0,4523.937747404097,2.797228116523972,1.2080144323644135,8.255788996352803e-19,0.2796228116523972
P,0.25,1,0.5138801731375476,0.732746355458496,0.70112271133126,0.732746355458496,0.5138801731375476,70.28802202503024,0.0,5613.1588593547995,5.342049315343186,1.206278008667306,8.255788996352803e-19,0.3916
P,0.25,1,0.9115939001531096,0.9872064319821122,0.762022111487028,0.9872064319821122,0.9115939001531096,43.71948065037326,0.0,4983.60849294325,8.295254600333502,1.2024361685129084,8.255788996352803e-19,0.3916
P,0.25,1,0.23539568718821535,0.18253977786563613,0.6610565615298876,0.18253977786563613,0.23539568718821535,49.52482031482115,0.0,1853.3766261916903,-16.869983568435426,1.238741465339435,8.255788996352803e-19,-1.6870983568435427
P,0.25,1,0.7745478049244182,0.9312236134970684,0.7061694179875,0.9312236134970684,0.7745478049244182,215.63696690739164,0.0,22198.274530725994,67.02093674200084,1.1460044916187344,8.255788996352803e-19,0.3916
P,0.25,1,0.8810047169658421,0.7565404628569898,0.7494628599235164,0.7565404628569898,0.8810047169658421,27.10002076365372,0.0,2726.636895368855,-4.6678408772246,1.22424840795005,8.255788996352803e-19,-0.46688408772246
P,0.25,1,0.8033228893374044,0.6250629348462468,0.8830186466188934,0.6250629348462468,0.8033228893374044,41.72660422957599,0.0,3901.218738512456,0.5614156334114673,1.2135239971760796,8.255788996352803e-19,0.056041563341146725
P,0.25,1,0.9564276517971408,0.8550017391959712,0.33113988345864553,0.8550017391959712,0.9564276517971408,71.59333613090742,0.0,7076.998887908848,15.325849708892445,1.204660832912454,8.255788996352803e-19,0.3916
P,0.25,1,0.7191107822097516,0.8280178539958554,0.8304075364452393,0.8280178539958554,0.7191107822097516,69.04846074552465,0.0,6774.80159984167,13.196376337648806,1.1950787581868683,8.255788996352803e-19,0.3916
P,0.25,1,0.9456149751438033,0.03607068670446667,0.5693022078409221,0.03607068670446667,0.9456149751438033,12.190022296473035,0.0,771.8336704782191,-20.40281367556268,1.2554840381165215,8.255788996352803e-19,-2.040381367556268
P,0.25,1,0.787364388122917,0.9086027733894126,0.5889057880641402,0.9086027733894126,0.787364388122917,37.23237440219389,0.0,3705.4032362832327,0.31030742269465456,1.216013206055557,8.255788996352803e-19,0.030930742269465454
P,0.25,1,0.4689641778286428,0.9268579570567244,0.3645899092150755,0.9268579570567244,0.4689641778286428,42.32177085268376,0.0,3339.4354920111473,-4.472226834567489,1.2219172020313473,8.255788996352803e-19,-0.4473226834567489
P,0.25,1,0.798801852226526,0.6361037550851212,0.41930458485151334,0.6361037550851212,0.798801852226526,50.50770710437638,0.0,4153.142435806259,0.6515294646043277,1.2216309575178943,8.255788996352803e-19,0.06505294646043278
P,0.25,1,0.7481719897905845,0.4130522420611713,0.9590596548656336,0.4130522420611713,0.7481719897905845,7.647346101731367,0.0,627.3707079584897,-21.486449268024522,1.2520793145526548,8.255788996352803e-19,-2.1487449268024523
P,0.25,1,0.66215780049118,0.7444726999802487,0.1538392691940973,0.7444726999802487,0.66215780049118,158.80952753034268,0.0,11780.094800890045,26.554404422532063,1.1990046276418411,8.255788996352803e-19,0.3916
P,0.25,1,0.32976090303714456,0.9274635467025067,0.4844183003151539,0.9274635467025067,0.32976090303714456,26.327180430420704,0.0,1973.7929463964786,-12.884831362071976,1.2314199156428294,8.255788996352803e-19,-1.2885831362071976
P,0.25,1,0.8671709929377502,0.7021045414025304,0.31809934313662,0.7021045414025304,0.8671709929377502,29.519604900818976,0.0,2550.9738609274104,-6.328607412158173,1.2337884949458076,8.255788996352803e-19,-0.6329607412158174
P,0.25,1,0.9252248601657119,0.7483005680572565,0.18604450377060933,0.7483005680572565,0.9252248601657119,40.12214677924266,0.0,3543.8842656917377,-0.8268417008421002,1.2279090955929672,8.255788996352803e-19,-0.08278417008421002
P,0.25,1,0.7843801341996792,0.6989087207382968,0.8965454937010537,0.6989087207382968,0.7843801341996792,17.37222912503831,0.0,1677.776535769794,-12.299189400776521,1.234611719903059,8.255788996352803e-19,-1.230018940077652
P,0.25,1,0.8699992805282928,0.8525370835819623,0.47916958604565996,0.8525370835819623,0.8699992805282928,65.05637202182686,0.0,6382.42419751737,12.217754930635163,1.2042852384917135,8.255788996352803e-19,0.3916
P,0.25,1,0.6767452880727607,0.21964190911722747,0.600633873811346,0.21964190911722747,0.6767452880727607,54.378681022327704,0.0,3253.759619304442,-6.583014281086797,1.2314535824581647,8.255788996352803e-19,-0.6584014281086797
P,0.25,1,0.9737579094528069,0.9092313710563216,0.7607299377589926,0.9092313710563216,0.9737579094528069,23.097136592029543,0.0,2613.8501127139784,-4.2865858241234704,1.2243610302437467,8.255788996352803e-19,-0.4287585824123471
P,0.25,1,0.6616502708427343,0.46002600933005716,0.5952246170153379,0.46002600933005716,0.6616502708427343,122.64604883495855,0.0,8703.506877910157,15.327090468390777,1.205019712458083,8.255788996352803e-19,0.3916
P,0.25,1,0.9312579406785906,0.49895067445190716,0.5619512116316587,0.49895067445190716,0.9312579406785906,41.553331374577,0.0,3555.2702487965057,-1.2794074520827305,1.2248718891954966,8.255788996352803e-19,-0.12804074520827305
P,0.25,1,0.6125368303222942,0.2147487597687765,0.7350167037930241,0.2147487597687765,0.6125368303222942,35.426504094541045,0.0,2116.368623897797,-12.086497939921593,1.235752847827607,8.255788996352803e-19,-1.2087497939921592
P,0.25,1,0.9182220776247063,0.5387737400655432,0.91089235479498,0.5387737400655432,0.9182220776247063,48.81969832969104,0.0,4668.242063660796,4.681594875326321,1.2098726138397589,8.255788996352803e-19,0.3916
P,0.25,1,0.7381754378985839,0.18662058066122234,0.5068673697055175,0.18662058066122234,0.7381754378985839,23.91572631376835,0.0,1408.910956078368,-15.310298271303873,1.246904662887011,8.255788996352803e-19,-1.5311298271303873
P,0.25,1,0.4393518200196017,0.3870009517470311,0.36003659695538004,0.3870009517470311,0.4393518200196017,37.84834024344133,0.0,1904.4737338881664,-14.414105565714392,1.2413459462540288,8.255788996352803e-19,-1.4415105565714392
P,0.25,1,0.9472725726018576,0.6501070725270004,0.6140830223396855,0.6501070725270004,0.9472725726018576,40.07008959129652,0.0,3815.516317622473,0.9954459110563205,1.2193867335874204,8.255788996352803e-19,0.09944459110563206
P,0.25,1,0.9472725726018576,0.6501070725270004,0.9807246052457401,0.6501070725270004,0.9472725726018576,40.07008959129652,0.0,4182.800344495982,3.4688022441302304,1.2094609205297535,8.255788996352803e-19,0.34678022441302303
P,0.25,1,0.9091554408471878,0.5815698480372818,0.8440936146358202,0.5815698480372818,0.9091554408471878,44.58123257932538,0.0,4263.686884602102,2.8716047677036527,1.2128932372982812,8.255788996352803e-19,0.2870604767703653
P,0.25,1,0.7597862963278934,0.9475593345124849,0.7061694179875,0.9475593345124849,0.7597862963278934,46.38513923883494,0.0,4778.667410256301,5.659922928397141,1.205454432186249,8.255788996352803e-19,0.3916
P,0.25,1,0.8959594376741988,0.2193925621891305,0.69110653560649,0.2193925621891305,0.8959594376741988,49.005876586368366,0.0,3579.64716258218,-2.838190819959092,1.227467676909863,8.255788996352803e-19,-0.2839190819959092
P,0.25,1,0.9146314742261613,0.560718501534812,0.27570075413525286,0.560718501534812,0.9146314742261613,24.341086636925535,0.0,1963.3524775459894,-9.786121754357243,1.241858895734292,8.255788996352803e-19,-0.9787121754357242
P,0.25,1,0.8792431948729791,0.9102467933196204,0.6019486415640001,0.9102467933196204,0.8792431948729791,54.4174624243476,0.0,5687.888149153252,10.265689451918039,1.203341549329285,8.255788996352803e-19,0.3916
P,0.25,1,0.7963945904495388,0.38741230905933666,0.70112271133126,0.38741230905933666,0.7963945904495388,22.21627072955259,0.0,1704.3970277894025,-12.495784474372602,1.2391295887412719,8.255788996352803e-19,-1.2496784474372602
P,0.25,1,0.982370017437513,0.7660681377005735,0.8906843111040624,0.7660681377005735,0.982370017437513,28.676903852747635,0.0,3145.5413521855667,-1.3409108207690585,1.218187917671095,8.255788996352803e-19,-0.13419108207690583
P,0.25,1,0.8270920095659129,0.8594705460747556,0.7092357083137664,0.8594705460747556,0.8270920095659129,33.04526898813358,0.0,3372.567784753441,-1.1387262541903818,1.2173498284721664,8.255788996352803e-19,-0.11397262541903816
P,0.25,1,0.8473463198025658,0.9872064319821122,0.5518255267874695,0.9872064319821122,0.8473463198025658,28.738861821371575,0.0,3032.6188409741094,-2.5802624095579043,1.2217116968612771,8.255788996352803e-19,-0.2581262409557904
P,0.25,1,0.8515574999452682,0.7717929626887272,0.6705322360643698,0.7717929626887272,0.8515574999452682,38.572897311929744,0.0,3777.4758119739763,0.7037614336069962,1.2162566806287154,8.255788996352803e-19,0.07027614336069962
P,0.25,1,0.8872261953689605,0.7890160690130881,0.5995881584346127,0.7890160690130881,0.8872261953689605,67.53490737954513,0.0,6672.571572179873,13.45461316025304,1.201619616713264,8.255788996352803e-19,0.3916
P,0.25,1,0.8485456450471028,0.9587342455393214,0.6585495179882537,0.9587342455393214,0.8485456450471028,26.435301842920268,0.0,2824.02335327783,-3.804554284992176,1.2223923797625664,8.255788996352803e-19,-0.3805554284992176
P,0.25,1,0.823899880604545,0.18687550203854497,0.7516032959839037,0.18687550203854497,0.823899880604545,39.17466094284805,0.0,2715.93425231344,-7.445199853280613,1.2320173277251267,8.255788996352803e-19,-0.7446199853280613
P,0.25,1,0.9182562348681738,0.7796310137503978,0.6589181048658105,0.7796310137503978,0.9182562348681738,43.75322899659218,0.0,4435.147348264969,4.440001305665107,1.2119736416907656,8.255788996352803e-19,0.3916
P,0.25,1,0.8672167863481535,0.6250629348462468,0.6645352914382678,0.6250629348462468,0.8672167863481535,41.72660422957599,0.0,3806.6082938658005,0.22546473006039283,1.2187350634238774,8.255788996352803e-19,0.02244647300603928
P,0.25,1,0.8807687188526548,0.9396400010283317,0.6006062972813784,0.9396400010283317,0.8807687188526548,30.024764804123727,0.0,3183.6937534838535,-1.5842779600229453,1.2201628728619491,8.255788996352803e-19,-0.15852779600229452
P,0.25,1,0.14362165897585077,0.7964256799212425,0.5889057880641402,0.7964256799212425,0.14362165897585077,37.23237440219389,0.0,2298.168743600709,-12.62174402079161,1.2265822551292083,8.255788996352803e-19,-1.262274402079161
P,0.25,1,0.08377810180920853,0.6047276303670588,0.8603875401832446,0.6047276303670588,0.08377810180920853,30.29892031496233,0.0,1694.7693537801408,-16.91912079089303,1.2298381734809543,8.255788996352803e-19,-1.692012079089303
P,0.25,1,0.9809988855215784,0.5139214148976667,0.8966466733714546,0.5139214148976667,0.9809988855215784,37.46887824133023,0.0,3640.557961596296,0.28007691647471167,1.2173986670598833,8.255788996352803e-19,0.027907691647471165
P,0.25,1,0.8400365114399327,0.8073909923470638,0.7862736062487496,0.8073909923470638,0.8400365114399327,29.898930994233176,0.0,3050.534570081917,-2.916804524732879,1.2196535980285645,8.255788996352803e-19,-0.2917804524732879
P,0.25,1,0.9784875538156624,0.6474478477132204,0.6761233309419898,0.6474478477132204,0.9784875538156624,19.191818485876276,0.0,1884.633760832752,-9.551097648323932,1.2364351055137175,8.255788996352803e-19,-0.9552097648323932
P,0.25,1,0.8376656469088588,0.6875614683329531,0.658109672645448,0.6875614683329531,0.8376656469088588,158.80952753034268,0.0,14723.882031800284,40.54585270004945,1.1764171139055861,8.255788996352803e-19,0.3916
P,0.25,1,0.8785453028026838,0.5654416287467134,0.9590596548656336,0.5654416287467134,0.8785453028026838,48.1383138625666,0.0,4629.742673189634,4.426556147990611,1.2085013628952743,8.255788996352803e-19,0.3916
P,0.25,1,0.6441864409764406,0.9314749100794157,0.5516992853148361,0.9314749100794157,0.6441864409764406,35.81503792017817,0.0,3315.5968224733847,-2.811825614352425,1.218957225133211,8.255788996352803e-19,-0.2812825614352425
P,0.25,1,0.7112782236497868,0.8173504945392744,0.8388489764585607,0.8173504945392744,0.7112782236497868,30.320055632435448,0.0,2953.254079677419,-4.357350967147551,1.2188918587936353,8.255788996352803e-19,-0.4358350967147551
P,0.25,1,0.8671709929377502,0.8609931090487397,0.48213463596287465,0.8609931090487397,0.8671709929377502,36.07037404420199,0.0,3551.5456948919077,-0.1979414350457891,1.2202254922439901,8.255788996352803e-19,-0.01989414350457891
P,0.25,1,0.8583695565737646,0.09190752024055221,0.5333718562038934,0.09190752024055221,0.8583695565737646,35.84180677312916,0.0,2180.907643612767,-10.597313452926063,1.2417415804266843,8.255788996352803e-19,-1.0598313452926063
P,0.25,1,0.823270034101826,0.6143202457813223,0.911804114608209,0.6143202457813223,0.823270034101826,52.091985831854856,0.0,4931.788800074205,5.420354555605517,1.2068155854757328,8.255788996352803e-19,0.3916
P,0.25,1,0.7074735246796009,0.9858800589850771,0.623755613012744,0.9858800589850771,0.7074735246796009,33.93282498072254,0.0,3402.1582904262605,-1.531987700620774,1.2163984996609432,8.255788996352803e-19,-0.1532987700620774
P,0.25,1,0.8634576698768165,0.7803708065531019,0.378790989730846,0.7803708065531019,0.8634576698768165,42.93995492661071,0.0,3935.927734890212,1.034488428671455,1.2209497725958034,8.255788996352803e-19,0.10334884286714552
P,0.25,1,0.8597156485317742,0.7311728833754978,0.43194884830169733,0.7311728833754978,0.8597156485317742,28.320130757679117,0.0,2558.5297588386297,-6.131062049184424,1.2313630801108255,8.255788996352803e-19,-0.6132062049184424
P,0.25,1,0.9615599492694664,0.9244067645580215,0.7288977671279144,0.9244067645580215,0.9615599492694664,21.684990976884787,0.0,2440.0120961837138,-5.4687198760829,1.2266844101373142,8.255788996352803e-19,-0.54697198760829
P,0.25,1,0.7714396311202243,0.7757303532032331,0.5977706318514553,0.7757303532032331,0.7714396311202243,37.990239297063155,0.0,3506.604130603916,-1.4197706831514276,1.2194129451463889,8.255788996352803e-19,-0.14207706831514275
P,0.25,1,0.8421134368750752,0.9477173929039961,0.8098535657666133,0.9477173929039961,0.8421134368750752,88.10429812806487,0.0,9668.378951242305,26.33621838894491,1.1806309990334665,8.255788996352803e-19,0.3916
P,0.25,1,0.5903428544394702,0.47570760862601047,0.6663343745198671,0.47570760862601047,0.5903428544394702,38.68261434200291,0.0,2706.2698374030733,-8.214480587254464,1.2283862372114156,8.255788996352803e-19,-0.8215480587254463
P,0.25,1,0.809495557962224,0.5941146647004659,0.7522071048093448,0.5941146647004659,0.809495557962224,46.67186569034063,0.0,4153.128113859652,1.3305397123735527,1.2152078550695733,8.255788996352803e-19,0.13295397123735528
P,0.25,1,0.5946271154412456,0.7430226749331138,0.4150661489077981,0.7430226749331138,0.5946271154412456,39.77467486450499,0.0,3072.9573027374167,-5.527804506990601,1.2262404817244283,8.255788996352803e-19,-0.5528804506990601
P,0.25,1,0.839848486821865,0.2316137985311319,0.43391528481729,0.2316137985311319,0.839848486821865,33.6688194972675,0.0,2168.978899224458,-10.317201413210627,1.2414372884538551,8.255788996352803e-19,-1.0318201413210626
P,0.25,1,0.7972324854664563,0.6211341145524607,0.37237774198215645,0.6211341145524607,0.7972324854664563,33.94247932104677,0.0,2723.1295447114617,-6.230102190034686,1.2322371444875866,8.255788996352803e-19,-0.6231102190034686
P,0.25,1,0.9613838445551071,0.5753543593119412,0.11152727829293652,0.5753543593119412,0.9613838445551071,54.4174624243476,0.0,4332.995460144617,1.7101219977229587,1.228588143921344,8.255788996352803e-19,0.17091219977229588
P,0.25,1,0.9830920550317104,0.7908601716939989,0.6379268296014236,0.7908601716939989,0.9830920550317104,54.291087266334735,0.0,5681.333286759393,10.543629866357197,1.205076067510652,8.255788996352803e-19,0.3916
P,0.25,1,0.7346811349209885,0.6035491382070894,0.70112271133126,0.6035491382070894,0.7346811349209885,51.91091523261373,0.0,4383.335954392893,1.5833429326679374,1.2147995601458892,8.255788996352803e-19,0.15823429326679375
P,0.25,1,0.8815771294570649,0.7064411711012077,0.9783363549141488,0.7064411711012077,0.8815771294570649,40.730393157191735,0.0,4230.231095518375,3.4167295673161555,1.2080702427369472,8.255788996352803e-19,0.3415729567316156
P,0.25,1,0.8718403222714818,0.8354048809153055,0.6273973142267179,0.8354048809153055,0.8718403222714818,34.45191394539127,0.0,3481.2691981763737,-0.41398615391571975,1.2184597080653998,8.255788996352803e-19,-0.04149861539157197
P,0.25,1,0.9873453550262454,0.6194848548487221,0.5422159879275048,0.6194848548487221,0.9873453550262454,17.794618936603747,0.0,1670.8597361900058,-10.980056147164694,1.241189436601808,8.255788996352803e-19,-1.0981056147164694
P,0.25,1,0.855814267055185,0.9872064319821122,0.3996035195851366,0.9872064319821122,0.855814267055185,42.24857806275537,0.0,4315.317206011173,3.905831333239601,1.2142463704095674,8.255788996352803e-19,0.3904831333239601
P,0.25,1,0.9224927068988764,0.41936781165598097,0.7485306566340555,0.41936781165598097,0.9224927068988764,192.25686798261518,0.0,16496.849019180085,44.962597156295594,1.1764643358061166,8.255788996352803e-19,0.3916
P,0.25,1,0.7383414624535314,0.7257981747971404,0.9757259755834411,0.7257981747971404,0.7383414624535314,36.856062532176594,0.0,3597.1565405767633,-0.8463922969303158,1.2121322252222653,8.255788996352803e-19,-0.08473922969303158
P,0.25,1,0.8485456450471028,0.9608306185282404,0.3656153275416103,0.9608306185282404,0.8485456450471028,36.11811140657548,0.0,3597.696051513863,0.14645238096398575,1.220488582626214,8.255788996352803e-19,0.014545238096398575
P,0.25,1,0.9264978737052136,0.8803898890697445,0.545076069312754,0.8803898890697445,0.9264978737052136,34.50512359018647,0.0,3587.542206849514,0.6533225750604239,1.2186499843239762,8.255788996352803e-19,0.06523225750604239
P,0.25,1,0.9569372356248299,0.3915360788444989,0.8364572832721957,0.3915360788444989,0.9569372356248299,47.35535689618244,0.0,4183.140083027805,1.813224939548075,1.2172953773538946,8.255788996352803e-19,0.18122249395480752
P,0.25,1,0.787364388122917,0.7854022694103173,0.2568697007288875,0.7854022694103173,0.787364388122917,37.23237440219389,0.0,3166.9885737811574,-3.5141675657971922,1.2284605582383366,8.255788996352803e-19,-0.3515167565797192
P,0.25,1,0.8982885636588231,0.7767796018938954,0.9260660050773291,0.7767796018938954,0.8982885636588231,41.72660422957599,0.0,4460.785062187164,4.927398649165496,1.2063342650605215,8.255788996352803e-19,0.3916
P,0.25,1,0.7524128807385779,0.6114641814948603,0.5748446516768274,0.6114641814948603,0.7524128807385779,32.26997598097425,0.0,2664.369579523807,-6.665462361228895,1.228973052891893,8.255788996352803e-19,-0.6666462361228895
P,0.25,1,0.848501054911076,0.6361037550851212,0.2568697007288875,0.6361037550851212,0.848501054911076,44.159053289359164,0.0,3561.515215985767,-1.9022435676529905,1.228581842860757,8.255788996352803e-19,-0.19032435676529905
P,0.25,1,0.8399308863814592,0.33685767018937596,0.9590596548656336,0.33685767018937596,0.8399308863814592,57.59455280784703,0.0,4769.745831705309,3.1747548050949876,1.2126900386441508,8.255788996352803e-19,0.31737548050949876
P,0.25,1,0.6081521824273732,0.9723956675914639,0.5160808480638975,0.9723956675914639,0.6081521824273732,47.51791145940602,0.0,4368.293740832369,2.1336887574899785,1.2114067099414672,8.255788996352803e-19,0.21326887574899786
P,0.25,1,0.6796968774339103,0.9268579570567244,0.4419472732409938,0.9268579570567244,0.6796968774339103,121.58409738168734,0.0,11109.9199799691,27.769086770203177,1.187317323100505,8.255788996352803e-19,0.3916
P,0.25,1,0.9166412272466433,0.6903743656200975,0.6587012748170045,0.6903743656200975,0.9166412272466433,5.3683186496435775,0.0,519.7515473263308,-21.892218780385026,1.2574904237309417,8.255788996352803e-19,-2.189321878038503
P,0.25,1,0.9301582150801331,0.7291629098064292,0.8233121117876794,0.7291629098064292,0.9301582150801331,33.32365507424453,0.0,3450.626461947873,-0.2761452349865689,1.2168441293040884,8.255788996352803e-19,-0.02771452349865689
P,0.25,1,0.787129011776669,0.2620526507753723,0.3239513715740664,0.2620526507753723,0.787129011776669,21.265554571655933,0.0,1287.7966342983343,-15.555056681009349,1.2504626323838983,8.255788996352803e-19,-1.555605668100935
P,0.25,1,0.7194925198593652,0.835055317868939,0.6298286906548265,0.835055317868939,0.7194925198593652,46.03481795815696,0.0,4303.017563831433,2.307215119501564,1.212149960067171,8.255788996352803e-19,0.2306215119501564
P,0.25,1,0.8266345177492412,0.31409449340838624,0.794341982101713,0.31409449340838624,0.8266345177492412,63.78259200448746,0.0,4904.562419228206,2.8990838485631656,1.2165547735303652,8.255788996352803e-19,0.28980838485631655
P,0.25,1,0.6122643240612243,0.7311728833754978,0.5297040195424219,0.7311728833754978,0.6122643240612243,35.426504094541045,0.0,2848.803226931153,-6.381969208730036,1.2260114286578576,8.255788996352803e-19,-0.6382969208730036
P,0.25,1,0.46152970197718646,0.646279717089993,0.30111669990431894,0.646279717089993,0.46152970197718646,154.27039597630056,0.0,9706.444700521364,16.73196250231969,1.2058894248841991,8.255788996352803e-19,0.3916
P,0.25,1,0.8727992990141682,0.9767150692925829,0.7323536835006174,0.9767150692925829,0.8727992990141682,23.860031979049246,0.0,2643.3231563829877,-4.66672781717587,1.2232090285267754,8.255788996352803e-19,-0.466772781717587
P,0.25,1,0.796606071770676,0.77488350625873,0.16139203913883432,0.77488350625873,0.796606071770676,37.990239297063155,0.0,3138.346310797029,-3.7968473160509193,1.230183933415212,8.255788996352803e-19,-0.3797847316050919
P,0.25,1,0.6967491370574111,0.43444631974557735,0.6140830223396855,0.43444631974557735,0.6967491370574111,40.07008959129652,0.0,2881.514208009301,-6.753680333872994,1.2291055332028695,8.255788996352803e-19,-0.6754680333872994
P,0.25,1,0.9191581877996603,0.005498382504959043,0.6589181048658105,0.005498382504959043,0.9191581877996603,235.57770048849812,0.0,14772.083727560343,33.86899427191535,1.1975825601063455,8.255788996352803e-19,0.3916
P,0.25,1,0.9694484440605794,0.5431266768800284,0.6607813503678579,0.5431266768800284,0.9694484440605794,46.67186569034063,0.0,4300.732605430804,2.9333935257749943,1.2173763764995273,8.255788996352803e-19,0.29323935257749945
P,0.25,1,0.9096396605983381,0.5972760404138688,0.8256846249094604,0.5972760404138688,0.9096396605983381,71.03722360823126,0.0,6818.713963817232,13.535103881940751,1.2002303298635375,8.255788996352803e-19,0.3916
P,0.25,1,0.9091554408471878,0.7968506790994111,0.2945125423245932,0.7968506790994111,0.9091554408471878,39.9251334216214,0.0,3699.587411514788,0.24101776885874793,1.2240074392390892,8.255788996352803e-19,0.024001776885874793
P,0.25,1,0.9892300182351972,0.7344529592614616,0.7313166529632625,0.7344529592614616,0.9892300182351972,35.44467686983286,0.0,3702.8013695152868,1.4033895090808393,1.2166463539936365,8.255788996352803e-19,0.14023895090808394
P,0.25,1,0.8618864702014676,0.7803708065531019,0.1947323914558889,0.7803708065531019,0.8618864702014676,284.1149141714983,0.0,24712.648678754667,70.94448030355476,1.1580795548614613,8.255788996352803e-19,0.3916
P,0.25,1,0.46301633362969086,0.9305851161954559,0.6795515330151635,0.9305851161954559,0.46301633362969086,27.764473359438234,0.0,2406.3152772363624,-9.166963082321887,1.2243961386271742,8.255788996352803e-19,-0.9167963082321886
P,0.25,1,0.9065481396475458,0.32610696016441487,0.9716171761117898,0.32610696016441487,0.9065481396475458,49.04418348166777,0.0,4214.032420718729,1.419534216098005,1.215496379708548,8.255788996352803e-19,0.1418534216098005
P,0.25,1,0.4685804130954558,0.7678354762049858,0.23959707275221276,0.7678354762049858,0.4685804130954558,149.22978427294152,0.0,10119.379308578127,19.19137145656632,1.2024943873169032,8.255788996352803e-19,0.3916
P,0.25,1,0.8181508732635134,0.8130705833011922,0.3884869151690077,0.8130705833011922,0.8181508732635134,15.22693621779585,0.0,1389.8118907787095,-13.882151507142696,1.2438747984939265,8.255788996352803e-19,-1.3883151507142695
P,0.25,1,0.845405298783802,0.5961877309858545,0.6237892673904898,0.5961877309858545,0.845405298783802,25.96723279366453,0.0,2276.661117900599,-8.140276979607883,1.2324204735586703,8.255788996352803e-19,-0.8141276979607882
P,0.25,1,0.6995949092398204,0.23126205815546008,0.9574086478850765,0.23126205815546008,0.6995949092398204,40.730393157191735,0.0,2870.5992787674118,-7.153125908117304,1.2257991517250257,8.255788996352803e-19,-0.7154125908117305
P,0.25,1,0.9456944832944749,0.9872064319821122,0.3996035195851366,0.9872064319821122,0.9456944832944749,31.92471645393704,0.0,3404.29640910679,0.08228807707557435,1.2214037650692422,8.255788996352803e-19,0.008128807707557435
P,0.25,1,0.7674005724711627,0.7828396482314978,0.6871492595331075,0.7828396482314978,0.7674005724711627,271.8467356133523,0.0,25741.369247807237,75.88491718960084,1.1417432893216588,8.255788996352803e-19,0.3916
P,0.25,1,0.5834249510257103,0.1815293016264553,0.7850994747922102,0.1815293016264553,0.5834249510257103,149.61628824927007,0.0,8659.072531237114,12.245872646078586,1.2091217652458381,8.255788996352803e-19,0.3916
P,0.25,1,0.7308305597906968,0.2009712647983274,0.2349981885319653,0.2009712647983274,0.7308305597906968,22.60908426691406,0.0,1186.18664478716,-16.783286816047415,1.2532497995926153,8.255788996352803e-19,-1.6784286816047416
P,0.25,1,0.5244846613852697,0.9914921055128216,0.3996035195851366,0.9914921055128216,0.5244846613852697,32.74551588775236,0.0,2809.202650280667,-6.4220454111416085,1.2247434592617426,8.255788996352803e-19,-0.6423045411141609
P,0.25,1,0.9474139365351667,0.6338905044485358,0.44520841357983654,0.6338905044485358,0.9474139365351667,43.75322899659218,0.0,3946.3414077486086,1.161339557002505,1.2223253508508771,8.255788996352803e-19,0.1160339557002505
P,0.25,1,0.5171746604359425,0.8100887594924986,0.545076069312754,0.8100887594924986,0.5171746604359425,39.47154998098945,0.0,3157.3321537152137,-5.203880242548299,1.2217529581048405,8.255788996352803e-19,-0.5204880242548299
P,0.25,1,0.5867471400876859,0.06372614406779897,0.19491429695572848,0.06372614406779897,0.5867471400876859,41.72660422957599,0.0,1560.4298576873653,-16.774752470332132,1.252983049604412,8.255788996352803e-19,-1.6775752470332133
P,0.25,1,0.8008247150638529,0.6757416341334043,0.21401794330942264,0.6757416341334043,0.8008247150638529,41.46573691552968,0.0,3283.2058820186617,-3.4804577287580023,1.2304399161434136,8.255788996352803e-19,-0.34814577287580023
P,0.25,1,0.10262372655509766,0.7188384245613303,0.30109191751205233,0.7188384245613303,0.10262372655509766,37.23237440219389,0.0,1809.5084934370016,-16.252738969928647,1.2369548356793445,8.255788996352803e-19,-1.6253738969928648
P,0.25,1,0.006569310152626628,0.3915360788444989,0.6105402491913896,0.3915360788444989,0.006569310152626628,47.35535689618244,0.0,1665.4299239111815,-18.693097485887225,1.2367283408640544,8.255788996352803e-19,-1.8694097485887227
P,0.25,1,0.8792136778074093,0.334069287931378,0.41930458485151334,0.334069287931378,0.8792136778074093,30.299683972574655,0.0,2155.724431790981,-9.638148439679513,1.240385464353313,8.255788996352803e-19,-0.9639148439679512
P,0.25,1,0.9940099193863008,0.3390935944627842,0.5694795116206053,0.3390935944627842,0.9940099193863008,17.948307501125527,0.0,1451.8774246236515,-12.852634924970296,1.2455068644421028,8.255788996352803e-19,-1.2853634924970296
P,0.25,1,0.5244803185157614,0.8351442673366772,0.6971024671133015,0.8351442673366772,0.5244803185157614,36.87994287211007,0.0,3149.8713317663514,-4.828015376065784,1.2185466998340777,8.255788996352803e-19,-0.4829015376065784
P,0.25,1,0.9487404006542963,0.7051399444552636,0.6974685112431592,0.7051399444552636,0.9487404006542963,43.99266017672201,0.0,4405.017179745344,4.24259283529015,1.2127989927223908,8.255788996352803e-19,0.3916
P,0.25,1,0.7629646109171861,0.8663910970449991,0.3600356437544391,0.8663910970449991,0.7629646109171861,12.102071433176121,0.0,1094.858385370725,-16.583266365274476,1.247126907139643,8.255788996352803e-19,-1.6584266365274476
P,0.25,1,0.7637294013512868,0.8840981447683106,0.7502493214524311,0.8840981447683106,0.7637294013512868,55.7000862769687,0.0,5633.9306227748,9.17207389873842,1.200924999125357,8.255788996352803e-19,0.3916
P,0.25,1,0.0365256562094225,0.7768649040933605,0.1070230482185105,0.7768649040933605,0.0365256562094225,65.05637202182686,0.0,2819.875225500336,-12.252733044587043,1.2333055589009398,8.255788996352803e-19,-1.2253733044587043
P,0.25,1,0.8126510831731761,0.9220842877181922,0.18334141089324352,0.9220842877181922,0.8126510831731761,42.25530742222907,0.0,3858.7675116744476,0.581361807210909,1.2225008897814154,8.255788996352803e-19,0.0580361807210909
P,0.25,1,0.43014451145969157,0.7803708065531019,0.378790989730846,0.7803708065531019,0.43014451145969157,26.955309724576914,0.0,1886.7514773958283,-13.141198126014395,1.236115835931276,8.255788996352803e-19,-1.3142198126014395
P,0.25,1,0.9721908839331116,0.7213622531878807,0.521217467210328,0.7213622531878807,0.9721908839331116,54.378681022327704,0.0,5313.237251710642,8.089297600120814,1.2111999771519943,8.255788996352803e-19,0.3916
P,0.25,1,0.12746147407442754,0.7311728833754978,0.6251801755426805,0.7311728833754978,0.12746147407442754,35.91478164166344,0.0,2103.2135101750073,-14.013958285720431,1.2284658212103385,8.255788996352803e-19,-1.4014958285720431
P,0.25,1,0.9575740117468466,0.07925535792168653,0.5712389857478295,0.07925535792168653,0.9575740117468466,28.212021612805316,0.0,1865.4477945938672,-11.343393356490406,1.2438376016156545,8.255788996352803e-19,-1.1344393356490405
P,0.25,1,0.8282150802547275,0.6474494049873243,0.9598264208459888,0.6474494049873243,0.8282150802547275,38.228742661929196,0.0,3737.9638241493776,0.22477403827139783,1.2128643754870967,8.255788996352803e-19,0.022377403827139784
P,0.25,1,0.8668992652122472,0.05783218767950582,0.5939594325830007,0.05783218767950582,0.8668992652122472,19.193989291415825,0.0,1172.4755549253236,-16.086421449226282,1.249900069559563,8.255788996352803e-19,-1.6087421449226285
P,0.25,1,0.9869528046048807,0.6501070725270004,0.013361147416893315,0.6501070725270004,0.9869528046048807,44.09835266312927,0.0,3624.3123043903934,-0.838232987741029,1.2312594706720386,8.255788996352803e-19,-0.0839232987741029
P,0.25,1,0.7892018991242704,0.77488350625873,0.06131943079447605,0.77488350625873,0.7892018991242704,48.56512375125166,0.0,3872.4497071198525,-0.7168310258000321,1.2270444654433599,8.255788996352803e-19,-0.07178310258000321
P,0.25,1,0.7922176674921605,0.7595638243318351,0.30053165912730795,0.7595638243318351,0.7922176674921605,39.9251334216214,0.0,3397.723319815762,-2.3972768944018585,1.2263958564414084,8.255788996352803e-19,-0.23982768944018584
P,0.25,1,0.9725096427918232,0.5753543593119412,0.007775420062824612,0.5753543593119412,0.9725096427918232,20.197919106052264,0.0,1567.1077777192197,-11.822718369405164,1.2468131313183486,8.255788996352803e-19,-1.1823718369405163
P,0.25,1,0.5660105999112234,0.5442617492918,0.5018093632075113,0.5442617492918,0.5660105999112234,71.03722360823126,0.0,4834.711855390472,0.6931731487413013,1.2190956083062034,8.255788996352803e-19,0.06921731487413013
P,0.25,1,0.04231986093338791,0.8484405451991932,0.4573147069577694,0.8484405451991932,0.04231986093338791,32.3929064301194,0.0,1813.059737165405,-16.0716797354296,1.2322859206539907,8.255788996352803e-19,-1.6072679735429602
P,0.25,1,0.07791026304913717,0.43450810275709106,0.21825261108739813,0.43450810275709106,0.07791026304913717,21.218203021942415,0.0,659.4030511954616,-24.28442372787562,1.2536032288992716,8.255788996352803e-19,-2.428542372787562
P,0.25,1,0.8405040046087968,0.8831042666706961,0.7313166529632625,0.8831042666706961,0.8405040046087968,29.544008211747364,0.0,3086.265476039206,-2.507847569900903,1.2193347884197203,8.255788996352803e-19,-0.2508847569900903
P,0.25,1,0.3544851943920597,0.9557528073471891,0.6410828253344814,0.9557528073471891,0.3544851943920597,26.79046743231124,0.0,2184.4671395470323,-11.2549793875042,1.226499543441436,8.255788996352803e-19,-1.12559793875042
P,0.25,1,0.9913381537992022,0.8005719887517542,0.1646855549081463,0.8005719887517542,0.9913381537992022,16.637719689002783,0.0,1559.164735466932,-11.398391717908657,1.2433621358544955,8.255788996352803e-19,-1.1399391717908656
P,0.25,1,0.9515309306640081,0.5800297347521446,0.5728298813381412,0.5800297347521446,0.9515309306640081,39.203127775600045,0.0,3563.516498914147,-0.6131750951504368,1.2231846258570471,8.255788996352803e-19,-0.061417509515043676
P,0.25,1,0.8485456450471028,0.7795746313215548,0.4981151216582209,0.7795746313215548,0.8485456450471028,36.11811140657548,0.0,3390.0059126931696,-1.512056810766587,1.2223786910023984,8.255788996352803e-19,-0.1513056810766587
P,0.25,1,0.7523117713654951,0.8268414778957522,0.3162411811023667,0.8268414778957522,0.7523117713654951,49.3094559172254,0.0,4283.201391018997,1.7116681778787715,1.2192184857084807,8.255788996352803e-19,0.17106681778787716
P,0.25,1,0.5332397793560342,0.8489824491161843,0.6705322360643698,0.8489824491161843,0.5332397793560342,38.572897311929744,0.0,3312.425081207518,-3.9006387802082387,1.2175700185154172,8.255788996352803e-19,-0.39016387802082386
P,0.25,1,0.697253418124254,0.6067312480674389,0.46987714515524204,0.6067312480674389,0.697253418124254,8.677942252733818,0.0,667.7343498715103,-20.89200802959708,1.255084719245831,8.255788996352803e-19,-2.089300802959708
P,0.25,1,0.9360651473409488,0.07499425583550512,0.6296070205706277,0.07499425583550512,0.9360651473409488,24.573953212253286,0.0,1629.0846600635655,-12.76886970413155,1.2448816620286727,8.255788996352803e-19,-1.276986970413155
P,0.25,1,0.8797189171625514,0.35287889999093847,0.43851347106738736,0.35287889999093847,0.8797189171625514,30.89271485274756,0.0,2242.5864351914256,-9.078318043627906,1.239064223562914,8.255788996352803e-19,-0.9079318043627905
P,0.25,1,0.9264978737052136,0.8378122334301492,0.545076069312754,0.8378122334301492,0.9264978737052136,35.59338600238486,0.0,3624.9161069516863,0.6596650045555761,1.2190002236359467,8.255788996352803e-19,0.06586650045555761
P,0.25,1,0.8490011996423128,0.7502741523299752,0.5431811630442698,0.7502741523299752,0.8490011996423128,41.72660422957599,0.0,3903.244118675901,0.937726554682289,1.218299197137131,8.255788996352803e-19,0.09367265546822891
P,0.25,1,0.987472287772541,0.8741764876084478,0.5889057880641402,0.8741764876084478,0.987472287772541,34.54886357881579,0.0,3724.543121930438,1.8958184586309768,1.2170314583911637,8.255788996352803e-19,0.1894818458630977
P,0.25,1,0.8788644097187909,0.9268579570567244,0.5801061642992502,0.9268579570567244,0.8788644097187909,32.95722075181708,0.0,3453.54670582322,-0.19462291477177768,1.218285720026709,8.255788996352803e-19,-0.01956229147717777
P,0.25,1,0.8569299390862615,0.8653247956866998,0.6217839685428886,0.8653247956866998,0.8569299390862615,38.10832127717192,0.0,3873.9904186486096,1.5878136214163796,1.2149875906105727,8.255788996352803e-19,0.15868136214163797
P,0.25,1,0.9628724698782288,0.6974995867125862,0.37078194371570394,0.6974995867125862,0.9628724698782288,23.6002439612069,0.0,2178.0228882982306,-7.7215410097633805,1.2370405612548687,8.255788996352803e-19,-0.7722541009763381
P,0.25,1,0.9610447983759279,0.7964444571166819,0.4412950008617888,0.7964444571166819,0.9610447983759279,50.50770710437638,0.0,4995.557594029281,6.9060930548859805,1.2130504670472304,8.255788996352803e-19,0.3916
P,0.25,1,0.8807543850441278,0.3775369815438965,0.09505882096342044,0.3775369815438965,0.8807543850441278,28.869136562287956,0.0,1884.895916954957,-11.274040924830725,1.246741393709536,8.255788996352803e-19,-1.1275040924830724
P,0.25,1,0.9581587553749111,0.9117127927937771,0.20815708409242561,0.9117127927937771,0.9581587553749111,43.99266017672201,0.0,4341.965776231696,4.1074645151233575,1.2195238865036662,8.255788996352803e-19,0.3916
P,0.25,1,0.6441864409764406,0.8933348440308593,0.5943721837850781,0.8933348440308593,0.6441864409764406,30.13172412075933,0.0,2764.144826153398,-5.911210131489115,1.2236187219736754,8.255788996352803e-19,-0.5912210131489115
P,0.25,1,0.8508214792339363,0.9746232928393952,0.42394055250938695,0.9746232928393952,0.8508214792339363,29.00669653599717,0.0,2954.9340012362513,-3.150810052137154,1.2247710041429565,8.255788996352803e-19,-0.3151810052137154
P,0.25,1,0.34058892827415554,0.9220842877181922,0.18334141089324352,0.9220842877181922,0.34058892827415554,24.564677025233728,0.0,1663.4510505618405,-14.90270537276952,1.2384971632148694,8.255788996352803e-19,-1.4903705372769518
P,0.25,1,0.9837956940085025,0.8454225746815633,0.2772449883613625,0.8454225746815633,0.9837956940085025,41.6461237514977,0.0,4097.6469966878385,2.9946011407601425,1.2209529594455633,8.255788996352803e-19,0.29936011407601426
P,0.25,1,0.8789795056081822,0.7946125500235361,0.6796129148508374,0.7946125500235361,0.8789795056081822,49.98453265224989,0.0,5031.939185894792,6.9057348736181074,1.2076306116391158,8.255788996352803e-19,0.3916
P,0.25,1,0.08394712539365423,0.8615573368729218,0.13326106830171874,0.8615573368729218,0.08394712539365423,7.855276475616169,0.0,397.53001137528685,-26.507839207172026,1.2557652790170688,8.255788996352803e-19,-2.650883920717203
P,0.25,1,0.7714396311202243,0.4233512324040146,0.3107771061874683,0.4233512324040146,0.7714396311202243,14.60197252003419,0.0,985.7641369285719,-17.478628840415332,1.2528963502081885,8.255788996352803e-19,-1.7479628840415333
P,0.25,1,0.9861681746603568,0.7997349058244444,0.696509961621877,0.7997349058244444,0.9861681746603568,30.418464831116744,0.0,3245.8905965784375,-0.8219901408133142,1.2201887718504933,8.255788996352803e-19,-0.08229901408133142
P,0.25,1,0.8421134368750752,0.39056632395599533,0.054931175399554055,0.39056632395599533,0.8421134368750752,23.129269024481225,0.0,1457.3120388059315,-13.913342234931456,1.2500402744846961,8.255788996352803e-19,-1.3914342234931456
P,0.25,1,0.8731117657952715,0.6049012550319895,0.6509502477968901,0.6049012550319895,0.8731117657952715,62.49552221410533,0.0,5635.496670579048,7.989001517190967,1.2095218638849234,8.255788996352803e-19,0.3916
P,0.25,1,0.8497909832038035,0.7838476647036489,0.42981496306803113,0.7838476647036489,0.8497909832038035,33.80458669079624,0.0,3124.4668942319977,-2.9484474570806074,1.22570219333477,8.255788996352803e-19,-0.29494474570806073
P,0.25,1,0.9618259062501092,0.70117995313784,0.2771116243573061,0.70117995313784,0.9618259062501092,29.312873847716126,0.0,2640.44750037562,-5.140049652973514,1.234109793450948,8.255788996352803e-19,-0.5141049652973514
P,0.25,1,0.3707848360007029,0.7968506790994111,0.45446634072511893,0.7968506790994111,0.3707848360007029,39.9251334216214,0.0,2784.515918636944,-8.494496413929921,1.226080097214741,8.255788996352803e-19,-0.849549641392992
P,0.25,1,0.9158401851369522,0.21065468069612892,0.13040150779158816,0.21065468069612892,0.9158401851369522,71.03722360823126,0.0,4232.7374105814915,-1.8935769186165372,1.2381085098250022,8.255788996352803e-19,-0.1894576918616537
P,0.25,1,0.9835990524037856,0.5753543593119412,0.6071387470272616,0.5753543593119412,0.9835990524037856,39.14248283078037,0.0,3645.188307138868,0.09875012931945465,1.2220681779691795,8.255788996352803e-19,0.009775012931945465
P,0.25,1,0.865132622597947,0.5995262541974781,0.7061694179875,0.5995262541974781,0.865132622597947,41.1184960643032,0.0,3737.144123909229,-0.17177088569419732,1.2187992967534138,8.255788996352803e-19,-0.017277088569419733
P,0.25,1,0.7763638654448455,0.5071975931751075,0.7313166529632625,0.5071975931751075,0.7763638654448455,37.67666575339952,0.0,3106.855129858289,-4.405338336025558,1.2241425739006158,8.255788996352803e-19,-0.4406338336025558
P,0.25,1,0.9994262757303025,0.9317593376134929,0.70112271133126,0.9317593376134929,0.9994262757303025,51.91091523261373,0.0,5922.378674526079,12.827499391111278,1.1992949586585149,8.255788996352803e-19,0.3916
P,0.25,1,0.9081143842322867,0.3421517627327454,0.306716050310337,0.3421517627327454,0.9081143842322867,49.04418348166777,0.0,3441.980071838357,-3.550318475228133,1.234176615403352,8.255788996352803e-19,-0.3551318475228133
P,0.25,1,0.8815771294570649,0.2778127502957476,0.8208367327963662,0.2778127502957476,0.8815771294570649,40.730393157191735,0.0,3196.945352356584,-4.046511608424054,1.2258532013895942,8.255788996352803e-19,-0.4047511608424054
P,0.25,1,0.9832745823566631,0.945096814483889,0.49249098885993625,0.945096814483889,0.9832745823566631,55.830086175448734,0.0,6070.452421910979,12.801238509040434,1.2029927533500735,8.255788996352803e-19,0.3916
P,0.25,1,0.9738525096687208,0.9608306185282404,0.6552758819265871,0.9608306185282404,0.9738525096687208,32.611504419378655,0.0,3688.8846772486545,2.045477970958016,1.2148197311015567,8.255788996352803e-19,0.20444779709580163
P,0.25,1,0.865090926278135,0.8359830839173849,0.34377320053747196,0.8359830839173849,0.865090926278135,43.96756147400238,0.0,4117.475538948609,2.119092846978387,1.2194904516457166,8.255788996352803e-19,0.21180928469783872
P,0.25,1,0.8822672504374615,0.983424083670515,0.8145111193517315,0.983424083670515,0.8822672504374615,38.572897311929744,0.0,4383.707356469691,5.227849499809925,1.2055844799926767,8.255788996352803e-19,0.3916
P,0.25,1,0.7383414624535314,0.5985557429920401,0.8304075364452393,0.5985557429920401,0.7383414624535314,29.72283112273024,0.0,2603.8700675155433,-6.878219324308852,1.2251596329247811,8.255788996352803e-19,-0.6879219324308853
P,0.25,1,0.921643108896885,0.9779290254587538,0.321819089630934,0.9779290254587538,0.921643108896885,41.96529991988069,0.0,4323.4365822917425,4.310358952834359,1.2160595143737751,8.255788996352803e-19,0.3916
P,0.25,1,0.8888083625333262,0.9748876140358858,0.46232803257866595,0.9748876140358858,0.8888083625333262,34.871072988320996,0.0,3652.5007855641957,0.9666921987906204,1.2181471901408978,8.255788996352803e-19,0.09656921987906204
P,0.25,1,0.8585577532619754,0.8848021530242368,0.4905088259219793,0.8848021530242368,0.8585577532619754,30.01931908488902,0.0,2984.8423893130557,-3.1671491802503517,1.224487295117346,8.255788996352803e-19,-0.31681491802503514
P,0.25,1,0.8642019944935853,0.8214279672209849,0.6217839685428886,0.8214279672209849,0.8642019944935853,37.441560222315154,0.0,3737.6448337904603,0.7622783538775936,1.216740450867011,8.255788996352803e-19,0.07612783538775936
P,0.25,1,0.6889574234642839,0.5768179733621841,0.7059033146732355,0.5768179733621841,0.6889574234642839,41.72660422957599,0.0,3377.199157238524,-3.5325074536248886,1.2213346569791794,8.255788996352803e-19,-0.35335074536248884
P,0.25,1,0.7344439847839945,0.8828477239163086,0.3718881970185226,0.8828477239163086,0.7344439847839945,45.404119109961314,0.0,4093.7166686945156,1.1673177649069217,1.2180265876524385,8.255788996352803e-19,0.11663177649069219
P,0.25,1,0.43532758474020616,0.7757748179051347,0.5535984612587505,0.7757748179051347,0.43532758474020616,40.9336378753074,0.0,3045.2613325272823,-6.5874032373817,1.2227284963591944,8.255788996352803e-19,-0.65884032373817
P,0.25,1,0.7806277370270908,0.7903067698341655,0.28315329430930786,0.7903067698341655,0.7806277370270908,50.50770710437638,0.0,4324.75058900066,1.8426767913718023,1.2204734566893294,8.255788996352803e-19,0.18416767913718024
P,0.25,1,0.9755596604956174,0.12594012445962244,0.12416902260326551,0.12594012445962244,0.9755596604956174,43.99266017672201,0.0,2559.458426609941,-8.530822606103298,1.2474509781036747,8.255788996352803e-19,-0.8531822606103298
P,0.25,1,0.9809988855215784,0.38075688225235393,0.8966466733714546,0.38075688225235393,0.9809988855215784,42.483708924602695,0.0,3844.943690218485,0.5775716769769699,1.2183047614411742,8.255788996352803e-19,0.057657167697696986
P,0.25,1,0.8671709929377502,0.011783628669270185,0.9229009497028371,0.011783628669270185,0.8671709929377502,10.583804147111064,0.0,709.3292509352816,-20.343656470204124,1.2520913920507142,8.255788996352803e-19,-2.0344656470204123
P,0.25,1,0.9784875538156624,0.3775369815438965,0.49136397622917904,0.3775369815438965,0.9784875538156624,43.92744804069937,0.0,3517.9440043179943,-1.8671502081916094,1.228936717868088,8.255788996352803e-19,-0.18681502081916093
P,0.25,1,0.9267766232860593,0.6644730988119885,0.6512451021708807,0.6644730988119885,0.9267766232860593,32.1181070731537,0.0,3078.31544578334,-2.7624461717341995,1.224017163075908,8.255788996352803e-19,-0.27634461717341996
P,0.25,1,0.9713714996095687,0.7991383616625976,0.16503241108114958,0.7991383616625976,0.9713714996095687,41.6461237514977,0.0,3858.567644661723,1.2815742163687514,1.2251336085351974,8.255788996352803e-19,0.12805742163687514
P,0.25,1,0.966113429307522,0.6762048481137239,0.42337883496362216,0.6762048481137239,0.966113429307522,65.05637202182686,0.0,6030.750716547148,10.295171420961262,1.2112607782047606,8.255788996352803e-19,0.3916
P,0.25,1,0.8394387544802913,0.19005375374162492,0.400230508763311,0.19005375374162492,0.8394387544802913,27.211526252161523,0.0,1672.9751955974339,-13.104490372434201,1.2466125228557048,8.255788996352803e-19,-1.31054903724342
P,0.25,1,0.8282150802547275,0.6474494049873243,0.29312214382673846,0.6474494049873243,0.8282150802547275,51.214921414591764,0.0,4154.107721322861,0.6686716157279605,1.2241999381366797,8.255788996352803e-19,0.06676716157279605
P,0.25,1,0.6503045745527329,0.7847542208827708,0.2031083288960872,0.7847542208827708,0.6503045745527329,20.804317671792848,0.0,1598.4092078005597,-13.470075126435347,1.2419224187180016,8.255788996352803e-19,-1.3471075126435346
P,0.25,1,0.8427817427474992,0.9220842877181922,0.05868767300114891,0.9220842877181922,0.8427817427474992,43.82890442665954,0.0,3931.9126390316997,0.9155619230105632,1.2232941339243788,8.255788996352803e-19,0.09145619230105631
P,0.25,1,0.8651001136327076,0.3190738489173962,0.7350167037930241,0.3190738489173962,0.8651001136327076,35.426504094541045,0.0,2748.533993308498,-6.32074187272627,1.2300053186342077,8.255788996352803e-19,-0.632174187272627
P,0.25,1,0.8585259921947163,0.2762340913487962,0.16367290473028917,0.2762340913487962,0.8585259921947163,40.07008959129652,0.0,2437.456609516044,-9.168919820171963,1.2443096162224088,8.255788996352803e-19,-0.9169919820171962
P,0.25,1,0.9091554408471878,0.9858450098195004,0.46616199369084255,0.9858450098195004,0.9091554408471878,19.92914887752246,0.0,2120.542599548116,-7.852086315188456,1.2334947493066495,8.255788996352803e-19,-0.7853086315188456
P,0.25,1,0.9379720158210688,0.4209142453274566,0.5135274132504594,0.4209142453274566,0.9379720158210688,72.42684237917499,0.0,5850.821277793445,7.593752561603978,1.216438777936027,8.255788996352803e-19,0.3916
P,0.25,1,0.809495557962224,0.7648167383618839,0.7522071048093448,0.7648167383618839,0.809495557962224,46.67186569034063,0.0,4551.477326609069,4.127136303099123,1.209451489370978,8.255788996352803e-19,0.3916
P,0.25,1,0.9660727234473759,0.493446645675933,0.7061694179875,0.493446645675933,0.9660727234473759,22.049397319416975,0.0,1998.3413750599277,-9.185013312565378,1.2357874745990831,8.255788996352803e-19,-0.9186013312565378
P,0.25,1,0.8663340004488564,0.5753543593119412,0.22019057767895467,0.5753543593119412,0.8663340004488564,29.984857852406943,0.0,2326.500606048432,-8.134051470356571,1.2390408985488746,8.255788996352803e-19,-0.813505147035657
P,0.25,1,0.776140664450276,0.33277099158815193,0.7518745689087059,0.33277099158815193,0.776140664450276,35.44467686983286,0.0,2631.4995448140153,-7.563253934260266,1.230113097041055,8.255788996352803e-19,-0.7564253934260267
P,0.25,1,0.7952131522784676,0.9862499711162708,0.7295472979735421,0.9862499711162708,0.7952131522784676,71.03722360823126,0.0,7623.135075793691,18.178890134913175,1.1897133032324956,8.255788996352803e-19,0.3916
P,0.25,1,0.8419555884359402,0.15593500059407872,0.9783363549141488,0.15593500059407872,0.8419555884359402,29.031833980338906,0.0,2158.602161383043,-9.957560331835216,1.2327011464613689,8.255788996352803e-19,-0.9958560331835216
P,0.25,1,0.8712932398173259,0.32610696016441487,0.23478946902050835,0.32610696016441487,0.8712932398173259,49.04418348166777,0.0,3224.152200399638,-5.131959908258107,1.2373297059945174,8.255788996352803e-19,-0.5132959908258108
P,0.25,1,0.8801167886967173,0.6035491382070894,0.5789484337091425,0.6035491382070894,0.8801167886967173,51.91091523261373,0.0,4602.266384909285,3.5739502425495084,1.2162725628790425,8.255788996352803e-19,0.35729502425495085
P,0.25,1,0.9908939377393314,0.8190082860708909,0.34377320053747196,0.8190082860708909,0.9908939377393314,43.45721891387109,0.0,4306.151538453122,4.019036960891845,1.2187416217675209,8.255788996352803e-19,0.3916
P,0.25,1,0.9303874167334927,0.9435942923758261,0.22983194954933328,0.9435942923758261,0.9303874167334927,38.82870920327193,0.0,3861.3164901296163,1.8244430515086671,1.221495640068684,8.255788996352803e-19,0.18234430515086672
P,0.25,1,0.8515574999452682,0.7717929626887272,0.27200323691384154,0.7717929626887272,0.8515574999452682,17.69189538863023,0.0,1556.3136485214686,-12.421286392529693,1.242885811791434,8.255788996352803e-19,-1.2422286392529691
P,0.25,1,0.9666002409013388,0.6092309446458566,0.36033538942094184,0.6092309446458566,0.9666002409013388,45.13061869736021,0.0,3962.4657948950116,1.0677088824095176,1.2245339240986217,8.255788996352803e-19,0.10667088824095176
P,0.25,1,0.863492824843401,0.9872064319821122,0.4017696045403945,0.9872064319821122,0.863492824843401,39.65954944887709,0.0,4068.2449720117156,2.79420147374802,1.2159115718571483,8.255788996352803e-19,0.27932014737480204
P,0.25,1,0.8849922398079316,0.9303648570602561,0.2549053073562634,0.9303648570602561,0.8849922398079316,39.13429237205983,0.0,3801.524240058415,1.125661649899967,1.221738170593654,8.255788996352803e-19,0.1124661649899967
P,0.25,1,0.821803498765395,0.8803898890697445,0.7533518190256894,0.8803898890697445,0.821803498765395,46.49323538831971,0.0,4832.667979157531,6.186016309986592,1.2054737794450725,8.255788996352803e-19,0.3916
P,0.25,1,0.7821880046646877,0.23727780836409662,0.18074514305794043,0.23727780836409662,0.7821880046646877,24.287022244031007,0.0,1347.7334766516813,-15.38636713888747,1.2524201125545096,8.255788996352803e-19,-1.5387367138887469
P,0.25,1,0.787364388122917,0.8576349042329363,0.544579113113673,0.8576349042329363,0.787364388122917,32.22001274890181,0.0,3088.7535577647072,-3.190234535952102,1.2226464635445689,8.255788996352803e-19,-0.3191234535952102
P,0.25,1,0.8642019944935853,0.9922222927076824,0.3724443778740061,0.9922222927076824,0.8642019944935853,34.71006985176626,0.0,3545.0200934611785,0.1530893519892099,1.2203559070579832,8.255788996352803e-19,0.015208935198920989
P,0.25,1,0.5332701450037133,0.7084643718822055,0.45741054210071014,0.7084643718822055,0.5332701450037133,51.16701626678426,0.0,3761.9008274331063,-2.9838664310846577,1.2215187293356797,8.255788996352803e-19,-0.29848664310846573
P,0.25,1,0.9088338972516804,0.020892978953027996,0.5056435743737743,0.020892978953027996,0.9088338972516804,20.44108562396183,0.0,1208.628924144461,-15.914355116965465,1.2513783554220423,8.255788996352803e-19,-1.5915355116965464
P,0.25,1,0.9773596150804157,0.7533578570762914,0.531064589238394,0.7533578570762914,0.9773596150804157,38.65122377171233,0.0,3857.8748219942017,1.823413047465168,1.2190417395200663,8.255788996352803e-19,0.1822413047465168
P,0.25,1,0.669977789554418,0.7496060697771992,0.6819276227504664,0.7496060697771992,0.669977789554418,32.642854918271304,0.0,2873.46510957921,-5.521835207440241,1.2230124091947947,8.255788996352803e-19,-0.5522835207440242
P,0.25,1,0.9116045483974791,0.9698986909492011,0.5494328101513892,0.9698986909492011,0.9116045483974791,32.67073545916137,0.0,3522.264079738521,0.5629815778870959,1.2177882851452229,8.255788996352803e-19,0.05619815778870959
P,0.25,1,0.9553277379337843,0.947901561958519,0.7183532673383383,0.947901561958519,0.9553277379337843,30.749997579357636,0.0,3478.4488490269823,0.7799014385395934,1.2156652486300952,8.255788996352803e-19,0.07789014385395934
P,0.25,1,0.15872087044589767,0.9902271781579847,0.21842311322307228,0.9902271781579847,0.15872087044589767,43.99266017672201,0.0,2767.4893980160314,-9.823150424434518,1.2270171901278526,8.255788996352803e-19,-0.9824150424434517
P,0.25,1,0.9950118188012045,0.18263724058460296,0.208771859378027,0.18263724058460296,0.9950118188012045,31.6330098928832,0.0,2027.7312746213113,-10.264464008048698,1.2478450136268824,8.255788996352803e-19,-1.0265464008048697
P,0.25,1,0.8456606708301172,0.6184978258171296,0.551300686231941,0.6184978258171296,0.8456606708301172,50.28976544643733,0.0,4374.728923666523,2.290142658114641,1.2178226235965572,8.255788996352803e-19,0.2289142658114641
P,0.25,1,0.9267766232860593,0.9197228819826545,0.289528128957236,0.9197228819826545,0.9267766232860593,46.30302420593417,0.0,4610.076263520279,5.268986317189852,1.2160471011851455,8.255788996352803e-19,0.3916
P,0.25,1,0.8126510831731761,0.08073810269760917,0.09110227617338673,0.08073810269760917,0.8126510831731761,31.365043154104487,0.0,1472.4951890027583,-16.193154458913625,1.2545192996561096,8.255788996352803e-19,-1.6194154458913625
P,0.25,1,0.9835237307744698,0.3255894553159223,0.378790989730846,0.3255894553159223,0.9835237307744698,42.93995492661071,0.0,3217.2947608688783,-3.7352807506484984,1.2341503996120058,8.255788996352803e-19,-0.37362807506484985
P,0.25,1,0.926151739622841,0.8961160995913056,0.9598264208459888,0.8961160995913056,0.926151739622841,39.325677583299104,0.0,4526.741484820566,6.143590887322681,1.2032235845335524,8.255788996352803e-19,0.3916
P,0.25,1,0.4584237444514301,0.9613758525401185,0.2479063529383323,0.9613758525401185,0.4584237444514301,35.426504094541045,0.0,2734.488197498255,-7.647147025903489,1.228239699727754,8.255788996352803e-19,-0.7648147025903489
P,0.25,1,0.9472725726018576,0.6501070725270004,0.19328512292558553,0.6501070725270004,0.9472725726018576,40.07008959129652,0.0,3393.981079388664,-1.8432390571900807,1.2307780974615734,8.255788996352803e-19,-0.18442390571900807
P,0.25,1,0.9871379747540011,0.9444399230355542,0.495014258276554,0.9444399230355542,0.9871379747540011,37.990239297063155,0.0,4139.198081081783,4.151844170884565,1.2145689785164202,8.255788996352803e-19,0.3916
P,0.25,1,0.8421134368750752,0.8141347138955213,0.8098535657666133,0.8141347138955213,0.8421134368750752,34.83342764518842,0.0,3589.8893957754644,0.08400669516429239,1.2143752603193123,8.255788996352803e-19,0.00830066951642924
P,0.25,1,0.9140293515085341,0.5292255385411362,0.7522071048093448,0.5292255385411362,0.9140293515085341,25.198209136161754,0.0,2292.2287263303024,-7.6512001584396465,1.2312718919924193,8.255788996352803e-19,-0.7652200158439647
P,0.25,1,0.9039488440073339,0.7434724495747747,0.2673739163630603,0.7434724495747747,0.9039488440073339,41.25918060390137,0.0,3674.3533517307496,-0.26155749227249203,1.22567234607199,8.255788996352803e-19,-0.026255749227249204
P,0.25,1,0.957725659308442,0.5995262541974781,0.7061694179875,0.5995262541974781,0.957725659308442,26.775161985556473,0.0,2557.478625718476,-5.587833098063163,1.2287896489223484,8.255788996352803e-19,-0.5588833098063163
P,0.25,1,0.8251929992738616,0.7968506790994111,0.4766277332853638,0.7968506790994111,0.8251929992738616,48.88163275727295,0.0,4546.86571563459,3.771056755418625,1.2148080038578228,8.255788996352803e-19,0.37700567554186254
P,0.25,1,0.9472973046971193,0.8828084861855325,0.4223323641069378,0.8828084861855325,0.9472973046971193,35.44467686983286,0.0,3617.61127420835,0.8031728552324171,1.2207661053192442,8.255788996352803e-19,0.08021728552324171
P,0.25,1,0.9271570068391418,0.7625057668516527,0.9716171761117898,0.7625057668516527,0.9271570068391418,36.478934114472096,0.0,3967.9438236539186,2.7459859442893086,1.2093790435137322,8.255788996352803e-19,0.2744985944289309
P,0.25,1,0.9792099605802822,0.982200726697499,0.48800938551264517,0.982200726697499,0.9792099605802822,39.14248283078037,0.0,4316.271682386193,5.123516634555717,1.2127760859324888,8.255788996352803e-19,0.3916
P,0.25,1,0.9818593689469379,0.8831699878743549,0.70112271133126,0.8831699878743549,0.9818593689469379,28.71394367492566,0.0,3180.917346251895,-0.9255313082372643,1.2196671247988555,8.255788996352803e-19,-0.09265313082372642
P,0.25,1,0.876876656659022,0.4580801493971117,0.9783363549141488,0.4580801493971117,0.876876656659022,32.5116708709072,0.0,2965.267554569023,-4.163821933023378,1.2217183626462935,8.255788996352803e-19,-0.4164821933023378
P,0.25,1,0.9666002409013388,0.8794213381378859,0.6429379439875714,0.8794213381378859,0.9666002409013388,35.51163303055864,0.0,3848.55645227438,2.4664115512348634,1.2148800870868453,8.255788996352803e-19,0.24654115512348634
P,0.25,1,0.8808258525868429,0.9290489601477567,0.3640990467347805,0.9290489601477567,0.8808258525868429,36.11811140657548,0.0,3597.2272542400283,0.26515986794231894,1.221113277605812,8.255788996352803e-19,0.026415986794231894
P,0.25,1,0.9909747966090239,0.9327971133086914,0.6705322360643698,0.9327971133086914,0.9909747966090239,40.99846802304277,0.0,4630.8549175870785,6.84133151245726,1.207794512517733,8.255788996352803e-19,0.3916
P,0.25,1,0.9135505704092336,0.7483731415297229,0.34377320053747196,0.7483731415297229,0.9135505704092336,41.7819531026824,0.0,3831.008823193859,0.7419025572733959,1.222997659409566,8.255788996352803e-19,0.0740902557273396
P,0.25,1,0.9264978737052136,0.5435723389914385,0.028216410789474677,0.5435723389914385,0.9264978737052136,27.009255058933302,0.0,2004.3276723597248,-9.713168681017676,1.2434628990897674,8.255788996352803e-19,-0.9714168681017675
P,0.25,1,0.8888083625333262,0.9748876140358858,0.737392787833778,0.9748876140358858,0.8888083625333262,39.81797253916866,0.0,4444.466905233259,5.405374638845965,1.2068090136290268,8.255788996352803e-19,0.3916
P,0.25,1,0.790314606983334,0.9872064319821122,0.45827031583854494,0.9872064319821122,0.790314606983334,39.895044453411586,0.0,4002.7819088714846,1.957978707399685,1.2150818324520256,8.255788996352803e-19,0.19569787073996853
P,0.25,1,0.038460858520774854,0.24433003985903967,0.036855336068050804,0.24433003985903967,0.038460858520774854,28.13848764944582,0.0,423.7917455409805,-26.473862849623846,1.2599261972379894,8.255788996352803e-19,-2.6474862849623846
P,0.25,1,0.9595917022664504,0.7238138883702037,0.43137204470838214,0.7238138883702037,0.9595917022664504,43.863766321239474,0.0,4165.06553674281,2.749439268626237,1.2195562993248352,8.255788996352803e-19,0.2748439268626237
P,0.25,1,0.023102197681926895,0.7378092478461633,0.4899974579849538,0.7378092478461633,0.023102197681926895,34.59102163480612,0.0,1739.773030475627,-16.947958429703252,1.2335696190530285,8.255788996352803e-19,-1.6948958429703254
P,0.25,1,0.9946819365401632,0.21893046324937182,0.23422745362043607,0.21893046324937182,0.9946819365401632,25.806168919890116,0.0,1717.0471604572158,-11.67241467763964,1.249231087833591,8.255788996352803e-19,-1.167341467763964
P,0.25,1,0.982727588379051,0.9268579570567244,0.5412872360303088,0.9268579570567244,0.982727588379051,22.262138967528532,0.0,2426.828230890154,-5.4296695642721104,1.2296893669631666,8.255788996352803e-19,-0.543066956427211
P,0.25,1,0.895706514723051,0.82631615822505,0.5507917557374786,0.82631615822505,0.895706514723051,35.846029576042504,0.0,3579.9762224158208,0.13485036930866284,1.2193227336600359,8.255788996352803e-19,0.013385036930866285
P,0.25,1,0.9809988855215784,0.8304702402666959,0.5043575299933001,0.8304702402666959,0.9809988855215784,28.769864071526598,0.0,2968.543465468742,-2.4886365482048958,1.2256398166746696,8.255788996352803e-19,-0.24896365482048957
P,0.25,1,0.8648447986128024,0.7445883541736441,0.9590596548656336,0.7445883541736441,0.8648447986128024,42.6618512281256,0.0,4455.951394158805,4.513881303295341,1.2061951984048818,8.255788996352803e-19,0.3916
P,0.25,1,0.9661186544868421,0.9846952619299576,0.40275378158296715,0.9846952619299576,0.9661186544868421,33.41047063322131,0.0,3595.285388066061,1.251928867846622,1.219850586557424,8.255788996352803e-19,0.1250928867846622
P,0.25,1,0.9716604526622017,0.947901561958519,0.7183532673383383,0.947901561958519,0.9716604526622017,28.208037740945556,0.0,3213.937289635624,-0.5896723530620894,1.2182502370086874,8.255788996352803e-19,-0.05906723530620894
P,0.25,1,0.9713714996095687,0.36280082222016574,0.16503241108114958,0.36280082222016574,0.9713714996095687,25.897479995998474,0.0,1834.4331399066562,-10.783788514155656,1.2468815905658053,8.255788996352803e-19,-1.0784788514155657
P,0.25,1,0.8126510831731761,0.9220842877181922,0.5556488521271054,0.9220842877181922,0.8126510831731761,34.39162557697644,0.0,3460.7601494074684,-0.736254103067835,1.218474906123838,8.255788996352803e-19,-0.0737254103067835
P,0.25,1,0.8956933678006649,0.8011219785695272,0.911804114608209,0.8011219785695272,0.8956933678006649,38.11352339914718,0.0,4102.382256834583,3.2450471110578376,1.20878019935918,8.255788996352803e-19,0.3244047111057838
P,0.25,1,0.8989151026726049,0.9194179129414181,0.4779159362623457,0.9194179129414181,0.8989151026726049,49.98453265224989,0.0,5141.636417609552,7.829031309244203,1.2088759016659147,8.255788996352803e-19,0.3916
P,0.25,1,0.8282150802547275,0.6474494049873243,0.7845143527650852,0.6474494049873243,0.8282150802547275,33.09333863672028,0.0,3090.7882047503963,-3.3776569099562885,1.2213409287242185,8.255788996352803e-19,-0.33786569099562885
P,0.25,1,0.9398097216246235,0.7803708065531019,0.31977936989708206,0.7803708065531019,0.9398097216246235,34.24430968471199,0.0,3219.085330364917,-1.899295782354761,1.2273587975558957,8.255788996352803e-19,-0.1900295782354761
P,0.25,1,0.8769443063612314,0.8158017270889314,0.7350167037930241,0.8158017270889314,0.8769443063612314,35.426504094541045,0.0,3649.3805209140064,0.5728251173971047,1.2153954118603265,8.255788996352803e-19,0.05718251173971047
P,0.25,1,0.9358021825248216,0.8141347138955213,0.23787655977024175,0.8141347138955213,0.9358021825248216,30.96303887464216,0.0,2893.3027367899895,-3.6031874572719156,1.2305095150099554,8.255788996352803e-19,-0.36041874572719157
P,0.25,1,0.7714396311202243,0.77488350625873,0.9807246052457401,0.77488350625873,0.7714396311202243,29.005541284686064,0.0,2953.7581806945964,-3.921023246710848,1.217320512419596,8.255788996352803e-19,-0.3922023246710848
P,0.25,1,0.973705558243039,0.6501070725270004,0.6140830223396855,0.6501070725270004,0.973705558243039,36.38228115246485,0.0,3512.4439128229033,-0.25790627326971616,1.2216178562509312,8.255788996352803e-19,-0.025890627326971616
P,0.25,1,0.9079538176981523,0.7067885693400189,0.6562227554189439,0.7067885693400189,0.9079538176981523,43.498250559516435,0.0,4225.536992974639,2.968655101000711,1.214729425325194,8.255788996352803e-19,0.29676551010007113
P,0.25,1,0.9180948533148309,0.9643395845159224,0.9030909434407255,0.9643395845159224,0.9180948533148309,28.69924640824322,0.0,3349.173226804836,-0.006521988475413001,1.2133570669685227,8.255788996352803e-19,-0.0007521988475413001
P,0.25,1,0.9716604526622017,0.9575954820964446,0.6071387470272616,0.9575954820964446,0.9716604526622017,28.208037740945556,0.0,3149.1810282341394,-1.0229551464024704,1.2206316231477767,8.255788996352803e-19,-0.10239551464024703
P,0.25,1,0.9826842215862378,0.0709617715963935,0.34873976696145653,0.0709617715963935,0.9826842215862378,11.659791150629118,0.0,715.9204325775748,-21.490196303251604,1.257387357716309,8.255788996352803e-19,-2.1491196303251607
P,0.25,1,0.809495557962224,0.5941146647004659,0.2001208059276569,0.5941146647004659,0.809495557962224,46.67186569034063,0.0,3508.9556740875673,-2.883020050797977,1.2309449657611415,8.255788996352803e-19,-0.2884020050797977
P,0.25,1,0.7674005724711627,0.5995262541974781,0.4130850447781548,0.5995262541974781,0.7674005724711627,35.804234111589615,0.0,2816.843247053653,-6.033319304343654,1.2309727226071852,8.255788996352803e-19,-0.6034319304343654
P,0.25,1,0.9322165606485626,0.7625057668516527,0.5258256059200473,0.7625057668516527,0.9322165606485626,36.20408536030344,0.0,3543.719468375563,-0.07477028630909534,1.2211883644904098,8.255788996352803e-19,-0.007577028630909534
P,0.25,1,0.9322165606485626,0.7688384015375893,0.5258256059200473,0.7688384015375893,0.9322165606485626,36.20408536030344,0.0,3555.1828307118258,0.011883753971064281,1.2210014236523725,8.255788996352803e-19,0.001088375397106428
P,0.25,1,0.8815771294570649,0.20538554846453794,0.6230235722301118,0.20538554846453794,0.8815771294570649,34.075907607644986,0.0,2382.714331408201,-8.71480563228847,1.2367350828299482,8.255788996352803e-19,-0.871580563228847
P,0.25,1,0.9135505704092336,0.528193466361816,0.3449963461435763,0.528193466361816,0.9135505704092336,13.62840231265736,0.0,1099.977113290563,-15.664437638408524,1.2507841332435716,8.255788996352803e-19,-1.5665437638408524
P,0.25,1,0.8956831997587773,0.989135615234557,0.6429379439875714,0.989135615234557,0.8956831997587773,31.56100888640958,0.0,3481.6334225538712,0.4030990877424973,1.2161406720906216,8.255788996352803e-19,0.04020990877424973
P,0.25,1,0.8515574999452682,0.9710907384285132,0.6705322360643698,0.9710907384285132,0.8515574999452682,39.10657639549895,0.0,4219.4321316866935,3.8453083107692994,1.2097366693839962,8.255788996352803e-19,0.38443083107692994
P,0.25,1,0.8079621648205706,0.9290489601477567,0.38884783880399304,0.9290489601477567,0.8079621648205706,45.13381285343752,0.0,4358.651391559049,3.340001476039822,1.2152016329352782,8.255788996352803e-19,0.3339001476039822
P,0.25,1,0.9018317450341323,0.16632779257028418,0.545076069312754,0.16632779257028418,0.9018317450341323,21.37088979361792,0.0,1432.5950031678258,-13.97746478775058,1.2470435450121924,8.255788996352803e-19,-1.397846478775058
P,0.25,1,0.9636083295322102,0.9643395845159224,0.9896928445610313,0.9643395845159224,0.9636083295322102,31.4855239847458,0.0,3814.147459329097,3.0516220981405118,1.2076801423352141,8.255788996352803e-19,0.3050622098140512
P,0.25,1,0.8888083625333262,0.42399800612948246,0.6497988027226443,0.42399800612948246,0.8888083625333262,22.673311003822082,0.0,1856.610612825552,-10.806644329261616,1.2384095758901057,8.255788996352803e-19,-1.0807644329261614
P,0.25,1,0.880612274402468,0.7797178525206998,0.9265309168501157,0.7797178525206998,0.880612274402468,34.65549554072225,0.0,3679.7128669166445,0.8838721381090973,1.21212371146875,8.255788996352803e-19,0.08828721381090973
P,0.25,1,0.8642019944935853,0.8534111928934054,0.3724443778740061,0.8534111928934054,0.8642019944935853,25.63011463434144,0.0,2439.775947004927,-6.454135996522789,1.2321678407343462,8.255788996352803e-19,-0.645513599652279
P,0.25,1,0.9745997415814511,0.9414162806182388,0.36731932407443413,0.9414162806182388,0.9745997415814511,25.198598602698908,0.0,2645.44423814665,-4.167121743212947,1.2296334861736977,8.255788996352803e-19,-0.41681217432129475
P,0.25,1,0.8406880839291746,0.6250629348462468,0.6092586121546115,0.6250629348462468,0.8406880839291746,41.72660422957599,0.0,3693.597957547896,-0.6535822003440351,1.220579696840261,8.255788996352803e-19,-0.06545822003440352
P,0.25,1,0.9474763430862071,0.82631615822505,0.7992657050221401,0.82631615822505,0.9474763430862071,30.736252661142704,0.0,3340.147540760827,-0.396301047627774,1.217025836801911,8.255788996352803e-19,-0.0397301047627774
P,0.25,1,0.8767018086584326,0.8213326922757427,0.39511534110762125,0.8213326922757427,0.8767018086584326,31.079608162896612,0.0,2945.713096325046,-3.5763181235085972,1.2274189652942833,8.255788996352803e-19,-0.3577318123508597
P,0.25,1,0.9431216518073794,0.8726418111896068,0.8725396412461194,0.8726418111896068,0.9431216518073794,22.394730092428826,0.0,2521.6838772918572,-5.148373422287971,1.2238997115098722,8.255788996352803e-19,-0.5149373422287972
P,0.25,1,0.5762178236308534,0.8122326751598233,0.7107911627623626,0.8122326751598233,0.5762178236308534,30.749997579357636,0.0,2681.163137202847,-7.054609790064433,1.2230422380077015,8.255788996352803e-19,-0.7055609790064433
P,0.25,1,0.8852105889759729,0.8667256696883227,0.04152140329355458,0.8667256696883227,0.8852105889759729,27.60797169379938,0.0,2447.028375097615,-6.4598501296568855,1.2344431558897153,8.255788996352803e-19,-0.6460850129656885
P,0.25,1,0.9116045483974791,0.42025424760633767,0.9569405473088994,0.42025424760633767,0.9116045483974791,28.21541194787458,0.0,2553.959023081026,-6.323961901925418,1.2264862613473884,8.255788996352803e-19,-0.6324961901925418
P,0.25,1,0.7842195739187164,0.30852708276805485,0.9590596548656336,0.30852708276805485,0.7842195739187164,39.593741195509494,0.0,3112.615410000828,-4.8656632530468364,1.2229200400359808,8.255788996352803e-19,-0.4866663253046837
P,0.25,1,0.9368579801886306,0.6496065786439756,0.911804114608209,0.6496065786439756,0.9368579801886306,28.59446012165867,0.0,2920.018537946407,-3.3347625898128026,1.2211411193244612,8.255788996352803e-19,-0.33357625898128024
P,0.25,1,0.9745590331391246,0.925060610549293,0.9598264208459888,0.925060610549293,0.9745590331391246,38.228742661929196,0.0,4548.327456771553,6.7920087726903295,1.2027409138307532,8.255788996352803e-19,0.3916
P,0.25,1,0.8671709929377502,0.671418826441595,0.7830964626321427,0.671418826441595,0.8671709929377502,49.98453265224989,0.0,4823.85242091675,5.384494879226016,1.209074699163956,8.255788996352803e-19,0.3916
P,0.25,1,0.9558000410124471,0.7803708065531019,0.8053171323492726,0.7803708065531019,0.9558000410124471,21.00673802329631,0.0,2246.491458548025,-7.053382937008943,1.2290006627005772,8.255788996352803e-19,-0.7054382937008944
P,0.25,1,0.9036125382881208,0.9220842877181922,0.9902651575708625,0.9220842877181922,0.9036125382881208,30.42576527079199,0.0,3530.650535187275,0.8621039280894344,1.2105358758136455,8.255788996352803e-19,0.08611039280894343
P,0.25,1,0.8769443063612314,0.522311912654807,0.7350167037930241,0.522311912654807,0.8769443063612314,35.426504094541045,0.0,3129.5146152761763,-3.3793848658623973,1.2239526583585447,8.255788996352803e-19,-0.3380384865862397
P,0.25,1,0.980483024553979,0.4509378609543734,0.8037615399367329,0.4509378609543734,0.980483024553979,31.156569219688947,0.0,2855.9694964715363,-4.168730969068782,1.2263146265936171,8.255788996352803e-19,-0.4169730969068782
P,0.25,1,0.7714396311202243,0.77488350625873,0.7515937503574781,0.77488350625873,0.7714396311202243,27.734305337928113,0.0,2665.4331662208647,-5.782061285396794,1.2240351277998371,8.255788996352803e-19,-0.5783061285396794
P,0.25,1,0.9568148310519009,0.5941146647004659,0.927595272464013,0.5941146647004659,0.9568148310519009,12.674724862431663,0.0,1276.8056035388988,-14.435993294271679,1.2420491122228106,8.255788996352803e-19,-1.4436993294271678
P,0.25,1,0.900585978010664,0.04949884569001306,0.6562227554189439,0.04949884569001306,0.900585978010664,25.697842078016574,0.0,1642.3442064279336,-13.033462811678422,1.2444833216440851,8.255788996352803e-19,-1.3034462811678422
P,0.25,1,0.9122268417294651,0.996178355684217,0.3996035195851366,0.996178355684217,0.9122268417294651,17.854750119330042,0.0,1882.075421037536,-9.464903705678143,1.2363092161069766,8.255788996352803e-19,-0.9465903705678143
P,0.25,1,0.9835990524037856,0.568444874106652,0.45897465483051614,0.568444874106652,0.9835990524037856,18.47545234525585,0.0,1645.7297891744045,-11.236172565623605,1.2429827196252567,8.255788996352803e-19,-1.1237172565623603
P,0.25,1,0.961741714669296,0.7999845507905307,0.6140830223396855,0.7999845507905307,0.961741714669296,31.195268353017447,0.0,3226.7882976018896,-1.2089552978031455,1.2217058278192976,8.255788996352803e-19,-0.12099552978031454
P,0.25,1,0.9302932478119894,0.5221913131306122,0.49808329657792805,0.5221913131306122,0.9302932478119894,27.853014840430635,0.0,2369.631737855424,-7.291177099167785,1.2348588558810685,8.255788996352803e-19,-0.7292177099167786
P,0.25,1,0.8645453475928632,0.879378367605671,0.7618400705090915,0.879378367605671,0.8645453475928632,35.44467686983286,0.0,3765.7200066846603,1.3875430980175716,1.212965965553012,8.255788996352803e-19,0.13865430980175716
P,0.25,1,0.9322165606485626,0.8045851485196717,0.7038344982801811,0.8045851485196717,0.9322165606485626,36.20408536030344,0.0,3781.007973013933,1.6015127425895757,1.2153021212537136,8.255788996352803e-19,0.16005127425895757
P,0.25,1,0.9249163054111352,0.7964443829837137,0.6429379439875714,0.7964443829837137,0.9249163054111352,24.71135074387576,0.0,2524.0540123928076,-5.510384797330751,1.2279177224076565,8.255788996352803e-19,-0.5511384797330752
P,0.25,1,0.530482863351016,0.941820353270862,0.3620325264361115,0.941820353270862,0.530482863351016,31.9201179758984,0.0,2638.707642417083,-7.541093922378571,1.2276267056978876,8.255788996352803e-19,-0.7542093922378571
P,0.25,1,0.9322165606485626,0.6989758471006768,0.5258256059200473,0.6989758471006768,0.9322165606485626,30.0777753248735,0.0,2848.52354846927,-3.976160653265054,1.2278099624505465,8.255788996352803e-19,-0.3977160653265054
P,0.25,1,0.9515151812044482,0.7483731415297229,0.34377320053747196,0.7483731415297229,0.9515151812044482,21.858137652441066,0.0,2045.675696069241,-8.510068446286228,1.2380674230767101,8.255788996352803e-19,-0.8511068446286227
P,0.25,1,0.9962595830218234,0.9690007721496345,0.39177839001050163,0.9690007721496345,0.9962595830218234,32.903782709364336,0.0,3555.4997600727447,1.2068787438715696,1.220714477672294,8.255788996352803e-19,0.12058787438715697
P,0.25,1,0.9021935537434713,0.9190343855044267,0.7267287003496411,0.9190343855044267,0.9021935537434713,35.8712578781289,0.0,3918.2036686227175,2.599245812620373,1.2119368855309556,8.255788996352803e-19,0.25982458126203734
P,0.25,1,0.8876314510316858,0.9643395845159224,0.5047650649360083,0.9643395845159224,0.8876314510316858,19.570547885980936,0.0,2059.1676135942193,-8.455876983661716,1.2337811591572148,8.255788996352803e-19,-0.8456876983661715
P,0.25,1,0.880612274402468,0.09406252668089643,0.3447692276174057,0.09406252668089643,0.880612274402468,27.686356626642095,0.0,1587.8948016324593,-13.642216282194463,1.2497134988677043,8.255788996352803e-19,-1.3643216282194461
P,0.25,1,0.8672167863481535,0.9030898010965267,0.6645352914382678,0.9030898010965267,0.8672167863481535,21.48745511797765,0.0,2258.9484733661866,-7.358729090882767,1.2293515557322399,8.255788996352803e-19,-0.7359729090882767
P,0.25,1,0.9414399296365148,0.9748876140358858,0.46232803257866595,0.9748876140358858,0.9414399296365148,34.871072988320996,0.0,3744.2667464614465,1.8691120646076091,1.2175912171234093,8.255788996352803e-19,0.18681120646076094
P,0.25,1,0.9528413241687504,0.8803898890697445,0.6666762180332079,0.8803898890697445,0.9528413241687504,34.50512359018647,0.0,3737.887111555937,1.8230205365328345,1.2152586327066075,8.255788996352803e-19,0.18220205365328346
P,0.25,1,0.8829656920991638,0.6231161286782654,0.9271128223411352,0.6231161286782654,0.8829656920991638,28.354733027044876,0.0,2792.428311337307,-4.54545115109669,1.2221575302733916,8.255788996352803e-19,-0.454645115109669
P,0.25,1,0.9278523341955436,0.608140801918543,0.019698497330435938,0.608140801918543,0.9278523341955436,35.846029576042504,0.0,2770.6155922349517,-5.525387139138788,1.2370691813445072,8.255788996352803e-19,-0.5526387139138789
P,0.25,1,0.9809988855215784,0.7775642311751274,0.6754999821561838,0.7775642311751274,0.9809988855215784,37.46887824133023,0.0,3927.3250295459243,2.570579034767306,1.2153076923415207,8.255788996352803e-19,0.2569579034767306
P,0.25,1,0.2882855050080958,0.6361037550851212,0.8367771669089648,0.6361037550851212,0.2882855050080958,28.81786765309935,0.0,1934.7997091435873,-13.973453084810536,1.2287700572730458,8.255788996352803e-19,-1.3974453084810536
P,0.25,1,0.866173698987797,0.7851280314026075,0.3473858458007184,0.7851280314026075,0.866173698987797,32.290008663898064,0.0,2946.4546583163196,-3.8565733157133435,1.2287255419902459,8.255788996352803e-19,-0.38575733157133435
P,0.25,1,0.8248679732945057,0.8055626882026803,0.429218754543425,0.8055626882026803,0.8248679732945057,40.62465670232758,0.0,3747.7059088517835,0.04872687798799031,1.2206465857075808,8.255788996352803e-19,0.004772687798799031
P,0.25,1,0.9553277379337843,0.947901561958519,0.7183532673383383,0.947901561958519,0.9553277379337843,30.58181125993822,0.0,3459.4235626770646,0.6745581386675088,1.2158265505507955,8.255788996352803e-19,0.06735581386675088
P,0.25,1,0.9250525863465098,0.7822607831631181,0.5494328101513892,0.7822607831631181,0.9250525863465098,23.061537728105908,0.0,2285.4327212414332,-7.057101815315778,1.232101234147983,8.255788996352803e-19,-0.7058101815315778
P,0.25,1,0.9713714996095687,0.6273943588662579,0.8554398769395112,0.6273943588662579,0.9713714996095687,24.2317805956594,0.0,2455.2679605902667,-5.932132033870324,1.2272646379909704,8.255788996352803e-19,-0.5933132033870324
P,0.25,1,0.7855050508608146,0.6865647546072748,0.31809934313662,0.6865647546072748,0.7855050508608146,39.50179995416363,0.0,3221.607764161593,-3.6390480997706,1.2285066986697326,8.255788996352803e-19,-0.36400480997706
P,0.25,1,0.9036125382881208,0.8805433096580322,0.7807976965686687,0.8805433096580322,0.9036125382881208,31.368271673703173,0.0,3410.60112403425,-0.1705660916430148,1.2158020780930021,8.255788996352803e-19,-0.017156609164301482
P,0.25,1,0.710073442669924,0.987597248832604,0.911804114608209,0.987597248832604,0.710073442669924,38.11352339914718,0.0,4104.012267670364,2.5822979898335183,1.2052349361126111,8.255788996352803e-19,0.25812979898335187
P,0.25,1,0.8314925735620734,0.6383692249434307,0.861694730619068,0.6383692249434307,0.8314925735620734,38.228742661929196,0.0,3633.0860749327853,-0.48204345189898506,1.2157151120673657,8.255788996352803e-19,-0.048304345189898505
P,0.25,1,0.9062883352762722,0.6545656318703623,0.8903085907851152,0.6545656318703623,0.9062883352762722,17.213495662804434,0.0,1726.520726338412,-11.19547495886102,1.2351431582943162,8.255788996352803e-19,-1.119647495886102
P,0.25,1,0.9472725726018576,0.8467784306650207,0.8756709872452836,0.8467784306650207,0.9472725726018576,16.153572756450284,0.0,1802.6470455821907,-10.18347513135837,1.2335822419129534,8.255788996352803e-19,-1.0184475131358368
P,0.25,1,0.8409990827656946,0.9433493096205552,0.8028002287937818,0.9433493096205552,0.8409990827656946,42.68917506719816,0.0,4665.390032946622,6.029599920298812,1.204388521523421,8.255788996352803e-19,0.3916
P,0.25,1,0.012723745641655237,0.8615610928024756,0.6666762180332079,0.8615610928024756,0.012723745641655237,26.232476921636017,0.0,1583.9470549650896,-17.618895614683023,1.2314632136625707,8.255788996352803e-19,-1.7619895614683023
P,0.25,1,0.9326052127379554,0.8352805627355833,0.8035120279881893,0.8352805627355833,0.9326052127379554,27.968560302158462,0.0,3034.087861140424,-2.2082551873465834,1.2196852783045287,8.255788996352803e-19,-0.22092551873465832
P,0.25,1,0.9079538176981523,0.9345618413294239,0.9874468292773516,0.9345618413294239,0.9079538176981523,33.45746795261648,0.0,3908.2321968419515,3.018608409177065,1.207015876024584,8.255788996352803e-19,0.3017608409177065
P,0.25,1,0.9114576033684066,0.3561764235621657,0.8179730994663751,0.3561764235621657,0.9114576033684066,27.761164675390248,0.0,2327.24699634552,-7.943778287943529,1.2317398951638063,8.255788996352803e-19,-0.7944778287943529
P,0.25,1,0.9754610797588688,0.5923733553715993,0.7061694179875,0.5923733553715993,0.9754610797588688,23.79595677839783,0.0,2285.505446418842,-7.096438857340154,1.231766266879501,8.255788996352803e-19,-0.7097438857340154
P,0.25,1,0.809495557962224,0.5941146647004659,0.4091656468949305,0.5941146647004659,0.809495557962224,46.67186569034063,0.0,3752.868492609647,-1.2875785967822215,1.224986190297561,8.255788996352803e-19,-0.12885785967822214
P,0.25,1,0.8973199147607469,0.6277459911377017,0.14851049329531596,0.6277459911377017,0.8973199147607469,35.2954874177569,0.0,2822.440980832179,-5.216006710666786,1.235210560886229,8.255788996352803e-19,-0.5217006710666786
P,0.25,1,0.8699750989460657,0.9661958021067729,0.15755445020028158,0.9661958021067729,0.8699750989460657,28.349295005796414,0.0,2714.371467455393,-4.634785111805311,1.2298106856673134,8.255788996352803e-19,-0.4635785111805311
P,0.25,1,0.879458724264417,0.8279859974391324,0.4223323641069378,0.8279859974391324,0.879458724264417,40.74012378209244,0.0,3908.2222854366582,1.3907811731917226,1.2194008040031936,8.255788996352803e-19,0.13897811731917226
P,0.25,1,0.9469865737744622,0.4105580401851997,0.4904094091396726,0.4105580401851997,0.9469865737744622,36.20408536030344,0.0,2901.3036569605056,-4.852155779836139,1.2323405786713286,8.255788996352803e-19,-0.48531557798361397
P,0.25,1,0.9326055488744768,0.9849341626817174,0.888921139020247,0.9849341626817174,0.9326055488744768,32.026484570986646,0.0,3782.3282779118276,2.6005039697543157,1.2093136416265393,8.255788996352803e-19,0.2599503969754316
P,0.25,1,0.931689836292934,0.30500534705251503,0.6429379439875714,0.30500534705251503,0.931689836292934,23.999619460958876,0.0,1869.7673392924028,-10.719983424517785,1.2397821593172653,8.255788996352803e-19,-1.0720983424517785
P,0.25,1,0.9696384980548575,0.6258657747916885,0.3640990467347805,0.6258657747916885,0.9696384980548575,25.550597228867943,0.0,2270.8780549853745,-7.325623863296944,1.2369956570465457,8.255788996352803e-19,-0.7326623863296945
P,0.25,1,0.8234921922824919,0.7483731415297229,0.34377320053747196,0.7483731415297229,0.8234921922824919,33.73784707481309,0.0,2941.5218044216335,-4.3847947717942395,1.2292223191341862,8.255788996352803e-19,-0.43857947717942397
P,0.25,1,0.8956876538068891,0.9690007721496345,0.5302265872751427,0.9690007721496345,0.8956876538068891,29.28737693536703,0.0,3118.815287967257,-1.8025661592262139,1.221694661969968,8.255788996352803e-19,-0.18035661592262137
P,0.25,1,0.9507341164551415,0.9748876140358858,0.3593956539031592,0.9748876140358858,0.9507341164551415,20.341944621759268,0.0,2141.3146924302123,-7.441074736091016,1.2340221246429515,8.255788996352803e-19,-0.7442074736091017
P,0.25,1,0.9249550721922717,0.9374027716259072,0.5187403519334568,0.9374027716259072,0.9249550721922717,26.23848001632798,0.0,2783.5459123604714,-3.6317044398886655,1.2257239622603475,8.255788996352803e-19,-0.36327044398886654
P,0.25,1,0.9524674143963155,0.9559916633427671,0.9030909434407255,0.9559916633427671,0.9524674143963155,30.80349121984336,0.0,3634.8189709032204,1.8488087663054475,1.2108790536061051,8.255788996352803e-19,0.18478087663054477
P,0.25,1,0.7898346961427503,0.9487796260671174,0.05594763329097674,0.9487796260671174,0.7898346961427503,26.353925883447893,0.0,2327.8266438986107,-7.597102932711763,1.2338699823973502,8.255788996352803e-19,-0.7598102932711763
P,0.25,1,0.9581591725365717,0.6321678867175797,0.09193291330867814,0.6321678867175797,0.9581591725365717,33.92546736621782,0.0,2775.601113775366,-5.002661458777324,1.2359046380700651,8.255788996352803e-19,-0.5003661458777324
P,0.25,1,0.825585216122429,0.7267385091650247,0.8937524068371441,0.7267385091650247,0.825585216122429,34.71006985176626,0.0,3469.6184586516133,-0.9251281973796998,1.2150260660091183,8.255788996352803e-19,-0.09261281973796998
P,0.25,1,0.9039246167574426,0.8500929612965709,0.5507917557374786,0.8500929612965709,0.9039246167574426,28.778382816522097,0.0,2920.1618663773033,-3.2432095079194525,1.2247006856175955,8.255788996352803e-19,-0.3244209507919452
P,0.25,1,0.8974065961607868,0.8055626882026803,0.7927491282592968,0.8055626882026803,0.8974065961607868,33.250136605517476,0.0,3490.173487217444,-0.06027093486370885,1.2158707724774624,8.255788996352803e-19,-0.0061270934863708855
P,0.25,1,0.9023093927173902,0.9754601158637832,0.8454288420122325,0.9754601158637832,0.9023093927173902,28.59595978487628,0.0,3289.227296811614,-0.4831429172632393,1.2146921060623557,8.255788996352803e-19,-0.04841429172632393
P,0.25,1,0.9339674577921772,0.8190261731778006,0.41930458485151334,0.8190261731778006,0.9339674577921772,33.132709549276385,0.0,3251.3888663971106,-1.4714135928959717,1.2246466122016713,8.255788996352803e-19,-0.14724135928959717
P,0.25,1,0.9581587553749111,0.30852708276805485,0.6828969323215199,0.30852708276805485,0.9581587553749111,27.080871889918857,0.0,2177.4839538316496,-8.703512734127422,1.2362133028721813,8.255788996352803e-19,-0.8704512734127421
P,0.25,1,0.960768318072182,0.9470275106227027,0.9967638797850488,0.9470275106227027,0.960768318072182,25.947602122660562,0.0,3121.727168784866,-1.0338515346864507,1.2146336866509337,8.255788996352803e-19,-0.10348515346864506
P,0.25,1,0.8777407010800906,0.4533901382440034,0.9072250672209374,0.4533901382440034,0.8777407010800906,23.073358120639043,0.0,2059.0011498578206,-9.47089071396195,1.2319104388536297,8.255788996352803e-19,-0.9471890713961949
P,0.25,1,0.891836283713082,0.7991383616625976,0.14150502976962032,0.7991383616625976,0.891836283713082,27.20965685304757,0.0,2396.7995749690936,-6.8281085888158435,1.2352881521550194,8.255788996352803e-19,-0.6829108588815844
P,0.25,1,0.9553277379337843,0.7463788861443527,0.1542039968714335,0.7463788861443527,0.9553277379337843,32.74340104133555,0.0,2912.2122051378387,-3.733735608936183,1.2322818721894278,8.255788996352803e-19,-0.3734735608936183
P,0.25,1,0.9090355051686443,0.15200383265396455,0.9902651575708625,0.15200383265396455,0.9090355051686443,23.88474719500899,0.0,1858.4386410077825,-11.192035545608741,1.2358506692956046,8.255788996352803e-19,-1.119303554560874
P,0.25,1,0.8956933678006649,0.7394392805609837,0.911804114608209,0.7394392805609837,0.8956933678006649,38.11352339914718,0.0,3984.8350091410257,2.3687476097844664,1.2106543171849282,8.255788996352803e-19,0.23677476097844666
P,0.25,1,0.8634576698768165,0.8935922628680381,0.22046783272718473,0.8935922628680381,0.8634576698768165,24.16299354037399,0.0,2255.958379202604,-7.537987550834057,1.2344979583245064,8.255788996352803e-19,-0.7538987550834058
P,0.25,1,0.8766168968660939,0.8717894831446544,0.9290811976060327,0.8717894831446544,0.8766168968660939,33.55410567151924,0.0,3712.6728386293153,1.4024062317997366,1.2104787161906687,8.255788996352803e-19,0.14014062317997367
P,0.25,1,0.9433344605085893,0.9311388070956295,0.54055909361291,0.9311388070956295,0.9433344605085893,29.974079329986836,0.0,3214.349550117904,-1.0221694438751507,1.2213327921583639,8.255788996352803e-19,-0.10231694438751507
P,0.25,1,0.8651290054085813,0.17742515958711214,0.144695050893474,0.17742515958711214,0.8651290054085813,24.35292042079724,0.0,1357.5556072178415,-14.895160053221609,1.2536946402065858,8.255788996352803e-19,-1.4896160053221608
P,0.25,1,0.7714396311202243,0.8478116127497967,0.92208968895908,0.8478116127497967,0.7714396311202243,34.28042619752605,0.0,3565.671826283463,-0.31510921008260406,1.2117493698636732,8.255788996352803e-19,-0.031610921008260406
P,0.25,1,0.9329211201497869,0.37931869515746564,0.9124050143560565,0.37931869515746564,0.9329211201497869,25.092448926551114,0.0,2218.727432825667,-8.275617060872541,1.2311263782602737,8.255788996352803e-19,-0.8276617060872541
P,0.25,1,0.894716897766533,0.9345618413294239,0.47188358437165195,0.9345618413294239,0.894716897766533,41.24657364222868,0.0,4259.163536547835,3.84823931775049,1.214153784349922,8.255788996352803e-19,0.384723931775049
P,0.25,1,0.7914219032843709,0.6501070725270004,0.9207495293546847,0.6501070725270004,0.7914219032843709,39.992504090522154,0.0,3803.094656063713,0.18308205862569313,1.2130044692545328,8.255788996352803e-19,0.018208205862569313
P,0.25,1,0.8977837859004908,0.7650050861860195,0.6375124733805424,0.7650050861860195,0.8977837859004908,22.61280834832098,0.0,2240.4149889161104,-7.550714416910731,1.231277898755542,8.255788996352803e-19,-0.7551714416910731
P,0.25,1,0.21948038189941943,0.8828084861855325,0.5559410964360352,0.8828084861855325,0.21948038189941943,20.58725795886471,0.0,1420.7878326790635,-17.4434379225288,1.237077433394421,8.255788996352803e-19,-1.7444437922528802
P,0.25,1,0.9070898430115224,0.9647584671455642,0.5517051955228756,0.9647584671455642,0.9070898430115224,34.01388719536917,0.0,3652.5828205666317,1.1996585636775428,1.2166935133224592,8.255788996352803e-19,0.11986585636775429
P,0.25,1,0.9666227331669643,0.8045851485196717,0.6591159595035909,0.8045851485196717,0.9666227331669643,32.34629331131249,0.0,3397.599436623979,-0.17901808077110726,1.2193697317426209,8.255788996352803e-19,-0.018001808077110725
P,0.25,1,0.632048052510069,0.9523044860800938,0.8100267885843061,0.9523044860800938,0.632048052510069,23.869001804054758,0.0,2374.2089520446534,-8.097962794530567,1.223779580790383,8.255788996352803e-19,-0.8098962794530566
P,0.25,1,0.819207121800902,0.8649900154733473,0.5417883159752539,0.8649900154733473,0.819207121800902,54.291087266334735,0.0,5307.201606235696,7.606497148730898,1.2077473528262006,8.255788996352803e-19,0.3916
P,0.25,1,0.9510577147046312,0.8402158324914986,0.6429379439875714,0.8402158324914986,0.9510577147046312,30.584285167921998,0.0,3230.8359846649146,-1.089038418749072,1.220579974612788,8.255788996352803e-19,-0.10900384187490719
P,0.25,1,0.8701634396381652,0.8564464848851955,0.3879702550078221,0.8564464848851955,0.8701634396381652,36.20408536030344,0.0,3476.6693603085887,-0.7234237726184696,1.2226894080619641,8.255788996352803e-19,-0.07244237726184696
P,0.25,1,0.5084766263904577,0.4728120367972337,0.8441972458226737,0.4728120367972337,0.5084766263904577,24.87338250629565,0.0,1745.3494385806648,-14.03153874182241,1.2338903449221756,8.255788996352803e-19,-1.403253874182241
P,0.25,1,0.9882682281938651,0.4121491675922676,0.5075137318209941,0.4121491675922676,0.9882682281938651,32.903782709364336,0.0,2721.4295235144546,-5.365441751953074,1.2334281014031334,8.255788996352803e-19,-0.5366441751953074
P,0.25,1,0.948982006288817,0.8655429156940546,0.5561190542388383,0.8655429156940546,0.948982006288817,36.11811140657548,0.0,3779.009913017196,1.769298617330974,1.217237273663908,8.255788996352803e-19,0.1768298617330974
P,0.25,1,0.9561232739378449,0.8719980900726704,0.9241419383286195,0.8719980900726704,0.9561232739378449,21.973632198056038,0.0,2516.1921995995704,-5.088777769000301,1.2233163301035497,8.255788996352803e-19,-0.5089777769000301
P,0.25,1,0.8420353813518531,0.9643395845159224,0.3564530839740083,0.9643395845159224,0.8420353813518531,28.69924640824322,0.0,2847.828384804768,-3.9203319492474495,1.2270298585636916,8.255788996352803e-19,-0.39213319492474497
P,0.25,1,0.8535291198043291,0.8687989901505085,0.9265309168501157,0.8687989901505085,0.8535291198043291,37.0617144252354,0.0,4050.0922340463453,2.9665230766636563,1.2077016746306288,8.255788996352803e-19,0.29655230766636564
P,0.25,1,0.9486531574898692,0.9932757409167985,0.6645352914382678,0.9932757409167985,0.9486531574898692,22.616230260124937,0.0,2571.6876349364757,-4.57221279421286,1.2254066028351422,8.255788996352803e-19,-0.4573212794212861
P,0.25,1,0.8759643485613627,0.9922222927076824,0.3724443778740061,0.9922222927076824,0.8759643485613627,26.28993996224116,0.0,2700.5142402007555,-4.422067087424157,1.2280743557088207,8.255788996352803e-19,-0.44230670874241573
P,0.25,1,0.09621608449685537,0.7967740027787977,0.6412088729283618,0.7967740027787977,0.09621608449685537,34.50512359018647,0.0,2093.761451500823,-14.05119523099959,1.227277412854393,8.255788996352803e-19,-1.405219523099959
P,0.25,1,0.9302769704965552,0.18051303356001713,0.5507917557374786,0.18051303356001713,0.9302769704965552,24.962700693362127,0.0,1730.1471637932887,-11.968358596834877,1.2440025065950304,8.255788996352803e-19,-1.1969358596834876
P,0.25,1,0.9034638175820913,0.652100310660466,0.538152309978679,0.652100310660466,0.9034638175820913,23.832151687600287,0.0,2174.255200264426,-8.222939169661394,1.234592339839471,8.255788996352803e-19,-0.8223939169661394
P,0.25,1,0.9714759300142695,0.9698986909492011,0.5494328101513892,0.9698986909492011,0.9714759300142695,20.46472657093068,0.0,2267.584845209237,-6.466046380076721,1.2310765763507088,8.255788996352803e-19,-0.6467046380076721
P,0.25,1,0.9070366351727108,0.5139214148976667,0.6110076164759793,0.5139214148976667,0.9070366351727108,34.85981716264388,0.0,3009.207235945403,-3.9718814592186864,1.2274559005618657,8.255788996352803e-19,-0.3972881459218686
P,0.25,1,0.8240079133532335,0.30852708276805485,0.9590596548656336,0.30852708276805485,0.8240079133532335,35.85383171323855,0.0,2889.935044727024,-5.638192444350201,1.2246828844300413,8.255788996352803e-19,-0.5639192444350202
P,0.25,1,0.7782118138299425,0.6896228484653367,0.54588575375468,0.6896228484653367,0.7782118138299425,25.841664402403097,0.0,2249.2294483269966,-8.582592722073809,1.232596861486974,8.255788996352803e-19,-0.8583592722073808
P,0.25,1,0.03133466386600947,0.5438666476148484,0.8769936074713395,0.5438666476148484,0.03133466386600947,50.50770710437638,0.0,2559.978374780738,-12.862242106926198,1.2224824244810273,8.255788996352803e-19,-1.2863242106926198
P,0.25,1,0.8910874624881079,0.9900403329672118,0.911804114608209,0.9900403329672118,0.8910874624881079,22.855986497457927,0.0,2670.756137941274,-4.2922710621391955,1.2202285302466378,8.255788996352803e-19,-0.42932710621391956
P,0.25,1,0.8326069585735014,0.6863568876442748,0.5498467083459996,0.6863568876442748,0.8326069585735014,35.61255747279664,0.0,3194.2455511815388,-2.973745195011965,1.2243027320098725,8.255788996352803e-19,-0.29747451950119647
P,0.25,1,0.9130869327379717,0.87861966580627,0.31809934313662,0.87861966580627,0.9130869327379717,30.731579006630973,0.0,2997.491021882232,-2.8814958919738958,1.227728385974596,8.255788996352803e-19,-0.2882495891973896
P,0.25,1,0.9725973839130528,0.9264252202739415,0.9508387067458888,0.9264252202739415,0.9725973839130528,28.147071222062216,0.0,3341.6793446046213,0.27490205157808834,1.2133619021311723,8.255788996352803e-19,0.027390205157808833
P,0.25,1,0.8766168968660939,0.7413348806562117,0.8460923743765014,0.7413348806562117,0.8766168968660939,36.54338789596816,0.0,3729.2490159649697,0.8228663820532387,1.2137840434990796,8.255788996352803e-19,0.08218663820532388
P,0.25,1,0.9912255098087838,0.5766360240744627,0.378790989730846,0.5766360240744627,0.9912255098087838,42.93995492661071,0.0,3772.8268804468858,0.29211786381726684,1.2259299514363668,8.255788996352803e-19,0.029111786381726686
P,0.25,1,0.7314317731740513,0.689875334504822,0.9904316743233607,0.689875334504822,0.7314317731740513,16.971150255350476,0.0,1626.2799432357904,-13.073716619803598,1.2338368895916454,8.255788996352803e-19,-1.3074716619803597
P,0.25,1,0.8179568059941551,0.8158017270889314,0.1670610786289325,0.8158017270889314,0.8179568059941551,35.426504094541045,0.0,3041.8774177401247,-3.8898233245880682,1.2299476767044517,8.255788996352803e-19,-0.3890823324588068
P,0.25,1,0.4980303326182284,0.944520107149453,0.8218918421300079,0.944520107149453,0.4980303326182284,16.278316060589205,0.0,1508.5899789393172,-15.151340184649237,1.2347332327685339,8.255788996352803e-19,-1.5152340184649238
P,0.25,1,0.9975316406970818,0.6501070725270004,0.1586669356351077,0.6501070725270004,0.9975316406970818,13.164111149773849,0.0,1136.7026871899732,-14.664694555286367,1.2498972326651894,8.255788996352803e-19,-1.4665694555286366
P,0.25,1,0.8248004818989432,0.4088091579665176,0.712773787813952,0.4088091579665176,0.8248004818989432,33.45746795261648,0.0,2659.8629036731295,-6.746535419403204,1.2296378649620325,8.255788996352803e-19,-0.6747535419403204
P,0.25,1,0.9415484044926482,0.8679974673193875,0.6682352982479558,0.8679974673193875,0.9415484044926482,33.43711593699135,0.0,3583.8962839718283,0.8759714097525616,1.2166485113406145,8.255788996352803e-19,0.08749714097525615
P,0.25,1,0.809495557962224,0.5941146647004659,0.6467088839206047,0.5941146647004659,0.809495557962224,46.67186569034063,0.0,4030.033143962423,0.525368528789706,1.2182150646322332,8.255788996352803e-19,0.0524368528789706
P,0.25,1,0.9540058709455944,0.9725771407538628,0.7061694179875,0.9725771407538628,0.9540058709455944,26.366857655882203,0.0,3005.383714711361,-1.8796570424218462,1.2201882550195151,8.255788996352803e-19,-0.1880657042421846
P,0.25,1,0.9749939710921125,0.5904660696292123,0.4223323641069378,0.5904660696292123,0.9749939710921125,32.6334304150248,0.0,2898.870410721479,-3.922088626709046,1.2309159923469246,8.255788996352803e-19,-0.3923088626709046
P,0.25,1,0.8129109345497614,0.6448837061329942,0.9549368898890503,0.6448837061329942,0.8129109345497614,47.33652230747592,0.0,4580.4312111815225,4.068187239741577,1.2072733736484886,8.255788996352803e-19,0.3916
P,0.25,1,0.9322165606485626,0.9766677529573259,0.5250949281388813,0.9766677529573259,0.9322165606485626,28.171000031326088,0.0,3058.5702338457077,-1.8480513797635187,1.2224628251553733,8.255788996352803e-19,-0.18490513797635186
P,0.25,1,0.9304604287354826,0.9313136157580092,0.8910158651278298,0.9313136157580092,0.9304604287354826,31.534618032901495,0.0,3637.9627920351554,1.595815373555043,1.2112675358920517,8.255788996352803e-19,0.15948153735550433
P,0.25,1,0.9072612100879429,0.7688384015375893,0.023862134357014342,0.7688384015375893,0.9072612100879429,36.20408536030344,0.0,3055.6803393116193,-3.5264116845909945,1.232019012925829,8.255788996352803e-19,-0.3527411684590994
P,0.25,1,0.8975116400806072,0.4994704563844595,0.8347608652635844,0.4994704563844595,0.8975116400806072,23.047262650069133,0.0,2090.80448752695,-9.045076324399432,1.2323519526420643,8.255788996352803e-19,-0.9046076324399431
P,0.25,1,0.9962595830218234,0.6314217373648796,0.39177839001050163,0.6314217373648796,0.9962595830218234,24.166613941050706,0.0,2203.4762319880106,-7.4871510396285545,1.2372958424868592,8.255788996352803e-19,-0.7488151039628554
P,0.25,1,0.8808258525868429,0.3684383628426836,0.48311774116496714,0.3684383628426836,0.8808258525868429,23.624802730704573,0.0,1761.020065670698,-11.65907689989428,1.2425094329703115,8.255788996352803e-19,-1.166007689989428
P,0.25,1,0.8956831997587773,0.8526756635943838,0.8833280737571935,0.8526756635943838,0.8956831997587773,26.630027357095365,0.0,2916.018487291852,-3.0702368880656716,1.2191886967403462,8.255788996352803e-19,-0.30712368880656715
P,0.25,1,0.9423861547098984,0.8352696162936246,0.7660405735522203,0.8352696162936246,0.9423861547098984,34.17498945515855,0.0,3692.0540745316257,1.45079611397879,1.2144212062200888,8.255788996352803e-19,0.14497961139787902
P,0.25,1,0.9526453373213076,0.8469090900940904,0.7598725768499134,0.8469090900940904,0.9526453373213076,31.88841314072115,0.0,3475.025019154166,0.4140492410471347,1.2162598951724735,8.255788996352803e-19,0.04130492410471347
P,0.25,1,0.880612274402468,0.9733888517066431,0.9265309168501157,0.9733888517066431,0.880612274402468,28.07477095576205,0.0,3252.836430211891,-0.8008066771200919,1.2136188463243982,8.255788996352803e-19,-0.08018066771200918
P,0.25,1,0.9279738555189201,0.9572748001930543,0.8944161418997782,0.9572748001930543,0.9279738555189201,28.879665595751614,0.0,3368.0285141278023,0.1467653360456629,1.2134436095272454,8.255788996352803e-19,0.014576533604566289
P,0.25,1,0.11951201366864395,0.8055626882026803,0.429218754543425,0.8055626882026803,0.11951201366864395,20.047637141121655,0.0,1142.3986437086487,-20.151068328471148,1.2423097517107058,8.255788996352803e-19,-2.015206832847115
P,0.25,1,0.9564434770767539,0.6647011465794872,0.5069067356521949,0.6647011465794872,0.9564434770767539,33.276090615311446,0.0,3118.9646315923565,-2.5017088507441474,1.2264226180520943,8.255788996352803e-19,-0.25027088507441475
P,0.25,1,0.05488924205079415,0.11155338845467055,0.7156245967358816,0.11155338845467055,0.05488924205079415,41.72660422957599,0.0,1093.7688966252551,-22.3088813639278,1.2437172391949332,8.255788996352803e-19,-2.23098813639278
P,0.25,1,0.8647100498638935,0.9922222927076824,0.20949015124836368,0.9922222927076824,0.8647100498638935,44.322506765342375,0.0,4347.323031970042,3.7503086437763655,1.217841944357534,8.255788996352803e-19,0.37493086437763656
P,0.25,1,0.04616373910905314,0.9405299419793457,0.5634792877996398,0.9405299419793457,0.04616373910905314,37.46887824133023,0.0,2376.338690561461,-12.408033422228511,1.2238842536342787,8.255788996352803e-19,-1.240903342222851
P,0.25,1,0.9737965472993425,0.8483190794421744,0.9678434697957504,0.8483190794421744,0.9737965472993425,43.99266017672201,0.0,5072.43590027132,8.941257547688181,1.2002288106860068,8.255788996352803e-19,0.3916
P,0.25,1,0.9939977072795005,0.811773110248389,0.6033646185127294,0.811773110248389,0.9939977072795005,32.470166655010814,0.0,3421.4677122154194,0.1237331955121806,1.2201920068859442,8.255788996352803e-19,0.012273319551218059
P,0.25,1,0.8854131194225112,0.6361037550851212,0.41930458485151334,0.6361037550851212,0.8854131194225112,50.50770710437638,0.0,4371.869261579944,2.4156016317847158,1.2203895297843137,8.255788996352803e-19,0.24146016317847158
P,0.25,1,0.7104395773343907,0.9643395845159224,0.7570195845028629,0.9643395845159224,0.7104395773343907,28.904657287710613,0.0,2967.480676547635,-3.8810841226759942,1.21843647687011,8.255788996352803e-19,-0.3882084122675994
P,0.25,1,0.9217117535284918,0.947901561958519,0.7029065925916949,0.947901561958519,0.9217117535284918,27.029311817657597,0.0,3001.695100883357,-2.212197605945435,1.2203501825914935,8.255788996352803e-19,-0.22131976059454347
P,0.25,1,0.8778260241974802,0.6913297052419707,0.9640501161061172,0.6913297052419707,0.8778260241974802,36.59621041010943,0.0,3753.2721844124926,0.9180069538134671,1.2121269589340697,8.255788996352803e-19,0.0917006953813467
P,0.25,1,0.8906413814153903,0.7646170312791891,0.9292563839276718,0.7646170312791891,0.8906413814153903,42.26075687656454,0.0,4479.400620267759,4.893337177944274,1.2063300940753012,8.255788996352803e-19,0.3916
P,0.25,1,0.9613372114230044,0.9356967076685885,0.8586961649885214,0.9356967076685885,0.9613372114230044,28.946109512838557,0.0,3366.9854093300346,0.29126387000906756,1.214486308886177,8.255788996352803e-19,0.029026387000906755
P,0.25,1,0.8634918962547367,0.8717894831446544,0.9290811976060327,0.8717894831446544,0.8634918962547367,40.18497146753794,0.0,4419.989171386331,4.917715716690383,1.2048524076940321,8.255788996352803e-19,0.3916
P,0.25,1,0.6574128486650177,0.5713123471380374,0.7150512015808003,0.5713123471380374,0.6574128486650177,18.874265607077213,0.0,1496.965942717134,-14.514471793402935,1.2392293073622649,8.255788996352803e-19,-1.4515471793402934
P,0.25,1,0.06378402560966812,0.6679753961478951,0.49335951878025147,0.6679753961478951,0.06378402560966812,37.5096602289126,0.0,1835.0460619752641,-16.35623979551729,1.2337165804603665,8.255788996352803e-19,-1.635723979551729
P,0.25,1,0.96130450979343,0.89156233288574,0.03405200177700829,0.89156233288574,0.96130450979343,42.93995492661071,0.0,4014.655721019393,2.136140594599542,1.2235667525297327,8.255788996352803e-19,0.21351405945995422
P,0.25,1,0.8812258650458392,0.8529066910926686,0.13948655321878345,0.8529066910926686,0.8812258650458392,26.808280927975446,0.0,2417.940504174567,-6.617308691024881,1.234234360066137,8.255788996352803e-19,-0.6618308691024881
P,0.25,1,0.9611799735507105,0.5941146647004659,0.07046144927282338,0.5941146647004659,0.9611799735507105,31.562483199851133,0.0,2510.046502253831,-6.517247989245833,1.238592090070414,8.255788996352803e-19,-0.6518247989245833
P,0.25,1,0.7667009467091733,0.6501070725270004,0.5681803148675996,0.6501070725270004,0.7667009467091733,26.141263462925913,0.0,2223.181367997004,-8.920784796618342,1.232861492157347,8.255788996352803e-19,-0.8921784796618342
P,0.25,1,0.9655646176038475,0.7418348207091776,0.7529166150232389,0.7418348207091776,0.9655646176038475,34.26139002836101,0.0,3569.793149665967,0.5894688594015545,1.2171006485532796,8.255788996352803e-19,0.05884688594015545
P,0.25,1,0.9058689091884486,0.8294559000611799,0.9465133164091764,0.8294559000611799,0.9058689091884486,32.13999597005732,0.0,3549.189973176091,0.6051712785150457,1.2123074180607247,8.255788996352803e-19,0.06041712785150457
P,0.25,1,0.9613146071350543,0.8679974673193875,0.7149101015048069,0.8679974673193875,0.9613146071350543,33.43711593699135,0.0,3655.959294637128,1.477249196401105,1.215266287896567,8.255788996352803e-19,0.1476249196401105
P,0.25,1,0.8158139863856226,0.4124817583241899,0.21984142707789667,0.4124817583241899,0.8158139863856226,28.537131579405074,0.0,1909.442957538516,-11.393393744383097,1.244728642846299,8.255788996352803e-19,-1.1394393744383096
P,0.25,1,0.01743352516367014,0.8807490677360967,0.8518193434651217,0.8807490677360967,0.01743352516367014,26.141263462925913,0.0,1730.672236948795,-16.546280341629775,1.2267993964409163,8.255788996352803e-19,-1.6547280341629775
P,0.25,1,0.9070552891026804,0.9989261858852778,0.9122012868296101,0.9989261858852778,0.9070552891026804,24.82814310464112,0.0,2932.305643030883,-2.4927074730352463,1.2171984446442823,8.255788996352803e-19,-0.24937074730352463
P,0.25,1,0.9592373779171115,0.989135615234557,0.6429379439875714,0.989135615234557,0.9592373779171115,25.402506806838375,0.0,2882.98379850274,-2.568935722331219,1.2223535868506883,8.255788996352803e-19,-0.2569935722331219
P,0.25,1,0.9851940245365092,0.7688384015375893,0.6001894745512955,0.7688384015375893,0.9851940245365092,31.072412365966784,0.0,3191.3343135868467,-1.3499738990882981,1.222768004998951,8.255788996352803e-19,-0.1350973899088298
P,0.25,1,0.9147300614660212,0.4243701222731394,0.7295404129221551,0.4243701222731394,0.9147300614660212,29.099441663655856,0.0,2479.083851103119,-6.919321243146421,1.2310267582717707,8.255788996352803e-19,-0.6920321243146421
P,0.25,1,0.767350177309786,0.14681573756658117,0.9337431331704067,0.14681573756658117,0.767350177309786,17.44570458287793,0.0,1204.6585959730157,-16.461257154839423,1.243589482309584,8.255788996352803e-19,-1.6462257154839424
P,0.25,1,0.26625137522154696,0.18500280414119297,0.4370893642901479,0.18500280414119297,0.26625137522154696,32.903782709364336,0.0,1101.945809901636,-20.726240928995765,1.248771434870105,8.255788996352803e-19,-2.0727240928995765
P,0.25,1,0.0899127391874639,0.9070892040319746,0.3095591651387114,0.9070892040319746,0.0899127391874639,41.7819531026824,0.0,2406.1840847521685,-12.417273694988642,1.2290383395704259,8.255788996352803e-19,-1.2418273694988642
P,0.25,1,0.9526453373213076,0.8734575413842809,0.8756606702168865,0.8734575413842809,0.9526453373213076,23.288625025672683,0.0,2636.194584984052,-4.342691645136722,1.2225506242762914,8.255788996352803e-19,-0.43436916451367225
P,0.25,1,0.9477829733346772,0.8803898890697445,0.6453369624277256,0.8803898890697445,0.9477829733346772,23.838881757790542,0.0,2563.682623514181,-4.889917313343029,1.2267730929669376,8.255788996352803e-19,-0.48909173133430295
P,0.25,1,0.880612274402468,0.7797178525206998,0.9745432044243458,0.7797178525206998,0.880612274402468,30.209232930419283,0.0,3243.8700438610367,-1.4311734533086795,1.2151414167622656,8.255788996352803e-19,-0.14321734533086794
P,0.25,1,0.9126439994602378,0.6306649469745823,0.9508387067458888,0.6306649469745823,0.9126439994602378,30.059797089069207,0.0,3034.128153509153,-2.9015760645696087,1.2194976619069005,8.255788996352803e-19,-0.29025760645696086
P,0.25,1,0.9779724711282914,0.8809729127498959,0.7562329432248592,0.8809729127498959,0.9779724711282914,27.377519837428288,0.0,3062.2602663124253,-1.60101154721531,1.2199104595700527,8.255788996352803e-19,-0.160201154721531
P,0.25,1,0.2541357091583112,0.6468027435023109,0.771780527868126,0.6468027435023109,0.2541357091583112,34.71006985176626,0.0,2233.2957320130126,-12.489528032725229,1.2264712699469753,8.255788996352803e-19,-1.2490528032725228
P,0.25,1,0.6462834046946027,0.6361037550851212,0.743025856401222,0.6361037550851212,0.6462834046946027,12.98550467270756,0.0,1073.836366033004,-17.810210880184066,1.244980109718548,8.255788996352803e-19,-1.7811210880184067
P,0.25,1,0.8248679732945057,0.8055626882026803,0.5772338392333833,0.8055626882026803,0.8248679732945057,27.436893392898277,0.0,2632.6351949460386,-5.612569554160979,1.2271845697736197,8.255788996352803e-19,-0.561356955416098
P,0.25,1,0.895706514723051,0.82631615822505,0.17910613654808705,0.82631615822505,0.895706514723051,35.846029576042504,0.0,3246.8898799545054,-2.142838261174544,1.2282626977299376,8.255788996352803e-19,-0.21438382611745438
P,0.25,1,0.9581587553749111,0.9794507356640465,0.7600159140428713,0.9794507356640465,0.9581587553749111,27.632288450060916,0.0,3202.0536920849436,-0.6295267488037651,1.2172448353384824,8.255788996352803e-19,-0.06305267488037651
P,0.25,1,0.9230240613328663,0.811773110248389,0.2559349139796768,0.811773110248389,0.9230240613328663,18.49367453458932,0.0,1722.4681387669486,-10.722488993887751,1.2408840616472556,8.255788996352803e-19,-1.072348899388775
P,0.25,1,0.901296043821773,0.879873100687643,0.22936408675001907,0.879873100687643,0.901296043821773,30.58181125993822,0.0,2898.928160240559,-3.6058034740569584,1.2293375465662766,8.255788996352803e-19,-0.3606803474056958
P,0.25,1,0.9284798894133101,0.5139214148976667,0.6952293140472682,0.5139214148976667,0.9284798894133101,37.46887824133023,0.0,3353.4945052642106,-1.9329732564496194,1.2233117207467763,8.255788996352803e-19,-0.19339732564496193
P,0.25,1,0.9180948533148309,0.7867586140120957,0.10191138301818836,0.7867586140120957,0.9180948533148309,28.69924640824322,0.0,2519.5199847642607,-6.020607049919668,1.2348259813347016,8.255788996352803e-19,-0.6021607049919668
P,0.25,1,0.8778260241974802,0.6913297052419707,0.656322424992926,0.6913297052419707,0.8778260241974802,25.348634770393797,0.0,2404.7197102406967,-6.850450589504274,1.2297493445380319,8.255788996352803e-19,-0.6851450589504274
P,0.25,1,0.938564794984032,0.7769512876769704,0.9290811976060327,0.7769512876769704,0.938564794984032,21.00554525185514,0.0,2289.66396370508,-6.887816478540007,1.2266167799367431,8.255788996352803e-19,-0.6888816478540007
P,0.25,1,0.8579488457663649,0.922215340721493,0.8327898677987166,0.922215340721493,0.8579488457663649,33.67478264943031,0.0,3698.432547783167,1.2548647808628037,1.2115795200866102,8.255788996352803e-19,0.1253864780862804
P,0.25,1,0.9611346417228236,0.802414749471713,0.5798774923662271,0.802414749471713,0.9611346417228236,35.09346650081253,0.0,3603.2008579439243,0.7310314045138687,1.2191610686285423,8.255788996352803e-19,0.07300314045138687
P,0.25,1,0.9912255098087838,0.9754353905537066,0.989434747876285,0.9754353905537066,0.9912255098087838,28.53484027359987,0.0,3511.7517955038725,1.5847716261051605,1.2105634954343576,8.255788996352803e-19,0.15837716261051607
P,0.25,1,0.9987429862127237,0.8158017270889314,0.8888130935812744,0.8158017270889314,0.9987429862127237,35.426504094541045,0.0,4001.337303251412,3.60851612453461,1.2101107213562292,8.255788996352803e-19,0.360751612453461
P,0.25,1,0.9832011723203656,0.8915081512657898,0.8490700023033113,0.8915081512657898,0.9832011723203656,26.12795297795254,0.0,3003.7273800786884,-1.817273299069662,1.2189246185803313,8.255788996352803e-19,-0.1818273299069662
P,0.25,1,0.9802303546796133,0.9201403261208174,0.2591805594767034,0.9201403261208174,0.9802303546796133,34.83342764518842,0.0,3535.5249120742433,0.571617346289179,1.2238190299740337,8.255788996352803e-19,0.05706173462891791
P,0.25,1,0.9919872881686272,0.6501070725270004,0.6360075153304677,0.6501070725270004,0.9919872881686272,32.064040377024064,0.0,3142.433260502578,-1.9761586607184667,1.2241947042875967,8.255788996352803e-19,-0.19771586607184666
P,0.25,1,0.45416061002712615,0.7992310021059917,0.8175911569141936,0.7992310021059917,0.45416061002712615,29.15982450905943,0.0,2423.4543389408586,-9.40462015717211,1.2232795443368782,8.255788996352803e-19,-0.9405620157172109
P,0.25,1,0.9662715757317871,0.8834396997532022,0.9874468292773516,0.8834396997532022,0.9662715757317871,30.02272603452385,0.0,3517.8148840691047,1.1302493575146009,1.211483260810609,8.255788996352803e-19,0.11292493575146009
P,0.25,1,0.5860084698135664,0.6450213234785478,0.6581381131672007,0.6450213234785478,0.5860084698135664,29.062720051707956,0.0,2267.0358063464723,-9.950596542920934,1.229983975546322,8.255788996352803e-19,-0.9951596542920933
P,0.25,1,0.9658606568580603,0.033038591845316545,0.5637737591685128,0.033038591845316545,0.9658606568580603,20.44901421476535,0.0,1309.5406871714044,-14.564153275148202,1.249599949581188,8.255788996352803e-19,-1.4565153275148202
P,0.25,1,0.9852505611136347,0.9402980744871571,0.4223323641069378,0.9402980744871571,0.9852505611136347,24.365983369727218,0.0,2603.1578856406722,-4.318472810480475,1.2294447638335078,8.255788996352803e-19,-0.43194728104804747
P,0.25,1,0.9918714174581923,0.9738345223950089,0.8494613949458851,0.9738345223950089,0.9918714174581923,33.43711593699135,0.0,3996.4653491153,4.130799356680324,1.2085673371931756,8.255788996352803e-19,0.3916
P,0.25,1,0.1943097067417524,0.7688384015375893,0.5839470208048374,0.7688384015375893,0.1943097067417524,25.994517082644087,0.0,1631.3140178809458,-16.323188717932837,1.2343260019103988,8.255788996352803e-19,-1.6324188717932837
P,0.25,1,0.9278075624886291,0.41313067576609186,0.7584331342156544,0.41313067576609186,0.9278075624886291,31.534618032901495,0.0,2712.221237228398,-5.561145772362805,1.228668440039394,8.255788996352803e-19,-0.5562145772362805
P,0.25,1,0.8825112670908672,0.8100092063782507,0.9745763325645719,0.8100092063782507,0.8825112670908672,54.291087266334735,0.0,5917.209054232695,11.650403874579828,1.1958484650564516,8.255788996352803e-19,0.3916
P,0.25,1,0.9135505704092336,0.3087634709994077,0.34377320053747196,0.3087634709994077,0.9135505704092336,18.94186778832252,0.0,1320.438211252365,-14.325840106511171,1.2500191980443611,8.255788996352803e-19,-1.432684010651117
P,0.25,1,0.97528349433753,0.989135615234557,0.6429379439875714,0.989135615234557,0.97528349433753,31.56100888640958,0.0,3607.246702781913,1.7096507453101428,1.2153739371787626,8.255788996352803e-19,0.1708650745310143
P,0.25,1,0.6360860227881389,0.9747992682059303,0.3555815785745423,0.9747992682059303,0.6360860227881389,36.11811140657548,0.0,3230.18009689391,-3.424845524579465,1.2226541402242903,8.255788996352803e-19,-0.3425845524579465
P,0.25,1,0.9860116886173556,0.9690007721496345,0.22738073762326105,0.9690007721496345,0.9860116886173556,25.102737684695065,0.0,2596.5052239249276,-4.377992044569502,1.2305243450510843,8.255788996352803e-19,-0.4378992044569502
P,0.25,1,0.880612274402468,0.8956505165569006,0.933112274634784,0.8956505165569006,0.880612274402468,33.064598293573845,0.0,3707.8953454347456,1.5059539893977554,1.2101403809770066,8.255788996352803e-19,0.15049539893977554
P,0.25,1,0.9370731908026239,0.8469090900940904,0.1250499420162644,0.8469090900940904,0.9370731908026239,31.88841314072115,0.0,2944.10930580397,-3.337317478905339,1.2304259340791657,8.255788996352803e-19,-0.3338317478905339
P,0.25,1,0.9639542562369166,0.8381355481298712,0.8525693485266815,0.8381355481298712,0.9639542562369166,31.0728736002609,0.0,3462.0999254260632,0.5044498577286922,1.2148964674906462,8.255788996352803e-19,0.05034498577286922
P,0.25,1,0.8428692735903495,0.9264252202739415,0.6633257399881174,0.9264252202739415,0.8428692735903495,38.13359361926643,0.0,4005.852716238979,2.4867138690079833,1.212168833096577,8.255788996352803e-19,0.24857138690079833
P,0.25,1,0.46997204189876995,0.6947106588751298,0.6645352914382678,0.6947106588751298,0.46997204189876995,27.757145317610487,0.0,2077.5534150427256,-11.766266458656862,1.230606565795148,8.255788996352803e-19,-1.1767266458656862
P,0.25,1,0.8248679732945057,0.2193724342974812,0.9377013906105959,0.2193724342974812,0.8248679732945057,19.74531713527874,0.0,1493.823184063778,-13.974651878735266,1.2397276924363738,8.255788996352803e-19,-1.3975651878735265
P,0.25,1,0.9578233608389447,0.866675547709564,0.6735636148806684,0.866675547709564,0.9578233608389447,34.71006985176626,0.0,3750.9102310624066,1.8826638891120457,1.2152569264361501,8.255788996352803e-19,0.18816638891120457
P,0.25,1,0.9049642621908083,0.82631615822505,0.7983176829006737,0.82631615822505,0.9049642621908083,26.661434564267793,0.0,2840.028348669627,-3.5838934705787255,1.2216824369071209,8.255788996352803e-19,-0.35848934705787255
P,0.25,1,0.25199373056797403,0.7701595739147452,0.7661475220604604,0.7701595739147452,0.25199373056797403,23.606678612510024,0.0,1658.6371856582382,-15.744763900639951,1.2318356477698003,8.255788996352803e-19,-1.574576390063995
P,0.25,1,0.9212727451007515,0.9036331793863338,0.07332801540667877,0.9036331793863338,0.9212727451007515,24.285183919081454,0.0,2260.428409073823,-7.130928518064884,1.235295405216882,8.255788996352803e-19,-0.7131928518064885
P,0.25,1,0.798801852226526,0.023312537913783293,0.41930458485151334,0.023312537913783293,0.798801852226526,26.643153692146647,0.0,1374.475914902199,-15.626874453490137,1.250866369081512,8.255788996352803e-19,-1.5627874453490136
P,0.25,1,0.9403057821205583,0.7042941275331565,0.3893848997989785,0.7042941275331565,0.9403057821205583,43.99266017672201,0.0,4045.768186973265,1.8247570838105633,1.2215473927253675,8.255788996352803e-19,0.18237570838105635
P,0.25,1,0.8628168783964535,0.8802989377544367,0.32901006056737503,0.8802989377544367,0.8628168783964535,35.68781328047186,0.0,3403.9408288746445,-1.1381735348059288,1.2239802005849159,8.255788996352803e-19,-0.11391735348059287
P,0.25,1,0.8382789567630973,0.9643395845159224,0.5207871244369617,0.9643395845159224,0.8382789567630973,28.69924640824322,0.0,2960.3446350731465,-3.1632993551457553,1.2231530144961986,8.255788996352803e-19,-0.31642993551457554
P,0.25,1,0.8899680951113332,0.6868751964118667,0.9902651575708625,0.6868751964118667,0.8899680951113332,27.416584082620552,0.0,2840.325033273875,-3.970440189055178,1.2199672521632896,8.255788996352803e-19,-0.3971440189055178
P,0.25,1,0.8778260241974802,0.451914108159282,0.6618277754130889,0.451914108159282,0.8778260241974802,36.59621041010943,0.0,3038.6821968315426,-4.270295690726858,1.227155676554678,8.255788996352803e-19,-0.42712956907268584
P,0.25,1,0.19607494438535977,0.8952562990612288,0.37134925632224636,0.8952562990612288,0.19607494438535977,35.233561645866644,0.0,2249.6732549711987,-12.386677107736531,1.229898444836731,8.255788996352803e-19,-1.238767710773653
P,0.25,1,0.8173420968735436,0.22729034922039992,0.4860322525161124,0.22729034922039992,0.8173420968735436,31.28515120767501,0.0,2014.2140144189584,-11.232474690523206,1.2416524044768935,8.255788996352803e-19,-1.1233474690523206
P,0.25,1,0.9938776883678425,0.8124161108810868,0.9290811976060327,0.8124161108810868,0.9938776883678425,32.44592154431918,0.0,3683.965735966735,1.9388591910917998,1.2120486674421986,8.255788996352803e-19,0.19378591910918
P,0.25,1,0.3161772327202026,0.9064032989384748,0.7010877247704974,0.9064032989384748,0.3161772327202026,29.482314399331177,0.0,2318.9673987230185,-10.784419486688085,1.2242557635377462,8.255788996352803e-19,-1.0785419486688084
P,0.25,1,0.9598022403279045,0.7418348207091776,0.7529166150232389,0.7418348207091776,0.9598022403279045,34.26139002836101,0.0,3559.921796898885,0.49143444240536466,1.2171605667901624,8.255788996352803e-19,0.049043444240536464
P,0.25,1,0.9355733115729298,0.8834396997532022,0.09276003232630725,0.8834396997532022,0.9355733115729298,26.275064312915887,0.0,2450.6660883072923,-5.954666407389064,1.233866852047912,8.255788996352803e-19,-0.5955666407389064
P,0.25,1,0.9656040592956352,0.7428700545455511,0.7540266166636288,0.7428700545455511,0.9656040592956352,34.22709924330623,0.0,3569.009248469108,0.5916830572360197,1.2170843817589283,8.255788996352803e-19,0.059068305723601965
P,0.25,1,0.9456944832944749,0.9872064319821122,0.3996035195851366,0.9872064319821122,0.9456944832944749,20.130911471100955,0.0,2146.6624372998676,-7.41940919014377,1.2336121495579557,8.255788996352803e-19,-0.7420409190143771
P,0.25,1,0.9615626857421615,0.5941146647004659,0.8597153552588062,0.5941146647004659,0.9615626857421615,46.67186569034063,0.0,4633.431207682227,5.13240325366331,1.210092730179065,8.255788996352803e-19,0.3916
P,0.25,1,0.25084579280697206,0.9375262590005203,0.41908521946183075,0.9375262590005203,0.25084579280697206,26.405182479058343,0.0,1845.6095864036367,-14.238670765089646,1.2332484460078095,8.255788996352803e-19,-1.4239670765089645
P,0.25,1,0.9104722084319237,0.8828084861855325,0.4223323641069378,0.8828084861855325,0.9104722084319237,15.785140058517321,0.0,1582.0237344054074,-11.802261450284604,1.2410059163631868,8.255788996352803e-19,-1.1803261450284603
P,0.25,1,0.9322165606485626,0.14317931805125073,0.09762848466271168,0.14317931805125073,0.9322165606485626,15.383214580802584,0.0,864.6982762866259,-21.167730904996397,1.2564921401393276,8.255788996352803e-19,-2.11687309049964
P,0.25,1,0.725661653672388,0.7519757769603007,0.6478260745559156,0.7519757769603007,0.725661653672388,54.291087266334735,0.0,4890.406683402154,4.48956512672493,1.2100810845494225,8.255788996352803e-19,0.3916
P,0.25,1,0.9827768523405036,0.7215141581043114,0.9852082136508458,0.7215141581043114,0.9827768523405036,36.20408536030344,0.0,3976.8289176642766,3.0857880716503754,1.2098614834897898,8.255788996352803e-19,0.30847880716503756
P,0.25,1,0.115922456265796,0.038609243656993475,0.7350167037930241,0.038609243656993475,0.115922456265796,157.34940502691586,0.0,4107.134577699371,-10.751194645388807,1.2325948777186921,8.255788996352803e-19,-1.0752194645388806
P,0.25,1,0.5193503852932878,0.9679477709697322,0.8910158651278298,0.9679477709697322,0.5193503852932878,17.162627869706238,0.0,1658.6015823419532,-13.882579545484043,1.2316246061247615,8.255788996352803e-19,-1.3883579545484044
P,0.25,1,0.003995129387070806,0.3663217506814007,0.9806490365547089,0.3663217506814007,0.003995129387070806,38.52708343659279,0.0,1657.9001481527766,-18.296970576398405,1.2301756655435387,8.255788996352803e-19,-1.8297970576398406
P,0.25,1,0.8790048121228856,0.989135615234557,0.7577667408878717,0.989135615234557,0.8790048121228856,40.855889401950705,0.0,4590.207788326217,6.14133221330295,1.2050989338949716,8.255788996352803e-19,0.3916
P,0.25,1,0.9684745574638622,0.9290489601477567,0.5501943321706325,0.9290489601477567,0.9684745574638622,36.11811140657548,0.0,3923.547794899805,2.939714252283195,1.2153068713650923,8.255788996352803e-19,0.29387142522831955
P,0.25,1,0.9962595830218234,0.04275825200186345,0.7784804787481788,0.04275825200186345,0.9962595830218234,22.061858138240176,0.0,1575.5013511079912,-12.628119580880162,1.2436245868649232,8.255788996352803e-19,-1.2629119580880162
P,0.25,1,0.880612274402468,0.8559543571103954,0.9265309168501157,0.8559543571103954,0.880612274402468,24.5300987205739,0.0,2698.1049167431806,-4.484145708562362,1.2207591128506534,8.255788996352803e-19,-0.44851457085623625
P,0.25,1,0.9711883557387261,0.8337963548343859,0.7819767598983267,0.8337963548343859,0.9711883557387261,27.876219914511523,0.0,3060.771439887423,-1.7862008128098616,1.2199923182138546,8.255788996352803e-19,-0.17872008128098615
P,0.25,1,0.9020155107133355,0.8381355481298712,0.4179514880373938,0.8381355481298712,0.9020155107133355,29.63940653661934,0.0,2888.5480850722533,-3.6042230535145006,1.2274214284128393,8.255788996352803e-19,-0.36052230535145
P,0.25,1,0.9627634122971119,0.9637958929417185,0.9557754518196486,0.9637958929417185,0.9627634122971119,31.88841314072115,0.0,3833.700015212436,3.1133904219546698,1.2080938144949578,8.255788996352803e-19,0.311239042195467
P,0.25,1,0.9877833494879988,0.6250629348462468,0.6645352914382678,0.6250629348462468,0.9877833494879988,32.221168873290495,0.0,3133.692220901985,-2.1197953156553404,1.2240950214183528,8.255788996352803e-19,-0.21207953156553402
P,0.25,1,0.8642019944935853,0.9633589959496532,0.26671205180075686,0.9633589959496532,0.8642019944935853,23.89522598383782,0.0,2342.827762054186,-6.802963145914909,1.2324148230200185,8.255788996352803e-19,-0.6803963145914909
P,0.25,1,0.9962974945295205,0.5384742710184571,0.5507917557374786,0.5384742710184571,0.9962974945295205,37.19400822467407,0.0,3366.369510864013,-1.4290316168532602,1.225801920101911,8.255788996352803e-19,-0.143003161685326
P,0.25,1,0.798801852226526,0.9789482210224119,0.548403907832949,0.9789482210224119,0.798801852226526,26.40652879203431,0.0,2709.2465142608316,-4.865572839153823,1.2248627117097413,8.255788996352803e-19,-0.4866572839153823
P,0.25,1,0.9581587553749111,0.7734702780016427,0.9590596548656336,0.7734702780016427,0.9581587553749111,28.179355077155034,0.0,3115.451533537244,-1.6156590575203702,1.2171268240840782,8.255788996352803e-19,-0.16166590575203701
P,0.25,1,0.9556764536201978,0.2238887346710886,0.8966466733714546,0.2238887346710886,0.9556764536201978,37.46887824133023,0.0,3049.757846641119,-4.237926358920716,1.2264120937273904,8.255788996352803e-19,-0.42389263589207166
P,0.25,1,0.7478349957909012,0.8055626882026803,0.429218754543425,0.8055626882026803,0.7478349957909012,32.805321350254246,0.0,2900.001989716331,-4.861763570769304,1.2268921857075377,8.255788996352803e-19,-0.4862763570769304
P,0.25,1,0.9530364900032402,0.5319104612807035,0.9328700859346064,0.5319104612807035,0.9530364900032402,37.29126394308189,0.0,3638.4750500700375,0.18187647714233984,1.2163348378966838,8.255788996352803e-19,0.018087647714233983
P,0.25,1,0.9898239297333482,0.002769020889096918,0.23715469492637098,0.002769020889096918,0.9898239297333482,23.85355956714117,0.0,1325.26834473118,-17.170763499931788,1.2539423116099784,8.255788996352803e-19,-1.717176349993179
P,0.25,1,0.6204855114695083,0.9643395845159224,0.8848913978871754,0.9643395845159224,0.6204855114695083,24.879698683832796,0.0,2521.894326418408,-7.179153812200443,1.220713312088646,8.255788996352803e-19,-0.7180153812200444
P,0.25,1,0.298289519632688,0.8109254906419687,0.8586961649885214,0.8109254906419687,0.298289519632688,17.476824892638177,0.0,1344.4598879299099,-17.7515256241846,1.235610308043422,8.255788996352803e-19,-1.7752525624184599
P,0.25,1,0.9938776883678425,0.9356277178968955,0.8227656476186752,0.9356277178968955,0.9938776883678425,24.66438272203075,0.0,2886.8281608022085,-2.34876085994618,1.2202302161873844,8.255788996352803e-19,-0.234976085994618
P,0.25,1,0.9912255098087838,0.9754353905537066,0.0631274298278457,0.9754353905537066,0.9912255098087838,27.20966546186039,0.0,2718.5511649662944,-3.729750590752239,1.2304600247641055,8.255788996352803e-19,-0.37307505907522387
P,0.25,1,0.9036125382881208,0.9303577466503736,0.29779226526957314,0.9303577466503736,0.9036125382881208,30.42576527079199,0.0,3016.511409221043,-2.682699606586074,1.2270559899140727,8.255788996352803e-19,-0.2683699606586074
P,0.25,1,0.9520384377271658,0.8158017270889314,0.7495765078005975,0.8158017270889314,0.9520384377271658,30.69752001090773,0.0,3288.668937974308,-0.7363119902936729,1.2185152459186244,8.255788996352803e-19,-0.07373119902936728
P,0.25,1,0.9482544601193114,0.8385565037801356,0.8514130924995352,0.8385565037801356,0.9482544601193114,34.83342764518842,0.0,3853.478430174755,2.476034811537478,1.2114811854469363,8.255788996352803e-19,0.24750348115374782
P,0.25,1,0.9663214073442105,0.8872246005684634,0.7736583995143334,0.8872246005684634,0.9663214073442105,31.181995300227648,0.0,3492.968459815376,0.7850145530488234,1.2153888065317888,8.255788996352803e-19,0.07840145530488234
P,0.25,1,0.9911730534168552,0.9480629233566589,0.7811415996817292,0.9480629233566589,0.9911730534168552,36.59621041010943,0.0,4263.104950593931,5.303136496669435,1.2080423503929685,8.255788996352803e-19,0.3916
P,0.25,1,0.9535824040470404,0.7851415431591104,0.9178118504202599,0.7851415431591104,0.9535824040470404,33.97819567413451,0.0,3733.574891214183,1.7609059412218808,1.2120465941772396,8.255788996352803e-19,0.1759905941221881
P,0.25,1,0.9562122249172794,0.13944138316631882,0.9105868775273748,0.13944138316631882,0.9562122249172794,34.22709924330623,0.0,2654.220924677738,-6.567841191938743,1.2304272386465926,8.255788996352803e-19,-0.6568841191938743
P,0.25,1,0.8799615512099146,0.9872064319821122,0.6555109234854524,0.9872064319821122,0.8799615512099146,28.957011158408584,0.0,3177.921134341412,-1.4127345555984565,1.2187205796166989,8.255788996352803e-19,-0.14137345555984565
P,0.25,1,0.8169010110804727,0.9164947986849404,0.9288501710086876,0.9164947986849404,0.8169010110804727,46.67186569034063,0.0,5128.820081772716,8.105414032866454,1.1992015883123777,8.255788996352803e-19,0.3916
P,0.25,1,0.9415484044926482,0.8123571247108583,0.8889206272299292,0.8123571247108583,0.9415484044926482,31.271081474204454,0.0,3437.2638690442272,0.14004936689050826,1.2147089242393985,8.255788996352803e-19,0.013904936689050826
P,0.25,1,0.9946441490657321,0.947301661614964,0.9802542174795136,0.947301661614964,0.9946441490657321,23.75838434764237,0.0,2889.1061590541885,-2.2444930624217077,1.2176832221447715,8.255788996352803e-19,-0.22454930624217076
P,0.25,1,0.9267241643197981,0.5968026985192921,0.7038344982801811,0.5968026985192921,0.9267241643197981,22.623599384857897,0.0,2121.464812905378,-8.45769671062593,1.2332923624321337,8.255788996352803e-19,-0.8458696710625929
P,0.25,1,0.9055233555907012,0.9074626850509284,0.006423203916376963,0.9074626850509284,0.9055233555907012,29.439819398389467,0.0,2673.4265294959673,-4.942419165575865,1.2322532213619122,8.255788996352803e-19,-0.4943419165575865
P,0.25,1,0.2885430639263672,0.4341757092823879,0.805494838712725,0.4341757092823879,0.2885430639263672,24.58920696468432,0.0,1383.7160570369467,-17.961924203066243,1.237513910540749,8.255788996352803e-19,-1.7962924203066244
P,0.25,1,0.9342238445357804,0.8920217187482699,0.5258256059200473,0.8920217187482699,0.9342238445357804,30.627706385532584,0.0,3199.3064517101225,-1.3321131629247418,1.222177841771426,8.255788996352803e-19,-0.13331131629247417
P,0.25,1,0.9231956962793969,0.8828084861855325,0.7582782371964204,0.8828084861855325,0.9231956962793969,32.67254747798371,0.0,3569.709912509175,0.8296981760935817,1.2148540853149166,8.255788996352803e-19,0.08286981760935816
P,0.25,1,0.15836301471848624,0.7483731415297229,0.34377320053747196,0.7483731415297229,0.15836301471848624,18.516151931373326,0.0,998.5971418152229,-21.013110000331075,1.2462206162653842,8.255788996352803e-19,-2.1014110000331074
P,0.25,1,0.35455570881585763,0.021965946646936185,0.39177839001050163,0.021965946646936185,0.35455570881585763,32.903782709364336,0.0,941.724112214149,-21.584445941471905,1.2535776638754357,8.255788996352803e-19,-2.1585445941471906
P,0.25,1,0.9640561017136584,0.5609028059410037,0.9557018720840531,0.5609028059410037,0.9640561017136584,37.52065171967198,0.0,3757.3365303037067,1.0413736624129788,1.214565632883336,8.255788996352803e-19,0.10403736624129789
P,0.25,1,0.4805543682905149,0.8885874519299566,0.09775781897972369,0.8885874519299566,0.4805543682905149,23.681453107888583,0.0,1679.0395708324606,-13.929876154668227,1.2397254326524476,8.255788996352803e-19,-1.3930876154668226
P,0.25,1,0.9725973839130528,0.8502863554928592,0.8871625958417607,0.8502863554928592,0.9725973839130528,24.98085234323886,0.0,2830.9114219286976,-3.0339252629264104,1.2205358570233815,8.255788996352803e-19,-0.303492526292641
P,0.25,1,0.33548260310129285,0.013434770227797599,0.9265309168501157,0.013434770227797599,0.33548260310129285,34.65549554072225,0.0,1407.3299252053528,-18.58882646783151,1.2399092006265215,8.255788996352803e-19,-1.8589826467831512
P,0.25,1,0.9704425253798041,0.7847658093732675,0.7046841076532395,0.7847658093732675,0.9704425253798041,27.73285221498234,0.0,2922.4191731054593,-2.8064272831029724,1.2232030908966764,8.255788996352803e-19,-0.28074272831029723
P,0.25,1,0.8642019944935853,0.3322754371074995,0.7669756741854846,0.3322754371074995,0.8642019944935853,29.611689246373896,0.0,2339.2720278312627,-8.375865862831516,1.2325963080022966,8.255788996352803e-19,-0.8376865862831515
P,0.25,1,0.8615738340656535,0.6250629348462468,0.8991581601843198,0.6250629348462468,0.8615738340656535,37.61708944081723,0.0,3641.74023843568,-0.18685525247448814,1.2152171852129023,8.255788996352803e-19,-0.018785525247448816
P,0.25,1,0.798801852226526,0.022969932765540713,0.41218591939790006,0.022969932765540713,0.798801852226526,16.888508158468696,0.0,867.955106325829,-19.73657283200029,1.2557794506506474,8.255788996352803e-19,-1.9737572832000292
P,0.25,1,0.8635844497629203,0.8746794257750691,0.6080812181748266,0.8746794257750691,0.8635844497629203,17.973588799706853,0.0,1835.3770505227108,-10.334534173548303,1.2357628657401707,8.255788996352803e-19,-1.0335534173548302
P,0.25,1,0.8632877485431797,0.762095294666114,0.5507917557374786,0.762095294666114,0.8632877485431797,36.01775536490053,0.0,3423.0895091074085,-1.21744569879701,1.2214287205419116,8.255788996352803e-19,-0.12184456987970098
P,0.25,1,0.8175372833594847,0.5984041400649686,0.5062957278141169,0.5984041400649686,0.8175372833594847,20.858031113055596,0.0,1740.6958142814233,-11.70580440188903,1.2399295520215134,8.255788996352803e-19,-1.1706804401889028
P,0.25,1,0.9983504514327896,0.10140289255258261,0.9312999633460117,0.10140289255258261,0.9983504514327896,18.950434488290103,0.0,1483.2536585320277,-13.040963936211677,1.24187779598459,8.255788996352803e-19,-1.3041963936211676
P,0.25,1,0.9468443163933161,0.5139214148976667,0.9703774501457658,0.5139214148976667,0.9468443163933161,37.343707955834304,0.0,3633.4577456903257,0.08438292783678478,1.2159193013590621,8.255788996352803e-19,0.008338292783678477
P,0.25,1,0.8676074682518913,0.8168804618540906,0.9824744771618681,0.8168804618540906,0.8676074682518913,31.9017651431172,0.0,3470.473667370952,-0.12817024634606056,1.2123674368095918,8.255788996352803e-19,-0.012917024634606056
P,0.25,1,0.9500684210534706,0.9515403259476631,0.1253967812875737,0.9515403259476631,0.9500684210534706,24.30070806215301,0.0,2386.702714815631,-6.002955469488504,1.2331974968160708,8.255788996352803e-19,-0.6003955469488504
P,0.25,1,0.944116886805728,0.9292176835263505,0.7061278971580093,0.9292176835263505,0.944116886805728,30.995971731401806,0.0,3450.469277750139,0.4580706823687706,1.2163205483107806,8.255788996352803e-19,0.045707068236877056
P,0.25,1,0.9647780971130455,0.8465510943971251,0.8586961649885214,0.8465510943971251,0.9647780971130455,28.946109512838557,0.0,3242.944487813042,-0.6826964557756264,1.2167517056058328,8.255788996352803e-19,-0.06836964557756264
P,0.25,1,0.9036125382881208,0.05493761524837526,0.9778744603893382,0.05493761524837526,0.9036125382881208,25.601852981798178,0.0,1852.917959564649,-11.54683486406884,1.237095110320091,8.255788996352803e-19,-1.154783486406884
P,0.25,1,0.9912255098087838,0.5469654313567625,0.35706679870197444,0.5469654313567625,0.9912255098087838,21.357574369429997,0.0,1833.2533887196264,-10.006934228024864,1.242518036394277,8.255788996352803e-19,-1.0007934228024864
P,0.25,1,0.7312686576695032,0.8657485847053092,0.9994230175354851,0.8657485847053092,0.7312686576695032,7.879762831034975,0.0,826.0862640007743,-20.01984355468104,1.2477449555705393,8.255788996352803e-19,-2.002084355468104
P,0.25,1,0.9938776883678425,0.8124161108810868,0.7785172573199344,0.8124161108810868,0.9938776883678425,43.365830206655076,0.0,4760.5976899253255,7.0612768153034455,1.2068752496061954,8.255788996352803e-19,0.3916
P,0.25,1,0.4899504157678445,0.9387401390883621,0.8318105348226833,0.9387401390883621,0.4899504157678445,26.808452475440593,0.0,2472.5379718827917,-8.472252893687099,1.2213825772552713,8.255788996352803e-19,-0.8473252893687098
P,0.25,1,0.41373469265144047,0.5953881370948773,0.7736583995143334,0.5953881370948773,0.41373469265144047,28.19714438181329,0.0,1968.0930462997517,-13.037155390711876,1.2306868073869195,8.255788996352803e-19,-1.3038155390711874
P,0.25,1,0.9662715757317871,0.883629922392623,0.9941342793574998,0.883629922392623,0.9662715757317871,9.99553134175526,0.0,1172.9599288639067,-15.441631547183023,1.242689588553952,8.255788996352803e-19,-1.5442631547183023
P,0.25,1,0.05833869565737371,0.8123571247108583,0.22681108469297462,0.8123571247108583,0.05833869565737371,7.91779409624862,0.0,389.5955979906413,-26.78924440578894,1.256048054805193,8.255788996352803e-19,-2.679024440578894
P,0.25,1,0.9278553935782975,0.9688697451223262,0.40939817075975715,0.9688697451223262,0.9278553935782975,31.92471645393704,0.0,3354.368625160235,-0.38631108854383317,1.2218365383919214,8.255788996352803e-19,-0.038731108854383314
P,0.25,1,0.9656040592956352,0.6300723205115959,0.3821720303777719,0.6300723205115959,0.9656040592956352,34.22709924330623,0.0,3057.784690886981,-3.0748243671195157,1.229804160868198,8.255788996352803e-19,-0.30758243671195157
P,0.25,1,0.7677074888205532,0.5941146647004659,0.6467088839206047,0.5941146647004659,0.7677074888205532,46.67186569034063,0.0,3932.516786440486,-0.29390637122011265,1.218778573943776,8.255788996352803e-19,-0.029490637122011266
P,0.25,1,0.9591351085219023,0.6083249732686709,0.7819410703968462,0.6083249732686709,0.9591351085219023,28.393218906757678,0.0,2780.3074610932536,-4.209942968273515,1.2252766086085036,8.255788996352803e-19,-0.42109429682735156
P,0.25,1,0.9291601422161796,0.7895450090772685,0.7038344982801811,0.7895450090772685,0.9291601422161796,29.387081341167388,0.0,3042.4774454191834,-2.42187878985144,1.2217967171766955,8.255788996352803e-19,-0.24228787898514398
P,0.25,1,0.9490158189944886,0.7731186802666797,0.9418695304118361,0.7731186802666797,0.9490158189944886,54.291087266334735,0.0,5953.205740914956,12.104736865488453,1.1971531743156347,8.255788996352803e-19,0.3916
P,0.25,1,0.9322165606485626,0.7688384015375893,0.5033262006456204,0.7688384015375893,0.9322165606485626,18.68814221723234,0.0,1824.6336431162936,-10.065029638653854,1.2384287505079246,8.255788996352803e-19,-1.0066029638653853
P,0.25,1,0.9406581072228877,0.9313136157580092,0.8910158651278298,0.9313136157580092,0.9406581072228877,23.131364789660157,0.0,2680.323365251151,-4.0138509975697065,1.2212431365854695,8.255788996352803e-19,-0.40148509975697066
P,0.25,1,0.8817793684175296,0.9290489601477567,0.9778744603893382,0.9290489601477567,0.8817793684175296,25.601852981798178,0.0,2943.912986398766,-2.7459863783864096,1.2165470359792079,8.255788996352803e-19,-0.27469863783864096
P,0.25,1,0.92936564358746,0.7569568584812445,0.4849968853795953,0.7569568584812445,0.92936564358746,39.759434953091976,0.0,3834.4415444643537,1.2278291034276774,1.219962765329601,8.255788996352803e-19,0.12268291034276775
P,0.25,1,0.9135505704092336,0.8179878774955656,0.34377320053747196,0.8179878774955656,0.9135505704092336,39.94307218799356,0.0,3801.432205181531,0.9710417685056048,1.2219540985177566,8.255788996352803e-19,0.09700417685056048
P,0.25,1,0.9085109915005772,0.9690007721496345,0.840853733817791,0.9690007721496345,0.9085109915005772,32.903782709364336,0.0,3780.543668968556,2.2861820078513015,1.2102986425154958,8.255788996352803e-19,0.22851820078513016
P,0.25,1,0.9725973839130528,0.9279834956847339,0.8142829841210919,0.9279834956847339,0.9725973839130528,29.736840257578855,0.0,3431.2185762422428,0.675707219054762,1.2147761435033295,8.255788996352803e-19,0.0674707219054762
P,0.25,1,0.9526453373213076,0.8469090900940904,0.7177942737850187,0.8469090900940904,0.9526453373213076,31.267662967231335,0.0,3374.486802193645,-0.18179157895926806,1.2178892660458243,8.255788996352803e-19,-0.018279157895926806
P,0.25,1,0.9151971108732045,0.7806812975010947,0.8525693485266815,0.7806812975010947,0.9151971108732045,35.21447412635261,0.0,3736.5428482721945,1.3568049322437319,1.2131514269467218,8.255788996352803e-19,0.1355804932243732
P,0.25,1,0.880612274402468,0.9172342917427931,0.9468882755432171,0.9172342917427931,0.880612274402468,34.65549554072225,0.0,3935.635243063749,2.8267106833737548,1.2076424839357935,8.255788996352803e-19,0.2825710683373755
P,0.25,1,0.3120026624605816,0.9822722826207629,0.5507917557374786,0.9822722826207629,0.3120026624605816,24.47212903958269,0.0,1920.65934644512,-13.216770846054196,1.2305089832284648,8.255788996352803e-19,-1.3217770846054195
P,0.25,1,0.6240257267002648,0.2283260361960786,0.8393013683296286,0.2283260361960786,0.6240257267002648,24.275336600611762,0.0,1543.9143779605724,-15.063958860982945,1.2392191821989123,8.255788996352803e-19,-1.5064958860982944
P,0.25,1,0.8642019944935853,0.9365900759002823,0.8740360252821083,0.9365900759002823,0.8642019944935853,27.46918652280741,0.0,3073.54112867527,-2.1266131709501512,1.216635173349359,8.255788996352803e-19,-0.2127613170950151
P,0.25,1,0.798801852226526,0.5007347316404551,0.8033797991386054,0.5007347316404551,0.798801852226526,24.604850473339223,0.0,2092.921162311724,-9.750789289333044,1.232209660045265,8.255788996352803e-19,-0.9751789289333044
P,0.25,1,0.9522115663119364,0.6250629348462468,0.826141329787801,0.6250629348462468,0.9522115663119364,41.72660422957599,0.0,4152.5172512052495,2.9337321320530734,1.2132504674979367,8.255788996352803e-19,0.29327321320530736
P,0.25,1,0.6949547656130282,0.9731869013084673,0.8521519775711084,0.9731869013084673,0.6949547656130282,26.0581949303901,0.0,2728.576594953944,-5.348713371953059,1.2192617296972479,8.255788996352803e-19,-0.5349713371953059
P,0.25,1,0.9680432990587221,0.9839617727706282,0.5930149617964403,0.9839617727706282,0.9680432990587221,26.364212892283856,0.0,2964.0131815541154,-2.0610818955233947,1.222399603847075,8.255788996352803e-19,-0.20620818955233947
P,0.25,1,0.9896059259792711,0.811773110248389,0.3175254046438296,0.811773110248389,0.9896059259792711,22.126658079879835,0.0,2168.569301849383,-7.326078008317425,1.2362418933052741,8.255788996352803e-19,-0.7327078008317425
P,0.25,1,0.9204545504703724,0.8737510180991062,0.8706192546178209,0.8737510180991062,0.9204545504703724,28.446479390162914,0.0,3171.092903480481,-1.3313575344392208,1.2167070706274605,8.255788996352803e-19,-0.13323575344392208
P,0.25,1,0.9218224952796296,0.9643395845159224,0.46966578909440804,0.9643395845159224,0.9218224952796296,27.46918652280741,0.0,2913.1003282079137,-2.848921408635773,1.2249054111146824,8.255788996352803e-19,-0.28499214086357727
P,0.25,1,0.3640064088689384,0.5828274360052208,0.4235706688300238,0.5828274360052208,0.3640064088689384,34.42305460221908,0.0,1994.1605635924698,-13.62062021161593,1.2362427766028579,8.255788996352803e-19,-1.362162021161593
P,0.25,1,0.9613372114230044,0.9821146134429339,0.4563966222742267,0.9821146134429339,0.9613372114230044,27.114977511412054,0.0,2944.2122300188835,-2.3269612045253356,1.2248136911087755,8.255788996352803e-19,-0.23279612045253356
P,0.25,1,0.9781222609009491,0.8938823531674781,0.4053418676370666,0.8938823531674781,0.9781222609009491,27.864823152127506,0.0,2890.5233619956693,-2.8286430758957795,1.2272863876175693,8.255788996352803e-19,-0.2829643075895779
P,0.25,1,0.9938776883678425,0.9107210078035498,0.9382904906994904,0.9107210078035498,0.9938776883678425,29.933237798417235,0.0,3552.6920937052214,1.5825284714890888,1.2118152826656008,8.255788996352803e-19,0.1581528471489089
P,0.25,1,0.8769443063612314,0.9078230119037934,0.8637517948229614,0.9078230119037934,0.8769443063612314,35.426504094541045,0.0,3926.3959978150174,2.592673392306295,1.209381043448128,8.255788996352803e-19,0.2591673392306295
P,0.25,1,0.969671588599121,0.9754353905537066,0.989434747876285,0.9754353905537066,0.969671588599121,34.669484370203676,0.0,4229.372613776484,5.3825220745747435,1.2039265071615946,8.255788996352803e-19,0.3916
P,0.25,1,0.12490739704574816,0.7922407916673426,0.9729741502050722,0.7922407916673426,0.12490739704574816,29.504185900200074,0.0,2070.6557879846314,-13.772791100941294,1.2223826352951987,8.255788996352803e-19,-1.3773791100941293
P,0.25,1,0.9686061142628035,0.8780777260423391,0.7289753595913043,0.8780777260423391,0.9686061142628035,30.883432458507,0.0,3414.428314760357,0.28859426516388903,1.2170074191235405,8.255788996352803e-19,0.0287594265163889
P,0.25,1,0.8741581991392889,0.8715075163028924,0.8328381597604518,0.8715075163028924,0.8741581991392889,25.780716889310074,0.0,2787.004799944445,-3.983112689361057,1.2210406408227898,8.255788996352803e-19,-0.3984112689361057
P,0.25,1,0.9299925474997613,0.8658975487755842,0.9874468292773516,0.8658975487755842,0.9299925474997613,31.41862765023493,0.0,3596.825718117738,1.2331955454731633,1.2107978653734792,8.255788996352803e-19,0.12321955454731634
P,0.25,1,0.908593420633761,0.8321666273995453,0.981720052889571,0.8321666273995453,0.908593420633761,32.82008263629812,0.0,3662.0977628596365,1.2922275518225057,1.2106506018546066,8.255788996352803e-19,0.12912275518225058
P,0.25,1,0.9456944832944749,0.8483493741680614,0.8185730766730844,0.8483493741680614,0.9456944832944749,31.92471645393704,0.0,3517.034907011323,0.6622391846161066,1.2147970832373893,8.255788996352803e-19,0.06612391846161067
P,0.25,1,0.9595007502362193,0.8123571247108583,0.7321252287528748,0.8123571247108583,0.9595007502362193,31.271081474204454,0.0,3342.7542903503345,-0.4136787805261474,1.2184025007392936,8.255788996352803e-19,-0.041467878052614746
P,0.25,1,0.9176245834718924,0.6703331563488759,0.7061694179875,0.6703331563488759,0.9176245834718924,32.47160156385933,0.0,3151.437850822143,-2.3530101491783424,1.2222906149101744,8.255788996352803e-19,-0.23540101491783422
P,0.25,1,0.06989530515720721,0.8956761399372547,0.3851748058517318,0.8956761399372547,0.06989530515720721,26.543979052382838,0.0,1537.107210059171,-17.542092752548626,1.2363899431486949,8.255788996352803e-19,-1.7543092752548628
P,0.25,1,0.9709927750910585,0.6098054848505186,0.2324720811330485,0.6098054848505186,0.9709927750910585,35.743157992032046,0.0,3032.868256047933,-3.4928754669635516,1.2332074708010536,8.255788996352803e-19,-0.34938754669635513
P,0.25,1,0.9752709671961737,0.9313136157580092,0.9919612941545745,0.9313136157580092,0.9752709671961737,31.212770378401046,0.0,3749.5358422051277,2.667085499066858,1.2087072725172976,8.255788996352803e-19,0.2666085499066858
P,0.25,1,0.9365870637141059,0.8828084861855325,0.7582782371964204,0.8828084861855325,0.9365870637141059,32.67254747798371,0.0,3591.5864169244574,1.0528302027210212,1.2147208456462788,8.255788996352803e-19,0.10518302027210213
P,0.25,1,0.8956831997587773,0.989135615234557,0.663014720687181,0.989135615234557,0.8956831997587773,31.56100888640958,0.0,3497.4745057495425,0.5125417753073203,1.21564396017623,8.255788996352803e-19,0.05115417753073202
P,0.25,1,0.9494546065305202,0.9334722858883373,0.7801380388875894,0.9334722858883373,0.9494546065305202,30.456683805435624,0.0,3461.3958889324304,0.6531992894849136,1.2148984135662584,8.255788996352803e-19,0.06521992894849135
P,0.25,1,0.8989756005778996,0.7478197691188673,0.34377320053747196,0.7478197691188673,0.8989756005778996,36.269959471808754,0.0,3298.1760671379043,-1.9509321044593704,1.2266808860189673,8.255788996352803e-19,-0.19519321044593702
P,0.25,1,0.4244472202562476,0.6759889460876699,0.6048407626967853,0.6759889460876699,0.4244472202562476,36.11811140657548,0.0,2533.4264538497364,-9.654714586206572,1.2272734171888873,8.255788996352803e-19,-0.9655714586206571
P,0.25,1,0.0571292172481801,0.5965380879419359,0.2853852490897508,0.5965380879419359,0.0571292172481801,10.851231828969098,0.0,432.07431084279665,-26.324270636734006,1.2562838710699682,8.255788996352803e-19,-2.632527063673401
P,0.25,1,0.9725973839130528,0.8139010579847328,0.623721332354545,0.8139010579847328,0.9725973839130528,33.12035080378821,0.0,3474.919488588503,0.270087635445906,1.2192554906522515,8.255788996352803e-19,0.026908763544590604
P,0.25,1,0.8493826906063515,0.8355560639825279,0.7128135172796571,0.8355560639825279,0.8493826906063515,32.739975281478586,0.0,3341.680082203256,-1.2180915222954474,1.2179868943787384,8.255788996352803e-19,-0.12190915222954472
P,0.25,1,0.9975644770864056,0.9239772401722133,0.43022205880816267,0.9239772401722133,0.9975644770864056,25.649616062123968,0.0,2740.2161304990445,-3.44438677294046,1.2281244529327633,8.255788996352803e-19,-0.34453867729404597
P,0.25,1,0.4085388863852635,0.6835794233474047,0.429218754543425,0.6835794233474047,0.4085388863852635,12.220498251384893,0.0,798.443170703663,-21.248754354304516,1.2510811860909385,8.255788996352803e-19,-2.1249754354304518
P,0.25,1,0.8672167863481535,0.9017060193649895,0.9753426511023632,0.9017060193649895,0.8672167863481535,41.72660422957599,0.0,4708.000511102516,6.586680213001871,1.2013811594770296,8.255788996352803e-19,0.3916
P,0.25,1,0.9617739656578885,0.9338954869322741,0.4122506576239049,0.9338954869322741,0.9617739656578885,32.03331050168487,0.0,3366.3722421737416,-0.1856405732477473,1.2222873969749268,8.255788996352803e-19,-0.01866405732477473
P,0.25,1,0.4678684068443879,0.82631615822505,0.7889097207501731,0.82631615822505,0.4678684068443879,35.846029576042504,0.0,3026.5509393877915,-5.832101416197806,1.217765642021471,8.255788996352803e-19,-0.5833101416197806
P,0.25,1,0.798801852226526,0.8430263306408605,0.5471044354096478,0.8430263306408605,0.798801852226526,36.62621456110129,0.0,3507.6566758742956,-0.9617622207008562,1.2193940071953706,8.255788996352803e-19,-0.09627622207008561
P,0.25,1,0.1747256106933036,0.9281590109733003,0.6405515713911705,0.9281590109733003,0.1747256106933036,37.343707955834304,0.0,2657.3043313419885,-9.862511268207884,1.2208457976063065,8.255788996352803e-19,-0.9863511268207883
P,0.25,1,0.9405721876612451,0.8014463716835092,0.6137696015821471,0.8014463716835092,0.9405721876612451,34.5369225950942,0.0,3538.140837691975,0.27474103319912146,1.2189848649259154,8.255788996352803e-19,0.027374103319912146
P,0.25,1,0.9553277379337843,0.06605278689854943,0.0657824131407494,0.06605278689854943,0.9553277379337843,19.184609434330714,0.0,1011.2895702308289,-21.112826127799636,1.2556515226880847,8.255788996352803e-19,-2.1113826127799635
P,0.25,1,0.9939977072795005,0.7933060987559944,0.8047028370171975,0.7933060987559944,0.9939977072795005,32.470166655010814,0.0,3554.9235028980925,1.0181823146024878,1.21566619397458,8.255788996352803e-19,0.10171823146024879
P,0.25,1,0.9613372114230044,0.13317692884438792,0.844394707027214,0.13317692884438792,0.9613372114230044,28.946109512838557,0.0,2195.144849918288,-9.038237764505919,1.2354957195635652,8.255788996352803e-19,-0.9039237764505919
P,0.25,1,0.9951157992269788,0.9810708095126601,0.831351790224427,0.9810708095126601,0.9951157992269788,26.75368430241423,0.0,3199.556716141725,-0.31765506190934134,1.2162878984131633,8.255788996352803e-19,-0.03186550619093413
P,0.25,1,0.792887880102223,0.7580966259226489,0.025148992551430993,0.7580966259226489,0.792887880102223,45.45279231634427,0.0,3553.406130295953,-2.27988833363564,1.229480352190558,8.255788996352803e-19,-0.228088833363564
P,0.25,1,0.3502033759356791,0.21836338773648267,0.9272654955454113,0.21836338773648267,0.3502033759356791,11.118861259709512,0.0,573.8441580047711,-23.973568516549147,1.250397356785911,8.255788996352803e-19,-2.3974568516549146
P,0.25,1,0.9310961105278379,0.848414857793208,0.9116844885126015,0.848414857793208,0.9310961105278379,30.42576527079199,0.0,3400.616607159457,0.008829492900657937,1.2141549141975425,8.255788996352803e-19,0.0007829492900657938
P,0.25,1,0.9938776883678425,0.8123998695071455,0.9382904906994904,0.8123998695071455,0.9938776883678425,32.526866785772015,0.0,3700.6187200899412,2.0397886777684744,1.2117265256101077,8.255788996352803e-19,0.20387886777684744
P,0.25,1,0.8490394915354376,0.7017599375815654,0.9095122793304493,0.7017599375815654,0.8490394915354376,45.292288268894374,0.0,4541.810048028554,4.437294303940503,1.2074176867168591,8.255788996352803e-19,0.3916
P,0.25,1,0.8935923435698223,0.8150590590207942,0.5893902076131896,0.8150590590207942,0.8935923435698223,28.005956947900334,0.0,2805.281800494342,-4.057987928382565,1.2255160271543064,8.255788996352803e-19,-0.4058987928382566
P,0.25,1,0.9739901358337376,0.7975694862691549,0.6612138607199711,0.7975694862691549,0.9739901358337376,31.850329240651277,0.0,3347.734840731375,-0.41243954310074504,1.2198864599354493,8.255788996352803e-19,-0.0413439543100745
P,0.25,1,0.8890222102212274,0.6874210209167132,0.7237773860111956,0.6874210209167132,0.8890222102212274,30.883432458507,0.0,2993.1171530727443,-3.34725267601755,1.2230042579285751,8.255788996352803e-19,-0.334825267601755
P,0.25,1,0.9651964914512869,0.9202614266049302,0.8040507236411588,0.9202614266049302,0.9651964914512869,32.059334638003364,0.0,3666.759597420386,1.8829600279839533,1.2128526934145154,8.255788996352803e-19,0.18819600279839535
P,0.25,1,0.976528796934756,0.9151803468025392,0.4448962446276167,0.9151803468025392,0.976528796934756,33.7961670019697,0.0,3572.5206015945387,0.9858449076588046,1.22029751414033,8.255788996352803e-19,0.09848449076588046
P,0.25,1,0.031065920544527392,0.926899898447362,0.18279555229811195,0.926899898447362,0.031065920544527392,31.92471645393704,0.0,1675.0317615979334,-16.950591744704063,1.2371998217920845,8.255788996352803e-19,-1.6951591744704064
P,0.25,1,0.908593420633761,0.6796230936434206,0.766748281964514,0.6796230936434206,0.908593420633761,47.46477815370904,0.0,4679.055653090754,5.135809211861945,1.2101087129003014,8.255788996352803e-19,0.3916
P,0.25,1,0.8739431974390206,0.5995262541974781,0.7061694179875,0.5995262541974781,0.8739431974390206,42.29176766562921,0.0,3862.410209503142,0.49688990667538757,1.217972653843744,8.255788996352803e-19,0.04958899066753876
P,0.25,1,0.9951919985991065,0.19008724028177704,0.7582782371964204,0.19008724028177704,0.9951919985991065,23.48330901693585,0.0,1836.8859860224386,-10.692687501901771,1.2397877484387128,8.255788996352803e-19,-1.069368750190177
P,0.25,1,0.9322165606485626,0.7766140323307485,0.7949865057075212,0.7766140323307485,0.9322165606485626,36.20408536030344,0.0,3812.8764155491576,1.7822802581472221,1.2137497826478947,8.255788996352803e-19,0.17812802581472223
P,0.25,1,0.9617924475661662,0.30545646058959597,0.4816484243565795,0.30545646058959597,0.9617924475661662,26.651212132122538,0.0,2009.5988320387387,-9.802104031516958,1.2412249099981443,8.255788996352803e-19,-0.9803104031516957
P,0.25,1,0.951447360409238,0.8421347183195182,0.7484064340885337,0.8421347183195182,0.951447360409238,32.113053816959635,0.0,3480.7102933386427,0.403442773067234,1.2164721623054955,8.255788996352803e-19,0.0402442773067234
P,0.25,1,0.0534355616062947,0.6424992751582087,0.5963410824052797,0.6424992751582087,0.0534355616062947,12.715603570038049,0.0,632.0324946536515,-24.902471820143635,1.2494499517757685,8.255788996352803e-19,-2.4903471820143634
P,0.25,1,0.9903670017982359,0.9290489601477567,0.9220092589941539,0.9290489601477567,0.9903670017982359,27.98987665423185,0.0,3331.383936984257,0.33284317599232943,1.2140187172579786,8.255788996352803e-19,0.033184317599232946
P,0.25,1,0.9952826427965633,0.8048890755655764,0.5825012983850609,0.8048890755655764,0.9952826427965633,32.729737446083874,0.0,3422.5852489465738,0.08490169344088759,1.2206650880751118,8.255788996352803e-19,0.008390169344088759
P,0.25,1,0.8167147201202771,0.7371891213554258,0.8347319479495362,0.7371891213554258,0.8167147201202771,46.560956555754565,0.0,4589.210411842985,4.396182232346551,1.207995855927511,8.255788996352803e-19,0.3916
P,0.25,1,0.9732088936789559,0.7196470758418241,0.4591330530459927,0.7196470758418241,0.9732088936789559,30.840401287404507,0.0,2964.414061096193,-3.0223188040681723,1.227867997960991,8.255788996352803e-19,-0.30233188040681724
P,0.25,1,0.880612274402468,0.7676905046980903,0.2381167749779236,0.7676905046980903,0.880612274402468,28.645144493556263,0.0,2531.3157994628486,-6.17977095402136,1.234033683868333,8.255788996352803e-19,-0.6180770954021361
P,0.25,1,0.9526453373213076,0.8469090900940904,0.6322042324073875,0.8469090900940904,0.9526453373213076,37.47182885872271,0.0,3963.8759963165717,2.767323215981014,1.2146817177296487,8.255788996352803e-19,0.2766323215981014
P,0.25,1,0.08054786929670033,0.36032755166166996,0.9712324628548026,0.36032755166166996,0.08054786929670033,31.0728736002609,0.0,1439.4379003139968,-19.087750191554697,1.233240472891999,8.255788996352803e-19,-1.9088750191554698
P,0.25,1,0.8672167863481535,0.903822281979795,0.6645352914382678,0.903822281979795,0.8672167863481535,31.08496622538175,0.0,3269.060908388611,-1.2745486293690023,1.2186561926548403,8.255788996352803e-19,-0.12755486293690022
P,0.25,1,0.5217426173721077,0.8603444083544619,0.429218754543425,0.8603444083544619,0.5217426173721077,22.761911521527356,0.0,1817.1931125893943,-12.744937147309276,1.236072786826141,8.255788996352803e-19,-1.2745937147309276
P,0.25,1,0.9393819349759248,0.9526872630427088,0.46715569866970785,0.9526872630427088,0.9393819349759248,34.71006985176626,0.0,3689.0678746920125,1.4790089768017578,1.2182724600236297,8.255788996352803e-19,0.1478008976801758
P,0.25,1,0.3757462666343604,0.9381660137576208,0.5507917557374786,0.9381660137576208,0.3757462666343604,27.343211239421873,0.0,2172.83943479297,-11.26391664892348,1.2283471388301959,8.255788996352803e-19,-1.126491664892348
P,0.25,1,0.037529606481225386,0.325156824775251,0.6137696015821471,0.325156824775251,0.037529606481225386,16.68647059152082,0.0,558.6390336244903,-25.61842211417483,1.2505689053646498,8.255788996352803e-19,-2.5619422114174832
P,0.25,1,0.798801852226526,0.15591221335113792,0.7451839147976532,0.15591221335113792,0.798801852226526,28.1326000362788,0.0,1867.0284735070743,-12.141261014272558,1.2392013095274141,8.255788996352803e-19,-1.2142261014272557
P,0.25,1,0.8683606771632162,0.6920682950855245,0.9703774501457658,0.6920682950855245,0.8683606771632162,37.343707955834304,0.0,3819.5474939032483,1.1905241227002457,1.2114481666441803,8.255788996352803e-19,0.11895241227002458
P,0.25,1,0.9813131807107498,0.9018136630901299,0.5725256986811167,0.9018136630901299,0.9813131807107498,32.470166655010814,0.0,3522.022243798263,0.8759722763484348,1.218595890765334,8.255788996352803e-19,0.08749722763484348
P,0.25,1,0.9449311368983102,0.7798936901738615,0.8300766478414007,0.7798936901738615,0.9449311368983102,30.492508092458937,0.0,3262.4897224202414,-0.9795595799393925,1.2177770649959743,8.255788996352803e-19,-0.09805595799393925
P,0.25,1,0.9060657693953402,0.8094091811733327,0.6693948490927026,0.8094091811733327,0.9060657693953402,28.69924640824322,0.0,2941.9201086399667,-3.1320208500564912,1.2229903686150059,8.255788996352803e-19,-0.3133020850056491
P,0.25,1,0.8778260241974802,0.9627508346834055,0.09265755931477548,0.9627508346834055,0.8778260241974802,28.3816981214682,0.0,2677.6793108344737,-4.852023613130123,1.2306299996899346,8.255788996352803e-19,-0.4853023613130123
P,0.25,1,0.13270624531311903,0.4893155998110248,0.5153181653379287,0.4893155998110248,0.13270624531311903,26.736240429421887,0.0,1175.9680393326726,-20.304435105832326,1.242666588289085,8.255788996352803e-19,-2.030543510583233
P,0.25,1,0.9205170023454708,0.7129675612152879,0.989434747876285,0.7129675612152879,0.9205170023454708,28.148241263278173,0.0,2995.2570796847567,-2.7586356184407514,1.2182953526867708,8.255788996352803e-19,-0.2759635618440751
P,0.25,1,0.9938776883678425,0.9107210078035498,0.2773187573380089,0.9107210078035498,0.9938776883678425,26.37759351001141,0.0,2694.8115467094226,-3.8804801816795513,1.2302721917851458,8.255788996352803e-19,-0.38814801816795513
P,0.25,1,0.0849262228581682,0.9129187312962445,0.6587133072075815,0.9129187312962445,0.0849262228581682,30.42576527079199,0.0,2019.056229233442,-14.220166093794848,1.2264714827913556,8.255788996352803e-19,-1.4221166093794848
P,0.25,1,0.9611184590524285,0.9201403261208174,0.1819192307028321,0.9201403261208174,0.9611184590524285,26.419613895839667,0.0,2605.262433006602,-4.688431702885349,1.2314496170912068,8.255788996352803e-19,-0.4689431702885349
P,0.25,1,0.9765998202170185,0.20797682582800936,0.626292402730133,0.20797682582800936,0.9765998202170185,29.913961865508565,0.0,2240.1412071263235,-8.642092340907336,1.2380338320605455,8.255788996352803e-19,-0.8643092340907336
P,0.25,1,0.8769443063612314,0.9100673416709899,0.8108156936167172,0.9100673416709899,0.8769443063612314,35.426504094541045,0.0,3883.487910546071,2.301885804691311,1.2106854469673456,8.255788996352803e-19,0.2300885804691311
P,0.25,1,0.9929025196983599,0.7793595366226935,0.7540266166636288,0.7793595366226935,0.9929025196983599,34.22709924330623,0.0,3678.173060358344,1.5348390746321754,1.2157581759232485,8.255788996352803e-19,0.15338390746321756
P,0.25,1,0.8152425079464565,0.932197739197595,0.8934105234061673,0.932197739197595,0.8152425079464565,30.02272603452385,0.0,3293.711474599923,-1.205619246695287,1.2138634590104136,8.255788996352803e-19,-0.1206619246695287
P,0.25,1,0.9479890182280504,0.7525952079764686,0.7761804230122827,0.7525952079764686,0.9479890182280504,29.621137581581138,0.0,3093.445644127955,-2.048396343664898,1.2206201366787572,8.255788996352803e-19,-0.20493963436648982
P,0.25,1,0.07616479059651815,0.895347085612108,0.7642327132785638,0.895347085612108,0.07616479059651815,27.598055186995474,0.0,1867.8753336405864,-15.23943473416378,1.226720000782297,8.255788996352803e-19,-1.524043473416378
P,0.25,1,0.9464524410555211,0.8233594397024658,0.8889206272299292,0.8233594397024658,0.9464524410555211,29.243512879041788,0.0,3237.654871692476,-0.9009043971401292,1.2164753037604499,8.255788996352803e-19,-0.09019043971401292
P,0.25,1,0.9338604921330274,0.9224746789787257,0.3712024015518758,0.9224746789787257,0.9338604921330274,31.405007724396583,0.0,3206.351376592964,-1.3598980234527487,1.2244537573329837,8.255788996352803e-19,-0.13608980234527485
P,0.25,1,0.0062529594812665845,0.26171353872456504,0.9896627231938615,0.26171353872456504,0.0062529594812665845,32.67254747798371,0.0,1246.127464525506,-21.01661595225342,1.2354374941422068,8.255788996352803e-19,-2.101761595225342
P,0.25,1,0.8397252101815477,0.910396563148826,0.575956358143767,0.910396563148826,0.8397252101815477,27.669835155216994,0.0,2819.694485641303,-4.09136484912199,1.224243797959296,8.255788996352803e-19,-0.40923648491219905
P,0.25,1,0.951447360409238,0.8242535208025792,0.7484064340885337,0.8242535208025792,0.951447360409238,33.28667282160498,0.0,3578.157715823899,0.8541384985836047,1.2158779263856412,8.255788996352803e-19,0.08531384985836046
P,0.25,1,0.9335363908450971,0.9313136157580092,0.9811931012678509,0.9313136157580092,0.9335363908450971,31.534618032901495,0.0,3713.9053739691326,2.13746894101247,1.2090075831317664,8.255788996352803e-19,0.213646894101247
P,0.25,1,0.9952826427965633,0.8241854068376088,0.6042011735850654,0.8241854068376088,0.9952826427965633,31.943882806380564,0.0,3388.5569943853634,0.008859306986719575,1.2202879050904278,8.255788996352803e-19,0.0007859306986719574
P,0.25,1,0.9135505704092336,0.924577917091241,0.9767246562056117,0.924577917091241,0.9135505704092336,24.89154557676716,0.0,2895.497608525963,-2.831955091698871,1.2173546139470437,8.255788996352803e-19,-0.2832955091698871
P,0.25,1,0.9725973839130528,0.6786361969533142,0.7451839147976532,0.6786361969533142,0.9725973839130528,28.1326000362788,0.0,2846.7737205610674,-3.5304943370342303,1.224493729225566,8.255788996352803e-19,-0.353149433703423
P,0.25,1,0.9494546065305202,0.9926034911984432,0.6161868849171587,0.9926034911984432,0.9494546065305202,30.456683805435624,0.0,3426.6076986902976,0.4995263891746633,1.217322619302799,8.255788996352803e-19,0.04985263891746633
P,0.25,1,0.35506699739085845,0.8443451283348941,0.8438535828747858,0.8443451283348941,0.35506699739085845,31.0728736002609,0.0,2518.982961809715,-9.393840304609043,1.2207213948021132,8.255788996352803e-19,-0.9394840304609042
P,0.25,1,0.9903670017982359,0.7558797787938966,0.37967550715177567,0.7558797787938966,0.9903670017982359,25.03801416004634,0.0,2423.7855990772805,-5.8822640113557965,1.2339016409547452,8.255788996352803e-19,-0.5883264011355797
P,0.25,1,0.9696620492271141,0.7797178525206998,0.9582883855111615,0.7797178525206998,0.9696620492271141,34.65549554072225,0.0,3861.530340972725,2.5953440418844957,1.2103733893498627,8.255788996352803e-19,0.2594344041884496
P,0.25,1,0.9989300063601972,0.8469090900940904,0.7598725768499134,0.8469090900940904,0.9989300063601972,27.277704100500188,0.0,3035.7021171456477,-1.700587457160406,1.2205989911736643,8.255788996352803e-19,-0.1701587457160406
P,0.25,1,0.3254809200636838,0.9851867302215561,0.9171972291360397,0.9851867302215561,0.3254809200636838,24.89917483066597,0.0,2202.663502529034,-11.197196336456823,1.2217140735130945,8.255788996352803e-19,-1.1198196336456823
P,0.25,1,0.5104497229514996,0.09713781882218253,0.3724443778740061,0.09713781882218253,0.5104497229514996,24.766623654447017,0.0,982.9993426874735,-19.87324834247144,1.253189560443968,8.255788996352803e-19,-1.9874248342471443
P,0.25,1,0.9466312138055746,0.7761282385339207,0.429218754543425,0.7761282385339207,0.9466312138055746,35.72713911258718,0.0,3460.8322843954916,-0.4658704358944252,1.2234994052509656,8.255788996352803e-19,-0.04668704358944252
P,0.25,1,0.9333058588508455,0.889052545298473,0.41930458485151334,0.889052545298473,0.9333058588508455,30.44276412068545,0.0,3093.001116327237,-2.049594952597665,1.2250407150943674,8.255788996352803e-19,-0.2050594952597665
P,0.25,1,0.9182168415887425,0.7227174562737495,0.7259880011886237,0.7227174562737495,0.9182168415887425,37.28727584063165,0.0,3736.0513614703245,0.9202428711428898,1.2164573201484357,8.255788996352803e-19,0.09192428711428899
P,0.25,1,0.9121229290921895,0.8197537515424089,0.7478187242565959,0.8197537515424089,0.9121229290921895,37.343707955834304,0.0,3931.8929499204805,2.337726249888006,1.2129948285519814,8.255788996352803e-19,0.2336726249888006
P,0.25,1,0.9939977072795005,0.811773110248389,0.8199504805566503,0.811773110248389,0.9939977072795005,32.470166655010814,0.0,3597.2821881075515,1.3364891438421385,1.2147733937158234,8.255788996352803e-19,0.13354891438421385
P,0.25,1,0.9230049098214448,0.8483908242429086,0.8607378902453365,0.8483908242429086,0.9230049098214448,34.5369225950942,0.0,3802.1088148847284,2.058910963951833,1.211489960368304,8.255788996352803e-19,0.2057910963951833
P,0.25,1,0.9450023259826624,0.9707508569068899,0.5669627252866911,0.9707508569068899,0.9450023259826624,30.163989942283,0.0,3316.884435608783,-0.27249633915013405,1.2194373242112426,8.255788996352803e-19,-0.027349633915013404
P,0.25,1,0.24043235594459178,0.96772714766179,0.9030909434407255,0.96772714766179,0.24043235594459178,25.817111960466566,0.0,2142.439458467698,-12.189162279513594,1.2220921647483056,8.255788996352803e-19,-1.2190162279513594
P,0.25,1,0.6189619607187261,0.6477818298936643,0.9116844885126015,0.6477818298936643,0.6189619607187261,30.42576527079199,0.0,2620.549917782955,-7.44132071761196,1.2223922416697814,8.255788996352803e-19,-0.7442320717611961
P,0.25,1,0.9937609771480391,0.6913297052419707,0.4852308703159221,0.6913297052419707,0.9937609771480391,36.59621041010943,0.0,3527.336934332034,-0.039299146473258224,1.223391618746034,8.255788996352803e-19,-0.004029914647325822
P,0.25,1,0.9613372114230044,0.9356967076685885,0.802205330572474,0.9356967076685885,0.9613372114230044,33.93327839807982,0.0,3899.165425725258,3.155335723219223,1.2106668797885745,8.255788996352803e-19,0.3154335723219223
P,0.25,1,0.9562913919282865,0.9366988943483479,0.7882964084666961,0.9366988943483479,0.9562913919282865,25.731304891241603,0.0,2942.5528913903227,-2.2929263232677495,1.2199334095565268,8.255788996352803e-19,-0.22939263232677493
P,0.25,1,0.2845944958410953,0.35110832114263835,0.08467876155927989,0.35110832114263835,0.2845944958410953,22.98417834085584,0.0,779.2121398009613,-22.23961168604423,1.2554752920121155,8.255788996352803e-19,-2.224061168604423
P,0.25,1,0.9627197599411197,0.8456296125625158,0.7528947006690838,0.8456296125625158,0.9627197599411197,33.50621338335553,0.0,3660.213259733592,1.4708507002466995,1.2148463872406732,8.255788996352803e-19,0.14698507002466996
P,0.25,1,0.04356759260071352,0.9201403261208174,0.2591805594767034,0.9201403261208174,0.04356759260071352,25.03801416004634,0.0,1368.700788709585,-18.811947847771393,1.239974723264554,8.255788996352803e-19,-1.8812947847771393
P,0.25,1,0.38087435564690175,0.96772714766179,0.7540266166636288,0.96772714766179,0.38087435564690175,25.817111960466566,0.0,2227.519539638118,-10.735108781227925,1.2243776990055537,8.255788996352803e-19,-1.0736108781227924
P,0.25,1,0.9603546207702567,0.9413381834867334,0.4378035767488404,0.9413381834867334,0.9603546207702567,28.10570172827895,0.0,2980.0399553549814,-2.2718223738955756,1.2252364840131693,8.255788996352803e-19,-0.22728223738955755
P,0.25,1,0.9864282216519185,0.8834396997532022,0.6831969278393648,0.8834396997532022,0.9864282216519185,27.860929094344012,0.0,3080.6754078029794,-1.479327925727535,1.2209523078503628,8.255788996352803e-19,-0.14803279257275348
P,0.25,1,0.9775229063274576,0.7722963755918828,0.971228309635133,0.7722963755918828,0.9775229063274576,30.123702264593554,0.0,3366.976564028986,-0.029490982624342042,1.2146064741644425,8.255788996352803e-19,-0.0030490982624342042
P,0.25,1,0.9456944832944749,0.9872064319821122,0.3996035195851366,0.9872064319821122,0.9456944832944749,27.296585923036567,0.0,2910.7750909157567,-2.6658086738029754,1.2259403346782478,8.255788996352803e-19,-0.2666808673802975
P,0.25,1,0.9415484044926482,0.28701424294668787,0.8975850487647156,0.28701424294668787,0.9415484044926482,25.494084088168933,0.0,2138.1316898073655,-8.9603862096,1.2332179748555232,8.255788996352803e-19,-0.8961386209599999
P,0.25,1,0.9976307508015392,0.9744193434165808,0.42942621822756066,0.9744193434165808,0.9976307508015392,24.477287576490635,0.0,2676.3015894821397,-3.6905852641585604,1.2282950666738381,8.255788996352803e-19,-0.369158526415856
P,0.25,1,0.9678153804482785,0.9028469030617037,0.7582782371964204,0.9028469030617037,0.9678153804482785,32.67254747798371,0.0,3675.3371563207124,1.8271160733908463,1.2138531581758407,8.255788996352803e-19,0.18261160733908463
P,0.25,1,0.9466312138055746,0.7761282385339207,0.7527954323826759,0.7761282385339207,0.9466312138055746,35.72713911258718,0.0,3749.8440089642836,1.511161144599204,1.2150997272036153,8.255788996352803e-19,0.15101611445992041
P,0.25,1,0.9772003912859458,0.9033401718180265,0.8914925188756574,0.9033401718180265,0.9772003912859458,30.79085319161163,0.0,3581.417801723265,1.5428604999208353,1.2123544870648972,8.255788996352803e-19,0.15418604999208355
P,0.25,1,0.951447360409238,0.8421347183195182,0.7484064340885337,0.8421347183195182,0.951447360409238,35.248622703198706,0.0,3820.5722996122654,2.1957200612355914,1.2136415417646644,8.255788996352803e-19,0.21947200612355916
P,0.25,1,0.7753584287288294,0.8766822462014274,0.554968960104021,0.8766822462014274,0.7753584287288294,26.62638558120911,0.0,2568.814038260006,-6.161137257853988,1.2271528336625595,8.255788996352803e-19,-0.6162137257853988
P,0.25,1,0.055923956990152734,0.9262907166268013,0.8318719921311786,0.9262907166268013,0.055923956990152734,31.943882806380564,0.0,2233.1180569000835,-12.96308340919039,1.220979214510683,8.255788996352803e-19,-1.2964083409190388
P,0.25,1,0.5125068225605588,0.8527013363342812,0.7477660412996945,0.8527013363342812,0.5125068225605588,30.042340090564036,0.0,2612.3184332190826,-7.759480505317808,1.2222541194764158,8.255788996352803e-19,-0.7760480505317808
P,0.25,1,0.5823997109242571,0.9926034911984432,0.34078208887124894,0.9926034911984432,0.5823997109242571,30.456683805435624,0.0,2657.946034162672,-6.884304127621024,1.2274532338364679,8.255788996352803e-19,-0.6885304127621025
P,0.25,1,0.9903670017982359,0.9290489601477567,0.9220092589941539,0.9290489601477567,0.9903670017982359,22.430006296613314,0.0,2669.642442732802,-3.7355334540134573,1.2212687753919689,8.255788996352803e-19,-0.3736533454013457
P,0.25,1,0.9771548086396682,0.8803406148879772,0.9209567289829911,0.8803406148879772,0.9771548086396682,31.0728736002609,0.0,3601.305326191836,1.6016168602886445,1.211952288861171,8.255788996352803e-19,0.16006168602886445
P,0.25,1,0.9628065879724065,0.9688210932071917,0.7598725768499134,0.9688210932071917,0.9628065879724065,31.016274752476924,0.0,3584.8051594590547,1.5454011471057667,1.2137195026627199,8.255788996352803e-19,0.15444011471057667
P,0.25,1,0.6923444147914931,0.9389090068635628,0.23300477558490407,0.9389090068635628,0.6923444147914931,34.65549554072225,0.0,3028.467183028976,-4.34963781576115,1.2271120694810744,8.255788996352803e-19,-0.435063781576115
P,0.25,1,0.9608542677437403,0.9206736125647403,0.8173795323431888,0.9206736125647403,0.9608542677437403,29.966350449228308,0.0,3431.4732299714397,0.5656433932330073,1.2147499243983442,8.255788996352803e-19,0.05646433932330073
P,0.25,1,0.8642019944935853,0.3326818460397477,0.8596341886171609,0.3326818460397477,0.8642019944935853,24.66969978289861,0.0,2006.5111849555258,-10.212626184513704,1.2342901575722014,8.255788996352803e-19,-1.0213626184513704
P,0.25,1,0.978113749703384,0.82631615822505,0.7448233893342824,0.82631615822505,0.978113749703384,29.21273183525588,0.0,3179.5744992226596,-1.111695701697685,1.21959998859689,8.255788996352803e-19,-0.11126957016976849
P,0.25,1,0.8248679732945057,0.8587067373029547,0.429218754543425,0.8587067373029547,0.8248679732945057,30.45311354296214,0.0,2890.2807776661975,-4.108657692525117,1.226606627939106,8.255788996352803e-19,-0.41096576925251177
P,0.25,1,0.9625970190246219,0.9293581743927625,0.9703774501457658,0.9293581743927625,0.9625970190246219,27.355005015415014,0.0,3251.339190633228,-0.30689370179241876,1.2138690305490007,8.255788996352803e-19,-0.030789370179241875
P,0.25,1,0.9121496953698734,0.8650566808369318,0.41930458485151334,0.8650566808369318,0.9121496953698734,34.59630067575618,0.0,3436.8979950122366,-0.4921852507175433,1.2223954119874498,8.255788996352803e-19,-0.049318525071754334
P,0.25,1,0.6741237944444033,0.7993002979799659,0.6651419328582251,0.7993002979799659,0.6741237944444033,27.594104110744343,0.0,2491.7407838746417,-7.511381054234926,1.2263971330686192,8.255788996352803e-19,-0.7512381054234927
P,0.25,1,0.9939977072795005,0.7228660063848067,0.6033646185127294,0.7228660063848067,0.9939977072795005,31.459372991675494,0.0,3175.109611796229,-1.5401249800810228,1.2235170039205523,8.255788996352803e-19,-0.15411249800810228
P,0.25,1,0.9687053885556562,0.9626987541142284,0.7600875248880379,0.9626987541142284,0.9687053885556562,29.295960595388216,0.0,3385.804337325478,0.45550323959206657,1.2156792006207555,8.255788996352803e-19,0.04545032395920666
P,0.25,1,0.4200636165753454,0.9463302580545653,0.902095989620342,0.9463302580545653,0.4200636165753454,26.197953495445137,0.0,2380.6628788133066,-9.487895253739042,1.2208085083522744,8.255788996352803e-19,-0.9488895253739041
P,0.25,1,0.9937609771480391,0.058978950729124735,0.7997454582592542,0.058978950729124735,0.9937609771480391,29.17582327093413,0.0,2119.05850809761,-9.516213324396931,1.238044338919006,8.255788996352803e-19,-0.951721332439693
P,0.25,1,0.3462311881457165,0.9356967076685885,0.24553456184891975,0.9356967076685885,0.3462311881457165,25.20266606825232,0.0,1770.103173351588,-14.13141295065,1.236928263270429,8.255788996352803e-19,-1.413241295065
P,0.25,1,0.9905377616877126,0.859666074762649,0.9116844885126015,0.859666074762649,0.9905377616877126,27.63664469944336,0.0,3186.5688096516956,-0.7310138623469155,1.2164070944208192,8.255788996352803e-19,-0.07320138623469155
P,0.25,1,0.9786154739189316,0.9107210078035498,0.9382904906994904,0.9107210078035498,0.9786154739189316,28.23242857071504,0.0,3329.283344745164,0.18915680928560502,1.2139103225642223,8.255788996352803e-19,0.0188156809285605
P,0.25,1,0.9826229146650762,0.8351908509575422,0.9693819981333087,0.8351908509575422,0.9826229146650762,28.53484027359987,0.0,3285.0802844805526,-0.24907195474096053,1.214693647517712,8.255788996352803e-19,-0.02500719547409605
P,0.25,1,0.8769443063612314,0.8158017270889314,0.24250437804726044,0.8158017270889314,0.8769443063612314,25.3133461065576,0.0,2295.9182421079695,-7.398912423453955,1.2351919105066236,8.255788996352803e-19,-0.7399912423453955
P,0.25,1,0.8445659640533641,0.8741082800364973,0.8561342146271876,0.8741082800364973,0.8445659640533641,26.98284246357101,0.0,2896.2591847476483,-3.5175694208466273,1.219317489718526,8.255788996352803e-19,-0.3518569420846627
P,0.25,1,0.40347908195211024,0.8980349479220193,0.9962702059607857,0.8980349479220193,0.40347908195211024,27.825836549123473,0.0,2503.8371308290866,-8.89988014940252,1.2182261748504197,8.255788996352803e-19,-0.8900880149402519
P,0.25,1,0.9656040592956352,0.8799501677069628,0.6072341518109665,0.8799501677069628,0.9656040592956352,33.28971695325185,0.0,3577.2652178930757,1.0005869078021297,1.217733275018254,8.255788996352803e-19,0.09995869078021297
P,0.25,1,0.9545725234061141,0.816362817648044,0.8252491942675825,0.816362817648044,0.9545725234061141,33.824925919481345,0.0,3692.937657497732,1.5566199387456494,1.2136344396976722,8.255788996352803e-19,0.15556199387456496
P,0.25,1,0.9775229063274576,0.9326463651610377,0.6013498517859919,0.9326463651610377,0.9775229063274576,23.037501519479918,0.0,2546.6163278254735,-4.676888496108864,1.2273375840661067,8.255788996352803e-19,-0.46778884961088646
P,0.25,1,0.9591038789975093,0.8716353629983429,0.6005903314943423,0.8716353629983429,0.9591038789975093,34.23542666569092,0.0,3647.8436094175177,1.2738384854576639,1.2173840928852868,8.255788996352803e-19,0.1272838485457664
P,0.25,1,0.11505157887966233,0.9199590803242348,0.42995126119677907,0.9199590803242348,0.11505157887966233,26.972330968456994,0.0,1685.7521957290437,-16.211885647145937,1.2340828763744667,8.255788996352803e-19,-1.6212885647145938
P,0.25,1,0.9695410797539639,0.8302195434308414,0.95206920980989,0.8302195434308414,0.9695410797539639,31.12143353346464,0.0,3541.300496338558,1.063917397421783,1.2125637657897959,8.255788996352803e-19,0.10629173974217831
P,0.25,1,0.9990898048542879,0.9499504437351518,0.7582782371964204,0.9499504437351518,0.9990898048542879,29.23224351591527,0.0,3402.895310517945,0.7388910667444043,1.2158671301858335,8.255788996352803e-19,0.07378910667444043
P,0.25,1,0.9927730329807609,0.3816226732284026,0.9633328567523779,0.3816226732284026,0.9927730329807609,22.036683158369886,0.0,2045.0726591052546,-8.88491214748191,1.2325534947887762,8.255788996352803e-19,-0.8885912147481909
P,0.25,1,0.9356961035780288,0.768190630095337,0.8238874719394951,0.768190630095337,0.9356961035780288,34.07918918755946,0.0,3605.2893431885213,0.744112147567684,1.215007043197591,8.255788996352803e-19,0.0743112147567684
P,0.25,1,0.46006374339725,0.8837243364372265,0.9995976730572045,0.8837243364372265,0.46006374339725,25.370060458347865,0.0,2338.5955764175205,-9.597987043985121,1.2206755804157299,8.255788996352803e-19,-0.9598987043985121
P,0.25,1,0.9720737873092076,0.8241854068376088,0.6042011735850654,0.8241854068376088,0.9720737873092076,26.30132980008193,0.0,2759.4826318856744,-3.6972497063912555,1.22603777946029,8.255788996352803e-19,-0.36982497063912556
P,0.25,1,0.6140418285145476,0.9264252202739415,0.9916268950053192,0.9264252202739415,0.6140418285145476,20.227055972920958,0.0,2059.3979787524167,-10.406315291153149,1.2253963193543833,8.255788996352803e-19,-1.0407315291153147
P,0.25,1,0.9321347155290641,0.7817113661972733,0.801843728445607,0.7817113661972733,0.9321347155290641,33.77995586986873,0.0,3571.8383944587467,0.5650421080871117,1.2154805237205415,8.255788996352803e-19,0.05640421080871118
P,0.25,1,0.9494546065305202,0.8935399160708469,0.8476604502201204,0.8935399160708469,0.9494546065305202,29.529932582195805,0.0,3346.959098778573,-0.061375360298829125,1.215290160857824,8.255788996352803e-19,-0.006237536029882912
P,0.25,1,0.9020361115028782,0.8469090900940904,0.7090185645036023,0.8469090900940904,0.9020361115028782,24.18303432129707,0.0,2543.3955988100506,-5.400989951969651,1.226061336690785,8.255788996352803e-19,-0.5401989951969651
P,0.25,1,0.9786154739189316,0.9017575588241931,0.29977294890513495,0.9017575588241931,0.9786154739189316,28.23242857071504,0.0,2865.9578258458746,-3.031529800130615,1.228823947846979,8.255788996352803e-19,-0.3032529800130615
P,0.25,1,0.9639542562369166,0.8381355481298712,0.5968177621283945,0.8381355481298712,0.9639542562369166,30.795770885091756,0.0,3234.3238130484524,-1.0276940560316166,1.221440653549215,8.255788996352803e-19,-0.10286940560316164
P,0.25,1,0.9381058357035559,0.939626477419311,0.20277249050713353,0.939626477419311,0.9381058357035559,34.65549554072225,0.0,3429.3667187187566,-0.3176064177113658,1.2246488423938067,8.255788996352803e-19,-0.03186064177113658
P,0.25,1,0.8642019944935853,0.9768754878510506,0.18566297119971242,0.9768754878510506,0.8642019944935853,25.418180998312213,0.0,2457.8224090736135,-6.110177847163624,1.2316414349647697,8.255788996352803e-19,-0.6111177847163625
P,0.25,1,0.9415624130602825,0.9206736125647403,0.7730136328741833,0.9206736125647403,0.9415624130602825,32.157858736285206,0.0,3615.7377324632994,1.3859632568720675,1.2137544500504052,8.255788996352803e-19,0.13849632568720677
P,0.25,1,0.9713235018914065,0.841107234475748,0.9959619320513678,0.841107234475748,0.9713235018914065,28.547154325840186,0.0,3297.783971221775,-0.2197459885648818,1.2139971745642597,8.255788996352803e-19,-0.02207459885648818
P,0.25,1,0.9701590546100861,0.7287317568709046,0.429218754543425,0.7287317568709046,0.9701590546100861,32.11697968155283,0.0,3072.7923341409037,-2.4722727035624557,1.2273567682161504,8.255788996352803e-19,-0.24732727035624555
P,0.25,1,0.9545361712459147,0.04222386293323066,0.4965964815436802,0.04222386293323066,0.9545361712459147,25.210456987535522,0.0,1569.4244043813499,-13.16985018699356,1.2481175606141945,8.255788996352803e-19,-1.317085018699356
P,0.25,1,0.931837701210211,0.8424354828549746,0.9908924121132621,0.8424354828549746,0.931837701210211,37.343707955834304,0.0,4237.986902320174,4.547826115393519,1.2056767636035217,8.255788996352803e-19,0.3916
P,0.25,1,0.7974144160318493,0.6291220428705047,0.38356498984254017,0.6291220428705047,0.7974144160318493,32.470166655010814,0.0,2627.354306580791,-6.6775156002462905,1.2326927838884731,8.255788996352803e-19,-0.6678515600246291
P,0.25,1,0.9681476448842424,0.8580778868884134,0.2430591905287215,0.8580778868884134,0.9681476448842424,34.22893657731152,0.0,3333.4793355741695,-0.8558128465507444,1.2265264347443867,8.255788996352803e-19,-0.08568128465507444
P,0.25,1,0.4729295535831277,0.9849900042650898,0.7600875248880379,0.9849900042650898,0.4729295535831277,26.063020368261913,0.0,2395.143772644743,-8.99497016991029,1.22283902450479,8.255788996352803e-19,-0.899597016991029
P,0.25,1,0.9180948533148309,0.8686727320616071,0.8763763163955203,0.8686727320616071,0.9180948533148309,28.69924640824322,0.0,3192.7276566135965,-1.2353481373918573,1.2164426528978758,8.255788996352803e-19,-0.12363481373918572
P,0.25,1,0.9544416581341929,0.9738456635440079,0.5172027360913192,0.9738456635440079,0.9544416581341929,26.72179392323917,0.0,2921.879444993176,-2.4905592296547887,1.2241040424050138,8.255788996352803e-19,-0.24915592296547887
P,0.25,1,0.9590252559425319,0.20374867132335983,0.378640063511005,0.20374867132335983,0.9590252559425319,30.043199796962927,0.0,2031.0614477573176,-10.211069521364054,1.244227550819836,8.255788996352803e-19,-1.0212069521364053
P,0.25,1,0.2788090452264763,0.6396190266009587,0.4852308703159221,0.6396190266009587,0.2788090452264763,36.59621041010943,0.0,2124.4896238464453,-13.277613394342474,1.2328118722968304,8.255788996352803e-19,-1.3278613394342473
P,0.25,1,0.9552380768909016,0.856996352826963,0.8129830225923871,0.856996352826963,0.9552380768909016,27.98987665423185,0.0,3105.0932709263984,-1.5521618387450775,1.2187005630345582,8.255788996352803e-19,-0.15531618387450774
P,0.25,1,0.2801022747038089,0.9754353905537066,0.7683243865736095,0.9754353905537066,0.2801022747038089,25.701408591874596,0.0,2107.1298016243277,-12.172018556026336,1.2247890407197661,8.255788996352803e-19,-1.2173018556026336
P,0.25,1,0.9518089578889037,0.9597894891992045,0.647368047839532,0.9597894891992045,0.9518089578889037,25.97693964246197,0.0,2903.2898916612403,-2.5780735353851028,1.2223291064853048,8.255788996352803e-19,-0.25790735353851024
P,0.25,1,0.9802303546796133,0.9597894891992045,0.2591805594767034,0.9597894891992045,0.9802303546796133,25.97693964246197,0.0,2688.1068632315732,-3.887394994166271,1.2296611970819122,8.255788996352803e-19,-0.3888394994166271
P,0.25,1,0.9710884522194753,0.7391192317167119,0.2850996385235408,0.7391192317167119,0.9710884522194753,30.883432458507,0.0,2860.975560600309,-3.7274216620448066,1.2316001097713076,8.255788996352803e-19,-0.37284216620448063
P,0.25,1,0.9775229063274576,0.7877968335440334,0.971228309635133,0.7877968335440334,0.9775229063274576,23.902823862016387,0.0,2690.1838204897545,-3.992759346551077,1.2214156566479097,8.255788996352803e-19,-0.3993759346551077
P,0.25,1,0.47673859504009675,0.9632983291536105,0.7670349683130877,0.9632983291536105,0.47673859504009675,34.22709924330623,0.0,3120.7488855086303,-4.751968905515132,1.2155297861116887,8.255788996352803e-19,-0.47529689055151325
P,0.25,1,0.9221872062625585,0.8834396997532022,0.9284608947589511,0.8834396997532022,0.9221872062625585,30.551492311621132,0.0,3467.3764740365623,0.4533793091176781,1.2127539307639288,8.255788996352803e-19,0.04523793091176781
P,0.25,1,0.9871046178895373,0.8123571247108583,0.8889206272299292,0.8123571247108583,0.9871046178895373,27.5091349301116,0.0,3086.4177308540907,-1.502559233822589,1.2182846772663916,8.255788996352803e-19,-0.1503559233822589
P,0.25,1,0.3765219073688315,0.579600680338226,0.8689168785728324,0.579600680338226,0.3765219073688315,31.92471645393704,0.0,2219.695249649561,-11.795295149223664,1.2264520569860566,8.255788996352803e-19,-1.1796295149223663
P,0.25,1,0.9591230890172984,0.8302195434308414,0.36189907921270725,0.8302195434308414,0.9591230890172984,27.280564609749458,0.0,2687.53414499081,-4.373413727450365,1.2306102134998085,8.255788996352803e-19,-0.4374413727450365
P,0.25,1,0.8191775748129104,0.6752472602754297,0.39739626845645015,0.6752472602754297,0.8191775748129104,47.73495282789093,0.0,4041.057253607243,0.5409994524086098,1.2219330185737594,8.255788996352803e-19,0.05399994524086098
P,0.25,1,0.9856302743119956,0.9364280398971496,0.8444111071174847,0.9364280398971496,0.9856302743119956,28.565500844521765,0.0,3348.2535747252723,0.35645699443676354,1.2150176486481439,8.255788996352803e-19,0.03554569944367635
P,0.25,1,0.951447360409238,0.8421347183195182,0.7484064340885337,0.8421347183195182,0.951447360409238,28.911881475171562,0.0,3133.7375767504686,-1.5180980586912132,1.2196497146846144,8.255788996352803e-19,-0.1519098058691213
P,0.25,1,0.9111743389800105,0.8909628712862797,0.8914925188756574,0.8909628712862797,0.9111743389800105,32.78187341172239,0.0,3684.4915674071863,1.5494560935547739,1.2112880765663545,8.255788996352803e-19,0.1548456093554774
P,0.25,1,0.940745078973246,0.7838134170725504,0.7088218609613,0.7838134170725504,0.940745078973246,28.147071222062216,0.0,2925.8450258464864,-3.010568786513313,1.2229534282504664,8.255788996352803e-19,-0.3011568786513313
P,0.25,1,0.9943818164108871,0.708878533403622,0.5515130936992618,0.708878533403622,0.9943818164108871,33.759361673033,0.0,3340.5173585764037,-0.7936703692464063,1.2232843300020981,8.255788996352803e-19,-0.07946703692464063
P,0.25,1,0.9429305542225361,0.7349537081238053,0.9606062862789628,0.7349537081238053,0.9429305542225361,33.90301683202952,0.0,3658.453196742999,1.1323165131726256,1.2125575733338607,8.255788996352803e-19,0.11313165131726258
P,0.25,1,0.9952826427965633,0.8241854068376088,0.47770645786568094,0.8241854068376088,0.9952826427965633,48.99495855732765,0.0,5042.368287052822,7.702404058961918,1.2113962511573866,8.255788996352803e-19,0.3916
P,0.25,1,0.6232430515024211,0.8983385660866802,0.9365331284511353,0.8983385660866802,0.6232430515024211,28.23242857071504,0.0,2808.9123329824915,-5.521467126002451,1.2173317277389482,8.255788996352803e-19,-0.552246712600245
P,0.25,1,0.9978363542689807,0.28561079812544987,0.9089334519234182,0.28561079812544987,0.9978363542689807,25.97418187378655,0.0,2257.0445578700064,-7.837993633361737,1.2321428297979953,8.255788996352803e-19,-0.7838993633361737
P,0.25,1,0.9889979732326983,0.7797178525206998,0.2652873182075016,0.7797178525206998,0.9889979732326983,34.65549554072225,0.0,3294.6277574388437,-1.1941805071517655,1.2279540349223306,8.255788996352803e-19,-0.11951805071517654
P,0.25,1,0.9260177932053476,0.8469090900940904,0.7598725768499134,0.8469090900940904,0.9260177932053476,33.089649267819276,0.0,3561.87436369826,0.6709504396781921,1.215392690291323,8.255788996352803e-19,0.06699504396781922
P,0.25,1,0.9608542677437403,0.9206736125647403,0.14825420607534823,0.9206736125647403,0.9608542677437403,29.966350449228308,0.0,2930.192129436531,-2.903601654402823,1.2290628742659115,8.255788996352803e-19,-0.2904601654402823
P,0.25,1,0.9177490504049906,0.9365045379370103,0.10008849747180548,0.9365045379370103,0.9177490504049906,34.71006985176626,0.0,3304.915547177072,-1.291238215030933,1.2264288690539564,8.255788996352803e-19,-0.12922382150309328
P,0.25,1,0.8491091817363434,0.7692922455192549,0.5667299851010879,0.7692922455192549,0.8491091817363434,44.48010363952575,0.0,4229.538372557352,2.613712115604278,1.2153396340043647,8.255788996352803e-19,0.2612712115604278
P,0.25,1,0.9567832252350692,0.7066819269703055,0.751598993767194,0.7066819269703055,0.9567832252350692,22.562290097754854,0.0,2300.5240299420816,-6.851347407139269,1.2297512268172939,8.255788996352803e-19,-0.6852347407139269
P,0.25,1,0.9749632639056741,0.5139214148976667,0.7279229346609399,0.5139214148976667,0.9749632639056741,29.65832958567347,0.0,2747.616083679073,-4.649911192256362,1.227750805690831,8.255788996352803e-19,-0.4650911192256363
P,0.25,1,0.9405721876612451,0.8540453120459311,0.8261676780848721,0.8540453120459311,0.9405721876612451,30.48383697389987,0.0,3364.960384875183,-0.18487915512280734,1.2159466495870803,8.255788996352803e-19,-0.018587915512280735
P,0.25,1,0.7906456908098167,0.8055626882026803,0.1769529829474883,0.8055626882026803,0.7906456908098167,25.83641726660757,0.0,2176.311063831163,-8.820924576979026,1.2366364048221545,8.255788996352803e-19,-0.8821924576979026
P,0.25,1,0.9659774788877296,0.7476872736038094,0.7593148764472338,0.7476872736038094,0.9659774788877296,34.05505588429354,0.0,3564.41020943182,0.5985409806578565,1.2169439724426636,8.255788996352803e-19,0.05975409806578565
P,0.25,1,0.969000611945049,0.8817980128054811,0.5738506814305738,0.8817980128054811,0.969000611945049,27.414620316023196,0.0,2930.244542685443,-2.5709229828418216,1.2241826060679077,8.255788996352803e-19,-0.25719229828418216
P,0.25,1,0.9180948533148309,0.9260855849584982,0.6693010988588345,0.9260855849584982,0.9180948533148309,24.606586918538476,0.0,2680.6797039856333,-4.255328560119413,1.2245012279171599,8.255788996352803e-19,-0.4256328560119413
P,0.25,1,0.9946174582227115,0.9490647844705187,0.580984261118531,0.9490647844705187,0.9946174582227115,30.511550877208183,0.0,3408.4062529024113,0.5550723135452406,1.218850017433535,8.255788996352803e-19,0.05540723135452406
P,0.25,1,0.18481018375762248,0.8590282372144442,0.9612212616376953,0.8590282372144442,0.18481018375762248,28.78601283024964,0.0,2194.1404981957576,-12.439165418101645,1.2210163547367205,8.255788996352803e-19,-1.2440165418101645
P,0.25,1,0.9393140592156874,0.6913297052419707,0.4852308703159221,0.6913297052419707,0.9393140592156874,33.7036528957668,0.0,3156.783892382338,-2.3641042711494142,1.226082747030118,8.255788996352803e-19,-0.2365104271149414
P,0.25,1,0.9661399960835433,0.7584671259544347,0.9860969848778758,0.7584671259544347,0.9661399960835433,30.42576527079199,0.0,3373.6934588764316,-0.1124714018024496,1.214407504407463,8.255788996352803e-19,-0.01134714018024496
P,0.25,1,0.9874294385560047,0.9754353905537066,0.9249072123477441,0.9754353905537066,0.9874294385560047,25.426336272420592,0.0,3083.3481051610665,-1.038044136875122,1.2160634472530334,8.255788996352803e-19,-0.1039044136875122
P,0.25,1,0.9686061142628035,0.919869997482028,0.27867059655924786,0.919869997482028,0.9686061142628035,34.64398303419345,0.0,3512.573204271556,0.3874826016993558,1.2237985314335835,8.255788996352803e-19,0.038648260169935576
P,0.25,1,0.9958669444076458,0.9010540366738896,0.6151616582279348,0.9010540366738896,0.9958669444076458,35.426504094541045,0.0,3904.8896202657065,3.0474366338016,1.2147371856006384,8.255788996352803e-19,0.30464366338016
P,0.25,1,0.06442872793110566,0.7403225144369332,0.7852820436177241,0.7403225144369332,0.06442872793110566,34.22709924330623,0.0,2049.1631929574964,-14.582761585209505,1.2257171433340428,8.255788996352803e-19,-1.4583761585209505
P,0.25,1,0.9802303546796133,0.9051344676958999,0.8086615124675797,0.9051344676958999,0.9802303546796133,29.999495603697635,0.0,3434.485622214785,0.6684805923186239,1.2151601129215899,8.255788996352803e-19,0.06674805923186239
P,0.25,1,0.10758509580185471,0.7400878820917923,0.24685213457613264,0.7400878820917923,0.10758509580185471,22.025961999592923,0.0,1069.4695333506695,-20.770179446345573,1.2459445813143193,8.255788996352803e-19,-2.0771179446345576
P,0.25,1,0.8895843034928533,0.8502322916936854,0.9441584520406358,0.8502322916936854,0.8895843034928533,32.64511684673028,0.0,3610.379876804613,0.8872454286933288,1.211456756796911,8.255788996352803e-19,0.08862454286933288
P,0.25,1,0.08929231540642968,0.940935608634816,0.9624330154966576,0.940935608634816,0.08929231540642968,31.92471645393704,0.0,2412.6217460382077,-11.518954178062229,1.2170218950772398,8.255788996352803e-19,-1.1519954178062228
P,0.25,1,0.9533906642588994,0.8487404528606844,0.7649930611739421,0.8487404528606844,0.9533906642588994,31.12143353346464,0.0,3399.4372066734377,0.020343778864162186,1.2168196760044074,8.255788996352803e-19,0.0019343778864162186
P,0.25,1,0.6570478398670173,0.8706014539167533,0.7634034822396825,0.8706014539167533,0.6570478398670173,29.23224351591527,0.0,2790.7307204833605,-5.59051914896551,1.2208571922172708,8.255788996352803e-19,-0.559151914896551
P,0.25,1,0.022360261667333403,0.7898212563799776,0.8889206272299292,0.7898212563799776,0.022360261667333403,29.36856503489711,0.0,1845.2883679372883,-15.920331489529495,1.225502575320632,8.255788996352803e-19,-1.5921331489529496
P,0.25,1,0.9856302743119956,0.5409293377723678,0.1302861204845398,0.5409293377723678,0.9856302743119956,25.767235238551358,0.0,2050.6888593835592,-8.903551386564173,1.2424820331421242,8.255788996352803e-19,-0.8904551386564172
P,0.25,1,0.963890765953598,0.9753443762498308,0.5325043923963644,0.9753443762498308,0.963890765953598,30.13459067632269,0.0,3323.0729092272472,-0.11147351027297624,1.2200061083961151,8.255788996352803e-19,-0.011247351027297623
P,0.25,1,0.9285716951442944,0.908784706742629,0.8914925188756574,0.908784706742629,0.9285716951442944,29.08284079184704,0.0,3319.955560537502,-0.2834838481545916,1.2145242649367334,8.255788996352803e-19,-0.02844838481545916
P,0.25,1,0.9311979403116623,0.797378156228219,0.9061514823032147,0.797378156228219,0.9311979403116623,31.419464831701106,0.0,3427.3166594681907,-0.030535636013218303,1.2146523325511536,8.255788996352803e-19,-0.00315356360132183
P,0.25,1,0.388938981027921,0.8635563421916812,0.6125034584555646,0.8635563421916812,0.388938981027921,30.456683805435624,0.0,2373.7133054522387,-10.129496920719319,1.226061763998568,8.255788996352803e-19,-1.0130496920719319
P,0.25,1,0.8136844897007272,0.6756915408951463,0.801843728445607,0.6756915408951463,0.8136844897007272,47.293498611584226,0.0,4469.940043204384,3.393383791038366,1.2106235862931458,8.255788996352803e-19,0.3392383791038366
P,0.25,1,0.8501179794132214,0.8241854068376088,0.46004158724889116,0.8241854068376088,0.8501179794132214,47.73803103267322,0.0,4545.434339757795,4.119958745636098,1.2146315738116384,8.255788996352803e-19,0.3916
P,0.25,1,0.9660683137359126,0.930212139433256,0.9382904906994904,0.930212139433256,0.9660683137359126,28.98895783927131,0.0,3428.561292314684,0.7306595830269893,1.2126393360318801,8.255788996352803e-19,0.07296595830269893
P,0.25,1,0.880612274402468,0.2208383806412696,0.06166617641890615,0.2208383806412696,0.880612274402468,20.459755595002925,0.0,1158.3124325577662,-17.57966146485519,1.2550528244006467,8.255788996352803e-19,-1.758066146485519
P,0.25,1,0.9803211958186143,0.8471331756430172,0.7598725768499134,0.8471331756430172,0.9803211958186143,31.88841314072115,0.0,3519.50926627163,0.8731395888313913,1.2159845946917631,8.255788996352803e-19,0.08721395888313913
P,0.25,1,0.9483205217354632,0.8266358710919998,0.8493580317366096,0.8266358710919998,0.9483205217354632,31.84816291081958,0.0,3502.717342027501,0.5590590783357546,1.214670646574013,8.255788996352803e-19,0.05580590783357546
P,0.25,1,0.9884261647198415,0.8579605104934802,0.8173795323431888,0.8579605104934802,0.9884261647198415,29.499729694275633,0.0,3326.2072730392015,-0.03063520772451695,1.2166451662790987,8.255788996352803e-19,-0.003163520772451695
P,0.25,1,0.9561759524457373,0.9736095165119044,0.13526881047950123,0.9736095165119044,0.9561759524457373,26.94352429555915,0.0,2690.876545443507,-4.102394959595139,1.2301788404804122,8.255788996352803e-19,-0.4103394959595139
P,0.25,1,0.9893112685311234,0.8055626882026803,0.16126703793563957,0.8055626882026803,0.9893112685311234,28.196858450932204,0.0,2644.1709408011925,-4.647008068046588,1.2331835367435984,8.255788996352803e-19,-0.46480080680465885
P,0.25,1,0.5843554459735376,0.475499233264135,0.41930458485151334,0.475499233264135,0.5843554459735376,25.95005425489738,0.0,1647.1887395818233,-14.2829149062231,1.2420447039624576,8.255788996352803e-19,-1.4283914906223099
P,0.25,1,0.1706847534242052,0.5139214148976667,0.759286153092831,0.5139214148976667,0.1706847534242052,31.30084866767866,0.0,1665.5952279156777,-16.81057032870713,1.2333255556283538,8.255788996352803e-19,-1.681157032870713
P,0.25,1,0.899004207570065,0.8014463716835092,0.9231292268436135,0.8014463716835092,0.899004207570065,34.5369225950942,0.0,3733.467567942365,1.3986086067045425,1.211491124066933,8.255788996352803e-19,0.13976086067045426
P,0.25,1,0.8621297285110624,0.9922222927076824,0.3724443778740061,0.9922222927076824,0.8621297285110624,41.518193978179355,0.0,4236.047794205823,3.556826978839666,1.2152439111969717,8.255788996352803e-19,0.35558269788396657
P,0.25,1,0.8773543052500994,0.811773110248389,0.6033646185127294,0.811773110248389,0.8773543052500994,32.470166655010814,0.0,3232.096177060315,-1.8145688481505402,1.2213457197798032,8.255788996352803e-19,-0.181556884815054
P,0.25,1,0.9652708363062557,0.8851522794329001,0.42941706458539597,0.8851522794329001,0.9652708363062557,27.580775133757317,0.0,2847.8965802986113,-3.177829431456478,1.2273288688186075,8.255788996352803e-19,-0.3178829431456478
P,0.25,1,0.9715273185230155,0.9643395845159224,0.8505376969799333,0.9643395845159224,0.9715273185230155,29.812243343027255,0.0,3519.5376795250627,1.3239303032022145,1.2128586945259339,8.255788996352803e-19,0.13229303032022147
P,0.25,1,0.5346640449674643,0.19413644785850115,0.3222663456412903,0.19413644785850115,0.5346640449674643,28.946109512838557,0.0,1288.0058672484322,-17.699519990801743,1.2501683144929372,8.255788996352803e-19,-1.7700519990801744
P,0.25,1,0.9230500336240129,0.9104725525190395,0.9116844885126015,0.9104725525190395,0.9230500336240129,31.004675224063718,0.0,3549.050651796283,0.9936794591245006,1.2119494638562467,8.255788996352803e-19,0.09926794591245006
P,0.25,1,0.9732651060841583,0.6913297052419707,0.9008089493641966,0.6913297052419707,0.9732651060841583,29.485179157183474,0.0,3118.0566432633855,-1.8063272765759304,1.2191316498178228,8.255788996352803e-19,-0.18073272765759302
P,0.25,1,0.9912255098087838,0.9142386709517857,0.2081899900482861,0.9142386709517857,0.9912255098087838,28.53484027359987,0.0,2867.1225050681887,-2.9711930694037996,1.2292546202703212,8.255788996352803e-19,-0.29721930694037996
P,0.25,1,0.961228404853222,0.9458466230026217,0.9220092589941539,0.9458466230026217,0.961228404853222,27.98987665423185,0.0,3314.112875835194,0.06709995382450695,1.213844837025249,8.255788996352803e-19,0.006609995382450695
P,0.25,1,0.9748345190094886,0.6936882818495983,0.7350167037930241,0.6936882818495983,0.9748345190094886,31.78804817107428,0.0,3236.0728180801434,-1.31788132803568,1.2209396287868155,8.255788996352803e-19,-0.13188813280356798
P,0.25,1,0.6601954986165626,0.8780777260423391,0.7988011233647215,0.8780777260423391,0.6601954986165626,29.864351001802337,0.0,2893.3685041143403,-4.918878603080143,1.219165615475481,8.255788996352803e-19,-0.4919878603080143
P,0.25,1,0.9105675778489942,0.9851174744042994,0.7059128484834558,0.9851174744042994,0.9105675778489942,30.72653152574627,0.0,3454.647660881246,0.4227951877438072,1.2154162908166237,8.255788996352803e-19,0.04217951877438072
P,0.25,1,0.9614003317497212,0.8514660049738585,0.8930313589617651,0.8514660049738585,0.9614003317497212,30.241845979061143,0.0,3416.394147095799,0.32073357623587306,1.214445447845867,8.255788996352803e-19,0.03197335762358731
P,0.25,1,0.6140370195546253,0.7722963755918828,0.971228309635133,0.7722963755918828,0.6140370195546253,24.51119891131679,0.0,2294.183937436078,-9.08560169787876,1.2236919830586834,8.255788996352803e-19,-0.9086601697878759
P,0.25,1,0.9931464855166577,0.9109332222196236,0.8426808248744557,0.9109332222196236,0.9931464855166577,28.68584709234179,0.0,3335.3322996376173,0.2553991054663661,1.2155176283295206,8.255788996352803e-19,0.025439910546636614
P,0.25,1,0.6718626245190523,0.8846104510692205,0.9919365022787963,0.8846104510692205,0.6718626245190523,27.484596575378117,0.0,2820.5260929871934,-5.10786554829095,1.2167723645670148,8.255788996352803e-19,-0.5108865548290951
P,0.25,1,0.9925636493694987,0.8487404528606844,0.7649930611739421,0.8487404528606844,0.9925636493694987,31.12143353346464,0.0,3460.393179294783,0.659444989528559,1.216447427114992,8.255788996352803e-19,0.0658444989528559
P,0.25,1,0.9354471476128872,0.9499504437351518,0.9097124580765946,0.9499504437351518,0.9354471476128872,26.480321475307168,0.0,3098.5336748822974,-1.397703699411778,1.216083064031523,8.255788996352803e-19,-0.1398703699411778
P,0.25,1,0.9445632202648233,0.626528601379404,0.3204433070228331,0.626528601379404,0.9445632202648233,33.519270607243,0.0,2901.6182439854156,-4.152569994399689,1.2321623745789096,8.255788996352803e-19,-0.41535699943996895
P,0.25,1,0.9605314913942045,0.9689005230706004,0.7588534224258733,0.9689005230706004,0.9605314913942045,28.014625636208933,0.0,3234.090642337817,-0.458324745231562,1.2170638638902254,8.255788996352803e-19,-0.0459324745231562
P,0.25,1,0.951447360409238,0.8882009333600559,0.7484064340885337,0.8882009333600559,0.951447360409238,27.830067809696523,0.0,3080.5818833270246,-1.6760504685905722,1.2196297865900136,8.255788996352803e-19,-0.1677050468590572
P,0.25,1,0.9772003912859458,0.9033401718180265,0.8914925188756574,0.9033401718180265,0.9772003912859458,33.73935824570842,0.0,3924.3712244004273,3.4033892775068293,1.2093449991821976,8.255788996352803e-19,0.34023892775068293
P,0.25,1,0.9321347155290641,0.8531119070024282,0.6506625717189314,0.8531119070024282,0.9321347155290641,29.497336162727294,0.0,3112.821303071697,-1.8375197189645822,1.2212932880077032,8.255788996352803e-19,-0.18385197189645822
P,0.25,1,0.9885972138118501,0.9849960714423133,0.9350931894427164,0.9849960714423133,0.9885972138118501,27.04263267910376,0.0,3300.742454624474,0.3149841721460719,1.2134829593073526,8.255788996352803e-19,0.03139841721460719
P,0.25,1,0.9725973839130528,0.9783534712143637,0.9508387067458888,0.9783534712143637,0.9725973839130528,29.127460432710507,0.0,3533.70011216009,1.5496547744323708,1.210866068270677,8.255788996352803e-19,0.1548654774432371
P,0.25,1,0.9754115866728085,0.9790683507335664,0.6161868849171587,0.9790683507335664,0.9754115866728085,30.456683805435624,0.0,3445.5241008571347,0.7565899426228091,1.2174412723688652,8.255788996352803e-19,0.07555899426228091
P,0.25,1,0.9886172138118501,0.9849960714423133,0.9350931894427164,0.9849960714423133,0.9886172138118501,27.04263267910376,0.0,3300.769497257153,0.3152915876422737,1.2134827941396522,8.255788996352803e-19,0.031429158764227375
P,0.25,1,0.9885972138118501,0.9850160714423133,0.9350931894427164,0.9850160714423133,0.9885972138118501,27.04263267910376,0.0,3300.769497257153,0.31520263842354806,1.2134824669319375,8.255788996352803e-19,0.03142026384235481
P,0.25,1,0.9885972138118501,0.9849960714423133,0.9351131894427164,0.9849960714423133,0.9885972138118501,27.04263267910376,0.0,3300.755975940813,0.3150776442528687,1.2134824952428542,8.255788996352803e-19,0.03140776442528687
P,0.25,1,0.9885972138118501,0.9849960714423133,0.9350931894427164,0.9849960714423133,0.9885972138118501,27.044632679103763,0.0,3300.9865686124713,0.31643874236878455,1.2134805955949257,8.255788996352803e-19,0.031543874236878454
P,0.25,1,1.0,0.9999999999999946,0.9999999999999959,0.9999999999999946,1.0,25.72747407993996,0.0,3215.9342599924857,-0.03515535184156659,1.2132843975573515,8.255788996352803e-19,-0.003615535184156659
P,0.25,1,0.99998,0.9999999999999946,0.9999999999999959,0.9999999999999946,0.99998,25.72747407993996,0.0,3215.9085325184055,-0.03545645381508506,1.213284554153034,8.255788996352803e-19,-0.003645645381508506
P,0.25,1,1.0,0.9999799999999945,0.9999999999999959,0.9999799999999945,1.0,25.72747407993996,0.0,3215.9085325184055,-0.03536507239730492,1.2132848731079058,8.255788996352803e-19,-0.003636507239730492
P,0.25,1,1.0,0.9999999999999946,0.9999799999999959,0.9999999999999946,1.0,25.72747407993996,0.0,3215.921396255445,-0.03524402368732333,1.2132848515855987,8.255788996352803e-19,-0.003624402368732333
P,0.25,1,1.0,0.9999999999999946,0.9999999999999959,0.9999999999999946,1.0,25.729474079939962,0.0,3216.184259992486,-0.03363003070976032,1.2132818842462465,8.255788996352803e-19,-0.003463003070976032
P,0.25,1,1.0,1.0,1.0,1.0,1.0,25.774880951960675,0.0,3221.8601189950846,0.0010597414355060391,1.2131999376163134,8.255788996352803e-19,5.974143550603909e-06
P,0.25,1,0.99998,1.0,1.0,1.0,0.99998,25.774880951960675,0.0,3221.8343441141324,0.0007584096286619228,1.2132000946180497,8.255788996352803e-19,-2.4159037133807724e-05
P,0.25,1,1.0,0.99998,1.0,0.99998,1.0,25.774880951960675,0.0,3221.8343441141324,0.0008497014567926498,1.2132004139712482,8.255788996352803e-19,-1.5029854320735018e-05
P,0.25,1,1.0,1.0,0.99998,1.0,1.0,25.774880951960675,0.0,3221.8472315546082,0.0009708943020498947,1.2132003921255372,8.255788996352803e-19,-2.9105697950105345e-06
P,0.25,1,1.0,1.0,1.0,1.0,1.0,25.776880951960678,0.0,3222.1101189950846,0.0025896075821793007,1.2131973919711865,8.255788996352803e-19,0.00015896075821793007
P,0.25,1,1.0,1.0,1.0,1.0,1.0,25.774802851761013,0.0,3221.850356470127,0.000999997610368823,1.213200037095064,8.255788996352803e-19,-2.389631176963336e-10
P,0.25,1,0.99998,1.0,1.0,1.0,0.99998,25.774802851761013,0.0,3221.8245816672747,0.0006986661825921813,1.2132001940963235,8.255788996352803e-19,-3.0133381740781873e-05
P,0.25,1,1.0,0.99998,1.0,0.99998,1.0,25.774802851761013,0.0,3221.8245816672747,0.0007899581586681753,1.2132005134490547,8.255788996352803e-19,-2.1004184133182474e-05
P,0.25,1,1.0,1.0,0.99998,1.0,1.0,25.774802851761013,0.0,3221.8374690687006,0.0009111507661082118,1.2132004916037247,8.255788996352803e-19,-8.884923389178822e-06
P,0.25,1,1.0,1.0,1.0,1.0,1.0,25.776802851761015,0.0,3222.100356470127,0.002529868375214906,1.2131974913175574,8.255788996352803e-19,0.00015298683752149058
P,0.25,1,0.35120432524187856,0.5768886699918635,0.1608254678752412,0.5768886699918635,0.35120432524187856,71.17027762665266,0.0,3588.781636659783,-7.322638639236553,1.2326650225617892,8.255788996352803e-19,-0.7323638639236554
P,0.25,1,0.9686159447370412,0.6467966759608877,0.5137654701079241,0.6467966759608877,0.9686159447370412,114.26874453999628,0.0,10697.241985491715,27.41461597437266,1.1930174903007624,8.255788996352803e-19,0.3916
P,0.25,1,0.8970257614727396,0.48147232254371836,0.5888020879919352,0.48147232254371836,0.8970257614727396,60.66262308628351,0.0,5074.1224631995065,4.8729723891751435,1.216479801306416,8.255788996352803e-19,0.3916
P,0.25,1,0.28384695927476894,0.19324088103163278,0.9394942792026918,0.19324088103163278,0.28384695927476894,190.06197588441972,0.0,8997.866355887569,10.339962542877352,1.2060077773219404,8.255788996352803e-19,0.3916
P,0.25,1,0.7643042709032668,0.3642222885285017,0.7963531028972515,0.3642222885285017,0.7643042709032668,195.958723076408,0.0,14958.539606245087,37.43071958545596,1.182817790325758,8.255788996352803e-19,0.3916
P,0.25,1,0.52109445308958,0.5333473413200728,0.2860457569197973,0.5333473413200728,0.52109445308958,21.737104659834806,0.0,1301.4707460310142,-16.79429315142539,1.246998751086245,8.255788996352803e-19,-1.679529315142539
P,0.25,1,0.14619219946010825,0.5174111673458265,0.4585479170588225,0.5174111673458265,0.14619219946010825,82.22831607146725,0.0,3670.9899460360566,-8.601005419024514,1.2272257782962528,8.255788996352803e-19,-0.8602005419024513
P,0.25,1,0.6943835134224092,0.6123560975097462,0.9928707543855451,0.6123560975097462,0.6943835134224092,110.05983553303005,0.0,9922.85713151515,23.22692621839781,1.1854973701866662,8.255788996352803e-19,0.3916
P,0.25,1,0.8708277127186973,0.11308934576628105,0.0449469024901335,0.11308934576628105,0.8708277127186973,33.87150506531147,0.0,1704.3980624001304,-14.95215862352555,1.253029321298555,8.255788996352803e-19,-1.4953158623525549
P,0.25,1,0.21797213269198645,0.4071587035917476,0.13815060830806736,0.4071587035917476,0.21797213269198645,136.91160004544324,0.0,4752.243672435323,-6.330959509553755,1.2348920005155657,8.255788996352803e-19,-0.6331959509553755
P,0.25,1,0.30712884711399235,0.7755841267968077,0.34548242015078795,0.7755841267968077,0.30712884711399235,11.934024695031642,0.0,749.1310617586018,-22.1934576788984,1.2509968193896792,8.255788996352803e-19,-2.21944576788984
P,0.25,1,0.5596227730483831,0.6949537549567252,0.7652178722819377,0.6949537549567252,0.5596227730483831,207.7880177733876,0.0,17009.376116115844,44.90481998552594,1.168960121682535,8.255788996352803e-19,0.3916
P,0.25,1,0.604301557252686,0.0065974889834210515,0.3854442944609825,0.0065974889834210515,0.604301557252686,226.6023982344401,0.0,9105.124485577708,9.829679625427108,1.224555359871285,8.255788996352803e-19,0.3916
P,0.25,1,0.7430853745782112,0.689203675470586,0.852794027763853,0.689203675470586,0.7430853745782112,42.149416231340766,0.0,3917.1266276004267,0.39095443518278705,1.2127753345379584,8.255788996352803e-19,0.0389954435182787
P,0.25,1,0.029728495531615662,0.7302751564361,0.07877279582357538,0.7302751564361,0.029728495531615662,279.46844893969205,0.0,11170.214866882392,15.079147371230604,1.2094060526375185,8.255788996352803e-19,0.3916
P,0.25,1,0.7841039948284109,0.7906326795323919,0.8735306248362705,0.7906326795323919,0.7841039948284109,248.32629944143036,0.0,24975.442234794933,75.09725457887471,1.137951042545149,8.255788996352803e-19,0.3916
P,0.25,1,0.47195175831275216,0.07831978007161983,0.2606535048114072,0.07831978007161983,0.47195175831275216,241.2202157976014,0.0,8208.703328793035,5.219377088370643,1.2296373390665578,8.255788996352803e-19,0.3916
P,0.25,1,0.10840913750025294,0.9565992126211759,0.49168580370923776,0.9565992126211759,0.10840913750025294,263.98289369051406,0.0,17302.115334723516,40.850382627910356,1.1718908536278076,8.255788996352803e-19,0.3916
P,0.25,1,0.36622421888486856,0.3422548017587893,0.025127170843800284,0.3422548017587893,0.36622421888486856,18.296345365676903,0.0,659.6222271971584,-22.475449560241948,1.2573206911692858,8.255788996352803e-19,-2.247644956024195
P,0.25,1,0.40456632623954275,0.8602682340485879,0.31918347377840794,0.8602682340485879,0.40456632623954275,98.90573394947066,0.0,7044.196418962554,9.076548237690467,1.2077545223500066,8.255788996352803e-19,0.3916
P,0.25,1,0.23582282184275383,0.8877924628541111,0.7296383565649008,0.8877924628541111,0.23582282184275383,215.50010743604506,0.0,16037.889334177724,39.34393116452139,1.1695532952301328,8.255788996352803e-19,0.3916
P,0.25,1,0.2547706002959238,0.42366842579457903,0.5829130160851156,0.42366842579457903,0.2547706002959238,298.34018429826443,0.0,14467.940620166048,27.72574413466591,1.1936545128987393,8.255788996352803e-19,0.3916
P,0.25,1,0.1238734799241667,0.048646697919374204,0.23257973500353712,0.048646697919374204,0.1238734799241667,144.49444975068468,0.0,2086.572429232039,-19.789619601692056,1.2522965977646632,8.255788996352803e-19,-1.9790619601692057
P,0.25,1,0.6236048893814072,0.6085327925113992,0.42019032519487776,0.6085327925113992,0.6236048893814072,254.0403287136964,0.0,18319.26529479957,46.81079887198969,1.1774481109952997,8.255788996352803e-19,0.3916
P,0.25,1,0.6468488875765607,0.11058895645429034,0.5486759830490712,0.11058895645429034,0.6468488875765607,173.62227253851188,0.0,8956.963265972407,12.09009139788528,1.2165492092469614,8.255788996352803e-19,0.3916
P,0.25,1,0.5340508068101463,0.9166086949903056,0.1735565653399858,0.9166086949903056,0.5340508068101463,154.90269358706058,0.0,11907.66270184973,27.270285829742186,1.1937362212202007,8.255788996352803e-19,0.3916
P,0.25,1,0.9222563051986207,0.31233582273637883,0.1111086357036073,0.31233582273637883,0.9222563051986207,288.07587762592703,0.0,18583.00348180019,46.189158507343045,1.1926835960935982,8.255788996352803e-19,0.3916
P,0.25,1,0.4327407772211003,0.14974129762887323,0.6312697381908821,0.14974129762887323,0.4327407772211003,47.55196993313271,0.0,2135.3614957464692,-14.080674371615146,1.238478865822901,8.255788996352803e-19,-1.4081674371615145
P,0.25,1,0.7069432232337349,0.45972854854436895,0.3951470546459319,0.45972854854436895,0.7069432232337349,135.34320284778065,0.0,9232.066412518365,16.754116447197283,1.208536956848234,8.255788996352803e-19,0.3916
P,0.25,1,0.8587876070901819,0.2610980470602486,0.9483329826595832,0.2610980470602486,0.8587876070901819,268.02222712003714,0.0,21362.070308854127,58.49357072242962,1.1629244751229835,8.255788996352803e-19,0.3916
P,0.25,1,0.8071504199235711,0.9377922271155604,0.8980435804987806,0.9377922271155604,0.8071504199235711,62.37177432777686,0.0,6842.072738286382,15.407962995587969,1.1902273901832823,8.255788996352803e-19,0.3916
P,0.25,1,0.4753585320303798,0.996936408274855,0.8325742206761952,0.996936408274855,0.4753585320303798,183.372527955183,0.0,17315.703243862565,48.6159238724659,1.157172814523405,8.255788996352803e-19,0.3916
P,0.25,1,0.018180161504766368,0.20603008836451475,0.6452751237240776,0.20603008836451475,0.018180161504766368,161.51930830255986,0.0,4416.3240148805635,-9.634928612359717,1.229726174438003,8.255788996352803e-19,-0.9635928612359717
P,0.25,1,0.07254035318612845,0.22764638123533554,0.7032523730429301,0.22764638123533554,0.07254035318612845,92.78427971777622,0.0,3023.899619021474,-13.34367549315278,1.2316161156729872,8.255788996352803e-19,-1.334467549315278
P,0.25,1,0.9722800857793642,0.8197224992086457,0.6757462031388652,0.8197224992086457,0.9722800857793642,120.6050247704284,0.0,12843.68549675968,37.320164240620215,1.176537820296122,8.255788996352803e-19,0.3916
P,0.25,1,0.1770117000871289,0.29719641406726327,0.1956268744406255,0.29719641406726327,0.1770117000871289,226.17221047135735,0.0,6468.7689355836055,-2.1957178486787683,1.2320987438519582,8.255788996352803e-19,-0.2196717848678768
P,0.25,1,0.5707668046464887,0.19324088103163278,0.9394942792026918,0.19324088103163278,0.5707668046464887,6.401428368586304,0.0,394.88965692121104,-24.511911561853488,1.2558461280153965,8.255788996352803e-19,-2.451291156185349
P,0.25,1,0.9931989775340877,0.2100506486266706,0.799208924214948,0.2100506486266706,0.9931989775340877,23.295789867255646,0.0,1866.9876014084189,-10.45363801663216,1.2386086434503565,8.255788996352803e-19,-1.045463801663216
P,0.25,1,0.9025061942000894,0.9461553202207647,0.870651754816376,0.9461553202207647,0.9025061942000894,51.22359653249677,0.0,5849.702432218023,12.142217297048079,1.1956473041348366,8.255788996352803e-19,0.3916
P,0.25,1,0.46514457306763535,0.6123560975097462,0.99556222874319,0.6123560975097462,0.46514457306763535,110.05983553303005,0.0,8668.762708483118,16.119247114845717,1.1910876015226222,8.255788996352803e-19,0.3916
P,0.25,1,0.8813850520481203,0.8455521597558846,0.1608254678752412,0.8455521597558846,0.8813850520481203,86.42874113649506,0.0,7810.349030178068,16.503459920691814,1.2068770106951705,8.255788996352803e-19,0.3916
P,0.25,1,0.9838783434094047,0.48147232254371836,0.8334475826082853,0.48147232254371836,0.9838783434094047,128.80635995817158,0.0,12121.15800047799,32.32746050187129,1.1847028482867097,8.255788996352803e-19,0.3916
P,0.25,1,0.14619219946010825,0.7065568014202492,0.7336405340518892,0.7065568014202492,0.14619219946010825,228.64390289643072,0.0,13942.35386333198,29.207378581417593,1.1822444768658669,8.255788996352803e-19,0.3916
P,0.25,1,0.5239034552010703,0.4071587035917476,0.6812026270087013,0.4071587035917476,0.5239034552010703,62.643989234817084,0.0,3983.103643444697,-3.5387355850209103,1.2219731234265612,8.255788996352803e-19,-0.353973558502091
P,0.25,1,0.5596227730483831,0.42040900567939427,0.8988063600078967,0.42040900567939427,0.5596227730483831,59.4782266737278,0.0,4251.0128245398155,-1.3222933031393533,1.2151813186204736,8.255788996352803e-19,-0.13232933031393532
P,0.25,1,0.6379652178123941,0.5333473413200728,0.2860457569197973,0.5333473413200728,0.6379652178123941,253.0834895559356,0.0,16631.829949645176,39.97622587524904,1.1884176970407778,8.255788996352803e-19,0.3916
P,0.25,1,0.6876911799074714,0.4946685910713511,0.3854442944609825,0.4946685910713511,0.6876911799074714,119.69816665246262,0.0,8229.739230330319,13.395389823883129,1.2110025979917514,8.255788996352803e-19,0.3916
P,0.25,1,0.30712884711399235,0.6587611097732868,0.34548242015078795,0.6587611097732868,0.30712884711399235,57.856603727147515,0.0,3293.8666109169462,-7.75854563482455,1.2277390715937289,8.255788996352803e-19,-0.7759545634824551
P,0.25,1,0.3941799286319243,0.6203187905854426,0.8058367482125521,0.6203187905854426,0.3941799286319243,28.880753500319777,0.0,2046.8036839709941,-12.610523753028698,1.2289353994229892,8.255788996352803e-19,-1.2611523753028697
P,0.25,1,0.9579709090247428,0.7453687562508905,0.5209395030512532,0.7453687562508905,0.9579709090247428,153.34815243536366,0.0,15057.327290082112,43.148060254923585,1.1764147663480482,8.255788996352803e-19,0.3916
P,0.25,1,0.656590665263532,0.7542303896692081,0.9959839783607843,0.7542303896692081,0.656590665263532,47.06715930396352,0.0,4492.120381437817,2.990215591639123,1.204677747133527,8.255788996352803e-19,0.29892155916391233
P,0.25,1,0.10840913750025294,0.41284262595501625,0.7478471776762264,0.41284262595501625,0.10840913750025294,137.5612925214041,0.0,6157.0739247390475,0.02840929260707472,1.2144275103513629,8.255788996352803e-19,0.0027409292607074717
P,0.25,1,0.9686159447370412,0.6684884241905871,0.5137654701079241,0.6684884241905871,0.9686159447370412,238.3628017875747,0.0,22572.803632729323,66.60007058240609,1.1572621832422951,8.255788996352803e-19,0.3916
P,0.25,1,0.40456632623954275,0.8039001025519347,0.5102065587433474,0.8039001025519347,0.40456632623954275,99.01886476737874,0.0,7246.050550511952,10.081814351734893,1.203617469625799,8.255788996352803e-19,0.3916
P,0.25,1,0.6206265976993003,0.8807185446528192,0.7296383565649008,0.8807185446528192,0.6206265976993003,139.39844884038152,0.0,13007.020578886171,34.4028794779604,1.1753781062497095,8.255788996352803e-19,0.3916
P,0.25,1,0.39569347244355896,0.3422548017587893,0.9789512950775251,0.3422548017587893,0.39569347244355896,55.351876655955245,0.0,3397.0108760391413,-6.791601553970948,1.219638370365245,8.255788996352803e-19,-0.6792601553970948
P,0.25,1,0.8769135115790287,0.8707740735176325,0.9943200144908849,0.8707740735176325,0.8769135115790287,279.46844893969205,0.0,31368.203736892494,97.98726684134287,1.113133634546899,8.255788996352803e-19,0.3916
P,0.25,1,0.9512317528200075,0.31233582273637883,0.7490752150419338,0.31233582273637883,0.9512317528200075,70.12112954174151,0.0,5743.289287278263,7.296950708710302,1.2137453863570271,8.255788996352803e-19,0.3916
P,0.25,1,0.5792976498718101,0.10265032752964842,0.5829130160851156,0.10265032752964842,0.5792976498718101,228.78722133991397,0.0,11135.12537322726,18.229557123370913,1.2102052558337737,8.255788996352803e-19,0.3916
P,0.25,1,0.6236048893814072,0.467502466808689,0.7469488508225088,0.467502466808689,0.6236048893814072,254.0403287136964,0.0,18603.141861304914,47.87353012457705,1.17191752152112,8.255788996352803e-19,0.3916
P,0.25,1,0.8905394136896008,0.8334045215330708,0.5486759830490712,0.8334045215330708,0.8905394136896008,173.62227253851188,0.0,17347.312464724313,50.94868936273834,1.1666171370675007,8.255788996352803e-19,0.3916
P,0.25,1,0.1238734799241667,0.8691652833044264,0.9472622029226171,0.8691652833044264,0.1238734799241667,144.49444975068468,0.0,10596.282753213924,20.92679360504404,1.1810585057801681,8.255788996352803e-19,0.3916
P,0.25,1,0.7069432232337349,0.45972854854436895,0.38479807779178665,0.45972854854436895,0.7069432232337349,77.89740409409525,0.0,5293.404406578098,2.8275005194703495,1.2218738602105879,8.255788996352803e-19,0.28265005194703496
P,0.25,1,0.5340508068101463,0.9113441605717914,0.1735565653399858,0.9113441605717914,0.5340508068101463,125.40900469263612,0.0,9607.416115284705,19.43095403591385,1.2009470579396229,8.255788996352803e-19,0.3916
P,0.25,1,0.7790500438949068,0.996936408274855,0.8325742206761952,0.996936408274855,0.7790500438949068,91.95815383796685,0.0,10079.87147580027,27.64891567886943,1.1775415564881264,8.255788996352803e-19,0.3916
P,0.25,1,0.8039868409650274,0.4377401394037956,0.9031443638439687,0.4377401394037956,0.8039868409650274,127.91762123756656,0.0,10830.140044190213,25.574658946051922,1.189526724404114,8.255788996352803e-19,0.3916
P,0.25,1,0.5286905054122353,0.4858653486035239,0.687285499754648,0.4858653486035239,0.5286905054122353,62.37177432777686,0.0,4235.662840716049,-1.8779013787741605,1.2187658982818674,8.255788996352803e-19,-0.18789013787741604
P,0.25,1,0.422807518282534,0.14974129762887323,0.968096942399049,0.14974129762887323,0.422807518282534,133.75756011356344,0.0,7066.393757328425,5.391830375487624,1.2111953043602672,8.255788996352803e-19,0.3916
P,0.25,1,0.7763107064534973,0.5813097952541932,0.17544519742120346,0.5813097952541932,0.7763107064534973,68.95690807842733,0.0,4983.319565866667,2.634896747905203,1.2248580130843343,8.255788996352803e-19,0.26338967479052033
P,0.25,1,0.07254035318612845,0.9024306146348827,0.7203310388456059,0.9024306146348827,0.07254035318612845,225.1035778135568,0.0,15027.200007400337,33.921805516702015,1.1738066820034425,8.255788996352803e-19,0.3916
P,0.25,1,0.7694933397627929,0.866699641144658,0.7330409937676035,0.866699641144658,0.7694933397627929,268.02222712003714,0.0,26838.58633004633,80.72340720940643,1.1344940989193655,8.255788996352803e-19,0.3916
P,0.25,1,0.1770117000871289,0.6564680495833423,0.7957883183868902,0.6564680495833423,0.1770117000871289,226.17221047135735,0.0,13925.127944225382,29.34216782407391,1.1818586340103359,8.255788996352803e-19,0.3916
P,0.25,1,0.8602331607650737,0.472824599305402,0.6557768470358968,0.472824599305402,0.8602331607650737,42.149416231340766,0.0,3500.395601496271,-2.1087767133199615,1.2236831072942684,8.255788996352803e-19,-0.21097767133199613
P,0.25,1,0.5681201003683825,0.9151366550582898,0.7963531028972515,0.9151366550582898,0.5681201003683825,29.3001250361733,0.0,2756.3115569333618,-6.28080655384567,1.2196288079311397,8.255788996352803e-19,-0.628180655384567
P,0.25,1,0.8873210378739902,0.4871733595158618,0.832315607583706,0.4871733595158618,0.8873210378739902,86.42874113649506,0.0,7738.190778071433,15.830381486220109,1.1996250532980595,8.255788996352803e-19,0.3916
P,0.25,1,0.6891814489815539,0.3000706965612562,0.9866124140224474,0.3000706965612562,0.6891814489815539,63.26313657824626,0.0,4689.56457714228,1.1624013904306114,1.2135957931468384,8.255788996352803e-19,0.11614013904306116
P,0.25,1,0.4855642881450566,0.6638223539926654,0.5888020879919352,0.6638223539926654,0.4855642881450566,60.66262308628351,0.0,4379.197411027271,-0.7528126689390602,1.2163154448763223,8.255788996352803e-19,-0.07538126689390602
P,0.25,1,0.7601886503985582,0.6004806125580734,0.5132770627181484,0.6004806125580734,0.7601886503985582,78.5859113388857,0.0,6354.880346589142,9.047976206716173,1.2104964861997654,8.255788996352803e-19,0.3916
P,0.25,1,0.48527622194429165,0.820521386805904,0.99556222874319,0.820521386805904,0.48527622194429165,76.31617379760112,0.0,6882.111364570905,11.674119322811297,1.1915499140687384,8.255788996352803e-19,0.3916
P,0.25,1,0.8055605620981224,0.7065568014202492,0.7336405340518892,0.7065568014202492,0.8055605620981224,228.64390289643072,0.0,21480.381657331214,62.576387841109735,1.1543682716206212,8.255788996352803e-19,0.3916
P,0.25,1,0.667107653054499,0.8724776143636541,0.9346927388805438,0.8724776143636541,0.667107653054499,115.74854386027098,0.0,11614.970729673645,31.05997903860025,1.1740273412307956,8.255788996352803e-19,0.3916
P,0.25,1,0.6247756692185309,0.6015283120773034,0.8525333952671496,0.6015283120773034,0.6247756692185309,81.077580703106,0.0,6699.321629424291,10.147753910901987,1.2011185333942815,8.255788996352803e-19,0.3916
P,0.25,1,0.5078718359051171,0.7302751564361,0.2189582245647015,0.7302751564361,0.5078718359051171,33.741789621993014,0.0,2273.565825565719,-10.675843309843865,1.2361374114543702,8.255788996352803e-19,-1.0676843309843864
P,0.25,1,0.9544378786105757,0.6587611097732868,0.7925295302829394,0.6587611097732868,0.9544378786105757,57.856603727147515,0.0,5813.0374045890785,10.357092610586545,1.20387448124996,8.255788996352803e-19,0.3916
P,0.25,1,0.7909158601398452,0.9412230268012041,0.5137654701079241,0.9412230268012041,0.7909158601398452,16.510150764181365,0.0,1641.9523426177097,-12.116350118222718,1.2387783290248495,8.255788996352803e-19,-1.2117350118222716
P,0.25,1,0.7433845655505118,0.7496187694438625,0.976510784131815,0.7496187694438625,0.7433845655505118,207.7880177733876,0.0,20584.091179604053,60.77566975574003,1.1491407556612996,8.255788996352803e-19,0.3916
P,0.25,1,0.7841039948284109,0.7906326795323919,0.9912044449415041,0.7906326795323919,0.7841039948284109,36.87722728126472,0.0,3817.417902385006,0.9652128849914084,1.2092681431650105,8.255788996352803e-19,0.09642128849914085
P,0.25,1,0.656590665263532,0.4760457781762678,0.9959839783607843,0.4760457781762678,0.656590665263532,50.83782913567221,0.0,4144.880482065715,-0.2157849978180781,1.2122640575783117,8.255788996352803e-19,-0.02167849978180781
P,0.25,1,0.5239034552010703,0.6390504880839908,0.6812026270087013,0.6390504880839908,0.5239034552010703,173.575272009058,0.0,13049.00063389356,30.475252048626984,1.1849887282820215,8.255788996352803e-19,0.3916
P,0.25,1,0.6206265976993003,0.8807185446528192,0.14073662017322097,0.8807185446528192,0.6206265976993003,68.48186313546124,0.0,5381.693276903618,4.7752541597100855,1.2169682758047742,8.255788996352803e-19,0.3916
P,0.25,1,0.9635404582481761,0.8124988535762532,0.18348690121309774,0.8124988535762532,0.9635404582481761,25.15408748925745,0.0,2349.1185508557896,-6.482191550756621,1.2353148415899071,8.255788996352803e-19,-0.6483191550756622
P,0.25,1,0.7113625693231735,0.10265032752964842,0.712555285614924,0.10265032752964842,0.7113625693231735,91.96418174068629,0.0,5381.24059393621,1.369229946833385,1.2229666545817122,8.255788996352803e-19,0.13682299468333853
P,0.25,1,0.17521326074223853,0.8982104575930512,0.7537547485706997,0.8982104575930512,0.17521326074223853,98.20270360882543,0.0,7121.174417109019,8.872164220162258,1.1962697868921293,8.255788996352803e-19,0.3916
P,0.25,1,0.9023881565930167,0.8356767174720876,0.7478471776762264,0.8356767174720876,0.9023881565930167,229.80973115952645,0.0,24267.775043590496,74.47056361952168,1.1408380657039547,8.255788996352803e-19,0.3916
P,0.25,1,0.6316130781250396,0.7947499847997026,0.5543384711136022,0.7947499847997026,0.6316130781250396,120.09062772077479,0.0,10228.913153363143,23.349651792613937,1.191392258921123,8.255788996352803e-19,0.3916
P,0.25,1,0.6236048893814072,0.6085327925113992,0.9142202577526456,0.6085327925113992,0.6236048893814072,228.9274436823593,0.0,19335.75915326993,53.0055725916587,1.16029694697316,8.255788996352803e-19,0.3916
P,0.25,1,0.5442429746750281,0.5961369918153514,0.016434867359653937,0.5961369918153514,0.5442429746750281,117.14692648024638,0.0,6727.732759657065,5.785728259927162,1.223217502967852,8.255788996352803e-19,0.3916
P,0.25,1,0.5387782610504033,0.2610980470602486,0.8407824532618123,0.2610980470602486,0.5387782610504033,84.96135948032533,0.0,5183.7794340673945,0.6219712474638525,1.2168179825922958,8.255788996352803e-19,0.06209712474638525
P,0.25,1,0.6479264214062208,0.8691652833044264,0.7047313041926646,0.8691652833044264,0.6479264214062208,144.49444975068468,0.0,13506.310605209695,36.194843675126016,1.174682681701007,8.255788996352803e-19,0.3916
P,0.25,1,0.9728156740466721,0.5168131590447376,0.1735565653399858,0.5168131590447376,0.9728156740466721,125.40900469263612,0.0,9884.782368901335,21.820381321593562,1.20879356632954,8.255788996352803e-19,0.3916
P,0.25,1,0.7069432232337349,0.9141974466878967,0.5883133729431373,0.9141974466878967,0.7069432232337349,58.072341582379124,0.0,5561.290115614682,8.051579834508848,1.204415087531534,8.255788996352803e-19,0.3916
P,0.25,1,0.6674083960352075,0.8075558835781451,0.776686383017506,0.8075558835781451,0.6674083960352075,102.2472968541355,0.0,9525.907606517521,22.416152237007957,1.1870510159292926,8.255788996352803e-19,0.3916
P,0.25,1,0.8071504199235711,0.7356667214160656,0.9356925824754673,0.7356667214160656,0.8071504199235711,42.74072294088413,0.0,4296.860434957823,3.1640652991836973,1.2078037580947825,8.255788996352803e-19,0.3163065299183697
P,0.25,1,0.7904306722462991,0.4377401394037956,0.5091855850494778,0.4377401394037956,0.7904306722462991,89.27685486221209,0.0,6618.823554244355,8.92403281890645,1.2139928858163282,8.255788996352803e-19,0.3916
P,0.25,1,0.5838254568210636,0.6564680495833423,0.7957883183868902,0.6564680495833423,0.5838254568210636,19.911395445309843,0.0,1630.9301211673908,-13.956993677521247,1.235262794197352,8.255788996352803e-19,-1.3957993677521245
P,0.25,1,0.7790500438949068,0.5744048969577337,0.8747814288804843,0.5744048969577337,0.7790500438949068,84.41274820815775,0.0,7558.510168995568,14.889294756864395,1.1973232822466293,8.255788996352803e-19,0.3916
P,0.25,1,0.07254035318612845,0.907164296943171,0.7203310388456059,0.907164296943171,0.07254035318612845,136.35178272997962,0.0,9134.684312257461,14.631019233050385,1.1910523649151208,8.255788996352803e-19,0.3916
P,0.25,1,0.7763107064534973,0.6877866119393714,0.865527528124266,0.6877866119393714,0.7763107064534973,146.16496239859802,0.0,13862.731439619962,37.90717947824282,1.1737408984409474,8.255788996352803e-19,0.3916
P,0.25,1,0.9186096766951979,0.9718965214417357,0.13199166892996228,0.9718965214417357,0.9186096766951979,11.10883333666739,0.0,1086.722750151283,-15.551234746195082,1.2473726856219423,8.255788996352803e-19,-1.5552234746195082
P,0.25,1,0.7023367988325414,0.8156608691039969,0.6156280515440129,0.8156608691039969,0.7023367988325414,71.54441944243992,0.0,6531.331881879788,11.23178880163902,1.2017805214148036,8.255788996352803e-19,0.3916
P,0.25,1,0.48527622194429165,0.03967955801040235,0.8645365046310621,0.03967955801040235,0.48527622194429165,79.47349733993165,0.0,3803.697079117319,-6.887665395741312,1.2276798291219102,8.255788996352803e-19,-0.6888665395741312
P,0.25,1,0.22870627335582117,0.48147232254371836,0.740226819432874,0.48147232254371836,0.22870627335582117,202.1897853851946,0.0,10921.200438441787,18.06438007258496,1.1972702149237249,8.255788996352803e-19,0.3916
P,0.25,1,0.42099443245678014,0.6471150859398357,0.9912044449415041,0.6471150859398357,0.42099443245678014,208.73390332719376,0.0,16319.982767490352,41.44808902207574,1.167378027630725,8.255788996352803e-19,0.3916
P,0.25,1,0.14619219946010825,0.002483158449614997,0.41611551742835573,0.002483158449614997,0.14619219946010825,70.49910009204105,0.0,1257.4681847507081,-22.138548958164613,1.2514728276744802,8.255788996352803e-19,-2.213954895816461
P,0.25,1,0.9892791926545735,0.5444362968328972,0.7100654691674093,0.5444362968328972,0.9892791926545735,26.378058761646137,0.0,2491.0755820252125,-5.900453131145839,1.2301632586321103,8.255788996352803e-19,-0.590145313114584
P,0.25,1,0.3714033454528989,0.169454505458285,0.15989649782233717,0.169454505458285,0.3714033454528989,34.74965197728523,0.0,1078.6397957101271,-20.451076212091845,1.2546936299200644,8.255788996352803e-19,-2.0452076212091845
P,0.25,1,0.6928710867860886,0.16602651336000473,0.5132770627181484,0.16602651336000473,0.6928710867860886,43.72404922517583,0.0,2438.7878363197083,-10.52300674612362,1.2389875611342196,8.255788996352803e-19,-1.052400674612362
P,0.25,1,0.7145359329300807,0.5056943016581648,0.1668255751524066,0.5056943016581648,0.7145359329300807,81.077580703106,0.0,5284.811116878954,2.4335556183779,1.2262165916892207,8.255788996352803e-19,0.24325556183779
P,0.25,1,0.9544378786105757,0.7074486679585327,0.8776912161471778,0.7074486679585327,0.9544378786105757,57.856603727147515,0.0,6077.061390401965,12.042312120062006,1.199473475321666,8.255788996352803e-19,0.3916
P,0.25,1,0.925896620141469,0.42025343105891755,0.47357083405026834,0.42025343105891755,0.925896620141469,39.46136941218725,0.0,3123.2400633650436,-3.9538485682029125,1.2309439724097906,8.255788996352803e-19,-0.3954848568202912
P,0.25,1,0.7643042709032668,0.7036374161593503,0.810479831509316,0.7036374161593503,0.7643042709032668,277.93754050626956,0.0,26031.374380431265,76.42787761617171,1.1400912100184188,8.255788996352803e-19,0.3916
P,0.25,1,0.9686159447370412,0.6467966759608877,0.9516312307442982,0.6467966759608877,0.9686159447370412,14.648059824340098,0.0,1531.621815415186,-12.310775685134576,1.2377107318624756,8.255788996352803e-19,-1.2311775685134576
P,0.25,1,0.656590665263532,0.3628865863034004,0.6583309625486375,0.3628865863034004,0.656590665263532,30.68414138656035,0.0,2069.0972147229045,-11.488667086589661,1.2356373723460412,8.255788996352803e-19,-1.148966708658966
P,0.25,1,0.6812352831273749,0.5882037546513846,0.7051115744908424,0.5882037546513846,0.6812352831273749,272.5099156771141,0.0,22100.48364980275,60.853803407349616,1.1587964859362467,8.255788996352803e-19,0.3916
P,0.25,1,0.7939507194710248,0.9686706070368993,0.4819851060239342,0.9686706070368993,0.7939507194710248,279.46844893969205,0.0,27997.34315917315,84.38627422689348,1.134949129019973,8.255788996352803e-19,0.3916
P,0.25,1,0.7308386922581782,0.39807420899004653,0.8942211457683245,0.39807420899004653,0.7308386922581782,55.74596543271198,0.0,4392.847505506334,0.771061580728472,1.214850605915369,8.255788996352803e-19,0.07700615807284719
P,0.25,1,0.9635404582481761,0.5887874861439939,0.8921496277655696,0.5887874861439939,0.9635404582481761,25.15408748925745,0.0,2513.3998910210807,-5.718213864436746,1.2263922538269307,8.255788996352803e-19,-0.5719213864436746
P,0.25,1,0.4462335688531449,0.9391310925357617,0.5146502286015212,0.9391310925357617,0.4462335688531449,35.17308310742262,0.0,2888.9232000023044,-6.651214312646383,1.2222960946684074,8.255788996352803e-19,-0.6652214312646383
P,0.25,1,0.3907914255212693,0.7104557744704549,0.8270198682482612,0.7104557744704549,0.3907914255212693,91.96418174068629,0.0,6965.17001874158,9.370375992270114,1.1989918641325028,8.255788996352803e-19,0.3916
P,0.25,1,0.6003957458617708,0.6850447454862877,0.33769116216254114,0.6850447454862877,0.6003957458617708,70.12112954174151,0.0,5098.809103778373,2.6138159376181074,1.2183388665760784,8.255788996352803e-19,0.26128159376181076
P,0.25,1,0.9665523629049048,0.8807185446528192,0.14073662017322097,0.8807185446528192,0.9665523629049048,202.40552173954688,0.0,19407.038317775903,57.011419663563274,1.1699518282093677,8.255788996352803e-19,0.3916
P,0.25,1,0.8662859770566105,0.2610980470602486,0.2940480751117578,0.2610980470602486,0.8662859770566105,8.044510259167549,0.0,512.5994363246085,-22.206062536918797,1.2596973598810757,8.255788996352803e-19,-2.22070625369188
P,0.25,1,0.7939507194710248,0.9686706070368993,0.4819851060239342,0.9686706070368993,0.7939507194710248,270.5065906592033,0.0,27099.537977319276,81.66392338991693,1.1373840957599965,8.255788996352803e-19,0.3916
P,0.25,1,0.7131679054202412,0.8439624247718515,0.1735565653399858,0.8439624247718515,0.7131679054202412,40.91036948209956,0.0,3362.645437349685,-3.0649185931504284,1.227309153194511,8.255788996352803e-19,-0.30659185931504285
P,0.25,1,0.34952680340674264,0.8196004870805649,0.5486759830490712,0.8196004870805649,0.34952680340674264,95.66382260387812,0.0,6904.370333661894,8.525406690391083,1.2036599581035696,8.255788996352803e-19,0.3916
P,0.25,1,0.7069432232337349,0.829945369388231,0.38479807779178665,0.829945369388231,0.7069432232337349,77.89740409409525,0.0,6735.350871363379,11.332618001023748,1.20638456231423,8.255788996352803e-19,0.3916
P,0.25,1,0.8366450556697544,0.8287379787753028,0.568605204914681,0.8287379787753028,0.8366450556697544,133.75756011356344,0.0,13039.259689026187,35.912978762871944,1.1796227426604373,8.255788996352803e-19,0.3916
P,0.25,1,0.1238734799241667,0.7216803233236965,0.7799709862022789,0.7216803233236965,0.1238734799241667,194.14902060511673,0.0,11993.937215264696,23.103229532157776,1.186228362690581,8.255788996352803e-19,0.3916
P,0.25,1,0.569191152993265,0.7805737973897204,0.52763882866806,0.7805737973897204,0.569191152993265,89.27685486221209,0.0,7202.786856838786,11.66430010175949,1.2030144894754342,8.255788996352803e-19,0.3916
P,0.25,1,0.704578632798803,0.7420186926990205,0.8019484168805356,0.7420186926990205,0.704578632798803,168.6877076733871,0.0,15583.13034113101,42.97627560916482,1.1692525384944892,8.255788996352803e-19,0.3916
P,0.25,1,0.6184657618553896,0.42011286040947876,0.9356925824754673,0.42011286040947876,0.6184657618553896,42.74072294088413,0.0,3219.284492963003,-5.248571112544999,1.220361462175373,8.255788996352803e-19,-0.5249571112545
P,0.25,1,0.5306700865234872,0.9072558389086676,0.8871189907287638,0.9072558389086676,0.5306700865234872,41.35549733094375,0.0,3890.488264898038,-0.37654716901256496,1.2080254615497694,8.255788996352803e-19,-0.037754716901256494
P,0.25,1,0.4769821987326539,0.9984507933219775,0.7957883183868902,0.9984507933219775,0.4769821987326539,48.76322285813666,0.0,4567.473468125411,2.6734085299993864,1.203556741445046,8.255788996352803e-19,0.26724085299993866
P,0.25,1,0.4202862967386102,0.6067202380187577,0.7203310388456059,0.6067202380187577,0.4202862967386102,166.20232318659393,0.0,11527.560903213205,23.934468950944375,1.190328150633487,8.255788996352803e-19,0.3916
P,0.25,1,0.8873210378739902,0.4639537330565664,0.9937971700171331,0.4639537330565664,0.8873210378739902,29.642440652227297,0.0,2739.2184509226604,-5.281845117338829,1.223452554830515,8.255788996352803e-19,-0.5282845117338829
P,0.25,1,0.7643042709032668,0.5832275206239926,0.5829877071000249,0.5832275206239926,0.7643042709032668,35.1979819124322,0.0,2884.519750472116,-5.521747902141629,1.2274659911868133,8.255788996352803e-19,-0.5522747902141629
P,0.25,1,0.17021627244245163,0.7906326795323919,0.9912044449415041,0.7906326795323919,0.17021627244245163,63.856009848214335,0.0,4650.158026942065,-0.6112317041077806,1.2030914142729519,8.255788996352803e-19,-0.06122317041077806
P,0.25,1,0.8970257614727396,0.09328170236704747,0.43330278660667165,0.09328170236704747,0.8970257614727396,60.66262308628351,0.0,3660.8645115762383,-4.148394525365352,1.235991126270348,8.255788996352803e-19,-0.4149394525365352
P,0.25,1,0.4445503656855313,0.9802191860125764,0.45391269189774897,0.9802191860125764,0.4445503656855313,63.26313657824626,0.0,5224.668052633371,4.134318540540026,1.208119337926502,8.255788996352803e-19,0.3916
P,0.25,1,0.9962888133913169,0.7065568014202492,0.2819483546222844,0.7065568014202492,0.9962888133913169,51.155946589869814,0.0,4716.117340358705,5.032010315678691,1.2200384852108934,8.255788996352803e-19,0.3916
P,0.25,1,0.6929929524560249,0.5926826055345539,0.30600115646573933,0.5926826055345539,0.6929929524560249,162.52257487071662,0.0,11690.867503204438,25.782902329262672,1.1995449826769624,8.255788996352803e-19,0.3916
P,0.25,1,0.27657485972270435,0.723741052803853,0.9346927388805438,0.723741052803853,0.27657485972270435,189.44875162636524,0.0,13902.339356385915,32.23869559887367,1.1748344569093236,8.255788996352803e-19,0.3916
P,0.25,1,0.5239034552010703,0.43201988020003657,0.4053169944599735,0.43201988020003657,0.5239034552010703,80.77235414406448,0.0,4679.069104507897,-1.6291455035652254,1.2253005294248493,8.255788996352803e-19,-0.16301455035652251
P,0.25,1,0.029728495531615662,0.7302751564361,0.4362519265988134,0.7302751564361,0.029728495531615662,27.465719687174417,0.0,1343.251691532527,-19.400382607529718,1.2389937423873811,8.255788996352803e-19,-1.9401382607529718
P,0.25,1,0.7464355927839973,0.9906996353360789,0.5752972074339271,0.9906996353360789,0.7464355927839973,207.7880177733876,0.0,21036.29094185113,62.89125693737866,1.1513851139965343,8.255788996352803e-19,0.3916
P,0.25,1,0.7430853745782112,0.6817845367720907,0.9919999307103156,0.6817845367720907,0.7430853745782112,42.149416231340766,0.0,4048.177197975132,1.2569735869122967,1.2091776715116802,8.255788996352803e-19,0.12559735869122968
P,0.25,1,0.7145359329300807,0.5147739515372864,0.6482422926111127,0.5147739515372864,0.7145359329300807,161.2163253047524,0.0,12521.922119779225,29.70866328740976,1.189771940038314,8.255788996352803e-19,0.3916
P,0.25,1,0.7881249697731789,0.9626657102315356,0.755593108576925,0.9626657102315356,0.7881249697731789,222.3205438012017,0.0,23661.433572817754,72.52767210843999,1.1392592517106612,8.255788996352803e-19,0.3916
P,0.25,1,0.2131341034184343,0.7542303896692081,0.2383995466688037,0.7542303896692081,0.2131341034184343,29.529702209925436,0.0,1604.2959609694524,-16.55341119017494,1.2402462837551622,8.255788996352803e-19,-1.6554411190174942
P,0.25,1,0.2481810966413115,0.6467966759608877,0.9435715433241283,0.6467966759608877,0.2481810966413115,114.26874453999628,0.0,7808.91771430565,10.630287654483041,1.1957560462584564,8.255788996352803e-19,0.3916
P,0.25,1,0.7113625693231735,0.6388992497543237,0.9928525658070025,0.6388992497543237,0.7113625693231735,61.216437602554706,0.0,5652.383348314999,7.760601513630279,1.2008520118747006,8.255788996352803e-19,0.3916
P,0.25,1,0.4302861992904167,0.41284262595501625,0.6046327849967562,0.41284262595501625,0.4302861992904167,84.06210583507391,0.0,4814.426856112977,-1.556248755825856,1.220652658890039,8.255788996352803e-19,-0.15572487558258558
P,0.25,1,0.6525077291430356,0.6587611097732868,0.30623561523663634,0.6587611097732868,0.6525077291430356,295.92736166876927,0.0,21667.60383859864,57.36514091400364,1.1696562200693073,8.255788996352803e-19,0.3916
P,0.25,1,0.610809539265469,0.33785521797700313,0.8936722551596166,0.33785521797700313,0.610809539265469,68.48186313546124,0.0,4778.325029990723,0.6861244135458211,1.2147545262568447,8.255788996352803e-19,0.06851244135458211
P,0.25,1,0.7211966051510433,0.5240318051826238,0.7341500850744207,0.5240318051826238,0.7211966051510433,25.15408748925745,0.0,2027.8011056372964,-10.682959576920192,1.2333118797232052,8.255788996352803e-19,-1.0683959576920192
P,0.25,1,0.8988593606570673,0.39807420899004653,0.9749116048375512,0.39807420899004653,0.8988593606570673,72.10631010329116,0.0,6433.28667036,10.877062992195702,1.2032841118548276,8.255788996352803e-19,0.3916
P,0.25,1,0.7680081226245979,0.8691652833044264,0.2436407513951514,0.8691652833044264,0.7680081226245979,38.18144436492425,0.0,3358.0461605711876,-2.3570199021196783,1.2258975987694523,8.255788996352803e-19,-0.23580199021196782
P,0.25,1,0.9860748120094764,0.3129669414223486,0.12080861335096316,0.3129669414223486,0.9860748120094764,70.12112954174151,0.0,4766.294664289729,1.6902765238024975,1.2332387284427535,8.255788996352803e-19,0.16892765238024976
P,0.25,1,0.6955976990949443,0.1846936686378211,0.6615801821800112,0.1846936686378211,0.6955976990949443,95.66382260387812,0.0,5792.834091783374,3.199203471397077,1.2206422533152768,8.255788996352803e-19,0.31982034713970775
P,0.25,1,0.447552733673511,0.9113441605717914,0.1735565653399858,0.9113441605717914,0.447552733673511,82.69437321151787,0.0,5977.460131123028,5.547742536041488,1.2136872636979683,8.255788996352803e-19,0.3916
P,0.25,1,0.2507496004003896,0.6780636449842621,0.3148370519087488,0.6780636449842621,0.2507496004003896,117.99824849916175,0.0,6408.672324107352,3.2822146347035437,1.2163638591896029,8.255788996352803e-19,0.32812146347035437
P,0.25,1,0.21816495052711282,0.7281513384450904,0.5292037485628333,0.7281513384450904,0.21816495052711282,254.0403287136964,0.0,15381.102411916754,33.80566809188974,1.1826710037183188,8.255788996352803e-19,0.3916
P,0.25,1,0.4699850672469621,0.8194279174328494,0.9694750110852948,0.8194279174328494,0.4699850672469621,156.16419053945324,0.0,13852.938760038223,35.862219491618504,1.1692873538290542,8.255788996352803e-19,0.3916
P,0.25,1,0.6384756872252694,0.9333030448412449,0.968096942399049,0.9333030448412449,0.6384756872252694,112.99951551016171,0.0,11615.373897083657,31.455174766897677,1.1715038265848987,8.255788996352803e-19,0.3916
P,0.25,1,0.07254035318612845,0.907164296943171,0.597676187885517,0.907164296943171,0.07254035318612845,23.902725056319163,0.0,1528.0327842153122,-17.561650775156252,1.23346807930894,8.255788996352803e-19,-1.7562650775156254
P,0.25,1,0.7380021484668889,0.9883705277845523,0.0926687413682793,0.9883705277845523,0.7380021484668889,84.41274820815775,0.0,7481.953679990003,14.674195815698146,1.2063708723308293,8.255788996352803e-19,0.3916
P,0.25,1,0.933248379285423,0.3638672371415224,0.7957883183868902,0.3638672371415224,0.933248379285423,48.76322285813666,0.0,4132.706971764866,1.0973210425758344,1.219042557776982,8.255788996352803e-19,0.10963210425758345
P,0.25,1,0.6826991814608073,0.6483375504892188,0.7945993488473889,0.6483375504892188,0.6826991814608073,74.19182311994493,0.0,6411.421447672016,9.860308347130502,1.2022174703617539,8.255788996352803e-19,0.3916
P,0.25,1,0.8896985673190699,0.8839180032823633,0.8260747391576675,0.8839180032823633,0.8896985673190699,68.95690807842733,0.0,7539.244737617081,18.375951711791384,1.1899659919185837,8.255788996352803e-19,0.3916
P,0.25,1,0.757860174874306,0.6747141842021883,0.5330971377675936,0.6747141842021883,0.757860174874306,201.54719329115832,0.0,17122.672859352588,46.506016577502194,1.1740300372309804,8.255788996352803e-19,0.3916
P,0.25,1,0.5998903295469337,0.6496007621489178,0.832315607583706,0.6496007621489178,0.5998903295469337,51.52451299068632,0.0,4291.087407673927,0.5568914828870891,1.2114510490867219,8.255788996352803e-19,0.05558914828870891
P,0.25,1,0.16281503400146413,0.7294601946190826,0.7476585963689214,0.7294601946190826,0.16281503400146413,69.16587826623298,0.0,4378.561578666083,-2.998571692828085,1.2116268267106869,8.255788996352803e-19,-0.29995716928280847
P,0.25,1,0.7038233805405477,0.9065879649188406,0.8218932720978577,0.9065879649188406,0.7038233805405477,63.26313657824626,0.0,6393.872302884442,12.09110324154983,1.195094907610676,8.255788996352803e-19,0.3916
P,0.25,1,0.9504539694798946,0.3377275997609334,0.2819483546222844,0.3377275997609334,0.9504539694798946,27.29370296650735,0.0,1950.347621963327,-10.297100382233092,1.24473401423833,8.255788996352803e-19,-1.029810038223309
P,0.25,1,0.8304727201839084,0.6211772015147,0.8400113888488251,0.6211772015147,0.8304727201839084,60.66262308628351,0.0,5676.976959409828,8.446109884450847,1.2045276067975124,8.255788996352803e-19,0.3916
P,0.25,1,0.5132490939508036,0.8618245467604735,0.9060878746365071,0.8618245467604735,0.5132490939508036,159.34597994191512,0.0,14565.159346007804,38.93431081663801,1.1672201614922484,8.255788996352803e-19,0.3916
P,0.25,1,0.35850943538719127,0.820521386805904,0.99556222874319,0.820521386805904,0.35850943538719127,100.85752634222023,0.0,8455.955203151128,16.06526271167423,1.1863994161009015,8.255788996352803e-19,0.3916
P,0.25,1,0.9128938719826163,0.8824847229598519,0.9105797207541225,0.8824847229598519,0.9128938719826163,17.286273607244706,0.0,1945.2835358924094,-9.324957296697876,1.2306372761011402,8.255788996352803e-19,-0.9325957296697875
P,0.25,1,0.16466640446650505,0.9251539577683018,0.5132770627181484,0.9251539577683018,0.16466640446650505,94.0069608840412,0.0,6328.825427102468,5.14455286745663,1.2046718046065217,8.255788996352803e-19,0.3916
P,0.25,1,0.5503818214072036,0.6390334587264231,0.996882053847772,0.6390334587264231,0.5503818214072036,35.89324582267896,0.0,3029.132067128721,-5.648294090528031,1.2169328663631886,8.255788996352803e-19,-0.5649294090528032
P,0.25,1,0.667107653054499,0.7286921376607165,0.9346927388805438,0.7286921376607165,0.667107653054499,156.05363407698323,0.0,14537.536455442041,39.544861094940536,1.1693980759392393,8.255788996352803e-19,0.3916
P,0.25,1,0.7430853745782112,0.5013321144196943,0.6974436039123839,0.5013321144196943,0.7430853745782112,42.149416231340766,0.0,3357.4945544463676,-3.5695451074767135,1.2230774088119514,8.255788996352803e-19,-0.35705451074767136
P,0.25,1,0.3155493666837035,0.5741566707293722,0.8652410361542762,0.5741566707293722,0.3155493666837035,57.856603727147515,0.0,3825.266175944061,-4.513900615204854,1.2149325223341294,8.255788996352803e-19,-0.45149006152048543
P,0.25,1,0.9680807925341914,0.9842373675406739,0.7478471776762264,0.9842373675406739,0.9680807925341914,11.322459337810443,0.0,1316.9388805992126,-13.887718245846663,1.2424195596977288,8.255788996352803e-19,-1.3888718245846663
P,0.25,1,0.3946557665813175,0.8662541016115335,0.8310957475677173,0.8662541016115335,0.3946557665813175,207.7880177733876,0.0,17417.391554309488,46.31037584170429,1.1618871772004924,8.255788996352803e-19,0.3916
P,0.25,1,0.7113625693231735,0.582177049662982,0.5201434334791699,0.582177049662982,0.7113625693231735,34.12221784729854,0.0,2650.6332223833097,-7.258211286212312,1.2303508529771408,8.255788996352803e-19,-0.7259211286212313
P,0.25,1,0.2481810966413115,0.6710031595942836,0.9435715433241283,0.6710031595942836,0.2481810966413115,114.26874453999628,0.0,7947.219939031456,11.34663189451692,1.19458593801088,8.255788996352803e-19,0.3916
P,0.25,1,0.18305991550236544,0.5667766242727439,0.4394846762628398,0.5667766242727439,0.18305991550236544,7.273180906270316,0.0,352.59612909563833,-26.571195565140282,1.2583029377684383,8.255788996352803e-19,-2.657219556514028
P,0.25,1,0.8195277921105567,0.756500491077117,0.5385836070807599,0.756500491077117,0.8195277921105567,55.74596543271198,0.0,5143.457488351558,6.181198604070974,1.2110807232925205,8.255788996352803e-19,0.3916
P,0.25,1,0.6232330547865191,0.6879907387142622,0.5716264245788192,0.6879907387142622,0.6232330547865191,68.48186313546124,0.0,5468.403482639535,5.1227120923385705,1.210859364280551,8.255788996352803e-19,0.3916
P,0.25,1,0.7946754367817467,0.7356169131082749,0.5482511095757368,0.7356169131082749,0.7946754367817467,34.39636076811139,0.0,3103.270461287017,-3.540282124594215,1.2241926163354204,8.255788996352803e-19,-0.3541282124594215
P,0.25,1,0.7145359329300807,0.5056943016581648,0.9325407184017903,0.5056943016581648,0.7145359329300807,241.4152930735387,0.0,20357.35175591512,56.348894192638014,1.159407137048495,8.255788996352803e-19,0.3916
P,0.25,1,0.7921551449265862,0.7281513384450904,0.5748425094430584,0.7281513384450904,0.7921551449265862,65.84704831289031,0.0,5951.676785338763,9.089319890877412,1.2071586002806545,8.255788996352803e-19,0.3916
P,0.25,1,0.8097925473637981,0.5176701468169933,0.3179270508141744,0.5176701468169933,0.8097925473637981,26.513011502380035,0.0,1970.4817728686348,-10.645611822627599,1.241154366950338,8.255788996352803e-19,-1.0646611822627599
P,0.25,1,0.6955976990949443,0.7217187898645828,0.38789119936918237,0.7217187898645828,0.6955976990949443,61.15059550951486,0.0,4926.481812124628,3.3604223460660427,1.216688943877203,8.255788996352803e-19,0.3359422346066043
P,0.25,1,0.422807518282534,0.7437104981409423,0.8155464327854807,0.7437104981409423,0.422807518282534,14.947915645205168,0.0,1176.6186274561428,-18.34020652228138,1.2402926553462414,8.255788996352803e-19,-1.8341206522281381
P,0.25,1,0.9389465912500877,0.8691652833044264,0.958111571002013,0.8691652833044264,0.9389465912500877,117.84178190782457,0.0,13476.195629144606,40.871741823932005,1.1655808839970536,8.255788996352803e-19,0.3916
P,0.25,1,0.5387782610504033,0.877668948566138,0.6998391137047343,0.877668948566138,0.5387782610504033,84.96135948032533,0.0,7503.646091003239,13.956032242021458,1.1949129634171756,8.255788996352803e-19,0.3916
P,0.25,1,0.9064761172489588,0.7743901578689552,0.9342224279614707,0.7743901578689552,0.9064761172489588,23.187578314817724,0.0,2490.319812347023,-5.801917496292595,1.2239363445546103,8.255788996352803e-19,-0.5802917496292596
P,0.25,1,0.794914954721251,0.7777773131771981,0.764664682655433,0.7777773131771981,0.794914954721251,30.42031088659991,0.0,2973.6228201806725,-3.815556605586808,1.220887532801957,8.255788996352803e-19,-0.38165566055868083
P,0.25,1,0.11600512014120667,0.570118981194454,0.9001536161959205,0.570118981194454,0.11600512014120667,5.1399623819890605,0.0,292.0014966435286,-27.920646369011436,1.2566289242644697,8.255788996352803e-19,-2.792164636901144
P,0.25,1,0.6280612760499825,0.907164296943171,0.9925935418388702,0.907164296943171,0.6280612760499825,57.391209143523824,0.0,5829.576185961455,9.541002466330648,1.1939731715765602,8.255788996352803e-19,0.3916
P,0.25,1,0.7069432232337349,0.8371636540290379,0.8146261936796444,0.8371636540290379,0.7069432232337349,168.432059694081,0.0,16434.084278313516,46.928363692837074,1.163333396670314,8.255788996352803e-19,0.3916
P,0.25,1,0.33713103753795376,0.3638672371415224,0.7957883183868902,0.3638672371415224,0.33713103753795376,73.90446510280088,0.0,4060.652876544663,-5.100291303322222,1.2204548806017272,8.255788996352803e-19,-0.5101291303322222
P,0.25,1,0.4003600266601609,0.9853735869308117,0.28185822163464835,0.9853735869308117,0.4003600266601609,147.3625959925154,0.0,11248.649113690633,24.612655992469104,1.1916664561801564,8.255788996352803e-19,0.3916
P,0.25,1,0.8522483714303684,0.7951723813565763,0.6654290965924884,0.7951723813565763,0.8522483714303684,40.19169822413282,0.0,3979.250023204396,1.8019299827209179,1.214521934568479,8.255788996352803e-19,0.1800929982720918
P,0.25,1,0.7435860120041973,0.3642222885285017,0.7963531028972515,0.3642222885285017,0.7435860120041973,38.85754519786278,0.0,2925.943722658051,-6.146782584094137,1.2264543258316938,8.255788996352803e-19,-0.6147782584094137
P,0.25,1,0.3846501951355391,0.3000706965612562,0.9866124140224474,0.3000706965612562,0.3846501951355391,63.26313657824626,0.0,3726.284461922029,-5.785064069599117,1.2187426969552395,8.255788996352803e-19,-0.5786064069599117
P,0.25,1,0.9662843033982935,0.24339355282020625,0.5888020879919352,0.24339355282020625,0.9662843033982935,64.93078421537301,0.0,4883.051125636057,3.031747361747101,1.222982032155338,8.255788996352803e-19,0.3030747361747101
P,0.25,1,0.7197225622030878,0.7891098848480058,0.5203169665755358,0.7891098848480058,0.7197225622030878,35.277326157922694,0.0,3120.263500998556,-3.871589626946566,1.22351264439852,8.255788996352803e-19,-0.3872589626946566
P,0.25,1,0.6313568112425146,0.820521386805904,0.99556222874319,0.820521386805904,0.6313568112425146,55.618939999777126,0.0,5421.899215874773,7.275471373386815,1.1979455366248801,8.255788996352803e-19,0.3916
P,0.25,1,0.13672223893877755,0.6282316432153665,0.803435767099224,0.6282316432153665,0.13672223893877755,57.40070412762284,0.0,3348.389041860631,-8.056885564280133,1.2177856156460385,8.255788996352803e-19,-0.8057885564280133
P,0.25,1,0.657855520672864,0.8272385926330863,0.4830906680300122,0.8272385926330863,0.657855520672864,26.403894965103735,0.0,2279.500330483365,-8.935010795841745,1.2311733489988865,8.255788996352803e-19,-0.8936010795841745
P,0.25,1,0.6567120367496921,0.7935825732334967,0.4131779271855972,0.7935825732334967,0.6567120367496921,54.734662579180004,0.0,4534.448166633381,1.9359306995161993,1.2164436049240643,8.255788996352803e-19,0.19349306995161994
P,0.25,1,0.8293172100231012,0.8234234733827533,0.1698541787966492,0.8234234733827533,0.8293172100231012,37.2945356178237,0.0,3240.275632239492,-2.767196632271681,1.228459203350665,8.255788996352803e-19,-0.2768196632271681
P,0.25,1,0.748980526757273,0.8904750278703347,0.54692217791942,0.8904750278703347,0.748980526757273,198.73943814517753,0.0,19008.598948255116,55.071371221742545,1.1612714198242233,8.255788996352803e-19,0.3916
P,0.25,1,0.46924328642558266,0.5056943016581648,0.7227446381597166,0.5056943016581648,0.46924328642558266,54.89128988202805,0.0,3667.588724317173,-4.577125120482452,1.2204132459513608,8.255788996352803e-19,-0.45781251204824525
P,0.25,1,0.7284339108728156,0.6467966759608877,0.46182923354809835,0.6467966759608877,0.7284339108728156,22.405201231389917,0.0,1799.3003246831713,-11.860821066117873,1.2389449209333214,8.255788996352803e-19,-1.1861821066117872
P,0.25,1,0.9197928158581343,0.689203675470586,0.8094955812339738,0.689203675470586,0.9197928158581343,42.149416231340766,0.0,4243.9072961606025,3.3883135706435,1.211771960266194,8.255788996352803e-19,0.33873135706435004
P,0.25,1,0.9544378786105757,0.24339355282020625,0.3379951417030366,0.24339355282020625,0.9544378786105757,64.93078421537301,0.0,4437.463950325281,0.31457492795428477,1.231067270106048,8.255788996352803e-19,0.031357492795428474
P,0.25,1,0.7574810496031841,0.8547298731380336,0.41108280840238076,0.8547298731380336,0.7574810496031841,41.37857276695793,0.0,3760.799846634677,-0.25346655965957443,1.2199342600055636,8.255788996352803e-19,-0.025446655965957445
P,0.25,1,0.5675275027847937,0.33785521797700313,0.6622576837326879,0.33785521797700313,0.5675275027847937,68.48186313546124,0.0,4233.930779865782,-2.6835918677000308,1.22290420273843,8.255788996352803e-19,-0.2684591867700031
P,0.25,1,0.49587334402431277,0.7148124941118744,0.9542149338685724,0.7148124941118744,0.49587334402431277,84.30402169500105,0.0,7114.388170366935,11.629064474282151,1.1944770362343138,8.255788996352803e-19,0.3916
P,0.25,1,0.7308386922581782,0.6062816612336269,0.9324636292324242,0.6062816612336269,0.7308386922581782,67.3658383490341,0.0,6074.216532157244,9.209995067945561,1.2011192727657898,8.255788996352803e-19,0.3916
P,0.25,1,0.13150031517259708,0.8411029471140115,0.48747832318815276,0.8411029471140115,0.13150031517259708,193.27739828360853,0.0,11754.574955481847,22.22570180977431,1.191284378987079,8.255788996352803e-19,0.3916
P,0.25,1,0.8911927204444848,0.372620920070604,0.9540383920518345,0.372620920070604,0.8911927204444848,43.23630429695407,0.0,3763.3589125408316,-0.5200147110308765,1.2176788552739004,8.255788996352803e-19,-0.052101471103087646
P,0.25,1,0.9183094856314986,0.5610299949865445,0.9509732800138533,0.5610299949865445,0.9183094856314986,41.54485001783477,0.0,4060.647899615507,2.1192107048574287,1.212394243140976,8.255788996352803e-19,0.2118210704857429
P,0.25,1,0.6553137653942098,0.807727080203445,0.6933990694942751,0.807727080203445,0.6553137653942098,51.284863566294405,0.0,4640.614424819821,3.2283021936469876,1.2092676368044553,8.255788996352803e-19,0.32273021936469876
P,0.25,1,0.5465865699579227,0.8758235061256249,0.41415826734782313,0.8758235061256249,0.5465865699579227,69.21218415804319,0.0,5639.025363463877,5.908710144875761,1.209515062737708,8.255788996352803e-19,0.3916
P,0.25,1,0.7805165627924928,0.42623140165776596,0.45475421746628164,0.42623140165776596,0.7805165627924928,279.46844893969205,0.0,20039.635489404354,52.24798224335867,1.1762507009437435,8.255788996352803e-19,0.3916
P,0.25,1,0.5605600116966607,0.7382931883673055,0.5516725016908899,0.7382931883673055,0.5605600116966607,84.96135948032533,0.0,6689.387825429529,9.411497532384402,1.205477594986849,8.255788996352803e-19,0.3916
P,0.25,1,0.7095914169935412,0.7262518531545501,0.846313993689987,0.7262518531545501,0.7095914169935412,77.89740409409525,0.0,7240.564750449565,14.121827872656354,1.1954604705758036,8.255788996352803e-19,0.3916
P,0.25,1,0.7506319975361465,0.2051588916562076,0.06214703920234099,0.2051588916562076,0.7506319975361465,82.69437321151787,0.0,4080.406686496783,-4.611759995011383,1.2414625054291537,8.255788996352803e-19,-0.4612759995011383
P,0.25,1,0.8880505311836987,0.7363573730818973,0.8901686640126723,0.7363573730818973,0.8880505311836987,47.54509721193221,0.0,4919.710477644399,6.661829155458494,1.204865960089315,8.255788996352803e-19,0.3916
P,0.25,1,0.4990434423316324,0.8655583793796493,0.968096942399049,0.8655583793796493,0.4990434423316324,133.75756011356344,0.0,12363.547634148692,31.67427729189517,1.172203737993511,8.255788996352803e-19,0.3916
P,0.25,1,0.6955976990949443,0.7078847318655022,0.3196334860032527,0.7078847318655022,0.6955976990949443,132.36099149121085,0.0,10345.991433150542,22.580436298891485,1.1996259317407036,8.255788996352803e-19,0.3916
P,0.25,1,0.7891595268327387,0.4052273633496901,0.4255174754779665,0.4052273633496901,0.7891595268327387,57.391209143523824,0.0,4037.8894513716455,-1.467428470640614,1.2272407519713637,8.255788996352803e-19,-0.1468428470640614
P,0.25,1,0.6090489341615244,0.3638672371415224,0.8399400872906722,0.3638672371415224,0.6090489341615244,48.76322285813666,0.0,3396.0810457777216,-5.045460618500058,1.2222899677699162,8.255788996352803e-19,-0.5046460618500058
P,0.25,1,0.0930410747074365,0.5813097952541932,0.884701974249378,0.5813097952541932,0.0930410747074365,68.95690807842733,0.0,3850.215365505519,-6.468732633114523,1.2144778782572143,8.255788996352803e-19,-0.6469732633114523
P,0.25,1,0.16019461809423508,0.8435081538336713,0.9356925824754673,0.8435081538336713,0.16019461809423508,176.29035104358067,0.0,12970.995046166146,28.985410233898286,1.1747426439983055,8.255788996352803e-19,0.3916
P,0.25,1,0.36390399381575134,0.7503359081369396,0.09064302343339714,0.7503359081369396,0.36390399381575134,269.49800085190475,0.0,15624.97414244545,34.30017238859579,1.192490629665224,8.255788996352803e-19,0.3916
P,0.25,1,0.9267375013810308,0.5758568507854275,0.47621892639677543,0.5758568507854275,0.9267375013810308,29.442557214997933,0.0,2562.538583912234,-6.086466292052331,1.2328065186465462,8.255788996352803e-19,-0.6087466292052331
P,0.25,1,0.8522483714303684,0.3435113914512429,0.053595495160812745,0.3435113914512429,0.8522483714303684,25.184515791461457,0.0,1539.4759464100246,-13.52059001806516,1.2501681617903648,8.255788996352803e-19,-1.352159001806516
P,0.25,1,0.8597856385691104,0.5674855623685403,0.9866124140224474,0.5674855623685403,0.8597856385691104,40.49181942432987,0.0,3888.3836796556675,0.8913970040144535,1.2126449352330486,8.255788996352803e-19,0.08903970040144535
P,0.25,1,0.7504645479054702,0.820521386805904,0.9797072412500272,0.820521386805904,0.7504645479054702,12.46225909883536,0.0,1284.135824986536,-15.63957414444314,1.2392843950140675,8.255788996352803e-19,-1.564057414444314
P,0.25,1,0.9662843033982935,0.8552242522578236,0.5546351878931544,0.8552242522578236,0.9662843033982935,52.08079038389182,0.0,5465.426237484435,9.659145764603903,1.2067106005654737,8.255788996352803e-19,0.3916
P,0.25,1,0.9962888133913169,0.4323156847969972,0.9224419313478747,0.4323156847969972,0.9962888133913169,51.155946589869814,0.0,4833.7905246756645,5.495742813085169,1.210899912414811,8.255788996352803e-19,0.3916
P,0.25,1,0.667107653054499,0.5920301907966574,0.6272506516131019,0.5920301907966574,0.667107653054499,61.49677246217055,0.0,4835.992939066108,2.5213160773501784,1.2145678301752714,8.255788996352803e-19,0.25203160773501787
P,0.25,1,0.6628848766977837,0.6745632464559487,0.6001750716437877,0.6745632464559487,0.6628848766977837,16.924857075112264,0.0,1385.7528491781127,-15.126836646641868,1.2417541568328465,8.255788996352803e-19,-1.5127836646641868
P,0.25,1,0.44604146891312774,0.6926676919509887,0.2877908037774286,0.6926676919509887,0.44604146891312774,75.07062622157609,0.0,4814.296386025289,-0.23391033901320263,1.2211361891622141,8.255788996352803e-19,-0.023491033901320263
P,0.25,1,0.8611249028293435,0.8615521053207627,0.39561231850511613,0.8615521053207627,0.8611249028293435,55.35512122827154,0.0,5315.42892742147,7.6058351484783895,1.2110853555944816,8.255788996352803e-19,0.3916
P,0.25,1,0.49012253368057196,0.5856264233195128,0.7669876607973857,0.5856264233195128,0.49012253368057196,54.796239526544646,0.0,3998.050865284304,-2.3210843638221292,1.2158997212539147,8.255788996352803e-19,-0.23220843638221292
P,0.25,1,0.7670048004758542,0.3642222885285017,0.2954729657758485,0.3642222885285017,0.7670048004758542,195.958723076408,0.0,12531.203420462647,26.884330618518057,1.2040385987689812,8.255788996352803e-19,0.3916
P,0.25,1,0.8294326475471989,0.5447666654158592,0.07877279582357538,0.5447666654158592,0.8294326475471989,39.55469743108955,0.0,2795.697754328308,-6.487186735679782,1.237788470711922,8.255788996352803e-19,-0.6488186735679783
P,0.25,1,0.7237539412955281,0.6467966759608877,0.9435715433241283,0.6467966759608877,0.7237539412955281,22.783577551482615,0.0,2098.7506996421316,-9.868889891072364,1.2282618154683824,8.255788996352803e-19,-0.9869889891072363
P,0.25,1,0.7035563619055125,0.9284359291777146,0.7566234430511257,0.9284359291777146,0.7035563619055125,34.07580715636498,0.0,3425.1365929661924,-1.4952092896252946,1.2145583930901094,8.255788996352803e-19,-0.14962092896252946
P,0.25,1,0.519423807105768,0.8547298731380336,0.9653721169723241,0.8547298731380336,0.519423807105768,41.37857276695793,0.0,3841.668912280848,-0.8233453884598281,1.2076734802924356,8.255788996352803e-19,-0.08243453884598281
P,0.25,1,0.7113625693231735,0.8728432175982086,0.9547025864062745,0.8728432175982086,0.7113625693231735,19.34269258105821,0.0,1993.8032419576284,-10.303312895059097,1.2278776329318961,8.255788996352803e-19,-1.0304312895059096
P,0.25,1,0.854906771308485,0.7584385278257534,0.9606433115974158,0.7584385278257534,0.854906771308485,24.56005731703779,0.0,2571.0290207970565,-5.683051548549635,1.222401239588082,8.255788996352803e-19,-0.5684051548549636
P,0.25,1,0.3432253127817604,0.07381851728445898,0.5605261260366763,0.07381851728445898,0.3432253127817604,86.9982074593195,0.0,3033.222487369193,-12.19585794121523,1.2381543226592964,8.255788996352803e-19,-1.219685794121523
P,0.25,1,0.7313215856691243,0.5319844701522278,0.5216676974155512,0.5319844701522278,0.7313215856691243,65.84704831289031,0.0,5018.005696456674,3.108700686340239,1.2175824757944451,8.255788996352803e-19,0.3107700686340239
P,0.25,1,0.8423023154836585,0.5610299949865445,0.006989834864464917,0.5610299949865445,0.8423023154836585,104.12564329704375,0.0,7324.339505656894,11.058076768656207,1.2201635224536624,8.255788996352803e-19,0.3916
P,0.25,1,0.9544378786105757,0.24339355282020625,0.9739396557383848,0.24339355282020625,0.9544378786105757,246.47166737347334,0.0,20762.788778629612,58.062153510940355,1.1633947561999511,8.255788996352803e-19,0.3916
P,0.25,1,0.7938886069641146,0.7260411068069602,0.3336142618845338,0.7260411068069602,0.7938886069641146,21.67366417863763,0.0,1827.8883965025907,-11.07106605391942,1.2401475445068173,8.255788996352803e-19,-1.107206605391942
P,0.25,1,0.9152151723215398,0.7405304522535955,0.8018514983365744,0.7405304522535955,0.9152151723215398,5.038968087818851,0.0,518.1750709711832,-22.170737501778188,1.2565536876868424,8.255788996352803e-19,-2.217173750177819
P,0.25,1,0.2537199609368652,0.8160845698345592,0.936721472916685,0.8160845698345592,0.2537199609368652,70.12112954174151,0.0,5392.894298001297,3.2341130157560856,1.2001580239296545,8.255788996352803e-19,0.32331130157560856
P,0.25,1,0.5719379733975358,0.5316133151249021,0.1651876441722009,0.5316133151249021,0.5719379733975358,75.76937023351508,0.0,4493.673401818602,-1.8654681556508046,1.2292235105181082,8.255788996352803e-19,-0.18664681556508045
P,0.25,1,0.7069432232337349,0.45972854854436895,0.38479807779178665,0.45972854854436895,0.7069432232337349,29.14796155484889,0.0,1980.707186992149,-11.521773840864578,1.2401846815777309,8.255788996352803e-19,-1.1522773840864577
P,0.25,1,0.823752643667657,0.6501047855083208,0.9336019856136885,0.6501047855083208,0.823752643667657,37.68936375433933,0.0,3657.109059451637,-0.2497889815975681,1.213927830331898,8.255788996352803e-19,-0.025078898159756807
P,0.25,1,0.7380021484668889,0.8653280796717133,0.3747691310987773,0.8653280796717133,0.7380021484668889,9.642024602136168,0.0,863.30580480744,-18.84633052789438,1.25044491260914,8.255788996352803e-19,-1.8847330527894381
P,0.25,1,0.9509151671754804,0.524236278802233,0.2676715897447005,0.524236278802233,0.9509151671754804,35.363785551655155,0.0,2844.9939870385488,-4.9349947283415565,1.2352313252819302,8.255788996352803e-19,-0.4935994728341557
P,0.25,1,0.447552733673511,0.7418051282069503,0.039010909363530466,0.7418051282069503,0.447552733673511,82.69437321151787,0.0,4998.309713075502,-0.052065774017114166,1.224949979110081,8.255788996352803e-19,-0.0053065774017114166
P,0.25,1,0.7913100335502644,0.33785521797700313,0.6185470987335818,0.33785521797700313,0.7913100335502644,280.5695206191701,0.0,20179.10424034299,52.69719040010208,1.173972427021785,8.255788996352803e-19,0.3916
P,0.25,1,0.7408721648793132,0.7445644569119455,0.9594609721287574,0.7445644569119455,0.7408721648793132,46.76791367864883,0.0,4595.338283215621,4.074948806599504,1.2050861978783531,8.255788996352803e-19,0.3916
P,0.25,1,0.645186099554845,0.8013597307929985,0.028264035501531004,0.8013597307929985,0.645186099554845,36.59037786146353,0.0,2672.3377197898767,-7.482431139183419,1.2339043459700176,8.255788996352803e-19,-0.7483431139183419
P,0.25,1,0.5870374990667574,0.6969312305432511,0.6949506802300114,0.6969312305432511,0.5870374990667574,116.93156093692838,0.0,9538.365082712047,20.094486627310065,1.1930375611164772,8.255788996352803e-19,0.3916
P,0.25,1,0.19731156056595567,0.8787308378195218,0.6728720872881304,0.8787308378195218,0.19731156056595567,55.62168713351811,0.0,3928.221699270315,-3.7350916747089395,1.2122106226420015,8.255788996352803e-19,-0.37360916747089395
P,0.25,1,0.9616219102016338,0.4633988977045931,0.4387059616437732,0.4633988977045931,0.9616219102016338,17.860381551118266,0.0,1468.4571639671021,-12.752012547857479,1.2460251027886642,8.255788996352803e-19,-1.2753012547857479
P,0.25,1,0.8793861780383616,0.8734550903039756,0.6654290965924884,0.8734550903039756,0.8793861780383616,29.65949882128289,0.0,3092.8270142655842,-2.2695111627031084,1.2207165986093786,8.255788996352803e-19,-0.22705111627031083
P,0.25,1,0.6827731981493731,0.7906326795323919,0.02939762464881368,0.7906326795323919,0.6827731981493731,52.92492718974145,0.0,3937.8916184644713,-1.4361814619565638,1.2270063538442202,8.255788996352803e-19,-0.14371814619565637
P,0.25,1,0.7670048004758542,0.3642222885285017,0.2954729657758485,0.3642222885285017,0.7670048004758542,46.57421297698869,0.0,2978.3360893560616,-6.781894606921129,1.236584761379279,8.255788996352803e-19,-0.6782894606921129
P,0.25,1,0.8207608103983007,0.820521386805904,0.8880585477463258,0.820521386805904,0.8207608103983007,33.52688957317267,0.0,3495.7003708240577,-0.4542029230244269,1.2135593939308145,8.255788996352803e-19,-0.045520292302442686
P,0.25,1,0.7893875752705254,0.24339355282020625,0.867910605391486,0.24339355282020625,0.7893875752705254,40.314075129205904,0.0,2956.5061332734626,-6.078359860243876,1.2269707950252453,8.255788996352803e-19,-0.6079359860243876
P,0.25,1,0.8290873916208756,0.82565822000665,0.8879674782169731,0.82565822000665,0.8290873916208756,24.54026813669501,0.0,2575.169050670678,-5.705674595545821,1.222685118214744,8.255788996352803e-19,-0.5706674595545821
P,0.25,1,0.9962888133913169,0.7065568014202492,0.6821407954313314,0.7065568014202492,0.9962888133913169,44.035145187393155,0.0,4500.2069181237175,5.079636668487522,1.2125322611796336,8.255788996352803e-19,0.3916
P,0.25,1,0.821778927780957,0.6390504880839908,0.6812026270087013,0.6390504880839908,0.821778927780957,37.39122277910791,0.0,3367.8848861489146,-2.190640452895849,1.2211660692085633,8.255788996352803e-19,-0.21916404528958489
P,0.25,1,0.7829791291988485,0.8187698417272383,0.258950995406644,0.8187698417272383,0.7829791291988485,54.734662579180004,0.0,4737.899356962545,3.7428372716903437,1.2182263341435329,8.255788996352803e-19,0.37418372716903436
P,0.25,1,0.029728495531615662,0.9493337761960228,0.8552409928262827,0.9493337761960228,0.029728495531615662,21.226914425961606,0.0,1492.9767371899563,-18.105164665654897,1.2300350509861426,8.255788996352803e-19,-1.8106164665654898
P,0.25,1,0.8611249028293435,0.8615521053207627,0.8767031177747022,0.8615521053207627,0.8611249028293435,66.62147736160445,0.0,7198.545787833322,16.74405918234714,1.1908414124333186,8.255788996352803e-19,0.3916
P,0.25,1,0.7739598085370655,0.5724232523487682,0.5258466920830343,0.5724232523487682,0.7739598085370655,50.15128158811617,0.0,4035.4389387686515,-0.21540245533401137,1.2212645721666253,8.255788996352803e-19,-0.021640245533401138
P,0.25,1,0.7430853745782112,0.8217108444425696,0.9901395991158852,0.8217108444425696,0.7430853745782112,30.088983771127587,0.0,3098.9637601856202,-3.1349191108169334,1.215032432704843,8.255788996352803e-19,-0.3135919110816933
P,0.25,1,0.768854178220514,0.5552295817210733,0.5501347585216747,0.5552295817210733,0.768854178220514,43.87829970808737,0.0,3508.401648222667,-2.659505927427608,1.2241957098982088,8.255788996352803e-19,-0.26605059274276077
P,0.25,1,0.7976449946183711,0.7515135124866065,0.7456489920183281,0.7515135124866065,0.7976449946183711,29.574988273284397,0.0,2842.1312389276336,-4.644227208443624,1.2227853860716182,8.255788996352803e-19,-0.4645227208443624
P,0.25,1,0.7625518989457798,0.10265032752964842,0.17853165704733098,0.10265032752964842,0.7625518989457798,25.054219252082422,0.0,1195.672595952798,-16.83235188847491,1.2553846164817604,8.255788996352803e-19,-1.6833351888474912
P,0.25,1,0.7916966996784548,0.6904245474968124,0.9959839783607843,0.6904245474968124,0.7916966996784548,40.545971148357474,0.0,4014.280707587865,1.5565465475282172,1.2093014327852782,8.255788996352803e-19,0.15555465475282174
P,0.25,1,0.9289179901186636,0.16184862250387855,0.8942211457683245,0.16184862250387855,0.9289179901186636,16.13640857479095,0.0,1240.7907301592877,-15.09479103419481,1.2445809838287551,8.255788996352803e-19,-1.509579103419481
P,0.25,1,0.7847846769779548,0.9400922391646712,0.41108280840238076,0.9400922391646712,0.7847846769779548,44.43151251207289,0.0,4288.570287694551,2.9227465839209117,1.214943995678565,8.255788996352803e-19,0.29217465839209117
P,0.25,1,0.9936217040281338,0.5610299949865445,0.5167127661639519,0.5610299949865445,0.9936217040281338,15.427744993796534,0.0,1398.5313181139657,-12.955272390381294,1.2454741532756242,8.255788996352803e-19,-1.2956272390381294
P,0.25,1,0.7790044742080695,0.6145287292108481,0.9580462501314917,0.6145287292108481,0.7790044742080695,68.48186313546124,0.0,6411.807310036426,11.183340517612136,1.1986832285344207,8.255788996352803e-19,0.3916
P,0.25,1,0.8008945301282978,0.807727080203445,0.8860035249925735,0.807727080203445,0.8008945301282978,45.09440349084459,0.0,4625.836609277732,4.9380657184982315,1.2053263682210633,8.255788996352803e-19,0.3916
P,0.25,1,0.9845937532606652,0.8428652039777476,0.5216676974155512,0.8428652039777476,0.9845937532606652,65.84704831289031,0.0,6875.395864229996,15.411925135390202,1.2009940127815404,8.255788996352803e-19,0.3916
P,0.25,1,0.9177717835446051,0.6652486853216824,0.12080861335096316,0.6652486853216824,0.9177717835446051,70.12112954174151,0.0,5761.940078893592,7.603692849138138,1.220324660164637,8.255788996352803e-19,0.3916
P,0.25,1,0.6494341858295035,0.7217187898645828,0.5584971496239521,0.7217187898645828,0.6494341858295035,61.15059550951486,0.0,5046.151882163619,3.9181975018008286,1.2121768094026442,8.255788996352803e-19,0.3916
P,0.25,1,0.8177899718615754,0.7861103982297046,0.9791241415683783,0.7861103982297046,0.8177899718615754,34.83040431331048,0.0,3645.8071615211215,0.3038427607898947,1.211091106456243,8.255788996352803e-19,0.03028427607898947
P,0.25,1,0.8280033140308608,0.7375820198486007,0.039010909363530466,0.7375820198486007,0.8280033140308608,30.480765588859924,0.0,2415.739038159794,-7.555691067029924,1.236863249697402,8.255788996352803e-19,-0.7556691067029925
P,0.25,1,0.677491217569526,0.92701815324707,0.08654902176622803,0.92701815324707,0.677491217569526,36.285510775624516,0.0,2989.5339897657614,-4.94644779293717,1.2288282778003747,8.255788996352803e-19,-0.4947447792937171
P,0.25,1,0.72997596180909,0.9553527069831326,0.9336019856136885,0.9553527069831326,0.72997596180909,37.68936375433933,0.0,4055.619883125522,2.3869274579484254,1.2057720715234783,8.255788996352803e-19,0.23859274579484255
P,0.25,1,0.6801809989816066,0.9127356263706149,0.8421785241021907,0.9127356263706149,0.6801809989816066,77.89740409409525,0.0,7844.291522947153,17.610185009299034,1.188369296834389,8.255788996352803e-19,0.3916
P,0.25,1,0.8155010737157351,0.7445644569119455,0.9955853749703251,0.7445644569119455,0.8155010737157351,30.71688556151384,0.0,3160.54976937965,-2.494347489322224,1.2156653065976217,8.255788996352803e-19,-0.24953474893222238
P,0.25,1,0.7514245412021792,0.7356667214160656,0.30163906135494556,0.7356667214160656,0.7514245412021792,42.74072294088413,0.0,3500.2745709068,-2.3953085549475213,1.226056454081591,8.255788996352803e-19,-0.2396308554947521
P,0.25,1,0.7763107064534973,0.7829265865736701,0.17544519742120346,0.7829265865736701,0.7763107064534973,31.797438838782565,0.0,2618.4553213729837,-6.546157063842005,1.2334544719671099,8.255788996352803e-19,-0.6547157063842005
P,0.25,1,0.8791407470694905,0.8053950911533927,0.0050882470574977745,0.8053950911533927,0.8791407470694905,24.52561523179242,0.0,2068.8337003593797,-8.896335068590668,1.2388052662452966,8.255788996352803e-19,-0.8897335068590667
P,0.25,1,0.6497697512261879,0.5521730320904402,0.9894400742147009,0.5521730320904402,0.6497697512261879,149.69092801661816,0.0,12698.751606027905,31.563909464825063,1.179094391209589,8.255788996352803e-19,0.3916
P,0.25,1,0.8177899718615754,0.07986819545993196,0.9791241415683783,0.07986819545993196,0.8177899718615754,33.85635094688786,0.0,2348.31076109659,-9.432640780158241,1.2320153270275607,8.255788996352803e-19,-0.9433640780158241
P,0.25,1,0.41945097556780836,0.6707740815474388,0.6356574917588769,0.6707740815474388,0.41945097556780836,61.1626650567197,0.0,4306.016156720218,-1.5131794851869642,1.2155190920077383,8.255788996352803e-19,-0.15141794851869642
P,0.25,1,0.7670048004758542,0.6291567899474984,0.9244623681733339,0.6291567899474984,0.7670048004758542,48.50844766946931,0.0,4507.387432581959,3.1569109709189203,1.2086473013483423,8.255788996352803e-19,0.31559109709189204
P,0.25,1,0.8628493516772439,0.7396103518874229,0.9866124140224474,0.7396103518874229,0.8628493516772439,68.45040800647499,0.0,7172.801583249064,16.096391526546334,1.1913082164130802,8.255788996352803e-19,0.3916
P,0.25,1,0.9662843033982935,0.1206273754662327,0.5888020879919352,0.1206273754662327,0.9662843033982935,70.6886423701999,0.0,4882.156053384625,2.0467411323220865,1.226163030745689,8.255788996352803e-19,0.20457411323220867
P,0.25,1,0.667107653054499,0.26946755448331494,0.5544478122163714,0.26946755448331494,0.667107653054499,47.82155763052995,0.0,2902.2882132554173,-7.9807755561117935,1.2333077722167776,8.255788996352803e-19,-0.7981775556111794
P,0.25,1,0.6567120367496921,0.3997205167916277,0.4131779271855972,0.3997205167916277,0.6567120367496921,54.734662579180004,0.0,3456.5528285289993,-5.248565827000428,1.2307334578623585,8.255788996352803e-19,-0.5249565827000429
P,0.25,1,0.6313568112425146,0.9551760426682316,0.992508255427221,0.9551760426682316,0.6313568112425146,105.17077135420685,0.0,10952.415671196692,29.354193818080912,1.1724227612718703,8.255788996352803e-19,0.3916
P,0.25,1,0.8697764036131261,0.9073590247390917,0.45893674427047093,0.9073590247390917,0.8697764036131261,46.980174359259564,0.0,4713.529820842673,5.544915293472536,1.2120086920214321,8.255788996352803e-19,0.3916
P,0.25,1,0.8611249028293435,0.7005137180191988,0.9867128953346187,0.7005137180191988,0.8611249028293435,103.72382233229087,0.0,10657.597169023604,28.59067681480386,1.179525992008848,8.255788996352803e-19,0.3916
P,0.25,1,0.8466893207208159,0.25713003683554914,0.8911816325668304,0.25713003683554914,0.8466893207208159,14.704417851716478,0.0,1139.1587309920399,-16.302169149481447,1.2450098848934086,8.255788996352803e-19,-1.630316914948145
P,0.25,1,0.8123132117525584,0.6982458233411589,0.7848235742706076,0.6982458233411589,0.8123132117525584,81.077580703106,0.0,7714.4135207464715,16.54893000618502,1.1954971442718814,8.255788996352803e-19,0.3916
P,0.25,1,0.9544378786105757,0.921347684863093,0.7587936229383938,0.921347684863093,0.9544378786105757,27.31162296058278,0.0,3079.6345365895586,-1.5506926948764448,1.219115290048863,8.255788996352803e-19,-0.15516926948764448
P,0.25,1,0.37930744853350085,0.8002097960635823,0.683830590188659,0.8002097960635823,0.37930744853350085,21.726039609568694,0.0,1652.7351810311166,-14.910866985177979,1.2339544258588013,8.255788996352803e-19,-1.4911866985177977
P,0.25,1,0.8998937521131021,0.9710444425814913,0.9959839783607843,0.9710444425814913,0.8998937521131021,83.68430239428042,0.0,9912.113492916631,28.81206191061935,1.1739660710634807,8.255788996352803e-19,0.3916
P,0.25,1,0.9962888133913169,0.6190382737278429,0.22509880391220027,0.6190382737278429,0.9962888133913169,285.8103249056585,0.0,24692.247036972425,70.96968725345377,1.1612968395118455,8.255788996352803e-19,0.3916
P,0.25,1,0.6163346683702118,0.7362400804937963,0.6187388800801605,0.7362400804937963,0.6163346683702118,61.760270248639145,0.0,5132.106112243595,4.2295427953151945,1.2100647485586515,8.255788996352803e-19,0.3916
P,0.25,1,0.946649054520917,0.9938624880411757,0.603146584039254,0.9938624880411757,0.946649054520917,19.032186541030626,0.0,2133.588840628754,-7.518275196098359,1.2316848069849133,8.255788996352803e-19,-0.751927519609836
P,0.25,1,0.7053881482083099,0.9033452477187454,0.8502347103073137,0.9033452477187454,0.7053881482083099,36.4269465799534,0.0,3704.3486330607598,0.02148175259479076,1.2108573138935481,8.255788996352803e-19,0.002048175259479076
P,0.25,1,0.5464149423597292,0.592646300508618,0.4827896129665194,0.592646300508618,0.5464149423597292,68.48186313546124,0.0,4726.810111810813,0.3827228781964572,1.2188591784865268,8.255788996352803e-19,0.03817228781964572
P,0.25,1,0.8429600597214154,0.419777436533316,0.3395929164823466,0.419777436533316,0.8429600597214154,178.52604368155252,0.0,12787.230966782154,29.6329243778807,1.199553937697405,8.255788996352803e-19,0.3916
P,0.25,1,0.7113625693231735,0.6401114589857674,0.6805406724325073,0.6401114589857674,0.7113625693231735,91.96418174068629,0.0,7778.994309898841,14.73386707153335,1.2001351891875793,8.255788996352803e-19,0.3916
P,0.25,1,0.744289046821762,0.4609524872644691,0.9391802292241239,0.4609524872644691,0.744289046821762,47.35662253376276,0.0,3965.7185097502306,-0.44293989421394664,1.2148959759217766,8.255788996352803e-19,-0.044393989421394664
P,0.25,1,0.9595472927894131,0.7782056072907176,0.9123840886238594,0.7782056072907176,0.9595472927894131,35.57896171555554,0.0,3902.9141591280877,2.654635775306568,1.210876734402202,8.255788996352803e-19,0.2653635775306568
P,0.25,1,0.9492653024201514,0.9200592030785983,0.6858671770171084,0.9200592030785983,0.9492653024201514,45.09440349084459,0.0,4988.022955852609,8.110427621064797,1.2052949109555535,8.255788996352803e-19,0.3916
P,0.25,1,0.12449664394310411,0.762469826204715,0.27816047531378973,0.762469826204715,0.12449664394310411,82.69437321151787,0.0,4242.414469382612,-5.32055345518812,1.2231360905226458,8.255788996352803e-19,-0.532155345518812
P,0.25,1,0.8326612955750768,0.24668387649613888,0.9469076316276555,0.24668387649613888,0.8326612955750768,128.29443687687575,0.0,9960.773586684712,21.231998890664062,1.1966578210301744,8.255788996352803e-19,0.3916
P,0.25,1,0.7404643495897545,0.3975658897787936,0.6374219689072778,0.3975658897787936,0.7404643495897545,163.478120383701,0.0,11907.265857795172,26.679308761529978,1.1953898297173575,8.255788996352803e-19,0.3916
P,0.25,1,0.877237339472353,0.5309403819417564,0.0926687413682793,0.5309403819417564,0.877237339472353,37.581793809516604,0.0,2733.1586769342507,-6.401228104153818,1.2382565179483613,8.255788996352803e-19,-0.6402228104153818
P,0.25,1,0.8242244683727185,0.5145053678127298,0.5659265758043374,0.5145053678127298,0.8242244683727185,52.71227067986851,0.0,4274.156345829403,1.0207590517787422,1.2202886280374885,8.255788996352803e-19,0.10197590517787422
P,0.25,1,0.7384894960766364,0.7445644569119455,0.16072456531892954,0.7445644569119455,0.7384894960766364,19.27834548059981,0.0,1507.0039160400943,-13.544209706892621,1.2438555701886298,8.255788996352803e-19,-1.354520970689262
P,0.25,1,0.866742478071826,0.7339646331510743,0.6524550746839048,0.7339646331510743,0.866742478071826,47.54509721193221,0.0,4580.814759352817,4.359997206703962,1.2120559166095701,8.255788996352803e-19,0.3916
P,0.25,1,0.7069432232337349,0.5751098189918274,0.4288277827671194,0.5751098189918274,0.7069432232337349,162.70968957820492,0.0,12174.483511579421,28.00058109515931,1.1951053999293713,8.255788996352803e-19,0.3916
P,0.25,1,0.7763107064534973,0.5813097952541932,0.8774301419778597,0.5813097952541932,0.7763107064534973,39.0204457261885,0.0,3504.6907360215105,-1.8250520029033774,1.217125540532418,8.255788996352803e-19,-0.18260520029033772
P,0.25,1,0.7688753791855565,0.37976176381922633,0.7957883183868902,0.37976176381922633,0.7688753791855565,48.76322285813666,0.0,3770.692527308824,-1.9255969988682589,1.2207888368094981,8.255788996352803e-19,-0.19265969988682588
P,0.25,1,0.8071504199235711,0.7356667214160656,0.37946093216207555,0.7356667214160656,0.8071504199235711,156.73737385841463,0.0,13577.748103589802,35.45530620824834,1.1863764801214018,8.255788996352803e-19,0.3916
P,0.25,1,0.8597856385691104,0.5674855623685403,0.9866124140224474,0.5674855623685403,0.8597856385691104,28.38998709953351,0.0,2726.2583917662027,-5.228708445433466,1.2223325033587216,8.255788996352803e-19,-0.5229708445433466
P,0.25,1,0.8141661191491393,0.8278528417823501,0.9503407339907975,0.8278528417823501,0.8141661191491393,36.193822136243845,0.0,3831.4586981869716,1.380063031959712,1.2094815870450546,8.255788996352803e-19,0.13790630319597122
P,0.25,1,0.8620116163554674,0.7951723813565763,0.9701625424015776,0.7951723813565763,0.8620116163554674,41.15812912484682,0.0,4408.5815278794535,4.5453715525301,1.2054066958604963,8.255788996352803e-19,0.3916
P,0.25,1,0.4209506713536183,0.950003089413022,0.9244623681733339,0.950003089413022,0.4209506713536183,48.50844766946931,0.0,4446.247798293783,1.6421161149374717,1.2024351527848156,8.255788996352803e-19,0.16411161149374717
P,0.25,1,0.8267026245946708,0.8493173605997857,0.5633558339544679,0.8493173605997857,0.8267026245946708,18.372785297279194,0.0,1798.4181616767175,-10.858287836106797,1.2367280878473963,8.255788996352803e-19,-1.0859287836106797
P,0.25,1,0.7739498245881086,0.9153729511630244,0.99556222874319,0.9153729511630244,0.7739498245881086,32.73657754035584,0.0,3579.914804390829,0.13048118180679513,1.2094238567452729,8.255788996352803e-19,0.012948118180679513
P,0.25,1,0.667107653054499,0.8859467677048463,0.7142922421277507,0.8859467677048463,0.667107653054499,42.480080288887436,0.0,4057.2736192263355,1.1519611857751384,1.2110136307293597,8.255788996352803e-19,0.11509611857751385
P,0.25,1,0.8472311280068346,0.7547487432124895,0.4131779271855972,0.7547487432124895,0.8472311280068346,31.226216251677098,0.0,2823.7380770943514,-4.70035320760326,1.2289424433304352,8.255788996352803e-19,-0.470135320760326
P,0.25,1,0.6465966168946936,0.8165808706029201,0.5077235482941931,0.8165808706029201,0.6465966168946936,58.316903778060535,0.0,5006.6206702243335,4.24444375556319,1.2113586922491422,8.255788996352803e-19,0.3916
P,0.25,1,0.8246522568449327,0.7302751564361,0.07877279582357538,0.7302751564361,0.8246522568449327,38.165761964264824,0.0,3042.4100707162515,-4.394768057421886,1.2324348052276224,8.255788996352803e-19,-0.4395768057421886
P,0.25,1,0.8026749077745161,0.7306824030015688,0.45893674427047093,0.7306824030015688,0.8026749077745161,38.14126384826337,0.0,3361.8199745207867,-2.331219425621328,1.224008146143502,8.255788996352803e-19,-0.23322194256213277
P,0.25,1,0.8611249028293435,0.9024292122514925,0.39561231850511613,0.9024292122514925,0.8611249028293435,55.35512122827154,0.0,5428.5667879020475,8.357085374669944,1.2095948416394486,8.255788996352803e-19,0.3916
P,0.25,1,0.7752587072957273,0.5056943016581648,0.21880214109689167,0.5056943016581648,0.7752587072957273,62.36467968427165,0.0,4335.449340794184,-0.33719074312676567,1.2284434752378408,8.255788996352803e-19,-0.03381907431267657
P,0.25,1,0.9072278907744161,0.5915567741115355,0.20972886208026276,0.5915567741115355,0.9072278907744161,37.18506543504756,0.0,2981.5898283433135,-4.422384419899956,1.2341991658530935,8.255788996352803e-19,-0.4423384419899956
P,0.25,1,0.8525591602956027,0.8226986456621361,0.852794027763853,0.8226986456621361,0.8525591602956027,33.86098914906863,0.0,3558.2055524839348,0.09364014755435233,1.2137726434420386,8.255788996352803e-19,0.009264014755435233
P,0.25,1,0.2481810966413115,0.9001041494357623,0.5873047288699915,0.9001041494357623,0.2481810966413115,30.423198933644912,0.0,2193.4177387256645,-12.113074490624397,1.2270369866015518,8.255788996352803e-19,-1.2114074490624396
P,0.25,1,0.927836081545254,0.9400922391646712,0.27190818261589267,0.9400922391646712,0.927836081545254,35.83354698618817,0.0,3590.310728291924,0.5227663980667979,1.222892817920057,8.255788996352803e-19,0.05217663980667979
P,0.25,1,0.7659267438266892,0.3776802010444642,0.9959839783607843,0.3776802010444642,0.7659267438266892,61.980686463469326,0.0,5087.371441510715,4.137251974944819,1.2095019773384423,8.255788996352803e-19,0.3916
P,0.25,1,0.7308386922581782,0.6568478452963848,0.9764641132996279,0.6568478452963848,0.7308386922581782,36.924231086265145,0.0,3463.3425835712037,-1.8966728360815521,1.2142051537007308,8.255788996352803e-19,-0.1897672836081552
P,0.25,1,0.8853909977819752,0.7156026801029041,0.19043192632590467,0.7156026801029041,0.8853909977819752,33.870207301887675,0.0,2872.5486084875274,-4.596850762999803,1.2328190087219058,8.255788996352803e-19,-0.45978507629998033
P,0.25,1,0.7143908500399282,0.8321934538806877,0.4827896129665194,0.8321934538806877,0.7143908500399282,68.48186313546124,0.0,6122.207036387096,9.439279490186607,1.2063216415512132,8.255788996352803e-19,0.3916
P,0.25,1,0.9332800893805666,0.8411459964648894,0.45513880707322885,0.8411459964648894,0.9332800893805666,16.54030091848655,0.0,1655.6803915916096,-11.159423838083839,1.240542909747023,8.255788996352803e-19,-1.116042383808384
P,0.25,1,0.4057164853058453,0.7099890745136536,0.9971901155557944,0.7099890745136536,0.4057164853058453,80.41307796347877,0.0,6490.544070967568,8.435425273670283,1.1963062000980467,8.255788996352803e-19,0.3916
P,0.25,1,0.38443320451774105,0.5319844701522278,0.23642006336192622,0.5319844701522278,0.38443320451774105,65.84704831289031,0.0,3406.359028297235,-7.77875678647209,1.2326110051085128,8.255788996352803e-19,-0.777975678647209
P,0.25,1,0.6740238709948552,0.39478112084818706,0.8633692012633336,0.39478112084818706,0.6740238709948552,70.12112954174151,0.0,5260.801254497699,3.564041360804248,1.2118030399513904,8.255788996352803e-19,0.35630413608042477
P,0.25,1,0.7730850811871491,0.9133680195648715,0.039010909363530466,0.9133680195648715,0.7730850811871491,31.90430070715675,0.0,2721.370737325312,-5.6807370809872255,1.2314229408325885,8.255788996352803e-19,-0.5681737080987226
P,0.25,1,0.7841039948284109,0.7906326795323919,0.9490074687140014,0.7906326795323919,0.7841039948284109,68.80450875285933,0.0,7049.848981916857,15.063487868269261,1.1917220884172364,8.255788996352803e-19,0.3916
P,0.25,1,0.3361865190686677,0.7100655280570447,0.9336019856136885,0.7100655280570447,0.3361865190686677,37.68936375433933,0.0,2851.300320081352,-8.060296381164738,1.2176329429472834,8.255788996352803e-19,-0.8061296381164738
P,0.25,1,0.4209506713536183,0.950003089413022,0.7631786753772812,0.950003089413022,0.4209506713536183,77.89740409409525,0.0,6825.927896634439,10.981332636474685,1.194479663618549,8.255788996352803e-19,0.3916
P,0.25,1,0.8549009658120347,0.8130250723348638,0.824038842690529,0.8130250723348638,0.8549009658120347,35.17293087522009,0.0,3657.888893547287,0.557518490111325,1.2136233676464245,8.255788996352803e-19,0.0556518490111325
P,0.25,1,0.8320329681300493,0.816236787678662,0.9356925824754673,0.816236787678662,0.8320329681300493,35.56168540222624,0.0,3762.6326569834127,1.094799456031386,1.2105463015300097,8.255788996352803e-19,0.10937994560313861
P,0.25,1,0.42640023432398577,0.7782056072907176,0.5322389752958891,0.7782056072907176,0.42640023432398577,175.61718866912693,0.0,12914.232381479113,29.50993669756868,1.1859982170231531,8.255788996352803e-19,0.3916
P,0.25,1,0.7921544022452369,0.772288891571173,0.9594609721287574,0.772288891571173,0.7921544022452369,17.181531432226116,0.0,1756.101802597712,-11.628064893032715,1.2323941490252943,8.255788996352803e-19,-1.1629064893032715
P,0.25,1,0.7411212850775143,0.4513548373071714,0.55804241716242,0.4513548373071714,0.7411212850775143,84.41274820815775,0.0,6210.6566843900155,7.196909858620801,1.214066304558896,8.255788996352803e-19,0.3916
P,0.25,1,0.9110976756689297,0.3638672371415224,0.7957883183868902,0.3638672371415224,0.9110976756689297,23.300453712150706,0.0,1948.9187687089097,-10.167878514124906,1.2358491360048773,8.255788996352803e-19,-1.0168878514124906
P,0.25,1,0.8866730449779794,0.683533809877531,0.9948521722039791,0.683533809877531,0.8866730449779794,68.95690807842733,0.0,7128.878732476735,15.76588071815924,1.1926294585017727,8.255788996352803e-19,0.3916
P,0.25,1,0.6982370732055772,0.4397442763834538,0.6346839142951961,0.4397442763834538,0.6982370732055772,35.45345216698135,0.0,2579.81176214401,-8.17533640878747,1.2308566662063516,8.255788996352803e-19,-0.8176336408787469
P,0.25,1,0.7708183730668716,0.7951723813565763,0.851119600505794,0.7951723813565763,0.7708183730668716,40.19169822413282,0.0,4002.189944582799,1.569255853574263,1.2104628597987415,8.255788996352803e-19,0.1568255853574263
P,0.25,1,0.7739498245881086,0.8518529773740888,0.7091111339484869,0.8518529773740888,0.7739498245881086,24.544010115697223,0.0,2430.2967919940825,-7.006583850474135,1.2264662350702107,8.255788996352803e-19,-0.7007583850474135
P,0.25,1,0.9962888133913169,0.7065568014202492,0.676128769101964,0.7065568014202492,0.9962888133913169,29.934252489841672,0.0,3054.655761498056,-2.154299731281134,1.2235131124743246,8.255788996352803e-19,-0.21552997312811337
P,0.25,1,0.9662843033982935,0.1206273754662327,0.9130664546935385,0.1206273754662327,0.9662843033982935,70.6886423701999,0.0,5455.201249663849,5.39941541098449,1.215740391198249,8.255788996352803e-19,0.3916
P,0.25,1,0.8958146772595554,0.8859467677048463,0.8031644913475263,0.8859467677048463,0.8958146772595554,25.914557921025704,0.0,2829.0193266274377,-3.548253099963266,1.2210553925685228,8.255788996352803e-19,-0.3549253099963266
P,0.25,1,0.9585656777593069,0.7935825732334967,0.780537724411589,0.7935825732334967,0.9585656777593069,36.799466320732236,0.0,3941.9903201056095,2.7073747084426487,1.2128367081867912,8.255788996352803e-19,0.27063747084426487
P,0.25,1,0.7471392169047195,0.1957943559683255,0.6434041080936159,0.1957943559683255,0.7471392169047195,61.30229951710455,0.0,3876.253599072106,-3.3817245803604656,1.2278984521239906,8.255788996352803e-19,-0.33827245803604655
P,0.25,1,0.33743637069789956,0.9073590247390917,0.6434041080936159,0.9073590247390917,0.33743637069789956,61.30229951710455,0.0,4801.494792051811,1.4092315736955732,1.2075763395050443,8.255788996352803e-19,0.14082315736955733
P,0.25,1,0.9438885485560804,0.5056943016581648,0.744330024482595,0.5056943016581648,0.9438885485560804,24.57418899274051,0.0,2238.398813455178,-7.82248355657302,1.2323545553988624,8.255788996352803e-19,-0.782348355657302
P,0.25,1,0.8303311407684172,0.3297218193905589,0.8120106727914885,0.3297218193905589,0.8303311407684172,29.912283904447534,0.0,2342.2190188730146,-8.586423175684876,1.231673937151546,8.255788996352803e-19,-0.8587423175684876
P,0.25,1,0.2545971011323186,0.9420098652615752,0.775365946197058,0.9420098652615752,0.2545971011323186,202.46655275552442,0.0,16038.286130714461,40.51345206765867,1.1663012530650363,8.255788996352803e-19,0.3916
P,0.25,1,0.6435989146549388,0.7861103982297046,0.45975491450279116,0.7861103982297046,0.6435989146549388,6.419678781032712,0.0,532.7006986762472,-22.754461459521977,1.2560727901410622,8.255788996352803e-19,-2.2755461459521977
P,0.25,1,0.9199657536749081,0.7834384364806893,0.5203643320834809,0.7834384364806893,0.9199657536749081,27.48015994137014,0.0,2697.9833563497523,-4.63187944172949,1.2282268005195598,8.255788996352803e-19,-0.46328794417294905
P,0.25,1,0.6940865327766084,0.834921252398579,0.09518710685349407,0.834921252398579,0.6940865327766084,35.347373367550276,0.0,2786.435808367106,-6.238664723087366,1.2319113693344252,8.255788996352803e-19,-0.6239664723087366
P,0.25,1,0.7113625693231735,0.8317784227134547,0.6885874129882641,0.8317784227134547,0.7113625693231735,33.48051015005744,0.0,3159.613829086486,-3.326438686119292,1.2194612336716792,8.255788996352803e-19,-0.33274386861192917
P,0.25,1,0.2481810966413115,0.6428245093552424,0.9233183725342744,0.6428245093552424,0.2481810966413115,81.98099060935566,0.0,5544.639981608784,2.3360966925541984,1.2043377859120925,8.255788996352803e-19,0.23350966925541985
P,0.25,1,0.927836081545254,0.6830804160602362,0.27190818261589267,0.6830804160602362,0.927836081545254,73.97680995417083,0.0,6461.395678528989,11.061003207131275,1.2132459989723736,8.255788996352803e-19,0.3916
P,0.25,1,0.17973737380812782,0.680866395996953,0.5483083139236444,0.680866395996953,0.17973737380812782,220.0684360527033,0.0,12486.22011210002,23.685152024828092,1.1922114065288336,8.255788996352803e-19,0.3916
P,0.25,1,0.7666199522308568,0.8362878887613675,0.6549997146990023,0.8362878887613675,0.7666199522308568,37.55548036610505,0.0,3624.8694206825357,-0.4894872917914035,1.2164217411305234,8.255788996352803e-19,-0.04904872917914035
P,0.25,1,0.8872675208433157,0.8831223710858358,0.3854403644155321,0.8831223710858358,0.8872675208433157,50.29990479783404,0.0,4937.212491837794,6.360334123410024,1.2128204651190795,8.255788996352803e-19,0.3916
P,0.25,1,0.8008945301282978,0.8992505999337582,0.8860035249925735,0.8992505999337582,0.8008945301282978,55.444848462685115,0.0,5941.322734558592,11.314826341356225,1.195854827048788,8.255788996352803e-19,0.3916
P,0.25,1,0.9889851270567103,0.384396968664671,0.32961737780486033,0.384396968664671,0.9889851270567103,56.32999849026368,0.0,4332.314228779839,1.292666968608895,1.2281514610598712,8.255788996352803e-19,0.1291666968608895
P,0.25,1,0.9860748120094764,0.9929608950971753,0.3739730788733413,0.9929608950971753,0.9860748120094764,70.12112954174151,0.0,7594.196327007914,18.883243556413408,1.197795552018537,8.255788996352803e-19,0.3916
P,0.25,1,0.8046848174964305,0.7782056072907176,0.9123840886238594,0.7782056072907176,0.8046848174964305,65.35233467821688,0.0,6662.939997852387,13.532788432480244,1.1945561415894326,8.255788996352803e-19,0.3916
P,0.25,1,0.9618890081073035,0.9340853399299568,0.6089327712992628,0.9340853399299568,0.9618890081073035,36.87722728126472,0.0,4057.3076527562203,3.678338654778883,1.2130573152601754,8.255788996352803e-19,0.36773386547788833
P,0.25,1,0.9984733153046459,0.28606953046393924,0.5304968467519947,0.28606953046393924,0.9984733153046459,60.94165500747294,0.0,4722.3422428901395,2.8675936143015854,1.223926778311513,8.255788996352803e-19,0.2866593614301586
P,0.25,1,0.8486468664618759,0.9573270358696603,0.7225835485198803,0.9573270358696603,0.8486468664618759,29.600917715865815,0.0,3207.652648060227,-1.5172393541330769,1.2174787801699791,8.255788996352803e-19,-0.1518239354133077
P,0.25,1,0.831266084086312,0.8662208961548548,0.5394556907322166,0.8662208961548548,0.831266084086312,31.18974464337294,0.0,3067.846403467417,-2.93492042998166,1.2230009377325677,8.255788996352803e-19,-0.293592042998166
P,0.25,1,0.689910884822093,0.45972854854436895,0.3935116318964239,0.45972854854436895,0.689910884822093,77.89740409409525,0.0,5244.034740311764,2.489474245486773,1.2219195231986937,8.255788996352803e-19,0.2488474245486773
P,0.25,1,0.7053881482083099,0.873403621959034,0.7591163787393076,0.873403621959034,0.7053881482083099,225.2774967220722,0.0,22058.60882951331,65.1762256379237,1.1474683089133446,8.255788996352803e-19,0.3916
P,0.25,1,0.8992044602799681,0.32041352701681036,0.824038842690529,0.32041352701681036,0.8992044602799681,61.32303307231323,0.0,5002.847738608973,4.176900195851798,1.215045859518292,8.255788996352803e-19,0.3916
P,0.25,1,0.6350748097420171,0.9770602785778327,0.8896505143405316,0.9770602785778327,0.6350748097420171,42.63636847331158,0.0,4385.0659612653435,3.2690675865373704,1.2035191976603752,8.255788996352803e-19,0.32680675865373704
P,0.25,1,0.8963305554801425,0.26930845990720753,0.5224718201396613,0.26930845990720753,0.8963305554801425,63.679326116921445,0.0,4543.1216853122905,0.9484237430859959,1.2256401644096835,8.255788996352803e-19,0.09474237430859958
P,0.25,1,0.7040249955076497,0.8733561308547841,0.74186342732202,0.8733561308547841,0.7040249955076497,40.76430054690925,0.0,3971.0805085058987,1.0370497080187024,1.2113635897613215,8.255788996352803e-19,0.10360497080187026
P,0.25,1,0.7311975420037943,0.5353380766399618,0.7755336746289601,0.5353380766399618,0.7311975420037943,60.39057010528671,0.0,4995.213422094692,3.864184191317799,1.2115042158350584,8.255788996352803e-19,0.38631841913177994
P,0.25,1,0.8525591602956027,0.3744008233196539,0.852794027763853,0.3744008233196539,0.8525591602956027,60.73369835141646,0.0,5020.7242576598765,4.26400928178037,1.2131007189058987,8.255788996352803e-19,0.3916
P,0.25,1,0.8606756937159692,0.8833950172259455,0.6060786388029584,0.8833950172259455,0.8606756937159692,47.726138051088476,0.0,4885.032795696836,6.443223578367759,1.2082821431716022,8.255788996352803e-19,0.3916
P,0.25,1,0.7822269637503503,0.7847098180413487,0.8348143953225778,0.7847098180413487,0.7822269637503503,44.77642327133091,0.0,4442.591296995208,3.683042727067623,1.2079779125156582,8.255788996352803e-19,0.3682042727067623
P,0.25,1,0.7739498245881086,0.9138002225295414,0.4622921929075655,0.9138002225295414,0.7739498245881086,35.58530257609156,0.0,3414.2249940542333,-1.4611144505246105,1.220571755737745,8.255788996352803e-19,-0.14621144505246103
P,0.25,1,0.06916281347689679,0.5674855623685403,0.6590301756136472,0.5674855623685403,0.06916281347689679,73.5960953569181,0.0,3555.2929200661024,-8.736441458513562,1.2216649757391136,8.255788996352803e-19,-0.8737441458513562
P,0.25,1,0.1534881723987106,0.711786644927629,0.6821407954313314,0.711786644927629,0.1534881723987106,11.232265261831387,0.0,677.4994726346415,-24.0502119940789,1.2487819856449431,8.255788996352803e-19,-2.40512119940789
P,0.25,1,0.9868453872380247,0.7237874104574992,0.5888020879919352,0.7237874104574992,0.9868453872380247,70.6886423701999,0.0,7086.6560087738935,15.553592782280006,1.2014761508620602,8.255788996352803e-19,0.3916
P,0.25,1,0.8496574962769964,0.45416281349360493,0.780537724411589,0.45416281349360493,0.8496574962769964,36.799466320732236,0.0,3117.078871423127,-3.9057425411832534,1.2241579228696213,8.255788996352803e-19,-0.39067425411832535
P,0.25,1,0.020391331559828862,0.8859467677048463,0.3165394222604744,0.8859467677048463,0.020391331559828862,48.877264924392485,0.0,2601.755899462477,-12.123345480393942,1.227618857577085,8.255788996352803e-19,-1.212434548039394
P,0.25,1,0.4489791251036407,0.6811243572430999,0.39561231850511613,0.6811243572430999,0.4489791251036407,26.256309822447733,0.0,1743.3003483023358,-14.13772733546223,1.238501762529456,8.255788996352803e-19,-1.413872733546223
P,0.25,1,0.9546836490369244,0.8941430788263517,0.7552597793201343,0.8941430788263517,0.9546836490369244,22.059140026946444,0.0,2455.6859144934483,-5.470989139353213,1.2262969670052746,8.255788996352803e-19,-0.5471989139353213
P,0.25,1,0.921390961777838,0.9300411404017195,0.3216429324040635,0.9300411404017195,0.921390961777838,35.664658948562035,0.0,3588.3168617178167,0.4932693470306428,1.2220998615396914,8.255788996352803e-19,0.04922693470306428
P,0.25,1,0.9425547432003705,0.7464881748909215,0.7563062624969672,0.7464881748909215,0.9425547432003705,15.778040709322315,0.0,1630.8151710316622,-11.523461179908578,1.2379650157725242,8.255788996352803e-19,-1.1524461179908578
P,0.25,1,0.7916966996784548,0.8778642312668412,0.7776543729604011,0.8778642312668412,0.7916966996784548,38.973632451510824,0.0,4011.14309655493,2.055360061111981,1.2105418499430274,8.255788996352803e-19,0.2054360061111981
P,0.25,1,0.6060086983812804,0.5314892109460954,0.3783468088397923,0.5314892109460954,0.6060086983812804,64.93078421537301,0.0,4307.090439882477,-1.4702189902674945,1.224568396045258,8.255788996352803e-19,-0.14712189902674944
P,0.25,1,0.927836081545254,0.8956420868997194,0.8174309776345077,0.8956420868997194,0.927836081545254,37.48635902121189,0.0,4183.840642050192,4.200168267381149,1.2085885194553287,8.255788996352803e-19,0.3916
P,0.25,1,0.7519350666172984,0.6819005453791247,0.9669405290008843,0.6819005453791247,0.7519350666172984,32.94373434943514,0.0,3158.1607730961814,-3.2531164753139223,1.216678552194877,8.255788996352803e-19,-0.32541164753139223
P,0.25,1,0.33315913382061,0.6205438559672011,0.32612655109581723,0.6205438559672011,0.33315913382061,26.70911013432178,0.0,1491.3916587573478,-16.700802805662722,1.242210036781683,8.255788996352803e-19,-1.6701802805662722
P,0.25,1,0.7113625693231735,0.247275429534634,0.4275469863324637,0.247275429534634,0.7113625693231735,59.65118169120407,0.0,3496.7865463790813,-5.577078004293796,1.233643269447437,8.255788996352803e-19,-0.5578078004293796
P,0.25,1,0.8948312636367941,0.8357645133589764,0.78533155033291,0.8357645133589764,0.8948312636367941,26.419790316071246,0.0,2804.8062497150986,-3.8496698596380616,1.2221025428270662,8.255788996352803e-19,-0.3850669859638062
P,0.25,1,0.7082255544378847,0.03959250115964408,0.5777038830700647,0.03959250115964408,0.7082255544378847,59.5114609795017,0.0,3084.687304148728,-8.308232624291875,1.2369329323539637,8.255788996352803e-19,-0.8309232624291875
P,0.25,1,0.8008945301282978,0.7537161671047163,0.20165311340529124,0.7537161671047163,0.8008945301282978,15.093573894606148,0.0,1249.323226008088,-14.9902686186207,1.2467170160259482,8.255788996352803e-19,-1.49912686186207
P,0.25,1,0.9725020590119262,0.36545489252833835,0.07877279582357538,0.36545489252833835,0.9725020590119262,279.46844893969205,0.0,19246.200476438262,49.55208251214052,1.1894197042099757,8.255788996352803e-19,0.3916
P,0.25,1,0.9860748120094764,0.8197619135363813,0.7506999473465878,0.8197619135363813,0.9860748120094764,33.505519318687746,0.0,3654.089654417602,1.5171236746157706,1.2153948411780995,8.255788996352803e-19,0.15161236746157708
P,0.25,1,0.9595472927894131,0.03719947708739857,0.5058519909226645,0.03719947708739857,0.9595472927894131,35.63085410897333,0.0,2226.3453992860336,-9.81505867227862,1.2430558155210876,8.255788996352803e-19,-0.981605867227862
P,0.25,1,0.8060861612456093,0.8722031609274428,0.9912044449415041,0.8722031609274428,0.8060861612456093,39.5502164177898,0.0,4298.89405297329,3.952985956534318,1.2043438295805653,8.255788996352803e-19,0.3916
P,0.25,1,0.86389611859999,0.7981041587896551,0.6361137537235819,0.7981041587896551,0.86389611859999,25.46745022153263,0.0,2521.3503505844,-5.969921664583666,1.2276833729721044,8.255788996352803e-19,-0.5970921664583666
P,0.25,1,0.18704752216948795,0.6552791415496249,0.36834870521150975,0.6552791415496249,0.18704752216948795,30.127034416491938,0.0,1546.2715723691622,-17.280567453074834,1.239610931520732,8.255788996352803e-19,-1.7281567453074835
P,0.25,1,0.9784808248792252,0.02261076924741867,0.9233183725342744,0.02261076924741867,0.9784808248792252,285.9737426682188,0.0,20915.415763003366,55.531328106665704,1.1717719593821863,8.255788996352803e-19,0.3916
P,0.25,1,0.08277811011522995,0.4933682660471945,0.2768768870298214,0.4933682660471945,0.08277811011522995,42.60437972061673,0.0,1522.222150006081,-18.906207973273077,1.2430020885919273,8.255788996352803e-19,-1.8907207973273077
P,0.25,1,0.03353858064797999,0.8101924342593227,0.3935116318964239,0.8101924342593227,0.03353858064797999,77.89740409409525,0.0,4052.5611558868286,-6.199144111196059,1.220083465091244,8.255788996352803e-19,-0.620014411119606
P,0.25,1,0.9398884002734348,0.7352671910376716,0.8855003594097168,0.7352671910376716,0.9398884002734348,41.78634878841567,0.0,4424.977462433576,4.819040663125439,1.2082058573384649,8.255788996352803e-19,0.3916
P,0.25,1,0.9155434503372749,0.9138002225295414,0.4622921929075655,0.9138002225295414,0.9155434503372749,35.58530257609156,0.0,3666.15759481073,0.988598608341741,1.2190485030019893,8.255788996352803e-19,0.0987598608341741
P,0.25,1,0.9231135146830141,0.816236787678662,0.47070844345337515,0.816236787678662,0.9231135146830141,171.09738558090694,0.0,16893.339068315407,49.29302885181268,1.1704091053871475,8.255788996352803e-19,0.3916
P,0.25,1,0.27164267043158796,0.9578516574776019,0.9148677760225828,0.9578516574776019,0.27164267043158796,162.47947453819705,0.0,13704.5605053209,34.017407453142596,1.1685697646812696,8.255788996352803e-19,0.3916
P,0.25,1,0.6350748097420171,0.3920469344821139,0.011460929460245572,0.3920469344821139,0.6350748097420171,297.6652526602283,0.0,15372.210686952147,32.284348788644955,1.2043933007609928,8.255788996352803e-19,0.3916
P,0.25,1,0.7636829250629567,0.8226986456621361,0.15157751479880033,0.8226986456621361,0.7636829250629567,19.712244194671168,0.0,1638.255370056335,-12.355000922717235,1.2416202504962406,8.255788996352803e-19,-1.2356000922717234
P,0.25,1,0.8597856385691104,0.5414027014488026,0.9215624993443103,0.5414027014488026,0.8597856385691104,40.49181942432987,0.0,3769.726819966191,0.06172233041258207,1.215230942031936,8.255788996352803e-19,0.006072233041258207
P,0.25,1,0.9701065366802387,0.6951155355440712,0.5888020879919352,0.6951155355440712,0.9701065366802387,40.27165564236077,0.0,3945.863366261647,1.9987362938028814,1.2182569043722842,8.255788996352803e-19,0.19977362938028814
P,0.25,1,0.8228103184690011,0.9775678541139119,0.8474894939808323,0.9775678541139119,0.8228103184690011,29.85056245849225,0.0,3319.5660063043897,-0.8931954523140366,1.2139021336141107,8.255788996352803e-19,-0.08941954523140366
P,0.25,1,0.7268713833171931,0.8058970647593349,0.6654290965924884,0.8058970647593349,0.7268713833171931,58.12294015669247,0.0,5421.3678280751,7.145379908117499,1.2057585153696846,8.255788996352803e-19,0.3916
P,0.25,1,0.834530533327653,0.8859467677048463,0.8216349674694049,0.8859467677048463,0.834530533327653,20.17580491093547,0.0,2150.029389257863,-8.350278837009053,1.2284145936935993,8.255788996352803e-19,-0.8351278837009053
P,0.25,1,0.679039264104511,0.5617268669577125,0.99556222874319,0.5617268669577125,0.679039264104511,69.92259309049925,0.0,6078.186580553861,8.55882452565625,1.2008382278236394,8.255788996352803e-19,0.3916
P,0.25,1,0.9832010430166437,0.684867892437816,0.780537724411589,0.684867892437816,0.9832010430166437,36.799466320732236,0.0,3787.2866230844347,1.6345035337702034,1.2158032528342941,8.255788996352803e-19,0.16335035337702036
P,0.25,1,0.7982486845963784,0.58556488846254,0.5545086426867789,0.58556488846254,0.7982486845963784,68.98407258984965,0.0,5729.3614102058755,7.109664906592143,1.212180793959883,8.255788996352803e-19,0.3916
P,0.25,1,0.9693887643010246,0.5056943016581648,0.4598423247038502,0.5056943016581648,0.9693887643010246,28.960144578351876,0.0,2468.8584479295573,-6.5335635924492586,1.2350030749426388,8.255788996352803e-19,-0.6534563592449258
P,0.25,1,0.029728495531615662,0.7988606241573086,0.5509373048201701,0.7988606241573086,0.029728495531615662,34.79950964971823,0.0,1921.0334547002947,-15.598841035818756,1.2300651442107093,8.255788996352803e-19,-1.5599841035818756
P,0.25,1,0.9544378786105757,0.11615268047974125,0.8233732910528081,0.11615268047974125,0.9544378786105757,16.814257659835974,0.0,1246.169542086348,-14.913503725204892,1.2458687752181807,8.255788996352803e-19,-1.491450372520489
P,0.25,1,0.5714465954301355,0.938796760748705,0.3216429324040635,0.938796760748705,0.5714465954301355,43.55022568705556,0.0,3638.7625076193194,-2.1862414451054692,1.2207438650062319,8.255788996352803e-19,-0.21872414451054692
P,0.25,1,0.8668793243122929,0.8077770658665101,0.6613450921145907,0.8077770658665101,0.8668793243122929,55.35512122827154,0.0,5550.261318395503,9.048045994231833,1.2049740403365496,8.255788996352803e-19,0.3916
P,0.25,1,0.9080241943783983,0.7375511049993793,0.6189347013131626,0.7375511049993793,0.9080241943783983,39.14203891938017,0.0,3826.217774834651,1.1606243903935098,1.2176350370886466,8.255788996352803e-19,0.115962439039351
P,0.25,1,0.7644136072798187,0.4694667733759711,0.5932298865240377,0.4694667733759711,0.7644136072798187,59.29483605186272,0.0,4537.523465492449,1.2956456301232733,1.2194593163732852,8.255788996352803e-19,0.12946456301232734
P,0.25,1,0.8140102125310374,0.7856871848034179,0.8055594154303806,0.7856871848034179,0.8140102125310374,47.86551042789806,0.0,4792.479437669047,5.505060274414127,1.206436757944686,8.255788996352803e-19,0.3916
P,0.25,1,0.94044225019402,0.9194179430635988,0.8030783690548713,0.9194179430635988,0.94044225019402,19.287486715918178,0.0,2180.8355229207436,-7.37683083543086,1.228795038362401,8.255788996352803e-19,-0.737783083543086
P,0.25,1,0.03529954620426723,0.37691341611231033,0.5233515501807595,0.37691341611231033,0.03529954620426723,53.8408693143183,0.0,1814.1377721559475,-18.019856808622357,1.2378977241103704,8.255788996352803e-19,-1.8020856808622359
P,0.25,1,0.6263291188202947,0.11247520374760178,0.2219595178220103,0.11247520374760178,0.6263291188202947,18.06809670266569,0.0,767.699048027337,-20.33133370572648,1.258063115816998,8.255788996352803e-19,-2.033233370572648
P,0.25,1,0.7288849954319452,0.15604774468135352,0.9865729910374894,0.15604774468135352,0.7288849954319452,36.4269465799534,0.0,2510.2159235916333,-8.992301562284915,1.2291720948001015,8.255788996352803e-19,-0.8993301562284914
P,0.25,1,0.61793736212609,0.5431802424212343,0.8942211457683245,0.5431802424212343,0.61793736212609,55.74596543271198,0.0,4482.611619350451,1.0357199227623641,1.2112852226733757,8.255788996352803e-19,0.10347199227623642
P,0.25,1,0.7401728997171496,0.8197619135363813,0.7506999473465878,0.8197619135363813,0.7401728997171496,40.60152679202791,0.0,3928.775856330675,0.8868706421595486,1.2124910246139737,8.255788996352803e-19,0.08858706421595486
P,0.25,1,0.8008945301282978,0.6143881279674233,0.6172393256960664,0.6143881279674233,0.8008945301282978,23.332140602245353,0.0,2011.116566839838,-10.036419556322281,1.2349246047293267,8.255788996352803e-19,-1.003741955632228
P,0.25,1,0.7962705817251456,0.28606953046393924,0.9223556533192261,0.28606953046393924,0.7962705817251456,6.630047675723816,0.0,511.67987614509116,-22.299592756058345,1.2549300572002773,8.255788996352803e-19,-2.230059275605835
P,0.25,1,0.7765508744430418,0.834717549457807,0.3935116318964239,0.834717549457807,0.7765508744430418,37.12855410373657,0.0,3356.4662905051514,-2.19748794851165,1.2235661772122675,8.255788996352803e-19,-0.21984879485116499
P,0.25,1,0.72997596180909,0.5697519883160511,0.15530459629919358,0.5697519883160511,0.72997596180909,37.68936375433933,0.0,2595.6292602634403,-8.030434297385417,1.2378532911326958,8.255788996352803e-19,-0.8031434297385417
P,0.25,1,0.8298677717865031,0.8872415291482673,0.9770141178834887,0.8872415291482673,0.8298677717865031,33.97170039244952,0.0,3746.4269079205037,1.3385208050952186,1.2089157487537863,8.255788996352803e-19,0.13375208050952186
P,0.25,1,0.8549009658120347,0.8881830856294638,0.8260045473521288,0.8881830856294638,0.8549009658120347,5.387955249275578,0.0,580.844831665423,-21.89121291447287,1.2549583359465895,8.255788996352803e-19,-2.189221291447287
P,0.25,1,0.8320329681300493,0.816236787678662,0.8497070659129147,0.816236787678662,0.8320329681300493,36.79413782508563,0.0,3813.939200761021,1.2298463110916906,1.2117522012371782,8.255788996352803e-19,0.12288463110916907
P,0.25,1,0.9312870940776456,0.35520282707064893,0.8855003594097168,0.35520282707064893,0.9312870940776456,54.05250469691183,0.0,4673.487933672668,3.5792573067333677,1.2143212574124462,8.255788996352803e-19,0.3578257306733368
P,0.25,1,0.647886529958247,0.4065137569413887,0.9015167220483625,0.4065137569413887,0.647886529958247,244.20650244941461,0.0,18378.47645204826,47.71057777882021,1.1698491182246924,8.255788996352803e-19,0.3916
P,0.25,1,0.7658501113348164,0.9770602785778327,0.6049198784977708,0.9770602785778327,0.7658501113348164,13.056540888568048,0.0,1335.2730667480732,-14.758696341269207,1.2421492635523528,8.255788996352803e-19,-1.4759696341269206
P,0.25,1,0.5285449763831584,0.9241993379548864,0.8923256539092133,0.9241993379548864,0.5285449763831584,280.6658441027818,0.0,26647.91878418512,78.16029726144374,1.13105125719123,8.255788996352803e-19,0.3916
P,0.25,1,0.6724302440662941,0.7914631249133455,0.4622921929075655,0.7914631249133455,0.6724302440662941,35.58530257609156,0.0,3015.9246127932406,-4.870387582671813,1.2252404327948936,8.255788996352803e-19,-0.48713875826718134
P,0.25,1,0.6213769122038392,0.9400922391646712,0.7586520112560826,0.9400922391646712,0.6213769122038392,276.7553447794635,0.0,26856.271641044685,79.61082000383351,1.1328239781317053,8.255788996352803e-19,0.3916
P,0.25,1,0.7571511580687729,0.8997938107543316,0.9660739503109035,0.8997938107543316,0.7571511580687729,48.50844766946931,0.0,5190.36010715465,7.83952170554698,1.1982865216872876,8.255788996352803e-19,0.3916
P,0.25,1,0.9326751987240856,0.34569073290830754,0.5888020879919352,0.34569073290830754,0.9326751987240856,16.600958930562282,0.0,1305.4719984875535,-14.282104490187136,1.2466377800783601,8.255788996352803e-19,-1.4283104490187135
P,0.25,1,0.8884087294345876,0.8262154623675624,0.8116617602065013,0.8262154623675624,0.8884087294345876,40.49181942432987,0.0,4293.054193449894,4.064600784310541,1.2089335417463807,8.255788996352803e-19,0.3916
P,0.25,1,0.7739498245881086,0.9153729511630244,0.45604446349689803,0.9153729511630244,0.7739498245881086,61.09025629338757,0.0,5856.554895549828,9.52994253418837,1.205949467476049,8.255788996352803e-19,0.3916
P,0.25,1,0.8987385649038647,0.8226986456621361,0.9471309600338491,0.8226986456621361,0.8987385649038647,125.65837790146801,0.0,13791.023879400416,40.95823771395976,1.1665937415213745,8.255788996352803e-19,0.3916
P,0.25,1,0.5645021743620813,0.9136248997575017,0.9194553445939238,0.9136248997575017,0.5645021743620813,42.71312918139989,0.0,4138.592005923941,1.214962379545532,1.2055764409207161,8.255788996352803e-19,0.1213962379545532
P,0.25,1,0.802590204582387,0.684867892437816,0.780537724411589,0.684867892437816,0.802590204582387,36.799466320732236,0.0,3454.967499778402,-1.5374610809312992,1.2178048271299855,8.255788996352803e-19,-0.1538461080931299
P,0.25,1,0.8659781813643359,0.8087160548605979,0.6733926397581171,0.8087160548605979,0.8659781813643359,44.035145187393155,0.0,4428.593758329538,4.138354763245448,1.2111069772189305,8.255788996352803e-19,0.3916
P,0.25,1,0.7745310004391607,0.9073885436203827,0.5138713062954148,0.9073885436203827,0.7745310004391607,29.605577201054125,0.0,2870.0463611292143,-4.353681979032025,1.224481171697007,8.255788996352803e-19,-0.43546819790320257
P,0.25,1,0.921390961777838,0.9300411404017195,0.8747367162592223,0.9300411404017195,0.921390961777838,57.51502407979759,0.0,6582.020679426682,15.345515546181618,1.1920061710519636,8.255788996352803e-19,0.3916
P,0.25,1,0.7715100039182924,0.856448458039171,0.9149416627458243,0.856448458039171,0.7715100039182924,29.24362069602857,0.0,3049.2751621270204,-3.163478269084555,1.2165572654054453,8.255788996352803e-19,-0.3164478269084555
P,0.25,1,0.8522483714303684,0.7951723813565763,0.2442275533197783,0.7951723813565763,0.8522483714303684,197.6420491382804,0.0,17486.721521040756,48.8104648861461,1.1763969626922195,8.255788996352803e-19,0.3916
P,0.25,1,0.8356650433817683,0.2527828055737522,0.823595752793971,0.2527828055737522,0.8356650433817683,21.036989688799146,0.0,1578.0326927452832,-13.287951488593077,1.2401424735243374,8.255788996352803e-19,-1.3288951488593077
P,0.25,1,0.8424213984832081,0.17735381544600892,0.7429860054828781,0.17735381544600892,0.8424213984832081,17.835360878392812,0.0,1240.6885361479576,-15.611510702115257,1.2459487929882178,8.255788996352803e-19,-1.5612510702115256
P,0.25,1,0.8464868443447386,0.9658585816739622,0.4538159295856119,0.9658585816739622,0.8464868443447386,31.484479992256563,0.0,3210.241629107312,-1.7651871683918605,1.2220079063032814,8.255788996352803e-19,-0.17661871683918604
P,0.25,1,0.8622171301834501,0.4961920399645664,0.7776543729604011,0.4961920399645664,0.8622171301834501,49.22430701141243,0.0,4300.324942008453,1.9424170329145158,1.215779613684362,8.255788996352803e-19,0.19414170329145158
P,0.25,1,0.5464149423597292,0.9002160721295885,0.08691334712392773,0.9002160721295885,0.5464149423597292,18.946020337226965,0.0,1411.5615821035547,-15.253798660766616,1.2427059237237537,8.255788996352803e-19,-1.5254798660766615
P,0.25,1,0.10956433838628821,0.4616236160661925,0.7706464326080452,0.4616236160661925,0.10956433838628821,209.6482886800568,0.0,10026.546502622925,13.462148556626044,1.2007485376962357,8.255788996352803e-19,0.3916
P,0.25,1,0.7113625693231735,0.6064946772937524,0.712555285614924,0.6064946772937524,0.7113625693231735,91.96418174068629,0.0,7698.022261472407,14.270008789444892,1.2005318913573981,8.255788996352803e-19,0.3916
P,0.25,1,0.48734130722699864,0.5514689732519951,0.8508690896196501,0.5514689732519951,0.48734130722699864,55.74596543271198,0.0,4081.2870707788934,-1.9827251568421442,1.2143015358386124,8.255788996352803e-19,-0.1983725156842144
P,0.25,1,0.7232552417497555,0.8823204930750732,0.7948019106060967,0.8823204930750732,0.7232552417497555,39.61261140479839,0.0,3967.156863945244,1.3181932605629718,1.2102562012743652,8.255788996352803e-19,0.1317193260562972
P,0.25,1,0.8486775716844404,0.8119178951688287,0.9461572598477982,0.8119178951688287,0.8486775716844404,33.80831224629801,0.0,3606.796004784019,0.4010273288595092,1.2117888141843416,8.255788996352803e-19,0.04000273288595092
P,0.25,1,0.7514511506232728,0.8831011991697245,0.7506999473465878,0.8831011991697245,0.7514511506232728,30.2490767305988,0.0,3039.884480177033,-3.4253736079845,1.2190013058711355,8.255788996352803e-19,-0.34263736079845
P,0.25,1,0.8139001862694283,0.9025741322317296,0.8860035249925735,0.9025741322317296,0.8139001862694283,35.4063381017798,0.0,3822.9570123250974,1.5569656992134886,1.2096503397904685,8.255788996352803e-19,0.15559656992134888
P,0.25,1,0.9595472927894131,0.7782056072907176,0.8510951482331965,0.7782056072907176,0.9595472927894131,35.56427630663783,0.0,3846.8107899306556,2.2733784688332705,1.2124771465751798,8.255788996352803e-19,0.22723784688332707
P,0.25,1,0.7522135203057722,0.9099015545937277,0.9557861015971084,0.9099015545937277,0.7522135203057722,33.039347949179934,0.0,3535.22365395052,-0.3480748239120827,1.2104846111299696,8.255788996352803e-19,-0.03490748239120827
P,0.25,1,0.9529048002854333,0.7354957367305446,0.7498019539305977,0.7354957367305446,0.9529048002854333,60.94165500747294,0.0,6287.05045207218,12.69009489619915,1.2008351672460016,8.255788996352803e-19,0.3916
P,0.25,1,0.8389338370191644,0.8184092527108695,0.9078222374768459,0.8184092527108695,0.8389338370191644,34.989914380665546,0.0,3693.6301995065555,0.7582967571310978,1.2116390975470346,8.255788996352803e-19,0.07572967571310978
P,0.25,1,0.9713238291014431,0.7362443188727396,0.7374502203023718,0.7362443188727396,0.9713238291014431,35.17293087522009,0.0,3651.4659622364543,1.0111671038412469,1.2168481131027336,8.255788996352803e-19,0.1010167103841247
P,0.25,1,0.8464868443447386,0.47681142979609603,0.7969629145129263,0.47681142979609603,0.8464868443447386,61.77535886332347,0.0,5318.178039533239,5.9716124906315295,1.2106189919245944,8.255788996352803e-19,0.3916
P,0.25,1,0.6681464610673882,0.9677243070353936,0.8855003594097168,0.9677243070353936,0.6681464610673882,33.613709875152196,0.0,3493.508074000995,-1.089053012912397,1.2109483621912027,8.255788996352803e-19,-0.10900530129123968
P,0.25,1,0.479522112547788,0.03195910411322156,0.6718144738269539,0.03195910411322156,0.479522112547788,10.95308105274202,0.0,464.07572075795343,-23.884006945392144,1.256136302069042,8.255788996352803e-19,-2.3885006945392147
P,0.25,1,0.11888552566800747,0.8640298085885464,0.9791241415683783,0.8640298085885464,0.11888552566800747,229.64702006759427,0.0,16907.502409223533,41.574623097564405,1.1618572850421194,8.255788996352803e-19,0.3916
P,0.25,1,0.6493400778206317,0.6699894851935038,0.6071844317578531,0.6699894851935038,0.6493400778206317,56.84238756786879,0.0,4612.537437408724,1.9160226784566274,1.2143456276438642,8.255788996352803e-19,0.19150226784566277
P,0.25,1,0.8744957631249999,0.36690074207018886,0.8636486537064278,0.36690074207018886,0.8744957631249999,35.58530257609156,0.0,2977.1034792531045,-4.667071647033135,1.2250744618026141,8.255788996352803e-19,-0.4668071647033135
P,0.25,1,0.3266619079592453,0.49950576151140674,0.9898034651581664,0.49950576151140674,0.3266619079592453,238.4406323701219,0.0,15749.831181477886,36.450503090430594,1.1748376179228768,8.255788996352803e-19,0.3916
P,0.25,1,0.9998313132647786,0.8226986456621361,0.8916902701735333,0.8226986456621361,0.9998313132647786,27.88431175703383,0.0,3162.6039151684213,-0.9301179354115922,1.2174399949840844,8.255788996352803e-19,-0.09311179354115921
P,0.25,1,0.9528913029360891,0.7496622120616544,0.7553518215986385,0.7496622120616544,0.9528913029360891,40.19169822413282,0.0,4180.397665929832,3.5781510474754894,1.2123054130610675,8.255788996352803e-19,0.357715104747549
P,0.25,1,0.4209506713536183,0.8133671274641007,0.7874849767631823,0.8133671274641007,0.4209506713536183,48.50844766946931,0.0,3948.733862217446,-1.733339160955568,1.2110821362132438,8.255788996352803e-19,-0.17343391609555678
P,0.25,1,0.8597856385691104,0.16779956878428726,0.9215624993443103,0.16779956878428726,0.8597856385691104,78.62729383662756,0.0,5851.3113376564215,6.157424475336825,1.2132043652457998,8.255788996352803e-19,0.3916
P,0.25,1,0.8301487678022188,0.7875919654703363,0.9376076825069392,0.7875919654703363,0.8301487678022188,35.60022272631029,0.0,3714.072579075041,0.7079943583614663,1.2113235541435485,8.255788996352803e-19,0.07069943583614663
P,0.25,1,0.7739498245881086,0.35655705079761085,0.5761785107281037,0.35655705079761085,0.7739498245881086,54.760517008875276,0.0,3884.152877332375,-2.139878025032849,1.225619744225244,8.255788996352803e-19,-0.2140878025032849
P,0.25,1,0.9701065366802387,0.6920247523687693,0.3828954683575909,0.6920247523687693,0.9701065366802387,41.620304756099124,0.0,3857.3261918126855,1.143300284014742,1.2231232406189254,8.255788996352803e-19,0.1142300284014742
P,0.25,1,0.6714604088232451,0.006800909224571883,0.07469247422012748,0.006800909224571883,0.6714604088232451,13.531411173864715,0.0,484.15900339826777,-25.921698594406458,1.2605507224550332,8.255788996352803e-19,-2.5922698594406457
P,0.25,1,0.667107653054499,0.7096931550473873,0.8622812892076324,0.7096931550473873,0.667107653054499,22.92359159144062,0.0,2072.225574153069,-10.316740158788166,1.228883152337096,8.255788996352803e-19,-1.0317740158788165
P,0.25,1,0.7145359329300807,0.8395624582397504,0.26936218514284316,0.8395624582397504,0.7145359329300807,44.711394871136115,0.0,3775.3843173914265,-0.9466665306352633,1.2229919870951607,8.255788996352803e-19,-0.09476665306352633
P,0.25,1,0.8258323454406281,0.3357838656834391,0.39561231850511613,0.3357838656834391,0.8258323454406281,60.40898689816221,0.0,4106.066408057509,-1.4221054568824585,1.2292054174264344,8.255788996352803e-19,-0.14231054568824583
P,0.25,1,0.692027055183763,0.3963074184566535,0.43532182821456444,0.3963074184566535,0.692027055183763,29.099751983660948,0.0,1900.207093763157,-12.256525181978176,1.240774870223777,8.255788996352803e-19,-1.2257525181978175
P,0.25,1,0.8602871896058149,0.48676396203581723,0.2754514264699429,0.48676396203581723,0.8602871896058149,71.58175102949087,0.0,5314.146393797251,4.391658668736409,1.2231486167415946,8.255788996352803e-19,0.3916
P,0.25,1,0.7716580335798284,0.4694667733759711,0.5932298865240377,0.4694667733759711,0.7716580335798284,22.786029185679535,0.0,1751.9491414221384,-12.21625692283758,1.2393276862694937,8.255788996352803e-19,-1.221725692283758
P,0.25,1,0.9603310991727008,0.1341285105694453,0.870417315973451,0.1341285105694453,0.9603310991727008,64.93078421537301,0.0,4966.128010650339,3.4074420389958555,1.2184936222135345,8.255788996352803e-19,0.34064420389958555
P,0.25,1,0.7874401500135164,0.7238870420546237,0.6763546797988622,0.7238870420546237,0.7874401500135164,12.50703599443359,0.0,1156.590987659323,-16.21265201019339,1.2451398997516285,8.255788996352803e-19,-1.6213652010193393
P,0.25,1,0.6954246037964824,0.903391328188076,0.9248806816945959,0.903391328188076,0.6954246037964824,30.993383202512458,0.0,3194.265277123015,-2.7360746350680447,1.213999267331779,8.255788996352803e-19,-0.27370746350680447
P,0.25,1,0.20869330654981677,0.32275172599438345,0.712555285614924,0.32275172599438345,0.20869330654981677,91.96418174068629,0.0,4081.9344725684255,-7.0770182407617925,1.2241778169427013,8.255788996352803e-19,-0.7078018240761793
P,0.25,1,0.9805906005204518,0.7419266419878453,0.6459348869824941,0.7419266419878453,0.9805906005204518,55.74596543271198,0.0,5701.375929943614,10.293895301922111,1.2058976486680664,8.255788996352803e-19,0.3916
P,0.25,1,0.10956433838628821,0.4616236160661925,0.8205694976884053,0.4616236160661925,0.10956433838628821,209.6482886800568,0.0,10288.203631616938,14.580788685997073,1.1985737581030083,8.255788996352803e-19,0.3916
P,0.25,1,0.7053881482083099,0.9033452477187454,0.5863767207429971,0.9033452477187454,0.7053881482083099,30.998535190397124,0.0,2947.8394246001308,-4.385106030941625,1.2222143759218294,8.255788996352803e-19,-0.4386106030941625
P,0.25,1,0.5464149423597292,0.23003669104473734,0.4827896129665194,0.23003669104473734,0.5464149423597292,128.95356024607153,0.0,6562.746110365567,3.7413685696119057,1.2226907908746887,8.255788996352803e-19,0.3740368569611906
P,0.25,1,0.8232214189655556,0.7419266419878453,0.6459348869824941,0.7419266419878453,0.8232214189655556,34.51058954758406,0.0,3257.9989596159435,-2.337627601443575,1.2211189277087988,8.255788996352803e-19,-0.23386276014435747
P,0.25,1,0.9860748120094764,0.8197619135363813,0.3902627703478778,0.8197619135363813,0.9860748120094764,53.41335956309546,0.0,5343.921458608216,8.642114395712833,1.2118375060647328,8.255788996352803e-19,0.3916
P,0.25,1,0.6897852030176375,0.7782056072907176,0.6776925500156197,0.7782056072907176,0.6897852030176375,35.56427630663783,0.0,3212.942667163212,-3.447729190820892,1.2198719646937584,8.255788996352803e-19,-0.34487291908208917
P,0.25,1,0.856659199803505,0.7780628612606686,0.6308791077449051,0.7780628612606686,0.856659199803505,24.29789717701871,0.0,2369.241319914945,-7.006868797699068,1.2295515654702924,8.255788996352803e-19,-0.7007868797699068
P,0.25,1,0.5464279774211719,0.5845123192131076,0.5986379093737948,0.5845123192131076,0.5464279774211719,31.863284718581685,0.0,2278.6378873116073,-10.445159306361079,1.2314173569358546,8.255788996352803e-19,-1.0446159306361078
P,0.25,1,0.6751276156940387,0.12372062558933206,0.8860035249925735,0.12372062558933206,0.6751276156940387,81.42270769859189,0.0,5055.739493162314,0.6542696968321668,1.2192103006506985,8.255788996352803e-19,0.06532696968321669
P,0.25,1,0.8409602457145867,0.8112569787459998,0.8460664432317583,0.8112569787459998,0.8409602457145867,30.614053230951367,0.0,3176.591381187024,-2.1290356152043355,1.2173928149079498,8.255788996352803e-19,-0.21300356152043354
P,0.25,1,0.689910884822093,0.43115349277337395,0.30847026336250305,0.43115349277337395,0.689910884822093,77.89740409409525,0.0,4967.1260607564955,0.8925530195151185,1.225917855172073,8.255788996352803e-19,0.08915530195151185
P,0.25,1,0.5726221451434497,0.24194645359673794,0.9750109173339184,0.24194645359673794,0.5726221451434497,35.17293087522009,0.0,2289.8880407799466,-11.040743148153062,1.2293140061961854,8.255788996352803e-19,-1.1041743148153063
P,0.25,1,0.6350748097420171,0.012147606687017087,0.4384151403282954,0.012147606687017087,0.6350748097420171,12.961461289261965,0.0,561.5099365541647,-22.963846922009292,1.258300509380959,8.255788996352803e-19,-2.2964846922009294
P,0.25,1,0.9820947856232449,0.816236787678662,0.6868111834253727,0.816236787678662,0.9820947856232449,36.24987986314283,0.0,3881.885746510355,2.5500780356708996,1.214822667419107,8.255788996352803e-19,0.25490780356709
P,0.25,1,0.8114043449867538,0.9138002225295414,0.6270985345193495,0.9138002225295414,0.8114043449867538,29.96900802308131,0.0,3054.9715015744414,-2.8998798400818484,1.2209061697329908,8.255788996352803e-19,-0.2900879840081848
P,0.25,1,0.7332765769462057,0.21440333958068303,0.734320633087769,0.21440333958068303,0.7332765769462057,82.94644415505402,0.0,5453.066098261155,2.958176935103871,1.218868753725948,8.255788996352803e-19,0.2957176935103871
P,0.25,1,0.12676372674783665,0.6451881769276735,0.14072692159372135,0.6451881769276735,0.12676372674783665,255.38692075759872,0.0,10755.816361970663,14.572815858447159,1.2105695712583486,8.255788996352803e-19,0.3916
P,0.25,1,0.14979927093006584,0.8226986456621361,0.5628455668644611,0.8226986456621361,0.14979927093006584,7.792827212368447,0.0,488.57936766512455,-25.754900642706833,1.2543043486479903,8.255788996352803e-19,-2.5755900642706835
P,0.25,1,0.8767323444651696,0.8428960510948227,0.8269935606541367,0.8428960510948227,0.8767323444651696,33.061081745585106,0.0,3526.171290678386,0.15997152728509811,1.21433390025422,8.255788996352803e-19,0.015897152728509813
P,0.25,1,0.8619915189753783,0.662398925408408,0.6082668856590383,0.662398925408408,0.8619915189753783,38.51975755824921,0.0,3521.714841246197,-1.107202542438935,1.2211775004602046,8.255788996352803e-19,-0.11082025424389348
P,0.25,1,0.8667501974087842,0.755129506507216,0.8916815666025628,0.755129506507216,0.8667501974087842,41.620304756099124,0.0,4302.957841420652,3.720189812993855,1.2084274832019517,8.255788996352803e-19,0.3719189812993855
P,0.25,1,0.7809314864026954,0.7892029097956773,0.9771216961444126,0.7892029097956773,0.7809314864026954,32.73657754035584,0.0,3369.7318248012807,-1.458472841116777,1.2133279038637215,8.255788996352803e-19,-0.1459472841116777
P,0.25,1,0.7855078527049336,0.7875919654703363,0.9376076825069392,0.7875919654703363,0.7855078527049336,35.60022272631029,0.0,3634.6112530665573,-0.06448296357036082,1.2118039643202212,8.255788996352803e-19,-0.006548296357036082
P,0.25,1,0.7575417892007853,0.5119225637048503,0.8254472765878892,0.5119225637048503,0.7575417892007853,46.034034902442514,0.0,3871.895034967557,-0.7191490189228682,1.2169164783483393,8.255788996352803e-19,-0.07201490189228682
P,0.25,1,0.7359311513337129,0.5196254104680926,0.3837305286332294,0.5196254104680926,0.7359311513337129,67.44115261417292,0.0,4880.789813616862,2.0539415270431594,1.2218506840021015,8.255788996352803e-19,0.20529415270431595
P,0.25,1,0.12906357914329003,0.0020884914767339557,0.9459287355801611,0.0020884914767339557,0.12906357914329003,35.664658948562035,0.0,1077.280337055818,-21.977967088042984,1.2416042658663768,8.255788996352803e-19,-2.1978967088042984
P,0.25,1,0.9417274153824933,0.8520609824505108,0.37219210679634,0.8520609824505108,0.9417274153824933,34.19533040902092,0.0,3385.140149076653,-0.6420045469666641,1.2239865052778107,8.255788996352803e-19,-0.06430045469666641
P,0.25,1,0.8597856385691104,0.35018603826795824,0.9059982916999448,0.35018603826795824,0.8597856385691104,198.3213508217652,0.0,16490.130996623808,44.12931842861366,1.1748391632432793,8.255788996352803e-19,0.3916
P,0.25,1,0.10956433838628821,0.4531529923545006,0.42879955012153986,0.4531529923545006,0.10956433838628821,66.31650569404324,0.0,2576.7845485913736,-13.839123782347809,1.2343249603412605,8.255788996352803e-19,-1.3840123782347808
P,0.25,1,0.8253417608409915,0.8936478267966044,0.3379951417030366,0.8936478267966044,0.8253417608409915,64.93078421537301,0.0,6129.424339462596,10.600145497164904,1.2079459427710757,8.255788996352803e-19,0.3916
P,0.25,1,0.753444675076729,0.8908712734918169,0.9791241415683783,0.8908712734918169,0.753444675076729,34.53815791335997,0.0,3685.010800012628,0.427708383088922,1.2090098340198865,8.255788996352803e-19,0.0426708383088922
P,0.25,1,0.8611249028293435,0.5675900263849907,0.7221271884453979,0.5675900263849907,0.8611249028293435,170.0740965703298,0.0,15219.748271726614,41.509145990443514,1.1767462930892154,8.255788996352803e-19,0.3916
P,0.25,1,0.9748095641323431,0.7698879000803385,0.6756765386761616,0.7698879000803385,0.9748095641323431,35.83354698618817,0.0,3731.2321029303544,1.5000536690573856,1.2168858817018033,8.255788996352803e-19,0.14990536690573858
P,0.25,1,0.8134808115456125,0.9743674799245124,0.5273758597269427,0.9743674799245124,0.8134808115456125,59.29483605186272,0.0,6082.275194921677,11.487093696851813,1.20172607861103,8.255788996352803e-19,0.3916
P,0.25,1,0.9537820002404902,0.42544695388654385,0.7776543729604011,0.42544695388654385,0.9537820002404902,46.89820172202419,0.0,4145.932676903082,1.6791763451273367,1.2181068197269291,8.255788996352803e-19,0.16781763451273368
P,0.25,1,0.7784826362631128,0.8614577165337992,0.8502347103073137,0.8614577165337992,0.7784826362631128,14.73462127991092,0.0,1521.392162390626,-13.393838335990747,1.2368404987471349,8.255788996352803e-19,-1.3394838335990746
P,0.25,1,0.8667501974087842,0.592646300508618,0.8916815666025628,0.592646300508618,0.8667501974087842,33.982566705287724,0.0,3237.2426499207468,-2.3741485891455,1.2190816595693699,8.255788996352803e-19,-0.23751485891455
P,0.25,1,0.6303447222645788,0.9945808920238917,0.5681784319916725,0.9945808920238917,0.6303447222645788,49.61972220235458,0.0,4736.239277944119,4.247962971523984,1.207646944491852,8.255788996352803e-19,0.3916
P,0.25,1,0.8421389692059794,0.8408842338591203,0.7176639788295957,0.8408842338591203,0.8421389692059794,55.74596543271198,0.0,5691.259448929392,9.786211258169065,1.2022546988697755,8.255788996352803e-19,0.3916
P,0.25,1,0.944553824636331,0.8197619135363813,0.48504307001112046,0.8197619135363813,0.944553824636331,39.93356734466198,0.0,4007.0085699121173,2.508125367327215,1.2177165000399255,8.255788996352803e-19,0.25071253673272154
P,0.25,1,0.7460140622798943,0.7739979015432628,0.7348043167486961,0.7739979015432628,0.7460140622798943,36.31847580056409,0.0,3427.40020613365,-1.816339141741103,1.2173369747040739,8.255788996352803e-19,-0.18173391417411028
P,0.25,1,0.5200179193640387,0.7782056072907176,0.653492113818883,0.7782056072907176,0.5200179193640387,59.92915108576881,0.0,4869.152384159882,2.6041397590026056,1.2097113072144496,8.255788996352803e-19,0.26031397590026056
P,0.25,1,0.9921858672019117,0.6772573690610997,0.5438486983026698,0.6772573690610997,0.9921858672019117,35.93232189820452,0.0,3487.8922500924177,-0.2159782785552378,1.2227761256043248,8.255788996352803e-19,-0.02169782785552378
P,0.25,1,0.8389338370191644,0.8826868479930214,0.9078222374768459,0.8826868479930214,0.8389338370191644,27.6172360653026,0.0,3004.1087695877063,-2.857659165205547,1.2172229459711155,8.255788996352803e-19,-0.2858659165205547
P,0.25,1,0.730528668931109,0.7975218729835987,0.9990713406874416,0.7975218729835987,0.730528668931109,77.89740409409525,0.0,7897.18512559554,17.982454654306192,1.18703487270643,8.255788996352803e-19,0.3916
P,0.25,1,0.9290109869083194,0.9420480681832603,0.3318057766617899,0.9420480681832603,0.9290109869083194,33.97170039244952,0.0,3459.9530426385004,-0.03288276675873124,1.2227638898467044,8.255788996352803e-19,-0.003388276675873124
P,0.25,1,0.9125152042264457,0.8973533127377362,0.504114302495074,0.8973533127377362,0.9125152042264457,34.32695052460304,0.0,3538.981019905637,0.30090448998723907,1.2195106405050713,8.255788996352803e-19,0.029990448998723905
P,0.25,1,0.9603353603693716,0.9950403681830005,0.9461572598477982,0.9950403681830005,0.9603353603693716,264.15590371848367,0.0,32074.5277851195,102.8714239583145,1.1074148617493949,8.255788996352803e-19,0.3916
P,0.25,1,0.7835748850848904,0.5462531091911065,0.6496545211013529,0.5462531091911065,0.7835748850848904,53.76596942748709,0.0,4448.20719220209,1.8116678136860445,1.2168131895813692,8.255788996352803e-19,0.18106678136860446
P,0.25,1,0.8139001862694283,0.6303632568989779,0.1893356369736312,0.6303632568989779,0.8139001862694283,226.8628462141315,0.0,17456.316307350397,45.84816432892152,1.1838381634001889,8.255788996352803e-19,0.3916
P,0.25,1,0.7806704640381338,0.48174528874213896,0.8777689139685672,0.48174528874213896,0.7806704640381338,32.18262697722618,0.0,2737.615501356468,-6.179389517023106,1.2247865646783775,8.255788996352803e-19,-0.6180389517023106
P,0.25,1,0.9981280528601644,0.7455263306368378,0.8896505143405316,0.7455263306368378,0.9981280528601644,37.573005815537506,0.0,4111.387913298835,3.8455329814576555,1.210326271094471,8.255788996352803e-19,0.38445329814576557
P,0.25,1,0.3862568651985678,0.816236787678662,0.7905068281887391,0.816236787678662,0.3862568651985678,169.42708780027004,0.0,13535.081629921055,32.77993474382482,1.1760505389386917,8.255788996352803e-19,0.3916
P,0.25,1,0.8767323444651696,0.8738796535993518,0.625653311484378,0.8738796535993518,0.8767323444651696,19.028563351655926,0.0,1963.2136573108307,-9.34857809976748,1.233897437052034,8.255788996352803e-19,-0.9349578099767479
P,0.25,1,0.9907227244451462,0.8226986456621361,0.006350854969090269,0.8226986456621361,0.9907227244451462,23.61435496463633,0.0,2144.888080297751,-7.557458426527923,1.2380687789384994,8.255788996352803e-19,-0.7558458426527923
P,0.25,1,0.7739498245881086,0.9153729511630244,0.668676904728416,0.9153729511630244,0.7739498245881086,32.73657754035584,0.0,3312.387135480479,-1.7139252374977458,1.217628277084022,8.255788996352803e-19,-0.17149252374977458
P,0.25,1,0.7051231693565565,0.47304263300673116,0.817227921649994,0.47304263300673116,0.7051231693565565,64.37058644383538,0.0,5107.097195682005,3.727708155085547,1.211545911090781,8.255788996352803e-19,0.3726708155085547
P,0.25,1,0.7705038513355918,0.5414027014488026,0.7558807900976248,0.5414027014488026,0.7705038513355918,35.00242237333859,0.0,2957.4368307177483,-5.018583299032928,1.2242763784420267,8.255788996352803e-19,-0.5019583299032928
P,0.25,1,0.812270479912437,0.555223041722019,0.7640502038645895,0.555223041722019,0.812270479912437,48.5669612918429,0.0,4248.440163506233,1.5785697994080579,1.2151598164265665,8.255788996352803e-19,0.15775697994080579
P,0.25,1,0.9832010430166437,0.8552228497904797,0.780537724411589,0.8552228497904797,0.9832010430166437,27.81691957998924,0.0,3099.7683567349495,-1.4045486637998938,1.2194461394511027,8.255788996352803e-19,-0.14055486637998937
P,0.25,1,0.9865951708107347,0.7371808605329329,0.39561231850511613,0.7371808605329329,0.9865951708107347,35.146306257079615,0.0,3376.8258084422437,-0.7859568338690848,1.225498150683298,8.255788996352803e-19,-0.07869568338690848
P,0.25,1,0.7727661296025461,0.9300411404017195,0.36057867541120675,0.9300411404017195,0.7727661296025461,35.664658948562035,0.0,3357.99991405833,-1.8431169331616222,1.222691588356236,8.255788996352803e-19,-0.1844116933161622
P,0.25,1,0.6150342566759937,0.5056943016581648,0.7742832428453902,0.5056943016581648,0.6150342566759937,44.753654421266376,0.0,3374.135046848551,-4.428393939767214,1.2210947214884609,8.255788996352803e-19,-0.44293939397672144
P,0.25,1,0.9682271116670405,0.9492548505483545,0.7706464326080452,0.9492548505483545,0.9682271116670405,30.32373312080796,0.0,3491.482483131868,1.0108361631317806,1.2146665304919433,8.255788996352803e-19,0.10098361631317807
P,0.25,1,0.8676191269077078,0.24339355282020625,0.9681359146298956,0.24339355282020625,0.8676191269077078,32.877044229258615,0.0,2622.0768326646084,-6.931896994616591,1.2277785598102566,8.255788996352803e-19,-0.6932896994616591
P,0.25,1,0.8468288043982588,0.8885839344639038,0.7098309645154302,0.8885839344639038,0.8468288043982588,35.59054962179431,0.0,3719.7965139802022,0.9690116115188984,1.2141039203366337,8.255788996352803e-19,0.09680116115188983
P,0.25,1,0.9283070539316772,0.6920247523687693,0.707424739762222,0.6920247523687693,0.9283070539316772,161.01872267211274,0.0,15892.903587353874,45.90582629969559,1.1706340233436794,8.255788996352803e-19,0.3916
P,0.25,1,0.6825687012180555,0.7861103982297046,0.7659917688570919,0.7861103982297046,0.6825687012180555,39.36882137804412,0.0,3644.913084520951,-1.130541055923394,1.2146665205820828,8.255788996352803e-19,-0.11315410559233938
P,0.25,1,0.7916966996784548,0.8778642312668412,0.5607327858925784,0.8778642312668412,0.7916966996784548,50.38557318333976,0.0,4912.410294006666,5.780938142734069,1.209208979312131,8.255788996352803e-19,0.3916
P,0.25,1,0.9844141048019271,0.8693686923394145,0.4055725952879996,0.8693686923394145,0.9844141048019271,268.1674556436108,0.0,27575.245075193445,84.25361934512968,1.1396256249460484,8.255788996352803e-19,0.3916
P,0.25,1,0.4191172352544241,0.190436192335949,0.7756423761187274,0.190436192335949,0.4191172352544241,7.355632082574104,0.0,366.816036060911,-25.330247294683826,1.2566591522833435,8.255788996352803e-19,-2.5331247294683825
P,0.25,1,0.8716163429795638,0.9400922391646712,0.847655411894666,0.9400922391646712,0.8716163429795638,33.48496770005453,0.0,3742.843019952298,1.6898053043317802,1.2107437236833687,8.255788996352803e-19,0.16888053043317802
P,0.25,1,0.8151541963237865,0.46888193805123757,0.8330857442287586,0.46888193805123757,0.8151541963237865,48.139989244588534,0.0,4093.2927540986475,0.5652329886741427,1.2163077062910856,8.255788996352803e-19,0.056423298867414276
P,0.25,1,0.8265739730742668,0.535459208738937,0.5910602835373816,0.535459208738937,0.8265739730742668,32.160954004983,0.0,2665.4408905032033,-6.348183702989405,1.2300189742749916,8.255788996352803e-19,-0.6349183702989405
P,0.25,1,0.9093548630167964,0.592646300508618,0.6567751087202504,0.592646300508618,0.9093548630167964,68.48186313546124,0.0,6267.421483146495,10.77455542425556,1.2068280396329671,8.255788996352803e-19,0.3916
P,0.25,1,0.9860748120094764,0.0994981566130726,0.8591584358280664,0.0994981566130726,0.9860748120094764,33.505519318687746,0.0,2538.298042837672,-7.161132492157377,1.2329768114107147,8.255788996352803e-19,-0.7162132492157378
P,0.25,1,0.8486775716844404,0.4730169143203632,0.7950218378170378,0.4730169143203632,0.8486775716844404,18.099262703654407,0.0,1555.8175132534386,-12.979947612549097,1.239329584802529,8.255788996352803e-19,-1.2980947612549096
P,0.25,1,0.9595472927894131,0.8707033706940581,0.8510951482331965,0.8707033706940581,0.9595472927894131,28.43720282483002,0.0,3207.429600726364,-0.8543673856310833,1.2169170512371383,8.255788996352803e-19,-0.08553673856310832
P,0.25,1,0.7061625727854172,0.8369985473045854,0.9912044449415041,0.8369985473045854,0.7061625727854172,22.284174973393746,0.0,2271.6079527482475,-8.47577746017524,1.2238563157411386,8.255788996352803e-19,-0.8476777460175239
P,0.25,1,0.689910884822093,0.9947443570610265,0.30847026336250305,0.9947443570610265,0.689910884822093,28.64793561093686,0.0,2634.0206508721867,-6.2349327163361785,1.2286667924583328,8.255788996352803e-19,-0.6235932716336179
P,0.25,1,0.9225556273769673,0.9025741322317296,0.8860035249925735,0.9025741322317296,0.9225556273769673,33.90237815262982,0.0,3844.752628115151,2.536562129366182,1.209902712461137,8.255788996352803e-19,0.25355621293661823
P,0.25,1,0.9290109869083194,0.665095105117413,0.29112285768334734,0.665095105117413,0.9290109869083194,33.97170039244952,0.0,2954.9731900691468,-3.8851552667863083,1.2316792226691013,8.255788996352803e-19,-0.3886155266786308
P,0.25,1,0.6690075790479308,0.6494975424306431,0.7718179783558025,0.6494975424306431,0.6690075790479308,59.9553318884038,0.0,5109.4356839843795,4.514758056673962,1.2084965486993346,8.255788996352803e-19,0.3916
P,0.25,1,0.8933464264208496,0.8689226038234554,0.7641164374052519,0.8689226038234554,0.8933464264208496,31.771690263445997,0.0,3406.4450588504574,-0.33477528183243244,1.2162320221909233,8.255788996352803e-19,-0.03357752818324324
P,0.25,1,0.9638768130641048,0.7460201586585469,0.4786313809584258,0.7460201586585469,0.9638768130641048,38.81349797181812,0.0,3782.7880855507137,1.2094579741238984,1.2207079005822807,8.255788996352803e-19,0.12084579741238985
P,0.25,1,0.8570660053533881,0.8120880285247306,0.5304968467519947,0.8120880285247306,0.8570660053533881,60.94165500747294,0.0,5894.2843597794135,10.003035539870023,1.2062755584243445,8.255788996352803e-19,0.3916
P,0.25,1,0.9109729241447944,0.9055367319677899,0.7270584482130028,0.9055367319677899,0.9109729241447944,35.58530257609156,0.0,3878.8671590119993,2.4098668462326707,1.2124757598573364,8.255788996352803e-19,0.24088668462326707
P,0.25,1,0.7705038513355918,0.9106762797857573,0.7558807900976248,0.9106762797857573,0.7705038513355918,35.00242237333859,0.0,3603.710318730959,-0.09008852985701213,1.213582234269847,8.255788996352803e-19,-0.009108852985701212
P,0.25,1,0.9624426288460107,0.9150943071947816,0.6306509685799461,0.9150943071947816,0.9624426288460107,118.84397084489213,0.0,13030.423877432451,38.581568908242716,1.1743625022592445,8.255788996352803e-19,0.3916
P,0.25,1,0.8692936034358214,0.8226986456621361,0.9666247381135278,0.8226986456621361,0.8692936034358214,33.148794600775354,0.0,3605.436299066446,0.6237593830714291,1.2113780759360129,8.255788996352803e-19,0.06227593830714291
P,0.25,1,0.9682271116670405,0.9435743595647956,0.4425163941422417,0.9435743595647956,0.9682271116670405,28.3328889785176,0.0,3021.787138329063,-1.9629825953617892,1.2247681583189345,8.255788996352803e-19,-0.1963982595361789
P,0.25,1,0.8319658162372939,0.8075637802031876,0.9875031381635745,0.8075637802031876,0.8319658162372939,31.313165837399602,0.0,3339.989345689996,-1.1524712603492377,1.2134160545181836,8.255788996352803e-19,-0.11534712603492377
P,0.25,1,0.560528386276115,0.6920247523687693,0.42490122046172535,0.6920247523687693,0.560528386276115,32.71675202265665,0.0,2396.508218211509,-9.491077763145684,1.2321004355698768,8.255788996352803e-19,-0.9492077763145683
P,0.25,1,0.8502950622053418,0.6527939467653581,0.06816470132726937,0.6527939467653581,0.8502950622053418,74.01589163515122,0.0,5688.755438967649,6.3028861985008815,1.2221132142476694,8.255788996352803e-19,0.3916
P,0.25,1,0.2944907898595259,0.7822401196061548,0.3024027553185493,0.7822401196061548,0.2944907898595259,16.454341732935053,0.0,1010.2408738629272,-20.04737957897682,1.2471040336907697,8.255788996352803e-19,-2.0048379578976823
P,0.25,1,0.8301487678022188,0.7875919654703363,0.8190806252270579,0.7875919654703363,0.8301487678022188,37.57478445267719,0.0,3808.7324162083796,1.0093469512441187,1.2128191693528327,8.255788996352803e-19,0.10083469512441187
P,0.25,1,0.1852892955362887,0.5618923662981543,0.7678972908384866,0.5618923662981543,0.1852892955362887,42.480080288887436,0.0,2402.525313466525,-12.478124167518121,1.225986921946043,8.255788996352803e-19,-1.247912416751812
P,0.25,1,0.6192328117986357,0.22099506349165987,0.8063694345896426,0.22099506349165987,0.6192328117986357,36.799466320732236,0.0,2287.8459911805176,-11.019532169779751,1.2329814957966179,8.255788996352803e-19,-1.102053216977975
P,0.25,1,0.16147174893281313,0.5056943016581648,0.3512562574322748,0.5056943016581648,0.16147174893281313,24.022668002850377,0.0,1012.308238211479,-21.194543428621053,1.247227410815116,8.255788996352803e-19,-2.1195543428621053
P,0.25,1,0.40493538857159006,0.8615521053207627,0.8402699620830635,0.8615521053207627,0.40493538857159006,27.09158575905033,0.0,2284.6638711406526,-10.421958059410006,1.2234981075997837,8.255788996352803e-19,-1.0422958059410006
P,0.25,1,0.9419169473047071,0.9300411404017195,0.7840420735951167,0.9300411404017195,0.9419169473047071,35.664658948562035,0.0,4037.2021671049342,3.6695820001656725,1.209882597542803,8.255788996352803e-19,0.36685820001656727
P,0.25,1,0.8205851173467851,0.9888757024632641,0.3800731520479408,0.9888757024632641,0.8205851173467851,33.061081745585106,0.0,3305.2773426876533,-1.4586777413396061,1.222074068506528,8.255788996352803e-19,-0.14596777413396061
P,0.25,1,0.9177303903331618,0.5771004697843845,0.7098309645154302,0.5771004697843845,0.9177303903331618,48.21172711275488,0.0,4458.973294320628,3.4828813077082272,1.214700097650242,8.255788996352803e-19,0.3481881307708227
P,0.25,1,0.11650423877107696,0.28823636123293883,0.37829667099554254,0.28823636123293883,0.11650423877107696,86.51824468003957,0.0,2569.111411725593,-15.281252765734179,1.2398102612730304,8.255788996352803e-19,-1.528225276573418
P,0.25,1,0.7126056489589143,0.8778642312668412,0.25622566941019675,0.8778642312668412,0.7126056489589143,38.973632451510824,0.0,3348.9705534617347,-2.806308840580032,1.22543852286854,8.255788996352803e-19,-0.28073088405800317
P,0.25,1,0.9029729944342637,0.8474917180288126,0.9329182478295769,0.8474917180288126,0.9029729944342637,28.613813025577862,0.0,3171.7322073031496,-1.490297309357888,1.2158594908823546,8.255788996352803e-19,-0.1491297309357888
P,0.25,1,0.6716763770541789,0.7558743811969417,0.34798849137669957,0.7558743811969417,0.6716763770541789,21.132699753772187,0.0,1692.2484855203359,-12.74870639000526,1.240623184977775,8.255788996352803e-19,-1.274970639000526
P,0.25,1,0.8177899718615754,0.7339440709556893,0.5166613270166798,0.7339440709556893,0.8177899718615754,63.48210455152948,0.0,5745.335846599777,8.386727097706878,1.2092693989340932,8.255788996352803e-19,0.3916
P,0.25,1,0.44381599168558716,0.39807420899004653,0.4545651684425468,0.39807420899004653,0.44381599168558716,31.39955638426455,0.0,1678.5775571945792,-15.38299947122781,1.2413215125546397,8.255788996352803e-19,-1.538399947122781
P,0.25,1,0.5464149423597292,0.592646300508618,0.2354851650249311,0.592646300508618,0.5464149423597292,31.23944667379426,0.0,1963.0928041202267,-12.553798372821868,1.2405610898801716,8.255788996352803e-19,-1.2554798372821867
P,0.25,1,0.9641226277296364,0.9797673897091265,0.9320044774957614,0.9797673897091265,0.9641226277296364,27.243396897010676,0.0,3282.682560716263,0.011101447961518763,1.213652464778117,8.255788996352803e-19,0.0010101447961518763
P,0.25,1,0.7514061435995216,0.5888816176180307,0.8115308615832767,0.5888816176180307,0.7514061435995216,35.4063381017798,0.0,3091.0674829984628,-4.195690235914567,1.2213898276386634,8.255788996352803e-19,-0.41966902359145675
P,0.25,1,0.8968628739401663,0.8379630472273497,0.1895257782803249,0.8379630472273497,0.8968628739401663,33.505519318687746,0.0,3065.0661614509427,-2.985922387595245,1.2291862208283684,8.255788996352803e-19,-0.2986922387595245
P,0.25,1,0.4675692224684923,0.8806283388496319,0.8510951482331965,0.8806283388496319,0.4675692224684923,33.94857754640077,0.0,3010.8062138928403,-5.63502263300363,1.2160644107779663,8.255788996352803e-19,-0.563602263300363
P,0.25,1,0.3889322660476916,0.7390066481537065,0.6953765274172058,0.7390066481537065,0.3889322660476916,36.04505279098853,0.0,2659.45297637917,-8.882743301722588,1.2234856340128737,8.255788996352803e-19,-0.8883743301722588
P,0.25,1,0.956573416998715,0.9243294192963819,0.9511348152929782,0.9243294192963819,0.956573416998715,30.088391759838263,0.0,3545.119993505804,1.3150511742084734,1.2113057601863806,8.255788996352803e-19,0.13140511742084734
P,0.25,1,0.8839457568043513,0.8338966049074921,0.38256481456703173,0.8338966049074921,0.8839457568043513,29.523950175182524,0.0,2818.245227901292,-4.185332101015453,1.2286427447230346,8.255788996352803e-19,-0.4186332101015453
P,0.25,1,0.9001880911534336,0.8184092527108695,0.9078222374768459,0.8184092527108695,0.9001880911534336,34.989914380665546,0.0,3800.794254887036,1.8101445568383034,1.2109902005754993,8.255788996352803e-19,0.18091445568383036
P,0.25,1,0.8314585109580449,0.549068894899588,0.8913150531964636,0.549068894899588,0.8314585109580449,60.94165500747294,0.0,5564.536606678528,7.639938097654753,1.2055437940012799,8.255788996352803e-19,0.3916
P,0.25,1,0.5349125867882667,0.1610521477426008,0.8099623001928565,0.1610521477426008,0.5349125867882667,77.89740409409525,0.0,4288.0413230271815,-3.7196628225003927,1.2237191950058628,8.255788996352803e-19,-0.37206628225003924
P,0.25,1,0.21484891976405618,0.9517549447657394,0.504114302495074,0.9517549447657394,0.21484891976405618,34.32695052460304,0.0,2434.9153249885794,-10.862781527034578,1.225219309102487,8.255788996352803e-19,-1.0863781527034577
P,0.25,1,0.7705038513355918,0.9892845918238821,0.4486563608207185,0.9892845918238821,0.7705038513355918,35.00242237333859,0.0,3472.444404807687,-0.883979946792824,1.219220593314731,8.255788996352803e-19,-0.0884979946792824
P,0.25,1,0.5509319038556111,0.6077905138975315,0.7722012909278024,0.6077905138975315,0.5509319038556111,35.56168540222624,0.0,2746.825588811398,-7.576805237372523,1.2238976688083127,8.255788996352803e-19,-0.7577805237372524
P,0.25,1,0.9395530209776644,0.20391152322569828,0.4786313809584258,0.20391152322569828,0.9395530209776644,53.90544937945116,0.0,3726.9694971793583,-2.4971861112782903,1.2318462530785894,8.255788996352803e-19,-0.24981861112782902
P,0.25,1,0.6101461763161368,0.9138002225295414,0.4129333588391212,0.9138002225295414,0.6101461763161368,54.92657495828871,0.0,4752.283182606938,3.2105126863691273,1.212708348618488,8.255788996352803e-19,0.32095126863691276
P,0.25,1,0.9759544043212967,0.8226986456621361,0.7513898670140327,0.8226986456621361,0.9759544043212967,27.266478728360454,0.0,2964.340651994789,-2.368477511153665,1.2215990676958377,8.255788996352803e-19,-0.2369477511153665
P,0.25,1,0.9739526679882585,0.6982275512126518,0.7797602220469935,0.6982275512126518,0.9739526679882585,27.44191034005967,0.0,2829.3437348906004,-3.529538763810057,1.223870606122745,8.255788996352803e-19,-0.3530538763810057
P,0.25,1,0.9641226277296364,0.7015256825272063,0.7054242420596991,0.7015256825272063,0.9641226277296364,40.78377193977247,0.0,4115.8175760928625,3.0210000788739384,1.2146113632972324,8.255788996352803e-19,0.30200000788739384
P,0.25,1,0.7556260979575744,0.9364689163988176,0.9474285951079715,0.9364689163988176,0.7556260979575744,32.55842578223398,0.0,3525.767087015264,-0.28519506912732606,1.2103901143916032,8.255788996352803e-19,-0.028619506912732608
P,0.25,1,0.8698904890448621,0.6488292832056621,0.3828954683575909,0.6488292832056621,0.8698904890448621,44.78626549475744,0.0,3829.6007991725405,-0.12949016689261597,1.2240286592675773,8.255788996352803e-19,-0.013049016689261598
P,0.25,1,0.9969330340021423,0.9881872655158466,0.870275682760421,0.9881872655158466,0.9969330340021423,22.84768586431074,0.0,2764.864885689139,-2.9598035913761165,1.2204473675791796,8.255788996352803e-19,-0.29608035913761166
P,0.25,1,0.16674752227331469,0.5208984895940809,0.99556222874319,0.5208984895940809,0.16674752227331469,57.988433747587955,0.0,3437.053118625165,-7.561615455978896,1.2152647439237991,8.255788996352803e-19,-0.7562615455978896
P,0.25,1,0.6972106710746317,0.9916132932965386,0.6410639445918682,0.9916132932965386,0.6972106710746317,36.799466320732236,0.0,3697.1613058872244,-0.014944698944285347,1.213493344948577,8.255788996352803e-19,-0.0015944698944285348
P,0.25,1,0.918556771542016,0.17053332022744827,0.7972578855112885,0.17053332022744827,0.918556771542016,31.373945085339795,0.0,2333.780764580274,-8.556175831779823,1.23449849203076,8.255788996352803e-19,-0.8557175831779823
P,0.25,1,0.8895031021730619,0.5932908372568931,0.9780791671183505,0.5932908372568931,0.8895031021730619,19.586032816560106,0.0,1931.0198045029217,-9.96146761191304,1.231453260253908,8.255788996352803e-19,-0.996246761191304
P,0.25,1,0.7450404752965862,0.8615521053207627,0.7959318492585854,0.8615521053207627,0.7450404752965862,58.49759822673172,0.0,5863.092903094796,9.928971001191076,1.1992381517358763,8.255788996352803e-19,0.3916
P,0.25,1,0.8637926972092934,0.5243063027145597,0.3379951417030366,0.5243063027145597,0.8637926972092934,11.271268976550285,0.0,877.522713583664,-17.81299648253212,1.2534794691669993,8.255788996352803e-19,-1.7813996482532122
P,0.25,1,0.8767323444651696,0.770013523566115,0.6251449483120057,0.770013523566115,0.8767323444651696,14.331298841130957,0.0,1403.978834339765,-13.592841291503413,1.2423234383168216,8.255788996352803e-19,-1.3593841291503412
P,0.25,1,0.9565746012650941,0.577832304628368,0.8195419891715094,0.577832304628368,0.9565746012650941,48.128589894052396,0.0,4678.527042662202,5.091656173847759,1.2110211393305241,8.255788996352803e-19,0.3916
P,0.25,1,0.9510858109724719,0.8148963959716843,0.9791241415683783,0.8148963959716843,0.9510858109724719,47.50031290717027,0.0,5356.952948403689,9.87783895474242,1.1988133578621811,8.255788996352803e-19,0.3916
P,0.25,1,0.8468288043982588,0.5685389766949103,0.4653879643142174,0.5685389766949103,0.8468288043982588,43.656383682128585,0.0,3597.420833414975,-1.6653340806728785,1.2252407940409333,8.255788996352803e-19,-0.16663340806728782
P,0.25,1,0.9090799466147369,0.8939288880166556,0.6436141913471676,0.8939288880166556,0.9090799466147369,25.801057462734576,0.0,2741.1248957766265,-4.049168987831572,1.2245116470106105,8.255788996352803e-19,-0.4050168987831572
P,0.25,1,0.5464149423597292,0.8098493143533264,0.5276389875667797,0.8098493143533264,0.5464149423597292,29.22059196654572,0.0,2366.990311244385,-9.25232572761895,1.2290813624327992,8.255788996352803e-19,-0.9253325727618951
P,0.25,1,0.9763742635505775,0.8960773812540836,0.7463163633653093,0.8960773812540836,0.9763742635505775,28.448175891866235,0.0,3194.175166420719,-0.8101631741941648,1.2185971012067869,8.255788996352803e-19,-0.08111631741941648
P,0.25,1,0.9853952691747057,0.4226388125132343,0.9848521923100526,0.4226388125132343,0.9853952691747057,50.511565325581564,0.0,4799.760921089067,5.350559946979319,1.2098963453827,8.255788996352803e-19,0.3916
P,0.25,1,0.8264354704661503,0.12646051824614002,0.614881927163271,0.12646051824614002,0.8264354704661503,27.37145153035485,0.0,1724.862590081417,-12.937839475631474,1.2432054597093753,8.255788996352803e-19,-1.2938839475631474
P,0.25,1,0.3907429333545688,0.8119178951688287,0.9461572598477982,0.8119178951688287,0.3907429333545688,14.631115954073891,0.0,1225.8969162679691,-18.21946009109939,1.237561887791774,8.255788996352803e-19,-1.822046009109939
P,0.25,1,0.4875709122480161,0.9025741322317296,0.7478981411642484,0.9025741322317296,0.4875709122480161,9.217024483880776,0.0,812.9849325197622,-21.137682920556404,1.2483477561251852,8.255788996352803e-19,-2.1138682920556406
P,0.25,1,0.9719143935776856,0.9745764501216806,0.9626598194519277,0.9745764501216806,0.9719143935776856,26.298505900608916,0.0,3192.4029204788417,-0.4687453835026465,1.2141919246129418,8.255788996352803e-19,-0.04697453835026465
P,0.25,1,0.9499309958770836,0.12119317426082432,0.7294217168737452,0.12119317426082432,0.9499309958770836,22.2558153260209,0.0,1597.7839617296129,-12.660014637381215,1.243155202885592,8.255788996352803e-19,-1.2661014637381214
P,0.25,1,0.7821699591183804,0.7216927826710596,0.5219559393657139,0.7216927826710596,0.7821699591183804,30.088391759838263,0.0,2655.0609360245076,-6.133398274039728,1.2286756176300544,8.255788996352803e-19,-0.6134398274039728
P,0.25,1,0.02388665198019646,0.8607556454978853,0.27190818261589267,0.8607556454978853,0.02388665198019646,105.45578329690109,0.0,5381.38958047096,-1.4588376486576151,1.217012105390174,8.255788996352803e-19,-0.1459837648657615
P,0.25,1,0.8389338370191644,0.8184092527108695,0.45689738536084734,0.8184092527108695,0.8389338370191644,31.61764310369122,0.0,2981.2145772063786,-3.620751849754237,1.2258932989707545,8.255788996352803e-19,-0.36217518497542367
P,0.25,1,0.689910884822093,0.8887615383216758,0.10562497699706486,0.8887615383216758,0.689910884822093,27.16105210939539,0.0,2215.6423350404434,-9.14771065204335,1.23526387957788,8.255788996352803e-19,-0.914871065204335
P,0.25,1,0.9290109869083194,0.870078870658964,0.3318057766617899,0.870078870658964,0.9290109869083194,33.97170039244952,0.0,3337.7072418494804,-0.9722128903205958,1.2248114290434144,8.255788996352803e-19,-0.09732128903205958
P,0.25,1,0.9984733153046459,0.9114473059121427,0.9460151305157005,0.9114473059121427,0.9984733153046459,60.94165500747294,0.0,7260.979372386029,18.982176581270153,1.1873435029185175,8.255788996352803e-19,0.3916
P,0.25,1,0.9773137993443063,0.40958064582761133,0.7942146327353029,0.40958064582761133,0.9773137993443063,26.959314259057333,0.0,2404.7732064028555,-6.844762810298785,1.2310928645383803,8.255788996352803e-19,-0.6845762810298786
P,0.25,1,0.8467371398910974,0.9664709961275836,0.794692229624433,0.9664709961275836,0.8467371398910974,32.90005162795604,0.0,3636.3674489367104,0.9575454032544709,1.2121523420445068,8.255788996352803e-19,0.0956545403254471
P,0.25,1,0.03186819688244247,0.9106762797857573,0.8869454069209213,0.9106762797857573,0.03186819688244247,35.00242237333859,0.0,2425.6979377783546,-11.98953985889582,1.2180361113228841,8.255788996352803e-19,-1.1990539858895821
P,0.25,1,0.8665020815377494,0.2313698402189559,0.6241914330296583,0.2313698402189559,0.8665020815377494,35.58530257609156,0.0,2508.706251519488,-8.09439459321768,1.2353300918380228,8.255788996352803e-19,-0.809539459321768
P,0.25,1,0.8983762467498659,0.9387894547794828,0.504114302495074,0.9387894547794828,0.8983762467498659,119.89089938686446,0.0,12523.940341950578,35.71157084361662,1.1791743392987895,8.255788996352803e-19,0.3916
P,0.25,1,0.9251364306340027,0.198594776494449,0.5036337851302832,0.198594776494449,0.9251364306340027,8.735585879730978,0.0,600.8109278287067,-21.18221532570574,1.257833578048219,8.255788996352803e-19,-2.118321532570574
P,0.25,1,0.8830646306465343,0.9562471967330916,0.30810074760710937,0.9562471967330916,0.8830646306465343,33.86098914906863,0.0,3374.8607932213613,-0.8220574632339892,1.223520355793374,8.255788996352803e-19,-0.08230574632339892
P,0.25,1,0.9856144930932729,0.950003089413022,0.9244623681733339,0.950003089413022,0.9856144930932729,25.603026353545346,0.0,3069.6092581447906,-1.2017720463502655,1.21645003432736,8.255788996352803e-19,-0.12027720463502653
P,0.25,1,0.9161520644310419,0.5414027014488026,0.8568565751197391,0.5414027014488026,0.9161520644310419,40.49181942432987,0.0,3818.344261861358,0.6552747735139988,1.216311308516943,8.255788996352803e-19,0.06542747735139988
P,0.25,1,0.969289902925647,0.2758881873139387,0.8024187116939749,0.2758881873139387,0.969289902925647,41.620304756099124,0.0,3426.157362636945,-2.2467354686517544,1.2248762748075819,8.255788996352803e-19,-0.22477354686517542
P,0.25,1,0.8949022517026282,0.1267348429971975,0.7142922421277507,0.1267348429971975,0.8949022517026282,6.873663911137262,0.0,473.86462157383664,-23.38267260645673,1.257830106837276,8.255788996352803e-19,-2.338367260645673
P,0.25,1,0.8670514681451503,0.9568806314267605,0.9642970948707544,0.9568806314267605,0.8670514681451503,23.373618196115164,0.0,2695.072428629929,-4.359775759240351,1.2192703711283133,8.255788996352803e-19,-0.4360775759240352
P,0.25,1,0.8301487678022188,0.9778452914480339,0.86518365556348,0.9778452914480339,0.8301487678022188,35.60022272631029,0.0,3988.2678307883225,2.838181794811236,1.2076379355754174,8.255788996352803e-19,0.2837181794811236
P,0.25,1,0.9895245901536626,0.8888357413163621,0.6410639445918682,0.8888357413163621,0.9895245901536626,36.799466320732236,0.0,4045.903163767635,3.6954909623325345,1.213316488267349,8.255788996352803e-19,0.36944909623325345
P,0.25,1,0.8825787961465843,0.9850574293066993,0.8905338100063812,0.9850574293066993,0.8825787961465843,29.53837546578333,0.0,3415.970054170449,0.16905115605184742,1.2124644679616117,8.255788996352803e-19,0.01680511560518474
P,0.25,1,0.9565746012650941,0.577832304628368,0.8195419891715094,0.577832304628368,0.9565746012650941,10.530470378979718,0.0,1023.6553896231686,-16.522989597297805,1.2473558628370007,8.255788996352803e-19,-1.6523989597297806
P,0.25,1,0.921390961777838,0.9183615662676363,0.3216429324040635,0.9183615662676363,0.921390961777838,35.664658948562035,0.0,3567.48946030999,0.33520770148775964,1.222441720153615,8.255788996352803e-19,0.033420770148775966
P,0.25,1,0.7212219535508057,0.10959998128332282,0.9574066582975955,0.10959998128332282,0.7212219535508057,25.867390172245774,0.0,1693.700047192975,-13.703387518533749,1.2375054752502013,8.255788996352803e-19,-1.3704387518533747
P,0.25,1,0.9722114894880453,0.9807370790423604,0.9048318548827256,0.9807370790423604,0.9722114894880453,27.747244905484948,0.0,3337.1118878343514,0.3760233447008971,1.213572836950462,8.255788996352803e-19,0.03750233447008971
P,0.25,1,0.31104427629249254,0.9476154990110579,0.696207893700614,0.9476154990110579,0.31104427629249254,64.93078421537301,0.0,5216.421426413084,3.2977151472063304,1.203438790385537,8.255788996352803e-19,0.32967151472063305
P,0.25,1,0.9946116910371444,0.9397855128546262,0.8596072678895536,0.9397855128546262,0.9946116910371444,25.581522999517748,0.0,3023.9929054297386,-1.474809746945019,1.2181168854969315,8.255788996352803e-19,-0.14758097469450188
P,0.25,1,0.8177899718615754,0.9638460100358219,0.9791241415683783,0.9638460100358219,0.8177899718615754,28.416206629113816,0.0,3226.941658032045,-1.404362316864834,1.2127665376234265,8.255788996352803e-19,-0.14053623168648338
P,0.25,1,0.8357375864426254,0.6305131082640067,0.4466914637177887,0.6305131082640067,0.8357375864426254,35.83354698618817,0.0,3027.2116469515713,-4.209051210366762,1.2284337038965316,8.255788996352803e-19,-0.4210051210366762
P,0.25,1,0.9547657968175444,0.9974597870968621,0.707139588286657,0.9974597870968621,0.9547657968175444,14.307437099081998,0.0,1649.5011167457517,-11.127867951274494,1.2373275798394714,8.255788996352803e-19,-1.1128867951274493
P,0.25,1,0.28403660016950005,0.592646300508618,0.955833408394085,0.592646300508618,0.28403660016950005,21.369525091131703,0.0,1447.3575122408415,-17.310066171513075,1.2335503205411107,8.255788996352803e-19,-1.7311066171513076
P,0.25,1,0.9682271116670405,0.10435502487146853,0.8112933461914975,0.10435502487146853,0.9682271116670405,30.32373312080796,0.0,2241.270795741944,-8.885619387235002,1.236102222935075,8.255788996352803e-19,-0.8886619387235001
P,0.25,1,0.9336335644221284,0.9435707322483037,0.9010296413149175,0.9435707322483037,0.9336335644221284,28.90527079450358,0.0,3364.167570995276,0.12862579879455718,1.2135611246107694,8.255788996352803e-19,0.012762579879455718
P,0.25,1,0.7833097914425271,0.9525334108838842,0.9461572598477982,0.9525334108838842,0.7833097914425271,34.90695343735688,0.0,3855.3365772561324,1.7740450437736732,1.2074305222238386,8.255788996352803e-19,0.17730450437736733
P,0.25,1,0.6658124231172848,0.720348105572853,0.9957980471579128,0.720348105572853,0.6658124231172848,37.35373516054139,0.0,3518.8330771073965,-1.8280796422631787,1.2121940719569284,8.255788996352803e-19,-0.18290796422631786
P,0.25,1,0.9807645896904451,0.5224963239190661,0.9360554318469315,0.5224963239190661,0.9807645896904451,35.56427630663783,0.0,3505.3726750422106,-0.29599652823266287,1.2175203907110745,8.255788996352803e-19,-0.02969965282326629
P,0.25,1,0.6303447222645788,0.2855390760223232,0.6806580528937068,0.2855390760223232,0.6303447222645788,116.6109098913629,0.0,7324.40602547012,8.850406690671253,1.2125654057389008,8.255788996352803e-19,0.3916
P,0.25,1,0.956573416998715,0.9915612865303632,0.7891332215371268,0.9915612865303632,0.956573416998715,26.20249394208947,0.0,3069.2308498004495,-1.3757022715816691,1.218015716326732,8.255788996352803e-19,-0.1376702271581669
P,0.25,1,0.9393437809407533,0.9355639232131578,0.9754061039604304,0.9355639232131578,0.9393437809407533,22.341065240258718,0.0,2639.1620520064744,-4.266611346678433,1.2204499722607554,8.255788996352803e-19,-0.4267611346678433
P,0.25,1,0.6423924550783575,0.8184092527108695,0.8233905425928388,0.8184092527108695,0.6423924550783575,36.52522099080029,0.0,3419.668298285459,-2.366275938534309,1.2146836006074806,8.255788996352803e-19,-0.23672759385343087
P,0.25,1,0.986879145439425,0.7755973318574868,0.8493211132427495,0.7755973318574868,0.986879145439425,26.608912333326764,0.0,2909.866879825201,-2.6789829430636556,1.2211309533886532,8.255788996352803e-19,-0.26799829430636557
P,0.25,1,0.039147047518027334,0.9420480681832603,0.6546843884541045,0.9420480681832603,0.039147047518027334,27.360529577194615,0.0,1790.1136885578505,-15.920227459769643,1.2286270691166254,8.255788996352803e-19,-1.5921227459769642
P,0.25,1,0.8467371398910974,0.9106083937917561,0.9799325748942648,0.9106083937917561,0.8467371398910974,30.96137244349435,0.0,3478.9929145336528,0.09077435940067512,1.2110527523875556,8.255788996352803e-19,0.008977435940067512
P,0.25,1,0.7774593721719127,0.34650600369553264,0.1262263521011152,0.34650600369553264,0.7774593721719127,36.42895840005396,0.0,2162.201759270861,-10.87220416208149,1.2453200929013883,8.255788996352803e-19,-1.087320416208149
P,0.25,1,0.8351873611904227,0.43115349277337395,0.92735272970238,0.43115349277337395,0.8351873611904227,77.89740409409525,0.0,6738.19251918869,11.441791552397504,1.2026816607087014,8.255788996352803e-19,0.3916
P,0.25,1,0.9102741963734552,0.9138002225295414,0.6526279223353418,0.9138002225295414,0.9102741963734552,26.54200019532631,0.0,2853.7804401931544,-3.3052780926203957,1.2229892323861868,8.255788996352803e-19,-0.33062780926203955
P,0.25,1,0.8913282050638806,0.8777058085291535,0.9807301550681317,0.8777058085291535,0.8913282050638806,27.80542068481393,0.0,3141.177111183763,-1.6266283874344512,1.214974243867944,8.255788996352803e-19,-0.1627628387434451
P,0.25,1,0.9440756580468762,0.9797673897091265,0.9320044774957614,0.9797673897091265,0.9440756580468762,27.243396897010676,0.0,3255.3751831337745,-0.2979909330350105,1.2138192049239265,8.255788996352803e-19,-0.029899093303501052
P,0.25,1,0.9828231050717883,0.9953921878331453,0.912045127200089,0.9953921878331453,0.9828231050717883,26.624585152156,0.0,3240.5286545559243,-0.07175912246298483,1.2143490912488106,8.255788996352803e-19,-0.007275912246298482
P,0.25,1,0.8699591597047795,0.6512761325702567,0.9640526709054075,0.6512761325702567,0.8699591597047795,44.1737069569095,0.0,4424.574605063336,3.9195875658643193,1.208003598905169,8.255788996352803e-19,0.3916
P,0.25,1,0.9667884471880213,0.9834007545177516,0.9376076825069392,0.9834007545177516,0.9667884471880213,25.490529766938042,0.0,3083.07070837843,-1.161363246620804,1.2156696646492753,8.255788996352803e-19,-0.11623632466208038
P,0.25,1,0.7634775961990168,0.8859467677048463,0.7939331086053067,0.8859467677048463,0.7634775961990168,18.479139064729043,0.0,1890.7771179168392,-10.639071704393013,1.2317705189878583,8.255788996352803e-19,-1.0640071704393013
P,0.25,1,0.034612303668702604,0.4390273997658968,0.6534783625062324,0.4390273997658968,0.034612303668702604,51.53710654730838,0.0,2062.460592918332,-16.228633120726393,1.2323700523340646,8.255788996352803e-19,-1.6229633120726394
P,0.25,1,0.8509190672767801,0.8299535234055906,0.3828954683575909,0.8299535234055906,0.8509190672767801,41.620304756099124,0.0,3896.327126088013,1.0158797432502398,1.220197096434181,8.255788996352803e-19,0.10148797432502399
P,0.25,1,0.8525591602956027,0.4381073672834751,0.49643861124561023,0.4381073672834751,0.8525591602956027,55.11288619310907,0.0,4240.621989472161,0.4397223500396227,1.2237197257202572,8.255788996352803e-19,0.04387223500396227
P,0.25,1,0.11010467936943502,0.08215227897637012,0.38489922550958156,0.08215227897637012,0.11010467936943502,28.019432304406934,0.0,538.962986300683,-25.503075403567355,1.2555118422332658,8.255788996352803e-19,-2.5504075403567357
P,0.25,1,0.9667884471880213,0.9834007545177516,0.9006402946213543,0.9834007545177516,0.9667884471880213,25.490529766938042,0.0,3059.512750845844,-1.3236374030962643,1.2165054569122506,8.255788996352803e-19,-0.13246374030962643
P,0.25,1,0.3834048613516281,0.1999392014658702,0.564534860312568,0.1999392014658702,0.3834048613516281,36.799466320732236,0.0,1592.7020491263725,-16.969433501349126,1.2425706962057645,8.255788996352803e-19,-1.6970433501349127
P,0.25,1,0.9346047289482283,0.45263053353298877,0.522418007777393,0.45263053353298877,0.9346047289482283,27.32105333265775,0.0,2251.8616858703144,-8.129761587799791,1.2363984431274762,8.255788996352803e-19,-0.8130761587799791
P,0.25,1,0.5000295012189875,0.577832304628368,0.9689109949906808,0.577832304628368,0.5000295012189875,48.128589894052396,0.0,3759.6064388481236,-2.8245242204776457,1.213026844189574,8.255788996352803e-19,-0.28255242204776454
P,0.25,1,0.9722114894880453,0.4626343236786177,0.9048318548827256,0.4626343236786177,0.9722114894880453,28.438885371891697,0.0,2683.581015395422,-5.031766209483247,1.225919762036578,8.255788996352803e-19,-0.5032766209483247
P,0.25,1,0.9424193370483142,0.24339355282020625,0.12271369664029241,0.24339355282020625,0.9424193370483142,64.93078421537301,0.0,4048.9854575135782,-2.060498411070571,1.238039100952916,8.255788996352803e-19,-0.20614984110705709
P,0.25,1,0.3554136815484664,0.8457760125773026,0.4721741149476443,0.8457760125773026,0.3554136815484664,25.84351987554374,0.0,1857.214514831049,-13.643626979260803,1.2338743875220792,8.255788996352803e-19,-1.3644626979260803
P,0.25,1,0.7916966996784548,0.8914276299722731,0.0771530516868083,0.8914276299722731,0.7916966996784548,32.27823376023969,0.0,2778.6731339422117,-5.266697581910151,1.2311058357369464,8.255788996352803e-19,-0.5267697581910151
P,0.25,1,0.5674989378399902,0.6449717917601122,0.26621449439330747,0.6449717917601122,0.5674989378399902,35.83354698618817,0.0,2410.841582756328,-9.7734947840783,1.2356036357678917,8.255788996352803e-19,-0.97744947840783
P,0.25,1,0.9104630015322815,0.7861103982297046,0.8152027442180075,0.7861103982297046,0.9104630015322815,72.20473854509771,0.0,7596.569462806771,18.004395447810985,1.1924283697596205,8.255788996352803e-19,0.3916
P,0.25,1,0.8486775716844404,0.8119178951688287,0.30148306645525014,0.8119178951688287,0.8486775716844404,23.01638713799705,0.0,2084.521681562003,-8.872077485733898,1.2367726264090961,8.255788996352803e-19,-0.8873077485733898
P,0.25,1,0.9746632353476976,0.9830856822077099,0.88943442211131,0.9830856822077099,0.9746632353476976,26.370055571086382,0.0,3167.6582659563237,-0.6166604988262797,1.215558405843393,8.255788996352803e-19,-0.061766049882627974
P,0.25,1,0.14839017456318437,0.592646300508618,0.8637105046532474,0.592646300508618,0.14839017456318437,37.40753175075922,0.0,2193.7492266429726,-13.58641765845662,1.225300187892913,8.255788996352803e-19,-1.358741765845662
P,0.25,1,0.9682271116670405,0.4223252610270525,0.6698542742588175,0.4223252610270525,0.9682271116670405,30.32373312080796,0.0,2616.14900806552,-5.822829876813271,1.2311058126058696,8.255788996352803e-19,-0.5823829876813271
P,0.25,1,0.9336335644221284,0.7822405705193896,0.6294744374192291,0.7822405705193896,0.9336335644221284,43.063476051280894,0.0,4372.259169870731,4.2349192703982625,1.2129654672435166,8.255788996352803e-19,0.3916
P,0.25,1,0.31174599686729076,0.9337727672562086,0.05757479315083336,0.9337727672562086,0.31174599686729076,24.161575776599364,0.0,1539.462243215713,-15.907080931137893,1.2401654485939126,8.255788996352803e-19,-1.5908080931137891
P,0.25,1,0.956573416998715,0.8583117068119734,0.9511348152929782,0.8583117068119734,0.956573416998715,27.329043582355993,0.0,3129.793852775541,-1.2918264221738134,1.2161588895255688,8.255788996352803e-19,-0.12928264221738134
P,0.25,1,0.8570009060832796,0.9080741556667169,0.8215583943953354,0.9080741556667169,0.8570009060832796,28.113246465213535,0.0,3058.516352709012,-2.3902060255166897,1.2179058862038508,8.255788996352803e-19,-0.23912060255166895
P,0.25,1,0.8139001862694283,0.20343173544001691,0.8860035249925735,0.20343173544001691,0.8139001862694283,27.88877980538844,0.0,2036.3462280602657,-10.78455049122285,1.2347164880442094,8.255788996352803e-19,-1.078555049122285
P,0.25,1,0.689910884822093,0.8360011841470982,0.6266173220695657,0.8360011841470982,0.689910884822093,29.290873767118896,0.0,2693.6191116207337,-6.131780332830213,1.2246740067789963,8.255788996352803e-19,-0.6132780332830213
P,0.25,1,0.8041593647900096,0.9420480681832603,0.6656916851493869,0.9420480681832603,0.8041593647900096,33.97170039244952,0.0,3531.44874884281,-0.1995947886546131,1.2155493313214552,8.255788996352803e-19,-0.020059478865461312
P,0.25,1,0.8143383247775073,0.9263182153428996,0.9078222374768459,0.9263182153428996,0.8143383247775073,33.245811767117964,0.0,3648.0091648312705,0.7519534754987098,1.2104231254346378,8.255788996352803e-19,0.07509534754987099
P,0.25,1,0.0886822909360645,0.9520703636092739,0.8392590961293243,0.9520703636092739,0.0886822909360645,27.850952895022864,0.0,2033.6517966810427,-13.936582484200619,1.2232140962575633,8.255788996352803e-19,-1.393758248420062
P,0.25,1,0.8383539464212335,0.9632441313171434,0.7150096111653984,0.9632441313171434,0.8383539464212335,24.386976945518235,0.0,2632.699611927652,-5.01391697989481,1.2234932090731223,8.255788996352803e-19,-0.501491697989481
P,0.25,1,0.9863548679301001,0.6995215747496581,0.2461709748722789,0.6995215747496581,0.9863548679301001,36.754894004982305,0.0,3324.4102000229013,-1.478093496270144,1.2293864258106222,8.255788996352803e-19,-0.14790934962701438
P,0.25,1,0.8467371398910974,0.9106083937917561,0.7026333676967473,0.9106083937917561,0.8467371398910974,48.81192609501921,0.0,5146.393216074679,7.881508671544036,1.2040870674796247,8.255788996352803e-19,0.3916
P,0.25,1,0.9155434503372749,0.9138002225295414,0.4622921929075655,0.9138002225295414,0.9155434503372749,30.832031062825216,0.0,3176.4542286163132,-1.5934564647137544,1.223132618878472,8.255788996352803e-19,-0.15944564647137544
P,0.25,1,0.9712457829385824,0.13107621879666476,0.9415046452475123,0.13107621879666476,0.9712457829385824,25.660829077219137,0.0,2018.3195681569184,-9.869126675126411,1.2355455165708547,8.255788996352803e-19,-0.987012667512641
P,0.25,1,0.9701065366802387,0.9288610579983609,0.09322156979714158,0.9288610579983609,0.9701065366802387,26.06007011885685,0.0,2535.0954496756476,-5.063989840811253,1.2324909867584948,8.255788996352803e-19,-0.5064989840811254
P,0.25,1,0.7853888059984644,0.04137657157141983,0.944718698983478,0.04137657157141983,0.7853888059984644,6.210384007847614,0.0,403.40317145714505,-24.67540367815234,1.2567530270197684,8.255788996352803e-19,-2.467640367815234
P,0.25,1,0.8525591602956027,0.9617807221806713,0.9788425029491528,0.9617807221806713,0.8525591602956027,33.86098914906863,0.0,3900.3815379377897,2.6382391243358927,1.2066167699335,8.255788996352803e-19,0.2637239124335893
P,0.25,1,0.9828231050717883,0.9288610579983609,0.7803200768326245,0.9288610579983609,0.9828231050717883,26.624585152156,0.0,3064.282347473641,-1.3950124818968632,1.2190051293632915,8.255788996352803e-19,-0.1396012481896863
P,0.25,1,0.8098506138785819,0.7841319890084054,0.9947095503041313,0.7841319890084054,0.8098506138785819,35.60022272631029,0.0,3722.603822702404,0.6577746123277126,1.21016271022729,8.255788996352803e-19,0.06567746123277127
P,0.25,1,0.8998028885856683,0.9767836867540441,0.6992792613695588,0.9767836867540441,0.8998028885856683,22.920973880574834,0.0,2551.3636360269293,-5.072584215349149,1.2249552003668092,8.255788996352803e-19,-0.507358421534915
P,0.25,1,0.9966323255102284,0.9850574293066993,0.9882358392609005,0.9850574293066993,0.9966323255102284,25.74957161407667,0.0,3187.549350793169,-0.2780321929083828,1.2139056874922758,8.255788996352803e-19,-0.027903219290838284
P,0.25,1,0.2494127864457757,0.9916132932965386,0.16251561425546301,0.9916132932965386,0.2494127864457757,36.799466320732236,0.0,2432.9670680660583,-10.880538950655403,1.2305960708426196,8.255788996352803e-19,-1.0881538950655403
P,0.25,1,0.3746033829088794,0.9709930766307181,0.8195419891715094,0.9709930766307181,0.3746033829088794,27.209794392799914,0.0,2388.1593755281733,-9.722958706450765,1.2214214834847492,8.255788996352803e-19,-0.9723958706450764
P,0.25,1,0.8298814126245554,0.6535702270115467,0.5324885879914218,0.6535702270115467,0.8298814126245554,35.664658948562035,0.0,3120.115436833222,-3.546783663273097,1.2257083926565946,8.255788996352803e-19,-0.3547783663273097
P,0.25,1,0.7942924801369142,0.5130441850372839,0.09492141842450441,0.5130441850372839,0.7942924801369142,33.061081745585106,0.0,2239.5533371647252,-9.60733207226815,1.241780768521569,8.255788996352803e-19,-0.960833207226815
P,0.25,1,0.8652585074307264,0.9797673897091265,0.9320044774957614,0.9797673897091265,0.8652585074307264,201.84597598558756,0.0,23323.58648092063,73.75822588612141,1.1338772129453114,8.255788996352803e-19,0.3916
P,0.25,1,0.9544378786105757,0.25165372047688384,0.3379951417030366,0.25165372047688384,0.9544378786105757,64.93078421537301,0.0,4464.280908510207,0.4831551151230048,1.2307453338415695,8.255788996352803e-19,0.04821551151230048
P,0.25,1,0.8988176631365296,0.8778642312668412,0.9725619599024194,0.8778642312668412,0.8988176631365296,8.411273690072441,0.0,951.7200043334695,-17.893452084798533,1.2465822539106561,8.255788996352803e-19,-1.7894452084798533
P,0.25,1,0.7689014103021125,0.7861103982297046,0.9791241415683783,0.7861103982297046,0.7689014103021125,34.83040431331048,0.0,3560.6667432505087,-0.5339661791206178,1.2116070365103053,8.255788996352803e-19,-0.053496617912061784
P,0.25,1,0.9486159139026485,0.86477234741216,0.8924394140590466,0.86477234741216,0.9486159139026485,31.57976718316402,0.0,3567.894678276813,1.108764364951506,1.2128249661387025,8.255788996352803e-19,0.11077643649515061
P,0.25,1,0.47265940544871066,0.39807420899004653,0.3044693521290265,0.39807420899004653,0.47265940544871066,24.056350585921926,0.0,1230.444191731395,-17.887449507306634,1.2484164680490406,8.255788996352803e-19,-1.7888449507306636
P,0.25,1,0.6303447222645788,0.4946702743470476,0.5218421331953578,0.4946702743470476,0.6303447222645788,53.408327096784994,0.0,3701.0263299556527,-3.5282661315423356,1.2249132351212855,8.255788996352803e-19,-0.35292661315423357
P,0.25,1,0.8486438392720627,0.8219561977002634,0.9706352258985772,0.8219561977002634,0.8486438392720627,32.90924742390489,0.0,3547.4813683416987,0.1510244302171497,1.2117340432876336,8.255788996352803e-19,0.01500244302171497
P,0.25,1,0.8601538692139507,0.8339977620530034,0.7706464326080452,0.8339977620530034,0.8601538692139507,28.046108331957974,0.0,2916.0588424278703,-3.4641550046230813,1.2210162466371706,8.255788996352803e-19,-0.3465155004623081
P,0.25,1,0.8486775716844404,0.3598256065305986,0.9461572598477982,0.3598256065305986,0.8486775716844404,33.80831224629801,0.0,2842.5721418627804,-5.478278966992792,1.2246169533719382,8.255788996352803e-19,-0.5479278966992792
P,0.25,1,0.8768369754819414,0.9025741322317296,0.0658388761021863,0.9025741322317296,0.8768369754819414,35.4063381017798,0.0,3208.3994027765175,-2.327633105599432,1.2280239675684315,8.255788996352803e-19,-0.2328633105599432
P,0.25,1,0.9770127226560454,0.4465907398257436,0.22185350857718877,0.4465907398257436,0.9770127226560454,35.56427630663783,0.0,2728.722831505338,-5.731991365749238,1.2382894006182148,8.255788996352803e-19,-0.5732991365749238
P,0.25,1,0.8217379881099136,0.7506397253938621,0.4631950507484699,0.7506397253938621,0.8217379881099136,20.89623742193172,0.0,1884.814744744045,-10.442446086211872,1.23765669724551,8.255788996352803e-19,-1.0443446086211872
P,0.25,1,0.96971635104176,0.71078724451145,0.4187005668465008,0.71078724451145,0.96971635104176,40.68284681369789,0.0,3844.2317929336054,1.254251917614916,1.2221325515173926,8.255788996352803e-19,0.12532519176149162
P,0.25,1,0.30046432165285375,0.9807370790423604,0.08302121177346988,0.9807370790423604,0.30046432165285375,100.42470996294135,0.0,6641.648481274619,6.550231292023502,1.2125637697243574,8.255788996352803e-19,0.3916
P,0.25,1,0.8143383247775073,0.487827077395257,0.8788019099723184,0.487827077395257,0.8143383247775073,51.22794765994239,0.0,4460.843509542694,2.4042870098789924,1.2128269548281208,8.255788996352803e-19,0.24032870098789924
P,0.25,1,0.9283940128039544,0.5731989456987352,0.9834445281444284,0.5731989456987352,0.9283940128039544,77.89740409409525,0.0,7763.704068991435,17.70249653278706,1.1930685560882812,8.255788996352803e-19,0.3916
P,0.25,1,0.7943921229701248,0.26620174846170386,0.7152584063918496,0.26620174846170386,0.7943921229701248,35.349715268094585,0.0,2506.689093736637,-8.400790232239375,1.2328540227053773,8.255788996352803e-19,-0.8401790232239374
P,0.25,1,0.9712457829385824,0.014848667487376899,0.9356925824754673,0.014848667487376899,0.9712457829385824,25.660829077219137,0.0,1865.4662430118624,-11.110966375810875,1.2384362533189106,8.255788996352803e-19,-1.1111966375810876
P,0.25,1,0.9949377948962422,0.9131565669181012,0.5316867025159062,0.9131565669181012,0.9949377948962422,34.32695052460304,0.0,3731.2326160100697,2.0747258997597893,1.2174947226680317,8.255788996352803e-19,0.20737258997597893
P,0.25,1,0.49010914497872293,0.8329469141867957,0.984684047259895,0.8329469141867957,0.49010914497872293,15.879714209708172,0.0,1441.4001365822069,-15.900729521424044,1.2342518297802898,8.255788996352803e-19,-1.5901729521424044
P,0.25,1,0.7963068107167431,0.4312966672157197,0.7581985529124642,0.4312966672157197,0.7963068107167431,35.00242237333859,0.0,2811.9244218759795,-6.0310477593047045,1.2271317786611502,8.255788996352803e-19,-0.6032047759304705
P,0.25,1,0.924177314728777,0.9223655828099363,0.36144205220024295,0.9223655828099363,0.924177314728777,30.96137244349435,0.0,3138.343669052083,-1.815784839055305,1.225186441133601,8.255788996352803e-19,-0.18167848390553049
P,0.25,1,0.4995647436288533,0.5612183640415019,0.9447721529523518,0.5612183640415019,0.4995647436288533,244.1582656851761,0.0,18716.79645015867,48.80901099872047,1.163997153605789,8.255788996352803e-19,0.3916
P,0.25,1,0.886497931549692,0.8886069119222182,0.6686230392399548,0.8886069119222182,0.886497931549692,27.655963289442663,0.0,2916.897074990945,-3.1730057303244257,1.2222356278038293,8.255788996352803e-19,-0.31740057303244257
P,0.25,1,0.33700260777348534,0.9889668588146722,0.584784812787966,0.9889668588146722,0.33700260777348534,27.390053311554418,0.0,2216.3508989183943,-11.117862921896112,1.2265781887616698,8.255788996352803e-19,-1.111886292189611
P,0.25,1,0.09998142855534264,0.6920247523687693,0.19268295236274213,0.6920247523687693,0.09998142855534264,11.953397652967656,0.0,530.9386399731998,-25.117768722208787,1.2542510522884902,8.255788996352803e-19,-2.5118768722208786
P,0.25,1,0.9824873217519378,0.19819445443195127,0.912045127200089,0.19819445443195127,0.9824873217519378,25.818143301439545,0.0,2112.83335933148,-9.05356752305802,1.2344010863057364,8.255788996352803e-19,-0.9054567523058019
P,0.25,1,0.9194096943931604,0.9081132978953284,0.9970678873920265,0.9081132978953284,0.9194096943931604,22.29788028044628,0.0,2593.3069542042062,-4.75624860663336,1.2207678698805657,8.255788996352803e-19,-0.475724860663336
P,0.25,1,0.9082014573618845,0.5414027014488026,0.9215624993443103,0.5414027014488026,0.9082014573618845,30.281537942567248,0.0,2892.470411595001,-4.068535823922771,1.2224085495244001,8.255788996352803e-19,-0.4069535823922771
P,0.25,1,0.7334344290846242,0.9971192388518665,0.7860178195457764,0.9971192388518665,0.7334344290846242,36.17590064467995,0.0,3841.0894411987465,1.2629058973798486,1.2096680329125944,8.255788996352803e-19,0.12619058973798486
P,0.25,1,0.9703080257111522,0.9183615662676363,0.3216429324040635,0.9183615662676363,0.9703080257111522,10.128561487474052,0.0,1037.919810040635,-15.910003278179069,1.24838173081266,8.255788996352803e-19,-1.5911003278179068
P,0.25,1,0.5986608850168946,0.8859467677048463,0.20139243362983839,0.8859467677048463,0.5986608850168946,15.723226312545147,0.0,1246.3045757439224,-16.201527472961118,1.2446503472755817,8.255788996352803e-19,-1.620252747296112
P,0.25,1,0.987140377354839,0.9969270177958035,0.8142941236120996,0.9969270177958035,0.987140377354839,27.367820905227582,0.0,3272.1164501990893,0.08795289155455503,1.2156124309135194,8.255788996352803e-19,0.008695289155455503
P,0.25,1,0.9530326121401398,0.27092990829607266,0.6885257976239475,0.27092990829607266,0.9530326121401398,17.793314586731945,0.0,1395.1964113796287,-13.645382603381966,1.2447948101574602,8.255788996352803e-19,-1.3646382603381966
P,0.25,1,0.8505721488661655,0.9850574293066993,0.3563545428817029,0.9850574293066993,0.8505721488661655,29.53837546578333,0.0,2974.2291419728103,-3.072200447602146,1.225618173676954,8.255788996352803e-19,-0.3073200447602146
P,0.25,1,0.0690209873824138,0.7879407518412531,0.8282467809178292,0.7879407518412531,0.0690209873824138,38.97846657029058,0.0,2477.2474617662983,-11.93349983333836,1.2203617353153275,8.255788996352803e-19,-1.193449983333836
P,0.25,1,0.8361158634357129,0.7403522327309288,0.08226307309519343,0.7403522327309288,0.8361158634357129,22.151223865902537,0.0,1791.5905794827404,-11.025507340445765,1.2417318723562447,8.255788996352803e-19,-1.1026507340445764
P,0.25,1,0.9722114894880453,0.8712113540208581,0.1251952813268843,0.8712113540208581,0.9722114894880453,27.747244905484948,0.0,2644.3408584600534,-4.587393286025758,1.2323223665847265,8.255788996352803e-19,-0.45883932860257587
P,0.25,1,0.8027815566201113,0.6417592295261616,0.878080443157726,0.6417592295261616,0.8027815566201113,34.83040431331048,0.0,3280.294402796964,-2.476372932048151,1.2180157898778652,8.255788996352803e-19,-0.2477372932048151
P,0.25,1,0.8968805817725709,0.3055651383112572,0.8525867717605191,0.3055651383112572,0.8968805817725709,28.178769711957806,0.0,2294.7932093911036,-8.37695867714924,1.232008342153771,8.255788996352803e-19,-0.837795867714924
P,0.25,1,0.9581406557050209,0.5204861543873187,0.6594531961502285,0.5204861543873187,0.9581406557050209,60.92201508177517,0.0,5508.426680277858,7.748797609944675,1.2117125753298355,8.255788996352803e-19,0.3916
P,0.25,1,0.33604263533330214,0.9945808920238917,0.4599749912741174,0.9945808920238917,0.33604263533330214,49.61972220235458,0.0,3871.8542713453603,-2.5605864164434955,1.2149532884703809,8.255788996352803e-19,-0.25615864164434954
P,0.25,1,0.9682271116670405,0.9492548505483545,0.8525867717605191,0.9492548505483545,0.9682271116670405,30.32373312080796,0.0,3553.6009075390702,1.440630825831372,1.212671841490888,8.255788996352803e-19,0.14396308258313723
P,0.25,1,0.2641677780854642,0.6884413867165594,0.9781851709106861,0.6884413867165594,0.2641677780854642,17.28160813152804,0.0,1245.7462345242955,-18.880127579372026,1.235891307058654,8.255788996352803e-19,-1.8881127579372028
P,0.25,1,0.7300711732149061,0.9435707322483037,0.7099429269954521,0.9435707322483037,0.7300711732149061,35.5814293268016,0.0,3609.048160954421,-0.3123063052702762,1.2137566494426428,8.255788996352803e-19,-0.03133063052702762
P,0.25,1,0.7308386922581782,0.9692791131834271,0.8422241636322707,0.9692791131834271,0.7308386922581782,29.431191503367195,0.0,3121.5161517274287,-2.7496545991286907,1.2155348177304808,8.255788996352803e-19,-0.27506545991286907
P,0.25,1,0.9683096506947745,0.5631657045759757,0.9739200362104968,0.5631657045759757,0.9683096506947745,196.68669202221727,0.0,19849.968832497703,59.33542264888825,1.1552796042794378,8.255788996352803e-19,0.3916
P,0.25,1,0.84047483280596,0.9734695109568866,0.3711305376575975,0.9734695109568866,0.84047483280596,26.700712422477444,0.0,2669.416557589441,-4.924290577086063,1.2284333135100156,8.255788996352803e-19,-0.4925290577086064
P,0.25,1,0.9514153065701301,0.9025741322317296,0.8995820072421629,0.9025741322317296,0.9514153065701301,30.796931869506807,0.0,3547.4684663800786,1.1618008165579632,1.212413394690887,8.255788996352803e-19,0.11608008165579634
P,0.25,1,0.7943644087334084,0.9243294192963819,0.9659885373272841,0.9243294192963819,0.7943644087334084,25.36272572109568,0.0,2792.040565991835,-4.325061336383887,1.2179070407329646,8.255788996352803e-19,-0.43260613363838873
P,0.25,1,0.9764002468755825,0.9151943025847245,0.9249650249211278,0.9151943025847245,0.9764002468755825,29.43507238221241,0.0,3464.621435547338,0.9538465505812909,1.212740056502798,8.255788996352803e-19,0.09528465505812908
P,0.25,1,0.9125152042264457,0.9900255370333448,0.8951510723957882,0.9900255370333448,0.9125152042264457,34.32695052460304,0.0,4033.6162591677107,3.824792445021704,1.2068585705512185,8.255788996352803e-19,0.3823792445021704
P,0.25,1,0.5339449284962656,0.2685247655609885,0.9078222374768459,0.2685247655609885,0.5339449284962656,33.245811767117964,0.0,2088.4700005011873,-12.402522836709126,1.2317324813968926,8.255788996352803e-19,-1.2403522836709127
P,0.25,1,0.9540901549978275,0.959109178572082,0.45721316659492683,0.959109178572082,0.9540901549978275,77.89740409409525,0.0,8342.056049867098,21.40397192332419,1.1937641096584564,8.255788996352803e-19,0.3916
P,0.25,1,0.8320329681300493,0.816236787678662,0.448715228418256,0.816236787678662,0.8320329681300493,21.90034049829672,0.0,2050.5588514910282,-9.160675885848603,1.2354358216746288,8.255788996352803e-19,-0.9161675885848602
P,0.25,1,0.9581880265161346,0.8006441684536904,0.3318057766617899,0.8006441684536904,0.9581880265161346,35.97809579098126,0.0,3462.4151599627794,-0.4078896179930657,1.2250040487606517,8.255788996352803e-19,-0.040888961799306574
P,0.25,1,0.08760935943539061,0.9784785822889729,0.4950044989244753,0.9784785822889729,0.08760935943539061,29.577847917910937,0.0,1942.658545068842,-14.59666337788943,1.2293150040650116,8.255788996352803e-19,-1.459766337788943
P,0.25,1,0.7988447137302483,0.7684204162778411,0.4622921929075655,0.7684204162778411,0.7988447137302483,35.58530257609156,0.0,3199.850382494282,-2.9946192173005217,1.2245541348682674,8.255788996352803e-19,-0.29956192173005214
P,0.25,1,0.914251181461559,0.5865927964186375,0.9799325748942648,0.5865927964186375,0.914251181461559,40.98785779080563,0.0,4079.952402185628,2.3661530037193184,1.2112277178982638,8.255788996352803e-19,0.23651530037193186
P,0.25,1,0.9828231050717883,0.9361344375122347,0.4980979080445329,0.9361344375122347,0.9828231050717883,18.27529953397866,0.0,1981.0484058545815,-8.400003688522535,1.2357102498753758,8.255788996352803e-19,-0.8401003688522535
P,0.25,1,0.987140377354839,0.7490930480172409,0.8142941236120996,0.7490930480172409,0.987140377354839,27.367820905227582,0.0,2932.9826652425245,-2.6455688978658123,1.2217625954353528,8.255788996352803e-19,-0.2646568897865812
P,0.25,1,0.8823328712661158,0.8538324474181358,0.23259301978423164,0.8538324474181358,0.8823328712661158,33.86098914906863,0.0,3136.3094938244103,-2.607420128579092,1.2280337722727241,8.255788996352803e-19,-0.2608420128579092
P,0.25,1,0.8061111391067577,0.5026415170484515,0.9606900770316226,0.5026415170484515,0.8061111391067577,46.445544959712535,0.0,4154.780870758047,1.2648860658151004,1.2125204385626303,8.255788996352803e-19,0.12638860658151005
P,0.25,1,0.9794147948969044,0.025107241537388858,0.8603578056325842,0.025107241537388858,0.9794147948969044,35.60022272631029,0.0,2553.7836491483704,-7.484595203130144,1.2340163024836077,8.255788996352803e-19,-0.7485595203130144
P,0.25,1,0.9891691901767954,0.6920247523687693,0.3828954683575909,0.6920247523687693,0.9891691901767954,62.1516046607994,0.0,5819.384258155448,9.685075406896932,1.2127102171995128,8.255788996352803e-19,0.3916
P,0.25,1,0.8597856385691104,0.8736057789126875,0.6884152888889892,0.8736057789126875,0.8597856385691104,40.49181942432987,0.0,4206.288302583827,3.4039866942845367,1.2111387750421618,8.255788996352803e-19,0.34029866942845366
P,0.25,1,0.9852969204896611,0.9797673897091265,0.8463814851001766,0.9797673897091265,0.9852969204896611,24.663159632292597,0.0,2945.0957804287455,-1.9297509396410795,1.2187509270943362,8.255788996352803e-19,-0.19307509396410794
P,0.25,1,0.4646394329037047,0.6354420096559812,0.9586421523535441,0.6354420096559812,0.4646394329037047,25.69899858815823,0.0,2029.4531549570886,-12.1154914407518,1.2271078734416292,8.255788996352803e-19,-1.21164914407518
P,0.25,1,0.9932422470915026,0.12016347471324906,0.8020199100927405,0.12016347471324906,0.9932422470915026,24.697790452976378,0.0,1870.1360522785697,-10.686916510856042,1.23949512396329,8.255788996352803e-19,-1.0687916510856041
P,0.25,1,0.8767323444651696,0.8911390511659223,0.7024664568454602,0.8911390511659223,0.8767323444651696,27.486026705053845,0.0,2912.288314377322,-3.240064636809529,1.2216507540061592,8.255788996352803e-19,-0.32410646368095286
P,0.25,1,0.921390961777838,0.4115938105711616,0.7223691871213488,0.4115938105711616,0.921390961777838,24.853418571423404,0.0,2105.295019091805,-9.056135918675906,1.2349353731830794,8.255788996352803e-19,-0.9057135918675906
P,0.25,1,0.8177899718615754,0.5663968391878387,0.9791241415683783,0.5663968391878387,0.8177899718615754,18.696093767714416,0.0,1751.5892395955545,-11.730320151249428,1.2334893773021294,8.255788996352803e-19,-1.1731320151249427
P,0.25,1,0.9565746012650941,0.577832304628368,0.7192899314598837,0.577832304628368,0.9565746012650941,41.724830723728346,0.0,3951.4496862723695,1.5527944126701148,1.2176372854896012,8.255788996352803e-19,0.1551794412670115
P,0.25,1,0.38480457266038837,0.20290272410602506,0.9048318548827256,0.20290272410602506,0.38480457266038837,19.561015712384688,0.0,1017.2933365772266,-20.23560813852417,1.2433684684242783,8.255788996352803e-19,-2.023660813852417
P,0.25,1,0.976587446699069,0.6562729142533672,0.7776543729604011,0.6562729142533672,0.976587446699069,21.018328368011364,0.0,2124.6246364729354,-7.948367023014434,1.2319706050506192,8.255788996352803e-19,-0.7949367023014434
P,0.25,1,0.9093419342147137,0.11155611495805784,0.647554617231017,0.11155611495805784,0.9093419342147137,64.93078421537301,0.0,4365.541274814015,-0.4033855326951748,1.2272542685418424,8.255788996352803e-19,-0.04043855326951748
P,0.25,1,0.9486159139026485,0.7849105785395232,0.29931500974724,0.7849105785395232,0.9486159139026485,31.57976718316402,0.0,2973.525609914644,-3.1124092037880104,1.229676749461366,8.255788996352803e-19,-0.311340920378801
P,0.25,1,0.9408594097356677,0.9492548505483545,0.7561027415184518,0.9492548505483545,0.9408594097356677,21.70981417284079,0.0,2462.0727181586535,-5.416172288470548,1.2256936247034225,8.255788996352803e-19,-0.5417172288470549
P,0.25,1,0.9982116675257756,0.7733311505123096,0.6428258198629775,0.7733311505123096,0.9982116675257756,27.591400857395065,0.0,2887.3790233594805,-2.884056704805323,1.2248373823080332,8.255788996352803e-19,-0.28850567048053233
P,0.25,1,0.47456958216824685,0.8438376802979022,0.7244513577601539,0.8438376802979022,0.47456958216824685,20.30844142370587,0.0,1706.5517822040165,-13.861972183533762,1.2331842565339428,8.255788996352803e-19,-1.3862972183533762
P,0.25,1,0.6303447222645788,0.822622027764184,0.8467014699207993,0.822622027764184,0.6303447222645788,34.192534391520965,0.0,3207.8025067452027,-3.5354223147008206,1.2159463769950705,8.255788996352803e-19,-0.35364223147008206
P,0.25,1,0.8081055177502648,0.9560670904837885,0.28348905621937337,0.9560670904837885,0.8081055177502648,31.579586193584895,0.0,3009.4037242498816,-3.392363374959119,1.226652436763335,8.255788996352803e-19,-0.33933633749591186
P,0.25,1,0.9502688934869022,0.9295663499024505,0.42761966943230834,0.9295663499024505,0.9502688934869022,24.969750416387892,0.0,2613.889753039672,-4.535270950161372,1.2291678149276606,8.255788996352803e-19,-0.4536270950161373
P,0.25,1,0.9716403606611548,0.8727836768561217,0.3678791925403393,0.8727836768561217,0.9716403606611548,33.80831224629801,0.0,3428.7775540060825,-0.0892081341166633,1.2234988679507948,8.255788996352803e-19,-0.00902081341166633
P,0.25,1,0.26140259136939903,0.3735969964475686,0.7700465136431183,0.3735969964475686,0.26140259136939903,24.506937132707172,0.0,1249.8817863740758,-19.152239344682027,1.2399506715666169,8.255788996352803e-19,-1.9153239344682027
P,0.25,1,0.890617367691035,0.8759567084593021,0.8472247512532728,0.8759567084593021,0.890617367691035,33.691574849155856,0.0,3689.541538682549,1.3000454265407124,1.2121737143949423,8.255788996352803e-19,0.12990454265407125
P,0.25,1,0.5053261430972534,0.7498035778457126,0.46781905429058984,0.7498035778457126,0.5053261430972534,29.765891394067268,0.0,2216.1290270049376,-10.670438262350155,1.2320245680720585,8.255788996352803e-19,-1.0671438262350155
P,0.25,1,0.9625217122593113,0.6899620852169356,0.8617330928129119,0.6899620852169356,0.9625217122593113,33.245811767117964,0.0,3463.133668884241,-0.059040381965333746,1.2167269455851406,8.255788996352803e-19,-0.006004038196533374
P,0.25,1,0.0665953673099966,0.3556911740862516,0.504114302495074,0.3556911740862516,0.0665953673099966,55.1713436702876,0.0,1860.2223809370532,-17.7086486353082,1.2385011311998375,8.255788996352803e-19,-1.7709648635308202
P,0.25,1,0.8025722828500697,0.964738398622776,0.8156664004267616,0.964738398622776,0.8025722828500697,33.97170039244952,0.0,3694.6668129557074,0.9453055302853637,1.2111011132554053,8.255788996352803e-19,0.09443055302853637
P,0.25,1,0.889494511863623,0.5511900689812924,0.9744384118621359,0.5511900689812924,0.889494511863623,27.059534106917415,0.0,2608.408913655998,-5.753405546527243,1.2240527435827384,8.255788996352803e-19,-0.5754405546527244
P,0.25,1,0.9838612296233259,0.9833009766344999,0.7465556001305089,0.9833009766344999,0.9838612296233259,35.56168540222624,0.0,4161.499560382289,4.826039320551364,1.2089332493378646,8.255788996352803e-19,0.3916
P,0.25,1,0.9278645582645397,0.6207004727398504,0.7558807900976248,0.6207004727398504,0.9278645582645397,27.54331886788077,0.0,2653.117662524293,-5.15626079285247,1.226635499890273,8.255788996352803e-19,-0.515726079285247
P,0.25,1,0.868931317294478,0.5265086241443155,0.24489533560548937,0.5265086241443155,0.868931317294478,69.78790735128591,0.0,5296.509992170667,4.6297646359132205,1.2229062933948942,8.255788996352803e-19,0.3916
P,0.25,1,0.689910884822093,0.8679150066483415,0.5350646745194303,0.8679150066483415,0.689910884822093,183.89629003639223,0.0,16783.830312543738,46.73007187866959,1.1693394743917302,8.255788996352803e-19,0.3916
P,0.25,1,0.9954548361150113,0.007788541477635524,0.6433621583404842,0.007788541477635524,0.9954548361150113,28.62093326884747,0.0,1896.0287231637315,-11.06440348788792,1.2433933560860961,8.255788996352803e-19,-1.106540348788792
P,0.25,1,0.10967815267441727,0.5414027014488026,0.8566494321113428,0.5414027014488026,0.10967815267441727,25.389562976635215,0.0,1370.2817850693903,-19.007867554463648,1.2346529998201496,8.255788996352803e-19,-1.9008867554463649
P,0.25,1,0.9020056225187583,0.8965126678867539,0.7085531298145552,0.8965126678867539,0.9020056225187583,36.206396614988165,0.0,3897.247218108046,2.363151717169299,1.2127934305801669,8.255788996352803e-19,0.2362151717169299
P,0.25,1,0.41671281831618723,0.6807322852060089,0.5554931582815608,0.6807322852060089,0.41671281831618723,35.78766112578615,0.0,2460.7446961071128,-10.149290184552736,1.2286924785229931,8.255788996352803e-19,-1.0150290184552735
P,0.25,1,0.8713870880312662,0.8481873657516119,0.8759361199626872,0.8481873657516119,0.8713870880312662,32.203380778376236,0.0,3474.0081558142138,-0.08495286086113568,1.2138319553645318,8.255788996352803e-19,-0.008595286086113568
P,0.25,1,0.0544448748074704,0.5834452531907489,0.3610284591019697,0.5834452531907489,0.0544448748074704,29.032435190683813,0.0,1188.0135735160247,-20.587692397810116,1.2434191952840765,8.255788996352803e-19,-2.0588692397810116
P,0.25,1,0.8301487678022188,0.8731297474775509,0.8874975421328,0.8731297474775509,0.8301487678022188,31.31340565393117,0.0,3361.536818370833,-0.918801254346685,1.2141238313205436,8.255788996352803e-19,-0.0919801254346685
P,0.25,1,0.667107653054499,0.9870636825493486,0.3563656819546907,0.9870636825493486,0.667107653054499,32.517109630775806,0.0,2979.1430821150293,-4.457013008297445,1.2247012951220941,8.255788996352803e-19,-0.44580130082974456
P,0.25,1,0.8923354169993408,0.4071812086054425,0.12427480694726811,0.4071812086054425,0.8923354169993408,25.176278410022523,0.0,1714.0690467103568,-11.963368127701052,1.247304150106576,8.255788996352803e-19,-1.1964368127701053
P,0.25,1,0.9942121795002514,0.9850574293066993,0.8905338100063812,0.9850574293066993,0.9942121795002514,24.702742198095518,0.0,2994.635022526059,-1.5275719665500842,1.2175288481407769,8.255788996352803e-19,-0.1528571966550084
P,0.25,1,0.3734367145424339,0.23802463466254375,0.3216429324040635,0.23802463466254375,0.3734367145424339,14.65147606764845,0.0,565.7541593695981,-23.352002008867412,1.2570198468613991,8.255788996352803e-19,-2.335300200886741
P,0.25,1,0.7903919775752909,0.577832304628368,0.8361539098727034,0.577832304628368,0.7903919775752909,21.32866958130879,0.0,1904.97144298212,-10.830512340110882,1.2331846897252483,8.255788996352803e-19,-1.0831512340110883
P,0.25,1,0.1694787964407185,0.7052587869005601,0.763560004384125,0.7052587869005601,0.1694787964407185,22.313687263246827,0.0,1401.8770222180483,-18.162072795634472,1.2350775885096392,8.255788996352803e-19,-1.8163072795634474
P,0.25,1,0.9946705933628851,0.24339355282020625,0.7737239096489975,0.24339355282020625,0.9946705933628851,31.258373885734336,0.0,2539.6273800991885,-6.591701493996092,1.2324467964256738,8.255788996352803e-19,-0.6592701493996092
P,0.25,1,0.9460779756841772,0.982274270988999,0.6719613828989114,0.982274270988999,0.9460779756841772,27.747244905484948,0.0,3141.4500290822484,-1.1305542523930734,1.2192176386829094,8.255788996352803e-19,-0.11315542523930733
P,0.25,1,0.7045994619342474,0.4966462082323537,0.7800292607811804,0.4966462082323537,0.7045994619342474,21.09625462865532,0.0,1678.481624051255,-13.075945224770942,1.2368100148602565,8.255788996352803e-19,-1.3076945224770942
P,0.25,1,0.8325438629510501,0.800880111507795,0.8771310922211247,0.800880111507795,0.8325438629510501,35.05470786826199,0.0,3631.649367483041,0.26582786758775245,1.212937474649192,8.255788996352803e-19,0.026482786758775245
P,0.25,1,0.9987176087718628,0.9983148914112474,0.7754031461675236,0.9983148914112474,0.9987176087718628,28.088956358809682,0.0,3349.23456556798,0.5996623290220727,1.2155232822496218,8.255788996352803e-19,0.05986623290220727
P,0.25,1,0.45719949899629664,0.16045574721430067,0.7050989794561132,0.16045574721430067,0.45719949899629664,32.90924742390489,0.0,1596.4353853424734,-16.326775988446,1.2408014388849138,8.255788996352803e-19,-1.6327775988446
P,0.25,1,0.056334548194199585,0.9492548505483545,0.8126250677897987,0.9492548505483545,0.056334548194199585,30.32373312080796,0.0,2140.7068699025563,-13.481287137378523,1.2220959949610928,8.255788996352803e-19,-1.3482287137378521
P,0.25,1,0.6590980453435514,0.654317718719214,0.6440475487224615,0.654317718719214,0.6590980453435514,39.3766778098845,0.0,3219.908789103396,-4.2793903932467225,1.2222937546250718,8.255788996352803e-19,-0.4280390393246723
P,0.25,1,0.6053728984221604,0.535922162489201,0.6857932530248683,0.535922162489201,0.6053728984221604,28.90527079450358,0.0,2145.048131796801,-10.834609309522166,1.232088147650893,8.255788996352803e-19,-1.0835609309522165
P,0.25,1,0.9839123258526645,0.9925273617382488,0.5897700279888765,0.9925273617382488,0.9839123258526645,33.80831224629801,0.0,3839.4827361963603,2.9654212899661476,1.2143344849712454,8.255788996352803e-19,0.29644212899661476
P,0.25,1,0.18850870688028487,0.7861103982297046,0.8357308133516416,0.7861103982297046,0.18850870688028487,125.23525927851855,0.0,8719.407943740864,13.950142779482734,1.1920110065759044,8.255788996352803e-19,0.3916
P,0.25,1,0.9102742080784827,0.6963282729753586,0.723509634150212,0.6963282729753586,0.9102742080784827,29.43507238221241,0.0,2896.9369772240807,-3.6842849284959405,1.223877426224395,8.255788996352803e-19,-0.36852849284959405
P,0.25,1,0.963735473086981,0.985104941163047,0.7905163161992129,0.985104941163047,0.963735473086981,28.64355703013817,0.0,3357.166057068111,0.35402496973443487,1.2151624170787605,8.255788996352803e-19,0.03530249697344349
P,0.25,1,0.9780680872785497,0.9025741322317296,0.2578496627298521,0.9025741322317296,0.9780680872785497,30.796931869506807,0.0,3094.4249776504703,-1.8222747867278697,1.227314511614166,8.255788996352803e-19,-0.18232747867278695
P,0.25,1,0.8284996129649485,0.7994423434801637,0.8472247512532728,0.7994423434801637,0.8284996129649485,34.358473999522545,0.0,3524.4138088547506,-0.3780788624701942,1.2143903596640944,8.255788996352803e-19,-0.03790788624701942
P,0.25,1,0.8533610914756158,0.6094244790611738,0.7960269099294491,0.6094244790611738,0.8533610914756158,24.725354845121906,0.0,2300.4458100490997,-7.808596083647642,1.2293486407646046,8.255788996352803e-19,-0.7809596083647643
P,0.25,1,0.9226614670760599,0.9073137759235859,0.4982094854210728,0.9073137759235859,0.9226614670760599,25.678214347362104,0.0,2669.35307591883,-4.426712507625109,1.22753440703399,8.255788996352803e-19,-0.44277125076251095
P,0.25,1,0.9290109869083194,0.7273810913937961,0.29991051355029863,0.7273810913937961,0.9290109869083194,40.83553977891838,0.0,3688.1584228045426,0.006158762991036841,1.2252395963170224,8.255788996352803e-19,0.0005158762991036841
P,0.25,1,0.9337629492683639,0.35055982601965496,0.6564472811444961,0.35055982601965496,0.9337629492683639,34.32695052460304,0.0,2767.6900517930676,-5.631916497504311,1.2310491568102246,8.255788996352803e-19,-0.5632916497504311
P,0.25,1,0.9613198731867468,0.32618422335539254,0.4513142870590335,0.32618422335539254,0.9613198731867468,20.104994940412002,0.0,1521.1049537834097,-12.652172639668127,1.2463312874327892,8.255788996352803e-19,-1.2653172639668127
P,0.25,1,0.8674632257182874,0.9095852474229887,0.8570761622603077,0.9095852474229887,0.8674632257182874,30.622290728509462,0.0,3377.005634589557,-0.4509927389602878,1.2142425246960165,8.255788996352803e-19,-0.04519927389602878
P,0.25,1,0.8467371398910974,0.8617661148483239,0.6433621583404842,0.8617661148483239,0.8467371398910974,28.62093326884747,0.0,2905.288517214402,-3.642037504441686,1.2228611507402134,8.255788996352803e-19,-0.3643037504441686
P,0.25,1,0.18239906993058874,0.9259894701168946,0.9356925824754673,0.9259894701168946,0.18239906993058874,59.223521955657375,0.0,4667.508906894598,0.33602592649746216,1.2012475463833112,8.255788996352803e-19,0.03350259264974621
P,0.25,1,0.9956422480623675,0.7872210697206851,0.8142941236120996,0.7872210697206851,0.9956422480623675,20.99410981990102,0.0,2298.8659207908368,-6.418442720724085,1.2284660366523947,8.255788996352803e-19,-0.6419442720724085
P,0.25,1,0.6873277011905238,0.4462842903065676,0.3609607395706862,0.4462842903065676,0.6873277011905238,26.624585152156,0.0,1749.358198538096,-13.040620173480953,1.2428226805199816,8.255788996352803e-19,-1.3041620173480952
P,0.25,1,0.08970279574705875,0.6920247523687693,0.7069995176819974,0.6920247523687693,0.08970279574705875,27.113729598277292,0.0,1539.012311670397,-17.74119699326586,1.2333640888314936,8.255788996352803e-19,-1.774219699326586
P,0.25,1,0.6713994197693786,0.9153729511630244,0.7282840003603577,0.9153729511630244,0.6713994197693786,22.229923288160293,0.0,2168.4338405801086,-9.269382497066474,1.228089387463891,8.255788996352803e-19,-0.9270382497066473
P,0.25,1,0.969183977952972,0.9635636496106524,0.7822285129779519,0.9635636496106524,0.969183977952972,40.49181942432987,0.0,4704.869788807045,7.383750430638849,1.2044512678547095,8.255788996352803e-19,0.3916
P,0.25,1,0.9641226277296364,0.4960626297240157,0.7234900317978571,0.4960626297240157,0.9641226277296364,21.661027516041553,0.0,1973.244089169968,-9.348379909757359,1.2357869926500686,8.255788996352803e-19,-0.9349379909757358
P,0.25,1,0.667107653054499,0.7175649331748,0.28117800674144233,0.7175649331748,0.667107653054499,41.32599890429929,0.0,3151.6479390290115,-4.913486213531784,1.2289770043935409,8.255788996352803e-19,-0.49144862135317846
P,0.25,1,0.8525591602956027,0.3081417587449746,0.5649916750549476,0.3081417587449746,0.8525591602956027,103.34565907139046,0.0,7457.405998860915,11.675945639702888,1.2130337401035314,8.255788996352803e-19,0.3916
P,0.25,1,0.9046587421977449,0.8691085917441664,0.8581073926634111,0.8691085917441664,0.9046587421977449,32.128060449902016,0.0,3538.61836104731,0.5839588703153203,1.2134418706286991,8.255788996352803e-19,0.05829588703153203
P,0.25,1,0.20951613535162195,0.8428960510948227,0.09946027669936985,0.8428960510948227,0.20951613535162195,11.913179887985613,0.0,656.500988872948,-23.322486282387874,1.2518175415569914,8.255788996352803e-19,-2.3323486282387877
P,0.25,1,0.9523996994038445,0.9440558330595606,0.807440880715926,0.9440558330595606,0.9523996994038445,26.138820767355053,0.0,3006.1943743477145,-1.9060035261812458,1.2188459293261416,8.255788996352803e-19,-0.19070035261812457
P,0.25,1,0.671062737498553,0.7252055315181127,0.7192899314598837,0.7252055315181127,0.671062737498553,41.724830723728346,0.0,3663.2591242678236,-1.5237235194846603,1.2164575021475934,8.255788996352803e-19,-0.15247235194846603
P,0.25,1,0.9544378786105757,0.9693770564199301,0.8375323851441401,0.9693770564199301,0.9544378786105757,27.88219193256609,0.0,3265.8148308711056,-0.2572063422241875,1.2154163945004588,8.255788996352803e-19,-0.02582063422241875
P,0.25,1,0.7872407489728095,0.9925405831709212,0.6501344955727967,0.9925405831709212,0.7872407489728095,32.77302089126941,0.0,3449.1123241504433,-0.5966653186536947,1.2157656271647568,8.255788996352803e-19,-0.05976653186536947
P,0.25,1,0.9722114894880453,0.7947150587091367,0.5620276285848084,0.7947150587091367,0.9722114894880453,27.747244905484948,0.0,2841.235139491308,-3.3439461154395724,1.226271127013098,8.255788996352803e-19,-0.3344946115439572
P,0.25,1,0.923305924567513,0.9206497982604251,0.33599148122648803,0.9206497982604251,0.923305924567513,35.42301214477654,0.0,3563.4690562088963,0.3637370615139006,1.2221698678229835,8.255788996352803e-19,0.03627370615139006
P,0.25,1,0.35988888410533626,0.3454020601667963,0.9161907529623493,0.3454020601667963,0.35988888410533626,20.88234617305713,0.0,1214.711794148492,-18.805380223366868,1.2394211566756776,8.255788996352803e-19,-1.880638022336687
P,0.25,1,0.9748031590618502,0.9219820269286231,0.7828159632590549,0.9219820269286231,0.9748031590618502,30.817858573840184,0.0,3525.860671467028,1.1682141636287187,1.2145133147604172,8.255788996352803e-19,0.11672141636287188
P,0.25,1,0.47906281178643706,0.5163259138887536,0.7069995176819974,0.5163259138887536,0.47906281178643706,27.113729598277292,0.0,1828.6698813701003,-13.673186508774057,1.2344730978287797,8.255788996352803e-19,-1.3674186508774056
P,0.25,1,0.9726462958586458,0.9812086137321806,0.9021949282283463,0.9812086137321806,0.9726462958586458,27.736194117647116,0.0,3335.211294038904,0.36759388215011085,1.2136316634157098,8.255788996352803e-19,0.036659388215011086
P,0.25,1,0.8522548241567052,0.9492548505483545,0.9561965610392895,0.9492548505483545,0.8522548241567052,39.40944849743635,0.0,4491.904615288709,5.601695322764816,1.2024800045268338,8.255788996352803e-19,0.3916
P,0.25,1,0.590826365821474,0.9251554625212492,0.6989367182383712,0.9251554625212492,0.590826365821474,234.06852104357787,0.0,21832.158322983705,63.07853625345691,1.1492744175352532,8.255788996352803e-19,0.3916
P,0.25,1,0.7998378362640053,0.8219561977002634,0.9706352258985772,0.8219561977002634,0.7998378362640053,66.34298314949014,0.0,6989.603624264027,15.301392846914634,1.1906312956713732,8.255788996352803e-19,0.3916
P,0.25,1,0.8673641350015601,0.4587190755923245,0.8177679576725938,0.4587190755923245,0.8673641350015601,17.019331789374824,0.0,1476.3991120295693,-13.447731135263707,1.240304579766923,8.255788996352803e-19,-1.3448731135263707
P,0.25,1,0.7677196055043678,0.7434115839018602,0.3084797429690055,0.7434115839018602,0.7677196055043678,27.47530766502009,0.0,2287.8291137196866,-8.439930511419783,1.2354532187054885,8.255788996352803e-19,-0.8440930511419783
P,0.25,1,0.890617367691035,0.43996406332942883,0.7685468276825178,0.43996406332942883,0.890617367691035,20.001786356286377,0.0,1715.0080119483398,-11.652348589893446,1.2381691334907228,8.255788996352803e-19,-1.1653348589893446
P,0.25,1,0.8951740333181791,0.8889240718871643,0.5952922681593362,0.8889240718871643,0.8951740333181791,27.856611517643117,0.0,2899.517027642703,-3.264532138860484,1.2236613563867698,8.255788996352803e-19,-0.3265532138860484
P,0.25,1,0.1843141612652378,0.976369306056305,0.30847026336250305,0.976369306056305,0.1843141612652378,16.784981252463147,0.0,1103.5442016388504,-19.87859138637614,1.243409218586885,8.255788996352803e-19,-1.987959138637614
P,0.25,1,0.8143383247775073,0.7148751671193689,0.5975527723090613,0.7148751671193689,0.8143383247775073,27.534828910318843,0.0,2516.6694270970047,-6.6292925508305895,1.2289534825185884,8.255788996352803e-19,-0.663029255083059
P,0.25,1,0.9125152042264457,0.8973533127377362,0.7384741388163238,0.8973533127377362,0.9125152042264457,21.615257896938502,0.0,2355.0964617048803,-6.417411105381251,1.2274527288013986,8.255788996352803e-19,-0.6418411105381251
P,0.25,1,0.9131273961532046,0.996992926598809,0.9249650249211278,0.996992926598809,0.9131273961532046,31.291174576041094,0.0,3712.076475812341,2.1460751607140045,1.2090745392198885,8.255788996352803e-19,0.21450751607140045
P,0.25,1,0.8744489444139553,0.9348956540107155,0.7994316592230194,0.9348956540107155,0.8744489444139553,30.741553358284367,0.0,3395.4974510074367,-0.2642735481053555,1.2147963224193583,8.255788996352803e-19,-0.02652735481053555
P,0.25,1,0.9155434503372749,0.17348285156383303,0.4622921929075655,0.17348285156383303,0.9155434503372749,20.12258649433216,0.0,1328.264163666311,-14.5250663153966,1.2493848140580874,8.255788996352803e-19,-1.45260663153966
P,0.25,1,0.8320329681300493,0.729500809128022,0.806052449039268,0.729500809128022,0.8320329681300493,35.56168540222624,0.0,3493.1532368507887,-0.8653348094341542,1.2164410051474486,8.255788996352803e-19,-0.08663348094341541
P,0.25,1,0.8467371398910974,0.403799731308342,0.8226341590540132,0.403799731308342,0.8467371398910974,24.771219673816237,0.0,2058.307463962209,-9.85665893672794,1.2335048303249319,8.255788996352803e-19,-0.9857658936727939
P,0.25,1,0.7588428216931081,0.9106762797857573,0.7558807900976248,0.9106762797857573,0.7588428216931081,68.8437480287669,0.0,7047.73928390287,15.061490774792961,1.1935349718424044,8.255788996352803e-19,0.3916
P,0.25,1,0.8774359279565009,0.9668454635740119,0.6700911438024413,0.9668454635740119,0.8774359279565009,34.248454756324875,0.0,3731.92904531653,1.5509198888385172,1.2137252302748447,8.255788996352803e-19,0.15499198888385174
P,0.25,1,0.9164388732131948,0.8816714394635197,0.9215624993443103,0.8816714394635197,0.9164388732131948,40.49181942432987,0.0,4573.3314620886395,6.149450674350816,1.203870063845631,8.255788996352803e-19,0.3916
P,0.25,1,0.04260643179120427,0.6920247523687693,0.7893343671136036,0.6920247523687693,0.04260643179120427,21.536894491597124,0.0,1216.0789897524521,-20.31686570754315,1.2363410514801134,8.255788996352803e-19,-2.0317865707543152
P,0.25,1,0.8868612837117821,0.8671060544679173,0.8429811542248714,0.8671060544679173,0.8868612837117821,32.20600739656882,0.0,3503.1406855411346,0.22684514754949248,1.2139783104236006,8.255788996352803e-19,0.02258451475494925
P,0.25,1,0.8525591602956027,0.9688822971109942,0.8134258455710315,0.9688822971109942,0.8525591602956027,28.238922773052156,0.0,3146.0339734341483,-1.7318005340882914,1.2164680513814126,8.255788996352803e-19,-0.17328005340882913
P,0.25,1,0.7739498245881086,0.9153729511630244,0.8719595811870684,0.9153729511630244,0.7739498245881086,32.73657754035584,0.0,3478.756612992973,-0.566930459985656,1.2125261322652015,8.255788996352803e-19,-0.056793045998565606
P,0.25,1,0.00015519790847406956,0.3759667041888004,0.9048476145448066,0.3759667041888004,0.00015519790847406956,25.863445521805705,0.0,1071.4523408304262,-22.01336926083766,1.2380254080509823,8.255788996352803e-19,-2.2014369260837663
P,0.25,1,0.03116364087921286,0.8859467677048463,0.7112140223613448,0.8859467677048463,0.03116364087921286,11.911401782311582,0.0,757.992427108231,-24.102444338337918,1.245638216022607,8.255788996352803e-19,-2.410344433833792
P,0.25,1,0.10024881888290793,0.6583191656570072,0.71714304799325,0.6583191656570072,0.10024881888290793,28.4247448917748,0.0,1587.7202769336916,-17.423893423790478,1.2329755585757234,8.255788996352803e-19,-1.742489342379048
P,0.25,1,0.921390961777838,0.9838294464474641,0.9107339826426428,0.9838294464474641,0.921390961777838,35.664658948562035,0.0,4209.4772261551625,4.814914759690164,1.2052426697120662,8.255788996352803e-19,0.3916
P,0.25,1,0.9641226277296364,0.6575069518029064,0.9320044774957614,0.6575069518029064,0.9641226277296364,37.146768556511866,0.0,3877.438799243647,2.052879135354067,1.2125830707963081,8.255788996352803e-19,0.20518791353540672
P,0.25,1,0.999431707247799,0.047142997835949996,0.8269935606541367,0.047142997835949996,0.999431707247799,27.10311709256068,0.0,1978.6244216299192,-10.243806748256201,1.2389538207679862,8.255788996352803e-19,-1.02448067482562
P,0.25,1,0.9128758764280737,0.577832304628368,0.7412936718829944,0.577832304628368,0.9128758764280737,30.069631309722645,0.0,2798.512954881527,-4.61042921562024,1.2259651931347577,8.255788996352803e-19,-0.461142921562024
P,0.25,1,0.94562834688472,0.9582541681659862,0.6156958272189421,0.9582541681659862,0.94562834688472,30.350696388750585,0.0,3356.3779367013112,-0.04227543716903338,1.2183836929082121,8.255788996352803e-19,-0.004327543716903338
P,0.25,1,0.9722114894880453,0.1018521648647761,0.03677955760240159,0.1018521648647761,0.9722114894880453,20.69101532047575,0.0,1130.1985361148104,-20.113985363266245,1.2548590188372437,8.255788996352803e-19,-2.0114985363266245
P,0.25,1,0.7768545592956954,0.9979196873992696,0.5324617549609313,0.9979196873992696,0.7768545592956954,23.93643102578158,0.0,2442.718918904598,-6.624857230369654,1.2277289947872518,8.255788996352803e-19,-0.6625857230369654
P,0.25,1,0.9748031590618502,0.9219820269286231,0.40514227500475514,0.9219820269286231,0.9748031590618502,38.08033577916101,0.0,3997.2096859356366,3.080770626388561,1.2176997824094076,8.255788996352803e-19,0.3079770626388561
P,0.25,1,0.9813564061793275,0.9918232651240605,0.9084032509524834,0.9918232651240605,0.9813564061793275,28.088956358809682,0.0,3409.130365571694,0.901789995469764,1.212700094801756,8.255788996352803e-19,0.0900789995469764
P,0.25,1,0.9650573660412157,0.9206497982604251,0.826249703001585,0.9206497982604251,0.9650573660412157,35.42301214477654,0.0,4071.577720728536,4.057328021063066,1.209036515214822,8.255788996352803e-19,0.3916
P,0.25,1,0.9916155348389164,0.8776738915449096,0.220192411546816,0.8776738915449096,0.9916155348389164,22.719769603825668,0.0,2248.5592759867586,-6.6883435205043105,1.2350981709751894,8.255788996352803e-19,-0.6689343520504311
P,0.25,1,0.22268170706703416,0.15347271070049695,0.7120817519113334,0.15347271070049695,0.22268170706703416,25.19052302808977,0.0,922.2191203796584,-22.018842007147708,1.2462760080471489,8.255788996352803e-19,-2.201984200714771
P,0.25,1,0.8758216439335379,0.9492548505483545,0.9017010569251426,0.9492548505483545,0.8758216439335379,30.797050806868786,0.0,3504.5920079173134,0.5107406596655536,1.2118213880755297,8.255788996352803e-19,0.05097406596655536
P,0.25,1,0.890617367691035,0.662763746486038,0.9306552215884326,0.662763746486038,0.890617367691035,21.12533074510756,0.0,2132.294474652643,-8.472115170336556,1.2290786943318037,8.255788996352803e-19,-0.8473115170336556
P,0.25,1,0.10186363575939572,0.9812086137321806,0.845194728016481,0.9812086137321806,0.10186363575939572,25.657787545182508,0.0,1931.607552820768,-14.475659835350259,1.2243418800550017,8.255788996352803e-19,-1.4476659835350258
P,0.25,1,0.8748640382921825,0.19507625617686275,0.6169627023039823,0.19507625617686275,0.8748640382921825,33.06774389787135,0.0,2279.06469803394,-9.348768086907794,1.2377802587022035,8.255788996352803e-19,-0.9349768086907794
P,0.25,1,0.6466461421308514,0.9151943025847245,0.6463898320903023,0.9151943025847245,0.6466461421308514,10.862351268438953,0.0,1023.7958121005781,-18.195161668217565,1.2463657700407125,8.255788996352803e-19,-1.8196161668217568
P,0.25,1,0.9677141328450186,0.9841807961554669,0.9087691570846456,0.9841807961554669,0.9677141328450186,27.10497086873469,0.0,3261.1067976990535,-0.09327316777276594,1.214213851290947,8.255788996352803e-19,-0.009427316777276594
P,0.25,1,0.8981862650548241,0.9325953759180282,0.3318057766617899,0.9325953759180282,0.8981862650548241,30.91813183370842,0.0,3086.687775366965,-2.2965107359526256,1.2259197154992347,8.255788996352803e-19,-0.22975107359526253
P,0.25,1,0.689910884822093,0.41461646146760733,0.517999577266544,0.41461646146760733,0.689910884822093,22.852268540535945,0.0,1557.9844124783676,-14.169264887505793,1.242652877138992,8.255788996352803e-19,-1.4170264887505792
P,0.25,1,0.6725759683800139,0.3919494293944893,0.7994220218352719,0.3919494293944893,0.6725759683800139,33.245811767117964,0.0,2433.986401296984,-9.110547430925688,1.2296016575878166,8.255788996352803e-19,-0.9111547430925688
P,0.25,1,0.8967823105859503,0.9112515593633519,0.8426277970179404,0.9112515593633519,0.8967823105859503,30.946846746643676,0.0,3449.564186772512,0.16941234450973666,1.2139465604378599,8.255788996352803e-19,0.016841234450973665
P,0.25,1,0.6984978066922327,0.6816381451714637,0.504114302495074,0.6816381451714637,0.6984978066922327,94.77591834781816,0.0,7734.630013417111,14.075736587957921,1.203831532438554,8.255788996352803e-19,0.3916
P,0.25,1,0.9124463846747946,0.9892263873460454,0.798265620984546,0.9892263873460454,0.9124463846747946,29.538942983785233,0.0,3398.1682459314807,0.22314421560280545,1.2143073622319183,8.255788996352803e-19,0.022214421560280546
P,0.25,1,0.5934287680683767,0.9408329408989523,0.7588907263228849,0.9408329408989523,0.5934287680683767,214.33948721922903,0.0,20509.149626394654,59.483050152388266,1.1507529232281157,8.255788996352803e-19,0.3916
P,0.25,1,0.7705038513355918,0.9980009019672095,0.7920824461747593,0.9980009019672095,0.7705038513355918,27.7350137402685,0.0,3001.6856198312285,-3.1144616515615327,1.2175074711778686,8.255788996352803e-19,-0.31154616515615324
P,0.25,1,0.8423805758802227,0.9138002225295414,0.9818832766549906,0.9138002225295414,0.8423805758802227,35.58530257609156,0.0,3998.226591840977,2.8862615665294515,1.20636629600636,8.255788996352803e-19,0.2885261566529452
P,0.25,1,0.987140377354839,0.5872961675712173,0.9540259706645394,0.5872961675712173,0.987140377354839,25.269098466969698,0.0,2591.9140090058186,-5.042635152588447,1.2247202747619035,8.255788996352803e-19,-0.5043635152588448
P,0.25,1,0.949605049620796,0.8226986456621361,0.6297539710889432,0.8226986456621361,0.949605049620796,31.67590898264887,0.0,3305.6672638115965,-0.7730727770211093,1.2203801504835934,8.255788996352803e-19,-0.07740727770211094
P,0.25,1,0.2050555561999854,0.5414027014488026,0.7719189686825431,0.5414027014488026,0.2050555561999854,27.270974543387894,0.0,1544.1067707145858,-17.25354970738158,1.2345039313326178,8.255788996352803e-19,-1.7254549707381581
P,0.25,1,0.8868612837117821,0.9144391329321757,0.7017071947324459,0.9144391329321757,0.8868612837117821,28.46518654652681,0.0,3063.0732742828136,-2.215808424891777,1.2199487283172938,8.255788996352803e-19,-0.2216808424891777
P,0.25,1,0.03141385758486759,0.9153729511630244,0.4815764785547456,0.9153729511630244,0.03141385758486759,32.73657754035584,0.0,1943.8571322335447,-15.152539312620702,1.2297247243504017,8.255788996352803e-19,-1.51535393126207
P,0.25,1,0.9292579811178037,0.9161749093303879,0.8209519167781913,0.9161749093303879,0.9292579811178037,35.60022272631029,0.0,4015.542873443084,3.45031087857436,1.2095214851820462,8.255788996352803e-19,0.344931087857436
P,0.25,1,0.9439951174991327,0.9797673897091265,0.8873454424919885,0.9797673897091265,0.9439951174991327,30.54550088536947,0.0,3615.7247433402135,1.7444925801489624,1.210991524611408,8.255788996352803e-19,0.17434925801489626
P,0.25,1,0.8825787961465843,0.9909470347999186,0.8905338100063812,0.9909470347999186,0.8825787961465843,31.64217192151517,0.0,3668.5819200640362,1.612213002384526,1.2100117956141796,8.255788996352803e-19,0.1611213002384526
P,0.25,1,0.9454674713572876,0.30015808050310144,0.3216429324040635,0.30015808050310144,0.9454674713572876,23.211113516112757,0.0,1632.2600695322567,-12.206202599028698,1.2473867835224428,8.255788996352803e-19,-1.2207202599028697
P,0.25,1,0.9268414594322985,0.8859467677048463,0.5145067481148615,0.8859467677048463,0.9268414594322985,42.480080288887436,0.0,4396.776671004134,4.608603054720049,1.2132840858478604,8.255788996352803e-19,0.3916
P,0.25,1,0.0389057307101488,0.021091492943364765,0.11617565874466573,0.021091492943364765,0.0389057307101488,99.96143360517674,0.0,590.1975593903461,-26.78073815617239,1.2616585243586533,8.255788996352803e-19,-2.678173815617239
P,0.25,1,0.32837656792947645,0.5269106950417869,0.5870313517714627,0.5269106950417869,0.32837656792947645,41.724830723728346,0.0,2396.6804079364874,-11.825032896900938,1.2306346037856566,8.255788996352803e-19,-1.1826032896900938
P,0.25,1,0.9557937355351384,0.27955460844199775,0.8789550999777931,0.27955460844199775,0.9557937355351384,21.717366650495485,0.0,1818.6404007502106,-10.82825157898253,1.2370631362700992,8.255788996352803e-19,-1.0829251578982528
P,0.25,1,0.8767323444651696,0.8428960510948227,0.8098437338391633,0.8428960510948227,0.8767323444651696,33.061081745585106,0.0,3511.996495022074,0.062313699044092404,1.214766078234149,8.255788996352803e-19,0.0061313699044092404
P,0.25,1,0.8177899718615754,0.7861103982297046,0.5839286380979365,0.7861103982297046,0.8177899718615754,31.212765081092652,0.0,2958.758958383666,-3.883091924141393,1.2241801575065903,8.255788996352803e-19,-0.3884091924141393
P,0.25,1,0.9066415093994994,0.23407132706384948,0.8523492643267037,0.23407132706384948,0.9066415093994994,26.18082013329861,0.0,2051.1199492617607,-9.920862076597036,1.2352263323567882,8.255788996352803e-19,-0.9921862076597036
P,0.25,1,0.9891930193315891,0.9973162527634932,0.7828159632590549,0.9973162527634932,0.9891930193315891,27.866779995516765,0.0,3313.244847854356,0.32212333926779846,1.2157213378213434,8.255788996352803e-19,0.03211233392677985
P,0.25,1,0.9987176087718628,0.9241985436672422,0.7754031461675236,0.9241985436672422,0.9987176087718628,28.602141855234642,0.0,3304.4307979312325,0.10581139887886545,1.2168163238081477,8.255788996352803e-19,0.010481139887886546
P,0.25,1,0.08865914004008968,0.9291599712171009,0.8056763097598939,0.9291599712171009,0.08865914004008968,28.465528270822848,0.0,2021.9879786188292,-14.072097940332338,1.224053318963978,8.255788996352803e-19,-1.4073097940332338
P,0.25,1,0.9381881240572311,0.5696181024458686,0.9706352258985772,0.5696181024458686,0.9381881240572311,22.88057188168231,0.0,2280.1906638842506,-7.361554865629038,1.2277897807204448,8.255788996352803e-19,-0.7362554865629038
P,0.25,1,0.9363778791895734,0.37287592086831167,0.6951377632250985,0.37287592086831167,0.9363778791895734,26.395157557400495,0.0,2186.6047863682957,-8.601377201034841,1.2350702711562909,8.255788996352803e-19,-0.8602377201034841
P,0.25,1,0.8617020753115565,0.8428208229780616,0.43202382181648924,0.8428208229780616,0.8617020753115565,34.773324535662375,0.0,3339.169010113684,-1.4852724194431277,1.2230983225225212,8.255788996352803e-19,-0.14862724194431276
P,0.25,1,0.8918948451459803,0.7351754933856657,0.16624861981159245,0.7351754933856657,0.8918948451459803,28.90527079450358,0.0,2471.6819712197557,-6.608439124412645,1.2355816041307714,8.255788996352803e-19,-0.6609439124412646
P,0.25,1,0.12488304625289592,0.9468250537336246,0.5234812965327396,0.9468250537336246,0.12488304625289592,30.52390261692608,0.0,2035.1029868166602,-13.839569488579244,1.2284148264041885,8.255788996352803e-19,-1.3840569488579244
P,0.25,1,0.9657418565798118,0.9025741322317296,0.5018289930454211,0.9025741322317296,0.9657418565798118,30.796931869506807,0.0,3263.2898436310397,-0.7233846114369725,1.222022626455633,8.255788996352803e-19,-0.07243846114369726
P,0.25,1,0.890617367691035,0.7951316256501579,0.8472247512532728,0.7951316256501579,0.890617367691035,31.166605064079977,0.0,3287.0816362023716,-1.18972370957025,1.2167993080941235,8.255788996352803e-19,-0.11907237095702498
P,0.25,1,0.13650289365277568,0.8621339331657955,0.8949366424836201,0.8621339331657955,0.13650289365277568,29.43507238221241,0.0,2128.310485272366,-13.199149157668336,1.222401294858443,8.255788996352803e-19,-1.3200149157668335
P,0.25,1,0.689910884822093,0.9658845142015067,0.7803006072437761,0.9658845142015067,0.689910884822093,26.82269418745271,0.0,2743.8887953096487,-5.345110500405441,1.2202579275245578,8.255788996352803e-19,-0.5346110500405441
P,0.25,1,0.8143383247775073,0.9506010129462988,0.8616781816644458,0.9506010129462988,0.8143383247775073,28.3684465826439,0.0,3114.541152890674,-2.217403324446396,1.2159656985404017,8.255788996352803e-19,-0.22184033244463958
P,0.25,1,0.8786861868146467,0.7452313232373706,0.5342572711582736,0.7452313232373706,0.8786861868146467,51.9820694595021,0.0,4915.024604666119,5.697861532390618,1.212556267653426,8.255788996352803e-19,0.3916
P,0.25,1,0.9828997194139925,0.9964186495118657,0.8285396134349179,0.9964186495118657,0.9828997194139925,27.103674091753494,0.0,3243.751691125564,-0.10248694501211704,1.2156512208741312,8.255788996352803e-19,-0.010348694501211704
P,0.25,1,0.9331981896962853,0.9476017785771851,0.5017159224846912,0.9476017785771851,0.9331981896962853,30.927486787802017,0.0,3296.34112256069,-0.6310328693211311,1.221009192792647,8.255788996352803e-19,-0.0632032869321131
P,0.25,1,0.7131847766847008,0.9645197914723929,0.8113565933965361,0.9645197914723929,0.7131847766847008,22.9866804096009,0.0,2394.5028042634467,-7.386618194046773,1.2240147539106958,8.255788996352803e-19,-0.7387618194046773
P,0.25,1,0.8353847473039502,0.9106762797857573,0.7558807900976248,0.9106762797857573,0.8353847473039502,27.76376722764844,0.0,2948.514053772406,-3.2358387499705272,1.2199443602021627,8.255788996352803e-19,-0.3236838749970527
P,0.25,1,0.9302889676330968,0.9892263873460454,0.798265620984546,0.9892263873460454,0.9302889676330968,32.69853086345107,0.0,3790.819430007563,2.5380084442287996,1.2107982463995617,8.255788996352803e-19,0.25370084442288
P,0.25,1,0.20958818817029745,0.9138002225295414,0.4622921929075655,0.9138002225295414,0.20958818817029745,35.58530257609156,0.0,2410.076014340934,-11.225121255949698,1.2266430951997938,8.255788996352803e-19,-1.1226121255949697
P,0.25,1,0.3682008372981377,0.30074785142608285,0.8092983021584268,0.30074785142608285,0.3682008372981377,19.916869230366927,0.0,1069.1353890684709,-19.821547132038404,1.243214990179584,8.255788996352803e-19,-1.9822547132038406
P,0.25,1,0.12014143308006553,0.1613123246128405,0.8074284836181048,0.1613123246128405,0.12014143308006553,26.675245965252948,0.0,913.8512457117524,-22.71126344277619,1.2440602333477218,8.255788996352803e-19,-2.2712263442776193
P,0.25,1,0.8735908043901845,0.5907812230700688,0.9099346814204562,0.5907812230700688,0.8735908043901845,39.06918703923608,0.0,3749.351438341087,0.30359177015356276,1.2147966028640222,8.255788996352803e-19,0.030259177015356277
P,0.25,1,0.9205529968175391,0.9437179994816366,0.3828954683575909,0.9437179994816366,0.9205529968175391,29.386538496798465,0.0,3020.5228805890283,-2.3915315375259465,1.2255763227134528,8.255788996352803e-19,-0.23925315375259465
P,0.25,1,0.9287319576730088,0.057308556682240885,0.9215624993443103,0.057308556682240885,0.9287319576730088,26.153586046795475,0.0,1891.9788749933575,-11.164834109400019,1.2377388891081798,8.255788996352803e-19,-1.116583410940002
P,0.25,1,0.7739498245881086,0.28439066069137964,0.9339339386880597,0.28439066069137964,0.7739498245881086,25.070622234900775,0.0,1912.0203493472138,-11.53647466624533,1.234089734828874,8.255788996352803e-19,-1.1537474666245329
P,0.25,1,0.9293746169238719,0.8859467677048463,0.7142922421277507,0.8859467677048463,0.9293746169238719,32.08619747670605,0.0,3485.311069968979,0.3815427909266253,1.216356716687569,8.255788996352803e-19,0.03805427909266253
P,0.25,1,0.8977314682791471,0.7875919654703363,0.8398714998979142,0.7875919654703363,0.8977314682791471,31.681551318820333,0.0,3334.8938433879975,-0.9077524028817234,1.216628512703621,8.255788996352803e-19,-0.09087524028817234
P,0.25,1,0.8825787961465843,0.08734735195116383,0.8905338100063812,0.08734735195116383,0.8825787961465843,35.203658418569404,0.0,2490.99864188489,-8.274867627122514,1.232668674416171,8.255788996352803e-19,-0.8275867627122514
P,0.25,1,0.31281746741988137,0.9142985430742879,0.6870018971217233,0.9142985430742879,0.31281746741988137,28.370347071298617,0.0,2227.9474122229417,-11.351453637958372,1.2253726104173328,8.255788996352803e-19,-1.135245363795837
P,0.25,1,0.9641226277296364,0.8565352753513727,0.8839232339162565,0.8565352753513727,0.9641226277296364,32.65067403840425,0.0,3693.802621086427,1.873004356130692,1.2120457783972942,8.255788996352803e-19,0.1872004356130692
P,0.25,1,0.9565746012650941,0.9205387199490802,0.7192899314598837,0.9205387199490802,0.9565746012650941,30.55888281463963,0.0,3417.641718769967,0.3558985817647661,1.2165440058614636,8.255788996352803e-19,0.03548985817647661
P,0.25,1,0.8902867113690959,0.9347962890068896,0.9079375342179873,0.9347962890068896,0.8902867113690959,33.061081745585106,0.0,3767.3958393620555,2.023064582969912,1.209584624809474,8.255788996352803e-19,0.20220645829699121
P,0.25,1,0.94562834688472,0.870175834903548,0.6156958272189421,0.870175834903548,0.94562834688472,30.508668254648907,0.0,3239.4898633389816,-1.004428006467795,1.220564635320709,8.255788996352803e-19,-0.10054280064677949
P,0.25,1,0.8977314682791471,0.8811785573278885,0.8398714998979142,0.8811785573278885,0.8977314682791471,27.747244905484948,0.0,3050.595612187156,-2.2033381881650604,1.2182207539836847,8.255788996352803e-19,-0.22043381881650603
P,0.25,1,0.6918346262821339,0.4431244419070124,0.7003796988342939,0.4431244419070124,0.6918346262821339,25.103921055034427,0.0,1864.1530591279104,-12.122337921371178,1.2362262688315688,8.255788996352803e-19,-1.2123337921371178
P,0.25,1,0.7912078886505937,0.13773436058358302,0.6995550008025485,0.13773436058358302,0.7912078886505937,36.52819138420376,0.0,2335.4659870722435,-9.90681512037964,1.2364840682270917,8.255788996352803e-19,-0.9907815120379639
P,0.25,1,0.6313881943013372,0.21266101196929554,0.3481190241728952,0.21266101196929554,0.6313881943013372,34.83040431331048,0.0,1773.0569147641727,-14.284664465708143,1.2458415187240064,8.255788996352803e-19,-1.4285664465708143
P,0.25,1,0.9946975994257157,0.9930326289155679,0.9162179367697447,0.9930326289155679,0.9946975994257157,26.56866839651213,0.0,3249.1345284504423,0.06231116261712669,1.2142806881955488,8.255788996352803e-19,0.00613111626171267
P,0.25,1,0.8463805547806594,0.9484071213772498,0.9706352258985772,0.9484071213772498,0.8463805547806594,32.27034691257544,0.0,3678.98943383437,1.3253675505062346,1.2088717421851072,8.255788996352803e-19,0.13243675505062347
P,0.25,1,0.9956325078708957,0.9317352179209526,0.8076848507791142,0.9317352179209526,0.9956325078708957,55.74596543271198,0.0,6497.778025207295,15.532321235927093,1.1938545055141538,8.255788996352803e-19,0.3916
P,0.25,1,0.7323941281160155,0.6959755444728604,0.5679695527513027,0.6959755444728604,0.7323941281160155,35.38175364460763,0.0,3029.305163275537,-4.569410152636488,1.224788869266916,8.255788996352803e-19,-0.4570410152636488
P,0.25,1,0.9255563480562108,0.9247112348141056,0.9356793050539691,0.9247112348141056,0.9255563480562108,29.707735006791935,0.0,3443.285773325503,0.4900112585434972,1.2123883612058797,8.255788996352803e-19,0.04890112585434972
P,0.25,1,0.852729262777545,0.9025741322317296,0.6696724471053566,0.9025741322317296,0.852729262777545,21.12832717253106,0.0,2208.0576848623105,-7.797108119598584,1.2298009528200544,8.255788996352803e-19,-0.7798108119598585
P,0.25,1,0.7426529981970691,0.5077824887937117,0.258350588108441,0.5077824887937117,0.7426529981970691,72.53096866885069,0.0,5003.225316759181,2.053965933580129,1.2247564765517567,8.255788996352803e-19,0.20529659335801292
P,0.25,1,0.9963485081743553,0.5367603211236244,0.7000141407461256,0.5367603211236244,0.9963485081743553,21.55659822066973,0.0,2029.6786426081837,-8.676077616934618,1.2353232927922044,8.255788996352803e-19,-0.8677077616934618
P,0.25,1,0.7686812101527437,0.16421690448028203,0.7890318008557694,0.16421690448028203,0.7686812101527437,33.691574849155856,0.0,2236.1334322121584,-10.328246557363412,1.235049765971665,8.255788996352803e-19,-1.0329246557363412
P,0.25,1,0.9799731814199164,0.4126244380631594,0.8529085102757208,0.4126244380631594,0.9799731814199164,29.43507238221241,0.0,2677.1961798233215,-5.231216043074989,1.2275255094354305,8.255788996352803e-19,-0.5232216043074989
P,0.25,1,0.47954728728783313,0.971819123180072,0.9078222374768459,0.971819123180072,0.47954728728783313,26.01992183891253,0.0,2478.758619569252,-8.39649794922078,1.2197742852108253,8.255788996352803e-19,-0.839749794922078
P,0.25,1,0.8539377768515362,0.9445127324970142,0.30847026336250305,0.9445127324970142,0.8539377768515362,31.471194403860014,0.0,3072.667470923745,-2.703443587506172,1.2261185647446131,8.255788996352803e-19,-0.27044435875061723
P,0.25,1,0.937406242684875,0.015857895876032257,0.83891941102334,0.015857895876032257,0.937406242684875,34.32695052460304,0.0,2356.0711739711132,-8.89698214013114,1.2359280482393329,8.255788996352803e-19,-0.889798214013114
P,0.25,1,0.6569247577291742,0.6048424011330299,0.8354944331059748,0.6048424011330299,0.6569247577291742,33.97170039244952,0.0,2852.797958320844,-6.104855276764612,1.2223375050007432,8.255788996352803e-19,-0.6105855276764612
P,0.25,1,0.12210578090818325,0.9905974851570544,0.798265620984546,0.9905974851570544,0.12210578090818325,19.980185184811837,0.0,1510.3382389349215,-17.36545692065172,1.2312699017157207,8.255788996352803e-19,-1.736645692065172
P,0.25,1,0.9692456343433364,0.8810800514972491,0.2902649503010618,0.8810800514972491,0.9692456343433364,35.13460563245692,0.0,3505.4817771245303,0.2017325707460218,1.224232364787876,8.255788996352803e-19,0.02007325707460218
P,0.25,1,0.914781028203984,0.9106762797857573,0.9034697900936329,0.9106762797857573,0.914781028203984,28.165641639792938,0.0,3206.928976782914,-1.0248699094087388,1.2153557066846998,8.255788996352803e-19,-0.10258699094087387
P,0.25,1,0.9874855647013323,0.9921680532370581,0.9404450658381897,0.9921680532370581,0.9874855647013323,26.11943716454672,0.0,3199.4693091621834,-0.2777574987788146,1.2143923505896492,8.255788996352803e-19,-0.02787574987788146
P,0.25,1,0.008801370487770854,0.39577365532090314,0.852794027763853,0.39577365532090314,0.008801370487770854,33.86098914906863,0.0,1406.8767609571426,-19.74541400935524,1.2345752738429785,8.255788996352803e-19,-1.9746414009355242
P,0.25,1,0.9200400427422744,0.14442465574737362,0.9341768062910272,0.14442465574737362,0.9200400427422744,25.605132179188807,0.0,1960.7809803407451,-10.556714812934052,1.235833820273023,8.255788996352803e-19,-1.0557714812934051
P,0.25,1,0.9946975994257157,0.7369333668571674,0.9162179367697447,0.7369333668571674,0.9946975994257157,23.61216247314264,0.0,2585.2247555651893,-4.667374859753742,1.2240018436248892,8.255788996352803e-19,-0.4668374859753742
P,0.25,1,0.7161663361949985,0.9930601757675959,0.8582288933203575,0.9930601757675959,0.7161663361949985,26.049862503975163,0.0,2785.174397937084,-4.795291119488209,1.2184868639866537,8.255788996352803e-19,-0.47962911194882096
P,0.25,1,0.2263804178978962,0.9355693568103088,0.8140350130803534,0.9355693568103088,0.2263804178978962,28.04586759106058,0.0,2200.152431229921,-12.002799392661451,1.2228655686558372,8.255788996352803e-19,-1.2003799392661452
P,0.25,1,0.991389866994424,0.9806261472385788,0.9186447622642582,0.9806261472385788,0.991389866994424,40.49181942432987,0.0,4922.465763228242,8.972571665191227,1.1999424296259489,8.255788996352803e-19,0.3916
P,0.25,1,0.8911221400917672,0.9325246783043237,0.9526362169737682,0.9325246783043237,0.8911221400917672,35.60022272631029,0.0,4093.963182986794,3.8134089578711525,1.206039658429646,8.255788996352803e-19,0.3812408957871153
P,0.25,1,0.7715417374783069,0.9524992091729287,0.9320044774957614,0.9524992091729287,0.7715417374783069,27.243396897010676,0.0,2983.210786071084,-3.257838667231123,1.2159286883611662,8.255788996352803e-19,-0.32588386672311226
P,0.25,1,0.9360199801414236,0.40617726592006564,0.4303795149006022,0.40617726592006564,0.9360199801414236,25.212257342736176,0.0,1963.2620957386014,-9.980068134597511,1.241216837756153,8.255788996352803e-19,-0.998106813459751
P,0.25,1,0.16433160055382678,0.9385406822428364,0.8905338100063812,0.9385406822428364,0.16433160055382678,24.092087187039123,0.0,1864.8952145073006,-14.611752182441625,1.2254552602754847,8.255788996352803e-19,-1.4612752182441624
P,0.25,1,0.9565746012650941,0.1021042982870749,0.2182918054627767,0.1021042982870749,0.9565746012650941,25.0914692019637,0.0,1465.1220029893614,-14.270302956456703,1.2530118395738616,8.255788996352803e-19,-1.4271302956456702
P,0.25,1,0.921390961777838,0.9589762783605662,0.9262415769710203,0.9589762783605662,0.921390961777838,35.664658948562035,0.0,4178.985064545495,4.573175245402566,1.2055678036458775,8.255788996352803e-19,0.3916
P,0.25,1,0.9636749374704447,0.9620972410835431,0.9665062364783036,0.9620972410835431,0.9636749374704447,27.460064941624253,0.0,3307.5995547977627,0.1273404946496787,1.2130170799647209,8.255788996352803e-19,0.01263404946496787
P,0.25,1,0.07128054324962152,0.5602374313959697,0.8704524640646063,0.5602374313959697,0.07128054324962152,21.034598162791784,0.0,1121.926786497781,-21.010623113571118,1.2376339000842462,8.255788996352803e-19,-2.101162311357112
P,0.25,1,0.9214827368906789,0.9926990881403411,0.8659229757391779,0.9926990881403411,0.9214827368906789,28.920046563236745,0.0,3393.974694983768,0.3370309264790317,1.2132262981024158,8.255788996352803e-19,0.03360309264790317
P,0.25,1,0.8523237094374108,0.9807370790423604,0.8983929735944842,0.9807370790423604,0.8523237094374108,41.823434960041574,0.0,4772.591935731492,7.023946734195173,1.201071271723111,8.255788996352803e-19,0.3916
P,0.25,1,0.8846619666784122,0.952602787654801,0.8292654226074541,0.952602787654801,0.8846619666784122,28.94175669508372,0.0,3258.693427636999,-0.8767700216351646,1.2154366148629396,8.255788996352803e-19,-0.08777700216351646
P,0.25,1,0.9987176087718628,0.875964537714941,0.5433366900531528,0.875964537714941,0.9987176087718628,28.602141855234642,0.0,3069.5110614659147,-1.594090848116232,1.223563057607377,8.255788996352803e-19,-0.15950908481162318
P,0.25,1,0.2604358915504016,0.9689790980109728,0.9223033043851501,0.9689790980109728,0.2604358915504016,26.201601267619345,0.0,2214.777653178763,-11.574810645527737,1.2210715508852932,8.255788996352803e-19,-1.1575810645527738
P,0.25,1,0.025376946388690813,0.9785052576217886,0.9706352258985772,0.9785052576217886,0.025376946388690813,25.570508705629535,0.0,1903.9798441995827,-15.144707056861606,1.2222413862577644,8.255788996352803e-19,-1.5145707056861606
P,0.25,1,0.5455810943817844,0.0637662643861775,0.7706464326080452,0.0637662643861775,0.5455810943817844,24.890386216787075,0.0,1237.88673860077,-17.960347313712003,1.2447456025191186,8.255788996352803e-19,-1.7961347313712004
P,0.25,1,0.91724549617712,0.8785167768052894,0.9892947880193707,0.8785167768052894,0.91724549617712,30.602066694773388,0.0,3504.56346938229,0.668116233318894,1.2113953005755578,8.255788996352803e-19,0.0667116233318894
P,0.25,1,0.9532746891285249,0.9709987384444102,0.9579519405867093,0.9709987384444102,0.9532746891285249,30.796931869506807,0.0,3700.6353985760693,2.3314543888711916,1.209131926894692,8.255788996352803e-19,0.23304543888711918
P,0.25,1,0.890617367691035,0.9329551414711269,0.8843131856854896,0.9329551414711269,0.890617367691035,33.691574849155856,0.0,3816.7990814054497,2.254277143306781,1.2096185327249347,8.255788996352803e-19,0.22532771433067814
P,0.25,1,0.6305985699124924,0.8471890349451341,0.6158094389707192,0.8471890349451341,0.6305985699124924,33.94070531518321,0.0,3030.382848205492,-4.6855006018274326,1.2213305490587678,8.255788996352803e-19,-0.4686500601827433
P,0.25,1,0.942308985590161,0.9433589399190782,0.9326454891475298,0.9433589399190782,0.942308985590161,28.643748236289944,0.0,3368.4914303980227,0.2437368675524593,1.21303872380339,8.255788996352803e-19,0.02427368675524593
P,0.25,1,0.9086575800770803,0.9151943025847245,0.9249650249211278,0.9151943025847245,0.9086575800770803,26.632857558411427,0.0,3044.5809138095397,-2.0042381883695994,1.2165976673008045,8.255788996352803e-19,-0.20052381883695994
P,0.25,1,0.7741371498962096,0.21735471057177125,0.8942211457683245,0.21735471057177125,0.7741371498962096,101.92191137820234,0.0,7331.255486029168,10.873458590492087,1.207808842162801,8.255788996352803e-19,0.3916
P,0.25,1,0.5504166441818227,0.9715146834690638,0.836009719282726,0.9715146834690638,0.5504166441818227,14.541790157757205,0.0,1410.5072477521735,-15.622392690503796,1.2366041438985265,8.255788996352803e-19,-1.5623392690503795
P,0.25,1,0.962356547095129,0.4314992943514262,0.30847026336250305,0.4314992943514262,0.962356547095129,26.113655702010874,0.0,2021.3157333825254,-9.461454482145102,1.2425154791072461,8.255788996352803e-19,-0.9462454482145102
P,0.25,1,0.840676401028544,0.9953377067791366,0.6703439056993158,0.9953377067791366,0.840676401028544,33.245811767117964,0.0,3609.142154200212,0.7211606640952393,1.2142149639980337,8.255788996352803e-19,0.07201606640952393
P,0.25,1,0.7314612558060605,0.34844334531980525,0.504114302495074,0.34844334531980525,0.7314612558060605,23.72392386365871,0.0,1579.9679601306025,-13.90070884793096,1.2434984148321966,8.255788996352803e-19,-1.390170884793096
P,0.25,1,0.9451867012080571,0.9198584688392517,0.6686663526967641,0.9198584688392517,0.9451867012080571,26.577318935596583,0.0,2922.678988610165,-2.611068779905499,1.2221528715071912,8.255788996352803e-19,-0.26120687799054987
P,0.25,1,0.5140821181865197,0.9825850406406516,0.6312818314594277,0.9825850406406516,0.5140821181865197,27.49074917032206,0.0,2491.0853348496335,-8.175970546947458,1.2240781324720251,8.255788996352803e-19,-0.8176970546947457
P,0.25,1,0.91724549617712,0.8785167768052894,0.12887989539746114,0.8785167768052894,0.91724549617712,30.602066694773388,0.0,2846.30162115249,-3.885186789131686,1.2305348235328284,8.255788996352803e-19,-0.3886186789131686
P,0.25,1,0.6739777544502848,0.9106762797857573,0.5809861012209501,0.9106762797857573,0.6739777544502848,279.81637525145084,0.0,26234.843017253854,76.96752887189017,1.1401733105267269,8.255788996352803e-19,0.3916
P,0.25,1,0.09880729140747913,0.8319951654481726,0.6410181573288369,0.8319951654481726,0.09880729140747913,26.56866839651213,0.0,1662.2840623981579,-16.603381507442357,1.2317965165885114,8.255788996352803e-19,-1.6604381507442358
P,0.25,1,0.8525591602956027,0.8226986456621361,0.9753660242651023,0.8226986456621361,0.8525591602956027,24.978136215236724,0.0,2701.311518987741,-4.7245759446966655,1.2201152111619973,8.255788996352803e-19,-0.4725575944696666
P,0.25,1,0.8597856385691104,0.9673125599173729,0.7646076286630268,0.9673125599173729,0.8597856385691104,27.242767771305097,0.0,3009.5112974327362,-2.5232700089563984,1.2187245786827414,8.255788996352803e-19,-0.25242700089563985
P,0.25,1,0.8217155560477343,0.9990173127578073,0.4688371497585966,0.9990173127578073,0.8217155560477343,23.53930942858302,0.0,2418.842287774828,-6.47623324135773,1.229229631337666,8.255788996352803e-19,-0.647723324135773
P,0.25,1,0.4935653521369371,0.6129002320940674,0.3828954683575909,0.6129002320940674,0.4935653521369371,25.599127210903696,0.0,1661.2724073349314,-14.505611436848275,1.2405470346013583,8.255788996352803e-19,-1.4506611436848273
P,0.25,1,0.8300563875293955,0.9387526992376276,0.9915626016888672,0.9387526992376276,0.8300563875293955,30.711929132134387,0.0,3477.49697488179,0.06422490186185233,1.2104369878063594,8.255788996352803e-19,0.006322490186185232
P,0.25,1,0.9641226277296364,0.19668886897020343,0.7908936380223042,0.19668886897020343,0.9641226277296364,18.124847184160565,0.0,1410.3472075670418,-13.596081004921349,1.2438005318401621,8.255788996352803e-19,-1.3597081004921348
P,0.25,1,0.9293746169238719,0.33219008428147245,0.5675318470521842,0.33219008428147245,0.9293746169238719,32.08619747670605,0.0,2479.1891795967204,-7.35259860701379,1.2352362468633598,8.255788996352803e-19,-0.735359860701379
P,0.25,1,0.8782407189729297,0.6970376258426363,0.39376722906716766,0.6970376258426363,0.8782407189729297,61.69325591425162,0.0,5466.522063981433,7.2175434384537605,1.214216221619652,8.255788996352803e-19,0.3916
P,0.25,1,0.026522661268220338,0.5733747691992909,0.6000847499609588,0.5733747691992909,0.026522661268220338,29.374915655622047,0.0,1321.7827940085822,-19.845979710723217,1.2380286701384629,8.255788996352803e-19,-1.9846979710723218
P,0.25,1,0.921390961777838,0.9183615662676363,0.9174200866066333,0.9183615662676363,0.921390961777838,24.99778795402814,0.0,2872.823998942368,-2.956963615386634,1.2186408501389805,8.255788996352803e-19,-0.2957963615386634
P,0.25,1,0.8953927998842931,0.8873207935577011,0.010833652496773483,0.8873207935577011,0.8953927998842931,27.460064941624253,0.0,2455.108872439585,-6.29391019993451,1.2342694193418946,8.255788996352803e-19,-0.629491019993451
P,0.25,1,0.958822872443846,0.9609043521852831,0.8659229757391779,0.9609043521852831,0.958822872443846,28.920046563236745,0.0,3401.9933557132213,0.5609033299803123,1.2137145380054708,8.255788996352803e-19,0.05599033299803123
P,0.25,1,0.9741857767129448,0.9253966598008537,0.6156958272189421,0.9253966598008537,0.9741857767129448,30.350696388750585,0.0,3349.8524177952377,0.025210545334352262,1.2189913683275004,8.255788996352803e-19,0.0024210545334352263
P,0.25,1,0.987140377354839,0.9969270177958035,0.8478431402955696,0.9969270177958035,0.987140377354839,27.824081860327098,0.0,3350.004104461389,0.5692330434816112,1.2142684896189984,8.255788996352803e-19,0.056823304348161116
P,0.25,1,0.9674949038446605,0.9206497982604251,0.8991669620825277,0.9206497982604251,0.9674949038446605,35.42301214477654,0.0,4140.468691138977,4.541553936462324,1.2071235691047484,8.255788996352803e-19,0.3916
P,0.25,1,0.5544503347209598,0.9968212814484008,0.8624093155449768,0.9968212814484008,0.5544503347209598,22.627524667255994,0.0,2242.9265395434472,-9.40056519479971,1.2237502884661344,8.255788996352803e-19,-0.940156519479971
P,0.25,1,0.7673574052211474,0.5521242858191868,0.369769181081956,0.5521242858191868,0.7673574052211474,68.45303695096581,0.0,5148.922033043631,3.6301897669800356,1.2201350818441703,8.255788996352803e-19,0.36291897669800355
P,0.25,1,0.6439278456074968,0.8219561977002634,0.9706352258985772,0.8219561977002634,0.6439278456074968,25.82511855999785,0.0,2519.500705365123,-7.333222395516502,1.2208508701290341,8.255788996352803e-19,-0.7334222395516503
P,0.25,1,0.7308386922581782,0.994352430663406,0.2720267938930173,0.994352430663406,0.7308386922581782,21.687444688915612,0.0,2018.23850396995,-9.741981041930243,1.2347833910595725,8.255788996352803e-19,-0.9742981041930243
P,0.25,1,0.738257135766325,0.5835962674302606,0.5284657420221581,0.5835962674302606,0.738257135766325,67.50462906167202,0.0,5353.408280009891,4.914753031961789,1.2146579173491832,8.255788996352803e-19,0.3916
P,0.25,1,0.6764157765457739,0.9809079196519637,0.0640941299555412,0.9809079196519637,0.6764157765457739,22.00252742191118,0.0,1858.5213249269539,-11.215022280637504,1.2374457039292337,8.255788996352803e-19,-1.1216022280637503
P,0.25,1,0.08335350532659325,0.9341847925017374,0.9021949282283463,0.9341847925017374,0.08335350532659325,31.655608933819266,0.0,2324.5279673136793,-12.1529631428079,1.218975999582219,8.255788996352803e-19,-1.21539631428079
P,0.25,1,0.9921257222842088,0.2469712835527439,0.3282389024664789,0.2469712835527439,0.9921257222842088,21.547627282282235,0.0,1511.7992606656546,-12.700747790964082,1.2491987894160883,8.255788996352803e-19,-1.2701747790964082
P,0.25,1,0.890617367691035,0.9339569723384702,0.884532852788619,0.9339569723384702,0.890617367691035,22.712454224575218,0.0,2574.275857090094,-5.042910911957882,1.2222493073877112,8.255788996352803e-19,-0.5043910911957882
P,0.25,1,0.9659118286992222,0.9025741322317296,0.8995820072421629,0.9025741322317296,0.9659118286992222,30.796931869506807,0.0,3569.7908865978006,1.397244784496271,1.2122769995537614,8.255788996352803e-19,0.1396244784496271
P,0.25,1,0.7715999571279577,0.935992752809033,0.8506346418839159,0.935992752809033,0.7715999571279577,28.64355703013817,0.0,3054.7065054817463,-2.935383081025535,1.2166720414069974,8.255788996352803e-19,-0.2936383081025535
P,0.25,1,0.39887496737701167,0.43115349277337395,0.8109270189943708,0.43115349277337395,0.39887496737701167,27.2877720367809,0.0,1685.6911610508168,-15.28612244048702,1.2346997674275035,8.255788996352803e-19,-1.528712244048702
P,0.25,1,0.26492234022260197,0.788591196403511,0.9028936342510157,0.788591196403511,0.26492234022260197,30.630766880737248,0.0,2304.904488025888,-11.425599527062865,1.2219847058451478,8.255788996352803e-19,-1.1426599527062864
P,0.25,1,0.555249925526134,0.4868564695691786,0.4688959956622359,0.4868564695691786,0.555249925526134,27.505789512303647,0.0,1755.631821642048,-13.792674986725089,1.2398422120207908,8.255788996352803e-19,-1.3793674986725089
P,0.25,1,0.9406502577862602,0.7592041790568482,0.9308614155945059,0.7592041790568482,0.9406502577862602,26.82039389244839,0.0,2903.6900234360787,-3.0506649857300694,1.2197859538387101,8.255788996352803e-19,-0.30516649857300693
P,0.25,1,0.1189891231853093,0.9987206798551053,0.81133481554187,0.9987206798551053,0.1189891231853093,34.32695052460304,0.0,2614.644707291449,-10.066381464200111,1.217017417751431,8.255788996352803e-19,-1.0067381464200111
P,0.25,1,0.2988380397356486,0.8869202528676391,0.8680911002880003,0.8869202528676391,0.2988380397356486,28.946707610974286,0.0,2344.3994111569154,-10.703005339796862,1.2213802101667992,8.255788996352803e-19,-1.070400533979686
P,0.25,1,0.6936031667353465,0.9892263873460454,0.6385637145404388,0.9892263873460454,0.6936031667353465,29.538942983785233,0.0,2957.0127413550513,-4.084696340296755,1.2201303080630432,8.255788996352803e-19,-0.40856963402967555
P,0.25,1,0.553804312131756,0.7210026791771155,0.8346126473795179,0.7210026791771155,0.553804312131756,30.946846746643676,0.0,2618.27857186089,-7.76824985870238,1.2224981616240023,8.255788996352803e-19,-0.7769249858702381
P,0.25,1,0.7599073753924606,0.5362537464717948,0.4231748242467842,0.5362537464717948,0.7599073753924606,68.22373270194076,0.0,5143.211648225814,3.5908465317507527,1.2192702331570386,8.255788996352803e-19,0.3589846531750753
P,0.25,1,0.9975794002902066,0.9930326289155679,0.9162179367697447,0.9930326289155679,0.9975794002902066,28.731404498794568,0.0,3517.759674323431,1.6627926864702318,1.2115767518172764,8.255788996352803e-19,0.1661792686470232
P,0.25,1,0.9893915952046888,0.9957669198551556,0.852794027763853,0.9957669198551556,0.9893915952046888,27.129761685120044,0.0,3271.2463395311934,0.12251554525503049,1.215020220079639,8.255788996352803e-19,0.01215155452550305
P,0.25,1,0.12635464718316114,0.9653167579886649,0.7449674001232423,0.9653167579886649,0.12635464718316114,40.49181942432987,0.0,2964.315206516172,-8.30330748139329,1.2155412945160842,8.255788996352803e-19,-0.8304307481393289
P,0.25,1,0.8238410802997933,0.8671060544679173,0.6247518024163854,0.8671060544679173,0.8238410802997933,32.20600739656882,0.0,3225.951825717832,-2.0292890638259,1.220039046948684,8.255788996352803e-19,-0.20302890638259
P,0.25,1,0.9524306156251582,0.9986619911652694,0.8432480891521748,0.9986619911652694,0.9524306156251582,27.83439712639062,0.0,3302.1568771267653,0.03376231106224505,1.2146165406877771,8.255788996352803e-19,0.003276231106224505
P,0.25,1,0.9563882889763489,0.8280369075208093,0.9915626016888672,0.8280369075208093,0.9563882889763489,22.33143059395646,0.0,2546.013656763616,-4.970702828935854,1.2223114130242927,8.255788996352803e-19,-0.49717028289358545
P,0.25,1,0.2977078331102274,0.9089250326011882,0.9051340423251898,0.9089250326011882,0.2977078331102274,26.094934498246893,0.0,2164.835618373798,-11.783996413466522,1.2227139870845518,8.255788996352803e-19,-1.1784996413466522
P,0.25,1,0.3536457065707914,0.251818729084619,0.7397457912221876,0.251818729084619,0.3536457065707914,24.918452957459003,0.0,1215.1948703408996,-19.015748569759012,1.242503373655046,8.255788996352803e-19,-1.9016748569759012
P,0.25,1,0.9760750941687364,0.8859467677048463,0.18404461914813253,0.8859467677048463,0.9760750941687364,23.4259061124666,0.0,2288.762764997261,-6.548346578505791,1.2347727513198288,8.255788996352803e-19,-0.6549346578505791
P,0.25,1,0.9943832714381687,0.9806262337727238,0.940441980615129,0.9806262337727238,0.9943832714381687,26.720793284268396,0.0,3266.9249301568934,0.14645870417728907,1.213846020584278,8.255788996352803e-19,0.014545870417728906
P,0.25,1,0.8825787961465843,0.9835385067950205,0.9025110875148495,0.9835385067950205,0.8825787961465843,31.062371919621157,0.0,3599.1548620298245,1.212237453167022,1.2105322997951584,8.255788996352803e-19,0.1211237453167022
P,0.25,1,0.9960837670215055,0.954177544952848,0.7132125243514461,0.954177544952848,0.9960837670215055,28.3965787622378,0.0,3275.357338170255,-0.03670752726340203,1.2177846494895763,8.255788996352803e-19,-0.0037707527263402033
P,0.25,1,0.87651806509372,0.9253966598008537,0.9529785107839751,0.9253966598008537,0.87651806509372,24.536309452400552,0.0,2795.18125589461,-3.7289986373900788,1.21859711107105,8.255788996352803e-19,-0.37299986373900784
P,0.25,1,0.9636749374704447,0.926786486566734,0.9665062364783036,0.926786486566734,0.9636749374704447,28.976282871803672,0.0,3439.0712016956463,0.7861400720598047,1.2120883829121736,8.255788996352803e-19,0.07851400720598048
P,0.25,1,0.9214827368906789,0.9676312807159733,0.8516374046893685,0.9676312807159733,0.9214827368906789,26.62834970256176,0.0,3082.1419002383327,-1.583053812099106,1.2169113360278594,8.255788996352803e-19,-0.1584053812099106
P,0.25,1,0.9815252080657438,0.9807370790423604,0.8441834692096915,0.9807370790423604,0.9815252080657438,23.31196031260607,0.0,2779.1983162687484,-2.9981418773579156,1.2206263710813439,8.255788996352803e-19,-0.29991418773579154
P,0.25,1,0.988959156184426,0.9206497982604251,0.8078692479900911,0.9206497982604251,0.988959156184426,35.42301214477654,0.0,4097.634113827312,4.358562236338328,1.2092560889757689,8.255788996352803e-19,0.3916
P,0.25,1,0.35124488032634515,0.8180402458240806,0.44154408464539596,0.8180402458240806,0.35124488032634515,27.41494969534064,0.0,1905.4173673669168,-13.451987618146656,1.2340265418948535,8.255788996352803e-19,-1.3452987618146657
P,0.25,1,0.8886937534982001,0.9241985436672422,0.8389561736471249,0.9241985436672422,0.8886937534982001,30.839167717505166,0.0,3442.2222339714162,0.10852832669041075,1.2138683744620138,8.255788996352803e-19,0.010752832669041075
P,0.25,1,0.9060361797237207,0.9926287191404732,0.7706464326080452,0.9926287191404732,0.9060361797237207,30.32373312080796,0.0,3462.95230277291,0.5264490895815646,1.2140916882475439,8.255788996352803e-19,0.05254490895815646
P,0.25,1,0.08733558771281646,0.036339946696473224,0.9490682638180847,0.036339946696473224,0.08733558771281646,28.90527079450358,0.0,864.5706198410508,-23.463189961034562,1.2432385090127855,8.255788996352803e-19,-2.3464189961034565
P,0.25,1,0.8235773710416158,0.6332591552659401,0.5001758341112665,0.6332591552659401,0.8235773710416158,60.96655476887734,0.0,5203.265128131867,5.478291041578429,1.2145457192747116,8.255788996352803e-19,0.3916
P,0.25,1,0.231167898561648,0.39807420899004653,0.973970123599084,0.39807420899004653,0.231167898561648,79.08864044490635,0.0,4414.044462582777,-3.95381877953585,1.2140645107186214,8.255788996352803e-19,-0.395481877953585
P,0.25,1,0.890617367691035,0.8759567084593021,0.8526538036291509,0.8759567084593021,0.890617367691035,25.300194786035,0.0,2774.0410944499463,-3.9227428759311085,1.220930588252077,8.255788996352803e-19,-0.3923742875931108
P,0.25,1,0.9250358235810673,0.9025741322317296,0.8478734880885657,0.9025741322317296,0.9250358235810673,44.145325670101634,0.0,4969.763116331667,8.071450548876502,1.2023155541782766,8.255788996352803e-19,0.3916
P,0.25,1,0.963735473086981,0.09404465643226145,0.7905163161992129,0.09404465643226145,0.963735473086981,22.32305797635736,0.0,1621.8128968191297,-12.456017316239892,1.2422968600444457,8.255788996352803e-19,-1.2457017316239891
P,0.25,1,0.20075803200030795,0.16802440088991955,0.524877376513387,0.16802440088991955,0.20075803200030795,29.495110252762235,0.0,930.8968281050311,-22.16322198662797,1.2487742788482556,8.255788996352803e-19,-2.216422198662797
P,0.25,1,0.9395051671848433,0.5385917698072564,0.8945250744158593,0.5385917698072564,0.9395051671848433,25.779207310673023,0.0,2481.7120516485484,-6.222158474033421,1.2270574205369362,8.255788996352803e-19,-0.6223158474033421
P,0.25,1,0.01671817410428289,0.01767490708647257,0.720662413586019,0.01767490708647257,0.01671817410428289,8.738385856496489,0.0,172.46265676664893,-29.128670723207563,1.2580376941468152,8.255788996352803e-19,-2.9129670723207566
P,0.25,1,0.5801550335344264,0.5437625812551601,0.3318057766617899,0.5437625812551601,0.5801550335344264,25.741177570814134,0.0,1660.0749302650572,-14.097264148294498,1.2425802723741934,8.255788996352803e-19,-1.4098264148294497
P,0.25,1,0.9651038543989913,0.9404150615903645,0.998922206041313,0.9404150615903645,0.9651038543989913,77.89740409409525,0.0,9367.08501895239,27.24611825114482,1.1764772553242062,8.255788996352803e-19,0.3916
P,0.25,1,0.8967823105859503,0.3848375048599102,0.8440662492146122,0.3848375048599102,0.8967823105859503,30.946846746643676,0.0,2636.1343222647133,-6.222072032207527,1.228061093927459,8.255788996352803e-19,-0.6223072032207527
P,0.25,1,0.9648485459828406,0.9798043681836842,0.21218938870132864,0.9798043681836842,0.9648485459828406,26.652788187428776,0.0,2732.9070817842376,-3.7155995343282475,1.2292320102049066,8.255788996352803e-19,-0.37165995343282476
P,0.25,1,0.6697816500503072,0.9951309666660497,0.7558807900976248,0.9951309666660497,0.6697816500503072,28.6245048091174,0.0,2923.7827929796026,-4.343389268753053,1.2183222479028422,8.255788996352803e-19,-0.43443892687530533
P,0.25,1,0.9463056394023255,0.8736735500230829,0.906999965837916,0.8736735500230829,0.9463056394023255,35.58530257609156,0.0,4045.122212415824,3.6862065155477817,1.2083625782665006,8.255788996352803e-19,0.3685206515547782
P,0.25,1,0.8509566632022213,0.6204613056961514,0.8142941236120996,0.6204613056961514,0.8509566632022213,263.7474064411736,0.0,24773.332733968757,72.84796376464075,1.1453018823317807,8.255788996352803e-19,0.3916
P,0.25,1,0.9893915952046888,0.9679780502865095,0.7682126038677944,0.9679780502865095,0.9893915952046888,11.69380781401259,0.0,1369.0384865161059,-13.324338604922088,1.2415315253963017,8.255788996352803e-19,-1.3325338604922088
P,0.25,1,0.039125863052108634,0.28044357803335707,0.8906791335584499,0.28044357803335707,0.039125863052108634,26.56866839651213,0.0,1016.1306891731028,-22.307110840266436,1.2399462012496676,8.255788996352803e-19,-2.2308110840266435
P,0.25,1,0.8610611485474283,0.9464036747491055,0.8429811542248714,0.9464036747491055,0.8610611485474283,31.372374800940193,0.0,3496.3812118104956,0.2814072843453581,1.2128854719320739,8.255788996352803e-19,0.02804072843453581
P,0.25,1,0.9757358076042391,0.9621630957445764,0.6920194468914652,0.9621630957445764,0.9757358076042391,24.33461500249563,0.0,2778.9018566961904,-3.1348106055541347,1.2230740461790164,8.255788996352803e-19,-0.31358106055541346
P,0.25,1,0.8597856385691104,0.9867792817966762,0.9215624993443103,0.9867792817966762,0.8597856385691104,25.05108196092758,0.0,2890.0759008926407,-3.1166987288387915,1.2173330065766081,8.255788996352803e-19,-0.31176987288387914
P,0.25,1,0.48266878881986053,0.993316381851697,0.3671087008252196,0.993316381851697,0.48266878881986053,22.52534524248326,0.0,1869.0850327983098,-12.418419150426455,1.2350278431265191,8.255788996352803e-19,-1.2419419150426454
P,0.25,1,0.1206934592714699,0.037157569771265164,0.857136932121304,0.037157569771265164,0.1206934592714699,24.601408788919056,0.0,721.3372860414971,-24.230605850232553,1.2467558499178375,8.255788996352803e-19,-2.4231605850232554
P,0.25,1,0.9641226277296364,0.5880651528692598,0.955364186433461,0.5880651528692598,0.9641226277296364,23.613673051061014,0.0,2396.634176824034,-6.405340976102621,1.2266917701155877,8.255788996352803e-19,-0.6406340976102621
P,0.25,1,0.9180772529203719,0.45340715649926433,0.8838596995738275,0.45340715649926433,0.9180772529203719,28.34499820106422,0.0,2570.061195749693,-6.138021400475572,1.2271973415010777,8.255788996352803e-19,-0.6139021400475573
P,0.25,1,0.9407556928894089,0.9237622840383708,0.8781338575325424,0.9237622840383708,0.9407556928894089,26.720793284268396,0.0,3077.6808038905824,-1.576426029161368,1.2171092394567524,8.255788996352803e-19,-0.1577426029161368
P,0.25,1,0.9111811320607606,0.9700795064329026,0.9766054660034321,0.9700795064329026,0.9111811320607606,25.70206657427885,0.0,3045.133776307344,-1.8082760858106395,1.215252961049578,8.255788996352803e-19,-0.18092760858106394
P,0.25,1,0.9403212884749131,0.9905163210924557,0.8905338100063812,0.9905163210924557,0.9403212884749131,28.532318113491172,0.0,3389.7884940314857,0.4663316734593596,1.2129734066293751,8.255788996352803e-19,0.04653316734593596
P,0.25,1,0.9636749374704447,0.9620972410835431,0.8563752412556727,0.9620972410835431,0.9636749374704447,26.358501466973227,0.0,3102.3426409965055,-1.167045475721833,1.2169265999869514,8.255788996352803e-19,-0.11680454757218328
P,0.25,1,0.7703705567337417,0.05247143215004235,0.9573897567799208,0.05247143215004235,0.7703705567337417,25.567897688798524,0.0,1663.8780730327219,-13.677824475714237,1.2386766044279982,8.255788996352803e-19,-1.3678824475714237
P,0.25,1,0.8558077618802271,0.9581226064706878,0.8659229757391779,0.9581226064706878,0.8558077618802271,27.477197748456273,0.0,3086.9145926383385,-2.0514761249706566,1.216350845793979,8.255788996352803e-19,-0.20524761249706563
P,0.25,1,0.923305924567513,0.9206497982604251,0.9889668696854622,0.9206497982604251,0.923305924567513,22.54760731709464,0.0,2636.310393103791,-4.423695965413724,1.2202900045813638,8.255788996352803e-19,-0.4424695965413724
P,0.25,1,0.04701069246090783,0.21527703819646515,0.31216614321273206,0.21527703819646515,0.04701069246090783,19.345130211532346,0.0,404.6718823247641,-26.625685712529595,1.2569881242360266,8.255788996352803e-19,-2.6626685712529596
P,0.25,1,0.937985093603861,0.9175993813747895,0.8770716871060285,0.9175993813747895,0.937985093603861,29.523663741963247,0.0,3386.5418433967243,0.18383001747974062,1.2140641006556647,8.255788996352803e-19,0.01828300174797406
P,0.25,1,0.9016642637454757,0.2522041492984729,0.9802873169308304,0.2522041492984729,0.9016642637454757,27.747244905484948,0.0,2280.840278787198,-8.483097813271119,1.230643987994721,8.255788996352803e-19,-0.8484097813271119
P,0.25,1,0.8782055244558321,0.9778536393031706,0.9664433382794284,0.9778536393031706,0.8782055244558321,25.194696478210044,0.0,2946.8735281088784,-2.635863833903213,1.2162183616197393,8.255788996352803e-19,-0.2636863833903213
P,0.25,1,0.15697175843396916,0.9812086137321806,0.9706511110498932,0.9812086137321806,0.15697175843396916,25.56923375987237,0.0,2075.590128783604,-13.140985733794027,1.2211541806105781,8.255788996352803e-19,-1.3141985733794026
P,0.25,1,0.9895658246091462,0.9885043716618422,0.9997153877493489,0.9885043716618422,0.9895658246091462,26.67595866552821,0.0,3305.0550986842613,0.39826578319378064,1.2123792698456313,8.255788996352803e-19,0.039726578319378064
P,0.25,1,0.9525177111556425,0.8824502396764242,0.34123388033654944,0.8824502396764242,0.9525177111556425,28.796778009115332,0.0,2887.71914422863,-3.138359012775871,1.2284191219348721,8.255788996352803e-19,-0.3139359012775871
P,0.25,1,0.35015765252638154,0.20923967840699031,0.8331575298314227,0.20923967840699031,0.35015765252638154,25.384054113929633,0.0,1238.7115015467452,-18.95667601624861,1.2411557599708043,8.255788996352803e-19,-1.8957676016248612
P,0.25,1,0.9989353884812756,0.990783346006229,0.9010296413149175,0.990783346006229,0.9989353884812756,28.90527079450358,0.0,3526.7805856649675,1.704946116911827,1.211769143363117,8.255788996352803e-19,0.1703946116911827
P,0.25,1,0.9866646824875221,0.40895042297982154,0.8930089061241411,0.40895042297982154,0.9866646824875221,26.57843666312807,0.0,2448.0329006141737,-6.450369951495258,1.2290779260089897,8.255788996352803e-19,-0.6451369951495258
P,0.25,1,0.963735473086981,0.9700066496082935,0.7905163161992129,0.9700066496082935,0.963735473086981,26.62965096584746,0.0,3101.0232288464204,-1.1923203595959082,1.2179174177903795,8.255788996352803e-19,-0.11933203595959081
P,0.25,1,0.09591821948472679,0.9950978687122434,0.7221263978087619,0.9950978687122434,0.09591821948472679,26.954010731551705,0.0,1956.968034379688,-14.333611345641478,1.2256395516444634,8.255788996352803e-19,-1.4334611345641477
P,0.25,1,0.9403212884749131,0.9905163210924557,0.8382396136540804,0.9905163210924557,0.9403212884749131,28.532318113491172,0.0,3352.4866278861555,0.20811252534001762,1.2142147618735062,8.255788996352803e-19,0.020711252534001762
P,0.25,1,0.817752267462354,0.8973533127377362,0.8410427501334856,0.8973533127377362,0.817752267462354,26.350304781602297,0.0,2813.721058554319,-4.153802164014295,1.22002602323214,8.255788996352803e-19,-0.41548021640142957
P,0.25,1,0.9565925936389319,0.43115349277337395,0.7867349421384332,0.43115349277337395,0.9565925936389319,77.89740409409525,0.0,6937.206126230485,12.983007206773898,1.2049436610450037,8.255788996352803e-19,0.3916
P,0.25,1,0.0268534030175267,0.927510530912246,0.8426277970179404,0.927510530912246,0.0268534030175267,28.253034546395426,0.0,1943.353666230109,-14.97521951936614,1.2239264593069272,8.255788996352803e-19,-1.497621951936614
P,0.25,1,0.9811372252309397,0.9483184626971366,0.7175426500154833,0.9483184626971366,0.9811372252309397,29.068968614002767,0.0,3325.8199610372294,0.1228053221799134,1.2172115083864106,8.255788996352803e-19,0.01218053221799134
P,0.25,1,0.840676401028544,0.6215741074072992,0.5144357069401376,0.6215741074072992,0.840676401028544,60.502116084250765,0.0,5201.5737217614,5.6041804975965,1.2144465449927606,8.255788996352803e-19,0.3916
P,0.25,1,0.9880448476102235,0.0690173534859928,0.7157368038614081,0.0690173534859928,0.9880448476102235,24.514431460415963,0.0,1734.3109644574233,-11.722102976009591,1.2427526210302744,8.255788996352803e-19,-1.172310297600959
P,0.25,1,0.9754432545252492,0.9138002225295414,0.4622921929075655,0.9138002225295414,0.9754432545252492,31.585504818627875,0.0,3348.6787545711677,-0.18828097305842242,1.2218711876907058,8.255788996352803e-19,-0.018928097305842242
P,0.25,1,0.9783326654576777,0.9744347828995812,0.9215624993443103,0.9744347828995812,0.9783326654576777,24.24846746805529,0.0,2926.242854336672,-2.0813411340370007,1.2178239902839947,8.255788996352803e-19,-0.20823411340370007
P,0.25,1,0.9457879231540918,0.7061280554844921,0.7583526949413784,0.7061280554844921,0.9457879231540918,26.51018771506881,0.0,2692.231941589629,-4.532364194695883,1.2253468451631506,8.255788996352803e-19,-0.4533364194695883
P,0.25,1,0.956023910428528,0.9464036747491055,0.6397666135375207,0.9464036747491055,0.956023910428528,31.372374800940193,0.0,3485.9585113176986,0.7346362731801529,1.2169913879965202,8.255788996352803e-19,0.0733636273180153
P,0.25,1,0.9957658992741226,0.26696040501882823,0.850402348882758,0.26696040501882823,0.9957658992741226,18.930702818563063,0.0,1597.6826739603014,-12.008265019548512,1.24038741215831,8.255788996352803e-19,-1.2009265019548512
P,0.25,1,0.7582575101309686,0.5327304189145325,0.41673693807387113,0.5327304189145325,0.7582575101309686,68.5717952786945,0.0,5140.677998955481,3.5134039028065223,1.2195326508696909,8.255788996352803e-19,0.35124039028065224
P,0.25,1,0.9554844012514948,0.8859467677048463,0.9362734156109321,0.8859467677048463,0.9554844012514948,32.08619747670605,0.0,3705.262548981802,2.042325609126909,1.2105731324063884,8.255788996352803e-19,0.20413256091269089
P,0.25,1,0.29000146198804055,0.7757528826174902,0.8380184129073659,0.7757528826174902,0.29000146198804055,22.380611114905413,0.0,1661.4957816921133,-15.479007685139997,1.2311113060893106,8.255788996352803e-19,-1.5480007685139996
P,0.25,1,0.7578933392599485,0.5323354863415095,0.8432480891521748,0.5323354863415095,0.7578933392599485,68.5810508354307,0.0,5870.03343562121,7.816727128144338,1.2059514935447426,8.255788996352803e-19,0.3916
P,0.25,1,0.9982646691030229,0.3192270978547218,0.673010230846724,0.3192270978547218,0.9982646691030229,23.904492066922067,0.0,1976.89776767965,-9.528310414700533,1.2383890960562243,8.255788996352803e-19,-0.9529310414700533
P,0.25,1,0.9403212884749131,0.8986283057955542,0.8082113243800407,0.8986283057955542,0.9403212884749131,28.532318113491172,0.0,3199.978306173458,-0.9881229583680049,1.217272434860377,8.255788996352803e-19,-0.09891229583680049
P,0.25,1,0.8544123195809507,0.9806262337727238,0.727840334869388,0.9806262337727238,0.8544123195809507,24.547797237956527,0.0,2698.979640627457,-4.4387217496386215,1.2224841272087006,8.255788996352803e-19,-0.4439721749638622
P,0.25,1,0.9733877203723086,0.985714993887789,0.9665062364783036,0.985714993887789,0.9733877203723086,27.043924715143586,0.0,3302.5443630850773,0.23681032182083098,1.212860446410295,8.255788996352803e-19,0.023581032182083097
P,0.25,1,0.9747628536770111,0.21488652008341258,0.8814842941128169,0.21488652008341258,0.9747628536770111,30.55888281463963,0.0,2491.1471713311835,-6.986971766042543,1.2312348803137692,8.255788996352803e-19,-0.6987971766042543
P,0.25,1,0.704969677393952,0.9840298912164942,0.6156958272189421,0.9840298912164942,0.704969677393952,25.489136002739343,0.0,2544.895852551555,-6.4953892667782185,1.2249638715610986,8.255788996352803e-19,-0.6496389266778219
P,0.25,1,0.9844145135264509,0.38338391458059906,0.9048318548827256,0.38338391458059906,0.9844145135264509,24.73303666614659,0.0,2250.971419801264,-7.694590207691049,1.2311576057836147,8.255788996352803e-19,-0.769559020769105
P,0.25,1,0.9676238790512693,0.9926990881403411,0.9064511995112802,0.9926990881403411,0.9676238790512693,27.235459843486897,0.0,3286.705253769859,0.08117317745854687,1.2139073106019724,8.255788996352803e-19,0.008017317745854687
P,0.25,1,0.8335390022628182,0.9014125509728836,0.9530267441819379,0.9014125509728836,0.8335390022628182,25.59743666040979,0.0,2830.391667638366,-3.8720119205906918,1.2181459463370408,8.255788996352803e-19,-0.38730119205906915
P,0.25,1,0.14642703544669777,0.5130654226053655,0.8726337988425518,0.5130654226053655,0.14642703544669777,26.05149703609706,0.0,1427.373711417206,-18.43703308923034,1.2341967997328545,8.255788996352803e-19,-1.8438033089230341
P,0.25,1,0.9838475095501673,0.933122575759203,0.7498824838629159,0.933122575759203,0.9838475095501673,29.0669674933697,0.0,3330.9456023297475,0.15126240199371166,1.2168083185547656,8.255788996352803e-19,0.015026240199371165
P,0.25,1,0.9741510314527642,0.9940361077637687,0.7824555142701178,0.9940361077637687,0.9741510314527642,30.32373312080796,0.0,3577.313381911222,1.7041858201067932,1.2131355770163161,8.255788996352803e-19,0.17031858201067934
P,0.25,1,0.6001702149371779,0.9885043716618422,0.6322768691759527,0.9885043716618422,0.6001702149371779,24.12128952221837,0.0,2297.327318487151,-8.777120562461034,1.2268087334708422,8.255788996352803e-19,-0.8778120562461034
P,0.25,1,0.9494181353791943,0.7793232719502139,0.8942211457683245,0.7793232719502139,0.9494181353791943,28.085905998209505,0.0,3055.5387091148177,-2.0612425495740605,1.2186781372352646,8.255788996352803e-19,-0.20622425495740604
P,0.25,1,0.6696283544074241,0.4847247875266517,0.892207054578415,0.4847247875266517,0.6696283544074241,27.736194117647116,0.0,2219.5288427229966,-9.923037112607547,1.2288625832111963,8.255788996352803e-19,-0.9924037112607547
P,0.25,1,0.9336335644221284,0.9847492136824433,0.9580183867873178,0.9847492136824433,0.9336335644221284,28.90527079450358,0.0,3464.863206836258,0.8882309483257561,1.2111415285782872,8.255788996352803e-19,0.08872309483257561
P,0.25,1,0.9980645471157267,0.8759567084593021,0.8472247512532728,0.8759567084593021,0.9980645471157267,28.27179845791521,0.0,3247.9117475730677,-0.31838544733540175,1.2167131191575826,8.255788996352803e-19,-0.03193854473354017
P,0.25,1,0.9690286208295951,0.9025741322317296,0.7906481119228593,0.9025741322317296,0.9690286208295951,30.796931869506807,0.0,3490.719524531612,0.867837899401592,1.2149163036083213,8.255788996352803e-19,0.0866837899401592
P,0.25,1,0.985405835307199,0.39395499216129304,0.9086396442438884,0.39395499216129304,0.985405835307199,24.671947419509443,0.0,2262.0236285433584,-7.590017077615927,1.2308748925699327,8.255788996352803e-19,-0.7591017077615927
P,0.25,1,0.8299351228249756,0.40671782255519606,0.30847026336250305,0.40671782255519606,0.8299351228249756,21.168014818041403,0.0,1472.1169712736662,-13.767783808669405,1.2476063396993797,8.255788996352803e-19,-1.3768783808669405
P,0.25,1,0.9270184767067525,0.9952425966459233,0.7524112285300375,0.9952425966459233,0.9270184767067525,30.1917010580399,0.0,3469.730956220831,0.7154548329645336,1.214423359016619,8.255788996352803e-19,0.07144548329645337
P,0.25,1,0.7929064330004687,0.7408606370414766,0.8382396136540804,0.7408606370414766,0.7929064330004687,14.997232496258682,0.0,1464.394926564834,-13.802807264221446,1.238412602823745,8.255788996352803e-19,-1.3803807264221446
P,0.25,1,0.9389084812071721,0.9112515593633519,0.8060398587317669,0.9112515593633519,0.9389084812071721,28.73585451956324,0.0,3237.352591124324,-0.7451583617163825,1.216805781850941,8.255788996352803e-19,-0.07461583617163825
P,0.25,1,0.9333766941588962,0.9927532727633862,0.8740935315060202,0.9927532727633862,0.9333766941588962,28.53805866531427,0.0,3372.02381167966,0.30543123362390234,1.2133608658616433,8.255788996352803e-19,0.030443123362390235
P,0.25,1,0.8357938567842964,0.9538988293471481,0.9405537025885482,0.9538988293471481,0.8357938567842964,33.245811767117964,0.0,3756.726092033805,1.6536986830653067,1.2086050782739561,8.255788996352803e-19,0.16526986830653068
P,0.25,1,0.9811372252309397,0.4950062088533849,0.9399189906746297,0.4950062088533849,0.9811372252309397,49.0366424216395,0.0,4771.5176732877035,5.524742815935239,1.2095411545977655,8.255788996352803e-19,0.3916
P,0.25,1,0.7705038513355918,0.9106762797857573,0.8507612016168201,0.9106762797857573,0.7705038513355918,38.1401042967656,0.0,4017.222301163594,2.187245965640807,1.2084848123842296,8.255788996352803e-19,0.21862459656408073
P,0.25,1,0.894122167961626,0.4794268457061288,0.4622921929075655,0.4794268457061288,0.894122167961626,199.19214962908558,0.0,15982.133424219564,42.0375611527305,1.1844042067280998,8.255788996352803e-19,0.3916
P,0.25,1,0.8597856385691104,0.5414027014488026,0.9215624993443103,0.5414027014488026,0.8597856385691104,21.970735326622414,0.0,2045.4420520650115,-9.490852890069473,1.2310080728391002,8.255788996352803e-19,-0.9491852890069472
P,0.25,1,0.2160702879868308,0.10417075880328885,0.8606885758646414,0.10417075880328885,0.2160702879868308,31.372374800940193,0.0,1177.3822220500774,-20.52888961690805,1.2414601695125234,8.255788996352803e-19,-2.0529889616908052
P,0.25,1,0.32192375680943686,0.9441054410339095,0.8000242011342482,0.9441054410339095,0.32192375680943686,26.56866839651213,0.0,2213.2249396181146,-11.262561517060048,1.2235998530601777,8.255788996352803e-19,-1.1263561517060048
P,0.25,1,0.9459955264981225,0.9957669198551556,0.26814129914476903,0.9957669198551556,0.9459955264981225,32.451370266454774,0.0,3368.1814203622407,-0.2405333552646317,1.2235178625208027,8.255788996352803e-19,-0.02415333552646317
P,0.25,1,0.9524306156251582,0.9984685939282383,0.9826224859749392,0.9984685939282383,0.9524306156251582,25.81892523576734,0.0,3152.7624542081076,-0.7759373353797296,1.2139499815258064,8.255788996352803e-19,-0.07769373353797296
P,0.25,1,0.46127918456981076,0.9932281372276308,0.9456988388563756,0.9932281372276308,0.46127918456981076,25.1903842089626,0.0,2427.5428409603855,-8.792811579493149,1.2195212121362542,8.255788996352803e-19,-0.8793811579493148
P,0.25,1,0.9850178124867536,0.11880910518816035,0.7398548823746695,0.11880910518816035,0.9850178124867536,29.017528485574307,0.0,2138.2354544512305,-9.325058643031374,1.2380997723195124,8.255788996352803e-19,-0.9326058643031374
P,0.25,1,0.9718204065349095,0.961754024597549,0.9320044774957614,0.961754024597549,0.9718204065349095,25.356916371486115,0.0,3042.2932472562456,-1.4340188003791576,1.216431022170441,8.255788996352803e-19,-0.14350188003791575
P,0.25,1,0.9980127891407153,0.8859467677048463,0.7142922421277507,0.8859467677048463,0.9980127891407153,32.08619747670605,0.0,3595.427967378469,1.5162457073377993,1.2156851822037475,8.255788996352803e-19,0.15152457073377995
P,0.25,1,0.9759033360802074,0.9905163210924557,0.048578065983854946,0.9905163210924557,0.9759033360802074,21.658766583250944,0.0,2155.8147427762046,-7.171238770711345,1.2352832978419925,8.255788996352803e-19,-0.7172238770711346
P,0.25,1,0.9078417090441785,0.9586992371660413,0.8853873015489562,0.9586992371660413,0.9078417090441785,25.575952922108392,0.0,2953.043766929229,-2.4710182217461814,1.217767026437358,8.255788996352803e-19,-0.2472018221746181
P,0.25,1,0.22650073654676572,0.985714993887789,0.879405671557971,0.985714993887789,0.22650073654676572,27.043924715143586,0.0,2233.7180670113457,-11.650722744166991,1.2210498489506685,8.255788996352803e-19,-1.165172274416699
P,0.25,1,0.9880439051524185,0.040495486601132114,0.09297266068014898,0.040495486601132114,0.9880439051524185,30.350696388750585,0.0,1631.3889650680492,-15.868470105861691,1.2526355047073898,8.255788996352803e-19,-1.5869470105861692
P,0.25,1,0.9793414574331543,0.9959683148916568,0.940441980615129,0.9959683148916568,0.9793414574331543,26.960237116390505,0.0,3296.6044617998077,0.25748700165643124,1.2132859182985662,8.255788996352803e-19,0.025648700165643124
P,0.25,1,0.943525655455408,0.9166448831154174,0.9559055195581121,0.9166448831154174,0.943525655455408,27.235459843486897,0.0,3183.9931600664668,-0.8930584490532062,1.2148376918765111,8.255788996352803e-19,-0.08940584490532062
P,0.25,1,0.12764204473846585,0.489420759732779,0.6215727392975621,0.489420759732779,0.12764204473846585,23.996891244190888,0.0,1113.2747861185296,-20.747353807366405,1.2419146215093098,8.255788996352803e-19,-2.0748353807366406
P,0.25,1,0.03518245781275897,0.6140803698178245,0.7727158877051262,0.6140803698178245,0.03518245781275897,23.70415467471936,0.0,1227.425747579435,-20.354951079629803,1.2366577984795293,8.255788996352803e-19,-2.0355951079629806
P,0.25,1,0.9772529993821898,0.9665477224597011,0.7925264821389315,0.9665477224597011,0.9772529993821898,27.367820905227582,0.0,3202.1225721867563,-0.5028634205055813,1.216956600537027,8.255788996352803e-19,-0.05038634205055813
P,0.25,1,0.9803245705374117,0.9328940712538065,0.7699015235272986,0.9328940712538065,0.9803245705374117,29.45274490198495,0.0,3384.3698592224205,0.44482268415470144,1.2159544987412099,8.255788996352803e-19,0.04438226841547015
P,0.25,1,0.936869058520117,0.5973950501466372,0.8148816441478218,0.5973950501466372,0.936869058520117,25.044947628114645,0.0,2431.4949149825966,-6.425754021136289,1.2282356493003754,8.255788996352803e-19,-0.642675402113629
P,0.25,1,0.9895658246091462,0.9426579469353473,0.6120232547813487,0.9426579469353473,0.9895658246091462,30.13741541327979,0.0,3372.7315005208584,0.3287568103951313,1.2187003112767856,8.255788996352803e-19,0.03277568103951313
P,0.25,1,0.1775350063621961,0.9812086137321806,0.9105257470970513,0.9812086137321806,0.1775350063621961,21.53444369490711,0.0,1737.8365980283768,-15.385127562324284,1.2269060737611925,8.255788996352803e-19,-1.5386127562324283
P,0.25,1,0.3498629867562809,0.5285513649233697,0.8139278378811373,0.5285513649233697,0.3498629867562809,18.247638863592954,0.0,1172.7559242693708,-18.93551170083293,1.2403882303881337,8.255788996352803e-19,-1.893651170083293
P,0.25,1,0.5018637320841999,0.04509263087461157,0.4554970835399469,0.04509263087461157,0.5018637320841999,23.539388520218463,0.0,911.803987046485,-20.455038436328508,1.2530797869870445,8.255788996352803e-19,-2.045603843632851
P,0.25,1,0.785105049825329,0.5978860848543452,0.5352711791531674,0.5978860848543452,0.785105049825329,30.32373312080796,0.0,2502.6582134210116,-7.382528573818637,1.231419445836049,8.255788996352803e-19,-0.7383528573818637
P,0.25,1,0.890617367691035,0.813762030689675,0.9636994408688891,0.813762030689675,0.890617367691035,33.691574849155856,0.0,3682.8750996982412,1.168241922663038,1.2109780159549683,8.255788996352803e-19,0.11672419226630382
P,0.25,1,0.09967173262966356,0.6295457938034749,0.38281496135958293,0.6295457938034749,0.09967173262966356,29.43507238221241,0.0,1354.9331860621953,-19.113527343363913,1.2411020501644898,8.255788996352803e-19,-1.9114527343363914
P,0.25,1,0.963735473086981,0.9898706759591372,0.864286149588602,0.9898706759591372,0.963735473086981,32.66091330601923,0.0,3896.03742848773,3.451537102813357,1.2088273812293597,8.255788996352803e-19,0.3450537102813357
P,0.25,1,0.9950019000789372,0.9933626340025005,0.6703439056993158,0.9933626340025005,0.9950019000789372,26.560934466687193,0.0,3085.7650180166706,-1.0628600380894833,1.2199403719580213,8.255788996352803e-19,-0.10638600380894832
P,0.25,1,0.985834116281596,0.5278562172256143,0.8382396136540804,0.5278562172256143,0.985834116281596,26.01472380195995,0.0,2514.076098121149,-5.752727913148778,1.227996374164743,8.255788996352803e-19,-0.5753727913148778
P,0.25,1,0.4576112033584431,0.9971950790520968,0.940364105054209,0.9971950790520968,0.4576112033584431,26.429067140997333,0.0,2543.7822974851833,-8.06215282214807,1.2181439370689304,8.255788996352803e-19,-0.806315282214807
P,0.25,1,0.11260960272283993,0.9927532727633862,0.8766225916474033,0.9927532727633862,0.11260960272283993,28.53805866531427,0.0,2202.6732030486555,-12.586595645560125,1.2204638206661311,8.255788996352803e-19,-1.2587595645560126
P,0.25,1,0.9383344627952561,0.6787190008988704,0.9745317294329391,0.6787190008988704,0.9383344627952561,34.93856430228037,0.0,3676.0948084102524,0.9733323507182983,1.212952133851041,8.255788996352803e-19,0.09723323507182982
P,0.25,1,0.7229656417150473,0.9929076011267646,0.8668102539683349,0.9929076011267646,0.7229656417150473,24.258099269271515,0.0,2606.8704026268333,-5.869723184315508,1.220453560468024,8.255788996352803e-19,-0.5870723184315508
P,0.25,1,0.7963054136995793,0.9112515593633519,0.45568931989183026,0.9112515593633519,0.7963054136995793,62.15864140501941,0.0,6015.096804044292,10.363768944283,1.205271409749077,8.255788996352803e-19,0.3916
P,0.25,1,0.7705038513355918,0.9106762797857573,0.9329762658885643,0.9106762797857573,0.7705038513355918,27.383645556712843,0.0,2940.5493258287,-3.6381222730133955,1.2167794014565931,8.255788996352803e-19,-0.36391222730133954
P,0.25,1,0.8000013619564375,0.5022887275778642,0.8211132189249147,0.5022887275778642,0.8000013619564375,27.129761685120044,0.0,2323.4561373463307,-8.345543475660653,1.229498660041729,8.255788996352803e-19,-0.8346543475660653
P,0.25,1,0.9753046940593741,0.3715986906369627,0.9162179367697447,0.3715986906369627,0.9753046940593741,24.87930688167903,0.0,2245.3728128764496,-7.821667577967464,1.2310996691488747,8.255788996352803e-19,-0.7822667577967464
P,0.25,1,0.9806422268325508,0.9464036747491055,0.7095509134778917,0.9464036747491055,0.9806422268325508,29.507090792900236,0.0,3366.4954996572474,0.3351717135313765,1.2169780542587116,8.255788996352803e-19,0.03341717135313765
P,0.25,1,0.9306572764890079,0.9307829469776933,0.8126584715823424,0.9307829469776933,0.9306572764890079,29.831419525852976,0.0,3382.5391063519173,0.08999374245690073,1.215008806414269,8.255788996352803e-19,0.008899374245690072
P,0.25,1,0.13952113178811243,0.4474157810320297,0.6605205844141824,0.4474157810320297,0.13952113178811243,18.090927778054745,0.0,829.6474197190674,-22.826034224827474,1.24604090917383,8.255788996352803e-19,-2.2827034224827476
P,0.25,1,0.9703500419103248,0.9387526992376276,0.4921633292174101,0.9387526992376276,0.9703500419103248,32.912572277127204,0.0,3546.6331262501717,0.9625480428251575,1.2192862239669406,8.255788996352803e-19,0.09615480428251574
P,0.25,1,0.8209884118610445,0.9821767357517249,0.9646301271502431,0.9821767357517249,0.8209884118610445,25.48636157291837,0.0,2912.428751504221,-3.2450796774890196,1.2162227956223397,8.255788996352803e-19,-0.32460796774890194
P,0.25,1,0.8873981589733215,0.9829363628204526,0.8156464466010179,0.9829363628204526,0.8873981589733215,28.61587446085665,0.0,3259.5738017823137,-0.7665912362992117,1.215318062015058,8.255788996352803e-19,-0.07675912362992117
P,0.25,1,0.2822219927685762,0.9385941218927146,0.7301765593969172,0.9385941218927146,0.2822219927685762,28.088789916564938,0.0,2227.3067680464073,-11.48281557881503,1.224250428240489,8.255788996352803e-19,-1.1483815578815029
P,0.25,1,0.3583374207182959,0.9806262337727238,0.9035852451099842,0.9806262337727238,0.3583374207182959,15.486663210587492,0.0,1386.6419677428546,-17.01454160720867,1.2345270372183137,8.255788996352803e-19,-1.701554160720867
P,0.25,1,0.9741857767129448,0.15004649632523281,0.8450668040201186,0.15004649632523281,0.9741857767129448,23.662421741799,0.0,1830.0110869364908,-10.95553154664914,1.2387904504567764,8.255788996352803e-19,-1.095653154664914
P,0.25,1,0.9918168467407829,0.9891063219802404,0.7951676798152933,0.9891063219802404,0.9918168467407829,30.55888281463963,0.0,3634.2258475241297,2.152773330995377,1.212533070237218,8.255788996352803e-19,0.21517733309953774
P,0.25,1,0.9676238790512693,0.6315596147804311,0.9257364337409385,0.6315596147804311,0.9676238790512693,25.58340612259793,0.0,2637.7153180345713,-4.804471092893893,1.2241291508931154,8.255788996352803e-19,-0.4805471092893893
P,0.25,1,0.9675390277385377,0.9800162096291072,0.016405246685630925,0.9800162096291072,0.9675390277385377,21.550790576214652,0.0,2107.4064036978357,-7.567902393908637,1.236035651177077,8.255788996352803e-19,-0.7568902393908638
P,0.25,1,0.8911451195904029,0.985714993887789,0.1423350437343015,0.985714993887789,0.8911451195904029,74.04351203951653,0.0,7211.94038355019,15.516386429871151,1.2057071034641862,8.255788996352803e-19,0.3916
P,0.25,1,0.39075395078035535,0.9807370790423604,0.037258298671244194,0.9807370790423604,0.39075395078035535,27.747244905484948,0.0,1928.6002529581506,-12.822247085985882,1.2361174893157607,8.255788996352803e-19,-1.2823247085985883
P,0.25,1,0.9332489288481844,0.9969270177958035,0.9427141815590218,0.9969270177958035,0.9332489288481844,31.959193681350094,0.0,3837.5529737589286,3.0137589898841917,1.2077266787788066,8.255788996352803e-19,0.30127589898841917
P,0.25,1,0.12012728866626066,0.9622799971206177,0.8552136661664725,0.9622799971206177,0.12012728866626066,26.924302486685203,0.0,2032.80384478122,-13.714471443322445,1.2231893306956583,8.255788996352803e-19,-1.3715471443322445
P,0.25,1,0.4715049873611883,0.31663618583025455,0.9392250283646643,0.31663618583025455,0.4715049873611883,188.85279352533135,0.0,11876.514871366184,23.66218695058618,1.1919450889881118,8.255788996352803e-19,0.3916
P,0.25,1,0.8722571560067895,0.39807420899004653,0.7958789363303036,0.39807420899004653,0.8722571560067895,31.482530668958454,0.0,2626.0693834575577,-6.477646967669079,1.2287342633590919,8.255788996352803e-19,-0.6478646967669079
P,0.25,1,0.9895658246091462,0.7050018836914531,0.8969647036099079,0.7050018836914531,0.9895658246091462,33.595570876519076,0.0,3599.8495093102288,0.987727191555895,1.214817621204783,8.255788996352803e-19,0.09867271915558949
P,0.25,1,0.5875012771873177,0.99313675281826,0.9021949282283463,0.99313675281826,0.5875012771873177,25.075886501492374,0.0,2547.3784325800198,-7.173083395911395,1.2196638021065298,8.255788996352803e-19,-0.7174083395911396
P,0.25,1,0.9713068756833371,0.9844782772527078,0.16586830154373755,0.9844782772527078,0.9713068756833371,22.721291554391733,0.0,2316.1167848557006,-6.179473962524077,1.2331992395492235,8.255788996352803e-19,-0.6180473962524078
P,0.25,1,0.9336335644221284,0.9220901839424457,0.5977477570763493,0.9220901839424457,0.9336335644221284,28.90527079450358,0.0,3113.961392940937,-1.6361361569237607,1.2213514544690465,8.255788996352803e-19,-0.16371361569237605
P,0.25,1,0.9698446439678776,0.29292901198429344,0.9747363778596103,0.29292901198429344,0.9698446439678776,33.691574849155856,0.0,2948.2517481740406,-4.1854929503722875,1.2246326601369153,8.255788996352803e-19,-0.4186492950372288
P,0.25,1,0.3353298787208583,0.7515036873799213,0.7905163161992129,0.7515036873799213,0.3353298787208583,18.463970156825948,0.0,1368.2648682657318,-17.3459164450025,1.2365946255889637,8.255788996352803e-19,-1.7346916445002503
P,0.25,1,0.9436975340109679,0.9151943025847245,0.8607521919986268,0.9151943025847245,0.9436975340109679,28.087859563146967,0.0,3215.031809657216,-0.7817408519143045,1.2160833966251694,8.255788996352803e-19,-0.07827408519143045
P,0.25,1,0.9624473603585346,0.9025741322317296,0.7906481119228593,0.9025741322317296,0.9624473603585346,27.53675083492797,0.0,3112.128608565329,-1.3342862956290669,1.2185123326792422,8.255788996352803e-19,-0.13352862956290668
P,0.25,1,0.9789837062077693,0.946977630686702,0.9645219569506435,0.946977630686702,0.9789837062077693,27.463893625665392,0.0,3306.958074813481,0.19024130776838558,1.213306640729251,8.255788996352803e-19,0.018924130776838556
P,0.25,1,0.8871944282953622,0.9932661640960462,0.9514329499669728,0.9932661640960462,0.8871944282953622,24.922304397491303,0.0,2936.0681043752747,-2.608149631143414,1.2164858386587414,8.255788996352803e-19,-0.26091496311434137
P,0.25,1,0.8920125267610275,0.9964780156387224,0.06420514927548215,0.9964780156387224,0.8920125267610275,28.06484129498945,0.0,2695.057051095314,-4.556979417016506,1.2301471066070568,8.255788996352803e-19,-0.4557979417016506
P,0.25,1,0.8614975677751725,0.835011029002106,0.7398314179040473,0.835011029002106,0.8614975677751725,20.911005528189207,0.0,2160.550504034499,-8.175401022823614,1.2299616004510838,8.255788996352803e-19,-0.8176401022823614
P,0.25,1,0.9734276845561237,0.9857287172557448,0.8596132064893205,0.9857287172557448,0.9734276845561237,29.068968614002767,0.0,3472.2345307000987,1.1484249400552693,1.2129150065389451,8.255788996352803e-19,0.11474249400552694
P,0.25,1,0.7705038513355918,0.8083571776631208,0.14568035653211597,0.8083571776631208,0.7705038513355918,24.20896695754946,0.0,1999.298997520869,-10.036363033318427,1.2383267003268759,8.255788996352803e-19,-1.0037363033318427
P,0.25,1,0.9333766941588962,0.9276902416168461,0.8207630101051003,0.9276902416168461,0.9333766941588962,29.118135053978,0.0,3307.017123409299,-0.3214990256052564,1.2156493186330581,8.255788996352803e-19,-0.03224990256052564
P,0.25,1,0.43561920132677434,0.9951362031415877,0.9376892633622179,0.9951362031415877,0.43561920132677434,24.927103363956093,0.0,2367.5763225636297,-9.354689765296401,1.2201612877475543,8.255788996352803e-19,-0.93556897652964
P,0.25,1,0.9946975994257157,0.9930326289155679,0.8099741433427302,0.9930326289155679,0.9946975994257157,26.56866839651213,0.0,3178.565625531695,-0.4251199564910851,1.2167270949218987,8.255788996352803e-19,-0.04261199564910851
P,0.25,1,0.30184256710732504,0.7389611853846619,0.1515259743710321,0.7389611853846619,0.30184256710732504,23.02341695318586,0.0,1285.359080182724,-18.017953661632845,1.244855015697848,8.255788996352803e-19,-1.8018953661632846
P,0.25,1,0.07347204920643102,0.9707281773288601,0.8561641889614731,0.9707281773288601,0.07347204920643102,27.59783820202799,0.0,2031.5904641553284,-14.005426399610267,1.2227100123175634,8.255788996352803e-19,-1.4006426399610266
P,0.25,1,0.8049437108037426,0.9986619911652694,0.8432480891521748,0.9986619911652694,0.8049437108037426,27.671233346918346,0.0,3078.74257835767,-2.368811591666381,1.216067709291059,8.255788996352803e-19,-0.23698115916663806
P,0.25,1,0.9635034326529989,0.9307829469776933,0.8126584715823424,0.9307829469776933,0.9635034326529989,29.831419525852976,0.0,3431.5314795689014,0.6162330770245001,1.2147092356010538,8.255788996352803e-19,0.061523307702450014
P,0.25,1,0.7818694030038822,0.26968962758037907,0.9915626016888672,0.26968962758037907,0.7818694030038822,30.711929132134387,0.0,2376.0903301065705,-8.80278927199665,1.228786817588337,8.255788996352803e-19,-0.8803789271996649
P,0.25,1,0.8971332844959388,0.9805019214162922,0.99556222874319,0.9805019214162922,0.8971332844959388,27.468326154263046,0.0,3262.435511885775,-0.5546752630765439,1.2124294813787486,8.255788996352803e-19,-0.055567526307654394
P,0.25,1,0.658897186278975,0.5304900642740435,0.8699125566021372,0.5304900642740435,0.658897186278975,24.67727396599919,0.0,2004.218513821511,-11.200082521063443,1.2310246411525783,8.255788996352803e-19,-1.1201082521063443
P,0.25,1,0.6696468717462919,0.9806262337727238,0.940441980615129,0.9806262337727238,0.6696468717462919,23.056179445624856,0.0,2444.524619338283,-7.304842629591172,1.221066169157767,8.255788996352803e-19,-0.7305842629591173
P,0.25,1,0.9723743502039154,0.9893665080811451,0.7763967414726674,0.9893665080811451,0.9723743502039154,29.303322884407514,0.0,3443.0513993374784,0.9120262477475426,1.2145548121744,8.255788996352803e-19,0.09110262477475425
P,0.25,1,0.9918178299443758,0.9797673897091265,0.9320044774957614,0.9797673897091265,0.9918178299443758,25.39711161294189,0.0,3095.384037366364,-0.9180682422123533,1.2158030802105189,8.255788996352803e-19,-0.09190682422123533
P,0.25,1,0.904182184484654,0.9521504178059761,0.39079455941105723,0.9521504178059761,0.904182184484654,28.85602151375972,0.0,2960.2380807652426,-2.8191245955266133,1.2258211043955942,8.255788996352803e-19,-0.2820124595526613
P,0.25,1,0.9741857767129448,0.14429149602144786,0.8385440217236771,0.14429149602144786,0.9741857767129448,30.350696388750585,0.0,2333.588081422397,-8.157699834288088,1.2343075152881076,8.255788996352803e-19,-0.8158699834288088
P,0.25,1,0.39730636999591273,0.950903959842659,0.5450568730074147,0.950903959842659,0.39730636999591273,26.085187073353634,0.0,2113.8636958537368,-11.456139421490054,1.2291485854086663,8.255788996352803e-19,-1.1457139421490052
P,0.25,1,0.9676238790512693,0.9856568327444001,0.8875288923993552,0.9856568327444001,0.9676238790512693,27.008896803056714,0.0,3237.0772652281557,-0.2465723448374372,1.2147831381104461,8.255788996352803e-19,-0.02475723448374372
P,0.25,1,0.014217922546703177,0.7986623676088151,0.6005470456646975,0.7986623676088151,0.014217922546703177,23.933913050209576,0.0,1332.1063285780433,-19.459055621726286,1.2362511400964262,8.255788996352803e-19,-1.9460055621726287
P,0.25,1,0.9349263534656898,0.5232768327310662,0.847960748586868,0.5232768327310662,0.9349263534656898,35.42301214477654,0.0,3333.6305560971373,-1.6820076550641463,1.22038304596904,8.255788996352803e-19,-0.16830076550641462
P,0.25,1,0.2823414866753241,0.990088534488128,0.8902537842007557,0.990088534488128,0.2823414866753241,26.62918861111303,0.0,2286.8573496811814,-10.923720536718806,1.2206659238281523,8.255788996352803e-19,-1.0924720536718806
P,0.25,1,0.7308386922581782,0.9702160984478366,0.24806598871964258,0.9702160984478366,0.7308386922581782,11.63918939116848,0.0,1062.127119294473,-16.958118490829712,1.2468062116543617,8.255788996352803e-19,-1.6959118490829712
P,0.25,1,0.9636304462257,0.9563586804049771,0.6768861566012434,0.9563586804049771,0.9636304462257,30.839023975741032,0.0,3482.3922457731,0.8520255060586768,1.2162722643960688,8.255788996352803e-19,0.08510255060586767
P,0.25,1,0.9762734169786725,0.9241985436672422,0.4426450406873438,0.9241985436672422,0.9762734169786725,28.602141855234642,0.0,3034.3933366459064,-1.8945599385350467,1.2249191204028396,8.255788996352803e-19,-0.18955599385350466
P,0.25,1,0.3837856213072379,0.76725363485787,0.6900724844561518,0.76725363485787,0.3837856213072379,30.32373312080796,0.0,2268.3297070927333,-11.018809237337015,1.2268751711667194,8.255788996352803e-19,-1.1019809237337015
P,0.25,1,0.9726462958586458,0.9886009271718399,0.9134930449683443,0.9886009271718399,0.9726462958586458,26.948376588455815,0.0,3258.05030213299,-0.05965467449374383,1.2141601408343448,8.255788996352803e-19,-0.006065467449374383
P,0.25,1,0.9336335644221284,0.9953442696096202,0.8478725957005114,0.9953442696096202,0.9336335644221284,27.581755317818924,0.0,3244.875093470388,-0.44843769313036996,1.2150541389661382,8.255788996352803e-19,-0.044943769313036994
P,0.25,1,0.8899846216827887,0.7087221756934892,0.8301728748512716,0.7087221756934892,0.8899846216827887,33.691574849155856,0.0,3392.3932750526187,-0.9786291094371277,1.2173477750051265,8.255788996352803e-19,-0.09796291094371276
P,0.25,1,0.9896629751863961,0.985104941163047,0.9553798393903671,0.985104941163047,0.9896629751863961,26.907677184920242,0.0,3299.4971880958433,0.3287443650920145,1.2131839868496557,8.255788996352803e-19,0.03277443650920145
P,0.25,1,0.9913958901424506,0.9307683334719693,0.710401088462185,0.9307683334719693,0.9913958901424506,28.384082874486083,0.0,3232.0455152980894,-0.3981927642832811,1.2185001392244939,8.255788996352803e-19,-0.03991927642832811
P,0.25,1,0.9588352471120334,0.3067934298475181,0.9249650249211278,0.3067934298475181,0.9588352471120334,29.43507238221241,0.0,2543.353897254614,-6.438021045005241,1.2287385990980306,8.255788996352803e-19,-0.6439021045005242
P,0.25,1,0.9789837062077693,0.965598235761057,0.8675050785888521,0.965598235761057,0.9789837062077693,27.70858862554757,0.0,3295.0145877639266,0.10637191235847546,1.2148129452012997,8.255788996352803e-19,0.010537191235847546
P,0.25,1,0.8819760238524827,0.9751084213784831,0.9741826044091882,0.9751084213784831,0.8819760238524827,28.564053518784416,0.0,3347.95807535929,-0.19181622628820794,1.2118549920356407,8.255788996352803e-19,-0.019281622628820792
P,0.25,1,0.8738789095052677,0.43796891547067407,0.8884054494571222,0.43796891547067407,0.8738789095052677,28.532318113491172,0.0,2505.209645376996,-6.890393621086897,1.2277039524225648,8.255788996352803e-19,-0.6891393621086898
P,0.25,1,0.3249710151764672,0.1490650382774691,0.9465164215562556,0.1490650382774691,0.3249710151764672,20.635929725986113,0.0,977.4148933261297,-20.985766411405624,1.243175747992262,8.255788996352803e-19,-2.0986766411405626
P,0.25,1,0.8552550962786507,0.6672230867542182,0.8426277970179404,0.6672230867542182,0.8552550962786507,42.007971911388495,0.0,4082.7381581494474,2.014618028958685,1.2124524518931985,8.255788996352803e-19,0.2013618028958685
P,0.25,1,0.5278305384873645,0.5485725936513538,0.9679055499751498,0.5485725936513538,0.5278305384873645,24.83255160048774,0.0,1937.3809289419764,-12.463451595680612,1.2292529168892543,8.255788996352803e-19,-1.246445159568061
P,0.25,1,0.8518721303896168,0.9927532727633862,0.6252687819581659,0.9927532727633862,0.8518721303896168,53.80575427057859,0.0,5803.649519043499,11.105751630574911,1.2004174524427795,8.255788996352803e-19,0.3916
P,0.25,1,0.15276502409567994,0.9970138331164115,0.8888582789987602,0.9970138331164115,0.15276502409567994,26.310102282592783,0.0,2097.188772660308,-13.003226979240104,1.2219001984841895,8.255788996352803e-19,-1.3004226979240103
P,0.25,1,0.9948570670244011,0.9867674647403424,0.9162179367697447,0.9867674647403424,0.9948570670244011,26.438167680396994,0.0,3225.1041686218705,-0.09826617478119064,1.214610886911908,8.255788996352803e-19,-0.009926617478119064
P,0.25,1,0.8980744352860385,0.9464036747491055,0.7095509134778917,0.9464036747491055,0.8980744352860385,29.507090792900236,0.0,3244.678733570638,-0.9815232695277071,1.2177231455844468,8.255788996352803e-19,-0.09825232695277071
P,0.25,1,0.9503288698743912,0.05548069362093544,0.852794027763853,0.05548069362093544,0.9503288698743912,24.665811585755183,0.0,1766.3268794733312,-11.77564220294347,1.2401993097799828,8.255788996352803e-19,-1.1776642202943468
P,0.25,1,0.9942286476354756,0.6948790947444246,0.99556222874319,0.6948790947444246,0.9942286476354756,24.62555183030972,0.0,2692.667244453036,-4.0751978314175785,1.2219766016703486,8.255788996352803e-19,-0.4076197831417579
P,0.25,1,0.9038635794255441,0.27242125672881,0.8947892472846088,0.27242125672881,0.9038635794255441,27.83439712639062,0.0,2259.70694449718,-8.593739457874952,1.2320480964825595,8.255788996352803e-19,-0.8594739457874951
P,0.25,1,0.9306572764890079,0.9449766496300905,0.8729750903397391,0.9449766496300905,0.9306572764890079,29.141362166036757,0.0,3368.918458335079,0.1142590157103172,1.2139524088489377,8.255788996352803e-19,0.01132590157103172
P,0.25,1,0.9293746169238719,0.9258784555541194,0.8510479865110236,0.9258784555541194,0.9293746169238719,22.712832819737947,0.0,2590.1454096548764,-4.693678657831129,1.2228790038724138,8.255788996352803e-19,-0.46946786578311295
P,0.25,1,0.9801377106543785,0.9797673897091265,0.6953046916539183,0.9797673897091265,0.9801377106543785,30.71312477365833,0.0,3543.614988361605,1.422027806040945,1.215179211902914,8.255788996352803e-19,0.1421027806040945
P,0.25,1,0.8300563875293955,0.8982226826629416,0.9915626016888672,0.8982226826629416,0.8300563875293955,30.711929132134387,0.0,3415.25922504349,-0.42556315886849155,1.2115211921610531,8.255788996352803e-19,-0.04265631588684916
P,0.25,1,0.874216123432737,0.9806262337727238,0.9914665461223644,0.9806262337727238,0.874216123432737,29.523202159161954,0.0,3469.8259761380823,0.4893501617480247,1.21024132913648,8.255788996352803e-19,0.04883501617480247
P,0.25,1,0.0684469741575543,0.295738451479992,0.8424955595642849,0.295738451479992,0.0684469741575543,23.53699937854632,0.0,924.337043392643,-22.751785665154053,1.2421203949820043,8.255788996352803e-19,-2.2752785665154054
P,0.25,1,0.9840675336599631,0.9205387199490802,0.6584081789875347,0.9205387199490802,0.9840675336599631,30.55888281463963,0.0,3413.137425250437,0.47919230907082133,1.2177740241139703,8.255788996352803e-19,0.047819230907082136
P,0.25,1,0.9644936712913749,0.9826642072589297,0.9750320173445437,0.9826642072589297,0.9644936712913749,26.583943424666323,0.0,3236.1616437718703,-0.22912954759753806,1.2134050874271352,8.255788996352803e-19,-0.023012954759753807
P,0.25,1,0.8932597249632399,0.18703766244706665,0.9665062364783036,0.18703766244706665,0.8932597249632399,23.52567977782465,0.0,1839.1794256182486,-11.345308032969893,1.2359905261347397,8.255788996352803e-19,-1.1346308032969892
P,0.25,1,0.923305924567513,0.9206497982604251,0.8862652818793713,0.9206497982604251,0.923305924567513,10.167345257819838,0.0,1162.680851478384,-15.666274755479176,1.2435483754750656,8.255788996352803e-19,-1.5667274755479175
P,0.25,1,0.01970851885828917,0.9945112551708305,0.9620393560894078,0.9945112551708305,0.01970851885828917,25.414793659488446,0.0,1900.0601072991399,-15.181685260601594,1.2222686056806495,8.255788996352803e-19,-1.5182685260601594
P,0.25,1,0.9676238790512693,0.9921038565543601,0.9064511995112802,0.9921038565543601,0.9676238790512693,27.235459843486897,0.0,3285.894683471981,0.07463370929632322,1.2139220300910765,8.255788996352803e-19,0.007363370929632322
P,0.25,1,0.9987176087718628,0.9302712683372463,0.822315918928666,0.9302712683372463,0.9987176087718628,28.653616492151478,0.0,3352.6834995248446,0.4419698358739893,1.2154920644682996,8.255788996352803e-19,0.04409698358739893
P,0.25,1,0.9004922397071903,0.9872210415400183,0.8142941236120996,0.9872210415400183,0.9004922397071903,25.504184890183403,0.0,2926.427124319001,-2.6475804747937577,1.218843760976155,8.255788996352803e-19,-0.26485804747937575
P,0.25,1,0.9895658246091462,0.9933748455119168,0.8937433033699423,0.9933748455119168,0.9895658246091462,27.165335592019368,0.0,3300.333357374234,0.3166377581356934,1.2140850684794346,8.255788996352803e-19,0.03156377581356934
P,0.25,1,0.47980798140359915,0.9958637889361637,0.8630191941731388,0.9958637889361637,0.47980798140359915,25.507044525309432,0.0,2432.3280028391996,-8.652446992682773,1.2207988834903925,8.255788996352803e-19,-0.8653446992682772
P,0.25,1,0.9336335644221284,0.9302712683372463,0.9010296413149175,0.9302712683372463,0.9336335644221284,28.653616492151478,0.0,3315.8246575452035,-0.19272674239160498,1.2141906308428692,8.255788996352803e-19,-0.019372674239160496
P,0.25,1,0.7308386922581782,0.9917913470713215,0.9866658455142755,0.9917913470713215,0.7308386922581782,25.516001771403474,0.0,2827.125743298356,-4.379606390855405,1.2161383220783988,8.255788996352803e-19,-0.4380606390855405
P,0.25,1,0.9786541221960676,0.9812086137321806,0.906864601767958,0.9812086137321806,0.9786541221960676,27.33072487854107,0.0,3297.855135093181,0.19505012630576504,1.213957368897639,8.255788996352803e-19,0.019405012630576503
P,0.25,1,0.9730431615381733,0.9740413206435312,0.8818999969930186,0.9740413206435312,0.9730431615381733,27.768333945067102,0.0,3315.586946590377,0.21899518980768992,1.214225664921885,8.255788996352803e-19,0.02179951898076899
P,0.25,1,0.7201368725048025,0.414988387646927,0.9594607831997504,0.414988387646927,0.7201368725048025,23.995974626987504,0.0,1937.501762283944,-11.428404006085643,1.2318651313219724,8.255788996352803e-19,-1.1429404006085642
P,0.25,1,0.8819760238524827,0.98712594233502,0.9830372089608289,0.98712594233502,0.8819760238524827,26.518229099573333,0.0,3129.973855506869,-1.450819072734623,1.2138594291041516,8.255788996352803e-19,-0.1451819072734623
P,0.25,1,0.4108778095741239,0.985104941163047,0.8810787643088217,0.985104941163047,0.4108778095741239,25.881016329038232,0.0,2376.552965500358,-9.496696110869745,1.220772502830022,8.255788996352803e-19,-0.9497696110869744
P,0.25,1,0.8755318043429129,0.965598235761057,0.9122171463332314,0.965598235761057,0.8755318043429129,42.34072753689806,0.0,4863.337710586569,7.608008709288774,1.2004777456138123,8.255788996352803e-19,0.3916
P,0.25,1,0.9896889437394211,0.9921857406053899,0.9337345465420058,0.9921857406053899,0.9896889437394211,26.279092176043093,0.0,3217.535780976509,-0.1563248003083017,1.21431079115659,8.255788996352803e-19,-0.015732480030830172
P,0.25,1,0.9138605480258283,0.9151943025847245,0.9249650249211278,0.9151943025847245,0.9138605480258283,28.611502233689755,0.0,3278.2163191046393,-0.5859568908087553,1.2142249860487058,8.255788996352803e-19,-0.05869568908087554
P,0.25,1,0.9867292876272084,0.9667578069142689,0.7994728817456955,0.9667578069142689,0.9867292876272084,28.037888304213233,0.0,3298.970932039631,0.1390826308020282,1.2159111095986808,8.255788996352803e-19,0.013808263080202821
P,0.25,1,0.9333766941588962,0.3271268842698519,0.12050201649446524,0.3271268842698519,0.9333766941588962,24.173458447687924,0.0,1596.360306030253,-12.558464671085028,1.24959335945058,8.255788996352803e-19,-1.2559464671085028
P,0.25,1,0.9914093007905527,0.8221761562468779,0.7175426500154833,0.8221761562468779,0.9914093007905527,26.17810031902099,0.0,2843.408688454207,-2.9897689014908604,1.223480506441538,8.255788996352803e-19,-0.299076890149086
P,0.25,1,0.9846022704093326,0.98420083296672,0.9467962693322592,0.98420083296672,0.9846022704093326,26.931512279692704,0.0,3288.6086315906878,0.2187322523611836,1.2134182898938004,8.255788996352803e-19,0.02177322523611836
P,0.25,1,0.8660753529472437,0.9430318884147093,0.4622921929075655,0.9430318884147093,0.8660753529472437,33.038537271648536,0.0,3370.349297251526,-0.8270366004565253,1.2208460896231537,8.255788996352803e-19,-0.08280366004565252
P,0.25,1,0.9893915952046888,0.9554257220201252,0.9708275609226754,0.9554257220201252,0.9893915952046888,27.129761685120044,0.0,3296.5795259996494,0.23419678459740598,1.21327311619901,8.255788996352803e-19,0.023319678459740596
P,0.25,1,0.4202633735170608,0.926818159588515,0.8729750903397391,0.926818159588515,0.4202633735170608,28.421588527374773,0.0,2534.59332264469,-8.583168917118707,1.2196720581590814,8.255788996352803e-19,-0.8584168917118706
P,0.25,1,0.9991147795211912,0.9813432598331622,0.9590365655856915,0.9813432598331622,0.9991147795211912,26.161061732009983,0.0,3217.779621148788,-0.10177087783304262,1.2140843283867826,8.255788996352803e-19,-0.010277087783304262
P,0.25,1,0.9037753950884366,0.5544286090398184,0.042885339837557046,0.5544286090398184,0.9037753950884366,29.507090792900236,0.0,2183.003437625934,-8.885772224608747,1.241831611770292,8.255788996352803e-19,-0.8886772224608747
P,0.25,1,0.4668032910782256,0.9220319981552659,0.22951329461983172,0.9220319981552659,0.4668032910782256,25.75384372579512,0.0,1936.1635880552285,-12.283782421721929,1.235968451385235,8.255788996352803e-19,-1.228478242172193
P,0.25,1,0.9732982806747641,0.041905519848416506,0.9678898321369226,0.041905519848416506,0.9732982806747641,24.952641744187297,0.0,1870.3860423184708,-10.960714793255098,1.2375659881915289,8.255788996352803e-19,-1.0961714793255097
P,0.25,1,0.9524306156251582,0.9986619911652694,0.9641671703439827,0.9986619911652694,0.9524306156251582,26.56866839651213,0.0,3232.3125697268833,-0.3019914040589328,1.2133823015021419,8.255788996352803e-19,-0.030299140405893283
P,0.25,1,0.18787027477945928,0.3887702786120045,0.9320044774957614,0.3887702786120045,0.18787027477945928,24.737048651807836,0.0,1289.5952737803866,-19.32142031838877,1.236399276067016,8.255788996352803e-19,-1.9322420318388773
P,0.25,1,0.9456365018262931,0.9441095518472223,0.9957468689957371,0.9441095518472223,0.9456365018262931,27.978376337197197,0.0,3340.0858295042567,0.15346949665385118,1.2122989813128544,8.255788996352803e-19,0.015246949665385118
P,0.25,1,0.9990409969237277,0.9815167393750197,0.72602964444242,0.9815167393750197,0.9990409969237277,32.08619747670605,0.0,3759.81659568303,2.792787191074282,1.2127552625910372,8.255788996352803e-19,0.2791787191074282
P,0.25,1,0.980766697192021,0.9990458684374321,0.858266177059917,0.9990458684374321,0.980766697192021,27.11784183596602,0.0,3266.2703620466314,0.042825144350105974,1.2148973864349106,8.255788996352803e-19,0.004182514435010597
P,0.25,1,0.9840675336599631,0.9205387199490802,0.9625176600621248,0.9205387199490802,0.9840675336599631,25.955197112414407,0.0,3096.2799264753016,-1.1092991944520207,1.215854589700708,8.255788996352803e-19,-0.11102991944520206
P,0.25,1,0.7767484290486081,0.3118302872638432,0.01701042184838819,0.3118302872638432,0.7767484290486081,18.91258823043458,0.0,1037.4348285027363,-18.20588243306356,1.2549457352554756,8.255788996352803e-19,-1.8206882433063563
P,0.25,1,0.9676238790512693,0.5682918807645553,0.92440130057676,0.5682918807645553,0.9676238790512693,25.309720837058958,0.0,2528.5884269841913,-5.6349410898038785,1.2259439765917792,8.255788996352803e-19,-0.5635941089803879
P,0.25,1,0.9722114894880453,0.5538222292672995,0.9048318548827256,0.5538222292672995,0.9722114894880453,21.245928025438722,0.0,2101.6999392524976,-8.317054767072976,1.2312111248492967,8.255788996352803e-19,-0.8318054767072975
P,0.25,1,0.9899922078814539,0.9253966598008537,0.8956106510372606,0.9253966598008537,0.9899922078814539,27.115760363099064,0.0,3203.9903717151933,-0.4479331377953389,1.2157721995311295,8.255788996352803e-19,-0.044893313779533886
P,0.25,1,0.987140377354839,0.9969270177958035,0.9683305451526227,0.9969270177958035,0.987140377354839,32.40101504769599,0.0,3998.6621904117924,4.342379890519991,1.2060723562822238,8.255788996352803e-19,0.3916
P,0.25,1,0.7886050741446274,0.9206497982604251,0.8660489640039248,0.9206497982604251,0.7886050741446274,30.35958662820264,0.0,3251.93578209649,-1.7071955956943388,1.21473382950765,8.255788996352803e-19,-0.17081955956943387
P,0.25,1,0.9856368870517396,0.9241985436672422,0.8770544219953723,0.9241985436672422,0.9856368870517396,26.377779535830758,0.0,3097.2296016691694,-1.1308257536359434,1.217170179665733,8.255788996352803e-19,-0.11318257536359433
P,0.25,1,0.9060361797237207,0.9926287191404732,0.9066057868132874,0.9926287191404732,0.9060361797237207,30.32373312080796,0.0,3566.022182077839,1.239585196463881,1.2107820038153625,8.255788996352803e-19,0.12385851964638812
P,0.25,1,0.7595077751077841,0.0402628579685792,0.8366890045437524,0.0402628579685792,0.7595077751077841,25.158960455827085,0.0,1532.3255260435405,-14.644854667094995,1.2420344432385635,8.255788996352803e-19,-1.4645854667094995
P,0.25,1,0.9868802276230081,0.9593026249883154,0.6981419026884824,0.9593026249883154,0.9868802276230081,28.550384815996168,0.0,3276.5189676655195,-0.09579981539039785,1.2179119255792685,8.255788996352803e-19,-0.009679981539039786
P,0.25,1,0.7308386922581782,0.9274455067798282,0.8942211457683245,0.9274455067798282,0.7308386922581782,55.74596543271198,0.0,5868.363208889286,10.54546202936133,1.195490480414912,8.255788996352803e-19,0.3916
P,0.25,1,0.027228540669939627,0.8315918545063973,0.8730326302798255,0.8315918545063973,0.027228540669939627,20.255764373464192,0.0,1311.90175942321,-19.606988036431673,1.2331224000949055,8.255788996352803e-19,-1.9607988036431674
P,0.25,1,0.4684678940828483,0.9883666781145132,0.8923192791844451,0.9883666781145132,0.4684678940828483,26.272384955232518,0.0,2499.8098249857617,-8.305400304796809,1.2195361291619147,8.255788996352803e-19,-0.8306400304796808
P,0.25,1,0.8819760238524827,0.9751084213784831,0.42675907498987375,0.9751084213784831,0.8819760238524827,23.521378344739908,0.0,2435.0083343426495,-6.015054104411977,1.2302729621553183,8.255788996352803e-19,-0.6016054104411978
P,0.25,1,0.9416713223847334,0.813762030689675,0.9636994408688891,0.813762030689675,0.9416713223847334,32.39477413385641,0.0,3623.8139919909677,1.251281133610973,1.2117082736320077,8.255788996352803e-19,0.12502811336109731
P,0.25,1,0.5019632000521252,0.5760909237237487,0.9259470349336623,0.5760909237237487,0.5019632000521252,69.50350103749408,0.0,5355.34081309597,3.7668822326112426,1.2058392241964806,8.255788996352803e-19,0.3765882232611243
P,0.25,1,0.8935942675213863,0.9151943025847245,0.6698542188619735,0.9151943025847245,0.8935942675213863,29.43507238221241,0.0,3155.021309702907,-1.6648363263642527,1.2196191754012013,8.255788996352803e-19,-0.16658363263642526
P,0.25,1,0.9419753611060173,0.9377967770291243,0.5314740452655919,0.9377967770291243,0.9419753611060173,27.70858862554757,0.0,2972.451536403129,-2.3885184892721805,1.2236987976701161,8.255788996352803e-19,-0.23895184892721805
P,0.25,1,0.6784908631968334,0.8283017559643111,0.8412149552873776,0.8283017559643111,0.6784908631968334,21.137571230141084,0.0,2037.0278417596487,-10.261404515922084,1.2288460157014376,8.255788996352803e-19,-1.0262404515922083
P,0.25,1,0.27293262375685945,0.9927532727633862,0.7467358021440054,0.9927532727633862,0.27293262375685945,29.066785008830486,0.0,2382.101217626052,-10.439133757249808,1.221662835623513,8.255788996352803e-19,-1.0440133757249808
P,0.25,1,0.9155434503372749,0.8638294255711908,0.9608833944669751,0.8638294255711908,0.9155434503372749,25.523460608064784,0.0,2883.9144119559687,-3.0491341811192676,1.218304931924969,8.255788996352803e-19,-0.3050134181119267
P,0.25,1,0.4044888333703218,0.7064459424740398,0.8381781773411734,0.7064459424740398,0.4044888333703218,26.931512279692704,0.0,2060.2928247703608,-12.212037645304788,1.2275191891118975,8.255788996352803e-19,-1.2213037645304787
P,0.25,1,0.9036314140438272,0.8492807422208517,0.5016345325266117,0.8492807422208517,0.9036314140438272,25.30858375148537,0.0,2535.577695268246,-5.527386630406226,1.2293612447439117,8.255788996352803e-19,-0.5528386630406226
P,0.25,1,0.6726020118901909,0.9667578069142689,0.7994728817456955,0.9667578069142689,0.6726020118901909,21.144282623434705,0.0,2155.7613805502797,-9.259753962405927,1.2268944457259374,8.255788996352803e-19,-0.9260753962405927
P,0.25,1,0.9893364635492874,0.9957669198551556,0.5955196133710017,0.9957669198551556,0.9893364635492874,25.782875377805237,0.0,2942.938856733396,-1.9954197399045324,1.222567519971714,8.255788996352803e-19,-0.19964197399045322
P,0.25,1,0.9521451862421293,0.9920578574209525,0.9162179367697447,0.9920578574209525,0.9521451862421293,30.869044874912177,0.0,3707.8538651724434,2.3943387431761596,1.2095256129624685,8.255788996352803e-19,0.23933387431761596
P,0.25,1,0.022827095012492027,0.9449766496300905,0.5461404039155322,0.9449766496300905,0.022827095012492027,29.976238498475148,0.0,1859.8366684918083,-15.606077314879293,1.2292635867401565,8.255788996352803e-19,-1.5607077314879292
P,0.25,1,0.9651435929545874,0.9969688030495218,0.8651958113476212,0.9969688030495218,0.9651435929545874,29.507090792900236,0.0,3533.046714715195,1.4750405228842483,1.2120521041131298,8.255788996352803e-19,0.14740405228842485
P,0.25,1,0.38894064955595975,0.46610216313616504,0.7326643939492342,0.46610216313616504,0.38894064955595975,22.432125823684125,0.0,1369.9018947373888,-17.335479395168033,1.2393098998607206,8.255788996352803e-19,-1.7336479395168034
P,0.25,1,0.9775444018652044,0.9153729511630244,0.99556222874319,0.9153729511630244,0.9775444018652044,32.73657754035584,0.0,3913.1642876822098,3.525746227945616,1.2073947268291432,8.255788996352803e-19,0.3524746227945616
P,0.25,1,0.988298470269882,0.7108082430639321,0.9989639824364451,0.7108082430639321,0.988298470269882,25.564021795723413,0.0,2810.238478149979,-3.356994044195101,1.2204532828659636,8.255788996352803e-19,-0.3357994044195101
P,0.25,1,0.961137147245982,0.9676984412056624,0.8925216435878369,0.9676984412056624,0.961137147245982,27.834705887240485,0.0,3305.5055016512956,0.0604835062459571,1.2141619053073516,8.255788996352803e-19,0.00594835062459571
P,0.25,1,0.939351274137523,0.9376315844004207,0.5988230539265171,0.9376315844004207,0.939351274137523,32.87329770596317,0.0,3577.2630280083895,1.0121675634501852,1.2169788975186857,8.255788996352803e-19,0.10111675634501853
P,0.25,1,0.980766697192021,0.9460224914956324,0.8078730589808927,0.9460224914956324,0.980766697192021,26.587521707621796,0.0,3098.4110313286315,-1.14036947776055,1.2180105449895446,8.255788996352803e-19,-0.11413694777605499
P,0.25,1,0.9656419780056702,0.9680281486515513,0.8939429850037232,0.9680281486515513,0.9656419780056702,27.543465905941144,0.0,3278.556063578636,-0.06265750745160686,1.214431136204384,8.255788996352803e-19,-0.0063657507451606865
P,0.25,1,0.9892817182151493,0.9922218312128629,0.6584081789875347,0.9922218312128629,0.9892817182151493,26.338414804721722,0.0,3043.018814318049,-1.3698649904260756,1.2205570320993215,8.255788996352803e-19,-0.13708649904260756
P,0.25,1,0.3022788748454561,0.4529720101689906,0.7126262401302844,0.4529720101689906,0.3022788748454561,21.2016027991343,0.0,1178.3469260756171,-19.244350398316474,1.2415421400263473,8.255788996352803e-19,-1.9245350398316474
P,0.25,1,0.8893176298482265,0.9508743163871884,0.46615011043966315,0.9508743163871884,0.8893176298482265,30.350696388750585,0.0,3146.254864699175,-1.8245734201631583,1.2227436179465525,8.255788996352803e-19,-0.18255734201631582
P,0.25,1,0.890564336434511,0.9742616382085405,0.2683418101446894,0.9742616382085405,0.890564336434511,28.668670260508343,0.0,2865.4291198172873,-3.4966632555796573,1.227713067835444,8.255788996352803e-19,-0.3497663255579657
P,0.25,1,0.9982523236078148,0.9615260225256531,0.7700127768967405,0.9615260225256531,0.9982523236078148,28.56165690277821,0.0,3348.546854999917,0.4711053668725064,1.216037413347969,8.255788996352803e-19,0.047010536687250644
P,0.25,1,0.4664525197762899,0.9974325504748748,0.9051511017685019,0.9974325504748748,0.4664525197762899,25.575621493448985,0.0,2450.7335726629763,-8.608893600230148,1.2198380273114136,8.255788996352803e-19,-0.8609893600230147
P,0.25,1,0.9986076926802075,0.231614896087449,0.9735053602149869,0.231614896087449,0.9986076926802075,25.847714322960023,0.0,2218.994312473618,-8.17076851668803,1.2320564687269602,8.255788996352803e-19,-0.8171768516688029
P,0.25,1,0.9934508928394311,0.9696453070942158,0.9226779803077617,0.9696453070942158,0.9934508928394311,26.981731569519084,0.0,3270.7729753318827,0.1199741164382814,1.2142028777259946,8.255788996352803e-19,0.01189741164382814
P,0.25,1,0.2063767610058207,0.39776685996391636,0.8937433033699423,0.39776685996391636,0.2063767610058207,26.38002688346861,0.0,1386.2905573783646,-18.542886062585985,1.2357925397272296,8.255788996352803e-19,-1.8543886062585986
P,0.25,1,0.9572844567438402,0.9557247382984622,0.7754031461675236,0.9557247382984622,0.9572844567438402,28.602141855234642,0.0,3290.2627878903777,-0.18599129566893996,1.2163729688169238,8.255788996352803e-19,-0.018699129566893995
P,0.25,1,0.14182355009891734,0.9874172727066434,0.7706464326080452,0.9874172727066434,0.14182355009891734,25.26717420109028,0.0,1913.4376707444378,-14.339465616973222,1.2259507413921233,8.255788996352803e-19,-1.4340465616973221
P,0.25,1,0.9946105670075378,0.9562240470621669,0.8122329473747657,0.9562240470621669,0.9946105670075378,28.23928391683319,0.0,3327.930547263061,0.34293008841608974,1.2155906546371484,8.255788996352803e-19,0.034193008841608974
P,0.25,1,0.9536935925780422,0.9435707322483037,0.8089547352475861,0.9435707322483037,0.9536935925780422,30.2288203927954,0.0,3478.9468105842075,0.8480763240641798,1.2141338917399667,8.255788996352803e-19,0.08470763240641797
P,0.25,1,0.9588501568414547,0.9507598272782088,0.9195331782419274,0.9507598272782088,0.9588501568414547,28.37203662317802,0.0,3361.201945504156,0.33727014235757796,1.213334464814742,8.255788996352803e-19,0.0336270142357578
P,0.25,1,0.7624603979425972,0.813762030689675,0.9073322957557632,0.813762030689675,0.7624603979425972,26.519635974623856,0.0,2691.5953059048343,-5.482388555636446,1.2207782577671562,8.255788996352803e-19,-0.5483388555636446
P,0.25,1,0.8513333912583927,0.9579140031572536,0.43567585746936754,0.9579140031572536,0.8513333912583927,30.08434904280999,0.0,3049.177120060591,-2.6632840305071865,1.2238980161484583,8.255788996352803e-19,-0.26642840305071863
P,0.25,1,0.8819760238524827,0.9712103481666444,0.9741826044091882,0.9712103481666444,0.8819760238524827,26.51831153675719,0.0,3103.0106223791095,-1.6624008671200132,1.2144496900410768,8.255788996352803e-19,-0.16634008671200132
P,0.25,1,0.8571217690814148,0.9997212215181912,0.7246171482397001,0.9997212215181912,0.8571217690814148,25.419874197858427,0.0,2820.527680057463,-3.6193358425486437,1.221029249827995,8.255788996352803e-19,-0.36203358425486437
P,0.25,1,0.7375436062797656,0.965598235761057,0.44759222117236797,0.965598235761057,0.7375436062797656,20.735824122967195,0.0,1997.8323240772047,-9.880665818638045,1.2343221125780461,8.255788996352803e-19,-0.9881665818638045
P,0.25,1,0.9403212884749131,0.9871936952675504,0.7940570487695515,0.9871936952675504,0.9403212884749131,26.200762083875873,0.0,3045.2405705029987,-1.6476905549638878,1.2181399751907853,8.255788996352803e-19,-0.16486905549638878
P,0.25,1,0.8633450302416475,0.9987282609289513,0.9197199732050774,0.9987282609289513,0.8633450302416475,26.080666662902875,0.0,3027.8783915551335,-2.209764790551498,1.215742160343768,8.255788996352803e-19,-0.22107647905514977
P,0.25,1,0.4611892567048097,0.9993285926984583,0.8116409753907353,0.9993285926984583,0.4611892567048097,28.037888304213233,0.0,2616.40929167213,-7.636980109594122,1.2193077279999842,8.255788996352803e-19,-0.7637980109594122
P,0.25,1,0.9811372252309397,0.9568143166399802,0.6328841578060483,0.9568143166399802,0.9811372252309397,32.07624036247137,0.0,3615.623582578358,1.6662337047208968,1.2159383051944297,8.255788996352803e-19,0.1665233704720897
P,0.25,1,0.3744800114568305,0.7919962685414853,0.6790107096193055,0.7919962685414853,0.3744800114568305,20.64803325754596,0.0,1554.7779440384188,-15.643506965536927,1.2353824787963616,8.255788996352803e-19,-1.5644506965536926
P,0.25,1,0.9155434503372749,0.9138002225295414,0.8688586459318454,0.9138002225295414,0.9155434503372749,25.63968642177454,0.0,2902.1214871616276,-2.852567865593019,1.2190721182726887,8.255788996352803e-19,-0.2853567865593019
P,0.25,1,0.6291845509451912,0.9957669198551556,0.9497435084558683,0.9957669198551556,0.6291845509451912,25.494728959017323,0.0,2676.721199197283,-6.039836613964879,1.2177154445359997,8.255788996352803e-19,-0.604083661396488
P,0.25,1,0.6535929823724651,0.9750945257707707,0.8647261527831944,0.9750945257707707,0.6535929823724651,26.223527148439253,0.0,2702.40079789279,-5.79195025852396,1.2190791297726766,8.255788996352803e-19,-0.5792950258523961
P,0.25,1,0.9875710385850797,0.9464036747491055,0.5263148338500924,0.9464036747491055,0.9875710385850797,29.507090792900236,0.0,3241.548862577872,-0.4900179617738975,1.22132656828142,8.255788996352803e-19,-0.04910179617738975
P,0.25,1,0.9870862090243275,0.9986619911652694,0.9159326696249426,0.9986619911652694,0.9870862090243275,27.83439712639062,0.0,3400.9660415390276,0.9229102927740125,1.2126143654190555,8.255788996352803e-19,0.09219102927740125
P,0.25,1,0.9981226870051357,0.9153729511630244,0.8796088765169633,0.9153729511630244,0.9981226870051357,26.730017560959475,0.0,3145.1876184545704,-0.7765502097367587,1.2168019625157245,8.255788996352803e-19,-0.07775502097367587
P,0.25,1,0.9306572764890079,0.5041315772966446,0.7071384651651041,0.5041315772966446,0.9306572764890079,25.978748994729095,0.0,2322.9652919226824,-7.445333708807672,1.2320400138541676,8.255788996352803e-19,-0.7446333708807672
P,0.25,1,0.9949812708159037,0.8207253005702141,0.9264452959129382,0.8207253005702141,0.9949812708159037,26.106290142291357,0.0,2974.719370695156,-2.0565867913490528,1.2187878730166144,8.255788996352803e-19,-0.20575867913490525
P,0.25,1,0.9616481235687785,0.8690912763308771,0.9644909862835058,0.8690912763308771,0.9616481235687785,30.177228769975706,0.0,3489.9737129404184,0.8670572067120981,1.2123039815011694,8.255788996352803e-19,0.08660572067120981
P,0.25,1,0.9919649817242092,0.9676984412056624,0.7525074001461329,0.9676984412056624,0.9919649817242092,27.834705887240485,0.0,3250.9783047877863,-0.1340786665530989,1.2171885576636197,8.255788996352803e-19,-0.013507866655309892
P,0.25,1,0.3782233742431136,0.9862844885440614,0.962169738469933,0.9862844885440614,0.3782233742431136,26.026930684898453,0.0,2401.7557054446324,-9.527911785692961,1.2189833796496994,8.255788996352803e-19,-0.9528911785692961
P,0.25,1,0.3101742513474993,0.9441095518472223,0.9957468689957371,0.9441095518472223,0.3101742513474993,24.227875287012136,0.0,2122.5523519025874,-11.904455996408508,1.2217999736550367,8.255788996352803e-19,-1.1905455996408507
P,0.25,1,0.9547823123427119,0.9434080292355218,0.5682863561962695,0.9434080292355218,0.9547823123427119,32.46262382541916,0.0,3542.2136055428464,0.9316061458011583,1.217819188762293,8.255788996352803e-19,0.09306061458011583
P,0.25,1,0.5986172478042378,0.9965972541407623,0.6835656675122426,0.9965972541407623,0.5986172478042378,25.065955852928123,0.0,2427.6344851961853,-7.920882682063951,1.2244170526982487,8.255788996352803e-19,-0.7921882682063951
P,0.25,1,0.6405659497800453,0.9830537445645641,0.9876710873809877,0.9830537445645641,0.6405659497800453,25.945635072087537,0.0,2746.936044376952,-5.533142396854204,1.2165116589872147,8.255788996352803e-19,-0.5534142396854205
P,0.25,1,0.9030422504292847,0.04619183179695163,0.8498392689457985,0.04619183179695163,0.9030422504292847,27.747244905484948,0.0,1906.4489857516648,-11.385364518130677,1.2388504828389424,8.255788996352803e-19,-1.1386364518130676
P,0.25,1,0.9505067422611462,0.9598717262354414,0.8863783238142259,0.9598717262354414,0.9505067422611462,28.343948996043178,0.0,3335.470043745034,0.1278726592418124,1.21399089614569,8.255788996352803e-19,0.01268726592418124
P,0.25,1,0.7402020687524227,0.9760431996867778,0.9428895845723478,0.9760431996867778,0.7402020687524227,26.523081671214243,0.0,2901.2141075961376,-3.911950809973363,1.2161939950340854,8.255788996352803e-19,-0.3912950809973363
P,0.25,1,0.9919614377341666,0.9969270177958035,0.894103692901159,0.9969270177958035,0.9919614377341666,27.367820905227582,0.0,3333.3188960214834,0.5400851751788682,1.2137109364939014,8.255788996352803e-19,0.05390851751788682
P,0.25,1,0.9766021373779288,0.6184980981682056,0.8723195288074591,0.6184980981682056,0.9766021373779288,26.916226112366793,0.0,2733.692672582835,-4.241004830932878,1.2241988693700439,8.255788996352803e-19,-0.42420048309328784
P,0.25,1,0.9786541221960676,0.8812581976481874,0.9843189787697998,0.8812581976481874,0.9786541221960676,26.52444795909772,0.0,3119.370314997978,-1.1047500141226856,1.2156122203125628,8.255788996352803e-19,-0.11057500141226854
P,0.25,1,0.9736587011204213,0.968055220209073,0.8948438321651125,0.968055220209073,0.9736587011204213,27.715440128163426,0.0,3310.7975629921634,0.18687911721546407,1.2141480114044376,8.255788996352803e-19,0.018587911721546408
P,0.25,1,0.9844427511329037,0.5368862120156389,0.8937433033699423,0.5368862120156389,0.9844427511329037,26.247664062254938,0.0,2583.0334272636846,-5.294029517759515,1.226307853825472,8.255788996352803e-19,-0.5295029517759515
P,0.25,1,0.9060361797237207,0.2919379498035648,0.9429688186195087,0.2919379498035648,0.9060361797237207,30.32373312080796,0.0,2531.2107593974206,-6.95381952994999,1.228494445454059,8.255788996352803e-19,-0.695481952994999
P,0.25,1,0.9272601328887643,0.9925845009609073,0.9385462608541222,0.9925845009609073,0.9272601328887643,25.669813490127602,0.0,3066.4103707467184,-1.5226914526792246,1.2154951496362147,8.255788996352803e-19,-0.15236914526792245
P,0.25,1,0.28705146151137684,0.985104941163047,0.87559651319403,0.985104941163047,0.28705146151137684,23.36165302118205,0.0,1997.368371592646,-12.841686266947091,1.2246718786041886,8.255788996352803e-19,-1.284268626694709
P,0.25,1,0.9730431615381733,0.9740413206435312,0.8277250250772127,0.9740413206435312,0.9730431615381733,26.382502092478255,0.0,3114.384451421943,-1.0101533556661035,1.2171921589523116,8.255788996352803e-19,-0.10111533556661034
P,0.25,1,0.22108855095382185,0.9999494628158491,0.6540921210088284,0.9999494628158491,0.22108855095382185,24.92229735484157,0.0,1929.0905814676696,-13.710916021426561,1.2280265054105148,8.255788996352803e-19,-1.371191602142656
P,0.25,1,0.9480200555165705,0.9604901867415923,0.7546685535057147,0.9604901867415923,0.9480200555165705,28.44847955250347,0.0,3251.4400529643567,-0.4811648050395566,1.2170052900005102,8.255788996352803e-19,-0.04821648050395566
P,0.25,1,0.9843959594418048,0.9751084213784831,0.9786932611765035,0.9751084213784831,0.9843959594418048,26.83048893443718,0.0,3285.1934981841055,0.1910738624587426,1.213024650392719,8.255788996352803e-19,0.01900738624587426
P,0.25,1,0.9400774860979401,0.9905163210924557,0.6029876657394195,0.9905163210924557,0.9400774860979401,32.79057320371881,0.0,3659.571657925342,1.6718511881137403,1.2154648667283714,8.255788996352803e-19,0.16708511881137406
P,0.25,1,0.9867292876272084,0.9845198822698029,0.7994728817456955,0.9845198822698029,0.9867292876272084,28.037888304213233,0.0,3323.8714862831052,0.3388446841378611,1.2154630635104509,8.255788996352803e-19,0.033784468413786115
P,0.25,1,0.9454339611158928,0.9483184626971366,0.7175426500154833,0.9483184626971366,0.9454339611158928,32.67858511651778,0.0,3680.4644526408647,1.8046758702131016,1.2138281836112892,8.255788996352803e-19,0.18036758702131017
P,0.25,1,0.9900827529536773,0.960637948252123,0.8675050785888521,0.960637948252123,0.9900827529536773,26.82602341753617,0.0,3198.296749407371,-0.39742314617352476,1.2159086101421241,8.255788996352803e-19,-0.03984231461735248
P,0.25,1,0.9846022704093326,0.98420083296672,0.7461739244337199,0.98420083296672,0.9846022704093326,26.931512279692704,0.0,3153.532052960294,-0.7148796314716859,1.218064392442066,8.255788996352803e-19,-0.07158796314716859
P,0.25,1,0.9654493304272486,0.9729766287832833,0.9100593283018895,0.9729766287832833,0.9654493304272486,27.516122925368247,0.0,3292.9309574414137,0.046652241921657914,1.2139639026353697,8.255788996352803e-19,0.004565224192165792
P,0.25,1,0.975080465046571,0.9753146933530188,0.9153749336357963,0.9753146933530188,0.975080465046571,27.030565616105417,0.0,3254.591770497235,-0.09934511693176935,1.2143045450943866,8.255788996352803e-19,-0.010034511693176935
P,0.25,1,0.9945261434581775,0.985476325705916,0.9427261232406167,0.985476325705916,0.9945261434581775,27.129761685120044,0.0,3325.2481326649313,0.5105602155830977,1.2131421498807702,8.255788996352803e-19,0.05095602155830977
P,0.25,1,0.987837755728474,0.9536003038787192,0.8038164677126216,0.9536003038787192,0.987837755728474,28.18025795102075,0.0,3301.8051509184957,0.12616614797167094,1.2159776628250296,8.255788996352803e-19,0.012516614797167095
P,0.25,1,0.988607996023157,0.2409109002807407,0.9162179367697447,0.2409109002807407,0.988607996023157,25.29938438191126,0.0,2134.7973021192656,-8.74853499064542,1.2336728065941105,8.255788996352803e-19,-0.8749534990645419
P,0.25,1,0.9926340017486621,0.42242624706580767,0.7095509134778917,0.42242624706580767,0.9926340017486621,25.12409050978084,0.0,2223.2756226882925,-7.802071238078915,1.2341931176281484,8.255788996352803e-19,-0.7803071238078915
P,0.25,1,0.961137147245982,0.7744851446977965,0.817369875786865,0.7744851446977965,0.961137147245982,23.42559133940698,0.0,2511.583243615117,-5.31317471025589,1.2257933331237671,8.255788996352803e-19,-0.531417471025589
P,0.25,1,0.9524306156251582,0.9957170563896146,0.00885116712713696,0.9957170563896146,0.9524306156251582,24.687412000980167,0.0,2410.1990211278826,-5.787113123302065,1.2330413344574755,8.255788996352803e-19,-0.5788113123302066
P,0.25,1,0.7739498245881086,0.5051875592645246,0.99556222874319,0.5051875592645246,0.7739498245881086,26.18450992484831,0.0,2326.3870026199425,-8.400052287370626,1.2264794982797624,8.255788996352803e-19,-0.8401052287370625
P,0.25,1,0.19748363726517804,0.7235614351775899,0.7142922421277507,0.7235614351775899,0.19748363726517804,20.707243337255,0.0,1323.3908037739227,-18.523763446581444,1.237063392994763,8.255788996352803e-19,-1.8524763446581445
P,0.25,1,0.9397767062939392,0.9306060942720638,0.4867260793830107,0.9306060942720638,0.9397767062939392,33.46082395487051,0.0,3536.383872309817,0.6223085045305751,1.2194765579623903,8.255788996352803e-19,0.06213085045305751
P,0.25,1,0.9719211304177973,0.9681576528510536,0.17055934153807772,0.9681576528510536,0.9719211304177973,26.74322538685656,0.0,2708.2308812755327,-3.8722735010205387,1.2299163491246146,8.255788996352803e-19,-0.3873273501020539
P,0.25,1,0.4194022741808051,0.9990458684374321,0.858266177059917,0.9990458684374321,0.4194022741808051,24.834057526174867,0.0,2294.146928930764,-9.952495192116936,1.222070198825789,8.255788996352803e-19,-0.9953495192116936
P,0.25,1,0.9869845464818153,0.985714993887789,0.9665062364783036,0.985714993887789,0.9869845464818153,26.760743704941458,0.0,3286.1559824249257,0.23801734338847924,1.2131096441884515,8.255788996352803e-19,0.023701734338847924
P,0.25,1,0.07770998275245444,0.9205387199490802,0.6584081789875347,0.9205387199490802,0.07770998275245444,26.077514109573997,0.0,1730.8334459133193,-16.11078434479535,1.2298353625783607,8.255788996352803e-19,-1.611178434479535
P,0.25,1,0.24647780084004534,0.9921038565543601,0.8915131340551908,0.9921038565543601,0.24647780084004534,25.482507257837163,0.0,2146.05805142431,-12.080491460484895,1.2220978811655439,8.255788996352803e-19,-1.2081491460484894
P,0.25,1,0.9514158466330103,0.9253966598008537,0.6156958272189421,0.9253966598008537,0.9514158466330103,33.50785530288745,0.0,3660.164262037869,1.5207400073092059,1.2161842196928072,8.255788996352803e-19,0.1519740007309206
P,0.25,1,0.9656058816065198,0.9911260843120149,0.8729862620889701,0.9911260843120149,0.9656058816065198,25.29822107501005,0.0,3027.2168792616426,-1.5234900031963179,1.2171904343855822,8.255788996352803e-19,-0.15244900031963177
P,0.25,1,0.03857861742280344,0.8147732609970347,0.8551334852657881,0.8147732609970347,0.03857861742280344,27.747244905484948,0.0,1777.0981341173112,-16.219644450730076,1.2268080350497126,8.255788996352803e-19,-1.6220644450730077
P,0.25,1,0.923305924567513,0.9206497982604251,0.091137313419966,0.9206497982604251,0.923305924567513,25.12366408466562,0.0,2373.588789564848,-6.385788704296529,1.2339401580515275,8.255788996352803e-19,-0.638678870429653
P,0.25,1,0.9730874590107048,0.968742044953512,0.7754031461675236,0.968742044953512,0.9730874590107048,28.602141855234642,0.0,3331.478916095191,0.21145689890050554,1.2159020803249871,8.255788996352803e-19,0.021045689890050553
P,0.25,1,0.9993606219491713,0.9989890508444148,0.9226779803077617,0.9989890508444148,0.9993606219491713,26.981731569519084,0.0,3318.332962411893,0.5306694821568834,1.2134331672766605,8.255788996352803e-19,0.052966948215688335
P,0.25,1,0.9895658246091462,0.9974179843597183,0.3680777092749027,0.9974179843597183,0.9895658246091462,28.801245994535307,0.0,3126.4078897118393,-1.09629064558639,1.2244973748498529,8.255788996352803e-19,-0.10972906455863898
P,0.25,1,0.9989940468949425,0.17080490544715643,0.8456197645902144,0.17080490544715643,0.9989940468949425,27.33072487854107,0.0,2176.3576949301696,-8.70896004529089,1.2353085996232913,8.255788996352803e-19,-0.870996004529089
P,0.25,1,0.9967940194905439,0.9435707322483037,0.9010296413149175,0.9435707322483037,0.9967940194905439,28.90527079450358,0.0,3455.451073858108,1.1270581417571763,1.2130029394169608,8.255788996352803e-19,0.11260581417571765
P,0.25,1,0.9730431615381733,0.9740413206435312,0.8818999969930186,0.9740413206435312,0.9730431615381733,28.250327109002747,0.0,3373.1377613368522,0.5549496027190358,1.2136542095205525,8.255788996352803e-19,0.05539496027190358
P,0.25,1,0.6097678455758291,0.9951238216311346,0.7706464326080452,0.9951238216311346,0.6097678455758291,30.32373312080796,0.0,3017.537249032353,-4.223643343353748,1.2167712638701251,8.255788996352803e-19,-0.42246433433537484
P,0.25,1,0.06185078998043647,0.9959112023987506,0.9510927152065686,0.9959112023987506,0.06185078998043647,25.890748903023074,0.0,1984.9250740152393,-14.332918990884012,1.2216625212405934,8.255788996352803e-19,-1.4333918990884011
P,0.25,1,0.994801041264841,0.985104941163047,0.5424818707500696,0.985104941163047,0.994801041264841,24.583068714102673,0.0,2767.0049682944846,-3.077103323464842,1.2254185729237725,8.255788996352803e-19,-0.3078103323464842
P,0.25,1,0.989244294999146,0.02818171391685853,0.46275095091300544,0.02818171391685853,0.989244294999146,23.979732372514427,0.0,1497.296269082574,-13.49587938430619,1.2496031944711328,8.255788996352803e-19,-1.349687938430619
P,0.25,1,0.9548138483897577,0.8506370750191692,0.9231319915004512,0.8506370750191692,0.9548138483897577,31.128753241390683,0.0,3528.4705135281492,0.92187136924536,1.2128577358974029,8.255788996352803e-19,0.09208713692453599
P,0.25,1,0.9843959594418048,0.9938143486877304,0.9935466686401241,0.9938143486877304,0.9843959594418048,26.399812429685653,0.0,3266.955196360478,0.1423163206315578,1.2127947450765773,8.255788996352803e-19,0.01413163206315578
P,0.25,1,0.9944246592089889,0.9476821510957779,0.6500430973378006,0.9476821510957779,0.9944246592089889,29.667172502976904,0.0,3362.9644056031366,0.36781700169214315,1.2180950050574795,8.255788996352803e-19,0.036681700169214314
P,0.25,1,0.9867292876272084,0.6040067053146064,0.7994728817456955,0.6040067053146064,0.9867292876272084,25.096325605834878,0.0,2497.677215422569,-5.6512137485617835,1.2279978696131553,8.255788996352803e-19,-0.5652213748561784
P,0.25,1,0.9654493304272486,0.9308303105420209,0.8473541177248917,0.9308303105420209,0.9654493304272486,27.80220483410545,0.0,3224.995568748832,-0.5241834659987323,1.216146876682777,8.255788996352803e-19,-0.052518346599873235
P,0.25,1,0.9901938721964314,0.3341366881170996,0.9467962693322592,0.3341366881170996,0.9901938721964314,26.12582017686926,0.0,2348.3568305918234,-7.191479841472103,1.230035964791411,8.255788996352803e-19,-0.7192479841472104
P,0.25,1,0.9609964400668489,0.8665224233096646,0.7175426500154833,0.8665224233096646,0.9609964400668489,29.068968614002767,0.0,3177.6600433622057,-1.1431131702849582,1.2195033880830632,8.255788996352803e-19,-0.1144113170284958
P,0.25,1,0.9155434503372749,0.984171927546016,0.7762820164343982,0.984171927546016,0.9155434503372749,35.58530257609156,0.0,4070.703087501464,3.8510670005031664,1.2088516598118348,8.255788996352803e-19,0.3850067000503167
P,0.25,1,0.9946975994257157,0.9930326289155679,0.9162179367697447,0.9930326289155679,0.9946975994257157,26.56866839651213,0.0,3249.1345284504423,0.06231116261712669,1.2142806881955488,8.255788996352803e-19,0.00613111626171267
P,0.25,1,0.9947175994257157,0.9930326289155679,0.9162179367697447,0.9930326289155679,0.9947175994257157,26.56866839651213,0.0,3249.161097118838,0.06261631742800171,1.2142805260708864,8.255788996352803e-19,0.006161631742800171
P,0.25,1,0.9946975994257157,0.9930526289155679,0.9162179367697447,0.9930526289155679,0.9946975994257157,26.56866839651213,0.0,3249.161097118838,0.0625265045449258,1.2142802017578818,8.255788996352803e-19,0.00615265045449258
P,0.25,1,0.9946975994257157,0.9930326289155679,0.9162379367697447,0.9930326289155679,0.9946975994257157,26.56866839651213,0.0,3249.1478127846403,0.06240291973880665,1.2142802276684945,8.255788996352803e-19,0.0061402919738806645
P,0.25,1,0.9946975994257157,0.9930326289155679,0.9162179367697447,0.9930326289155679,0.9946975994257157,26.570668396512133,0.0,3249.379112370115,0.06377924831521699,1.2142782954348847,8.255788996352803e-19,0.0062779248315216985
P,0.25,1,1.0,1.0,1.0,1.0,1.0,25.749081065658586,0.0,3218.635133207323,-0.018682697041916427,1.2132572621018762,8.255788996352803e-19,-0.001968269704191643
P,0.25,1,0.99998,1.0,1.0,1.0,0.99998,25.749081065658586,0.0,3218.6093841262577,-0.018983903591584233,1.2132574188281282,8.255788996352803e-19,-0.0019983903591584236
P,0.25,1,1.0,0.99998,1.0,0.99998,1.0,25.749081065658586,0.0,3218.6093841262577,-0.01889256286371482,1.213257737910512,8.255788996352803e-19,-0.001989256286371482
P,0.25,1,1.0,1.0,0.99998,1.0,1.0,25.749081065658586,0.0,3218.6222586667905,-0.018771448608794747,1.2132577162843055,8.255788996352803e-19,-0.0019771448608794746
P,0.25,1,1.0,1.0,1.0,1.0,1.0,25.75108106565859,0.0,3218.8851332073236,-0.017154668422147624,1.213234505391055,8.255788996352803e-19,-0.0018154668422147625
P,0.25,1,1.0,1.0,1.0,1.0,1.0,25.774843275593934,0.0,3221.855409449242,0.001030920401533779,1.213199985605205,8.255788996352803e-19,3.092040153377892e-06
P,0.25,1,0.99998,1.0,1.0,1.0,0.99998,25.774843275593934,0.0,3221.829634605966,0.0007295887775556974,1.2132001426067112,8.255788996352803e-19,-2.7041122244430257e-05
P,0.25,1,1.0,0.99998,1.0,0.99998,1.0,25.774843275593934,0.0,3221.829634605966,0.0008208806770567164,1.2132004619596841,8.255788996352803e-19,-1.7911932294328358e-05
P,0.25,1,1.0,1.0,0.99998,1.0,1.0,25.774843275593934,0.0,3221.842522027604,0.0009420734075884777,1.2132004401141567,8.255788996352803e-19,-5.792659241152232e-06
P,0.25,1,1.0,1.0,1.0,1.0,1.0,25.776843275593937,0.0,3222.105409449242,0.0025607887760553867,1.2131974398963503,8.255788996352803e-19,0.00015607887760553867
P,0.25,1,0.9999999999997927,0.99999999999945,0.9999999999944299,0.99999999999945,0.9999999999997927,25.774802853235983,0.0,3221.850356649933,0.0009999987050111705,1.2132000370933267,8.255788996352803e-19,-1.2949888294946226e-10
P,0.25,1,0.9999799999997927,0.99999999999945,0.9999999999944299,0.99999999999945,0.9999799999997927,25.774802853235983,0.0,3221.8245818470796,0.0006986672772683936,1.2132001940945862,8.255788996352803e-19,-3.013327227316064e-05
P,0.25,1,0.9999999999997927,0.99997999999945,0.9999999999944299,0.99997999999945,0.9999999999997927,25.774802853235983,0.0,3221.8245818470796,0.0007899592533236905,1.213200513447317,8.255788996352803e-19,-2.1004074667630952e-05
P,0.25,1,0.9999999999997927,0.99999999999945,0.9999799999944299,0.99999999999945,0.9999999999997927,25.774802853235983,0.0,3221.8374692485063,0.0009111518607561743,1.213200491601987,8.255788996352803e-19,-8.884813924382577e-06
P,0.25,1,0.9999999999997927,0.99999999999945,0.9999999999944299,0.99999999999945,0.9999999999997927,25.776802853235985,0.0,3222.100356649933,0.0025298694697674746,1.2131974913158223,8.255788996352803e-19,0.00015298694697674745
P,0.1,2,1.0,1.0,1.0,1.0,1.0,25.774802851761013,0.0,3221.850356470127,0.029177946538652636,1.2131217865040653,5.034192681860758e-19,0.0028177946538652634
P,0.1,2,0.99998,1.0,1.0,1.0,1.0,25.774802851761013,0.0,3221.8374690687006,0.028887461396637684,1.2131218651220006,5.034192681860758e-19,0.0027887461396637683
P,0.1,2,1.0,0.99998,1.0,1.0,1.0,25.774802851761013,0.0,3221.8374690687006,0.02900733755940657,1.2131220250833081,5.034192681860758e-19,0.002800733755940657
P,0.1,2,1.0,1.0,0.99998,1.0,1.0,25.774802851761013,0.0,3221.8374690687006,0.029088953926053977,1.2131222415375942,5.034192681860758e-19,0.0028088953926053975
P,0.1,2,1.0,1.0,1.0,0.99998,1.0,25.774802851761013,0.0,3221.8374690687006,0.02900733755935777,1.2131220250833081,5.034192681860758e-19,0.0028007337559357768
P,0.1,2,1.0,1.0,1.0,1.0,0.99998,25.774802851761013,0.0,3221.8374690687006,0.028887461396650747,1.2131218651220006,5.034192681860758e-19,0.0027887461396650746
P,0.1,2,1.0,1.0,1.0,1.0,1.0,25.776802851761015,0.0,3222.100356470127,0.030703449860586447,1.2131192706367318,5.034192681860758e-19,0.0029703449860586447
P,0.1,2,0.9999999999999863,1.0,1.0,1.0,1.0,25.737860360544328,0.0,3217.232545068032,0.0009789590653516737,1.2131683334526633,5.034192681860758e-19,-2.1040934648326346e-06
P,0.1,2,0.9999799999999863,1.0,1.0,1.0,1.0,25.737860360544328,0.0,3217.2196761378523,0.0006886198993125318,1.2131684119586048,5.034192681860758e-19,-3.113801006874682e-05
P,0.1,2,0.9999999999999863,0.99998,1.0,1.0,1.0,25.737860360544328,0.0,3217.2196761378523,0.0008085117946832804,1.2131685718105698,5.034192681860758e-19,-1.9148820531671966e-05
P,0.1,2,0.9999999999999863,1.0,0.99998,1.0,1.0,25.737860360544328,0.0,3217.2196761378523,0.0008901031205197382,1.213168788221836,5.034192681860758e-19,-1.0989687948026178e-05
P,0.1,2,0.9999999999999863,1.0,1.0,0.99998,1.0,25.737860360544328,0.0,3217.2196761378523,0.000808511794833607,1.2131685718105698,5.034192681860758e-19,-1.9148820516639306e-05
P,0.1,2,0.9999999999999863,1.0,1.0,1.0,0.99998,25.737860360544328,0.0,3217.2196761378523,0.000688619899578467,1.2131684119586035,5.034192681860758e-19,-3.1138010042153306e-05
P,0.1,2,0.9999999999999863,1.0,1.0,1.0,1.0,25.73986036054433,0.0,3217.4825450680323,0.00250662557103294,1.213165809003187,5.034192681860758e-19,0.00015066255710329397
P,0.1,2,0.9999999999999988,0.9999999999999958,0.999999999999997,0.9999999999999961,0.999999999999996,25.737887907046474,0.0,3217.235988380799,0.001000000797498336,1.2131682986780505,5.034192681860758e-19,7.974983360324595e-11
P,0.1,2,0.9999799999999988,0.9999999999999958,0.999999999999997,0.9999999999999961,0.999999999999996,25.737887907046474,0.0,3217.2231194368446,0.000709661522610332,1.2131683771840744,5.034192681860758e-19,-2.9033847738966805e-05
P,0.1,2,0.9999999999999988,0.9999799999999958,0.999999999999997,0.9999999999999961,0.999999999999996,25.737887907046474,0.0,3217.2231194368446,0.0008295534061617292,1.2131685370361218,5.034192681860758e-19,-1.7044659383827086e-05
P,0.1,2,0.9999999999999988,0.9999999999999958,0.999979999999997,0.9999999999999961,0.999999999999996,25.737887907046474,0.0,3217.2231194368455,0.0009111447506751738,1.2131687534474207,5.034192681860758e-19,-8.885524932482617e-06
P,0.1,2,0.9999999999999988,0.9999999999999958,0.999999999999997,0.9999799999999961,0.999999999999996,25.737887907046474,0.0,3217.2231194368446,0.000829553406093953,1.2131685370361216,5.034192681860758e-19,-1.7044659390604704e-05
P,0.1,2,0.9999999999999988,0.9999999999999958,0.999999999999997,0.9999999999999961,0.999979999999996,25.737887907046474,0.0,3217.2231194368455,0.0007096615225925902,1.2131683771840756,5.034192681860758e-19,-2.9033847740740983e-05
P,0.1,2,0.9999999999999988,0.9999999999999958,0.999999999999997,0.9999999999999961,0.999999999999996,25.739887907046477,0.0,3217.4859883807994,0.0025276656855499073,1.2131657742380497,5.034192681860758e-19,0.00015276656855499072
P,0.025,4,0.9999999999999988,0.9999999999999958,0.999999999999997,0.9999999999999961,0.999999999999996,25.737887907046474,0.0,3217.235988380799,0.015123890513683222,1.2131241199381204,1.6918489827137013e-19,0.0014123890513683221
P,0.025,4,0.9999799999999988,0.9999999999999958,0.999999999999997,0.9999999999999961,0.999999999999996,25.737887907046474,0.0,3217.2231194368446,0.014833465375173716,1.2131241985151584,1.6918489827137013e-19,0.0013833465375173715
P,0.025,4,0.9999999999999988,0.9999799999999958,0.999999999999997,0.9999999999999961,0.999999999999996,25.737887907046474,0.0,3217.2231194368446,0.01495332178440245,1.2131243585215001,1.6918489827137013e-19,0.001395332178440245
P,0.025,4,0.9999999999999988,0.9999999999999958,0.999979999999997,0.9999999999999961,0.999999999999996,25.737887907046474,0.0,3217.2231194368455,0.015034960923799287,1.2131245749985775,1.6918489827137013e-19,0.0014034960923799285
P,0.025,4,0.9999999999999988,0.9999999999999958,0.999999999999997,0.9999799999999961,0.999999999999996,25.737887907046474,0.0,3217.2231194368446,0.014953321784400684,1.2131243585215001,1.6918489827137013e-19,0.0013953321784400685
P,0.025,4,0.9999999999999988,0.9999999999999958,0.999999999999997,0.9999999999999961,0.999979999999996,25.737887907046474,0.0,3217.2231194368455,0.01483346537511028,1.213124198515159,1.6918489827137013e-19,0.001383346537511028
P,0.025,4,0.9999999999999988,0.9999999999999958,0.999999999999997,0.9999999999999961,0.999999999999996,25.739887907046477,0.0,3217.4859883807994,0.01665083949129174,1.2131215935405184,1.6918489827137013e-19,0.001565083949129174
P,0.025,4,0.9999999999999933,0.9999999999999568,0.9999999999999571,0.9999999999999574,0.9999999999999578,25.719388414552323,0.0,3214.9235518189266,0.0009964930010048169,1.213149904975514,1.6918489827137013e-19,-3.506998995183143e-07
P,0.025,4,0.9999799999999933,0.9999999999999568,0.9999999999999571,0.9999999999999574,0.9999999999999578,25.719388414552323,0.0,3214.9106921247194,0.0007061409016083428,1.213149983490483,1.6918489827137013e-19,-2.9385909839165716e-05
P,0.025,4,0.9999999999999933,0.9999799999999568,0.9999999999999571,0.9999999999999574,0.9999999999999578,25.719388414552323,0.0,3214.9106921247194,0.0008260052439953315,1.213150143436216,1.6918489827137013e-19,-1.739947560046685e-05
P,0.025,4,0.9999999999999933,0.9999999999999568,0.9999799999999571,0.9999999999999574,0.9999999999999578,25.719388414552323,0.0,3214.9106921247194,0.0009076319282008969,1.2131503598894402,1.6918489827137013e-19,-9.236807179910313e-06
P,0.025,4,0.9999999999999933,0.9999999999999568,0.9999999999999571,0.9999799999999573,0.9999999999999578,25.719388414552323,0.0,3214.9106921247194,0.0008260052435115901,1.2131501434362202,1.6918489827137013e-19,-1.739947564884099e-05
P,0.025,4,0.9999999999999933,0.9999999999999568,0.9999999999999571,0.9999999999999574,0.9999799999999578,25.719388414552323,0.0,3214.9106921247194,0.00070614090115723,1.213149983490483,1.6918489827137013e-19,-2.9385909884277007e-05
P,0.025,4,0.9999999999999933,0.9999999999999568,0.9999999999999571,0.9999999999999574,0.9999999999999578,25.721388414552326,0.0,3215.1735518189266,0.002523794048216256,1.2131473812501263,1.6918489827137013e-19,0.0001523794048216256
P,0.025,4,1.0,1.0,1.0,1.0,1.0,25.719393006965163,0.0,3214.924125870645,0.0010000001352086926,1.2131498991793945,1.6918489827137013e-19,1.3520869254941837e-11
P,0.025,4,0.99998,1.0,1.0,1.0,1.0,25.719393006965163,0.0,3214.911266174142,0.0007096480172038948,1.2131499776943764,1.6918489827137013e-19,-2.9035198279610523e-05
P,0.025,4,1.0,0.99998,1.0,1.0,1.0,25.719393006965163,0.0,3214.911266174142,0.0008295123575981641,1.2131501376401321,1.6918489827137013e-19,-1.7048764240183592e-05
P,0.025,4,1.0,1.0,0.99998,1.0,1.0,25.719393006965163,0.0,3214.911266174142,0.0009111390454431075,1.2131503540933608,1.6918489827137013e-19,-8.886095455689247e-06
P,0.025,4,1.0,1.0,1.0,0.99998,1.0,25.719393006965163,0.0,3214.911266174142,0.0008295123576160774,1.2131501376401321,1.6918489827137013e-19,-1.7048764238392263e-05
P,0.025,4,1.0,1.0,1.0,1.0,0.99998,25.719393006965163,0.0,3214.911266174142,0.0007096480171803871,1.2131499776943764,1.6918489827137013e-19,-2.903519828196129e-05
P,0.025,4,1.0,1.0,1.0,1.0,1.0,25.721393006965165,0.0,3215.1741258706456,0.0025273009129534335,1.2131473754561966,1.6918489827137013e-19,0.00015273009129534334
P,0.025,4,0.9999999999999988,0.9999999999999958,0.999999999999997,0.9999999999999961,0.999999999999996,25.737887907046474,0.0,3217.235988380799,0.015123890513683222,1.2131241199381204,1.6918489827137013e-19,0.0014123890513683221
P,0.025,4,0.9999799999999988,0.9999999999999958,0.999999999999997,0.9999999999999961,0.999999999999996,25.737887907046474,0.0,3217.2231194368446,0.014833465375173716,1.2131241985151584,1.6918489827137013e-19,0.0013833465375173715
P,0.025,4,0.9999999999999988,0.9999799999999958,0.999999999999997,0.9999999999999961,0.999999999999996,25.737887907046474,0.0,3217.2231194368446,0.01495332178440245,1.2131243585215001,1.6918489827137013e-19,0.001395332178440245
P,0.025,4,0.9999999999999988,0.9999999999999958,0.999979999999997,0.9999999999999961,0.999999999999996,25.737887907046474,0.0,3217.2231194368455,0.015034960923799287,1.2131245749985775,1.6918489827137013e-19,0.0014034960923799285
P,0.025,4,0.9999999999999988,0.9999999999999958,0.999999999999997,0.9999799999999961,0.999999999999996,25.737887907046474,0.0,3217.2231194368446,0.014953321784400684,1.2131243585215001,1.6918489827137013e-19,0.0013953321784400685
P,0.025,4,0.9999999999999988,0.9999999999999958,0.999999999999997,0.9999999999999961,0.999979999999996,25.737887907046474,0.0,3217.2231194368455,0.01483346537511028,1.213124198515159,1.6918489827137013e-19,0.001383346537511028
P,0.025,4,0.9999999999999988,0.9999999999999958,0.999999999999997,0.9999999999999961,0.999999999999996,25.739887907046477,0.0,3217.4859883807994,0.01665083949129174,1.2131215935405184,1.6918489827137013e-19,0.001565083949129174
P,0.025,4,0.9999999999999933,0.9999999999999568,0.9999999999999571,0.9999999999999574,0.9999999999999578,25.719388414552323,0.0,3214.9235518189266,0.0009964930010048169,1.213149904975514,1.6918489827137013e-19,-3.506998995183143e-07
P,0.025,4,0.9999799999999933,0.9999999999999568,0.9999999999999571,0.9999999999999574,0.9999999999999578,25.719388414552323,0.0,3214.9106921247194,0.0007061409016083428,1.213149983490483,1.6918489827137013e-19,-2.9385909839165716e-05
P,0.025,4,0.9999999999999933,0.9999799999999568,0.9999999999999571,0.9999999999999574,0.9999999999999578,25.719388414552323,0.0,3214.9106921247194,0.0008260052439953315,1.213150143436216,1.6918489827137013e-19,-1.739947560046685e-05
P,0.025,4,0.9999999999999933,0.9999999999999568,0.9999799999999571,0.9999999999999574,0.9999999999999578,25.719388414552323,0.0,3214.9106921247194,0.0009076319282008969,1.2131503598894402,1.6918489827137013e-19,-9.236807179910313e-06
P,0.025,4,0.9999999999999933,0.9999999999999568,0.9999999999999571,0.9999799999999573,0.9999999999999578,25.719388414552323,0.0,3214.9106921247194,0.0008260052435115901,1.2131501434362202,1.6918489827137013e-19,-1.739947564884099e-05
P,0.025,4,0.9999999999999933,0.9999999999999568,0.9999999999999571,0.9999999999999574,0.9999799999999578,25.719388414552323,0.0,3214.9106921247194,0.00070614090115723,1.213149983490483,1.6918489827137013e-19,-2.9385909884277007e-05
P,0.025,4,0.9999999999999933,0.9999999999999568,0.9999999999999571,0.9999999999999574,0.9999999999999578,25.721388414552326,0.0,3215.1735518189266,0.002523794048216256,1.2131473812501263,1.6918489827137013e-19,0.0001523794048216256
P,0.025,4,1.0,1.0,1.0,1.0,1.0,25.719393006965163,0.0,3214.924125870645,0.0010000001352086926,1.2131498991793945,1.6918489827137013e-19,1.3520869254941837e-11
P,0.025,4,0.99998,1.0,1.0,1.0,1.0,25.719393006965163,0.0,3214.911266174142,0.0007096480172038948,1.2131499776943764,1.6918489827137013e-19,-2.9035198279610523e-05
P,0.025,4,1.0,0.99998,1.0,1.0,1.0,25.719393006965163,0.0,3214.911266174142,0.0008295123575981641,1.2131501376401321,1.6918489827137013e-19,-1.7048764240183592e-05
P,0.025,4,1.0,1.0,0.99998,1.0,1.0,25.719393006965163,0.0,3214.911266174142,0.0009111390454431075,1.2131503540933608,1.6918489827137013e-19,-8.886095455689247e-06
P,0.025,4,1.0,1.0,1.0,0.99998,1.0,25.719393006965163,0.0,3214.911266174142,0.0008295123576160774,1.2131501376401321,1.6918489827137013e-19,-1.7048764238392263e-05
P,0.025,4,1.0,1.0,1.0,1.0,0.99998,25.719393006965163,0.0,3214.911266174142,0.0007096480171803871,1.2131499776943764,1.6918489827137013e-19,-2.903519828196129e-05
P,0.025,4,1.0,1.0,1.0,1.0,1.0,25.721393006965165,0.0,3215.1741258706456,0.0025273009129534335,1.2131473754561966,1.6918489827137013e-19,0.00015273009129534334
P,0.025,4,0.96,1.0,1.0,1.0,1.0,25.719393006965163,0.0,3189.20473286368,-0.5797041971980398,1.2133069291320289,1.6918489827137013e-19,-0.05807041971980398
P,0.025,4,0.96002,1.0,1.0,1.0,1.0,25.719393006965163,0.0,3189.2175925601837,-0.5794138451189775,1.2133068506170592,1.6918489827137013e-19,-0.058041384511897755
P,0.025,4,0.96,0.99998,1.0,1.0,1.0,25.719393006965163,0.0,3189.1918731671767,-0.5798746849524917,1.2133071675927445,1.6918489827137013e-19,-0.05808746849524917
P,0.025,4,0.96,1.0,0.99998,1.0,1.0,25.719393006965163,0.0,3189.1918731671767,-0.5797930582770858,1.213307384045979,1.6918489827137013e-19,-0.05807930582770858
P,0.025,4,0.96,1.0,1.0,0.99998,1.0,25.719393006965163,0.0,3189.1918731671767,-0.579743782113911,1.213307167592753,1.6918489827137013e-19,-0.058074378211391095
P,0.025,4,0.96,1.0,1.0,1.0,0.99998,25.719393006965163,0.0,3189.1918731671767,-0.5797151288953339,1.2133070076470114,1.6918489827137013e-19,-0.0580715128895334
P,0.025,4,0.96,1.0,1.0,1.0,1.0,25.721393006965165,0.0,3189.4527328636805,-0.5781926886633184,1.2133044175545762,1.6918489827137013e-19,-0.05791926886633184
P,0.025,4,1.0,0.9999999999999984,0.9999999999999986,0.6820817611538863,0.44678496325114314,26.952091758732976,0.0,2782.039870393588,-10.026976747441893,1.2177010378100452,1.6918489827137013e-19,-1.0027976747441891
P,0.025,4,0.9658830322117762,0.9999999999999998,0.9999999999999998,0.9532419190039289,0.9186354529691881,25.900693168566825,0.0,3132.5336962958686,-1.464249914675111,1.2139198250957535,1.6918489827137013e-19,-0.14652499146751108
P,0.025,4,0.9612997270612696,1.0,1.0,0.9896698265425126,0.982024286150905,25.75944730511681,0.0,3176.7798717906676,-0.5609120025752871,1.2134406770084964,1.6918489827137013e-19,-0.0561912002575287
P,0.025,4,0.9613197270612697,1.0,1.0,0.9896698265425126,0.982024286150905,25.75944730511681,0.0,3176.79275151432,-0.5606214923976576,1.2134405983601626,1.6918489827137013e-19,-0.05616214923976576
P,0.025,4,0.9612997270612696,0.99998,1.0,0.9896698265425126,0.982024286150905,25.75944730511681,0.0,3176.766992067015,-0.5610826655864789,1.2134409157327355,1.6918489827137013e-19,-0.05620826655864789
P,0.025,4,0.9612997270612696,1.0,0.99998,0.9896698265425126,0.982024286150905,25.75944730511681,0.0,3176.766992067015,-0.5610010119669144,1.2134411322372036,1.6918489827137013e-19,-0.05620010119669144
P,0.025,4,0.9612997270612696,1.0,1.0,0.9896898265425126,0.982024286150905,25.75944730511681,0.0,3176.79275151432,-0.5608723230705223,1.213440438284244,1.6918489827137013e-19,-0.05618723230705223
P,0.025,4,0.9612997270612696,1.0,1.0,0.9896698265425126,0.982044286150905,25.75944730511681,0.0,3176.79275151432,-0.5609010353135747,1.213440598360155,1.6918489827137013e-19,-0.05619010353135747
P,0.025,4,0.9612997270612696,1.0,1.0,0.9896698265425126,0.982024286150905,25.761447305116814,0.0,3177.0265214826554,-0.5594048893100416,1.213438170430185,1.6918489827137013e-19,-0.05604048893100416
P,0.025,4,1.0,1.0,1.0,0.1454696080448853,0.0,28.69638521502209,0.0,2256.5901888650146,-20.69374201822289,1.2239693471819901,1.6918489827137013e-19,-2.069474201822289
P,0.025,4,0.9668243171911722,1.0,1.0,0.8691574931499977,0.8418371177765853,26.17870476655351,0.0,3061.481016764763,-3.107371768206857,1.2148731689016818,1.6918489827137013e-19,-0.3108371768206857
P,0.025,4,0.9621559783695588,1.0,1.0,0.9709917272254628,0.9602968016672783,25.824427645997133,0.0,3159.2600904374335,-0.7648810316525105,1.2136603743029521,1.6918489827137013e-19,-0.07658810316525105
P,0.025,4,0.9615482201264832,1.0,1.0,0.9842492472023988,0.9757187434131017,25.77830527815307,0.0,3171.708682797149,-0.5573238160384748,1.213503392739756,1.6918489827137013e-19,-0.05583238160384748
P,0.025,4,0.9615682201264832,1.0,1.0,0.9842492472023988,0.9757187434131017,25.77830527815307,0.0,3171.721571949788,-0.5570332314802987,1.2135033140285372,1.6918489827137013e-19,-0.05580332314802987
P,0.025,4,0.9615482201264832,0.99998,1.0,0.9842492472023988,0.9757187434131017,25.77830527815307,0.0,3171.69579364451,-0.557494561486336,1.2135036315882577,1.6918489827137013e-19,-0.055849456148633604
P,0.025,4,0.9615482201264832,1.0,0.99998,0.9842492472023988,0.9757187434131017,25.77830527815307,0.0,3171.69579364451,-0.5574128952110996,1.213503848116945,1.6918489827137013e-19,-0.05584128952110996
P,0.025,4,0.9615482201264832,1.0,1.0,0.9842692472023988,0.9757187434131017,25.77830527815307,0.0,3171.721571949788,-0.5572840920095361,1.2135031538912677,1.6918489827137013e-19,-0.05582840920095361
P,0.025,4,0.9615482201264832,1.0,1.0,0.9842492472023988,0.9757387434131017,25.77830527815307,0.0,3171.721571949788,-0.5573128320246626,1.2135033140285365,1.6918489827137013e-19,-0.05583128320246626
P,0.025,4,0.9615482201264832,1.0,1.0,0.9842492472023988,0.9757187434131017,25.780305278153072,0.0,3171.9547586076865,-0.5558188127880013,1.2135008384018122,1.6918489827137013e-19,-0.055681881278800124
P,0.025,4,1.0,0.9999999999999836,0.9769155575271037,0.0,0.0,29.224475883350998,0.0,2174.969922943069,-21.96554112937762,1.2248192947286227,1.6918489827137013e-19,-2.196654112937762
P,0.025,4,0.9673004572460824,0.9999999999999976,0.9965466569476202,0.8370093775963996,0.8297550040852609,26.293839033440797,0.0,3043.9138324736805,-3.4975244758701614,1.215243923191819,1.6918489827137013e-19,-0.3498524475870161
P,0.025,4,0.9624422046443534,0.9999999999999997,0.999463298337754,0.961365947869607,0.9530337739974777,25.858427009243805,0.0,3152.339568288926,-0.9297381604762334,1.2137685326098961,1.6918489827137013e-19,-0.09307381604762334
P,0.025,4,0.961716469019667,0.9999999999999999,0.9998989921426626,0.9799425844938454,0.971449406618344,25.79338427818777,0.0,3168.0772294529233,-0.5548939866133843,1.2135543890069425,1.6918489827137013e-19,-0.05558939866133843
P,0.025,4,0.961736469019667,0.9999999999999999,0.9998989921426626,0.9799425844938454,0.971449406618344,25.79338427818777,0.0,3168.0901261450617,-0.5546033425976259,1.2135543102497293,1.6918489827137013e-19,-0.05556033425976259
P,0.025,4,0.961716469019667,0.9999799999999999,0.9998989921426626,0.9799425844938454,0.971449406618344,25.79338427818777,0.0,3168.0643327607845,-0.5550647979531981,1.2135546279462042,1.6918489827137013e-19,-0.05560647979531981
P,0.025,4,0.961716469019667,0.9999999999999999,0.9999189921426627,0.9799425844938454,0.971449406618344,25.79338427818777,0.0,3168.0901261450617,-0.5548048516586268,1.2135539335215262,1.6918489827137013e-19,-0.055580485165862684
P,0.025,4,0.961716469019667,0.9999999999999999,0.9998989921426626,0.9799625844938454,0.971449406618344,25.79338427818777,0.0,3168.0901261450617,-0.5548542269857433,1.2135541500677034,1.6918489827137013e-19,-0.055585422698574326
P,0.025,4,0.961716469019667,0.9999999999999999,0.9998989921426626,0.9799425844938454,0.971469406618344,25.79338427818777,0.0,3168.0901261450626,-0.5548829892017891,1.2135543102497275,1.6918489827137013e-19,-0.055588298920178913
P,0.025,4,0.961716469019667,0.9999999999999999,0.9998989921426626,0.9799425844938454,0.971449406618344,25.795384278187772,0.0,3168.3228798255377,-0.5533912230926928,1.2135519031469764,1.6918489827137013e-19,-0.055439122309269284
P,0.025,4,1.0,1.0,0.9790558919457433,0.0,0.0,29.22003326231518,0.0,2176.202806323766,-21.956152732846945,1.2247944987563864,1.6918489827137013e-19,-2.1957152732846947
P,0.025,4,0.9675295596593705,0.9999999999999999,0.9967341108593935,0.8311450488565391,0.8239415015753204,26.313697337748902,0.0,3038.804590278956,-3.618759419982399,1.2153078490208296,1.6918489827137013e-19,-0.3619759419982399
P,0.025,4,0.9626096037127245,0.9999999999999999,0.9994127335499977,0.9570810381055166,0.9487860016140692,25.873326201262387,0.0,3148.7122440580792,-1.0172807166766091,1.2138187319677929,1.6918489827137013e-19,-0.1018280716676609
P,0.025,4,0.9618551048524886,0.9999999999999999,0.9998235131970067,0.9763939265503447,0.9679315049493541,25.805793173698106,0.0,3165.083145299797,-0.6226241428669917,1.2135940562937242,1.6918489827137013e-19,-0.062362414286699176
P,0.025,4,0.9617392110169951,0.9999999999999999,0.9998866104809703,0.9793604581573353,0.9708723255799975,25.795419849098966,0.0,3167.5863740363543,-0.5621054669661394,1.2135612790132275,1.6918489827137013e-19,-0.056310546696613936
P,0.025,4,0.9617221274553132,0.9999999999999999,0.999895911461803,0.9797977456582084,0.9713058231031858,25.79389074852272,0.0,3167.95511065916,-0.5548118242794163,1.2135561031076971,1.6918489827137013e-19,-0.05558118242794163
P,0.025,4,0.9617421274553132,0.9999999999999999,0.999895911461803,0.9797977456582084,0.9713058231031858,25.79389074852272,0.0,3167.9680076045343,-0.5545211782673063,1.2135560243489498,1.6918489827137013e-19,-0.055552117826730626
P,0.025,4,0.9617221274553132,0.9999799999999999,0.999895911461803,0.9797977456582084,0.9713058231031858,25.79389074852272,0.0,3167.942213713786,-0.554982637831492,1.2135563420499815,1.6918489827137013e-19,-0.05559826378314921
P,0.025,4,0.9617221274553132,0.9999999999999999,0.999915911461803,0.9797977456582084,0.9713058231031858,25.79389074852272,0.0,3167.9680076045343,-0.5547226874517348,1.2135556476186589,1.6918489827137013e-19,-0.05557226874517348
P,0.025,4,0.9617221274553132,0.9999999999999999,0.999895911461803,0.9798177456582084,0.9713058231031858,25.79389074852272,0.0,3167.968007604534,-0.5547720634562393,1.213555864165428,1.6918489827137013e-19,-0.05557720634562393
P,0.025,4,0.9617221274553132,0.9999999999999999,0.999895911461803,0.9797977456582084,0.9713258231031858,25.79389074852272,0.0,3167.9680076045343,-0.5548008264177243,1.2135560243489523,1.6918489827137013e-19,-0.05558008264177243
P,0.025,4,0.9617221274553132,0.9999999999999999,0.999895911461803,0.9797977456582084,0.9713058231031858,25.79589074852272,0.0,3168.200746739544,-0.5533091358907766,1.2135536176335118,1.6918489827137013e-19,-0.05543091358907766
P,0.025,4,1.0,1.0,0.9795977251549438,0.0,0.0,29.217095649433055,0.0,2176.379793317128,-21.954373198727712,1.2247894528957202,1.6918489827137013e-19,-2.1955373198727712
P,0.025,4,0.9675805903682049,0.9999999999999999,0.9967892557421343,0.8298388170795009,0.8226465909297492,26.317815345737465,0.0,3037.6386013979295,-3.645924323329151,1.2153226448421242,1.6918489827137013e-19,-0.3646924323329151
P,0.025,4,0.9626282600901519,0.9999999999999999,0.9994154028071173,0.9566034912793683,0.9483125936938146,25.87492653944431,0.0,3148.305648664508,-1.0270482349925818,1.2138242192629292,1.6918489827137013e-19,-0.10280482349925817
P,0.025,4,0.9618629462421153,0.9999999999999999,0.9998212373542836,0.9761932106962918,0.9677325287027821,25.806484226923555,0.0,3164.9136275305586,-0.6267189773867784,1.2135963922506368,1.6918489827137013e-19,-0.06277189773867783
P,0.025,4,0.961744424741613,0.9999999999999999,0.9998840875426204,0.9792270025787588,0.9707400266630309,25.79588480343394,0.0,3167.4738197566257,-0.5648273799716007,1.2135628538151433,1.6918489827137013e-19,-0.05658273799716007
P,0.025,4,0.9617261252109481,0.9999999999999999,0.999893791511469,0.9796954152072591,0.971204379551873,25.794248269350618,0.0,3167.8688266508434,-0.5552737272453077,1.213557313316013,1.6918489827137013e-19,-0.05562737272453076
P,0.025,4,0.9617461252109482,0.9999999999999999,0.999893791511469,0.9796954152072591,0.971204379551873,25.794248269350618,0.0,3167.881723774978,-0.555262729065692,1.2135572345561791,1.6918489827137013e-19,-0.0556262729065692
P,0.025,4,0.9617261252109481,0.9999799999999999,0.999893791511469,0.9796954152072591,0.971204379551873,25.794248269350618,0.0,3167.8559295267087,-0.5553134889138649,1.213557552260445,1.6918489827137013e-19,-0.05563134889138649
P,0.025,4,0.9617261252109481,0.9999999999999999,0.999913791511469,0.9796954152072591,0.971204379551873,25.794248269350618,0.0,3167.881723774978,-0.55518458909723,1.2135568578244247,1.6918489827137013e-19,-0.055618458909723
P,0.025,4,0.9617261252109481,0.9999999999999999,0.999893791511469,0.9797154152072591,0.971204379551873,25.794248269350618,0.0,3167.881723774978,-0.5551029121382494,1.2135570743715967,1.6918489827137013e-19,-0.055610291213824936
P,0.025,4,0.9617261252109481,0.9999999999999999,0.999893791511469,0.9796954152072591,0.971224379551873,25.794248269350618,0.0,3167.881723774978,-0.5549830798245918,1.213557234556175,1.6918489827137013e-19,-0.05559830798245918
P,0.025,4,0.9617261252109481,0.9999999999999999,0.999893791511469,0.9796954152072591,0.971204379551873,25.79624826935062,0.0,3168.114452636418,-0.5537722733681061,1.2135548281064943,1.6918489827137013e-19,-0.05547722733681061
P,0.025,4,0.9999999999997804,0.999972705962575,0.9999999999998953,0.9999999999973795,1.0,25.718218427164196,0.0,3214.7597545432245,-0.00012968087242816624,1.2131517072294284,1.6918489827137013e-19,-0.00011296808724281663
P,0.025,4,0.9999799999997804,0.999972705962575,0.9999999999998953,0.9999999999973795,1.0,25.718218427164196,0.0,3214.7468954340115,-0.0004200283528031993,1.213151785740847,1.6918489827137013e-19,-0.0001420028352803199
P,0.025,4,0.9999999999997804,0.9999927059625751,0.9999999999998953,0.9999999999973795,1.0,25.718218427164196,0.0,3214.7726136524384,4.080176377916261e-05,1.2131514687757436,1.6918489827137013e-19,-9.591982362208374e-05
P,0.025,4,0.9999999999997804,0.999972705962575,0.9999799999998953,0.9999999999973795,1.0,25.718218427164196,0.0,3214.7468954340115,-0.00021853761179778858,1.2131521621349686,1.6918489827137013e-19,-0.00012185376117977886
P,0.025,4,0.9999999999997804,0.999972705962575,0.9999999999998953,0.9999799999973795,1.0,25.718218427164196,0.0,3214.746895434011,-0.00016926301849768007,1.2131519456831066,1.6918489827137013e-19,-0.00011692630184976803
P,0.025,4,0.9999999999997804,0.999972705962575,0.9999999999998953,0.9999999999973795,0.99998,25.718218427164196,0.0,3214.746895434011,-0.00024138822307521955,1.2131517857408405,1.6918489827137013e-19,-0.00012413882230752194
P,0.025,4,0.9999999999997804,0.999972705962575,0.9999999999998953,0.9999999999973795,1.0,25.7202184271642,0.0,3215.009753178523,0.0013976768849402613,1.213149182932707,1.6918489827137013e-19,3.976768849402613e-05
P,0.025,4,1.0,0.9999999999999968,0.9999999999999984,0.9999261781303628,1.0,25.719584347213814,0.0,3214.9005767066537,0.0005168328512733861,1.2131505378775869,1.6918489827137013e-19,-4.831671487266139e-05
P,0.025,4,0.9999999999998417,0.9999803179480077,0.9999999999999241,0.9999794119485079,1.0,25.718599366171468,0.0,3214.7990285048336,0.00017945274812466985,1.2131513810549321,1.6918489827137013e-19,-8.205472518753301e-05
P,0.025,4,0.9999799999998417,0.9999803179480077,0.9999999999999241,0.9999794119485079,1.0,25.718599366171468,0.0,3214.786169205151,-0.0001049664149404157,1.2131514595675112,1.6918489827137013e-19,-0.00011049664149404158
P,0.025,4,0.9999999999998417,0.9999603179480077,0.9999999999999241,0.9999794119485079,1.0,25.718599366171468,0.0,3214.786169205151,1.4898265883773911e-05,1.2131516195109115,1.6918489827137013e-19,-9.85101734116226e-05
P,0.025,4,0.9999999999998417,0.9999803179480077,0.999979999999924,0.9999794119485079,1.0,25.718599366171468,0.0,3214.786169205151,9.059459794274822e-05,1.2131518359632136,1.6918489827137013e-19,-9.094054020572518e-05
P,0.025,4,0.9999999999998417,0.9999803179480077,0.9999999999999241,0.9999994119485079,1.0,25.718599366171468,0.0,3214.8118878045175,0.000224965615241973,1.21315114259897,1.6918489827137013e-19,-7.750343847580271e-05
P,0.025,4,0.9999999999998417,0.9999803179480077,0.9999999999999241,0.9999794119485079,0.99998,25.718599366171468,0.0,3214.786169205151,-0.00011089623635409046,1.2131514595675053,1.6918489827137013e-19,-0.00011108962363540905
P,0.025,4,0.9999999999998417,0.9999803179480077,0.9999999999999241,0.9999794119485079,1.0,25.72059936617147,0.0,3215.0490264913287,0.0017067864369076332,1.2131488569651077,1.6918489827137013e-19,7.067864369076332e-05
P,0.025,4,1.0,1.0,0.9999999995050216,0.9998407561312164,1.0,25.71989262933478,0.0,3214.8841849684027,2.407167293508606e-05,1.2131511673406838,1.6918489827137013e-19,-9.759283270649139e-05
P,0.025,4,0.999999999999866,0.9999833465394143,0.9999999999237705,0.9999580761743267,1.0,25.71879836806946,0.0,3214.812132524227,0.0001555512746572796,1.2131513481341494,1.6918489827137013e-19,-8.444487253427204e-05
P,0.025,4,0.9999999999998455,0.9999807839899829,0.9999999999882055,0.9999761287831652,1.0,25.71862998873661,0.0,3214.8010449732774,0.0001757749583391382,1.2131513759881958,1.6918489827137013e-19,-8.242250416608619e-05
P,0.025,4,0.9999999999998422,0.9999803896632619,0.9999999999981208,0.9999789067299876,1.0,25.718604078418778,0.0,3214.799338802373,0.00017888680860947035,1.2131513802752376,1.6918489827137013e-19,-8.211131913905297e-05
P,0.025,4,0.9999999999998418,0.9999803289836694,0.9999999999996466,0.9999793342046478,1.0,25.718600091299866,0.0,3214.799076253939,0.00017936566042477584,1.2131513809349506,1.6918489827137013e-19,-8.206343395752241e-05
P,0.025,4,0.9999999999998417,0.9999803196461934,0.9999999999998813,0.9999793999851552,1.0,25.718599477755415,0.0,3214.799035852545,0.00017943934688250486,1.2131513810364711,1.6918489827137013e-19,-8.205606531174951e-05
P,0.025,4,0.9999999999998417,0.9999803182093271,0.9999999999999175,0.9999794101075686,1.0,25.718599383342177,0.0,3214.799029635511,0.00017945068590863308,1.2131513810520935,1.6918489827137013e-19,-8.205493140913669e-05
P,0.025,4,0.9999999999998417,0.9999803179882198,0.9999999999999231,0.9999794116652216,1.0,25.71859936881372,0.0,3214.799028678824,0.00017945243066392594,1.2131513810545016,1.6918489827137013e-19,-8.205475693360741e-05
P,0.025,4,0.9999999999998417,0.9999803179541952,0.999999999999924,0.9999794119049181,1.0,25.718599366578037,0.0,3214.7990285316064,0.00017945269918928915,1.2131513810548682,1.6918489827137013e-19,-8.205473008107109e-05
P,0.025,4,0.9999999999998417,0.9999803179489595,0.9999999999999241,0.9999794119418027,1.0,25.718599366234006,0.0,3214.7990285089513,0.00017945274061864012,1.213151381054923,1.6918489827137013e-19,-8.205472593813599e-05
P,0.025,4,0.9999999999998417,0.9999803179481541,0.9999999999999241,0.9999794119474759,1.0,25.718599366181095,0.0,3214.7990285054684,0.00017945274690196408,1.213151381054938,1.6918489827137013e-19,-8.205472530980359e-05
P,0.025,4,0.9999799999998417,0.9999803179481541,0.9999999999999241,0.9999794119474759,1.0,25.718599366181095,0.0,3214.786169205785,-0.00010496640842853998,1.2131514595675037,1.6918489827137013e-19,-0.00011049664084285401
P,0.025,4,0.9999999999998417,0.9999603179481541,0.9999999999999241,0.9999794119474759,1.0,25.718599366181095,0.0,3214.786169205785,1.4898272417199613e-05,1.2131516195109093,1.6918489827137013e-19,-9.851017275828004e-05
P,0.025,4,0.9999999999998417,0.9999803179481541,0.999979999999924,0.9999794119474759,1.0,25.718599366181095,0.0,3214.786169205785,9.059459674400484e-05,1.2131518359632132,1.6918489827137013e-19,-9.094054032559952e-05
P,0.025,4,0.9999999999998417,0.9999803179481541,0.9999999999999241,0.9999994119474759,1.0,25.718599366181095,0.0,3214.811887805151,0.00022496562174825058,1.2131511425989692,1.6918489827137013e-19,-7.750343782517494e-05
P,0.025,4,0.9999999999998417,0.9999803179481541,0.9999999999999241,0.9999794119474759,0.99998,25.718599366181095,0.0,3214.7861692057854,-0.00011089623752532955,1.2131514595675117,1.6918489827137013e-19,-0.00011108962375253296
P,0.025,4,0.9999999999998417,0.9999803179481541,0.9999999999999241,0.9999794119474759,1.0,25.720599366181098,0.0,3215.0490264919636,0.001706786435683978,1.213148856965099,1.6918489827137013e-19,7.067864356839778e-05
P,0.025,4,0.9999999879223507,0.999999951576729,1.0,0.9999940567535326,0.999999988327471,25.719416396552603,0.0,3214.9231817418345,0.0009669278059963587,1.2131499411915114,1.6918489827137013e-19,-3.307219400364137e-06
P,0.025,4,0.9999799879223507,0.999999951576729,1.0,0.9999940567535326,0.999999988327471,25.719416396552603,0.0,3214.910322033636,0.0007151524097455714,1.2131500197065623,1.6918489827137013e-19,-2.8484759025442864e-05
P,0.025,4,0.9999999879223507,0.999979951576729,1.0,0.9999940567535326,0.999999988327471,25.719416396552603,0.0,3214.910322033636,0.0008350167399712125,1.2131501796523811,1.6918489827137013e-19,-1.6498326002878752e-05
P,0.025,4,0.9999999879223507,0.999999951576729,0.99998,0.9999940567535326,0.999999988327471,25.719416396552603,0.0,3214.910322033636,0.0008780666295868917,1.2131503961056385,1.6918489827137013e-19,-1.2193337041310835e-05
P,0.025,4,0.9999999879223507,0.999999951576729,1.0,0.9999740567535326,0.999999988327471,25.719416396552603,0.0,3214.910322033636,0.0007964399259192387,1.2131501796523874,1.6918489827137013e-19,-2.0356007408076136e-05
P,0.025,4,0.9999999879223507,0.999999951576729,1.0,0.9999940567535326,0.9999799883274709,25.719416396552603,0.0,3214.910322033636,0.0006765755956847,1.2131500197065623,1.6918489827137013e-19,-3.234244043153e-05
P,0.025,4,0.9999999879223507,0.999999951576729,1.0,0.9999940567535326,0.999999988327471,25.721416396552605,0.0,3215.1731814410637,0.002494224592937989,1.213147417482975,1.6918489827137013e-19,0.00014942245929379887
P,0.025,4,0.9999981730518359,0.9999425304798593,1.0,0.9999491815785676,0.9999982342494876,25.717114885875787,0.0,3214.5674295525037,-0.0013577503273647345,1.2131540802968404,1.6918489827137013e-19,-0.00023577503273647347
P,0.025,4,0.9999991387272493,0.9999730837017056,1.0,0.9999730592341827,0.9999991675777709,25.718339497910804,0.0,3214.7567204068087,-0.00010027588706490182,1.213151877741181,1.6918489827137013e-19,-0.0001100275887064902
P,0.025,4,0.999999583036086,0.9999871412890333,1.0,0.9999840453825725,0.9999995970036399,25.718902943910415,0.0,3214.8438145969226,0.0004582155300824024,1.2131508644797486,1.6918489827137013e-19,-5.417844699175977e-05
P,0.025,4,0.9999997948324568,0.999993842362099,1.0,0.9999892823397654,0.9999998017054894,25.71917153145137,0.0,3214.8853315464917,0.0007243238595541252,1.2131503814989375,1.6918489827137013e-19,-2.7567614044587484e-05
P,0.025,4,0.9999998958376028,0.9999970380866583,1.0,0.9999917798312199,0.9999998993272765,25.719299620160818,0.0,3214.905130931694,0.0008512298697896323,1.213150151172757,1.6918489827137013e-19,-1.4877013021036777e-05
P,0.025,4,0.9999999440069698,0.9999985621281056,1.0,0.9999929708852109,0.9999999458831191,25.719360705682586,0.0,3214.914573274295,0.000911751278152474,1.213150041331548,1.6918489827137013e-19,-8.824872184752606e-06
P,0.025,4,0.9999999669790088,0.9999992889456202,1.0,0.9999935389005383,0.999999968085666,25.719389837454028,0.0,3214.919076343814,0.0009406140040135674,1.2131499889484239,1.6918489827137013e-19,-5.938599598643266e-06
P,0.025,4,0.9999999779344206,0.9999996355663622,1.0,0.9999938097881962,0.9999999786741056,25.719403730454722,0.0,3214.921223867459,0.0009543786919943767,1.2131499639668717,1.6918489827137013e-19,-4.5621308005623314e-06
P,0.025,4,0.9999999831590819,0.9999998008705958,1.0,0.9999939389751468,0.9999999837237569,25.719410356058887,0.0,3214.9222480266085,0.0009609431024402246,1.2131499520531286,1.6918489827137013e-19,-3.90568975597754e-06
P,0.025,4,0.9999999856507357,0.9999998797045913,1.0,0.9999940005847212,0.9999999861319481,25.719413515825806,0.0,3214.922736450661,0.0009640736858180051,1.213149946371448,1.6918489827137013e-19,-3.592631418199491e-06
P,0.025,4,0.9999999868390116,0.9999999173007215,1.0,0.9999940299664818,0.9999999872804204,25.719415022726572,0.0,3214.9229693813245,0.0009655666687091297,1.2131499436618374,1.6918489827137013e-19,-3.4433331290870334e-06
P,0.025,4,0.9999799868390116,0.9999999173007215,1.0,0.9999940299664818,0.9999999872804204,25.719415022726572,0.0,3214.910109673813,0.0007137417538221238,1.2131500221768823,1.6918489827137013e-19,-2.8625824617787622e-05
P,0.025,4,0.9999999868390116,0.9999799173007214,1.0,0.9999940299664818,0.9999999872804204,25.719415022726572,0.0,3214.910109673813,0.000833606084689387,1.213150182122701,1.6918489827137013e-19,-1.6639391531061303e-05
P,0.025,4,0.9999999868390116,0.9999999173007215,0.99998,0.9999940299664818,0.9999999872804204,25.719415022726572,0.0,3214.910109673813,0.0008767054974289797,1.2131503985759502,1.6918489827137013e-19,-1.232945025710203e-05
P,0.025,4,0.9999999868390116,0.9999999173007215,1.0,0.9999740299664818,0.9999999872804204,25.719415022726572,0.0,3214.910109673813,0.0007950787948241597,1.2131501821226967,1.6918489827137013e-19,-2.0492120517584034e-05
P,0.025,4,0.9999999868390116,0.9999999173007215,1.0,0.9999940299664818,0.9999799872804204,25.719415022726572,0.0,3214.910109673813,0.0006752144638606685,1.2131500221768845,1.6918489827137013e-19,-3.2478553613933155e-05
P,0.025,4,0.9999999868390116,0.9999999173007215,1.0,0.9999940299664818,0.9999999872804204,25.721415022726575,0.0,3215.172969077394,0.0024928635159325975,1.213147419952677,1.6918489827137013e-19,0.00014928635159325976
P,0.025,4,1.0,0.9999999999998581,0.9999999999999352,1.0,1.0,25.71939229832074,0.0,3214.92403728996,0.0009994589563934223,1.2131499000737873,1.6918489827137013e-19,-5.4104360657772006e-08
P,0.025,4,0.99998,0.9999999999998581,0.9999999999999352,1.0,1.0,25.71939229832074,0.0,3214.9111775938104,0.0007091068411348893,1.2131499785887603,1.6918489827137013e-19,-2.908931588651107e-05
P,0.025,4,1.0,0.9999799999998581,0.9999999999999352,1.0,1.0,25.71939229832074,0.0,3214.9111775938104,0.0008289711818634149,1.213150138534516,1.6918489827137013e-19,-1.710288181365851e-05
P,0.025,4,1.0,0.9999999999998581,0.9999799999999351,1.0,1.0,25.71939229832074,0.0,3214.9111775938104,0.0009105978692079176,1.2131503549877396,1.6918489827137013e-19,-8.940213079208238e-06
P,0.025,4,1.0,0.9999999999998581,0.9999999999999352,0.99998,1.0,25.71939229832074,0.0,3214.9111775938104,0.000828971182802939,1.213150138534516,1.6918489827137013e-19,-1.7102881719706104e-05
P,0.025,4,1.0,0.9999999999998581,0.9999999999999352,1.0,0.99998,25.71939229832074,0.0,3214.9111775938104,0.0007091068420533176,1.2131499785887603,1.6918489827137013e-19,-2.908931579466824e-05
P,0.025,4,1.0,0.9999999999998581,0.9999999999999352,1.0,1.0,25.721392298320744,0.0,3215.17403728996,0.0025267597757188272,1.213147376350239,1.6918489827137013e-19,0.00015267597757188272
P,0.025,4,0.9999999999998491,1.0,1.0,0.9999999999834411,0.9999999999998616,25.719393006591257,0.0,3214.924125813074,0.0009999997063534596,1.2131498991800684,1.6918489827137013e-19,-2.9364654046022676e-11
P,0.025,4,0.9999999999999387,0.9999999999999157,0.9999999999999615,0.9999999999932726,0.9999999999999437,25.719392586073365,0.0,3214.9240732546905,0.0009996786501203405,1.2131498997106906,1.6918489827137013e-19,-3.2134987965949136e-08
P,0.025,4,0.999999999999975,0.9999999999998817,0.9999999999999459,0.9999999999972549,0.999999999999977,25.719392415739893,0.0,3214.92405196558,0.000999548604332277,1.2131498999256198,1.6918489827137013e-19,-4.513956677230317e-08
P,0.025,4,0.9999999999999897,0.9999999999998679,0.9999999999999396,0.9999999999988654,0.9999999999999906,25.71939234685441,0.0,3214.924043355935,0.0009994960117431081,1.2131499000125403,1.6918489827137013e-19,-5.039882568919074e-08
P,0.025,4,0.9999999999999956,0.9999999999998622,0.999999999999937,0.9999999999995175,0.999999999999996,25.719392318957766,0.0,3214.9240398692764,0.0009994747132933423,1.213149900047744,1.6918489827137013e-19,-5.252867066576818e-08
P,0.025,4,0.999999999999998,0.99999999999986,0.999999999999936,0.9999999999997793,0.9999999999999981,25.719392307758987,0.0,3214.9240384695972,0.0009994661632030074,1.2131499000618777,1.6918489827137013e-19,-5.338367969926361e-08
P,0.025,4,0.9999999999999989,0.9999999999998591,0.9999999999999356,0.9999999999998833,0.999999999999999,25.719392303312453,0.0,3214.924037913848,0.0009994627682232307,1.2131499000674808,1.6918489827137013e-19,-5.372317767693251e-08
P,0.025,4,0.9999799999999989,0.9999999999998591,0.9999999999999356,0.9999999999998833,0.999999999999999,25.719392303312453,0.0,3214.9111782176965,0.0007091106529106889,1.213149978582464,1.6918489827137013e-19,-2.9088934708931108e-05
P,0.025,4,0.9999999999999989,0.9999799999998591,0.9999999999999356,0.9999999999998833,0.999999999999999,25.719392303312453,0.0,3214.9111782176965,0.0008289749936703191,1.213150138528213,1.6918489827137013e-19,-1.710250063296809e-05
P,0.025,4,0.9999999999999989,0.9999999999998591,0.9999799999999356,0.9999999999998833,0.999999999999999,25.719392303312453,0.0,3214.9111782176965,0.0009106016810063523,1.2131503549814406,1.6918489827137013e-19,-8.939831899364777e-06
P,0.025,4,0.9999999999999989,0.9999999999998591,0.9999999999999356,0.9999799999998833,0.999999999999999,25.719392303312453,0.0,3214.9111782176965,0.0008289749939038267,1.2131501385282175,1.6918489827137013e-19,-1.7102500609617338e-05
P,0.025,4,0.9999999999999989,0.9999999999998591,0.9999999999999356,0.9999999999998833,0.999979999999999,25.719392303312453,0.0,3214.9111782176965,0.0007091106530610925,1.213149978582464,1.6918489827137013e-19,-2.908893469389075e-05
P,0.025,4,0.9999999999999989,0.9999999999998591,0.9999999999999356,0.9999999999998833,0.999999999999999,25.721392303312456,0.0,3215.1740379138487,0.002526763587255723,1.213147376343943,1.6918489827137013e-19,0.00015267635872557228
P,0.025,4,0.9999999999999852,0.9999999999999792,0.9999999999999772,0.9999999999999785,0.9999999999999777,25.719393006773387,0.0,3214.9241258466077,0.0009999999882429752,1.2131498991796348,1.6918489827137013e-19,-1.1757024824185503e-12
