mode,dt,scale,q1,q2,q3,q4,q5,th_s,horizon_s,E_J,min_T_C,min_V,ice,constraint_min
R,0.25,1,0.8,0.7,0.5,0.7,0.8,80.0,96.66666666666667,7000.0,0.5397061108970935,0.6272910363505493,8.255788996352803e-19,0.05387061108970935
R,0.25,1,0.29988991105524926,0.12528043885316753,0.5118798247327665,0.12528043885316753,0.29988991105524926,31.746471524143693,96.66666666666667,1081.142377305449,-23.03979896534606,0.5102407419512334,0.5518111299798985,-2.304079896534606
R,0.25,1,0.6423618022367197,0.7927980563063824,0.4445083329920874,0.7927980563063824,0.6423618022367197,61.913994473130884,96.66666666666667,5130.856139298164,-5.99649022942713,0.5993318675990978,0.14455996236045673,-0.599749022942713
R,0.25,1,0.5014364784755039,0.28329910396900554,0.6681958449567085,0.28329910396900554,0.5014364784755039,88.85779758715692,96.66666666666667,4970.854055708258,-7.669879186035974,0.5935972598796748,0.18375643041840725,-0.7670879186035975
R,0.25,1,0.9590128717189706,0.41973561369689316,0.9378663589629532,0.41973561369689316,0.9590128717189706,132.7401160845219,96.66666666666667,12263.073934285781,18.30094095476809,0.6653246415922421,8.255788996352803e-19,0.3320283748537999
R,0.25,1,0.33276147298203873,0.010644685880781934,0.18531183332606882,0.010644685880781934,0.33276147298203873,146.32138063901107,96.66666666666667,3190.2602467627917,-16.760583183360986,0.5580534150590131,0.38515098240600365,-1.6761583183360986
R,0.25,1,0.689983615899118,0.2073879498972671,0.3520758096163251,0.2073879498972671,0.689983615899118,178.26215428346578,96.66666666666667,9567.41423291206,6.779624367563625,0.6431687405475068,8.255788996352803e-19,0.3313534628562659
R,0.25,1,0.8874138327526689,0.34543172842238007,0.15094317883387776,0.34543172842238007,0.8874138327526689,225.68598606050276,96.66666666666667,14763.442310561002,23.757545211809223,0.6785489304471937,8.255788996352803e-19,0.33311843318699513
R,0.25,1,0.4207434592558648,0.9885164953075505,0.6193769767317362,0.9885164953075505,0.4207434592558648,158.54003847148573,96.66666666666667,13626.107613625452,22.94545371766356,0.6746627174532243,8.255788996352803e-19,0.33258494210857986
R,0.25,1,0.2336389798865819,0.40524563735152486,0.48211802014569904,0.40524563735152486,0.2336389798865819,14.308978000164373,96.66666666666667,629.5547002288656,-24.9001545689153,0.49858963224155733,0.5894562556752391,-2.4901154568915302
R,0.25,1,0.6131205606245389,0.4471031219214881,0.8383664518293911,0.4471031219214881,0.6131205606245389,116.98029559824428,96.66666666666667,8653.072873091003,5.778619705933516,0.6389617987409497,8.255788996352803e-19,0.3308048299272326
R,0.25,1,0.2619196696629965,0.6625308116927461,0.05356754657883178,0.6625308116927461,0.2619196696629965,107.78523201944088,96.66666666666667,5126.4502420884155,-7.474869653996294,0.5952087641039708,0.1653311942267217,-0.7475869653996294
R,0.25,1,0.20467889305338932,0.07725048362769327,0.9445554192446004,0.07725048362769327,0.20467889305338932,206.14639469793596,96.66666666666667,7773.85358485387,0.7238701274953697,0.6296199850822751,8.255788996352803e-19,0.07228701274953697
R,0.25,1,0.4077328055555593,0.32386338334434644,0.7224159694768528,0.32386338334434644,0.4077328055555593,121.10570190145928,96.66666666666667,6617.24082446572,-1.9799391666643724,0.620368729675039,0.018775572710778184,-0.19809391666643722
R,0.25,1,0.07736340887017584,0.9445670125863135,9.333590971305483e-05,0.9445670125863135,0.07736340887017584,36.698280400593205,96.66666666666667,1875.240089509984,-18.673641164215724,0.531177027443743,0.4855659535727715,-1.8674641164215724
R,0.25,1,0.4445743324356659,0.035336993378624004,0.33234719469086427,0.035336993378624004,0.4445743324356659,196.92996571022613,96.66666666666667,6361.674088186908,-5.352008655953674,0.6096286671619325,0.05727127529487754,-0.5353008655953675
R,0.25,1,0.5585303161952608,0.4870367394409273,0.7141933775413534,0.4870367394409273,0.5585303161952608,20.240993449187595,96.66666666666667,1419.5653830976148,-20.678322499014673,0.5196588067722245,0.5234301193051025,-2.0679322499014674
R,0.25,1,0.3732413636962643,0.8060135367259922,0.2467468160672066,0.8060135367259922,0.3732413636962643,42.53962105728893,96.66666666666667,2770.6657310104783,-15.027757083498308,0.5531232512725676,0.41335811589153887,-1.5028757083498308
R,0.25,1,0.35638196092541663,0.523843367735595,0.43724779111836215,0.523843367735595,0.35638196092541663,220.01940921961292,96.66666666666667,12088.407856717837,15.525203253382253,0.6605903519079269,8.255788996352803e-19,0.3323111837493231
R,0.25,1,0.9779922881789525,0.6089116650388467,0.39148401178711845,0.6089116650388467,0.9779922881789525,74.01882386907081,96.66666666666667,6597.467863418723,-1.0772304567090039,0.6229574079467252,0.008979572189883059,-0.10782304567090037
R,0.25,1,0.026365101284667014,0.13973892724350612,0.863120578803906,0.13973892724350612,0.026365101284667014,139.68953083355873,96.66666666666667,4174.372408380911,-11.264776860460001,0.5784578341907755,0.2879328816238511,-1.1265776860460002
R,0.25,1,0.14873563761919156,0.8488784438767057,0.6495746826204372,0.8488784438767057,0.14873563761919156,237.0232280581711,96.66666666666667,15671.992701111198,28.049165077691185,0.6857346964493369,8.255788996352803e-19,0.3335164134181393
R,0.25,1,0.7930907114042393,0.6772974348461435,0.3797687367997884,0.6772974348461435,0.7930907114042393,8.283626301481473,96.66666666666667,687.6538534991909,-24.60158443793283,0.5001112449392489,0.5857233264774726,-2.460258443793283
R,0.25,1,0.8583695565737646,0.09190752024055221,0.8965454937010537,0.09190752024055221,0.8583695565737646,53.81944081728619,96.66666666666667,3763.458473237804,-11.7352419186792,0.5743188289084138,0.3260005749946244,-1.17362419186792
R,0.25,1,0.7014160736372054,0.7074362032541744,0.09035988140040307,0.7074362032541744,0.7014160736372054,191.78866167166794,96.66666666666667,13943.344651968842,22.33344632759129,0.6746828389300811,8.255788996352803e-19,0.33276632038961945
R,0.25,1,0.1347363182762652,0.5785400341661637,0.059215003964046276,0.5785400341661637,0.1347363182762652,162.38500545609577,96.66666666666667,6031.659937698005,-5.105197552639256,0.6075903263373643,0.06978538733902233,-0.5106197552639256
R,0.25,1,0.8310377415426696,0.38601293821129873,0.1373638139103055,0.38601293821129873,0.8310377415426696,45.93666569576953,96.66666666666667,2953.1134004906953,-15.253471395912216,0.5564063856278594,0.4020248525367581,-1.5254471395912215
R,0.25,1,0.7632948278183831,0.8786338849999328,0.9994815617362018,0.8786338849999328,0.7632948278183831,96.53622688365915,96.66666666666667,10337.43460761617,12.94905868236268,0.6530002922778814,8.255788996352803e-19,0.3312840958009301
R,0.25,1,0.9091158100866682,0.6190342442516599,0.26120172540997233,0.6190342442516599,0.9091158100866682,243.9201691611272,96.66666666666667,20230.140214069004,42.260030612334745,0.7156483239605135,8.255788996352803e-19,0.3352463358588174
R,0.25,1,0.9215427107572373,0.19443173704340638,0.7730802263871673,0.19443173704340638,0.9215427107572373,234.90844358473785,96.66666666666667,17647.66784932798,33.77683411527943,0.6984552997844188,8.255788996352803e-19,0.3341513380422886
R,0.25,1,0.48568946068680385,0.9048341766310755,0.21708945772597898,0.9048341766310755,0.48568946068680385,215.7608004844824,96.66666666666667,16172.009533407476,29.821128429216543,0.689706741611624,8.255788996352803e-19,0.33360037360002637
R,0.25,1,0.735506071051206,0.7271298277930377,0.5533435332827333,0.7271298277930377,0.735506071051206,79.88734799923428,96.66666666666667,6947.433837519236,0.44357745461320114,0.6269544769185367,8.255788996352803e-19,0.044257745461320115
R,0.25,1,0.5288476414119684,0.534613005824941,0.806097428361332,0.534613005824941,0.5288476414119684,153.14507112729098,96.66666666666667,11229.434023156633,14.286548166763557,0.6570683457070964,8.255788996352803e-19,0.3317929556844957
R,0.25,1,0.053994168226407846,0.9325075727426276,0.6103782579983217,0.9325075727426276,0.053994168226407846,72.71566434017244,96.66666666666667,4696.307986593634,-7.402296148160143,0.5920782907065307,0.20962595368522358,-0.7403296148160143
R,0.25,1,0.0941829260032448,0.7704571943017382,0.2784698953667642,0.7704571943017382,0.0941829260032448,106.50942094329857,96.66666666666667,5346.107609542762,-6.117009021844301,0.6001532056815538,0.1269006135898273,-0.6118009021844302
R,0.25,1,0.6041993475692446,0.2743598823148154,0.7806224642316683,0.2743598823148154,0.6041993475692446,187.3589485713326,96.66666666666667,11886.71178167606,15.425896871790078,0.6602509478444896,8.255788996352803e-19,0.33212050863286663
R,0.25,1,0.1805160158344219,0.23741726843883793,0.5797707255780841,0.23741726843883793,0.1805160158344219,172.8170386488996,96.66666666666667,6116.156124288883,-4.892879892326586,0.6085948620784504,0.06399511732350158,-0.4893879892326586
R,0.25,1,0.9793838763615996,0.45475148733919013,0.4445083329920874,0.45475148733919013,0.9793838763615996,23.98358750298417,96.66666666666667,1986.3081618251301,-18.497064189451898,0.5337238089918318,0.4795241287186317,-1.84980641894519
R,0.25,1,0.3088691615518804,0.9467322733353755,0.9378663589629532,0.9467322733353755,0.3088691615518804,132.7401160845219,96.66666666666667,11445.746245154089,16.14801666533126,0.6600251056257312,8.255788996352803e-19,0.3317991105655561
R,0.25,1,0.6450621901078619,0.14205930422211588,0.9471691622099214,0.14205930422211588,0.6450621901078619,112.0298977149775,96.66666666666667,7061.838633981344,-0.2679414135332444,0.6264978319943232,0.0009126438559020458,-0.026894141353324443
R,0.25,1,0.7514298207070205,0.5622926843097724,0.816894419302266,0.5622926843097724,0.7514298207070205,145.98051324256272,96.66666666666667,12570.16094190108,19.161468843021773,0.6671333050166404,8.255788996352803e-19,0.332182147451787
R,0.25,1,0.7514298207070205,0.5622926843097724,0.816894419302266,0.5622926843097724,0.7514298207070205,145.98051324256272,96.66666666666667,12570.16094190108,19.161468843021773,0.6671333050166404,8.255788996352803e-19,0.332182147451787
R,0.25,1,0.689983615899118,0.6524472775728041,0.8436116385802229,0.6524472775728041,0.689983615899118,115.24602383588957,96.66666666666667,10166.06331255624,11.518455827696899,0.65067174660875,8.255788996352803e-19,0.33129904171093993
R,0.25,1,0.7940893099634261,0.8892099282030212,0.8383664518293911,0.8892099282030212,0.7940893099634261,116.98029559824428,96.66666666666667,12297.451006916854,19.306263320097475,0.6666971510639546,8.255788996352803e-19,0.3319966475829906
R,0.25,1,0.5084022695982156,0.27103340280728117,0.9169129892476914,0.27103340280728117,0.5084022695982156,9.411206727047428,96.66666666666667,582.5029544852933,-25.16746197771072,0.49727768184546545,0.5942001642457987,-2.516846197771072
R,0.25,1,0.8874138327526689,0.34543172842238007,0.6273303234883445,0.34543172842238007,0.8874138327526689,225.68598606050276,96.66666666666667,17451.289872758272,33.43800720697986,0.6976321652236769,8.255788996352803e-19,0.33406052518985374
R,0.25,1,0.6645275333310973,0.07725048362769327,0.04484428592015377,0.07725048362769327,0.6645275333310973,103.76009966276283,96.66666666666667,3964.674237774049,-13.31077254534341,0.5735473636608946,0.3155277817705713,-1.331177254534341
R,0.25,1,0.2336389798865819,0.6420241246753932,0.48211802014569904,0.6420241246753932,0.2336389798865819,14.308978000164373,96.66666666666667,798.9576085303371,-23.720321340714086,0.5033552192636124,0.5743969186197904,-2.3721321340714088
R,0.25,1,0.3960362622109585,0.32386338334434644,0.18470092783247505,0.32386338334434644,0.3960362622109585,11.209789656664393,96.66666666666667,455.25764378893086,-26.26719290345145,0.4935325608798509,0.6061269691063625,-2.626819290345145
R,0.25,1,0.8675350272011999,0.6625308116927461,0.7461458433133854,0.6625308116927461,0.8675350272011999,159.5656081836541,96.66666666666667,15183.774689257416,27.96483174294481,0.6854070769244875,8.255788996352803e-19,0.3330901138636757
R,0.25,1,0.9178420347242885,0.523843367735595,0.43724779111836215,0.523843367735595,0.9178420347242885,172.28825718356242,96.66666666666667,14302.58976706843,24.11096555476049,0.6781076603361237,8.255788996352803e-19,0.3328145207259188
R,0.25,1,0.14873563761919156,0.25371295504421915,0.8011210936536972,0.25371295504421915,0.14873563761919156,67.08123022170479,96.66666666666667,2693.3420478139565,-15.90059314316386,0.5503293409326252,0.420163455946794,-1.590159314316386
R,0.25,1,0.41682194403114636,0.3080017833950531,0.638974549793353,0.3080017833950531,0.41682194403114636,127.76144480587395,96.66666666666667,6671.13412417205,-2.036862103239824,0.6205204969626504,0.01854327225370194,-0.2037862103239824
R,0.25,1,0.03394469536660838,0.7678260520275149,0.7141933775413534,0.7678260520275149,0.03394469536660838,20.240993449187595,96.66666666666667,1172.831409194427,-21.371827747311688,0.5136904532530547,0.541140308877876,-2.137282774731169
R,0.25,1,0.6179973491024363,0.8060135367259922,0.7539211694441045,0.8060135367259922,0.6179973491024363,68.28937300319376,96.66666666666667,6149.360626026608,-1.9758790249139782,0.6178805722114689,0.025830606173452675,-0.1976879024913978
R,0.25,1,0.5651207024426943,0.5091951164571482,0.9875174247853771,0.5091951164571482,0.5651207024426943,182.7950912244815,96.66666666666667,14331.816349720213,24.525314462992682,0.6784035330184315,8.255788996352803e-19,0.3328864531646865
R,0.25,1,0.40300930421030334,0.9310843512022391,0.09061986674638245,0.9310843512022391,0.40300930421030334,71.18199163616214,96.66666666666667,4909.434735991906,-7.153344374314119,0.5944582424705862,0.18445039078859754,-0.7154344374314119
R,0.25,1,0.9626098725041965,0.3873341280119327,0.22774554548703152,0.3873341280119327,0.9626098725041965,150.36348927142114,96.66666666666667,11005.229884067647,12.615765577598593,0.6547722605430277,8.255788996352803e-19,0.3316842076183961
R,0.25,1,0.6814529153306041,0.5342427741960059,0.5097957198783298,0.5342427741960059,0.6814529153306041,144.84978435401155,96.66666666666667,10650.757925625898,12.092783501021145,0.6528248146118223,8.255788996352803e-19,0.3315674778459607
R,0.25,1,0.7509239023956873,0.36774184789365066,0.33758760560722517,0.36774184789365066,0.7509239023956873,189.87271877243762,96.66666666666667,12222.672282765301,16.134873559566753,0.6622558353558131,8.255788996352803e-19,0.332220116878371
R,0.25,1,0.8093109401502097,0.1685122481140391,0.07492950962766348,0.1685122481140391,0.8093109401502097,169.5013411690535,96.66666666666667,8604.633401225212,2.9659368401893644,0.6359669136200696,8.255788996352803e-19,0.29649368401893644
R,0.25,1,0.1347363182762652,0.9710032450983678,0.49598675817307997,0.9710032450983678,0.1347363182762652,47.79531448249975,96.66666666666667,3235.1045855125744,-12.7240306947465,0.5649397478020112,0.3704134926744523,-1.27250306947465
R,0.25,1,0.7632948278183831,0.42514097604447004,0.9994815617362018,0.42514097604447004,0.7632948278183831,58.776292260213225,96.66666666666667,4961.238016549758,-6.561774741264571,0.5965284952661654,0.17115678626286032,-0.6562774741264572
R,0.25,1,0.48568946068680385,0.9048341766310755,0.7690994609582416,0.9048341766310755,0.48568946068680385,159.9071637457906,96.66666666666667,14192.347384255347,24.88761386467516,0.6786854472660083,8.255788996352803e-19,0.33277586710825335
R,0.25,1,0.23262393560179162,0.7131496398663496,0.1373638139103055,0.7131496398663496,0.23262393560179162,174.08973486140934,96.66666666666667,8830.314298188718,5.037981370159291,0.6383924737170221,8.255788996352803e-19,0.331117678665542
R,0.25,1,0.8517120528643211,0.6190342442516599,0.5108629859294692,0.6190342442516599,0.8517120528643211,172.06914788331918,96.66666666666667,14851.097071714983,26.229024047422698,0.6822173598239212,8.255788996352803e-19,0.3330042866062256
R,0.25,1,0.9215427107572373,0.5912153246217912,0.7730802263871673,0.5912153246217912,0.9215427107572373,128.01190403630474,96.66666666666667,12156.638616570424,18.117539875904733,0.6648042605212695,8.255788996352803e-19,0.3319786230236532
R,0.25,1,0.05041181786242899,0.2743598823148154,0.794677745765598,0.2743598823148154,0.05041181786242899,182.67096888877816,96.66666666666667,6595.4319012854485,-2.8790310390450213,0.6170492818602682,0.02881722059842465,-0.2880031039045021
R,0.25,1,0.304299274971812,0.6082336911835635,0.4292750448227242,0.6082336911835635,0.304299274971812,126.90662608718483,96.66666666666667,7152.270186452421,0.016191623064340077,0.6270886730480718,8.255788996352803e-19,0.0015191623064340076
R,0.25,1,0.29988991105524926,0.9633264161772405,0.5118798247327665,0.9633264161772405,0.29988991105524926,31.746471524143693,96.66666666666667,2411.3925150575415,-15.919851641002989,0.5451365727037257,0.44104617023221826,-1.5920851641002989
R,0.25,1,0.6561392505629698,0.4376526314099761,0.8086657938056852,0.4376526314099761,0.6561392505629698,40.43375189051582,96.66666666666667,3028.740280504876,-13.952783939014337,0.5594487458015315,0.3914234933289075,-1.3953783939014337
R,0.25,1,0.8463792596896644,0.8178961311892858,0.7573195474739559,0.8178961311892858,0.8463792596896644,90.90214095538273,96.66666666666667,9285.359014831258,9.028387344156712,0.6449628649535283,8.255788996352803e-19,0.33090431425741124
R,0.25,1,0.2694221212080989,0.8384905014254999,0.3882368183731191,0.8384905014254999,0.2694221212080989,72.71566434017244,96.66666666666667,4733.9025735161495,-7.649810003621008,0.5917550478847285,0.20844964524744725,-0.7650810003621008
R,0.25,1,0.26539192429913655,0.41623058946124114,0.30538553626811055,0.41623058946124114,0.26539192429913655,66.4445589828984,96.66666666666667,2771.785547908408,-15.984497669872036,0.5517829080787394,0.4155243512444859,-1.5985497669872035
R,0.25,1,0.6423618022367197,0.7927980563063824,0.466102967927536,0.7927980563063824,0.6423618022367197,111.58207442328134,96.66666666666667,9307.124108668184,8.362257980666556,0.6441896430011853,8.255788996352803e-19,0.33099953204186905
R,0.25,1,0.7990256204779147,0.7271298277930377,0.9091529829621762,0.7271298277930377,0.7990256204779147,165.30600664093802,96.66666666666667,16371.344359328443,32.120447321526264,0.6937939411776534,8.255788996352803e-19,0.33354741888728345
R,0.25,1,0.8081374882292897,0.14205930422211588,0.19050368563202064,0.14205930422211588,0.8081374882292897,72.18531738489635,96.66666666666667,3773.3020773192584,-12.994807258347624,0.5721693048935566,0.33052706609800764,-1.2995807258347623
R,0.25,1,0.1175142873408419,0.1839957008592965,0.3014585994148911,0.1839957008592965,0.1175142873408419,30.13580093525441,96.66666666666667,681.4296577742077,-25.114372379792602,0.49972199404446965,0.5844180751673376,-2.5115372379792604
R,0.25,1,0.4052233844156122,0.04505564856882638,0.6886456383729402,0.04505564856882638,0.4052233844156122,32.26251076331555,96.66666666666667,1281.7925404107204,-22.0502306193703,0.5154391489803777,0.5357029806105378,-2.20512306193703
R,0.25,1,0.21379529175033518,0.9056074356997377,0.8383664518293911,0.9056074356997377,0.21379529175033518,56.61418134502222,96.66666666666667,4355.289208934844,-8.301457047567252,0.5872627107037384,0.2512803643271474,-0.8302457047567252
R,0.25,1,0.689983615899118,0.4337633118762312,0.437129771350381,0.4337633118762312,0.689983615899118,246.58476095215502,96.66666666666667,16549.68188214775,29.83388359642247,0.6904294275490878,8.255788996352803e-19,0.33379096669890884
R,0.25,1,0.3573600511808801,0.34543172842238007,0.6309730191698566,0.34543172842238007,0.3573600511808801,225.68598606050276,96.66666666666667,11490.556988971906,13.300403578840875,0.6560847730357725,8.255788996352803e-19,0.332152734391479
R,0.25,1,0.9559250418174345,0.7965743083746236,0.371784863860171,0.7965743083746236,0.9559250418174345,33.503779071318405,96.66666666666667,3247.172501093973,-12.932301369779012,0.5650770957590726,0.37175517316679607,-1.2933301369779011
R,0.25,1,0.5627695384401732,0.6420241246753932,0.28849401880475484,0.6420241246753932,0.5627695384401732,55.34380171315336,96.66666666666667,3733.051974140607,-11.643392736312835,0.5741869868832511,0.3278213634714647,-1.1644392736312834
R,0.25,1,0.8626549068730153,0.47075105371036197,0.7224159694768528,0.47075105371036197,0.8626549068730153,121.10570190145928,96.66666666666667,10261.37056500991,11.344902424873228,0.6508496601690312,8.255788996352803e-19,0.3313438169437123
R,0.25,1,0.35638196092541663,0.523843367735595,0.4202090187699197,0.523843367735595,0.35638196092541663,126.13176186862367,96.66666666666667,6876.261174533473,-1.1389365569000218,0.6237873054726356,0.007881856578945003,-0.11399365569000217
R,0.25,1,0.41682194403114636,0.8788894833331709,0.638974549793353,0.8788894833331709,0.41682194403114636,61.681727664661125,96.66666666666667,4981.4123238588345,-6.236637195269791,0.5975575907376262,0.16469770249230498,-0.6237637195269792
R,0.25,1,0.8599476740356734,0.05787683926327103,0.8384960576536644,0.05787683926327103,0.8599476740356734,113.17373652797606,96.66666666666667,7566.074780066692,1.239959399964066,0.6302697417581261,8.255788996352803e-19,0.1238959399964066
R,0.25,1,0.5651207024426943,0.5091951164571482,0.9875174247853771,0.5091951164571482,0.5651207024426943,44.7592682762164,96.66666666666667,3509.2934311612344,-11.816548793176471,0.5713594050294751,0.3462430984815063,-1.1817548793176471
R,0.25,1,0.7024191492623966,0.9259590093105191,0.7285163765625142,0.9259590093105191,0.7024191492623966,76.02324292083297,96.66666666666667,7574.333852488799,3.251230528643419,0.6323339807744879,8.255788996352803e-19,0.3250230528643419
R,0.25,1,0.13662416672652533,0.5922278959423796,0.7141933775413534,0.5922278959423796,0.13662416672652533,20.240993449187595,96.66666666666667,1099.034078202101,-21.953902220502066,0.5115413098992873,0.5480592125716643,-2.1954902220502066
R,0.25,1,0.6179973491024363,0.9949680942405663,0.7079355484815759,0.9949680942405663,0.6179973491024363,38.02409428706668,96.66666666666667,3739.5427060884754,-10.4833755152134,0.5769818704611286,0.3208640931920817,-1.04843755152134
R,0.25,1,0.6810127831039401,0.3337025894753731,0.3991392587912646,0.3337025894753731,0.6810127831039401,131.94040984365523,96.66666666666667,8010.6630413789,2.4366615013742288,0.6331141170089538,8.255788996352803e-19,0.2435661501374229
R,0.25,1,0.7953323943407715,0.6985203039333033,0.22774554548703152,0.6985203039333033,0.7953323943407715,175.22099029401267,96.66666666666667,14085.362457630508,23.341953033332636,0.6764871795663976,8.255788996352803e-19,0.33275729600594295
R,0.25,1,0.6814529153306041,0.9227261834266691,0.3820496545692676,0.9227261834266691,0.6814529153306041,144.84978435401155,96.66666666666667,13001.745077932257,20.775822089141112,0.6703900416490391,8.255788996352803e-19,0.33231798339208307
R,0.25,1,0.5819274894864119,0.1685122481140391,0.2656226094330831,0.1685122481140391,0.5819274894864119,51.946609394734566,96.66666666666667,2294.094844636649,-18.35628036298389,0.5399612703114857,0.45685249818842794,-1.8357280362983892
R,0.25,1,0.664528026313188,0.4682492871701662,0.7816791868786346,0.4682492871701662,0.664528026313188,162.38500545609577,96.66666666666667,12370.626987181888,17.936930618109674,0.6649126140647071,8.255788996352803e-19,0.33217917764959665
R,0.25,1,0.8274229147789389,0.3672452545675221,0.4628163992654379,0.3672452545675221,0.8274229147789389,188.22683339788597,96.66666666666667,13421.291955825312,20.469506977679217,0.6709935088337744,8.255788996352803e-19,0.3325846068937036
R,0.25,1,0.7282833379804936,0.07288804768550161,0.33758760560722517,0.07288804768550161,0.7282833379804936,189.87271877243762,96.66666666666667,9208.496372467214,4.953737731440696,0.6399643978563027,8.255788996352803e-19,0.3312831954105663
R,0.25,1,0.7632948278183831,0.8786338849999328,0.9994815617362018,0.8786338849999328,0.7632948278183831,93.7766256109992,96.66666666666667,10041.926914596468,11.954924113455961,0.6508683001464697,8.255788996352803e-19,0.33117549878126906
R,0.25,1,0.8517120528643211,0.9812118651739499,0.6510514742299794,0.9812118651739499,0.8517120528643211,24.134816675301728,96.66666666666667,2604.689336499609,-15.046240244852019,0.5501097077171128,0.4254945658354782,-1.5047240244852018
R,0.25,1,0.6041993475692446,0.837423880215207,0.2979545176131158,0.837423880215207,0.6041993475692446,105.10876915863314,96.66666666666667,8359.302968435197,4.981700981382341,0.6371004348375657,8.255788996352803e-19,0.33064983167066186
R,0.25,1,0.4738794288705923,0.5785433395923355,0.1373638139103055,0.5785433395923355,0.4738794288705923,224.09478115850564,96.66666666666667,12561.685344679612,16.7580211647128,0.6635522227092258,8.255788996352803e-19,0.33245843275108544
R,0.25,1,0.304299274971812,0.6082336911835635,0.23151838722448226,0.6082336911835635,0.304299274971812,132.3844409248198,96.66666666666667,6806.494133910572,-1.5788610244548198,0.6223685450783392,0.012452747580909423,-0.15798610244548197
R,0.25,1,0.697472211458994,0.6718176801220321,0.03140931041901107,0.6718176801220321,0.697472211458994,128.01190403630474,96.66666666666667,8864.789450727745,5.748685506294407,0.6398064054984669,8.255788996352803e-19,0.33091315601987614
R,0.25,1,0.45129581864054125,0.9896699761657816,0.2784698953667642,0.9896699761657816,0.45129581864054125,32.65734237793709,96.66666666666667,2580.2578336678353,-15.424620595496847,0.5490464354799532,0.4281620306353926,-1.5425620595496847
R,0.25,1,0.29988991105524926,0.708868443745562,0.12630752899479114,0.708868443745562,0.29988991105524926,142.50237050080003,96.66666666666667,7637.500898426541,1.2976300536257597,0.6302609119977369,8.255788996352803e-19,0.12966300536257597
R,0.25,1,0.8463792596896644,0.8178961311892858,0.8379230507256745,0.8178961311892858,0.8463792596896644,90.90214095538273,96.66666666666667,9468.534790183392,9.756664600554547,0.6464210418187262,8.255788996352803e-19,0.3309671015316202
R,0.25,1,0.053994168226407846,0.5668488917514286,0.807247875858286,0.5668488917514286,0.053994168226407846,118.77486670296975,96.66666666666667,6084.046555899653,-3.3068090796945744,0.6130094981842725,0.04668809312236601,-0.3307809079694574
R,0.25,1,0.6450621901078619,0.7542329389203788,0.4690667549564522,0.7542329389203788,0.6450621901078619,14.229984119015104,96.66666666666667,1162.4676850390592,-21.870887561832355,0.5130169994134373,0.5446893091925389,-2.1871887561832355
R,0.25,1,0.3893558194807521,0.6816792615061499,0.9378663589629532,0.6816792615061499,0.3893558194807521,80.83797614986491,96.66666666666667,6224.395875564588,-1.9091708305420192,0.6184148560920746,0.023746890197602386,-0.1910170830542019
R,0.25,1,0.6962219162490519,0.9943902360641016,0.8484873557865714,0.9943902360641016,0.6962219162490519,111.58207442328134,96.66666666666667,11799.000032030266,17.80763723656647,0.6633677702080405,8.255788996352803e-19,0.33182020776070764
R,0.25,1,0.9344897265034156,0.8167170794282177,0.5533435332827333,0.8167170794282177,0.9344897265034156,182.93374342995733,96.66666666666667,18548.370925108866,38.86736919666481,0.7079381694409707,8.255788996352803e-19,0.33444659568289536
R,0.25,1,0.7818835223875353,0.7862718696590031,0.816894419302266,0.7862718696590031,0.7818835223875353,98.80248511252108,96.66666666666667,9764.662456380232,10.589165195733123,0.6483463253899753,8.255788996352803e-19,0.33109912418869875
R,0.25,1,0.8434848305250024,0.34543172842238007,0.6309730191698566,0.34543172842238007,0.8434848305250024,72.19617537423996,96.66666666666667,5430.607388465172,-5.574047591167094,0.6026855246933498,0.11078097132779753,-0.5575047591167095
R,0.25,1,0.6605622286493625,0.7422926630983468,0.3520758096163251,0.7422926630983468,0.6605622286493625,83.33017886502154,96.66666666666667,6578.470957284744,-1.171798750335904,0.6225110568444029,0.010205793542067484,-0.11727987503359039
R,0.25,1,0.6131205606245389,0.7725803940799255,0.5665678268684587,0.7725803940799255,0.6131205606245389,116.98029559824428,96.66666666666667,9761.91716119306,9.946616937317941,0.6475008337628045,8.255788996352803e-19,0.33117422800073804
R,0.25,1,0.980139415627684,0.6724400300103537,0.5825020238667206,0.6724400300103537,0.980139415627684,64.0387218961466,96.66666666666667,6224.020904283707,-1.964973109797806,0.6184810571731464,0.02436597015000388,-0.1965973109797806
R,0.25,1,0.7498218800037056,0.43070267379867105,0.6352423285763904,0.43070267379867105,0.7498218800037056,97.14746519019558,96.66666666666667,7277.05294990222,0.9282440476353957,0.6287723516524494,8.255788996352803e-19,0.09272440476353958
R,0.25,1,0.20467889305338932,0.48982307079409404,0.5698765211465445,0.48982307079409404,0.20467889305338932,128.40306334409098,96.66666666666667,6288.156258902449,-3.15605834451691,0.6148463804581561,0.038715551174790815,-0.315705834451691
R,0.25,1,0.8287866907944672,0.8356256406476101,0.6285036288114225,0.8356256406476101,0.8287866907944672,86.65041686608456,96.66666666666667,8572.6036537843,6.455357069510268,0.6395654519190659,8.255788996352803e-19,0.330641844977269
R,0.25,1,0.7599058869855427,0.8571989169382755,0.18139337459171367,0.8571989169382755,0.7599058869855427,93.40069480692425,96.66666666666667,7975.49229361095,3.736091118554881,0.6344261015003889,8.255788996352803e-19,0.33045821828815847
R,0.25,1,0.9209020258445324,0.523843367735595,0.3586241734970347,0.523843367735595,0.9209020258445324,114.16238807829706,96.66666666666667,9270.314016537002,7.633257883124193,0.6433970862292107,8.255788996352803e-19,0.3309849446129619
R,0.25,1,0.8513603703873349,0.9207856002455416,0.6291708882854069,0.9207856002455416,0.8513603703873349,107.12288822945601,96.66666666666667,11176.834805494953,15.439836799669012,0.6586471132639861,8.255788996352803e-19,0.3315910836491062
R,0.25,1,0.7429330312584433,0.6264894139962879,0.6969254168827902,0.6264894139962879,0.7429330312584433,45.29824674372664,96.66666666666667,3890.859278475594,-10.462996678616534,0.5782416563189302,0.30855370234614354,-1.0463996678616534
R,0.25,1,0.9697759223284301,0.9259590093105191,0.6429175803070557,0.9259590093105191,0.9697759223284301,76.02324292083297,96.66666666666667,8427.912845718762,6.288299650428596,0.6389011735105364,8.255788996352803e-19,0.33054420439636306
R,0.25,1,0.5585303161952608,0.4870367394409273,0.5435103293887191,0.4870367394409273,0.5585303161952608,87.76748606693079,96.66666666666667,5780.902980925984,-4.412900223236929,0.6082327336970141,0.0729785213247081,-0.44139002232369295
R,0.25,1,0.6179973491024363,0.46930140787871677,0.46469222937451066,0.46930140787871677,0.6179973491024363,68.28937300319376,96.66666666666667,4505.886043655784,-8.985714031122825,0.5868027061600013,0.24297483143440093,-0.8986714031122824
R,0.25,1,0.3527147829838094,0.3873341280119327,0.589536589153394,0.3873341280119327,0.3527147829838094,114.15206106705568,96.66666666666667,5906.32584218725,-4.512290696522384,0.6086115095891605,0.06841448080826651,-0.4513290696522384
R,0.25,1,0.8189341467271711,0.3337025894753731,0.41461799891028517,0.3337025894753731,0.8189341467271711,164.45984899274026,96.66666666666667,11182.823516229213,13.0804214084012,0.6556791990105129,8.255788996352803e-19,0.33180203325899865
R,0.25,1,0.9034939663070202,0.5789078799642872,0.6978453899933386,0.5789078799642872,0.9034939663070202,125.33363357104797,96.66666666666667,11476.327950247405,15.692115594184955,0.6598236271287199,8.255788996352803e-19,0.331749783805541
R,0.25,1,0.32280294279209487,0.7532255377389991,0.8110112676867065,0.7532255377389991,0.32280294279209487,189.87271877243762,96.66666666666667,14065.145512519593,23.64580140847704,0.6764210902784946,8.255788996352803e-19,0.3328349584574123
R,0.25,1,0.8332123925212108,0.1685122481140391,0.5728923643309746,0.1685122481140391,0.8332123925212108,89.98571754180018,96.66666666666667,5795.848790306775,-4.970586379950648,0.6070176866981769,0.07862479630458657,-0.4971586379950648
R,0.25,1,0.8274229147789389,0.5434894657085606,0.8990030387912505,0.5434894657085606,0.8274229147789389,89.16258484049806,96.66666666666667,8115.640439657552,4.6009786367583985,0.635844836867777,8.255788996352803e-19,0.3304927868815566
R,0.25,1,0.664528026313188,0.13795887399700335,0.6279871970307515,0.13795887399700335,0.664528026313188,105.10154143362156,96.66666666666667,5867.19107035729,-4.974925714027863,0.6073847733088257,0.07513952959095475,-0.49759257140278634
R,0.25,1,0.7477987430301238,0.8620107399958297,0.816603967165883,0.8620107399958297,0.7477987430301238,93.7766256109992,96.66666666666667,9462.584172272342,9.710402664318513,0.6463151271251487,8.255788996352803e-19,0.33097987234437287
R,0.25,1,0.5686156148989185,0.6190342442516599,0.5108629859294692,0.6190342442516599,0.5686156148989185,63.78339318236963,96.66666666666667,4602.231263805831,-8.228798906513415,0.5893770822276507,0.227145938108175,-0.8229798906513415
R,0.25,1,0.9084907815978509,0.9849582477073586,0.641994837190956,0.9849582477073586,0.9084907815978509,174.08973486140934,96.66666666666667,19275.61974899102,41.84502022613879,0.7137651564831947,8.255788996352803e-19,0.3347844812266718
R,0.25,1,0.697472211458994,0.9618965626030026,0.3324575195559082,0.9618965626030026,0.697472211458994,70.29244083947647,96.66666666666667,6416.285332206943,-1.2090854181105137,0.6216154077158488,0.01189507402025923,-0.12100854181105136
R,0.25,1,0.3211342201995953,0.7940497866166274,0.5706971080861825,0.7940497866166274,0.3211342201995953,50.288966727380505,96.66666666666667,3521.566767683352,-11.828718149490577,0.5715033251482734,0.34507828539482227,-1.1829718149490576
R,0.25,1,0.8434848305250024,0.7550992282285225,0.8091949526622945,0.7550992282285225,0.8434848305250024,126.90662608718483,96.66666666666667,12710.850502887171,20.33710855743516,0.6691427405849592,8.255788996352803e-19,0.3321609591666295
R,0.25,1,0.0941829260032448,0.7704571943017382,0.29026466304225385,0.7704571943017382,0.0941829260032448,106.50942094329857,96.66666666666667,5377.513956424691,-5.986792962132454,0.6007307655430925,0.12239626193113487,-0.5987792962132454
R,0.25,1,0.915127410531505,0.5406362738756251,0.7573195474739559,0.5406362738756251,0.915127410531505,90.90214095538273,96.66666666666667,8337.650988203817,5.226129569318411,0.637384268273093,8.255788996352803e-19,0.3305741605399867
R,0.25,1,0.9869194125129909,0.708868443745562,0.7310116087974066,0.708868443745562,0.9869194125129909,142.50237050080003,96.66666666666667,14686.961647096534,26.718154501656784,0.682659844608354,8.255788996352803e-19,0.33286439775720156
R,0.25,1,0.053994168226407846,0.5668488917514286,0.6920690676551815,0.5668488917514286,0.053994168226407846,193.48702349641718,96.66666666666667,9353.913385539501,7.02184930656251,0.6420738042089346,8.255788996352803e-19,0.33138244793002947
R,0.25,1,0.5285543642652525,0.69805684241859,0.5533435332827333,0.69805684241859,0.5285543642652525,61.86058566250905,96.66666666666667,4649.6982573187715,-7.844738209674214,0.5907109780537727,0.21875606910497242,-0.7845738209674215
R,0.25,1,0.6899729685072518,0.6690645271060125,0.294590859884377,0.6690645271060125,0.6899729685072518,61.316580244741935,96.66666666666667,4618.1591852558895,-8.289860666453206,0.589423328695639,0.22599478481804372,-0.8290860666453206
R,0.25,1,0.3088691615518804,0.5577572435409751,0.622682545210929,0.5577572435409751,0.3088691615518804,132.7401160845219,96.66666666666667,7818.178314074483,2.457513534953135,0.6321422524103593,8.255788996352803e-19,0.24565135349531353
R,0.25,1,0.9548681178358709,0.5818495386520769,0.466102967927536,0.5818495386520769,0.9548681178358709,66.28997660150698,96.66666666666667,5865.897745530668,-3.61020799316485,0.6113160935331157,0.05769587954235043,-0.361120799316485
R,0.25,1,0.6975587707028369,0.49470340405155067,0.6190880998117034,0.49470340405155067,0.6975587707028369,59.89965683445567,96.66666666666667,4497.883874449888,-8.642047802108943,0.5875679450283343,0.24097255747902582,-0.8643047802108942
R,0.25,1,0.7183621361353708,0.6074874429033553,0.6347623425143369,0.6074874429033553,0.7183621361353708,48.04619643003114,96.66666666666667,3947.5493704292,-10.37218122052949,0.5789245084160352,0.303223624805875,-1.0373181220529488
R,0.25,1,0.8805896040680973,0.7720826547623393,0.7785320910652601,0.7720826547623393,0.8805896040680973,35.42190552574299,96.66666666666667,3616.4672853272186,-11.157075916739265,0.5743396783206015,0.33480971578698265,-1.1158075916739265
R,0.25,1,0.7643545016622673,0.9019266396849144,0.9339059017968223,0.9019266396849144,0.7643545016622673,52.29487156863114,96.66666666666667,5577.860143990435,-3.5626664976711324,0.6096480390115396,0.06981182460496331,-0.35636664976711324
R,0.25,1,0.9213286731797088,0.07725048362769327,0.8214652229122889,0.07725048362769327,0.9213286731797088,85.78708503042091,96.66666666666667,6045.037424919886,-3.796213171646831,0.611991543267035,0.05324711722278858,-0.37972131716468305
R,0.25,1,0.298094659340533,0.9014287119791696,0.8383664518293911,0.9014287119791696,0.298094659340533,109.10471302686354,96.66666666666667,8830.425938297489,7.226294502543047,0.6411122262142419,8.255788996352803e-19,0.3308454895347624
R,0.25,1,0.8287866907944672,0.2874037224929422,0.688774718865414,0.2874037224929422,0.8287866907944672,13.480867377353189,96.66666666666667,984.49276241749,-23.12026924318537,0.5080095433331463,0.5607174327598781,-2.312126924318537
R,0.25,1,0.923336603092682,0.9885164953075505,0.9434108202534855,0.9885164953075505,0.923336603092682,179.25664907942337,96.66666666666667,21363.435556164684,48.95204910830567,0.7281815021689931,8.255788996352803e-19,0.33589669411890016
R,0.25,1,0.8513603703873349,0.4706242924829159,0.9439775445055211,0.4706242924829159,0.8513603703873349,107.12288822945601,96.66666666666667,9608.780788864779,9.543773198734106,0.6466150604790168,8.255788996352803e-19,0.33107716542681925
R,0.25,1,0.35217571371497086,0.21995566387767118,0.3710921859816917,0.21995566387767118,0.35217571371497086,209.39516403460442,96.66666666666667,7932.699911907679,0.6108085395141665,0.630309881308408,8.255788996352803e-19,0.06098085395141665
R,0.25,1,0.9209020258445324,0.10272810334848448,0.3586241734970347,0.10272810334848448,0.9209020258445324,126.39527077733872,96.66666666666667,7602.310355671104,0.5011512188115451,0.6298066055990175,8.255788996352803e-19,0.05001512188115451
R,0.25,1,0.7831141345886528,0.13677657244258978,0.7285163765625142,0.13677657244258978,0.7831141345886528,171.14104363597986,96.66666666666667,10988.529106388592,12.299756913374587,0.6540604157022214,8.255788996352803e-19,0.3317714701519683
R,0.25,1,0.5651207024426943,0.2811266229944021,0.44575731494966575,0.2811266229944021,0.5651207024426943,66.44633891783526,96.66666666666667,3551.97537032149,-13.020217075477607,0.5697277901229202,0.3482050729930481,-1.3021217075477607
R,0.25,1,0.9410448868929902,0.5565295631226441,0.5435103293887191,0.5565295631226441,0.9410448868929902,139.27319260864147,96.66666666666667,12321.009210883916,18.15644798702084,0.6653212134835859,8.255788996352803e-19,0.3320660771432319
R,0.25,1,0.9027523068057369,0.2823621896762609,0.7791872024001203,0.2823621896762609,0.9027523068057369,55.52165467229323,96.66666666666667,4371.51996045835,-9.21695457827709,0.5852216814520254,0.25757990525498553,-0.9217954578277089
R,0.25,1,0.6810127831039401,0.3337025894753731,0.3991392587912646,0.3337025894753731,0.6810127831039401,153.80391659650616,96.66666666666667,9338.089458407141,6.768899828783824,0.6424474099667394,8.255788996352803e-19,0.33118052983516283
R,0.25,1,0.877254779305247,0.25653498340562036,0.9147816090890444,0.25653498340562036,0.877254779305247,103.70081278413612,96.66666666666667,8250.335905535332,4.366793480751828,0.6361112513741399,8.255788996352803e-19,0.33059929500236696
R,0.25,1,0.4264740335650664,0.983757684491098,0.6181747705598577,0.983757684491098,0.4264740335650664,157.10808603978163,96.66666666666667,13505.946680838357,22.55494607330178,0.6738487216042097,8.255788996352803e-19,0.3325404114948098
R,0.25,1,0.8274229147789389,0.359727720568289,0.06168187659710073,0.359727720568289,0.8274229147789389,89.16258484049806,96.66666666666667,5429.963851010172,-6.67195951147762,0.6000524684958896,0.12353041520037447,-0.667295951147762
R,0.25,1,0.8093109401502097,0.6122560611149674,0.6190880998117034,0.6122560611149674,0.8093109401502097,169.5013411690535,96.66666666666667,14671.282244302969,25.771418886878266,0.6811463981779023,8.255788996352803e-19,0.33294047906117524
R,0.25,1,0.664528026313188,0.8987295049467953,0.7816791868786346,0.8987295049467953,0.664528026313188,55.68459791304852,96.66666666666667,5440.655633596239,-4.263177099194269,0.6065858141686394,0.09029437774453056,-0.4264177099194269
R,0.25,1,0.7477987430301238,0.13689259851593805,0.816603967165883,0.13689259851593805,0.7477987430301238,71.85966121493298,96.66666666666667,4645.703114846993,-8.686962088110633,0.5886825887407451,0.22670863217184012,-0.8687962088110632
R,0.25,1,0.7282833379804936,0.021641087238820855,0.18375645071189228,0.021641087238820855,0.7282833379804936,180.26489572813162,96.66666666666667,7587.373351480708,-1.0673612820624068,0.6274040722102875,0.003247375688506231,-0.10683612820624067
R,0.25,1,0.23262393560179162,0.971565033059667,0.41434851518524585,0.971565033059667,0.23262393560179162,59.37863802554807,96.66666666666667,4190.241306715539,-9.277394108694459,0.5834454265076594,0.27442441083461755,-0.9278394108694459
R,0.25,1,0.772847485446653,0.6190342442516599,0.5108629859294692,0.6190342442516599,0.772847485446653,32.638948577127614,96.66666666666667,2688.328578246079,-15.292008370581438,0.5513078515193703,0.4207491606329756,-1.5293008370581438
R,0.25,1,0.7149215487872795,0.6082336911835635,0.3386049091815707,0.6082336911835635,0.7149215487872795,126.90662608718483,96.66666666666667,9470.138529733724,8.199741515036168,0.6445828790233367,8.255788996352803e-19,0.3311116300397603
R,0.25,1,0.7712342660138732,0.44873801387390466,0.1239329204557531,0.44873801387390466,0.7712342660138732,112.10971513577151,96.66666666666667,7185.889348793794,-0.3295275564212696,0.6271002296702551,0.001070127949238814,-0.03305275564212696
R,0.25,1,0.3209695080837536,0.708868443745562,0.13532336842106174,0.708868443745562,0.3209695080837536,154.7841598649272,96.66666666666667,8493.777955824551,4.152132929277416,0.6364025416506409,8.255788996352803e-19,0.33091930680778425
R,0.25,1,0.990739025964458,0.6303253295545775,0.6413222089108451,0.6303253295545775,0.990739025964458,49.3515739118703,96.66666666666667,4791.360377724491,-7.105321811847427,0.5938956094375542,0.19586708542297104,-0.7106321811847427
R,0.25,1,0.27426395830253464,0.5181948699199829,0.4133130599973923,0.5181948699199829,0.27426395830253464,176.16843945624373,96.66666666666667,8800.629674729858,4.890834700271869,0.6381057577152454,8.255788996352803e-19,0.33111695459444473
R,0.25,1,0.43811608281920494,0.5064620947715035,0.9414437443367113,0.5064620947715035,0.43811608281920494,90.90214095538273,96.66666666666667,6432.690230867931,-1.573179645970745,0.6205423038341995,0.016448100099929506,-0.1574179645970745
R,0.25,1,0.053994168226407846,0.8053281635947874,0.8760976557878201,0.8053281635947874,0.053994168226407846,18.517703258052954,96.66666666666667,1201.216707558017,-21.11524468406147,0.5145475707169131,0.5385522258626136,-2.111624468406147
R,0.25,1,0.3980670906033433,0.8073055707837236,0.3337702742263332,0.8073055707837236,0.3980670906033433,79.88734799923428,96.66666666666667,5481.301814672563,-5.086978659136308,0.6042252721884442,0.10082165620279096,-0.5087978659136309
R,0.25,1,0.5088729839945995,0.9996957806263644,0.38250670167386003,0.9996957806263644,0.5088729839945995,106.94812333289705,96.66666666666667,9089.639262398841,7.89342464479641,0.642875763157839,8.255788996352803e-19,0.33091254715466656
R,0.25,1,0.4865592646273333,0.6068628948975402,0.4511300915191081,0.6068628948975402,0.4865592646273333,97.74867642305973,96.66666666666667,6446.462676775168,-2.035594381875871,0.6193871652684514,0.021894327265325798,-0.20365943818758708
R,0.25,1,0.4618861919115602,0.5577572435409751,0.4039754634185877,0.5577572435409751,0.4618861919115602,144.08797663250587,96.66666666666667,8801.118153377725,5.485885458293525,0.6390467756673208,8.255788996352803e-19,0.3309728150417245
R,0.25,1,0.3573600511808801,0.6726368156037539,0.6193659106095347,0.6726368156037539,0.3573600511808801,54.781683144018025,96.66666666666667,3669.4957764068013,-11.447203503127472,0.5739705361393137,0.33162576944117733,-1.1448203503127472
R,0.25,1,0.8036386045879249,0.4084687712789817,0.6050142909650553,0.4084687712789817,0.8036386045879249,85.11043403565081,96.66666666666667,6445.474965437492,-1.963356055430901,0.6197486324959427,0.020912190077680085,-0.19643560554309009
R,0.25,1,0.7818835223875353,0.68903265641935,0.5661639779405201,0.68903265641935,0.7818835223875353,117.50868110219648,96.66666666666667,10305.500567558074,11.745606520748671,0.6514437370360242,8.255788996352803e-19,0.33134686117229495
R,0.25,1,0.6131205606245389,0.0861274842495452,0.4846272510140506,0.0861274842495452,0.6131205606245389,70.2806760389084,96.66666666666667,3308.67953633541,-14.425524327118579,0.5639045704800276,0.37207004346979455,-1.4426524327118577
R,0.25,1,0.9836172619833484,0.9851182084445382,0.5520438965392315,0.9851182084445382,0.9836172619833484,6.713119485056884,96.66666666666667,753.46623833421,-24.043928476943243,0.5020494830667073,0.5796642552808521,-2.4044928476943244
R,0.25,1,0.6033728700206387,0.8356256406476101,0.45259180927073606,0.8356256406476101,0.6033728700206387,100.40718481260878,96.66666666666667,8360.376206239778,5.23697118243344,0.6373753075996964,8.255788996352803e-19,0.3306315655141412
R,0.25,1,0.6389534897837241,0.806649662951994,0.6352423285763904,0.806649662951994,0.6389534897837241,97.14746519019558,96.66666666666667,8564.63864802935,6.176779064486151,0.6391523435976136,8.255788996352803e-19,0.3306890441569307
R,0.25,1,0.6348656659781826,0.6609073092967409,0.601621958073693,0.6609073092967409,0.6348656659781826,158.54003847148573,96.66666666666667,12656.12407697724,19.114975770245046,0.667214450492494,8.255788996352803e-19,0.33225657545144927
R,0.25,1,0.6371764657686615,0.7258798657690428,0.3710921859816917,0.7258798657690428,0.6371764657686615,108.97172415958838,96.66666666666667,8437.693811929747,5.091153423420733,0.6375080794183283,8.255788996352803e-19,0.3306925452642189
R,0.25,1,0.18793996071704278,0.10272810334848448,0.4860028603356788,0.10272810334848448,0.18793996071704278,20.74729334347236,96.66666666666667,553.6098772661095,-25.70238910550512,0.49631937886532246,0.5960377559085825,-2.570338910550512
R,0.25,1,0.844068740740661,0.6930550311253121,0.8005607293521476,0.6930550311253121,0.844068740740661,60.02271109203,96.66666666666667,5814.412437808356,-3.1848368606091575,0.6122151049516099,0.05327546599274238,-0.31858368606091575
R,0.25,1,0.5651207024426943,0.9325551051281719,0.2689254768439936,0.9325551051281719,0.5651207024426943,73.63937998977129,96.66666666666667,6009.483529216061,-2.8886894844054245,0.6142513610199117,0.04255043699109099,-0.28896894844054244
R,0.25,1,0.8723606090225308,0.8444033570291994,0.6293258288344726,0.8444033570291994,0.8723606090225308,83.74658146588496,96.66666666666667,8506.252836859141,6.2895386455748845,0.6391573526632376,8.255788996352803e-19,0.33060543029430084
R,0.25,1,0.9357609205807864,0.587109911937721,0.9222802558303596,0.587109911937721,0.9357609205807864,68.28937300319376,96.66666666666667,6774.3432259740375,0.20008952134862643,0.62603325246989,8.255788996352803e-19,0.019908952134862642
R,0.25,1,0.5776690760231455,0.6065073470668446,0.6224573458295152,0.6065073470668446,0.5776690760231455,139.27319260864147,96.66666666666667,10413.49209819066,11.613862874588577,0.6514616307093809,8.255788996352803e-19,0.331476037280614
R,0.25,1,0.6810127831039401,0.5333457457494774,0.4976433336523591,0.5333457457494774,0.6810127831039401,109.73736020500304,96.66666666666667,8028.276608905937,3.4243017283486212,0.6342236423407,8.255788996352803e-19,0.33055188724310836
R,0.25,1,0.645898921537561,0.6825041939221149,0.5527818326304182,0.6825041939221149,0.645898921537561,103.70081278413612,96.66666666666667,8320.922272309317,4.902953202500019,0.6368723794108728,8.255788996352803e-19,0.33063065000795605
R,0.25,1,0.693432976230452,0.9203528999599758,0.5745787682873666,0.9203528999599758,0.693432976230452,117.13097184827677,96.66666666666667,11133.73963998251,15.016292988683041,0.6579162868987388,8.255788996352803e-19,0.33161915948144655
R,0.25,1,0.8093109401502097,0.6002313321553381,0.8711400188228335,0.6002313321553381,0.8093109401502097,63.64343635725055,96.66666666666667,5871.464303671749,-3.0986734786636076,0.6128074329599246,0.049949135429421636,-0.30996734786636077
R,0.25,1,0.5483233005276064,0.5342427741960059,0.4696638198267427,0.5342427741960059,0.5483233005276064,144.84978435401155,96.66666666666667,9541.240699153825,8.131624357334111,0.6445776829451786,8.255788996352803e-19,0.33121677789447196
R,0.25,1,0.18879758712899986,0.5994890715984846,0.9778632284027144,0.5994890715984846,0.18879758712899986,89.16258484049806,96.66666666666667,5694.004130992613,-4.065016302975166,0.608472915839223,0.07301574634494681,-0.4066016302975166
R,0.25,1,0.077079437774491,0.6654331241939226,0.7816791868786346,0.6654331241939226,0.077079437774491,36.20461852900226,96.66666666666667,2051.6291222779696,-17.520596979554316,0.5360287585632073,0.4698782455977095,-1.7521596979554317
R,0.25,1,0.8368810210983775,0.7428346079770609,0.5644150499805247,0.7428346079770609,0.8368810210983775,46.47925457391059,96.66666666666667,4327.040013743912,-8.760303102858613,0.585994305765061,0.2581354808448781,-0.8761303102858612
R,0.25,1,0.6803711905891164,0.8620107399958297,0.7175101960745174,0.8620107399958297,0.6803711905891164,87.71995173312067,96.66666666666667,8338.382419439413,5.701087308619777,0.6378324231045858,8.255788996352803e-19,0.3305701707031776
R,0.25,1,0.8295186715180903,0.8041277099636537,0.2614029224683614,0.8041277099636537,0.8295186715180903,69.67858171476827,96.66666666666667,6146.862766597834,-2.502250449027812,0.6163747836673144,0.03343609927351012,-0.2503250449027812
R,0.25,1,0.697472211458994,0.9544616929500577,0.5759543776089948,0.9544616929500577,0.697472211458994,67.59758915284074,96.66666666666667,6556.66565360438,-0.4204774107556169,0.6241608061427574,0.002553191174210533,-0.04214774107556169
R,0.25,1,0.8075149497277638,0.27260922945320565,0.48478011557326567,0.27260922945320565,0.8075149497277638,72.9257789703047,96.66666666666667,4822.269046509027,-8.215673391143941,0.5913232758744044,0.20413743260851092,-0.821667339114394
R,0.25,1,0.42831354617338696,0.6160293282251522,0.5993750264149706,0.6160293282251522,0.42831354617338696,125.36628213984243,96.66666666666667,8424.804638856933,4.817322081020276,0.6369996891906559,8.255788996352803e-19,0.33076839138094427
R,0.25,1,0.29988991105524926,0.708868443745562,0.12630752899479114,0.708868443745562,0.29988991105524926,111.72161142667049,96.66666666666667,5987.787463788656,-4.171791289549639,0.6101735970724268,0.060586582571933424,-0.41727912895496394
R,0.25,1,0.8086713178912905,0.36738168531946824,0.31215653428602974,0.36738168531946824,0.8086713178912905,94.40939307934421,96.66666666666667,6288.2852368057775,-3.1848079768264266,0.6154007368043907,0.03833369275981604,-0.31858079768264264
R,0.25,1,0.9699949181385071,0.2952315377989093,0.4860028603356788,0.2952315377989093,0.9699949181385071,90.90214095538273,96.66666666666667,6855.057194778945,-0.9172426172129566,0.6245928641267545,0.005922806164266883,-0.09182426172129567
R,0.25,1,0.053994168226407846,0.8550080227482875,0.7142545904803209,0.8550080227482875,0.053994168226407846,193.48702349641718,96.66666666666667,12248.98128243802,17.450575239926227,0.6634455182193402,8.255788996352803e-19,0.3322866911369534
R,0.25,1,0.8928555782929188,0.9118537771696579,0.6428560294312538,0.9118537771696579,0.8928555782929188,16.193635991912657,96.66666666666667,1721.4947320734143,-18.99222730328804,0.527771716694774,0.4984771424119658,-1.899322730328804
R,0.25,1,0.7938046260964414,0.7927980563063824,0.6604354469513432,0.7927980563063824,0.7938046260964414,76.0174931581443,96.66666666666667,7285.594104462997,1.9599038086262808,0.6298737144322638,8.255788996352803e-19,0.19589038086262808
R,0.25,1,0.9856303050880639,0.22084807076183532,0.9537428488382059,0.22084807076183532,0.9856303050880639,110.81598495459302,96.66666666666667,9327.103306996347,8.085976606279075,0.6440657270275882,8.255788996352803e-19,0.3309922062971741
R,0.25,1,0.48613983851371284,0.6006895603031012,0.622682545210929,0.6006895603031012,0.48613983851371284,128.93680459090564,96.66666666666667,9013.782932295484,6.851001853179654,0.6413422444819713,8.255788996352803e-19,0.3309808225971529
R,0.25,1,0.7818835223875353,0.7862718696590031,0.6698798430284907,0.7862718696590031,0.7818835223875353,8.46551583696209,96.66666666666667,805.5341758098575,-23.729313717705963,0.5034842034339859,0.574911288557219,-2.3730313717705966
R,0.25,1,0.04161562542894681,0.7486444940646642,0.8234005838710498,0.7486444940646642,0.04161562542894681,49.49311334814808,96.66666666666667,2974.4381441424457,-13.735738704618708,0.5586301526823684,0.3930700879883791,-1.3736738704618707
R,0.25,1,0.3573600511808801,0.9314092071661573,0.6309730191698566,0.9314092071661573,0.3573600511808801,35.78277532366608,96.66666666666667,2870.236185280246,-14.018147100714204,0.5564260580888515,0.4024150851683805,-1.4019147100714204
R,0.25,1,0.9020343004990992,0.3595833313425013,0.8383664518293911,0.3595833313425013,0.9020343004990992,79.56897612325764,96.66666666666667,6686.980165938084,-0.7712704880756002,0.6240355435653286,0.005418879120530885,-0.07722704880756001
R,0.25,1,0.9561530278565041,0.7536891688439824,0.6076185973137683,0.7536891688439824,0.9561530278565041,29.25761453580089,96.66666666666667,2945.7319630302504,-13.957503791571527,0.5580312983249431,0.39777137432697107,-1.3958503791571526
R,0.25,1,0.7213162041553302,0.2758948341656616,0.8689791523792846,0.2758948341656616,0.7213162041553302,206.14639469793596,96.66666666666667,14756.995998409333,24.96474640368352,0.6799742495082027,8.255788996352803e-19,0.3330820726544452
R,0.25,1,0.7877270346451651,0.6041736409301169,0.048235579230285985,0.6041736409301169,0.7877270346451651,158.54003847148573,96.66666666666667,11224.781097381208,13.387942565798852,0.6562215038484284,8.255788996352803e-19,0.3317912325751633
R,0.25,1,0.7920776051886211,0.8003432941633812,0.45259180927073606,0.8003432941633812,0.7920776051886211,100.40718481260878,96.66666666666667,9130.611712987853,7.959487058560131,0.6432065746628861,8.255788996352803e-19,0.33088886753627716
R,0.25,1,0.938636747912003,0.7348511226659555,0.3586241734970347,0.7348511226659555,0.938636747912003,38.0665526462455,96.66666666666667,3526.485355926485,-11.972831638028227,0.5715997682439449,0.3462259312927241,-1.1973831638028227
R,0.25,1,0.7541796367164886,0.44276817642201954,0.6835917244707104,0.44276817642201954,0.7541796367164886,107.12288822945601,96.66666666666667,8241.733337542835,4.310417663098864,0.6359790076515394,8.255788996352803e-19,0.330614048820413
R,0.25,1,0.8986977362252118,0.8169471776158215,0.8447816583189802,0.8169471776158215,0.8986977362252118,209.39516403460442,96.66666666666667,22384.717255872096,51.20010292525722,0.7330556886012999,8.255788996352803e-19,0.33645124088402173
R,0.25,1,0.8491586305261616,0.4803495486530162,0.7285163765625142,0.4803495486530162,0.8491586305261616,118.3841047893373,96.66666666666667,10025.750756704567,10.58588458392006,0.6491996249862131,8.255788996352803e-19,0.3312571181551399
R,0.25,1,0.9513335995822797,0.3435944507015961,0.628858534653317,0.3435944507015961,0.9513335995822797,65.73551551809048,96.66666666666667,5289.596646296987,-5.981155747915152,0.6005974421386799,0.12819737523731958,-0.5982155747915152
R,0.25,1,0.3422488648796257,0.4528363943769092,0.8987274249183601,0.4528363943769092,0.3422488648796257,79.88734799923428,96.66666666666667,4970.7864035371285,-6.927274605305162,0.5953768175844492,0.17564121231745997,-0.6928274605305162
R,0.25,1,0.5651207024426943,0.6886258988331291,0.722675279022178,0.6886258988331291,0.5651207024426943,182.7950912244815,96.66666666666667,14761.473556493307,25.988079760889235,0.6814391976067697,8.255788996352803e-19,0.33302709429241384
R,0.25,1,0.6810127831039401,0.6600535207259652,0.7398236647374825,0.6600535207259652,0.6810127831039401,77.75979553364081,96.66666666666667,6652.26550166683,-0.5105644695013687,0.6243707055198033,0.0031540584452970106,-0.051156446950136866
R,0.25,1,0.9466618772890685,0.689487501511315,0.4995249121361507,0.689487501511315,0.9466618772890685,65.2392205382592,96.66666666666667,6151.770905534823,-2.3182410261824766,0.6169747233879785,0.03071320284957173,-0.23192410261824764
R,0.25,1,0.676763105135384,0.6903148787725584,0.8025442964358771,0.6903148787725584,0.676763105135384,85.58941025103823,96.66666666666667,7567.6022462999845,2.7937432266326243,0.6317990185369833,8.255788996352803e-19,0.27927432266326246
R,0.25,1,0.616387937010736,0.4308606217324683,0.03725798958323312,0.4308606217324683,0.616387937010736,122.39992678618543,96.66666666666667,6523.166725785026,-3.1205481988918815,0.6171039516848631,0.031605272451197576,-0.31215481988918814
R,0.25,1,0.9037586875203908,0.41190554937108736,0.9322048104754601,0.41190554937108736,0.9037586875203908,94.12540480928844,96.66666666666667,8385.475323304914,5.318385339208126,0.6376415263421911,8.255788996352803e-19,0.33060579812097607
R,0.25,1,0.7189287296197189,0.5434894657085606,0.7120255677589513,0.5434894657085606,0.7189287296197189,107.16509571029707,96.66666666666667,8671.965539365443,6.052836971643313,0.6394103049377114,8.255788996352803e-19,0.3307648714600067
R,0.25,1,0.664528026313188,0.7485511280163749,0.6635177738984488,0.7485511280163749,0.664528026313188,92.21070409628109,96.66666666666667,8044.6372160146475,4.342515657946601,0.635258972871475,8.255788996352803e-19,0.3304848226810412
R,0.25,1,0.6803711905891164,0.8620107399958297,0.6356791469033805,0.8620107399958297,0.6803711905891164,102.36562485819707,96.66666666666667,9521.136831768272,9.57885811479661,0.6463299381521832,8.255788996352803e-19,0.3310342353792184
R,0.25,1,0.8756836224332788,0.7457008239616927,0.5108629859294692,0.7457008239616927,0.8756836224332788,72.55217515019409,96.66666666666667,6808.353937855073,0.06462723636168469,0.626048154193368,8.255788996352803e-19,0.006362723636168468
R,0.25,1,0.7275896529015532,0.5983863169213184,0.7479827503084047,0.5983863169213184,0.7275896529015532,109.554740915256,96.66666666666667,9311.974102167947,8.420458825845696,0.6442882678287863,8.255788996352803e-19,0.3309914888363974
R,0.25,1,0.9137442403001799,0.42195193170081813,0.8047832780185277,0.42195193170081813,0.9137442403001799,128.01190403630474,96.66666666666667,11124.79650348583,14.26734953548033,0.6570239793976901,8.255788996352803e-19,0.33164671306168464
R,0.25,1,0.8173358686682072,0.837423880215207,0.8924124228007762,0.837423880215207,0.8173358686682072,83.98481548663759,96.66666666666667,8822.461925907073,7.648567773063492,0.6417786576392089,8.255788996352803e-19,0.3307207115638096
R,0.25,1,0.8269450533114705,0.6082336911835635,0.4292750448227242,0.6082336911835635,0.8269450533114705,106.05430100430797,96.66666666666667,8748.505548614732,6.146830374883233,0.63986690019089,8.255788996352803e-19,0.330780034478098
R,0.25,1,0.29988991105524926,0.6457477638300559,0.40336233290191503,0.6457477638300559,0.29988991105524926,107.80596522612214,96.66666666666667,6184.390755618594,-3.148416621374925,0.6143761433291213,0.041339447491180306,-0.3149416621374925
R,0.25,1,0.7145649732770907,0.7417720237505268,0.31215653428602974,0.7417720237505268,0.7145649732770907,101.48908014131483,96.66666666666667,8182.127098324631,4.278894944092519,0.6357443682810612,8.255788996352803e-19,0.33056822634626276
R,0.25,1,0.9497304819428612,0.7276058617825228,0.6920690676551815,0.7276058617825228,0.9497304819428612,44.023085594979264,96.66666666666667,4453.751466645145,-8.137761901732649,0.588615242619598,0.24065352386603606,-0.8138761901732648
R,0.25,1,0.915127410531505,0.5227828150726239,0.17881566682276684,0.5227828150726239,0.915127410531505,59.127640171555726,96.66666666666667,4515.3356310494055,-9.034603688130822,0.5869362888555878,0.24219458662580182,-0.9035603688130822
R,0.25,1,0.7124291131245566,0.8692922698567949,0.64816676729218,0.8692922698567949,0.7124291131245566,68.13026374221228,96.66666666666667,6492.149069574645,-0.7157093577095776,0.623215806083592,0.005625826952673815,-0.07167093577095776
R,0.25,1,0.9658838787813341,0.4060920716523825,0.7627995924531878,0.4060920716523825,0.9658838787813341,71.80732721187373,96.66666666666667,6295.261298290016,-2.073114210727958,0.6185866772714294,0.024686624678990427,-0.2074114210727958
R,0.25,1,0.8691527987819858,0.7123820771943882,0.622682545210929,0.7123820771943882,0.8691527987819858,16.349103550199075,96.66666666666667,1547.3414080433245,-19.98913626711113,0.5230816833327985,0.5132776281124505,-1.9990136267111134
R,0.25,1,0.38381196596612466,0.6026971659250838,0.9222802558303596,0.6026971659250838,0.38381196596612466,106.37945536428121,96.66666666666667,7700.006990835421,2.885592171899825,0.6322508098895793,8.255788996352803e-19,0.2884592171899825
R,0.25,1,0.689983615899118,0.2073879498972671,0.3917450897838518,0.2073879498972671,0.689983615899118,7.158434759062127,96.66666666666667,391.2958321045585,-26.67508651843493,0.49170611049798235,0.6124578632652974,-2.6676086518434934
R,0.25,1,0.9169069592440813,0.6039501107731859,0.08114095362650298,0.6039501107731859,0.9169069592440813,29.667133823217217,96.66666666666667,2316.153999353938,-17.291588430118818,0.5416866507845448,0.45344787830345284,-1.7292588430118818
R,0.25,1,0.5667982655596578,0.7862718696590031,0.09816823772473549,0.7862718696590031,0.5667982655596578,107.08551231556676,96.66666666666667,7507.520332185914,1.550510258055736,0.6302700210214796,8.255788996352803e-19,0.1549510258055736
R,0.25,1,0.9813155016777334,0.5809380874403945,0.6309730191698566,0.5809380874403945,0.9813155016777334,76.73658170872051,96.66666666666667,7204.5678255934,1.319967353680913,0.628955992300518,8.255788996352803e-19,0.1318967353680913
R,0.25,1,0.20467889305338932,0.07725048362769327,0.6979015496744367,0.07725048362769327,0.20467889305338932,51.58321772953733,96.66666666666667,1627.141410850601,-20.60879033058506,0.5240555111815507,0.5066741625613693,-2.060979033058506
R,0.25,1,0.5223281405318541,0.6041736409301169,0.048235579230285985,0.6041736409301169,0.5223281405318541,76.86094413904286,96.66666666666667,4421.885328892376,-9.74975655977164,0.5844008382824353,0.25650913838711653,-0.975075655977164
R,0.25,1,0.29668261309647603,0.7301098775687185,0.6352423285763904,0.7301098775687185,0.29668261309647603,106.126147466135,96.66666666666667,7133.872090053448,0.7412205457602165,0.6278007450552412,8.255788996352803e-19,0.07402205457602165
R,0.25,1,0.9893263768185048,0.21995566387767118,0.3710921859816917,0.21995566387767118,0.9893263768185048,30.950099224526785,96.66666666666667,2158.5034569387417,-18.300349315658536,0.5374172863553968,0.46733406492063095,-1.8301349315658537
R,0.25,1,0.6937268769917733,0.6897931364444067,0.45259180927073606,0.6897931364444067,0.6937268769917733,61.01978719688695,96.66666666666667,4911.531237344353,-6.959314693675891,0.5950807656903037,0.18159925410844058,-0.6960314693675891
R,0.25,1,0.5498366411172211,0.44276817642201954,0.33612209389172476,0.44276817642201954,0.5498366411172211,36.4729781188193,96.66666666666667,2116.6470339312823,-18.17240308726656,0.5366275782675519,0.4688436422366099,-1.817340308726656
R,0.25,1,0.0016757141448555668,0.928220342364168,0.8550571665993099,0.928220342364168,0.0016757141448555668,126.39527077733872,96.66666666666667,8578.60274542247,6.100933995279664,0.6387792753908388,8.255788996352803e-19,0.33084574093909314
R,0.25,1,0.7024191492623966,0.12845977827783422,0.6820815551831101,0.12845977827783422,0.7024191492623966,76.02324292083297,96.66666666666667,4454.656821347235,-9.692588614049583,0.5848294244813518,0.25299724015003505,-0.9693588614049583
R,0.25,1,0.09482983969379377,0.653681770318331,0.1354413003023307,0.653681770318331,0.09482983969379377,40.291726914254056,96.66666666666667,1644.3703662551827,-20.021016329417442,0.5250078870690501,0.5046990508294752,-2.0022016329417442
R,0.25,1,0.378554647173858,0.6997693547827873,0.8274252182209083,0.6997693547827873,0.378554647173858,79.88734799923428,96.66666666666667,5959.742398795777,-2.9525170682384605,0.613631400276514,0.04512274064489343,-0.29535170682384604
R,0.25,1,0.6810127831039401,0.42344889703435057,0.7452610736217133,0.42344889703435057,0.6810127831039401,131.94040984365523,96.66666666666667,9744.40762405719,9.234153138296286,0.6465967862394275,8.255788996352803e-19,0.33122669425021445
R,0.25,1,0.6842585719853946,0.3262328960661046,0.9875174247853771,0.3262328960661046,0.6842585719853946,129.4163636159872,96.66666666666667,9733.729416088967,9.359234842471512,0.6466874538425453,8.255788996352803e-19,0.3312148452428177
R,0.25,1,0.8489739996427245,0.25653498340562036,0.9147816090890444,0.25653498340562036,0.8489739996427245,69.96395576616611,96.66666666666667,5467.332580304887,-5.210287810039811,0.603921451526707,0.1031083897690785,-0.5211287810039812
R,0.25,1,0.7732414528006436,0.6320425167299877,0.5906122824729305,0.6320425167299877,0.7732414528006436,85.58941025103823,96.66666666666667,7277.625232965179,1.4366778780290144,0.6293019851444238,8.255788996352803e-19,0.14356778780290144
R,0.25,1,0.4193517559895187,0.752004762668909,0.7538772279191609,0.752004762668909,0.4193517559895187,46.823882234364035,96.66666666666667,3624.8594476872327,-11.272785110374738,0.5740202714879968,0.3343169671677114,-1.1273785110374737
R,0.25,1,0.9037586875203908,0.147444119354098,0.5121652416340636,0.147444119354098,0.9037586875203908,152.66038861586478,96.66666666666667,9978.535071162227,8.840768164731996,0.64707378370433,8.255788996352803e-19,0.331372994524852
R,0.25,1,0.9612026148541641,0.9730433099840197,0.1873977804366629,0.9730433099840197,0.9612026148541641,39.104384732950315,96.66666666666667,3965.0767132580872,-10.097931212803964,0.5798315732177745,0.30016450605782374,-1.0098931212803963
R,0.25,1,0.8589655852984072,0.3825255360645041,0.5637363662831156,0.3825255360645041,0.8589655852984072,58.24598843011163,96.66666666666667,4436.4784212535105,-9.100287281281055,0.5860451521037645,0.2504878193821934,-0.9101287281281054
R,0.25,1,0.6803711905891164,0.8620107399958297,0.7175101960745174,0.8620107399958297,0.6803711905891164,35.90360688729012,96.66666666666667,3412.883825726123,-11.897815268001198,0.5696060741686688,0.35413319334676224,-1.1898815268001197
R,0.25,1,0.624449852151968,0.9369092113867332,0.6283455062631593,0.9369092113867332,0.624449852151968,21.98990666421434,96.66666666666667,2062.138479717192,-17.381168839746525,0.5365040295639683,0.47011640891927403,-1.7382168839746526
R,0.25,1,0.6668867440845649,0.7131496398663496,0.544009297608213,0.7131496398663496,0.6668867440845649,174.08973486140934,96.66666666666667,14380.169268624526,24.737289322469444,0.678958581626885,8.255788996352803e-19,0.33286442141958805
R,0.25,1,0.5893635810928336,0.6718176801220321,0.38403818719168337,0.6718176801220321,0.5893635810928336,128.01190403630474,96.66666666666667,9301.347218277615,7.7365692658331975,0.6434077064108746,8.255788996352803e-19,0.3310663046869561
R,0.25,1,0.5989328274031196,0.27296648512582933,0.5661135696815005,0.27296648512582933,0.5989328274031196,166.45945464713958,96.66666666666667,9612.668105477438,7.614462910285716,0.6441729369268719,8.255788996352803e-19,0.3313265149468497
R,0.25,1,0.9012513522341727,0.4291786687334511,0.08663990760206464,0.4291786687334511,0.9012513522341727,12.39641533912257,96.66666666666667,851.4787629670706,-24.107804141023458,0.5042347191874723,0.5729905198494801,-2.410880414102346
R,0.25,1,0.9097547964453012,0.524097378132594,0.8703183267902999,0.524097378132594,0.9097547964453012,57.635233801375385,96.66666666666667,5386.0452720748945,-4.919844574397156,0.6042525376506512,0.1048849980978214,-0.49208445743971563
R,0.25,1,0.304299274971812,0.09875746498186566,0.7518171835932257,0.09875746498186566,0.304299274971812,73.06220870600981,96.66666666666667,2845.6463821542948,-15.80708397430399,0.5533357695919907,0.4094154202958327,-1.580808397430399
R,0.25,1,0.9497397872620588,0.1285125397635018,0.507874489472436,0.1285125397635018,0.9497397872620588,92.7174052017163,96.66666666666667,6175.858016526886,-3.7814409800345476,0.613075506540585,0.04820907155636887,-0.37824409800345477
R,0.25,1,0.423349311071052,0.4229994571414771,0.7241245002089902,0.4229994571414771,0.423349311071052,65.12924737912962,96.66666666666667,3935.1450073817705,-10.86923126015745,0.5775730760566553,0.3068325075168788,-1.087023126015745
R,0.25,1,0.3951456184890261,0.8104010914430922,0.6369397062057802,0.8104010914430922,0.3951456184890261,9.095507404827163,96.66666666666667,693.0851967082081,-24.25364444414107,0.5005053406164138,0.5838590789665525,-2.425464444414107
R,0.25,1,0.5746204184512078,0.3679610218600632,0.5922877554817918,0.3679610218600632,0.5746204184512078,63.39726846622419,96.66666666666667,3926.590077223109,-11.142924719795477,0.5769771158775227,0.3091814644372968,-1.1143924719795477
R,0.25,1,0.8671038715555025,0.7683494875767598,0.8651196653576886,0.7683494875767598,0.8671038715555025,73.16095386678538,96.66666666666667,7564.890886099798,3.1939813757562674,0.6322716535386504,8.255788996352803e-19,0.31929813757562675
R,0.25,1,0.9276917651538635,0.7094757071527616,0.3520758096163251,0.7094757071527616,0.9276917651538635,51.370982092854064,96.66666666666667,4657.307047921523,-7.830790594363901,0.5909633269451495,0.21756952691421633,-0.7831790594363901
R,0.25,1,0.7938046260964414,0.7927980563063824,0.4187549324365324,0.7927980563063824,0.7938046260964414,233.24809350289507,96.66666666666667,20945.44728174577,45.33924379527934,0.7214971801498125,8.255788996352803e-19,0.3356183052229158
R,0.25,1,0.44016708036432795,0.2168733826706879,0.7355711088535051,0.2168733826706879,0.44016708036432795,157.57814001256872,96.66666666666667,8074.508883405688,2.462026622454946,0.6330643843238083,8.255788996352803e-19,0.24610266224549462
R,0.25,1,0.9804494991589768,0.584265672068118,0.9445554192446004,0.584265672068118,0.9804494991589768,47.30410660675645,96.66666666666667,4817.906419645185,-6.749535663512719,0.5950903193530644,0.18865144303688278,-0.675053566351272
R,0.25,1,0.450037345473406,0.7313354097831508,0.012298511999936923,0.7313354097831508,0.450037345473406,116.98029559824428,96.66666666666667,6945.8337953104965,-0.879918828101564,0.6248221519245787,0.005270927638551571,-0.0880918828101564
R,0.25,1,0.8762003030596549,0.7902587604911829,0.9089439991050866,0.7902587604911829,0.8762003030596549,76.73658170872051,96.66666666666667,8137.6499911198025,5.2751201532512475,0.6366826114567509,8.255788996352803e-19,0.33044856764293845
R,0.25,1,0.8229076473121552,0.7223616550226196,0.8305854767014523,0.7223616550226196,0.8229076473121552,78.13365576850997,96.66666666666667,7659.293979986419,3.3470239565437954,0.6327854010015257,8.255788996352803e-19,0.3302820636996481
R,0.25,1,0.29668261309647603,0.5558205661092755,0.8229108401272568,0.5558205661092755,0.29668261309647603,106.126147466135,96.66666666666667,6706.952834857582,-0.874730559204915,0.623602560196491,0.006416971885105475,-0.0875730559204915
R,0.25,1,0.7500749978801035,0.37768865786314554,0.4845125442477354,0.37768865786314554,0.7500749978801035,100.40718481260878,96.66666666666667,6877.992204715526,-0.8773627395335162,0.6246624690570511,0.005524322399611169,-0.08783627395335161
R,0.25,1,0.6662343279920977,0.46485852244240533,0.6249330024714779,0.46485852244240533,0.6662343279920977,89.05119747661074,96.66666666666667,6427.534444739745,-1.9860044981688327,0.6195035006928269,0.021528051344986726,-0.19870044981688326
R,0.25,1,0.6382971842299354,0.48821309336746127,0.3710921859816917,0.48821309336746127,0.6382971842299354,125.66968770301419,96.66666666666667,8244.285717028735,3.6601754435943,0.6352460597456756,8.255788996352803e-19,0.3306967826918224
R,0.25,1,0.4339614196295678,0.8517473944057925,0.7912790424642798,0.8517473944057925,0.4339614196295678,84.22441359707555,96.66666666666667,7080.52887951622,1.258978171244074,0.6282167519405983,8.255788996352803e-19,0.1257978171244074
R,0.25,1,0.8695774863060377,0.2343478411493699,0.2700843298655038,0.2343478411493699,0.8695774863060377,76.02324292083297,96.66666666666667,4709.516332242017,-9.097207072114399,0.5885227082887734,0.22299645347037286,-0.9098207072114398
R,0.25,1,0.5579239782373011,0.6649907872974026,0.9875174247853771,0.6649907872974026,0.5579239782373011,123.43087993599895,96.66666666666667,10594.525897168485,13.021205366708301,0.6537320706101859,8.255788996352803e-19,0.3314773377671575
R,0.25,1,0.6050533027358914,0.6584046520716237,0.6982009535963896,0.6584046520716237,0.6050533027358914,67.61347125447085,96.66666666666667,5451.533658076363,-4.829463536188244,0.6048556297761117,0.09894229375782553,-0.4830463536188244
R,0.25,1,0.8737945002761558,0.6971314441612451,0.5533435332827333,0.6971314441612451,0.8737945002761558,79.88734799923428,96.66666666666667,7379.98406537691,1.988917801667717,0.6303097541796545,8.255788996352803e-19,0.1987917801667717
R,0.25,1,0.5133159715078806,0.668000966881608,0.6224573458295152,0.668000966881608,0.5133159715078806,117.59324985679783,96.66666666666667,8775.664449638363,6.320377567253013,0.6399669300940919,8.255788996352803e-19,0.3308517710453947
R,0.25,1,0.877254779305247,0.06908460652902315,0.9146969497383458,0.06908460652902315,0.877254779305247,136.3507160170784,96.66666666666667,9569.692243569774,8.108830080653467,0.6448335161897462,8.255788996352803e-19,0.33117989025488415
R,0.25,1,0.9037586875203908,0.7314456956477592,0.8634751605777718,0.7314456956477592,0.9037586875203908,41.546519075174594,96.66666666666667,4293.712185602328,-8.565920226753027,0.5862729104535515,0.2595118110785176,-0.8566920226753026
R,0.25,1,0.950408622141902,0.6295943513432881,0.9295922818326274,0.6295943513432881,0.950408622141902,85.58941025103823,96.66666666666667,8750.6575141735,7.124906910109436,0.6409669812047558,8.255788996352803e-19,0.330697101350825
R,0.25,1,0.6937803455608376,0.7328849627562124,0.5277184624856234,0.7328849627562124,0.6937803455608376,10.88797956987575,96.66666666666667,920.3198324550691,-23.147334787912023,0.5065515608139998,0.565145261208726,-2.3148334787912024
R,0.25,1,0.679529075881929,0.853414329385738,0.9735680586971214,0.853414329385738,0.679529075881929,34.171001244622815,96.66666666666667,3450.8054341034976,-11.53963287384622,0.5708855713525947,0.3493298458072716,-1.154063287384622
R,0.25,1,0.9934662165954327,0.6814776011552579,0.9495590123464572,0.6814776011552579,0.9934662165954327,37.02310946071371,96.66666666666667,3979.4720965942297,-9.721322119589074,0.5808619334563186,0.2963284019198788,-0.9722322119589073
R,0.25,1,0.5324460697673358,0.7485511280163749,0.6635177738984488,0.7485511280163749,0.5324460697673358,76.26214270736912,96.66666666666667,6149.611734304049,-2.285462741719452,0.6168972974418228,0.030440246625589487,-0.2286462741719452
R,0.25,1,0.7151395617698055,0.5165039568510879,0.5127542282041251,0.5165039568510879,0.7151395617698055,174.08973486140934,96.66666666666667,12952.455870952297,19.480485235166437,0.6684652965935474,8.255788996352803e-19,0.33239739792763867
R,0.25,1,0.6906382342571775,0.7194244251431674,0.37477619556698893,0.7194244251431674,0.6906382342571775,105.10876915863314,96.66666666666667,8395.304143955995,5.009170759826296,0.6372941958571731,8.255788996352803e-19,0.330659428805976
R,0.25,1,0.8995579581767056,0.325734024115735,0.8198336653921825,0.325734024115735,0.8995579581767056,128.01190403630474,96.66666666666667,10466.309695181577,11.8011821292541,0.6520365882320014,8.255788996352803e-19,0.3314357551003648
R,0.25,1,0.9488690340767851,0.3065401087603258,0.6475277108993557,0.3065401087603258,0.9488690340767851,93.00718951876947,96.66666666666667,7343.722116729138,1.0591138449368434,0.6292657311933031,8.255788996352803e-19,0.10581138449368435
R,0.25,1,0.304299274971812,0.45123734407415783,0.5368678647126753,0.45123734407415783,0.304299274971812,124.18615759367168,96.66666666666667,6358.148413386292,-2.9651720917677666,0.6159651202754873,0.03462606378792237,-0.29661720917677664
R,0.25,1,0.9361871666482907,0.23612503230317905,0.7107684989297399,0.23612503230317905,0.9361871666482907,101.48908014131483,96.66666666666667,7752.2253642463975,2.3269171951834298,0.632150756158564,8.255788996352803e-19,0.23259171951834298
R,0.25,1,0.3499535709573607,0.573649374324676,0.12630752899479114,0.573649374324676,0.3499535709573607,151.46522831718437,96.66666666666667,7472.966517012766,0.28757124292507025,0.6285949155685042,8.255788996352803e-19,0.028657124292507025
R,0.25,1,0.8728158349407867,0.9679586895931138,0.9316957576597302,0.9679586895931138,0.8728158349407867,90.90214095538273,96.66666666666667,10483.845742070835,13.643601039836284,0.6543521539018246,8.255788996352803e-19,0.3313080025986839
R,0.25,1,0.6712674502068343,0.37602707622947645,0.7234773740294599,0.37602707622947645,0.6712674502068343,193.48702349641718,96.66666666666667,13631.482123911686,21.40503539632048,0.6725582436002453,8.255788996352803e-19,0.3326814704700675
R,0.25,1,0.314969393433586,0.3250820506500285,0.9917697108559593,0.3250820506500285,0.314969393433586,59.8464032086934,96.66666666666667,3399.085089998099,-12.698102610877356,0.5678359208233065,0.35817297689609223,-1.2699102610877355
R,0.25,1,0.7938046260964414,0.9786215056648634,0.20004792275051209,0.9786215056648634,0.7938046260964414,35.21699086011909,96.66666666666667,3297.1028908009703,-12.662576790505623,0.566364575093837,0.3666984193467299,-1.2663576790505622
R,0.25,1,0.7330695016712906,0.014749867259903349,0.5321526894264326,0.014749867259903349,0.7330695016712906,68.28937300319376,96.66666666666667,3461.915128770123,-13.880041631997761,0.5673664938319247,0.358661707325012,-1.3881041631997761
R,0.25,1,0.5667982655596578,0.7761403998757487,0.5643958880960284,0.7761403998757487,0.5667982655596578,144.972705658119,96.66666666666667,11780.022567043672,16.48622257392468,0.6614778059186084,8.255788996352803e-19,0.3319333751907171
R,0.25,1,0.8557667947933961,0.438215274661175,0.054886842239383005,0.438215274661175,0.8557667947933961,83.55510246577754,96.66666666666667,5520.5921132911435,-6.051496463646154,0.6022613421102155,0.10916291450160508,-0.6052496463646154
R,0.25,1,0.3108918192916187,0.5256309112551454,0.8715829218554821,0.5256309112551454,0.3108918192916187,57.894523094657735,96.66666666666667,3683.001167099076,-11.389193758926773,0.5741838290604319,0.3301107303659446,-1.1390193758926772
R,0.25,1,0.8229076473121552,0.7610752642720044,0.7255985721934957,0.7610752642720044,0.8229076473121552,78.13365576850997,96.66666666666667,7605.460504493166,3.1055918011390022,0.6323281201123022,8.255788996352803e-19,0.3104591801139002
R,0.25,1,0.20042804256268576,0.18536747007377607,0.5570654839277066,0.18536747007377607,0.20042804256268576,88.24705830114127,96.66666666666667,2931.2507107404713,-15.77849866951131,0.5548700734578839,0.40245754284022056,-1.577949866951131
R,0.25,1,0.19823476192808243,0.17847474763124832,0.8138318490420245,0.17847474763124832,0.19823476192808243,88.12502088098822,96.66666666666667,3452.850387060184,-13.374676555242049,0.5675929905520212,0.3560636452554056,-1.3375676555242049
R,0.25,1,0.9813155016777334,0.5809380874403945,0.25105973324563813,0.5809380874403945,0.9813155016777334,149.44782104588708,96.66666666666667,12611.777992889098,18.66052912681299,0.6668029053398264,8.255788996352803e-19,0.33218815555703896
R,0.25,1,0.6057045813630316,0.47672181975630384,0.7796336272606644,0.47672181975630384,0.6057045813630316,129.56254739062624,96.66666666666667,9537.379064076586,8.672025244550847,0.6452269840556706,8.255788996352803e-19,0.33115294441430604
R,0.25,1,0.9278365455344904,0.9338170310148229,0.45259180927073606,0.9338170310148229,0.9278365455344904,57.744346525693544,96.66666666666667,6028.363918483515,-2.337623159551229,0.6161590647122971,0.03355984452210013,-0.23386231595512288
R,0.25,1,0.855742570323973,0.8517473944057925,0.7912790424642798,0.8517473944057925,0.855742570323973,84.22441359707555,96.66666666666667,8856.742383693021,7.699234869243502,0.641971149982811,8.255788996352803e-19,0.3307313512830725
R,0.25,1,0.6842585719853946,0.25529949892101456,0.6745464471914052,0.25529949892101456,0.6842585719853946,158.47068678706177,96.66666666666667,10117.016607548137,9.649219680339288,0.648217466613103,8.255788996352803e-19,0.33145238604835137
R,0.25,1,0.883976526242012,0.5287793162955959,0.8271545724646872,0.5287793162955959,0.883976526242012,209.39516403460442,96.66666666666667,19121.266254030816,39.94569659229471,0.7103810595610567,8.255788996352803e-19,0.3347334086059559
R,0.25,1,0.5176276056412316,0.14084173353388707,0.5141298009144466,0.14084173353388707,0.5176276056412316,184.88399014729856,96.66666666666667,8463.381166985018,2.8860003504641503,0.6349005381553069,8.255788996352803e-19,0.288500035046415
R,0.25,1,0.48965284619501037,0.7431208233352534,0.9937947167220008,0.7431208233352534,0.48965284619501037,76.02324292083297,96.66666666666667,6574.760036325223,-0.40342687809718814,0.6241935968228662,0.0023868213309108373,-0.04044268780971881
R,0.25,1,0.3965182788513243,0.668000966881608,0.6224573458295152,0.668000966881608,0.3965182788513243,78.94917734342302,96.66666666666667,5430.708320458078,-5.162169454099855,0.6036382523330114,0.10577698406269563,-0.5163169454099855
R,0.25,1,0.7732414528006436,0.6320425167299877,0.8087947687972503,0.6320425167299877,0.7732414528006436,75.38329181805926,96.66666666666667,6820.986880047486,0.18428614554199602,0.6261721795356442,8.255788996352803e-19,0.018328614554199603
R,0.25,1,0.29421697131197266,0.503914175340661,0.372628782595226,0.503914175340661,0.29421697131197266,55.35716763201967,96.66666666666667,2724.805833445279,-15.740613275386835,0.5512456096125445,0.41847594989770726,-1.5741613275386834
R,0.25,1,0.9281398534301775,0.6072278604353956,0.42907960190766437,0.6072278604353956,0.9281398534301775,103.70081278413612,96.66666666666667,9073.341579192002,7.368535201774221,0.6424098125467925,8.255788996352803e-19,0.33087686544065353
R,0.25,1,0.49601649510633605,0.8274514073649354,0.5722032554966271,0.8274514073649354,0.49601649510633605,76.23125143509924,96.66666666666667,6134.974978022187,-2.3155107844861242,0.6167118733581796,0.03117230169260542,-0.2316510784486124
R,0.25,1,0.3965182788513243,0.8697587425803537,0.3991392587912646,0.8697587425803537,0.3965182788513243,131.94040984365523,96.66666666666667,9670.220393905232,9.30530659415658,0.6463228248978754,8.255788996352803e-19,0.3312126342292443
R,0.25,1,0.918639506706969,0.3250820506500285,0.4061237231922874,0.3250820506500285,0.918639506706969,59.8464032086934,96.66666666666667,4329.239192316085,-9.845254871507539,0.5835135646165783,0.26583069783976215,-0.9846254871507538
R,0.25,1,0.19279638668469246,0.6884854516905898,0.22706188180222564,0.6884854516905898,0.19279638668469246,24.96619413373704,96.66666666666667,1241.834448706849,-21.60214039165006,0.5149765647883304,0.5373540520768542,-2.160314039165006
R,0.25,1,0.8808171704259495,0.8620107399958297,0.7175101960745174,0.8620107399958297,0.8808171704259495,47.98824073213517,96.66666666666667,5042.5635664248575,-5.749497371257644,0.5995695331821878,0.1499773264283197,-0.5750497371257645
R,0.25,1,0.9458593258513636,0.5434894657085606,0.7669363126351443,0.5434894657085606,0.9458593258513636,65.42627002681542,96.66666666666667,6126.571367131469,-2.3609349656011562,0.6166688232591778,0.031875288745632016,-0.23619349656011562
R,0.25,1,0.5531194987014412,0.4024270362239205,0.8975841409269963,0.4024270362239205,0.5531194987014412,169.5013411690535,96.66666666666667,11901.863853444494,16.18995966851819,0.6612902687088077,8.255788996352803e-19,0.3320644449253506
R,0.25,1,0.593609416916635,0.014749867259903349,0.5321526894264326,0.014749867259903349,0.593609416916635,151.8195298424658,96.66666666666667,6637.820302777173,-3.3838242858555025,0.6169794926255701,0.03129760085713778,-0.3384824285855502
R,0.25,1,0.6567516414953194,0.6977087539065294,0.6766352101528414,0.6977087539065294,0.6567516414953194,93.54325395059112,96.66666666666667,7917.398119035633,3.7949149691888944,0.6341889323039578,8.255788996352803e-19,0.33044536871808916
R,0.25,1,0.6094844306734967,0.1786392780227628,0.03140931041901107,0.1786392780227628,0.6094844306734967,128.01190403630474,96.66666666666667,5144.979969098232,-8.971405417331411,0.5925194230688349,0.17695955967253463,-0.897240541733141
R,0.25,1,0.7574461308825767,0.6082336911835635,0.33357374588931143,0.6082336911835635,0.7574461308825767,126.90662608718483,96.66666666666667,9724.00889273995,9.09900230029665,0.6464785415827815,8.255788996352803e-19,0.33119305011249744
R,0.25,1,0.861106888423569,0.9811016826947258,0.8326158112302282,0.9811016826947258,0.861106888423569,243.83155322160937,96.66666666666667,27534.879024925194,67.14389063187498,0.7654819728744668,8.255788996352803e-19,0.3402911547709016
R,0.25,1,0.16536694923965467,0.837423880215207,0.9525603718926676,0.837423880215207,0.16536694923965467,197.78059567197172,96.66666666666667,14626.577323359827,25.642422390143196,0.680339396120282,8.255788996352803e-19,0.33305754966961165
R,0.25,1,0.6537118199386851,0.5406362738756251,0.9640028164030929,0.5406362738756251,0.6537118199386851,90.90214095538273,96.66666666666667,7619.187936136552,2.823869980665018,0.6320046777469078,8.255788996352803e-19,0.2822869980665018
R,0.25,1,0.8518202575721652,0.7328471917259637,0.8600263140944797,0.7328471917259637,0.8518202575721652,193.48702349641718,96.66666666666667,19490.727690886117,41.91093075601126,0.714080525546295,8.255788996352803e-19,0.3349016376301627
R,0.25,1,0.9749883932501838,0.2683891615951073,0.4645356369841792,0.2683891615951073,0.9749883932501838,18.22067681880386,96.66666666666667,1344.3628723371792,-21.601511866882923,0.5172187019556599,0.5320120007230624,-2.1602511866882925
R,0.25,1,0.9967897022479573,0.33383707897499526,0.9914575097111147,0.33383707897499526,0.9967897022479573,67.73791627024875,96.66666666666667,6185.675919129569,-2.2676156707380177,0.6173189699398006,0.029359111517268933,-0.22686156707380176
R,0.25,1,0.7529128745492959,0.7927980563063824,0.13612139132960444,0.7927980563063824,0.7529128745492959,76.0174931581443,96.66666666666667,6133.743678891403,-2.8350311537525594,0.6152945199462362,0.038316846519630354,-0.28360311537525595
R,0.25,1,0.5088729839945995,0.9625536655197935,0.3368649061754694,0.9625536655197935,0.5088729839945995,91.14454076556426,96.66666666666667,7473.210241345062,2.2742657554510703,0.6308565649767061,8.255788996352803e-19,0.22732657554510705
R,0.25,1,0.5667982655596578,0.8965611986662049,0.9536875208660175,0.8965611986662049,0.5667982655596578,136.56930842260658,96.66666666666667,13248.610629548662,22.292047934074937,0.6729838994214353,8.255788996352803e-19,0.33238684737641594
R,0.25,1,0.9813155016777334,0.5809380874403945,0.8076660291094587,0.5809380874403945,0.9813155016777334,57.94812925851562,96.66666666666667,5696.552032153536,-3.73441077757697,0.6098361336352891,0.06694954230442762,-0.37354107775769696
R,0.25,1,0.39161969704305233,0.6053126312390473,0.3520758096163251,0.6053126312390473,0.39161969704305233,118.80085542709253,96.66666666666667,6967.493354081962,-0.624433249855953,0.6253580234379613,0.0032876078104369278,-0.06254332498559531
R,0.25,1,0.9422139705464742,0.9873168974436856,0.645956487895865,0.9873168974436856,0.9422139705464742,24.987879012694904,96.66666666666667,2814.2712582050945,-14.18609290499179,0.5552817292108556,0.40777100284705203,-1.418709290499179
R,0.25,1,0.20467889305338932,0.4893398375176387,0.875754068738951,0.4893398375176387,0.20467889305338932,72.15913057673335,96.66666666666667,4083.8307150796627,-10.101426221370888,0.5804894296862817,0.28934696475291993,-1.0102426221370888
R,0.25,1,0.5969571243252971,0.5323185088826368,0.6243901091431132,0.5323185088826368,0.5969571243252971,67.33693622454606,96.66666666666667,4853.210988628005,-7.3525212475334785,0.5935386349225595,0.19259843468548746,-0.7353521247533479
R,0.25,1,0.3470419486822127,0.11789732170666989,0.27045136516309476,0.11789732170666989,0.3470419486822127,164.4651390459011,96.66666666666667,4935.310622037924,-9.952145492306867,0.5881622884206631,0.2100425185983376,-0.9953145492306866
R,0.25,1,0.7957151352800751,0.6258291005351891,0.8244878844371316,0.6258291005351891,0.7957151352800751,74.4023233152838,96.66666666666667,6821.905045690911,0.2134554945485249,0.6262110059450912,8.255788996352803e-19,0.021245549454852488
R,0.25,1,0.6131205606245389,0.08973671428158014,0.5466289762547643,0.08973671428158014,0.6131205606245389,151.83211575772745,96.66666666666667,7410.711206216372,-0.3871954776800995,0.6276725843846657,0.0010771259074516479,-0.03881954776800995
R,0.25,1,0.07626460315817962,0.8017529818183046,0.9504808229681704,0.8017529818183046,0.07626460315817962,126.39527077733872,96.66666666666667,8552.270544711628,5.920039788693341,0.6384992360568142,8.255788996352803e-19,0.33083426230148605
R,0.25,1,0.043230186227833034,0.47372181666439833,0.9508907863249603,0.47372181666439833,0.043230186227833034,72.56591924918277,96.66666666666667,3600.7114652602727,-11.859816972299756,0.5723095529936543,0.338226805066325,-1.1860816972299755
R,0.25,1,0.10641349260999533,0.2097570048137884,0.4006151986647184,0.2097570048137884,0.10641349260999533,98.87440571706072,96.66666666666667,2553.323244132111,-17.57989687975252,0.5455123119521481,0.4330680971271106,-1.7580896879752523
R,0.25,1,0.8410116386058359,0.9153314535014176,0.5533435332827333,0.9153314535014176,0.8410116386058359,52.685478023848844,96.66666666666667,5355.51798313793,-4.7145040357892025,0.6047035369742666,0.10386689600722612,-0.4715504035789203
R,0.25,1,0.7515473110246831,0.41087362334197997,0.4223732440073655,0.41087362334197997,0.7515473110246831,140.79143884001073,96.66666666666667,9669.609213144608,8.380452279958662,0.6454448643593391,8.255788996352803e-19,0.33123220230243056
R,0.25,1,0.5133159715078806,0.5184755188975454,0.47154054680758606,0.5184755188975454,0.5133159715078806,152.79988914711296,96.66666666666667,9684.164849858384,8.46288485802114,0.6453756165370419,8.255788996352803e-19,0.331297279232345
R,0.25,1,0.44136022018667664,0.6510593207668598,0.8681966007837554,0.6510593207668598,0.44136022018667664,61.222284958742925,96.66666666666667,4672.845513872703,-7.490977812222537,0.5917860060802776,0.21280820882540277,-0.7491977812222538
R,0.25,1,0.46100070671043025,0.47849933796801297,0.34041473861143445,0.47849933796801297,0.46100070671043025,247.01472446104128,96.66666666666667,13705.703554883605,20.25531307065053,0.6707829453765183,8.255788996352803e-19,0.33288593138230405
R,0.25,1,0.8772570395208211,0.41190554937108736,0.05740140052385101,0.41190554937108736,0.8772570395208211,55.397988504438224,96.66666666666667,3650.348767148262,-12.712183702600674,0.5714298748937586,0.33966687021027236,-1.2713183702600674
R,0.25,1,0.8373428193562604,0.7486054980659568,0.7163671814531198,0.7486054980659568,0.8373428193562604,65.2081937702891,96.66666666666667,6338.666509078367,-1.3279403610641518,0.6209099536499316,0.01410834721034444,-0.13289403610641518
R,0.25,1,0.8240288485995089,0.37727001850799224,0.8087947687972503,0.37727001850799224,0.8240288485995089,105.06936033760668,96.66666666666667,8435.473902112075,5.0858516457658896,0.6375459797969051,8.255788996352803e-19,0.33067094895072985
R,0.25,1,0.9173146913379542,0.07675249723460054,0.6384503999464999,0.07675249723460054,0.9173146913379542,116.47414532900132,96.66666666666667,7648.230426147766,1.234415010423741,0.6306557655425441,8.255788996352803e-19,0.12334150104237411
R,0.25,1,0.6162802677132208,0.48157026217031096,0.8990030387912505,0.48157026217031096,0.6162802677132208,131.78287766137257,96.66666666666667,10195.725290461462,11.095575552743453,0.650177355777894,8.255788996352803e-19,0.33137696298487185
R,0.25,1,0.5993098016730763,0.8077916822330364,0.6553656053964265,0.8077916822330364,0.5993098016730763,88.51201361287107,96.66666666666667,7677.462519565846,3.1590885503171866,0.6325894880973388,8.255788996352803e-19,0.3158088550317187
R,0.25,1,0.24946424497457498,0.3491376262710343,0.7361157439642719,0.3491376262710343,0.24946424497457498,27.077409909750294,96.66666666666667,1308.7321055315813,-21.27266579735265,0.5167094343620589,0.5316947129729837,-2.1273665797352654
R,0.25,1,0.18265971793411928,0.16143478189452798,0.9873624394134298,0.16143478189452798,0.18265971793411928,64.29353334246323,96.66666666666667,2693.1780578726475,-15.79656970652496,0.5504651586445808,0.4199657187857368,-1.5797569706524959
R,0.25,1,0.7874251324007083,0.3844740458066962,0.90794769890729,0.3844740458066962,0.7874251324007083,46.75309529648598,96.66666666666667,3800.729830111162,-10.975241412059068,0.5762725397860621,0.3189919278153288,-1.0976241412059067
R,0.25,1,0.963723528028075,0.7535571763066207,0.28818559137355915,0.7535571763066207,0.963723528028075,89.75859862352425,96.66666666666667,8353.713843844605,5.147214680926121,0.6374159503182873,8.255788996352803e-19,0.33057008459390036
R,0.25,1,0.447937403843895,0.4969227448273506,0.9279230921910434,0.4969227448273506,0.447937403843895,23.594798679688743,96.66666666666667,1662.043213179989,-19.345989600731716,0.526090962912058,0.5027751737183717,-1.9346989600731717
R,0.25,1,0.623502562030944,0.23612503230317905,0.7915338181198219,0.23612503230317905,0.623502562030944,107.10203196788814,96.66666666666667,6722.765111740943,-1.4393857289981935,0.6224935323752913,0.011845851132759792,-0.14403857289981933
R,0.25,1,0.5921995499850092,0.573649374324676,0.23638952235047261,0.573649374324676,0.5921995499850092,159.4066458304723,96.66666666666667,10234.254850147465,10.075951426078609,0.6490780167654038,8.255788996352803e-19,0.3314941160935711
R,0.25,1,0.7180205373865434,0.6082336911835635,0.42852876734186385,0.6082336911835635,0.7180205373865434,80.55854834788317,96.66666666666667,6205.09715525168,-2.632237418734909,0.61630410068959,0.03394341489993605,-0.2633237418734909
R,0.25,1,0.9617143904242048,0.5141157895813105,0.6920690676551815,0.5141157895813105,0.9617143904242048,16.82545380064728,96.66666666666667,1532.6850286814201,-20.223778167963506,0.5225375596206815,0.5151138987999045,-2.022477816796351
R,0.25,1,0.5825442240491218,0.7302772656617367,0.6618793994935651,0.7302772656617367,0.5825442240491218,77.67736958394148,96.66666666666667,6384.152271062023,-1.4730460053076555,0.6206635575084886,0.015626476649107768,-0.14740460053076554
R,0.25,1,0.16389065055005203,0.28365112237380646,0.8651196653576886,0.28365112237380646,0.16389065055005203,68.91678111499176,96.66666666666667,3032.6884856137144,-14.45273231544973,0.5585582807076511,0.3913933200339488,-1.445373231544973
R,0.25,1,0.4332070420606505,0.4662024333663899,0.3368649061754694,0.4662024333663899,0.4332070420606505,91.14454076556426,96.66666666666667,4866.398109234684,-8.188823211181756,0.5915377732988186,0.2000397987027614,-0.8189823211181755
R,0.25,1,0.6206834727135547,0.7927980563063824,0.45766046137292055,0.7927980563063824,0.6206834727135547,84.10660948479813,96.66666666666667,6906.46369129588,0.21041875032400403,0.6265196278738773,8.255788996352803e-19,0.020941875032400404
R,0.25,1,0.520230077472613,0.9227550686865049,0.6636011835977493,0.9227550686865049,0.520230077472613,80.96171122482217,96.66666666666667,7184.484520124395,1.6731046309380002,0.629096520745697,8.255788996352803e-19,0.16721046309380003
R,0.25,1,0.3951756264688353,0.1552528520765294,0.24102125407453479,0.1552528520765294,0.3951756264688353,87.28890338757793,96.66666666666667,2928.2769383075165,-16.451788522158243,0.5541372979442684,0.4053486427999173,-1.6452788522158244
R,0.25,1,0.7210475889642699,0.5494414516203272,0.9115454272084822,0.5494414516203272,0.7210475889642699,46.83772807921742,96.66666666666667,4042.7089318124836,-9.795994995679747,0.5810831805136318,0.2913458647882512,-0.9796994995679746
R,0.25,1,0.8560099137113086,0.4890943241201894,0.7972125692897236,0.4890943241201894,0.8560099137113086,198.86694732511674,96.66666666666667,17338.3194311779,34.138675100529625,0.6985260276587473,8.255788996352803e-19,0.33397515137891587
R,0.25,1,0.6754222883194605,0.4471031219214881,0.061223352474021775,0.4471031219214881,0.6754222883194605,22.634267588688672,96.66666666666667,1305.0206690891482,-21.94317384255875,0.5160558736624833,0.5351843665395541,-2.194417384255875
R,0.25,1,0.5638299074607778,0.7610752642720044,0.8446072976818229,0.7610752642720044,0.5638299074607778,78.13365576850997,96.66666666666667,6825.790627120463,0.3637334628657879,0.6263120353629705,8.255788996352803e-19,0.036273346286578786
R,0.25,1,0.5234389515912534,0.7099699694859153,0.7158420681969588,0.7099699694859153,0.5234389515912534,40.968946692402106,96.66666666666667,3259.755605180688,-12.735979677086053,0.5654524494927884,0.369321452662929,-1.2736979677086053
R,0.25,1,0.8069877404003887,0.40259451738410656,0.4826313881517259,0.40259451738410656,0.8069877404003887,105.91406812391908,96.66666666666667,7683.525225709631,2.0012650354030725,0.6315068977726386,8.255788996352803e-19,0.20002650354030727
R,0.25,1,0.7655298380175908,0.8356256406476101,0.45259180927073606,0.8356256406476101,0.7655298380175908,81.58911933662017,96.66666666666667,7455.007449699086,2.3274735252946592,0.6309262099113117,8.255788996352803e-19,0.23264735252946595
R,0.25,1,0.7957151352800751,0.7487217590713623,0.2077313984979411,0.7487217590713623,0.7957151352800751,38.94023496934575,96.66666666666667,3209.2645147690955,-13.377951452425311,0.5636830621946635,0.376336694365197,-1.337895145242531
R,0.25,1,0.7515473110246831,0.41087362334197997,0.4223732440073655,0.41087362334197997,0.7515473110246831,16.59064567592541,96.66666666666667,1139.4518132757073,-22.40157002247526,0.5120464435529148,0.5479314046059545,-2.240257002247526
R,0.25,1,0.944334378606664,0.24538984287091425,0.8315573888143567,0.24538984287091425,0.944334378606664,82.86604305281688,96.66666666666667,6652.083687456464,-1.1635543708814944,0.6229822972594214,0.0095373436480414,-0.11645543708814943
R,0.25,1,0.9836898030097191,0.9331438651085189,0.8462770116645448,0.9331438651085189,0.9836898030097191,76.02324292083297,96.66666666666667,8894.613650411464,8.156943323668955,0.642663971936068,8.255788996352803e-19,0.3307092036248679
R,0.25,1,0.973424031413288,0.668000966881608,0.8603268915128343,0.668000966881608,0.973424031413288,36.066051225532036,96.66666666666667,3735.7007470687436,-10.754922511584263,0.5763123426628348,0.3231265937083083,-1.0755922511584264
R,0.25,1,0.6810127831039401,0.21601780462343134,0.3991392587912646,0.21601780462343134,0.6810127831039401,68.07617331492703,96.66666666666667,3732.6173219026105,-12.558877928919767,0.5724256253420023,0.33199643381954225,-1.2559877928919767
R,0.25,1,0.8603104519833817,0.005620484871332709,0.8746785577306966,0.005620484871332709,0.8603104519833817,128.56288894008244,96.66666666666667,8377.609200126784,3.820705116831131,0.6359888828222985,8.255788996352803e-19,0.3307494543905788
R,0.25,1,0.5232593509509695,0.25653498340562036,0.512535719013978,0.25653498340562036,0.5232593509509695,114.01911257137726,96.66666666666667,5906.544595653974,-4.896642837403063,0.6077547925865796,0.07249418111617943,-0.48976428374030634
R,0.25,1,0.4649309599329562,0.5192381196865629,0.8087947687972503,0.5192381196865629,0.4649309599329562,43.451592456424024,96.66666666666667,3016.7712046587085,-13.899524453501483,0.5592520759844748,0.3917091588187981,-1.3900524453501482
R,0.25,1,0.9479079990004176,0.41190554937108736,0.2753664581897872,0.41190554937108736,0.9479079990004176,93.328290485124,96.66666666666667,6987.940712396057,-0.5317449477354352,0.6259792811830842,0.0025202960057164898,-0.053274494773543526
R,0.25,1,0.8274229147789389,0.5434894657085606,0.6481906977462801,0.5434894657085606,0.8274229147789389,89.16258484049806,96.66666666666667,7556.563523720901,2.308973454378501,0.6313143382507296,8.255788996352803e-19,0.2307973454378501
R,0.25,1,0.8093109401502097,0.1685122481140391,0.40693183684618006,0.1685122481140391,0.8093109401502097,79.87541966825846,96.66666666666667,4717.798157309667,-9.083082105292267,0.5885686640893532,0.22221058968332003,-0.9084082105292266
R,0.25,1,0.5993098016730763,0.7443060867081186,0.9100735373539606,0.7443060867081186,0.5993098016730763,30.84045581568248,96.66666666666667,2773.563389888127,-14.39689307023212,0.5541197277999886,0.4109938276900691,-1.439789307023212
R,0.25,1,0.23262393560179162,0.7131496398663496,0.671091036416456,0.7131496398663496,0.23262393560179162,45.02674532586386,96.66666666666667,2884.6814256066286,-14.274544011075188,0.5562405221991867,0.4020859484576553,-1.4275544011075187
R,0.25,1,0.6040731752972157,0.8126987480984569,0.6293780433006569,0.8126987480984569,0.6040731752972157,93.24377175142949,96.66666666666667,8072.397457819186,4.480253937450329,0.6354915699620092,8.255788996352803e-19,0.3305011394087896
R,0.25,1,0.1694466160932444,0.8724345605056298,0.6726599988966724,0.8724345605056298,0.1694466160932444,44.573324482671154,96.66666666666667,3071.5726977798067,-13.302767267208235,0.5611082988508473,0.38478837772379876,-1.3303767267208235
R,0.25,1,0.8365562811587406,0.18331829865329252,0.6924604972286762,0.18331829865329252,0.8365562811587406,117.4756673133599,96.66666666666667,8024.20381696955,2.8662683369401223,0.6336923392914685,8.255788996352803e-19,0.2865268336940122
R,0.25,1,0.6041993475692446,0.6554339610614666,0.9399794295290677,0.6554339610614666,0.6041993475692446,52.797084276597886,96.66666666666667,4565.952626647139,-7.701132617909791,0.5905078666073983,0.22553364584206892,-0.7702132617909792
R,0.25,1,0.9985250021190697,0.8951253374484252,0.27252063162955953,0.8951253374484252,0.9985250021190697,13.179512115414393,96.66666666666667,1337.661603790973,-21.093282476382164,0.5175618038186537,0.530966600884845,-2.1094282476382165
R,0.25,1,0.12803040232249097,0.43341199812078546,0.1042303780975179,0.43341199812078546,0.12803040232249097,33.72148032855019,96.66666666666667,1034.5035092244173,-23.177458840802796,0.5091112695069879,0.5549407719739031,-2.31784588408028
R,0.25,1,0.050573188546357506,0.7930468184836915,0.6920690676551815,0.7930468184836915,0.050573188546357506,12.919668958059649,96.66666666666667,768.4971421166576,-23.848600931997375,0.5027738123309272,0.5759144840797275,-2.3849600931997377
R,0.25,1,0.8562183610282569,0.7232288576067276,0.6421469927894751,0.7232288576067276,0.8562183610282569,151.46522831718437,96.66666666666667,14393.140201175765,25.419702529184825,0.68010473264997,8.255788996352803e-19,0.3327935316407833
R,0.25,1,0.9361871666482907,0.4617579074697259,0.8865430866490084,0.4617579074697259,0.9361871666482907,69.38120380638416,96.66666666666667,6387.2912693240405,-1.467586681414767,0.6208018954209839,0.01546396578028811,-0.1468586681414767
R,0.25,1,0.8830699469804544,0.8358120331906143,0.9222802558303596,0.8358120331906143,0.8830699469804544,61.84191083441915,96.66666666666667,6740.836641266613,0.5194719860603222,0.6262093090956369,8.255788996352803e-19,0.05184719860603222
R,0.25,1,0.6424097531262613,0.019941712158256464,0.9650006421783348,0.019941712158256464,0.6424097531262613,87.6476835389097,96.66666666666667,5017.18035355181,-7.5956894993105015,0.5941965320620587,0.1777100942233804,-0.7596689499310502
R,0.25,1,0.04466477573569738,0.4775185398271634,0.8651196653576886,0.4775185398271634,0.04466477573569738,73.16095386678538,96.66666666666667,3492.495971157041,-12.3732786124766,0.5698630286541652,0.3489242630816036,-1.23742786124766
R,0.25,1,0.4697860329784197,0.8176559889902197,0.45766046137292055,0.8176559889902197,0.4697860329784197,84.10660948479813,96.66666666666667,6376.425911334882,-1.697331585787914,0.6199556352796206,0.018662470042777695,-0.1698331585787914
R,0.25,1,0.00012415954649802607,0.9227550686865049,0.6636011835977493,0.9227550686865049,0.00012415954649802607,80.96171122482217,96.66666666666667,5079.051263451637,-6.049066956194558,0.5985606732977006,0.15211840283201514,-0.6050066956194559
R,0.25,1,0.7168467487373743,0.1178126385622153,0.5686483130456499,0.1178126385622153,0.7168467487373743,81.21994065359151,96.66666666666667,4544.188851080101,-9.637597422007774,0.585777244496081,0.2438908596725891,-0.9638597422007773
R,0.25,1,0.9284567849544145,0.6063912306096918,0.7268383025586578,0.6063912306096918,0.9284567849544145,68.80764006896013,96.66666666666667,6530.764198544388,-0.872517924798199,0.6230762477918308,0.0071585126639552785,-0.0873517924798199
R,0.25,1,0.7315377922818587,0.783743706663893,0.9567716626460994,0.783743706663893,0.7315377922818587,73.01007508236259,96.66666666666667,7277.890073608928,2.2457190181499778,0.6301143755813468,8.255788996352803e-19,0.2244719018149978
R,0.25,1,0.20467889305338932,0.07725048362769327,0.562053731556114,0.07725048362769327,0.20467889305338932,37.637941941067844,96.66666666666667,1059.4257184519406,-23.19880607034563,0.5096525446160937,0.552876266963413,-2.319980607034563
R,0.25,1,0.5638299074607778,0.4911491233154526,0.3458590213615548,0.4911491233154526,0.5638299074607778,32.28808089825588,96.66666666666667,1982.340516111162,-18.60181550150432,0.53346240117888,0.47931294712458555,-1.860281550150432
R,0.25,1,0.4496996106929333,0.8356256406476101,0.7245038513774813,0.8356256406476101,0.4496996106929333,81.58911933662017,96.66666666666667,6721.218545646703,-0.09154639006580996,0.6253628776752176,0.0002461644891435715,-0.009254639006580996
R,0.25,1,0.0878180060330297,0.5749159809268225,0.5023019500893536,0.5749159809268225,0.0878180060330297,106.126147466135,96.66666666666667,4849.354512238791,-8.012614346334491,0.5915313103493633,0.20106528052571515,-0.801361434633449
R,0.25,1,0.9869060808525157,0.4520978880415987,0.3586241734970347,0.4520978880415987,0.9869060808525157,64.66035329462271,96.66666666666667,5232.044395010643,-6.31057210003921,0.5993386914414129,0.1378455668537455,-0.6311572100039211
R,0.25,1,0.3718235808838112,0.8832208593996185,0.9899057065268354,0.8832208593996185,0.3718235808838112,181.50288118087389,96.66666666666667,15881.477541874214,30.331817467121752,0.6899239415098175,8.255788996352803e-19,0.33343645768212443
R,0.25,1,0.4339614196295678,0.7063120275200665,0.6081960944805085,0.7063120275200665,0.4339614196295678,78.16299096356822,96.66666666666667,5644.819803201619,-4.309455614038077,0.6075819379147442,0.07895958759605826,-0.43104556140380773
R,0.25,1,0.6953481367657,0.9259590093105191,0.7285163765625142,0.9259590093105191,0.6953481367657,105.05878388492911,96.66666666666667,10430.053967583455,12.926907914767236,0.6532344569551362,8.255788996352803e-19,0.3313464265090166
R,0.25,1,0.7844403830815887,0.49801062167654336,0.9278550258437209,0.49801062167654336,0.7844403830815887,24.133924081327795,96.66666666666667,2107.3483281475355,-17.4557013180388,0.5372992572266795,0.46757050014567575,-1.7456701318038799
R,0.25,1,0.6832320671544327,0.32418457135878764,0.7683696994475002,0.32418457135878764,0.6832320671544327,79.88734799923428,96.66666666666667,5558.56761835196,-5.112503647824609,0.6047685916596448,0.09545072769988522,-0.511350364782461
R,0.25,1,0.5133159715078806,0.9537130994611215,0.7573738604285701,0.9537130994611215,0.5133159715078806,117.59324985679783,96.66666666666667,10852.187144591802,14.219129667957885,0.6560102483302441,8.255788996352803e-19,0.33153947754818647
R,0.25,1,0.8060341749827047,0.29393568370843853,0.5138648231957463,0.29393568370843853,0.8060341749827047,76.30455393404785,96.66666666666667,5176.891123325011,-6.85683504279094,0.5974284237957465,0.1507063759522186,-0.6857835042790941
R,0.25,1,0.40182350340631,0.3337025894753731,0.3991392587912646,0.3337025894753731,0.40182350340631,131.94040984365523,96.66666666666667,6168.84564201589,-4.22184393940044,0.6112837493532289,0.05390053556071513,-0.422284393940044
R,0.25,1,0.7908335290821875,0.5993038429486195,0.9678580415479136,0.5993038429486195,0.7908335290821875,50.510049609770526,96.66666666666667,4732.9593236286155,-7.082500197230111,0.5934860915811088,0.20178277500009092,-0.7083500197230111
R,0.25,1,0.8358755530639201,0.6320425167299877,0.9316927207955029,0.6320425167299877,0.8358755530639201,87.550126215365,96.66666666666667,8465.065996703159,6.054023562617089,0.6387153609532301,8.255788996352803e-19,0.33060957543786473
R,0.25,1,0.7540954493097877,0.39325251205699313,0.5895938432195711,0.39325251205699313,0.7540954493097877,83.3928461126064,96.66666666666667,6013.228314907378,-3.5793885644636605,0.6122961786204139,0.05186880729717062,-0.358038856446366
R,0.25,1,0.4686328922161992,0.07351568234489914,0.8546548051338837,0.07351568234489914,0.4686328922161992,116.64275886955981,96.66666666666667,5654.117631498843,-5.750288378106132,0.6035333957617751,0.09759868145021623,-0.5751288378106132
R,0.25,1,0.6747904669429103,0.7458760848327013,0.5726767366991381,0.7458760848327013,0.6747904669429103,58.91223107981817,96.66666666666667,5028.17341544006,-6.272029536316019,0.5978378299897259,0.15976107622303506,-0.6273029536316019
R,0.25,1,0.508567676347172,0.812401775455022,0.6553656053964265,0.812401775455022,0.508567676347172,88.51201361287107,96.66666666666667,7296.276539661531,1.780522799229998,0.6296325375656041,8.255788996352803e-19,0.1779522799229998
R,0.25,1,0.4597639993952982,0.6890521892814301,0.7977339897424075,0.6890521892814301,0.4597639993952982,133.4212777471486,96.66666666666667,10324.69339483699,11.725337903867695,0.6512647909134845,8.255788996352803e-19,0.33143166308722494
R,0.25,1,0.9639285640995061,0.4178421407666528,0.7731516594876725,0.4178421407666528,0.9639285640995061,71.57897289592525,96.66666666666667,6328.821433572609,-1.9138433638669181,0.6192429608682982,0.022043489394669668,-0.1914843363866918
R,0.25,1,0.963723528028075,0.6399692614028043,0.7271909287413539,0.6399692614028043,0.963723528028075,81.87634381004234,96.66666666666667,8053.718472085704,4.500398559549041,0.6355633171001408,8.255788996352803e-19,0.3304345970221558
R,0.25,1,0.304299274971812,0.5743454996768662,0.4292750448227242,0.5743454996768662,0.304299274971812,64.5389530086259,96.66666666666667,3527.9647397560257,-12.514141885812766,0.5703854057322945,0.34760313248135677,-1.2515141885812766
R,0.25,1,0.2231349641901642,0.26150495449525846,0.8538971919498114,0.26150495449525846,0.2231349641901642,79.47519142492655,96.66666666666667,3622.433585169702,-12.388050698715137,0.5714378643799778,0.3391904987549365,-1.2389050698715136
R,0.25,1,0.3499535709573607,0.4067487373021723,0.8612010785133001,0.4067487373021723,0.3499535709573607,62.0151019650874,96.66666666666667,3681.535357607735,-11.65690245705032,0.5735759133532766,0.33159633874853706,-1.165790245705032
R,0.25,1,0.021419857323639158,0.9178679037607581,0.5938615930271944,0.9178679037607581,0.021419857323639158,38.16006562885934,96.66666666666667,2358.709064477665,-16.09824735445609,0.543837596526128,0.44445367821471155,-1.609924735445609
R,0.25,1,0.8972654728657126,0.07691818063317479,0.9195151758951718,0.07691818063317479,0.8972654728657126,22.451530085975158,96.66666666666667,1609.7087461928033,-20.219464452345523,0.5241368247375003,0.5097814200907003,-2.0220464452345523
R,0.25,1,0.8981598546199112,0.5406362738756251,0.5799509839331274,0.5406362738756251,0.8981598546199112,124.80792590937804,96.66666666666667,10788.22001604346,13.091846431539954,0.6546029115363216,8.255788996352803e-19,0.3315254669366725
R,0.25,1,0.742616709659913,0.9819345776593762,0.9222802558303596,0.9819345776593762,0.742616709659913,64.65565964525821,96.66666666666667,7065.866011648128,1.8365025635231562,0.6288633318703153,8.255788996352803e-19,0.18355025635231564
R,0.25,1,0.9269910209221739,0.7640283463045903,0.45766046137292055,0.7640283463045903,0.9269910209221739,73.01180779928131,96.66666666666667,7008.584492318394,0.769048167797096,0.6275946966069099,8.255788996352803e-19,0.0768048167797096
R,0.25,1,0.04531235814716039,0.9625536655197935,0.8992033584009094,0.9625536655197935,0.04531235814716039,91.14454076556426,96.66666666666667,6642.011222924591,-0.18889719002430538,0.6247436358705913,0.0007615948322200011,-0.018989719002430537
R,0.25,1,0.571761437131619,0.8930376434722943,0.5577352170705836,0.8930376434722943,0.571761437131619,50.90328398111201,96.66666666666667,4437.918032282916,-8.198303386908037,0.5882450736144127,0.242741676640222,-0.8199303386908037
R,0.25,1,0.7844977989081514,0.08692671045485101,0.6636011835977493,0.08692671045485101,0.7844977989081514,27.737264373096593,96.66666666666667,1668.708636563644,-20.259684673069927,0.525328136602005,0.5057095931321847,-2.0260684673069926
R,0.25,1,0.9645004001092682,0.7304650871765173,0.6309730191698566,0.7304650871765173,0.9645004001092682,64.39125712320929,96.66666666666667,6472.7765732185835,-0.9164174061234356,0.6227043344392735,0.0079483985846919,-0.09174174061234355
R,0.25,1,0.8964324597826713,0.7996370382745522,0.43387468983711597,0.7996370382745522,0.8964324597826713,44.81694741907557,96.66666666666667,4286.756354698867,-8.936313209002972,0.5852574064294024,0.26329985429806163,-0.893731320900297
R,0.25,1,0.7315377922818587,0.5611246676409694,0.5651719246826379,0.5611246676409694,0.7315377922818587,51.660074000050486,96.66666666666667,4068.8725031314307,-10.103590410434187,0.5805794704441266,0.29112459918703465,-1.0104590410434187
R,0.25,1,0.9434001894691156,0.6413041684219257,0.6881288733427229,0.6413041684219257,0.9434001894691156,178.26215428346578,96.66666666666667,17191.324021670865,34.279460358319525,0.6986045109881137,8.255788996352803e-19,0.33387280857714824
R,0.25,1,0.5638299074607778,0.7610752642720044,0.907121951242584,0.7610752642720044,0.5638299074607778,136.41812795835412,96.66666666666667,12130.751122967458,18.19497873603794,0.6646396818500097,8.255788996352803e-19,0.33201943921269567
R,0.25,1,0.29668261309647603,0.6410549355316769,0.6352423285763904,0.6410549355316769,0.29668261309647603,74.9356065290021,96.66666666666667,4703.553328192699,-7.840637520325093,0.591007557126716,0.21352669914669362,-0.7841637520325093
R,0.25,1,0.7721742838450245,0.43892927846603735,0.8244878844371316,0.43892927846603735,0.7721742838450245,72.10396649508623,96.66666666666667,5852.489703824304,-3.614628039030522,0.6111089699802936,0.0585087784494053,-0.3615628039030522
R,0.25,1,0.6899526722501429,0.58808487225162,0.5654337765853275,0.58808487225162,0.6899526722501429,81.58911933662017,96.66666666666667,6367.0289836211705,-1.9307704283705052,0.6193250052463606,0.021753180545842105,-0.1931770428370505
R,0.25,1,0.7351028300246742,0.7231253671759521,0.5809704262265182,0.7231253671759521,0.7351028300246742,55.39608257104523,96.66666666666667,4843.593623542104,-6.937591886129619,0.5946680335388741,0.18853032439571438,-0.6938591886129619
R,0.25,1,0.9493747534576169,0.9869891493515255,0.5893878590543518,0.9869891493515255,0.9493747534576169,52.91299828360007,96.66666666666667,5902.597962651204,-2.5340506108845124,0.6148161879367532,0.03968245248188237,-0.2535050610884512
R,0.25,1,0.7024191492623966,0.8705293226456279,0.7285163765625142,0.8705293226456279,0.7024191492623966,59.801159867050124,96.66666666666667,5792.360259074673,-3.0950876960621936,0.6123410183345538,0.05261189352101952,-0.30960876960621936
R,0.25,1,0.4964398461460374,0.9213461893944733,0.7742184156546412,0.9213461893944733,0.4964398461460374,41.951479911418424,96.66666666666667,3785.9013272180127,-10.365770089859314,0.5776074515458212,0.31629680748673095,-1.0366770089859314
R,0.25,1,0.5205176395208275,0.99579786259266,0.9278750569463543,0.99579786259266,0.5205176395208275,50.586476497337344,96.66666666666667,5008.701169527668,-5.5761492104258625,0.5998568711810152,0.1511889767738975,-0.5577149210425862
R,0.25,1,0.3744895649716463,0.59511517994559,0.6973165044491814,0.59511517994559,0.3744895649716463,117.59324985679783,96.66666666666667,7750.9414999935,2.6193476984663837,0.6321402139047733,8.255788996352803e-19,0.2618347698466384
R,0.25,1,0.10357636242597812,0.41087362334197997,0.4784382164884774,0.41087362334197997,0.10357636242597812,103.92012418370837,96.66666666666667,3916.0692921585237,-11.818221569872938,0.5752420455449035,0.31257686205504576,-1.1819221569872937
R,0.25,1,0.4914706014641985,0.6320425167299877,0.8118938262066703,0.6320425167299877,0.4914706014641985,35.94407961178163,96.66666666666667,2748.751656399807,-14.742096363072228,0.5531216845875009,0.413922092519461,-1.4743096363072228
R,0.25,1,0.877254779305247,0.5318445598317971,0.4575780105981806,0.5318445598317971,0.877254779305247,126.96685077247012,96.66666666666667,10397.876250499541,11.511185834904511,0.6515102896518226,8.255788996352803e-19,0.3314077079991159
R,0.25,1,0.33029723675886147,0.41190554937108736,0.941275345421669,0.41190554937108736,0.33029723675886147,38.842587867181145,96.66666666666667,2355.4931045697717,-16.527612958978963,0.5432094511024007,0.44672722864349457,-1.6528612958978965
R,0.25,1,0.8093109401502097,0.5291353935671045,0.6978663188067714,0.5291353935671045,0.8093109401502097,57.29153214769398,96.66666666666667,4833.627823774207,-7.176246106008611,0.5939409630122013,0.1924343449185168,-0.7177246106008611
R,0.25,1,0.4137148351970334,0.5434894657085606,0.7052073273467112,0.5434894657085606,0.4137148351970334,89.05795238745813,96.66666666666667,5832.440767309277,-3.951798809937274,0.6098085557353096,0.06447346601460484,-0.39527988099372735
R,0.25,1,0.18032914367108432,0.812401775455022,0.407437040785377,0.812401775455022,0.18032914367108432,88.51201361287107,96.66666666666667,5295.007453889977,-5.816522812725749,0.6007282572543732,0.12693146616777476,-0.581752281272575
R,0.25,1,0.9173146913379542,0.7629163530327047,0.6384503999464999,0.7629163530327047,0.9173146913379542,116.47414532900132,96.66666666666667,11644.24785913458,16.685187883021246,0.6615759444877747,8.255788996352803e-19,0.3317724061918272
R,0.25,1,0.8756836224332788,0.03533856786356726,0.12957500846451775,0.03533856786356726,0.8756836224332788,5.0180222612101755,96.66666666666667,244.83173849258745,-27.97470723551635,0.48743219529051013,0.6264494961029736,-2.7975707235516354
R,0.25,1,0.8983685261125682,0.9650040601578895,0.9809034169041577,0.9650040601578895,0.8983685261125682,49.694579771379175,96.66666666666667,5848.615459094971,-2.3954020028661396,0.614947458503009,0.038626680476893493,-0.23964020028661395
R,0.25,1,0.7023238653652297,0.8590430999142528,0.6779517116458539,0.8590430999142528,0.7023238653652297,74.4082345100557,96.66666666666667,7070.057714104446,1.3061011062125634,0.6283143486492043,8.255788996352803e-19,0.13051011062125634
R,0.25,1,0.6147036902411633,0.17003439836396794,0.7011148951976308,0.17003439836396794,0.6147036902411633,77.66929836814894,96.66666666666667,4408.880386872599,-9.78264859462679,0.5841789730742666,0.2580198006110333,-0.978364859462679
R,0.25,1,0.9127834102856509,0.5468681768531738,0.4292750448227242,0.5468681768531738,0.9127834102856509,126.90662608718483,96.66666666666667,10623.91909937656,12.30866001275468,0.6531852099202056,8.255788996352803e-19,0.3314784529025033
R,0.25,1,0.70818064598752,0.855112161852866,0.9223451347512527,0.855112161852866,0.70818064598752,20.075592770415597,96.66666666666667,2032.1171225321634,-17.409315800942306,0.5358765155891474,0.4722347022947549,-1.7410315800942306
R,0.25,1,0.22549623369852778,0.573649374324676,0.38374515590430347,0.573649374324676,0.22549623369852778,67.25507146829693,96.66666666666667,3332.549946207726,-13.362748861907326,0.5656361014698549,0.36577889758880094,-1.3363748861907325
R,0.25,1,0.053994168226407846,0.3996552763695258,0.6920690676551815,0.3996552763695258,0.053994168226407846,17.515761924104666,96.66666666666667,700.3537090293652,-24.40363317702376,0.5007360584684332,0.5819743254980482,-2.4404633177023762
R,0.25,1,0.9526091778314419,0.3250865254049542,0.9661525542346844,0.3250865254049542,0.9526091778314419,101.48908014131483,96.66666666666667,8934.956431235109,7.052360297647601,0.6415334617809787,8.255788996352803e-19,0.3308238630271387
R,0.25,1,0.0017327181005816206,0.7927980563063824,0.47172409244820046,0.7927980563063824,0.0017327181005816206,44.15851067559977,96.66666666666667,2275.030618494911,-16.768981659434782,0.5413235472923217,0.4521502463512002,-1.6769981659434783
R,0.25,1,0.2852744048498187,0.7469204391560494,0.8500149868074071,0.7469204391560494,0.2852744048498187,73.16095386678538,96.66666666666667,5330.515649089675,-5.082974868103396,0.6032002044939939,0.11264533242868066,-0.5083974868103397
R,0.25,1,0.7685180931433439,0.8358120331906143,0.15442363343130183,0.8358120331906143,0.7685180931433439,84.38746504063973,96.66666666666667,7095.053096673413,0.6413341109416614,0.6277971051252008,8.255788996352803e-19,0.06403341109416613
R,0.25,1,0.823237953574541,0.8469945867587457,0.3368649061754694,0.8469945867587457,0.823237953574541,91.14454076556426,96.66666666666667,8379.21382235391,5.3960468996893445,0.6377182006603982,8.255788996352803e-19,0.33059041480306456
R,0.25,1,0.4098954478213034,0.9227550686865049,0.20998604074482463,0.9227550686865049,0.4098954478213034,35.8844207320699,96.66666666666667,2579.450277007544,-15.6036967813575,0.548772869580124,0.42879627423804656,-1.56046967813575
R,0.25,1,0.6158985922889182,0.5809380874403945,0.8624618829843249,0.5809380874403945,0.6158985922889182,76.73658170872051,96.66666666666667,6246.617202159198,-1.9803245255877067,0.6184199958512404,0.0243483255410981,-0.19813245255877066
R,0.25,1,0.360519971053174,0.17122967647812637,0.7439738480854297,0.17122967647812637,0.360519971053174,70.73482351411356,96.66666666666667,3196.2823446769007,-14.2588244653024,0.5618928367442217,0.37928615064836796,-1.42598244653024
R,0.25,1,0.4710472902048365,0.07725048362769327,0.4880739576551397,0.07725048362769327,0.4710472902048365,34.351416973635686,96.66666666666667,1360.891073566479,-21.94656929492517,0.5172401143090313,0.5301871647464242,-2.194756929492517
R,0.25,1,0.29668261309647603,0.631275273919389,0.1432196609578016,0.631275273919389,0.29668261309647603,45.19845758522174,96.66666666666667,2258.945954137204,-17.558803293867275,0.5400966299162367,0.45658622747815353,-1.7559803293867275
R,0.25,1,0.4681780867544373,0.5480976754608895,0.3842507811325324,0.5480976754608895,0.4681780867544373,78.13365576850997,96.66666666666667,4720.83998508538,-8.296516755285252,0.5901165320313195,0.21593939121620184,-0.8297516755285251
R,0.25,1,0.7315377922818587,0.47374258029849986,0.8965211800724674,0.47374258029849986,0.7315377922818587,112.30747793992622,96.66666666666667,9285.250759091363,8.23536827323013,0.6439704967277218,8.255788996352803e-19,0.3309945930113352
R,0.25,1,0.37839025012291716,0.8356256406476101,0.603115616627461,0.8356256406476101,0.37839025012291716,81.58911933662017,96.66666666666667,6182.716169901418,-2.1872558199196934,0.6173358612159998,0.02843808795634135,-0.21882558199196933
R,0.25,1,0.7957151352800751,0.6688706595300737,0.755981137647759,0.6688706595300737,0.7957151352800751,78.91977248296811,96.66666666666667,7270.785370024612,1.7669005631056633,0.6296095641153896,8.255788996352803e-19,0.17659005631056635
R,0.25,1,0.291693035727259,0.2165857386050566,0.9446291398889077,0.2165857386050566,0.291693035727259,70.65986003677436,96.66666666666667,3464.429422979451,-12.84313737754662,0.5687227218659502,0.353604919158697,-1.284413737754662
R,0.25,1,0.7024191492623966,0.8238372415846373,0.6426811382991175,0.8238372415846373,0.7024191492623966,76.02324292083297,96.66666666666667,7023.015625480674,1.0219455037756184,0.6278336861272527,8.255788996352803e-19,0.10209455037756185
R,0.25,1,0.3744895649716463,0.6821312578990281,0.6665713563540172,0.6821312578990281,0.3744895649716463,15.94468284854129,96.66666666666667,1108.0809174165513,-21.980106513023642,0.5117153492977481,0.5482099001186342,-2.1981106513023643
R,0.25,1,0.9001265711015257,0.5179680640799049,0.4667454138999626,0.5179680640799049,0.9001265711015257,119.62047407159898,96.66666666666667,9877.465318976152,9.804546345414266,0.6478678370879822,8.255788996352803e-19,0.3312090554765579
R,0.25,1,0.5769204621186497,0.25290234915301946,0.7556792296293877,0.25290234915301946,0.5769204621186497,170.96323447500254,96.66666666666667,10323.293725882666,10.23941544662094,0.6494114806090912,8.255788996352803e-19,0.3315733476260099
R,0.25,1,0.7919526581423402,0.9391983913682218,0.3318576348615464,0.9391983913682218,0.7919526581423402,33.13462952883089,96.66666666666667,3142.951928885247,-13.190961945322384,0.5627612002285565,0.38030150463164913,-1.3191961945322384
R,0.25,1,0.874384141833046,0.460879626274738,0.26527878561295726,0.460879626274738,0.874384141833046,79.88734799923428,96.66666666666667,5863.344532256685,-4.351454667294903,0.6092218941849405,0.06760788750940319,-0.4352454667294904
R,0.25,1,0.9667950110491262,0.9112816353283872,0.6616394336857531,0.9112816353283872,0.9667950110491262,37.04866644019188,96.66666666666667,4091.8332280952577,-9.247942443828663,0.5829828849867454,0.2831428110661333,-0.9248942443828663
R,0.25,1,0.877254779305247,0.25653498340562036,0.7486241639874568,0.25653498340562036,0.877254779305247,17.922106595851872,96.66666666666667,1351.4181009098304,-21.31203531565737,0.5176200075184125,0.5304615138815547,-2.131303531565737
R,0.25,1,0.7732414528006436,0.6640477860171479,0.7747675126767095,0.6640477860171479,0.7732414528006436,164.41092151462283,96.66666666666667,14999.808429823446,27.24385866074493,0.6839181998440375,8.255788996352803e-19,0.3330448893638491
R,0.25,1,0.26996521713864385,0.7802393244892548,0.8227802910766969,0.7802393244892548,0.26996521713864385,162.51654396401514,96.66666666666667,11876.66586172122,16.74024141030359,0.6618169874933204,8.255788996352803e-19,0.3320463181154036
R,0.25,1,0.8274229147789389,0.5434894657085606,0.4925044896578547,0.5434894657085606,0.8274229147789389,89.16258484049806,96.66666666666667,7209.528905291409,0.8670810159480665,0.6284863193489268,8.255788996352803e-19,0.08660810159480666
R,0.25,1,0.09709510824452705,0.6102043720349264,0.37505797515142125,0.6102043720349264,0.09709510824452705,18.467617237870204,96.66666666666667,826.2674818949507,-23.59270559301797,0.5040917356484995,0.5715833614834087,-2.359370559301797
R,0.25,1,0.3899342505712723,0.07675249723460054,0.6384503999464999,0.07675249723460054,0.3899342505712723,105.61867289658376,96.66666666666667,4150.348846900009,-11.505731561649885,0.5781965877791048,0.29147075271716877,-1.1506731561649883
R,0.25,1,0.25951363737973154,0.7003833157890824,0.6949929113476306,0.7003833157890824,0.25951363737973154,151.05447505729296,96.66666666666667,9874.381253304407,9.735584830081061,0.6473050920850724,8.255788996352803e-19,0.3313656272978088
R,0.25,1,0.1343796280379702,0.32221874765156233,0.8914909178388619,0.32221874765156233,0.1343796280379702,86.8116516652537,96.66666666666667,3916.6979326181317,-11.196069303985544,0.576539313780702,0.3095692266017719,-1.1197069303985543
R,0.25,1,0.8756836224332788,0.4078011370183938,0.47634152719310857,0.4078011370183938,0.8756836224332788,121.59565925880858,96.66666666666667,9251.335324492817,7.344144789056061,0.6429693040292879,8.255788996352803e-19,0.3310115949329017
R,0.25,1,0.6925123867467917,0.6715963588478024,0.4292750448227242,0.6715963588478024,0.6925123867467917,83.29271810786555,96.66666666666667,6574.903393243244,-1.2122747374581173,0.6223985204702168,0.010682354541778637,-0.12132747374581172
R,0.25,1,0.8064523123375184,0.7561212135087979,0.8205044704782333,0.7561212135087979,0.8064523123375184,50.95772839969383,96.66666666666667,5026.535965665537,-5.900567348732236,0.5989745603926339,0.1542627005454072,-0.5901567348732236
R,0.25,1,0.3499535709573607,0.8784885102024329,0.7224643812214545,0.8784885102024329,0.3499535709573607,104.54460585168984,96.66666666666667,8309.593508741058,5.3065116678929485,0.6371481827092639,8.255788996352803e-19,0.3306433626777592
R,0.25,1,0.07842544486776581,0.3994712335937568,0.7166514075818627,0.3994712335937568,0.07842544486776581,112.8422966165267,96.66666666666667,4718.0627047755,-8.632780891726984,0.5889501526596446,0.22018522665594842,-0.8633780891726983
R,0.25,1,0.9627539254464279,0.4600958062542145,0.6754463651384277,0.4600958062542145,0.9627539254464279,93.5800019501953,96.66666666666667,8237.720837541709,4.598887003891318,0.6363703409384194,8.255788996352803e-19,0.3305475743586899
R,0.25,1,0.5338726582256156,0.7037343763008559,0.9640028164030929,0.7037343763008559,0.5338726582256156,133.62178661536583,96.66666666666667,11488.857619809238,15.986412780657187,0.6600156448512716,8.255788996352803e-19,0.3318047402605994
R,0.25,1,0.6231518323120271,0.8358120331906143,0.9222802558303596,0.8358120331906143,0.6231518323120271,42.707830665835814,96.66666666666667,4100.173810584172,-9.143797384265328,0.5832351099323233,0.2814302994126955,-0.9144797384265327
R,0.25,1,0.606900585897562,0.07843065929347437,0.399690328184957,0.07843065929347437,0.606900585897562,96.65836091422852,96.66666666666667,4277.985042064342,-11.301025867469082,0.580020546622101,0.27903477921951636,-1.130202586746908
R,0.25,1,0.8906716362558282,0.7141754272691216,0.7167178562366312,0.7141754272691216,0.8906716362558282,82.58153982888628,96.66666666666667,8106.2286895598245,4.767887054864661,0.6360249249017991,8.255788996352803e-19,0.33045889224313074
R,0.25,1,0.5088729839945995,0.9411203766234543,0.3368649061754694,0.9411203766234543,0.5088729839945995,91.14454076556426,96.66666666666667,7375.533877667437,1.887520200355557,0.6300720694268123,8.255788996352803e-19,0.1886520200355557
R,0.25,1,0.7085780034489131,0.40168350432057087,0.6507146717881078,0.40168350432057087,0.7085780034489131,34.21874868781253,96.66666666666667,2456.2540211405317,-16.439834192753867,0.5453588836278399,0.44055797874630814,-1.6440834192753868
R,0.25,1,0.8123868637511339,0.4064857369258701,0.6309730191698566,0.4064857369258701,0.8123868637511339,62.48060394097169,96.66666666666667,4793.384193574875,-7.695092946809162,0.592295904706907,0.20226836470658555,-0.7696092946809162
R,0.25,1,0.7315377922818587,0.783743706663893,0.624934138110105,0.783743706663893,0.7315377922818587,59.016359488739454,96.66666666666667,5393.35332720821,-4.790861588375028,0.6046602468781146,0.10240450820293089,-0.4791861588375029
R,0.25,1,0.6497614635827486,0.9004260673560914,0.8543267392419021,0.9004260673560914,0.6497614635827486,36.42613357453989,96.66666666666667,3601.3624013763847,-11.00288884899214,0.5744753148574586,0.33485528029598033,-1.1003888848992138
R,0.25,1,0.9493121558833864,0.2073879498972671,0.3520758096163251,0.2073879498972671,0.9493121558833864,181.15924445823305,96.66666666666667,12071.890552951923,15.494611020133828,0.6612675741572708,8.255788996352803e-19,0.33213128028891503
R,0.25,1,0.29668261309647603,0.8754419413302562,0.7580204095729277,0.8754419413302562,0.29668261309647603,40.85541989045331,96.66666666666667,3168.613094716616,-12.821291179996988,0.5636482933045918,0.37594386122593143,-1.2822291179996987
R,0.25,1,0.6417095841776542,0.18373900272631438,0.9254820208723084,0.18373900272631438,0.6417095841776542,78.13365576850997,96.66666666666667,5032.548128157431,-7.109487037392417,0.5955090526160446,0.1705057980433221,-0.7110487037392417
R,0.25,1,0.7893920400853176,0.8356256406476101,0.45259180927073606,0.8356256406476101,0.7893920400853176,64.05988018200948,96.66666666666667,5929.746322900971,-2.962930598457825,0.6136017660587796,0.04591958478506357,-0.2963930598457825
R,0.25,1,0.9668741528651196,0.7506485861485912,0.8244878844371316,0.7506485861485912,0.9668741528651196,85.94150122344185,96.66666666666667,9151.767292038468,8.62962429408551,0.6440838894186834,8.255788996352803e-19,0.3308355071014127
R,0.25,1,0.9844443094031725,0.7686681295150248,0.7912790424642798,0.7686681295150248,0.9844443094031725,84.22441359707555,96.66666666666667,9048.86869046144,8.290150395839937,0.6433486305496877,8.255788996352803e-19,0.33079274570824346
R,0.25,1,0.9209020258445324,0.10272810334848448,0.6966341371360639,0.10272810334848448,0.9209020258445324,100.16104835885497,96.66666666666667,6870.783481036999,-1.1472315979686247,0.624129160011725,0.007805228509310518,-0.11482315979686246
R,0.25,1,0.7515473110246831,0.7804333553052105,0.3222006353166843,0.7804333553052105,0.7515473110246831,58.985248380276325,96.66666666666667,4993.340118423437,-6.610986989059329,0.5966703627716262,0.16808891314734775,-0.661198698905933
R,0.25,1,0.7024191492623966,0.6122815341075538,0.6426811382991175,0.6122815341075538,0.7024191492623966,69.73544160256483,96.66666666666667,5704.502961223063,-4.048726193498569,0.608855052444674,0.07161664212529466,-0.40497261934985695
R,0.25,1,0.7583119100265646,0.25359984578630745,0.7191026167146356,0.25359984578630745,0.7583119100265646,48.72839782951337,96.66666666666667,3341.459889968422,-13.235025968220091,0.5662202950707177,0.36569632092656146,-1.323602596822009
R,0.25,1,0.07281211039697799,0.9268943981035177,0.05436383011522805,0.9268943981035177,0.07281211039697799,79.88734799923428,96.66666666666667,4101.76964245859,-10.362392026804473,0.5800585302960108,0.2893338374704833,-1.0363392026804472
R,0.25,1,0.6810127831039401,0.7732470849491906,0.3991392587912646,0.7732470849491906,0.6810127831039401,83.81816348434165,96.66666666666667,6931.047559619351,0.21505854139451602,0.6266503675428087,8.255788996352803e-19,0.0214058541394516
R,0.25,1,0.7517308373902478,0.25653498340562036,0.611117003699361,0.25653498340562036,0.7517308373902478,103.70081278413612,96.66666666666667,6812.232505695524,-1.2476065172435034,0.6235128053345331,0.009173314296509041,-0.12486065172435032
R,0.25,1,0.9628812345379143,0.9554481164651707,0.6092718715149208,0.9554481164651707,0.9628812345379143,75.38329181805926,96.66666666666667,8378.722045664299,6.131025926276969,0.6385481562242736,8.255788996352803e-19,0.3305243186474157
R,0.25,1,0.8093109401502097,0.3262553117363255,0.9038056024297288,0.3262553117363255,0.8093109401502097,27.24476342555149,96.66666666666667,2162.5109398565933,-17.474996930901863,0.5383647852693139,0.46400486254250817,-1.7475996930901865
R,0.25,1,0.771479251885866,0.012462820048304568,0.8017221568249745,0.012462820048304568,0.771479251885866,94.12540480928844,96.66666666666667,5576.00380728497,-5.8701680291208245,0.6029477027553138,0.10351335670641582,-0.5871168029120825
R,0.25,1,0.4562413893889702,0.7226925620027147,0.755519987998712,0.7226925620027147,0.4562413893889702,59.98950005903667,96.66666666666667,4669.264576446893,-7.495714456948982,0.5917651174572238,0.2131894926157409,-0.7496714456948983
R,0.25,1,0.7460609989086069,0.5434894657085606,0.766550274121827,0.5434894657085606,0.7460609989086069,83.7005909477697,96.66666666666667,7000.8245706506905,0.5092406869198496,0.6272264043177616,8.255788996352803e-19,0.050824068691984955
R,0.25,1,0.3870415790009938,0.8590430999142528,0.6779517116458539,0.8590430999142528,0.3870415790009938,21.065557469639074,96.66666666666667,1669.5091893691915,-19.109861829728057,0.5265191534718459,0.501539499233503,-1.9110861829728059
R,0.25,1,0.6607619096210705,0.7577628022713908,0.39026258803409064,0.7577628022713908,0.6607619096210705,99.58258029341029,96.66666666666667,8034.60143872136,3.893039689368829,0.6347525641886265,8.255788996352803e-19,0.33051069138832156
R,0.25,1,0.39867993363874543,0.8849374566475823,0.1453064742764909,0.8849374566475823,0.39867993363874543,14.723280737101184,96.66666666666667,998.4376601528177,-22.72617520569922,0.5086526687800043,0.5581132863926617,-2.2727175205699224
R,0.25,1,0.8524794920375462,0.7457008239616927,0.5404116549688572,0.7457008239616927,0.8524794920375462,112.67634462489586,96.66666666666667,10526.146049777293,12.691823780641338,0.6533072664216236,8.255788996352803e-19,0.3313972606836542
R,0.25,1,0.8242534071142898,0.8561818630380879,0.31441097663592776,0.8561818630380879,0.8242534071142898,64.04929572114652,96.66666666666667,5884.979818424945,-3.2374510180563587,0.612510766781361,0.05154781577475983,-0.32384510180563586
R,0.25,1,0.304299274971812,0.624450207136533,0.8583181245528678,0.624450207136533,0.304299274971812,59.498456810850286,96.66666666666667,4039.673144058117,-9.910784911524281,0.5806512031888218,0.29205309082335373,-0.9911784911524281
R,0.25,1,0.19104937376149245,0.40927947447097307,0.4776879043277124,0.40927947447097307,0.19104937376149245,115.54289324512494,96.66666666666667,4848.022664520237,-8.522150894840513,0.5903740254478859,0.20603060168863394,-0.8523150894840512
R,0.25,1,0.6269176211176619,0.23612503230317905,0.8067808451265446,0.23612503230317905,0.6269176211176619,71.37854850942134,96.66666666666667,4519.8077374033855,-8.981832997592742,0.586890407621016,0.24164833885625533,-0.8982832997592741
R,0.25,1,0.7808291550182823,0.7223771519681511,0.9640028164030929,0.7223771519681511,0.7808291550182823,64.66746218009885,96.66666666666667,6418.917242077958,-0.829670599194377,0.6226022007642578,0.00722465164403341,-0.0830670599194377
R,0.25,1,0.8036715013219722,0.12185116111036631,0.6754463651384277,0.12185116111036631,0.8036715013219722,93.5800019501953,96.66666666666667,5910.727431941068,-4.56389285323767,0.6088977681394246,0.06804491151327512,-0.45648928532376704
R,0.25,1,0.8152169588659404,0.395710768654033,0.22058105472999878,0.395710768654033,0.8152169588659404,61.84191083441915,96.66666666666667,4085.333075570168,-10.943689748575185,0.5789929750543132,0.29453139274953233,-1.0944689748575185
R,0.25,1,0.9481740227997613,0.9567551634411975,0.45766046137292055,0.9567551634411975,0.9481740227997613,56.17306543589598,96.66666666666667,5992.990367576158,-2.4058419751077884,0.6157440642528993,0.03541134671437995,-0.24068419751077882
R,0.25,1,0.5088729839945995,0.806964561220264,0.7493426041896005,0.806964561220264,0.5088729839945995,91.14454076556426,96.66666666666667,7704.032627408136,3.2952254729431467,0.6327974520878148,8.255788996352803e-19,0.3294225472943147
R,0.25,1,0.6884972239723752,0.9573243652386709,0.904418560065926,0.9573243652386709,0.6884972239723752,67.12481677036192,96.66666666666667,7041.496883828361,1.6583074569313956,0.6285651584807987,8.255788996352803e-19,0.16573074569313956
R,0.25,1,0.8238226722292759,0.9227550686865049,0.8909385417722565,0.9227550686865049,0.8238226722292759,66.70251837472621,96.66666666666667,7310.752804149025,2.6022765137209416,0.6306512293077464,8.255788996352803e-19,0.26012765137209415
R,0.25,1,0.9788931814705959,0.7302150496547902,0.37949447350278054,0.7302150496547902,0.9788931814705959,44.21021498272311,96.66666666666667,4197.440422797577,-9.422603137993772,0.5833554377299421,0.2751820906666613,-0.9423603137993771
R,0.25,1,0.689983615899118,0.9303572786932587,0.9298173057553442,0.9303572786932587,0.689983615899118,57.88128707655843,96.66666666666667,6034.846384168872,-1.9104403164328239,0.6174623920611245,0.026618250494379152,-0.19114403164328236
R,0.25,1,0.5638299074607778,0.7610752642720044,0.6444730198715033,0.7610752642720044,0.5638299074607778,43.021619560369054,96.66666666666667,3543.135139538509,-11.646067954148261,0.5722834684729708,0.34284463459401165,-1.164706795414826
R,0.25,1,0.6501001040305996,0.8806684012744074,0.8825643650366803,0.8806684012744074,0.6501001040305996,67.79249929414483,96.66666666666667,6684.512243114104,0.2227866071522535,0.6256249884964254,8.255788996352803e-19,0.02217866071522535
R,0.25,1,0.6230937306144435,0.18998822380622693,0.6733286367831104,0.18998822380622693,0.6230937306144435,73.01007508236259,96.66666666666667,4197.153085184357,-10.507310418842026,0.5807712902089955,0.2820494019619881,-1.0508310418842026
R,0.25,1,0.9806462587875553,0.7301098775687185,0.6352423285763904,0.7301098775687185,0.9806462587875553,110.11488912085869,96.66666666666667,11167.727077786616,15.098819031964373,0.65824031504236,8.255788996352803e-19,0.33159219722896377
R,0.25,1,0.7833529456112946,0.33418290479228363,0.25051231623963544,0.33418290479228363,0.7833529456112946,36.82717626531327,96.66666666666667,2288.4260179506905,-17.78199770574233,0.5405382165425736,0.4565104593978422,-1.7782997705742332
R,0.25,1,0.6700197486663617,0.8520338307596039,0.5779195238845224,0.8520338307596039,0.6700197486663617,98.28977424589081,96.66666666666667,8900.20462396897,7.369227605914988,0.6416867209578649,8.255788996352803e-19,0.3308077473279074
R,0.25,1,0.6814449432427937,0.6830054155793583,0.895806155019486,0.6830054155793583,0.6814449432427937,68.725799847499,96.66666666666667,6227.7719759136435,-1.7271728202358205,0.6190989798226776,0.020986898662724376,-0.17281728202358204
R,0.25,1,0.9333013417287794,0.710375635609482,0.9521274642877171,0.710375635609482,0.9333013417287794,61.83873144133142,96.66666666666667,6554.103822946106,-0.30033354670102735,0.624426623008682,0.0015730938408663458,-0.030133354670102735
R,0.25,1,0.7230156265273621,0.8723884721492003,0.3586241734970347,0.8723884721492003,0.7230156265273621,67.8736509027095,96.66666666666667,6022.823341046506,-2.7285194546016975,0.614872173047332,0.039750624716962585,-0.27295194546016976
R,0.25,1,0.3744895649716463,0.8672300701572884,0.9490443863444655,0.8672300701572884,0.3744895649716463,27.12126394119103,96.66666666666667,2327.3323806134113,-16.0317241023132,0.5433854576549598,0.44710873398169815,-1.60327241023132
R,0.25,1,0.7515473110246831,0.8357117801646695,0.6696537973896902,0.8357117801646695,0.7515473110246831,72.46313727620527,96.66666666666667,6964.0190470824755,0.915861687853467,0.6275002896775389,8.255788996352803e-19,0.0914861687853467
R,0.25,1,0.6910281162337238,0.7343563618519391,0.7827297980331599,0.7343563618519391,0.6910281162337238,85.8214011365661,96.66666666666667,7795.798852844908,3.661329472550976,0.6335996732317638,8.255788996352803e-19,0.3303683561379933
R,0.25,1,0.877254779305247,0.9617957672050587,0.9288508800996498,0.9617957672050587,0.877254779305247,59.7233183274255,96.66666666666667,6878.56148024556,1.2205394935949438,0.6274962495264553,8.255788996352803e-19,0.1219539493594944
R,0.25,1,0.8012015909241197,0.8352570018288347,0.6480624333961353,0.8352570018288347,0.8012015909241197,75.38329181805926,96.66666666666667,7389.40877060889,2.3988226630089784,0.6307431091651243,8.255788996352803e-19,0.23978226630089786
R,0.25,1,0.845317422920166,0.8428679509129648,0.7781115730435163,0.8428679509129648,0.845317422920166,66.85120001417656,96.66666666666667,6943.303214428243,1.0561603804070516,0.6275799607376679,8.255788996352803e-19,0.10551603804070517
R,0.25,1,0.9037586875203908,0.44795653221721093,0.769497479206863,0.44795653221721093,0.9037586875203908,88.93499156713503,96.66666666666667,7721.620379031434,2.8984939889429113,0.6325870438455417,8.255788996352803e-19,0.28974939889429113
R,0.25,1,0.24959065041064532,0.7296091631419522,0.07492950962766348,0.7296091631419522,0.24959065041064532,49.346126916820324,96.66666666666667,2508.4229411222086,-16.491718149314977,0.5462099762158422,0.43606147513753885,-1.6492718149314978
R,0.25,1,0.5070631409003079,0.6558145802465574,0.9289231498078211,0.6558145802465574,0.5070631409003079,122.09348004774586,96.66666666666667,9934.375893664408,10.648210729117581,0.6487958071749509,8.255788996352803e-19,0.3312588416725744
R,0.25,1,0.7559726878564682,0.5958816836028045,0.6779517116458539,0.5958816836028045,0.7559726878564682,44.27757621910747,96.66666666666667,3743.29321310292,-11.086016210394282,0.5755370733444108,0.32427854020523966,-1.1087016210394283
R,0.25,1,0.6884972239723752,0.812401775455022,0.6553656053964265,0.812401775455022,0.6884972239723752,67.12481677036192,96.66666666666667,6137.16092086499,-2.0842894543438826,0.6175025890686787,0.027642594560064654,-0.20852894543438824
R,0.25,1,0.9520763474496843,0.5105495719902469,0.6384503999464999,0.5105495719902469,0.9520763474496843,116.47414532900132,96.66666666666667,10376.979311858728,11.83133468754727,0.6518497173863996,8.255788996352803e-19,0.3313590211571724
R,0.25,1,0.9345162504633658,0.6700148193476548,0.5108629859294692,0.6700148193476548,0.9345162504633658,72.82449267100849,96.66666666666667,6772.5415010606575,-0.18327840412320065,0.6255946529619634,0.0006555765707263514,-0.018427840412320064
R,0.25,1,0.9441823109970698,0.6399692614028043,0.034863608539087654,0.6399692614028043,0.9441823109970698,33.605144877950146,96.66666666666667,2691.072070354619,-15.773078670244738,0.5508130443282644,0.42266809236073744,-1.5774078670244738
R,0.25,1,0.6041993475692446,0.837423880215207,0.7607063419704734,0.837423880215207,0.6041993475692446,56.49535488524897,96.66666666666667,5146.660162052071,-5.4796456111764735,0.6009736133141801,0.13511093587917308,-0.5480645611176473
R,0.25,1,0.9421422612427026,0.9454114318104418,0.7107684989297399,0.9454114318104418,0.9421422612427026,54.55854854320179,96.66666666666667,6118.571930812911,-1.7024190018176535,0.6186413108517996,0.02201628813132017,-0.17034190018176534
R,0.25,1,0.3499535709573607,0.37117128415882905,0.12630752899479114,0.37117128415882905,0.3499535709573607,123.69676650704686,96.66666666666667,4850.636464340534,-9.293734701539796,0.5889368555664589,0.2118456605898393,-0.9294734701539795
R,0.25,1,0.554217214175351,0.7584815619247642,0.7987980451066536,0.7584815619247642,0.554217214175351,66.61071893405092,96.66666666666667,5702.203262685587,-3.6324863339856335,0.6100644480775665,0.06531425248307285,-0.3633486333985633
R,0.25,1,0.5391062584889854,0.8246209904866747,0.8816577770878867,0.8246209904866747,0.5391062584889854,64.33600219306526,96.66666666666667,5804.896381048529,-3.046365578817634,0.6125152820992944,0.051444109302766716,-0.3047365578817634
R,0.25,1,0.9140023276773478,0.4600958062542145,0.8265384726845926,0.4600958062542145,0.9140023276773478,99.81681527109866,96.66666666666667,8920.465931010756,7.094557747674623,0.641524635371979,8.255788996352803e-19,0.33081274648502856
R,0.25,1,0.4405557933970875,0.9573243652386709,0.9245071114905952,0.9573243652386709,0.4405557933970875,39.89077342361521,96.66666666666667,3710.1086269001235,-10.473690731635,0.5767417442377474,0.32291791501848366,-1.0474690731635
R,0.25,1,0.703463433708096,0.873286709762576,0.3368649061754694,0.873286709762576,0.703463433708096,51.99018144463303,96.66666666666667,4536.617992454369,-8.079020419476418,0.5893369244719908,0.23211368597153653,-0.8080020419476417
R,0.25,1,0.8648094381086994,0.8806684012744074,0.8825643650366803,0.8806684012744074,0.8648094381086994,68.02230541908709,96.66666666666667,7437.422904401489,2.9839883013014514,0.6315577296253575,8.255788996352803e-19,0.29829883013014513
R,0.25,1,0.6048656877293792,0.6499513639936357,0.6344265764380496,0.6499513639936357,0.6048656877293792,84.10660948479813,96.66666666666667,6610.907094987979,-0.9062853493857698,0.6232706684600962,0.007149400001453493,-0.09072853493857698
R,0.25,1,0.7971890693097801,0.9997330212734722,0.5483750602242603,0.9997330212734722,0.7971890693097801,31.196210955028146,96.66666666666667,3230.538631910074,-12.572137102566279,0.5653079383979044,0.3710349416536494,-1.2573137102566279
R,0.25,1,0.520230077472613,0.8071884563071845,0.8716333830616974,0.8071884563071845,0.520230077472613,65.76524694374905,96.66666666666667,5797.980000623582,-3.1275327308232073,0.6122095726331116,0.05306868321424276,-0.3128532730823207
R,0.25,1,0.7991051979600756,0.6105215361743526,0.7581625793044252,0.6105215361743526,0.7991051979600756,82.16573915102285,96.66666666666667,7348.525844989735,1.9050628393876303,0.6300605095998861,8.255788996352803e-19,0.19040628393876305
R,0.25,1,0.5638299074607778,0.44616633614642587,0.27558874482075635,0.44616633614642587,0.5638299074607778,59.70014705354196,96.66666666666667,3426.1634281462575,-13.297320267633562,0.5676196730191991,0.3591926137539339,-1.329832026763356
R,0.25,1,0.7264192900923686,0.6689401518660575,0.8207800307686103,0.6689401518660575,0.7264192900923686,82.50887531491266,96.66666666666667,7449.51784129313,2.411442245659305,0.6309559458925695,8.255788996352803e-19,0.2410442245659305
R,0.25,1,0.6562704720520984,0.8706904338465165,0.0066059266126524685,0.8706904338465165,0.6562704720520984,106.126147466135,96.66666666666667,8120.050452267095,3.826740758972347,0.6350328573840359,8.255788996352803e-19,0.3305662279843262
R,0.25,1,0.8646435628741552,0.783743706663893,0.1911513740241263,0.783743706663893,0.8646435628741552,66.59203970980576,96.66666666666667,5806.702522750765,-3.8199465503422543,0.6103025517840662,0.06319311962136824,-0.3820946550342254
R,0.25,1,0.4177722083914802,0.7409275107740197,0.8524636845044413,0.7409275107740197,0.4177722083914802,60.741991479360344,96.66666666666667,4813.5949699502235,-6.840828311308002,0.5946325162437976,0.19071882206933952,-0.6841828311308003
R,0.25,1,0.6677186655916192,0.7655792443923162,0.45259180927073606,0.7655792443923162,0.6677186655916192,74.61320098398704,96.66666666666667,6191.3803420985905,-2.292351732479239,0.6172009703003234,0.02965088155138027,-0.2293351732479239
R,0.25,1,0.9209020258445324,0.10272810334848448,0.9944674627446415,0.10272810334848448,0.9209020258445324,126.39527077733872,96.66666666666667,9611.499973581227,8.621808179569136,0.6455824191929208,8.255788996352803e-19,0.3311520451384523
R,0.25,1,0.5286480502479177,0.6518502556263602,0.9016625950618564,0.6518502556263602,0.5286480502479177,84.73211597194833,96.66666666666667,6911.300457210122,0.4595193241894964,0.6267326984987368,8.255788996352803e-19,0.045851932418949644
R,0.25,1,0.7515473110246831,0.8744554529832171,0.8894559020570025,0.8744554529832171,0.7515473110246831,74.57771343851783,96.66666666666667,7721.518093716094,3.8903460524121525,0.63358964552905,8.255788996352803e-19,0.3302932721229179
R,0.25,1,0.4339614196295678,0.8517473944057925,0.8015893315620789,0.8517473944057925,0.4339614196295678,78.21183195214607,96.66666666666667,6595.226337505491,-0.3981356577399212,0.6242836247478766,0.0023108317690972036,-0.03991356577399212
R,0.25,1,0.3744895649716463,0.7556025104874726,0.6918234749838181,0.7556025104874726,0.3744895649716463,74.72644896361503,96.66666666666667,5514.826179929309,-4.571615711208283,0.6059486832011597,0.09089791681066745,-0.4572615711208283
R,0.25,1,0.5820854145552331,0.3315600646852045,0.5533435332827333,0.3315600646852045,0.5820854145552331,39.54446021756182,96.66666666666667,2353.522648802538,-17.15133531602607,0.5424691377871197,0.4495678485762914,-1.7152335316026073
R,0.25,1,0.6843884698403638,0.7732470849491906,0.3991392587912646,0.7732470849491906,0.6843884698403638,70.81646893162949,96.66666666666667,5867.87097195928,-3.4691398765752437,0.6116480152059676,0.05574736412887436,-0.34701398765752434
R,0.25,1,0.7982976334868287,0.6320425167299877,0.44300231750602126,0.6320425167299877,0.7982976334868287,75.38329181805926,96.66666666666667,6226.061771559874,-2.3962701063280374,0.6171672765588087,0.03032304523187238,-0.23972701063280372
R,0.25,1,0.877254779305247,0.8148708793325203,0.8187714404197122,0.8148708793325203,0.877254779305247,69.82592119479443,96.66666666666667,7336.998396468896,2.44502292931576,0.6305984132788767,8.255788996352803e-19,0.24440229293157603
R,0.25,1,0.4946675132926482,0.1685122481140391,0.07492950962766348,0.1685122481140391,0.4946675132926482,49.48497146620667,96.66666666666667,1733.5686946563278,-21.010670860365853,0.5259585453295473,0.501875664842169,-2.101167086036585
R,0.25,1,0.32040841295523176,0.8883708894507387,0.769497479206863,0.8883708894507387,0.32040841295523176,89.99013983430008,96.66666666666667,7170.090566515225,1.5146838567842522,0.6287943319766439,8.255788996352803e-19,0.15136838567842523
R,0.25,1,0.5955232513485607,0.9512747227696225,0.9944530317277218,0.9512747227696225,0.5955232513485607,66.08385969442769,96.66666666666667,6753.8513803973765,0.6874002894778153,0.6263777158973972,8.255788996352803e-19,0.06864002894778153
R,0.25,1,0.8166357644680122,0.9774483927722967,0.7205631149009792,0.9774483927722967,0.8166357644680122,49.44231900555075,96.66666666666667,5325.841846018189,-4.5543905787917955,0.6050336817597736,0.10341778149280374,-0.4555390578791796
R,0.25,1,0.7535900073168105,0.884975042928667,0.8382285738338346,0.884975042928667,0.7535900073168105,71.32020824985815,96.66666666666667,7337.705941892604,2.521663024571562,0.6306528818291008,8.255788996352803e-19,0.2520663024571562
R,0.25,1,0.3911832050400392,0.9339489090419574,0.7882724205999256,0.9339489090419574,0.3911832050400392,84.49525284175591,96.66666666666667,7263.500588573783,2.0270510369088592,0.6297329771594864,8.255788996352803e-19,0.20260510369088594
R,0.25,1,0.8756836224332788,0.9269970944389951,0.9379934880315796,0.9269970944389951,0.8756836224332788,72.47832502953476,96.66666666666667,8232.368868625665,5.894518177228361,0.6377214248769675,8.255788996352803e-19,0.33046620628021045
R,0.25,1,0.7926560417117153,0.9040381188837386,0.493265568614099,0.9040381188837386,0.7926560417117153,105.10876915863314,96.66666666666667,10213.035162575452,11.91605118753306,0.6513829171366823,8.255788996352803e-19,0.33126875063436495
R,0.25,1,0.5003594630919926,0.573649374324676,0.12630752899479114,0.573649374324676,0.5003594630919926,94.84950638080144,96.66666666666667,5392.96557331284,-6.3637643980294785,0.6001983292955013,0.12448448899206786,-0.6364764398029479
R,0.25,1,0.8035704307099578,0.7152258581780577,0.7449808417955769,0.7152258581780577,0.8035704307099578,126.90662608718483,96.66666666666667,12000.840765122455,17.73754183582062,0.6638387690777874,8.255788996352803e-19,0.33193042866811384
R,0.25,1,0.44542969356465584,0.7910157652384741,0.8989372945006521,0.7910157652384741,0.44542969356465584,91.20268538223498,96.66666666666667,7687.994689793264,3.3560905309365965,0.6327747419822878,8.255788996352803e-19,0.3303621259241504
R,0.25,1,0.6756402554174209,0.7556025104874726,0.6918234749838181,0.7556025104874726,0.6756402554174209,74.72644896361503,96.66666666666667,6640.022264926988,-0.40883000987744794,0.6245290791461663,0.002319764611564762,-0.040983000987744794
R,0.25,1,0.5588202694529767,0.8729859782490716,0.9354263076786655,0.8729859782490716,0.5588202694529767,63.73182504309944,96.66666666666667,6052.991908250412,-2.0046825371179082,0.6172267621030559,0.027883982781308037,-0.20056825371179082
R,0.25,1,0.7952659341235553,0.6427506120966837,0.6754463651384277,0.6427506120966837,0.7952659341235553,87.07610153447875,96.66666666666667,7731.224646143908,3.166855173476793,0.6328695319240516,8.255788996352803e-19,0.3165855173476793
R,0.25,1,0.530894071571693,0.5037123197877593,0.45766046137292055,0.5037123197877593,0.530894071571693,56.037777690420654,96.66666666666667,3540.0090276072433,-12.44237859246015,0.5707165528630472,0.34679807511214766,-1.244337859246015
R,0.25,1,0.6884972239723752,0.7433593567037525,0.904418560065926,0.7433593567037525,0.6884972239723752,59.1892025897731,96.66666666666667,5575.817796099281,-3.903302787209726,0.6085072612171746,0.07602187503628596,-0.3904302787209726
R,0.25,1,0.5088729839945995,0.9411203766234543,0.9342291977920992,0.9411203766234543,0.5088729839945995,85.91957666182577,96.66666666666667,8235.85521482342,5.655932226489982,0.6373601353180242,8.255788996352803e-19,0.3305344985360873
R,0.25,1,0.6501001040305996,0.9370811013138555,0.021382759130322393,0.9370811013138555,0.6501001040305996,59.533594347854866,96.66666666666667,4756.354914478367,-7.601366255699907,0.59224955192026,0.20518417080073523,-0.7602366255699907
R,0.25,1,0.520230077472613,0.9592106527534799,0.7917744655657222,0.9592106527534799,0.520230077472613,80.96171122482217,96.66666666666667,7591.488049648246,3.316955164639393,0.6324161089620561,8.255788996352803e-19,0.3302796395104055
R,0.25,1,0.3059928841479378,0.4208963848557208,0.9567716626460994,0.4208963848557208,0.3059928841479378,65.59471006765426,96.66666666666667,3952.9835378846665,-10.533119381817258,0.5784275260237453,0.3032631200477627,-1.0534119381817257
R,0.25,1,0.2945793236872111,0.2073879498972671,0.8516434010057365,0.2073879498972671,0.2945793236872111,68.98221426111382,96.66666666666667,3200.046889979616,-13.985183410405151,0.5623105514312369,0.3778909303896309,-1.398618341040515
R,0.25,1,0.4265369935326305,0.9672587156888564,0.6309730191698566,0.9672587156888564,0.4265369935326305,62.33654609891748,96.66666666666667,5327.537491434303,-4.835815074725724,0.6040424412056381,0.10852377278781283,-0.4836815074725724
R,0.25,1,0.29668261309647603,0.9212335997984803,0.8639402757227455,0.9212335997984803,0.29668261309647603,41.80482322653032,96.66666666666667,3448.660361861677,-11.585778067232848,0.5706615426955901,0.3492829315345234,-1.1586778067232848
R,0.25,1,0.6749779878142906,0.8165452329098489,0.5802549370618513,0.8165452329098489,0.6749779878142906,66.60186005374123,96.66666666666667,5933.0624935208725,-2.901033644245954,0.6137676813494383,0.044925096710781307,-0.2902033644245954
R,0.25,1,0.815793596873426,0.7771913958172559,0.8977749593766795,0.7771913958172559,0.815793596873426,63.293702528834054,96.66666666666667,6461.883443428636,-0.6332155094848009,0.6232868413236857,0.004842123976176511,-0.0634215509484801
R,0.25,1,0.5935787099379021,0.3891483686478233,0.5113338080558725,0.3891483686478233,0.5935787099379021,150.3520980781782,96.66666666666667,9309.756676667746,6.995428806196048,0.6425272504419955,8.255788996352803e-19,0.3311620809035978
R,0.25,1,0.6174020319683939,0.6258291005351891,0.8639538534928105,0.6258291005351891,0.6174020319683939,68.36108181570984,96.66666666666667,5725.951759836247,-3.6976446211104252,0.6100126697046103,0.06527732341327376,-0.3698644621110425
R,0.25,1,0.4339614196295678,0.8517473944057925,0.8046061715774087,0.8517473944057925,0.4339614196295678,54.523320149167354,96.66666666666667,4601.800661485584,-7.44919939592235,0.5914496488765485,0.21928031394061587,-0.745019939592235
R,0.25,1,0.7977291407368197,0.7841488208368381,0.3586241734970347,0.7841488208368381,0.7977291407368197,126.39527077733872,96.66666666666667,11130.30465240178,14.405141052179072,0.6571972595434985,8.255788996352803e-19,0.3316444367506062
R,0.25,1,0.7706442134152923,0.9676265375825392,0.9016625950618564,0.9676265375825392,0.7706442134152923,64.53433532540804,96.66666666666667,7063.612283064632,1.7973911818455273,0.6288185409357258,8.255788996352803e-19,0.17963911818455275
R,0.25,1,0.3882261832945604,0.7892823546870722,0.24886597276857703,0.7892823546870722,0.3882261832945604,72.46313727620527,96.66666666666667,4717.138370285985,-7.952583555928136,0.5909110570683551,0.2130914741016419,-0.7953583555928136
R,0.25,1,0.3744895649716463,0.30917577137617835,0.8164569453255616,0.30917577137617835,0.3744895649716463,70.47561676166872,96.66666666666667,3847.5944814135064,-11.371244914405475,0.5756774894045336,0.316673187520918,-1.1372244914405474
R,0.25,1,0.6790469199036173,0.9248498195343866,0.45321682014325115,0.9248498195343866,0.6790469199036173,75.09820888059132,96.66666666666667,6873.38290374361,0.4494362127489353,0.6266482528715831,8.255788996352803e-19,0.04484362127489353
R,0.25,1,0.6470244528565045,0.9617957672050587,0.8132133211185086,0.9617957672050587,0.6470244528565045,48.11287932481536,96.66666666666667,4848.399514764922,-6.286334390494479,0.596660376081622,0.17918255566347158,-0.6287334390494479
R,0.25,1,0.8681225035188977,0.3319472580623254,0.5085493613230453,0.3319472580623254,0.8681225035188977,147.8727976653044,96.66666666666667,10752.899072171074,12.034844443400624,0.6531947302756278,8.255788996352803e-19,0.3316022699154952
R,0.25,1,0.7742092504292244,0.6320425167299877,0.8538532014787833,0.6320425167299877,0.7742092504292244,36.597954188832446,96.66666666666667,3354.5288964155866,-12.306912941528484,0.567897130277687,0.3606200801858731,-1.2307912941528483
R,0.25,1,0.5523199163366422,0.93658989932902,0.769497479206863,0.93658989932902,0.5523199163366422,71.38552179982905,96.66666666666667,6687.604682129906,0.14204408899669962,0.6255339149273123,8.255788996352803e-19,0.014104408899669962
R,0.25,1,0.3056103551507478,0.07794591866494205,0.8517241393085315,0.07794591866494205,0.3056103551507478,76.38739749160808,96.66666666666667,3091.468036981923,-14.782516574949197,0.5592000005463058,0.3883991816858865,-1.4783516574949196
R,0.25,1,0.7549643412969818,0.6689445245437947,0.9944530317277218,0.6689445245437947,0.7549643412969818,66.08385969442769,96.66666666666667,6347.802050928502,-1.1615722751265647,0.6213785226451832,0.01183364431223237,-0.11625722751265646
R,0.25,1,0.7741892166933004,0.48073578449913323,0.8587876921736801,0.48073578449913323,0.7741892166933004,56.47781396085105,96.66666666666667,4756.332325369696,-7.362309367016762,0.5928461498038977,0.20270406750703585,-0.7363309367016762
R,0.25,1,0.3911832050400392,0.7533509661769118,0.65735489390591,0.7533509661769118,0.3911832050400392,84.49525284175591,96.66666666666667,6223.969408333929,-2.1516990302643895,0.6176845573726714,0.02719544410002857,-0.21526990302643895
R,0.25,1,0.7870188235351232,0.8590430999142528,0.65735489390591,0.8590430999142528,0.7870188235351232,70.22498594849935,96.66666666666667,6933.802226922608,0.868325961280195,0.6273396161376695,8.255788996352803e-19,0.0867325961280195
R,0.25,1,0.7570888049262849,0.4207981054543733,0.6127661387919769,0.4207981054543733,0.7570888049262849,101.27576656207108,96.66666666666667,7516.028999347483,1.6747986135604152,0.6304788620896697,8.255788996352803e-19,0.16737986135604152
R,0.25,1,0.6842141702011183,0.12698664952982863,0.6352662384754801,0.12698664952982863,0.6842141702011183,116.12015078730731,96.66666666666667,6554.018360343699,-2.6559945951623045,0.6184660455556366,0.026513929141710062,-0.2656994595162304
R,0.25,1,0.6041993475692446,0.995840810421476,0.8996975777651813,0.995840810421476,0.6041993475692446,105.10876915863314,96.66666666666667,10773.065205887024,14.369713482684983,0.6560250465175755,8.255788996352803e-19,0.33146529612379305
R,0.25,1,0.29922599361398317,0.18054028999726912,0.8640346916658593,0.18054028999726912,0.29922599361398317,37.77381789517078,96.66666666666667,1722.0774389211201,-19.635536878626073,0.5269929797589932,0.49875572864139095,-1.9636536878626074
R,0.25,1,0.20240092413133504,0.7341534879900555,0.5550861046402826,0.7341534879900555,0.20240092413133504,134.99297430413563,96.66666666666667,8194.731391003597,3.986130301371744,0.6351164618705533,8.255788996352803e-19,0.3307402143252444
R,0.25,1,0.6920176170045802,0.573649374324676,0.8754980590552558,0.573649374324676,0.6920176170045802,66.13610085548899,96.66666666666667,5632.864687712332,-4.070039639414912,0.6083194581127485,0.07571912899970355,-0.4071039639414912
R,0.25,1,0.5047723909632719,0.949527295128546,0.6627072503350347,0.949527295128546,0.5047723909632719,50.846167032411074,96.66666666666667,4539.681326313504,-7.638099959227434,0.5905175761396714,0.22735834473543204,-0.7639099959227434
R,0.25,1,0.41891056698405305,0.6427506120966837,0.7012565885623385,0.6427506120966837,0.41891056698405305,95.51691869336408,96.66666666666667,6744.876939930157,-0.5582209967320376,0.6245629214773909,0.0033609039966968506,-0.05592209967320376
R,0.25,1,0.6895754374113818,0.7513427333623763,0.22931746283483379,0.7513427333623763,0.6895754374113818,58.44683380845179,96.66666666666667,4545.927233931694,-8.452839840951665,0.5884540052091739,0.23460468654520272,-0.8453839840951665
R,0.25,1,0.19621761552922418,0.9176189478908734,0.45766046137292055,0.9176189478908734,0.19621761552922418,86.04981860264039,96.66666666666667,5776.811703832901,-3.778258431107927,0.6099245654132658,0.0645431902508314,-0.3779258431107927
R,0.25,1,0.844616017031814,0.3218770666417442,0.5062202680941534,0.3218770666417442,0.844616017031814,109.88663039594448,96.66666666666667,7799.770704728046,2.224642246064229,0.6322058835701777,8.255788996352803e-19,0.22236422460642288
R,0.25,1,0.7243553695895799,0.7945891349726356,0.6302724958822854,0.7945891349726356,0.7243553695895799,75.2438321447448,96.66666666666667,6900.163214063495,0.533682106225646,0.6268453429518758,8.255788996352803e-19,0.05326821062256461
R,0.25,1,0.6776805982607087,0.9357300667072771,0.8982621439539997,0.9357300667072771,0.6776805982607087,67.31290566778266,96.66666666666667,6941.78386874212,1.257996423307529,0.6277449017507615,8.255788996352803e-19,0.1256996423307529
R,0.25,1,0.6248291198699335,0.8022125242372012,0.9235469518185369,0.8022125242372012,0.6248291198699335,72.53214627403548,96.66666666666667,6849.990728481982,0.6811561717441157,0.6267555188575674,8.255788996352803e-19,0.06801561717441157
R,0.25,1,0.753587322088019,0.48180585111561414,0.760206701510252,0.48180585111561414,0.753587322088019,97.30789133102964,96.66666666666667,7860.028009951752,3.27239370263095,0.63344632019594,8.255788996352803e-19,0.32713937026309503
R,0.25,1,0.8269401811577413,0.8358120331906143,0.7104204093624382,0.8358120331906143,0.8269401811577413,43.73918245772158,96.66666666666667,4413.201321937989,-8.134788662018815,0.5883088029280559,0.24445615596699924,-0.8135788662018815
R,0.25,1,0.6263759772873941,0.9740369481622818,0.5188607220929926,0.9740369481622818,0.6263759772873941,62.91129682898108,96.66666666666667,5850.25765260742,-2.986494585074694,0.6130081921716707,0.048856380603526824,-0.29874945850746937
R,0.25,1,0.5406571395119095,0.7934695552211368,0.9415839820394729,0.7934695552211368,0.5406571395119095,73.01007508236259,96.66666666666667,6588.8624382184935,-0.2806279793234612,0.6245168755887116,0.0013985606958141874,-0.028162797932346117
R,0.25,1,0.9005028918939189,0.04132695848431367,0.9020935989935109,0.04132695848431367,0.9005028918939189,49.82878221894092,96.66666666666667,3470.26736222344,-12.902289800121174,0.5690877958258663,0.35462576325756284,-1.2903289800121174
R,0.25,1,0.8420392493260542,0.3032188949967374,0.707218302210401,0.3032188949967374,0.8420392493260542,81.58911933662017,96.66666666666667,6114.563131821579,-3.182159281341849,0.6141494186226708,0.04341784532660823,-0.31831592813418486
R,0.25,1,0.8198347983643071,0.38037918721633546,0.8244878844371316,0.38037918721633546,0.8198347983643071,91.24915750733716,96.66666666666667,7356.771371385221,1.4700804794961826,0.6296515629833531,8.255788996352803e-19,0.14690804794961826
R,0.25,1,0.7899313718193011,0.8608820346568378,0.7912790424642798,0.8608820346568378,0.7899313718193011,59.70018594570611,96.66666666666667,6108.681015665945,-1.8682838395152503,0.6180305857952122,0.02477992528137657,-0.18692838395152503
R,0.25,1,0.7541426558828752,0.9114312799643688,0.9016625950618564,0.9114312799643688,0.7541426558828752,65.98419641592203,96.66666666666667,6982.464930745531,1.405682988463233,0.6280781477882323,8.255788996352803e-19,0.1404682988463233
R,0.25,1,0.556816100315397,0.10272810334848448,0.8442588973984945,0.10272810334848448,0.556816100315397,126.39527077733872,96.66666666666667,6835.921709157529,-1.5520375046839547,0.6227041815160779,0.011835776347501669,-0.15530375046839545
R,0.25,1,0.6176846055301561,0.6329905938737705,0.9398811318265718,0.6329905938737705,0.6176846055301561,85.57211769354976,96.66666666666667,7361.836738755086,2.097244017892464,0.6302407720616512,8.255788996352803e-19,0.2096244017892464
R,0.25,1,0.6828933981349097,0.8558266279063733,0.6649440373956074,0.8558266279063733,0.6828933981349097,85.43284284415962,96.66666666666667,7993.062794471806,4.439984375162486,0.6351861976693094,8.255788996352803e-19,0.3304374098523687
R,0.25,1,0.6790469199036173,0.7792417373751287,0.45321682014325115,0.7792417373751287,0.6790469199036173,61.733765470452376,96.66666666666667,5200.752019883042,-5.740827980292395,0.6005599271734257,0.13367958709485475,-0.5741827980292395
R,0.25,1,0.8767251171394,0.48081244463341233,0.9288508800996498,0.48081244463341233,0.8767251171394,59.7233183274255,96.66666666666667,5440.6838169322555,-4.756343437460804,0.6050799400617394,0.0983352909413505,-0.4757343437460804
R,0.25,1,0.8516991100834983,0.5334886870770845,0.2887253706737194,0.5334886870770845,0.8516991100834983,128.68188709158437,96.66666666666667,9841.272124480716,9.298209889524768,0.6471579342408633,8.255788996352803e-19,0.3312337891521217
R,0.25,1,0.4926696825894338,0.9054617644102108,0.6681095051852667,0.9054617644102108,0.4926696825894338,39.182396393876964,96.66666666666667,3393.5603150213956,-11.979791050251393,0.5690749421796747,0.3557737513780047,-1.1980791050251391
R,0.25,1,0.4424545025582901,0.5780237305631255,0.769497479206863,0.5780237305631255,0.4424545025582901,71.38552179982905,96.66666666666667,5015.643034757868,-6.571183380916917,0.5967660757919149,0.1658231872386058,-0.6572183380916917
R,0.25,1,0.5350105050608807,0.7732470849491906,0.3991392587912646,0.7732470849491906,0.5350105050608807,83.81816348434165,96.66666666666667,6319.165419114378,-2.036077663920571,0.6186844712618214,0.0239179545727996,-0.2037077663920571
R,0.25,1,0.5565091150295414,0.9512747227696225,0.896143385738266,0.9512747227696225,0.5565091150295414,66.08385969442769,96.66666666666667,6462.524123562707,-0.46538627386069936,0.623616499236371,0.003140432000369757,-0.046638627386069935
R,0.25,1,0.448862055189326,0.1736083446385286,0.6384503999464999,0.1736083446385286,0.448862055189326,63.14633475428323,96.66666666666667,2973.2312790838037,-15.179135151618365,0.5566320728044132,0.39906854222375804,-1.5180135151618364
R,0.25,1,0.7715223569248225,0.7331438077849595,0.7882724205999256,0.7331438077849595,0.7715223569248225,84.49525284175591,96.66666666666667,8021.989338648751,4.513379718469373,0.6353934671873165,8.255788996352803e-19,0.3304414332820405
R,0.25,1,0.6422443200223781,0.7457008239616927,0.9552135392845207,0.7457008239616927,0.6422443200223781,23.161664940458838,96.66666666666667,2160.4644176222446,-16.91212490857643,0.5390161739452969,0.46188452872685604,-1.6913124908576431
R,0.25,1,0.7870188235351232,0.8590430999142528,0.65735489390591,0.8590430999142528,0.7870188235351232,68.08430708877185,96.66666666666667,6722.438085738014,0.13081663737357996,0.6257260270328879,8.255788996352803e-19,0.012981663737357995
R,0.25,1,0.3595264728624634,0.4207981054543733,0.8565509454646552,0.4207981054543733,0.3595264728624634,75.04220929822513,96.66666666666667,4534.800899433848,-8.589459265374638,0.5878154857413974,0.23711813001540355,-0.8590459265374637
R,0.25,1,0.7581309970518465,0.17115056468560452,0.560447598820505,0.17115056468560452,0.7581309970518465,105.10876915863314,96.66666666666667,6356.480990050158,-3.194755002637402,0.6157721773661805,0.036648932347522804,-0.3195755002637402
R,0.25,1,0.4123016258041374,0.6082336911835635,0.4292750448227242,0.6082336911835635,0.4123016258041374,116.38310932258422,96.66666666666667,7187.662780003395,0.31509712804373347,0.6276218763038142,8.255788996352803e-19,0.031409712804373345
R,0.25,1,0.9361871666482907,0.7527918770675944,0.4549529164573121,0.7527918770675944,0.9361871666482907,101.48908014131483,96.66666666666667,9724.965301205662,10.006544263417265,0.6476171509162727,8.255788996352803e-19,0.3310867796881026
R,0.25,1,0.7758246314644942,0.760735283159357,0.9404552389029591,0.760735283159357,0.7758246314644942,90.90214095538273,96.66666666666667,9121.064164501033,8.524817495229257,0.643790539275018,8.255788996352803e-19,0.33085240244284186
R,0.25,1,0.3499535709573607,0.598153543876684,0.12630752899479114,0.598153543876684,0.3499535709573607,72.39454082535316,96.66666666666667,3660.488350692124,-12.486773134948963,0.5717367537354241,0.3371077016303931,-1.2487773134948963
R,0.25,1,0.5125496176453781,0.6427506120966837,0.6754463651384277,0.6427506120966837,0.5125496176453781,64.81794524087813,96.66666666666667,4838.735489127064,-7.132367123646728,0.5939896574552773,0.19170093582677414,-0.7133367123646728
R,0.25,1,0.6955463292828569,0.5869072208270347,0.904418560065926,0.5869072208270347,0.6955463292828569,45.608456511368225,96.66666666666667,3955.7647125228664,-10.070250545136943,0.5797041621334961,0.30057605130460624,-1.0071250545136943
R,0.25,1,0.6858589098271471,0.8054554535830167,0.7194523218389929,0.8054554535830167,0.6858589098271471,74.4464963673762,96.66666666666667,6890.174083518709,0.6114892663723838,0.6268690632074065,8.255788996352803e-19,0.06104892663723838
R,0.25,1,0.6926975731066822,0.8299701708845448,0.9213798463330568,0.8299701708845448,0.6926975731066822,70.52164753083102,96.66666666666667,6993.482516543525,1.2780953632459582,0.6279694805907944,8.255788996352803e-19,0.12770953632459583
R,0.25,1,0.5432163136069691,0.8716058182083811,0.7747178335940553,0.8716058182083811,0.5432163136069691,77.42291448742958,96.66666666666667,6976.505460879116,1.0121679357506836,0.6275874049235354,8.255788996352803e-19,0.10111679357506838
R,0.25,1,0.6014683708764815,0.8022125242372012,0.9235469518185369,0.8022125242372012,0.6014683708764815,67.2480076981306,96.66666666666667,6272.4044951531405,-1.3515958861123833,0.6204265981426514,0.015090354481277728,-0.13525958861123832
R,0.25,1,0.7723128638158772,0.8117612810157628,0.9533221773481966,0.8117612810157628,0.7723128638158772,61.53497807743135,96.66666666666667,6340.3648708583,-0.960917057793126,0.6218933890635747,0.009254138894612692,-0.0961917057793126
R,0.25,1,0.7728636506913571,0.8401061326128991,0.6309730191698566,0.8401061326128991,0.7728636506913571,66.06573869242068,96.66666666666667,6370.244476288556,-1.1832617241525585,0.6214563521562962,0.011930348945678114,-0.11842617241525584
R,0.25,1,0.8830699469804544,0.8631383595769394,0.9946760947239843,0.8631383595769394,0.8830699469804544,69.30407427978137,96.66666666666667,7774.345158108091,4.261546010473951,0.6342233268347832,8.255788996352803e-19,0.3302876523865277
R,0.25,1,0.6344446615749765,0.783743706663893,0.859241402930405,0.783743706663893,0.6344446615749765,85.15389791515804,96.66666666666667,7867.407244414184,4.071812452106184,0.6342922649849679,8.255788996352803e-19,0.3303940845331951
R,0.25,1,0.7235765636496453,0.676826576293822,0.8230813650704167,0.676826576293822,0.7235765636496453,78.13365576850997,96.66666666666667,7078.689744871349,1.1538504388404387,0.6281870763883474,8.255788996352803e-19,0.11528504388404388
R,0.25,1,0.750040969089402,0.7788409956015736,0.7943399742338318,0.7788409956015736,0.750040969089402,106.126147466135,96.66666666666667,10220.223673250071,12.02778565052051,0.6515003553575884,8.255788996352803e-19,0.3312791902152042
R,0.25,1,0.618499732951259,0.6305319417720203,0.45259180927073606,0.6305319417720203,0.618499732951259,93.76738288161651,96.66666666666667,6916.88030047654,-0.19849808076688907,0.6260670291788354,0.000663476865033949,-0.019949808076688908
R,0.25,1,0.7938787763628599,0.044579641512246915,0.7371649591331392,0.044579641512246915,0.7938787763628599,26.505110204229943,96.66666666666667,1599.637600385212,-20.54078582990121,0.5236083527138917,0.5111886323535638,-2.0541785829901213
R,0.25,1,0.4339614196295678,0.7930382458624483,0.8628544372542687,0.7930382458624483,0.4339614196295678,84.22441359707555,96.66666666666667,6984.00159042803,0.8946854947370035,0.6274497869746921,8.255788996352803e-19,0.08936854947370035
R,0.25,1,0.8222383861442976,0.8488634062997442,0.08563942761410936,0.8488634062997442,0.8222383861442976,27.84733608118273,96.66666666666667,2386.4074100670605,-16.600355650380894,0.5438757863365404,0.4462137847822301,-1.6601355650380896
R,0.25,1,0.7466793501883806,0.5670436103587113,0.9040701600197244,0.5670436103587113,0.7466793501883806,82.97504843264556,96.66666666666667,7325.69294677733,1.8872343625326418,0.6299248771808327,8.255788996352803e-19,0.1886234362532642
R,0.25,1,0.7182537355819794,0.47147702475419667,0.8726760244645557,0.47147702475419667,0.7182537355819794,93.1036872993243,96.66666666666667,7569.64992642047,2.4044483773448584,0.6314015320481555,8.255788996352803e-19,0.24034483773448584
R,0.25,1,0.6176846055301561,0.6329905938737705,0.9243028469910751,0.6329905938737705,0.6176846055301561,85.57211769354976,96.66666666666667,7328.510068169916,1.9607424018899215,0.629968488786044,8.255788996352803e-19,0.19597424018899218
R,0.25,1,0.6790469199036173,0.7474494285263718,0.9758699123281029,0.7474494285263718,0.6790469199036173,65.2542909291525,96.66666666666667,6246.242865692825,-1.4378509885517308,0.6200572494571853,0.016574316027248542,-0.14388509885517306
R,0.25,1,0.877254779305247,0.9617957672050587,0.9410034994722134,0.9617957672050587,0.877254779305247,61.899618491896135,96.66666666666667,7148.02030123678,2.1819596716066942,0.6295800147650616,8.255788996352803e-19,0.21809596716066942
R,0.25,1,0.8473575907996838,0.6320425167299877,0.04117329631913391,0.6320425167299877,0.8473575907996838,52.95190885658675,96.66666666666667,3971.358098667189,-10.994597619670225,0.5778489698798397,0.30483038015769526,-1.0995597619670225
R,0.25,1,0.685080398437439,0.9020594120515666,0.3991392587912646,0.9020594120515666,0.685080398437439,83.81816348434165,96.66666666666667,7487.935196563353,2.444730206549407,0.6311538112933104,8.255788996352803e-19,0.24437302065494074
R,0.25,1,0.7917103199597343,0.9952981188442166,0.02904819281770854,0.9952981188442166,0.7917103199597343,71.38552179982905,96.66666666666667,6430.167003276751,-1.4342087980395297,0.6211377861533658,0.014566985654137206,-0.14352087980395295
R,0.25,1,0.9073904413262177,0.8293361173642447,0.9526596088944027,0.8293361173642447,0.9073904413262177,55.9432553341466,96.66666666666667,6190.27885959341,-1.3987148678148709,0.6199361584504011,0.016539846589233624,-0.13997148678148708
R,0.25,1,0.5955232513485607,0.889101178799324,0.4052697495319486,0.889101178799324,0.5955232513485607,66.08385969442769,96.66666666666667,5575.030358702252,-4.298158774082002,0.6072701214837004,0.0825367013667729,-0.42991587740820025
R,0.25,1,0.7700700581612528,0.9339489090419574,0.8607406182931753,0.9339489090419574,0.7700700581612528,52.59201558072789,96.66666666666667,5612.591703856355,-3.4585337235180513,0.6101818501002549,0.06624137969526704,-0.3459533723518051
R,0.25,1,0.8030900200430636,0.5012032945190036,0.7334394105733627,0.5012032945190036,0.8030900200430636,90.77716384049161,96.66666666666667,7584.491134120227,2.403166728023675,0.6315039070946358,8.255788996352803e-19,0.2402166728023675
R,0.25,1,0.6859781822435898,0.6000285495001949,0.6384503999464999,0.6000285495001949,0.6859781822435898,116.47414532900132,96.66666666666667,9348.400865078169,8.298430144291805,0.6442520283356957,8.255788996352803e-19,0.33103255251148045
R,0.25,1,0.7589370326431956,0.8539372968796233,0.5108629859294692,0.8539372968796233,0.7589370326431956,72.55217515019409,96.66666666666667,6777.48256336222,0.10298783122477358,0.6259248758828155,8.255788996352803e-19,0.010198783122477358
R,0.25,1,0.6457863023277088,0.9938041343611753,0.873101290839506,0.9938041343611753,0.6457863023277088,57.858494609430444,96.66666666666667,6006.1198803799825,-1.9882399610054862,0.6170533425540209,0.02838168472181858,-0.19892399610054862
R,0.25,1,0.6041993475692446,0.837423880215207,0.9266295082641014,0.837423880215207,0.6041993475692446,58.162636307277495,96.66666666666667,5539.810751506434,-3.8812063541675084,0.6083579002613024,0.07764834094265592,-0.38822063541675084
R,0.25,1,0.4944473515516783,0.23612503230317905,0.7960004298134092,0.23612503230317905,0.4944473515516783,73.65836371573003,96.66666666666667,4156.440547959289,-10.41207664618083,0.5805288481315359,0.2850970404855933,-1.041307664618083
R,0.25,1,0.47644781648992124,0.8260624261632344,0.6666344782617134,0.8260624261632344,0.47644781648992124,151.46522831718437,96.66666666666667,12388.54915079701,18.64153130193754,0.6658312323554647,8.255788996352803e-19,0.3321567052448082
R,0.25,1,0.304299274971812,0.7840717800826029,0.9338262880479457,0.7840717800826029,0.304299274971812,67.90407685473704,96.66666666666667,5280.506889258849,-5.057877829501492,0.6029958260746788,0.11635101317326309,-0.5058877829501492
R,0.25,1,0.7103664650971123,0.9663336712869147,0.6778404328913601,0.9663336712869147,0.7103664650971123,66.204753402571,96.66666666666667,6672.182420614695,0.136940751748405,0.6255089692521082,8.255788996352803e-19,0.0135940751748405
R,0.25,1,0.7952659341235553,0.6427506120966837,0.9785427304462726,0.6427506120966837,0.7952659341235553,87.07610153447875,96.66666666666667,8391.035893150842,5.852854670672766,0.6382101427238401,8.255788996352803e-19,0.3305835086974328
R,0.25,1,0.7103664650971123,0.8208330472026438,0.6778404328913601,0.8208330472026438,0.7103664650971123,66.204753402571,96.66666666666667,6190.540773743729,-1.836211947114824,0.6185820025566191,0.02308409805539434,-0.18372119471148238
R,0.25,1,0.8322646765809003,0.3798294947834656,0.9291831831378438,0.3798294947834656,0.8322646765809003,53.85098344979855,96.66666666666667,4514.558863511666,-8.319570688596727,0.5885254779815571,0.23653888777824597,-0.8320570688596727
R,0.25,1,0.6056663854343398,0.7945891349726356,0.479888263240823,0.7945891349726356,0.6056663854343398,73.00611608722481,96.66666666666667,5987.230310106857,-2.9486401526363277,0.6139293853998287,0.044086641971214355,-0.29496401526363275
R,0.25,1,0.34555682234437646,0.6675506785702483,0.712958475838167,0.6675506785702483,0.34555682234437646,56.41766537401439,96.66666666666667,3863.4443166103893,-10.631299333646488,0.5774987869333189,0.3114310898983684,-1.0632299333646489
R,0.25,1,0.49422162023313243,0.788043619721476,0.9028187724568368,0.788043619721476,0.49422162023313243,78.10195076244348,96.66666666666667,6770.168514612218,0.2518279733653716,0.6259512528295815,8.255788996352803e-19,0.02508279733653716
R,0.25,1,0.8030315820994053,0.6718486283656526,0.9235469518185369,0.6718486283656526,0.8030315820994053,74.0305862759736,96.66666666666667,7168.580390790845,1.651275128440184,0.6290780272559626,8.255788996352803e-19,0.16502751284401843
R,0.25,1,0.9813155016777334,0.8038792721117498,0.6413009053665625,0.8038792721117498,0.9813155016777334,76.73658170872051,96.66666666666667,8079.768214357317,4.848430888012313,0.6360438564093818,8.255788996352803e-19,0.33042220970954955
R,0.25,1,0.8885223700382658,0.8111358712162249,0.7374267991422649,0.8111358712162249,0.8885223700382658,67.51161862877157,96.66666666666667,6981.955869899298,1.109592822654826,0.6278026082423129,8.255788996352803e-19,0.11085928226548261
R,0.25,1,0.8830699469804544,0.5970169502663236,0.3889890306268817,0.5970169502663236,0.8830699469804544,82.7024715258397,96.66666666666667,6924.601079498096,-0.07498372493436281,0.6263976393963034,0.00015558284567233433,-0.007598372493436281
R,0.25,1,0.5519045380208292,0.036914029829455464,0.9567716626460994,0.036914029829455464,0.5519045380208292,59.932444396943076,96.66666666666667,3198.0084156814446,-14.073683353701842,0.5622793992382215,0.3790646376225057,-1.4074683353701842
R,0.25,1,0.8745694245564654,0.8399970568478647,0.4189816834039123,0.8399970568478647,0.8745694245564654,49.24686804661206,96.66666666666667,4737.6898552566445,-7.231218992774396,0.5931500383306642,0.20295539019162948,-0.7232218992774396
R,0.25,1,0.4884827503932131,0.6258291005351891,0.935749079638043,0.6258291005351891,0.4884827503932131,74.4023233152838,96.66666666666667,5885.917169471589,-3.1343564419670624,0.6126670640303198,0.05021275534570952,-0.3135356441967062
R,0.25,1,0.6440744987803808,0.7931727972672822,0.9802279940150687,0.7931727972672822,0.6440744987803808,84.22441359707555,96.66666666666667,8116.543734863764,5.112382535517955,0.6363537993960819,8.255788996352803e-19,0.3304802248608084
R,0.25,1,0.6144202599101953,0.8356256406476101,0.04470773857130306,0.8356256406476101,0.6144202599101953,98.6395478360288,96.66666666666667,7261.842376561575,0.840314325739496,0.62861448962592,8.255788996352803e-19,0.08393143257394961
R,0.25,1,0.909531992883245,0.8694434089400948,0.9016625950618564,0.8694434089400948,0.909531992883245,60.89954366168586,96.66666666666667,6789.710522222244,0.7413675092492729,0.6266434228339999,8.255788996352803e-19,0.07403675092492729
R,0.25,1,0.36759317142778686,0.6939145419952213,0.87775025100093,0.6939145419952213,0.36759317142778686,29.02607842992938,96.66666666666667,2177.5114978756415,-16.907705844163534,0.5393105967261987,0.4602434953872177,-1.6908705844163534
R,0.25,1,0.6176846055301561,0.6329905938737705,0.8777732458171508,0.6329905938737705,0.6176846055301561,48.351272409897284,96.66666666666667,4084.6231961997123,-9.569935059345303,0.5819612238074887,0.2860696363596347,-0.9570935059345302
R,0.25,1,0.9209020258445324,0.05522614099049128,0.7569560513632861,0.05522614099049128,0.9209020258445324,126.39527077733872,96.66666666666667,8560.790824990198,4.462289042153779,0.6373987696334307,8.255788996352803e-19,0.33079940581366796
R,0.25,1,0.6786710633628075,0.9617957672050587,0.9288508800996498,0.9617957672050587,0.6786710633628075,59.7233183274255,96.66666666666667,6285.557556151891,-0.9722187818855887,0.6215869149029936,0.009726238714172558,-0.09732187818855888
R,0.25,1,0.827519217644154,0.9248498195343866,0.5928363981884138,0.9248498195343866,0.827519217644154,75.09820888059132,96.66666666666667,7693.012591075009,3.5830703472701466,0.6331819263527395,8.255788996352803e-19,0.33028033701266735
R,0.25,1,0.9729623982346414,0.7732470849491906,0.1697769650104236,0.7732470849491906,0.9729623982346414,123.0317114942802,96.66666666666667,11264.155831620894,14.745279355971894,0.6581295529843114,8.255788996352803e-19,0.3316651428101792
R,0.25,1,0.5029711268958552,0.6320425167299877,0.7237997557554855,0.6320425167299877,0.5029711268958552,75.38329181805926,96.66666666666667,5642.113440895177,-4.264647694392789,0.6077202440741228,0.07838796124387537,-0.4265647694392789
R,0.25,1,0.8404105661874215,0.93658989932902,0.769497479206863,0.93658989932902,0.8404105661874215,66.22417535271572,96.66666666666667,7158.002921422614,1.9672688622936931,0.6293869985574274,8.255788996352803e-19,0.19662688622936933
R,0.25,1,0.1810602757162577,0.44483429619102344,0.7418370152518358,0.44483429619102344,0.1810602757162577,42.44610378838563,96.66666666666667,2115.541571574323,-17.68925586838392,0.5370745692772864,0.46618954641837823,-1.7690255868383922
R,0.25,1,0.5955232513485607,0.35117588157741886,0.9944530317277218,0.35117588157741886,0.5955232513485607,66.08385969442769,96.66666666666667,4771.008999190664,-7.521401386835471,0.592439868696438,0.20313812986790136,-0.7522401386835471
R,0.25,1,0.7870188235351232,0.9374912114550386,0.7667200370116986,0.9374912114550386,0.7870188235351232,71.22853130833548,96.66666666666667,7507.024404967169,3.147123519178463,0.6319866837021215,8.255788996352803e-19,0.3146123519178463
R,0.25,1,0.3911832050400392,0.017863561447720055,0.6831760374042228,0.017863561447720055,0.3911832050400392,84.49525284175591,96.66666666666667,3171.253798321763,-15.01432409817402,0.5603848852600377,0.3833440029015358,-1.5015324098174019
R,0.25,1,0.5621099481099541,0.2894438620326958,0.3725684064882298,0.2894438620326958,0.5621099481099541,72.55217515019409,96.66666666666667,3764.870266238302,-12.390318144663025,0.5730016334318817,0.3284811095490434,-1.2391318144663024
R,0.25,1,0.7183636672076119,0.756595397316623,0.6953836864189255,0.756595397316623,0.7183636672076119,84.62104805447238,96.66666666666667,7711.731502493047,3.3270587045398505,0.6329381907678734,8.255788996352803e-19,0.330331181813137
R,0.25,1,0.7570888049262849,0.3598058329902857,0.47463651118380756,0.3598058329902857,0.7570888049262849,60.941857819418274,96.66666666666667,4126.412480670822,-10.497380236752837,0.5802311204826102,0.2883996370045676,-1.0498380236752838
R,0.25,1,0.5252825428165643,0.9574373969379572,0.6189870562620106,0.9574373969379572,0.5252825428165643,77.54271521473557,96.66666666666667,6948.654927213052,0.8794707004102215,0.6273415703861374,8.255788996352803e-19,0.08784707004102214
R,0.25,1,0.7850647945318843,0.8483227283380138,0.4292750448227242,0.8483227283380138,0.7850647945318843,80.23075072241248,96.66666666666667,7413.421836836792,2.198431257353117,0.6306368099317008,8.255788996352803e-19,0.21974312573531168
R,0.25,1,0.3726817960843466,0.42378741291092337,0.8825643650366803,0.42378741291092337,0.3726817960843466,67.79249929414483,96.66666666666667,4195.51301677566,-9.726998333741289,0.5823556194310038,0.2772426432267598,-0.9727998333741288
R,0.25,1,0.5122184431838079,0.9495328738896595,0.4779076199655694,0.9495328738896595,0.5122184431838079,84.05823439524471,96.66666666666667,7147.913510364444,1.343366225061656,0.6286116245001073,8.255788996352803e-19,0.1342366225061656
R,0.25,1,0.6315723078504789,0.7257368120737824,0.6718942609783878,0.7257368120737824,0.6315723078504789,61.12424714368957,96.66666666666667,5174.950676393458,-5.685401853889631,0.6005226684936701,0.1355218025380148,-0.5686401853889631
R,0.25,1,0.7952659341235553,0.6427506120966837,0.6379716116353624,0.6427506120966837,0.7952659341235553,87.07610153447875,96.66666666666667,7649.645760118596,2.8313959452955557,0.6322063081045102,8.255788996352803e-19,0.28303959452955557
R,0.25,1,0.6884972239723752,0.25765354380210936,0.904418560065926,0.25765354380210936,0.6884972239723752,16.261877945111756,96.66666666666667,1136.9980210382676,-22.181847605685185,0.5121711510828293,0.5472436935057671,-2.2182847605685185
R,0.25,1,0.7756312210424184,0.9835870801505687,0.6302724958822854,0.9835870801505687,0.7756312210424184,66.16921110702229,96.66666666666667,6862.920203623416,0.821693720806001,0.6270050451615213,8.255788996352803e-19,0.0820693720806001
R,0.25,1,0.8339186775987049,0.6209905339513797,0.6778404328913601,0.6209905339513797,0.8339186775987049,66.204753402571,96.66666666666667,5938.00174633673,-3.0588279690566638,0.6133571499621621,0.047140119538393976,-0.3059827969056664
R,0.25,1,0.8414622217394123,0.6125196719507394,0.6992475592610129,0.6125196719507394,0.8414622217394123,57.3978015080658,96.66666666666667,5176.150021804025,-5.752002011141164,0.6003953491018502,0.13611406932773834,-0.5753002011141164
R,0.25,1,0.7505004591358208,0.6004252732344769,0.7353824615340376,0.6004252732344769,0.7505004591358208,72.53214627403548,96.66666666666667,6232.748847965723,-2.0543221551953748,0.6181787042139715,0.025560935813878118,-0.20553221551953746
R,0.25,1,0.8924247626461181,0.6138810520416571,0.6309730191698566,0.6138810520416571,0.8924247626461181,76.73658170872051,96.66666666666667,6989.905777393608,0.5764886804870228,0.627306921400301,8.255788996352803e-19,0.05754886804870228
R,0.25,1,0.49422162023313243,0.5996021642364847,0.38760543946546183,0.5996021642364847,0.49422162023313243,93.51580451076259,96.66666666666667,6020.67142249317,-3.6178309946942036,0.6121002213766487,0.052287089974784366,-0.3618830994694203
R,0.25,1,0.568007205782398,0.8358120331906143,0.7731297810991722,0.8358120331906143,0.568007205782398,61.84191083441915,96.66666666666667,5536.038784864784,-4.093156125252098,0.607647789559413,0.0815565771566258,-0.40941561252520986
R,0.25,1,0.9397195077551859,0.0521887852274191,0.9413671702540736,0.0521887852274191,0.9397195077551859,33.04186963103175,96.66666666666667,2416.338507995233,-16.844961626174662,0.5441202883986862,0.4449575603386116,-1.6845961626174664
R,0.25,1,0.7992861757998251,0.877297076521226,0.7068550674158447,0.877297076521226,0.7992861757998251,62.92828554405542,96.66666666666667,6387.254920037181,-0.9433922648473284,0.6221798594434937,0.008758318183905179,-0.09443922648473284
R,0.25,1,0.8440551161718719,0.2300212156710595,0.6801828453591944,0.2300212156710595,0.8440551161718719,52.89162474490984,96.66666666666667,3739.8815099278672,-11.830414210726705,0.5739187469406417,0.32840266453341566,-1.1831414210726705
R,0.25,1,0.6149933618677742,0.9277808330761541,0.538064064340638,0.9277808330761541,0.6149933618677742,73.59261522828659,96.66666666666667,6666.777927011621,-0.19739258910727125,0.6250313871500477,0.000792098739727706,-0.019839258910727124
R,0.25,1,0.7957151352800751,0.3009590882876383,0.5209803398527011,0.3009590882876383,0.7957151352800751,74.4023233152838,96.66666666666667,5048.80919983682,-7.281162811658237,0.5953636069868116,0.16998695769311903,-0.7282162811658237
R,0.25,1,0.9013692932362883,0.9077630521320498,0.9067094797440769,0.9077630521320498,0.9013692932362883,54.7624898886565,96.66666666666667,6194.971306434603,-1.3052159058055655,0.6202381976944913,0.015102288975797806,-0.13062159058055653
R,0.25,1,0.7061188850543175,0.32707703682286404,0.6878235708708265,0.32707703682286404,0.7061188850543175,56.423246752521074,96.66666666666667,3885.0443987248555,-11.142607168334964,0.5766398943138548,0.3128172789033395,-1.1143607168334964
R,0.25,1,0.909531992883245,0.5918074666014295,0.7806907678285586,0.5918074666014295,0.909531992883245,57.952649690945734,96.66666666666667,5481.407452758556,-4.557153064359865,0.6059632721711286,0.0923055488173164,-0.4558153064359865
R,0.25,1,0.7515473110246831,0.8357117801646695,0.6253563787786645,0.8357117801646695,0.7515473110246831,51.41099596107222,96.66666666666667,4883.883392906065,-6.521584319803327,0.596171394368699,0.1787605824057523,-0.6522584319803327
R,0.25,1,0.6176846055301561,0.9278929868835676,0.7679482334706702,0.9278929868835676,0.6176846055301561,69.12528913711017,96.66666666666667,6669.040989996691,0.10180934006686766,0.6254338602213013,8.255788996352803e-19,0.010080934006686765
R,0.25,1,0.557589946486315,0.7948113825382108,0.5847266414866026,0.7948113825382108,0.557589946486315,49.53422403206326,96.66666666666667,4073.6070320808803,-9.683832575491484,0.5815912435854769,0.2878166388079269,-0.9684832575491484
R,0.25,1,0.7010974071428969,0.9617957672050587,0.8966860651803741,0.9617957672050587,0.7010974071428969,63.137037598759804,96.66666666666667,6664.859988865826,0.3442806853610609,0.6256861281324203,8.255788996352803e-19,0.034328068536106086
R,0.25,1,0.4357909692308337,0.9248498195343866,0.45321682014325115,0.9248498195343866,0.4357909692308337,75.09820888059132,96.66666666666667,5959.978593990033,-2.9207996728158325,0.6137903185321097,0.04453807215325852,-0.29217996728158324
R,0.25,1,0.7973020605269998,0.8755396906675488,0.6372716888033488,0.8755396906675488,0.7973020605269998,66.08110762395883,96.66666666666667,6579.95226626484,-0.35334955893427267,0.6244180685808817,0.0019567921379628835,-0.03543495589342727
R,0.25,1,0.5523199163366422,0.2641241653645545,0.8207169913847068,0.2641241653645545,0.5523199163366422,72.35589905634477,96.66666666666667,4438.320172597565,-9.237090774161109,0.5855855573852277,0.25145586438416195,-0.9238090774161108
R,0.25,1,0.7555889183053173,0.5544820478751268,0.8242703503912665,0.5544820478751268,0.7555889183053173,116.47414532900132,96.66666666666667,10029.624419856793,10.849581149359798,0.649469739784846,8.255788996352803e-19,0.33125594088884813
R,0.25,1,0.5267622288426775,0.5586677602656235,0.9944530317277218,0.5586677602656235,0.5267622288426775,64.03930698929786,96.66666666666667,5067.611289026075,-6.055762968140896,0.5986512735391031,0.15262857682388997,-0.6056762968140896
R,0.25,1,0.6117388594670716,0.9127181324485859,0.851458975691504,0.9127181324485859,0.6117388594670716,169.5013411690535,96.66666666666667,16527.961192465704,32.72896199800801,0.6949064465170676,8.255788996352803e-19,0.3336312401713043
R,0.25,1,0.6082817726594548,0.9473050832371548,0.7882724205999256,0.9473050832371548,0.6082817726594548,74.12341504455064,96.66666666666667,7226.006602881122,2.0944342348967395,0.6297301886382267,8.255788996352803e-19,0.20934342348967397
R,0.25,1,0.5900253908196444,0.3975972994380945,0.7335284994409269,0.3975972994380945,0.5900253908196444,68.77507402015159,96.66666666666667,4657.403102446375,-8.217626165330826,0.5898186772202678,0.2215747448791827,-0.8218626165330825
R,0.25,1,0.8720930782550191,0.9241873884438637,0.630049779095959,0.9241873884438637,0.8720930782550191,63.53463068745875,96.66666666666667,6707.050303879897,0.22261930053581133,0.6257766097627456,8.255788996352803e-19,0.022161930053581132
R,0.25,1,0.6834700512572871,0.12263620851182266,0.9548470411847847,0.12263620851182266,0.6834700512572871,31.06595103034281,96.66666666666667,1993.7036651348546,-18.46166888061233,0.5338307820515251,0.4781800014031947,-1.846266888061233
R,0.25,1,0.7589370326431956,0.8539372968796233,0.5108629859294692,0.8539372968796233,0.7589370326431956,71.05427425710332,96.66666666666667,6637.555715358681,-0.38382718351423595,0.6246028185387087,0.0021192138956851493,-0.0384827183514236
R,0.25,1,0.7939004181159277,0.9956036097069203,0.5407412560807446,0.9956036097069203,0.7939004181159277,63.91394466970566,96.66666666666667,6582.735739068542,-0.23246682823838674,0.6246633433212059,0.001062805144159481,-0.023346682823838675
R,0.25,1,0.8740136082970096,0.573649374324676,0.12630752899479114,0.573649374324676,0.8740136082970096,62.34886583610153,96.66666666666667,4709.885533453147,-8.326720058651624,0.5901887869953502,0.2167355781779758,-0.8327720058651623
R,0.25,1,0.7272254468189441,0.9495328738896595,0.6688239837724245,0.9495328738896595,0.7272254468189441,79.61220367509121,96.66666666666667,8005.685027579766,4.728229485287427,0.6355663901422492,8.255788996352803e-19,0.3304164837054566
R,0.25,1,0.5283081675481065,0.6427506120966837,0.6379716116353624,0.6427506120966837,0.5283081675481065,46.457922492293804,96.66666666666667,3461.218793073877,-12.181328765385665,0.5699205620052457,0.3517098963042621,-1.2182328765385664
R,0.25,1,0.7328464805322467,0.5238806902967257,0.38415168543704137,0.5238806902967257,0.7328464805322467,100.54338044094746,96.66666666666667,7283.377628754838,0.7452348380798557,0.6286313293048376,8.255788996352803e-19,0.07442348380798557
R,0.25,1,0.9938529948810537,0.3449305990146826,0.9153895543156594,0.3449305990146826,0.9938529948810537,22.66392500092087,96.66666666666667,2035.7625533667258,-17.984506636688717,0.5352759136214101,0.4744444497553644,-1.798550663668872
R,0.25,1,0.7010974071428969,0.909340440202426,0.9999344156207115,0.909340440202426,0.7010974071428969,54.94531515738144,96.66666666666667,5797.843543262986,-2.7162014640193997,0.6135905058276125,0.04582686608246249,-0.27172014640194
R,0.25,1,0.757735240364654,0.8921604820780307,0.45766046137292055,0.8921604820780307,0.757735240364654,61.0785004826305,96.66666666666667,5737.488201746446,-3.5437168880360312,0.6106364843236143,0.062119166818187084,-0.35447168880360314
R,0.25,1,0.4686285789834476,0.9690567288752076,0.8233172451486279,0.9690567288752076,0.4686285789834476,71.8977604675236,96.66666666666667,6648.184346616911,0.07719718897153346,0.6252862122513767,8.255788996352803e-19,0.0076197188971533466
R,0.25,1,0.8268538406875042,0.9991127994789284,0.9118895176378506,0.9991127994789284,0.8268538406875042,50.43457606190105,96.66666666666667,5754.361700932304,-2.776096828001898,0.6131942702486591,0.04820001498807725,-0.2777096828001898
R,0.25,1,0.7315377922818587,0.30982131594589424,0.4421604668947473,0.30982131594589424,0.7315377922818587,33.18516810137346,96.66666666666667,2094.713088563816,-18.345114673906185,0.5360284888101984,0.4712565034804736,-1.8346114673906186
R,0.25,1,0.6769481972597403,0.6797667874724049,0.5076378062314301,0.6797667874724049,0.6769481972597403,50.617672094143586,96.66666666666667,4076.0738115794607,-9.937099304423883,0.5810224544250224,0.2893980124716529,-0.9938099304423883
R,0.25,1,0.8924247626461181,0.014410455699692015,0.4269853439127872,0.014410455699692015,0.8924247626461181,76.73658170872051,96.66666666666667,4298.506634736676,-10.95607871486859,0.5810523780192808,0.27515766904664146,-1.095707871486859
R,0.25,1,0.5121584380932278,0.9985492092959919,0.9705825292119499,0.9985492092959919,0.5121584380932278,23.063399490758595,96.66666666666667,2301.7260145232344,-16.034337450447744,0.5429240257420194,0.44903512817440616,-1.6035337450447744
R,0.25,1,0.8830699469804544,0.7196418260198805,0.3212500398482908,0.7196418260198805,0.8830699469804544,61.84191083441915,96.66666666666667,5452.405835954317,-5.0196114951449085,0.6044355270194273,0.1012593433970291,-0.5020611495144909
R,0.25,1,0.9157639289071056,0.8746965850313204,0.9043162598128905,0.8746965850313204,0.9157639289071056,53.542637121606774,96.66666666666667,6003.785812476792,-2.0400154895472404,0.6169286808760562,0.0292482039682212,-0.20410154895472404
R,0.25,1,0.6144202599101953,0.7675674166307247,0.8390567196825235,0.7675674166307247,0.6144202599101953,69.06701996633777,96.66666666666667,6221.267202724291,-1.6957035195408863,0.6191415777812204,0.020622105547913154,-0.1696703519540886
R,0.25,1,0.825169678973663,0.10272810334848448,0.3586241734970347,0.10272810334848448,0.825169678973663,44.96908113203223,96.66666666666667,2489.510521621275,-17.421282414711833,0.5449077473443871,0.44146888631352954,-1.7422282414711834
R,0.25,1,0.6289122432231656,0.9848760753719689,0.7803165093641536,0.9848760753719689,0.6289122432231656,74.4023233152838,96.66666666666667,7454.914042576307,2.964693218317173,0.6315517670058824,8.255788996352803e-19,0.29636932183171727
R,0.25,1,0.7025283791216509,0.7930382458624483,0.9118909709263177,0.7930382458624483,0.7025283791216509,93.55055415778418,96.66666666666667,9128.251968898396,8.511653931084911,0.6437756064265804,8.255788996352803e-19,0.330867939474033
R,0.25,1,0.6729196611016702,0.3819302579808298,0.7018848709798748,0.3819302579808298,0.6729196611016702,164.81637808112598,96.66666666666667,11584.880210738356,14.923671173118786,0.6589384808310291,8.255788996352803e-19,0.3319395317205325
R,0.25,1,0.5662621530188251,0.8357117801646695,0.41808164841684525,0.8357117801646695,0.5662621530188251,87.00701406004454,96.66666666666667,7008.479182366889,0.5525477435809698,0.6272607689495634,8.255788996352803e-19,0.05515477435809698
R,0.25,1,0.6328551924499819,0.7977555719005426,0.7679482334706702,0.7977555719005426,0.6328551924499819,72.94932324698142,96.66666666666667,6618.636952470885,-0.3239100142619097,0.6245903789156892,0.0016856833414461913,-0.03249100142619097
R,0.25,1,0.46662075095626165,0.7219502687821886,0.45321682014325115,0.7219502687821886,0.46662075095626165,128.50278250491672,96.66666666666667,9092.72472371581,7.147034281093007,0.6419556786712436,8.255788996352803e-19,0.33100492888527855
R,0.25,1,0.9366263354510984,0.8350726041744124,0.8354934053454242,0.8350726041744124,0.9366263354510984,60.24686171012269,96.66666666666667,6595.361441668589,-0.06191092034956795,0.6250137785082247,0.00014880840042382575,-0.006291092034956795
R,0.25,1,0.5096348305284761,0.8588236064913021,0.5117252991272734,0.8588236064913021,0.5096348305284761,66.204753402571,96.66666666666667,5376.888849192558,-4.978995571515321,0.6039177871314232,0.10688608268904702,-0.4979995571515321
R,0.25,1,0.7732414528006436,0.9551999476637496,0.8087947687972503,0.9551999476637496,0.7732414528006436,55.0832190766741,96.66666666666667,5874.181302091852,-2.5345633915036623,0.6146122451124331,0.04047472197090769,-0.25355633915036624
R,0.25,1,0.8948047123362669,0.7075949184722898,0.09572247170944292,0.7075949184722898,0.8948047123362669,61.4500803243931,96.66666666666667,5070.433140633051,-6.731511424454322,0.596990894934617,0.16064253287151975,-0.6732511424454322
R,0.25,1,0.8082220575222941,0.9618630600227328,0.2975151593813491,0.9618630600227328,0.8082220575222941,42.6878351502402,96.66666666666667,4095.5620369419944,-9.55243896143056,0.5821885608786924,0.2851093726266589,-0.955343896143056
R,0.25,1,0.7414166586786357,0.8145713109249275,0.3716079640702111,0.8145713109249275,0.7414166586786357,58.508713654826074,96.66666666666667,5095.500327235377,-6.112468178215441,0.5987962052893406,0.1498255273123095,-0.6113468178215442
R,0.25,1,0.8310397938395823,0.8276116711015871,0.5617789333734098,0.8276116711015871,0.8310397938395823,50.620298352217695,96.66666666666667,4909.007031267062,-6.482614772548882,0.5964762573849502,0.17546248877352885,-0.6483614772548882
R,0.25,1,0.6082817726594548,0.8901123819650919,0.7203405883373025,0.8901123819650919,0.6082817726594548,74.12341504455064,96.66666666666667,6888.157201247235,0.7239783633977902,0.6269573901878431,8.255788996352803e-19,0.07229783633977901
R,0.25,1,0.85056372979564,0.6900022594994935,0.6891090997036181,0.6900022594994935,0.85056372979564,73.76110043871985,96.66666666666667,6952.428271355567,0.6666415232829522,0.6272256341228266,8.255788996352803e-19,0.06656415232829523
R,0.25,1,0.7589370326431956,0.905468654844554,0.6714603951424967,0.905468654844554,0.7589370326431956,72.55217515019409,96.66666666666667,7255.710452849444,2.078185633712486,0.6298711779115754,8.255788996352803e-19,0.2077185633712486
R,0.25,1,0.7902020283798048,0.24526072197107518,0.8072016214095957,0.24526072197107518,0.7902020283798048,60.0289765390541,96.66666666666667,4319.275637240947,-9.530745817615314,0.5840153645042926,0.2647338064855954,-0.9531745817615314
R,0.25,1,0.304299274971812,0.7641568923022035,0.8552743474456609,0.7641568923022035,0.304299274971812,10.478203340119286,96.66666666666667,783.8185121381687,-23.59180701665857,0.5030990685424542,0.5753917583678209,-2.359280701665857
R,0.25,1,0.6167489701764651,0.5480606910871209,0.6189870562620106,0.5480606910871209,0.6167489701764651,68.61634872765423,96.66666666666667,5058.0650886896065,-6.582039132976558,0.5971236859738486,0.16091530232810144,-0.6583039132976558
R,0.25,1,0.7059902745702834,0.9283385466066392,0.5894275135710838,0.9283385466066392,0.7059902745702834,51.78380038401718,96.66666666666667,4994.657789473907,-6.0176378285319405,0.5984068369705208,0.15959496480129734,-0.6018637828531941
R,0.25,1,0.06101509161785956,0.9495328738896595,0.7995200174372022,0.9495328738896595,0.06101509161785956,84.05823439524471,96.66666666666667,5927.399913349097,-2.7999656359980682,0.6138218804883689,0.043772207195079856,-0.28009656359980684
R,0.25,1,0.7952659341235553,0.7999035964043726,0.6379716116353624,0.7999035964043726,0.7952659341235553,87.15358018607753,96.66666666666667,8341.274529740263,5.56748054052309,0.6377360549378973,8.255788996352803e-19,0.33056396435073376
R,0.25,1,0.4562785060052529,0.7120755988350892,0.6321121052510792,0.7120755988350892,0.4562785060052529,108.27623857277482,96.66666666666667,8036.317417481301,3.922193216765575,0.6346684394292582,8.255788996352803e-19,0.33055844034988824
R,0.25,1,0.3337010131034892,0.9250081262013121,0.8427398789183512,0.9250081262013121,0.3337010131034892,71.8977604675236,96.66666666666667,6039.696158573505,-2.1999625271379046,0.616468779113,0.03131622609294919,-0.22009625271379046
R,0.25,1,0.6206834727135547,0.4240912014138023,0.693139197096175,0.4240912014138023,0.6206834727135547,84.10660948479813,96.66666666666667,5851.062470041204,-4.016445288968641,0.6098597323978974,0.06429767919158925,-0.40174452889686413
R,0.25,1,0.08333341004383471,0.9617957672050587,0.7541733189750338,0.9617957672050587,0.08333341004383471,117.96192254603972,96.66666666666667,8388.365718842575,5.509562919275454,0.6375158777475961,8.255788996352803e-19,0.3307396271631998
R,0.25,1,0.37879086848234517,0.896346555726318,0.6044853617962151,0.896346555726318,0.37879086848234517,85.23184624397264,96.66666666666667,6722.150929338084,-0.18225606760908605,0.625201942089969,0.0006808934591984836,-0.018325606760908605
R,0.25,1,0.5617057321792897,0.788043619721476,0.9028187724568368,0.788043619721476,0.5617057321792897,60.421747783292304,96.66666666666667,5441.45794964573,-4.369267618386116,0.6062118316848542,0.09221181840301095,-0.43702676183861167
R,0.25,1,0.6248291198699335,0.8022125242372012,0.9235469518185369,0.8022125242372012,0.6248291198699335,87.01217658909812,96.66666666666667,8217.495738351292,5.384887400934322,0.6370168451894461,8.255788996352803e-19,0.3305279886460249
R,0.25,1,0.8519200482353231,0.6138810520416571,0.42950042609665,0.6138810520416571,0.8519200482353231,76.73658170872051,96.66666666666667,6447.988158534242,-1.642267560057689,0.6206706002276594,0.016957469295714796,-0.1643267560057689
R,0.25,1,0.8830699469804544,0.7274050455041015,0.7131650115885791,0.7274050455041015,0.8830699469804544,87.11066607983447,96.66666666666667,8567.584444620154,6.360846937940112,0.6394540998356496,8.255788996352803e-19,0.3306404137286064
R,0.25,1,0.2716165294835241,0.9752102289005755,0.8446072976818229,0.9752102289005755,0.2716165294835241,79.32227402979859,96.66666666666667,6619.960977668581,-0.12163546762084754,0.6248588804368943,0.00040208520867968784,-0.012263546762084753
R,0.25,1,0.29668261309647603,0.8571458601380725,0.8270831301183713,0.8571458601380725,0.29668261309647603,79.53217528263092,96.66666666666667,6232.8174309160595,-1.716628382279283,0.6190320751930651,0.020839509531982322,-0.1717628382279283
R,0.25,1,0.33030784541426683,0.969152520671945,0.5814205315054364,0.969152520671945,0.33030784541426683,80.72669267429822,96.66666666666667,6418.460794807796,-1.1355652198607076,0.6216859245919429,0.011011965674551412,-0.11365652198607075
R,0.25,1,0.2697265881718008,0.2534254887515106,0.8244878844371316,0.2534254887515106,0.2697265881718008,74.69546492198312,96.66666666666667,3493.492026798737,-12.875819034938141,0.5691763519605278,0.35143198906456086,-1.287681903493814
R,0.25,1,0.9209020258445324,0.10819534409673193,0.09160991049241929,0.10819534409673193,0.9209020258445324,126.39527077733872,96.66666666666667,6793.128522563089,-2.906107146463846,0.6198360925882049,0.02326475241924917,-0.2907107146463846
R,0.25,1,0.7555366322211561,0.10039424453474821,0.7298229072446277,0.10039424453474821,0.7555366322211561,205.6823118952357,96.66666666666667,12555.28364858795,16.958435509484072,0.6640506524103401,8.255788996352803e-19,0.33238157755615194
R,0.25,1,0.4339614196295678,0.7311455262931681,0.8628544372542687,0.7311455262931681,0.4339614196295678,56.868340980327744,96.66666666666667,4539.612462818235,-7.824903008667857,0.5899284553281169,0.22939343381398156,-0.7825903008667857
R,0.25,1,0.15103846525583386,0.7007317545335197,0.8030271345909731,0.7007317545335197,0.15103846525583386,60.89954366168586,96.66666666666667,3816.220535602811,-10.714004849031879,0.5768519044853017,0.3154815682508566,-1.0715004849031877
R,0.25,1,0.7515473110246831,0.8357117801646695,0.6696537973896902,0.8357117801646695,0.7515473110246831,94.08179845749038,96.66666666666667,9041.665335912548,8.02843817846719,0.6429530989837071,8.255788996352803e-19,0.33083672929659197
R,0.25,1,0.5113193209545364,0.38817457488907603,0.4538735296542755,0.38817457488907603,0.5113193209545364,154.05997570260504,96.66666666666667,8676.894010680255,4.608562054924664,0.6376439914102001,8.255788996352803e-19,0.3309715970237023
R,0.25,1,0.6382866516758716,0.6932489590988389,0.6792756449203676,0.6932489590988389,0.6382866516758716,78.9474693666081,96.66666666666667,6596.745671330055,-0.7498730826316709,0.6235844146459498,0.005592564679882829,-0.07508730826316709
R,0.25,1,0.6260702795441688,0.36989774377222806,0.3991392587912646,0.36989774377222806,0.6260702795441688,108.73257237196378,96.66666666666667,6499.694217345921,-2.552857434691868,0.6183901482531144,0.026610540701640265,-0.2553857434691868
R,0.25,1,0.362975861042446,0.8027400751540414,0.7726285593632478,0.8027400751540414,0.362975861042446,66.204753402571,96.66666666666667,5137.58888577747,-5.69555918285937,0.6001625483913833,0.1398439367726299,-0.569655918285937
R,0.25,1,0.5220620950796523,0.8659928264152211,0.6243594433160111,0.8659928264152211,0.5220620950796523,76.42186579411948,96.66666666666667,6496.755185877097,-0.8775926423602732,0.6227870958886909,0.007419493673306239,-0.08785926423602733
R,0.25,1,0.5197562986826004,0.9524877249046935,0.773721855731926,0.9524877249046935,0.5197562986826004,71.65330903646546,96.66666666666667,6660.551080885166,0.06217440051040491,0.6253339484232051,8.255788996352803e-19,0.006117440051040491
R,0.25,1,0.6284860714735216,0.43998869201423885,0.49896146030047134,0.43998869201423885,0.6284860714735216,66.08385969442769,96.66666666666667,4354.779296253677,-9.533381738951794,0.5842807490570908,0.26141214350557596,-0.9534381738951794
R,0.25,1,0.6049766305491209,0.8251019888544471,0.547210297891491,0.8251019888544471,0.6049766305491209,75.05589015633615,96.66666666666667,6393.575088917944,-1.3671844279947358,0.6210247698657453,0.014142101754815572,-0.13681844279947358
R,0.25,1,0.8539237479230606,0.2153117926995356,0.892461171322222,0.2153117926995356,0.8539237479230606,25.833598389007474,96.66666666666667,1957.4971639279083,-18.52082619442823,0.5330690409603912,0.4811983495156476,-1.8521826194428233
R,0.25,1,0.5760193665827076,0.997446587073599,0.6081485659581467,0.997446587073599,0.5760193665827076,71.83927690994683,96.66666666666667,6744.056648460808,0.2761509215361127,0.6259134659908189,8.255788996352803e-19,0.02751509215361127
R,0.25,1,0.6082817726594548,0.44766204759519546,0.07597605847380973,0.44766204759519546,0.6082817726594548,74.12341504455064,96.66666666666667,4054.2982255157726,-11.40217640448081,0.5777289047874439,0.2995034345002534,-1.140317640448081
R,0.25,1,0.28596686058287457,0.7831007254193283,0.9566548355959396,0.7831007254193283,0.28596686058287457,63.53463068745875,96.66666666666667,4915.65850470314,-6.337698798744552,0.5967738441132494,0.1733543579148349,-0.6338698798744552
R,0.25,1,0.3444421761217422,0.9574373969379572,0.9646483736322737,0.9574373969379572,0.3444421761217422,82.00723416343854,96.66666666666667,7315.880776571258,2.4466855388205504,0.6303737522917847,8.255788996352803e-19,0.24456855388205506
R,0.25,1,0.47826442355805215,0.8539372968796233,0.3631045222784958,0.8539372968796233,0.47826442355805215,72.55217515019409,96.66666666666667,5491.307200283631,-4.819526219943322,0.6051208756932711,0.09605428497561568,-0.48205262199433224
R,0.25,1,0.304299274971812,0.40362028616846257,0.3193019251289724,0.40362028616846257,0.304299274971812,126.90662608718483,96.66666666666667,5505.022402803161,-6.530856664715692,0.6003810397649606,0.11813405603556287,-0.6531856664715693
R,0.25,1,0.3499535709573607,0.5781829964471247,0.12630752899479114,0.5781829964471247,0.3499535709573607,78.08918333515143,96.66666666666667,3870.4526233124543,-11.811907632289191,0.5750464827909443,0.31693589785993687,-1.1812907632289191
R,0.25,1,0.6249699396132052,0.7266491645001179,0.8205984775591351,0.7266491645001179,0.6249699396132052,63.12806741523273,96.66666666666667,5561.324996513877,-4.12331720512477,0.6077095123410572,0.08057580787603508,-0.412431720512477
R,0.25,1,0.7952659341235553,0.913287029316448,0.9963196240540821,0.913287029316448,0.7952659341235553,65.95363807512375,96.66666666666667,7277.036786445263,2.5667023999076317,0.6304740869137938,8.255788996352803e-19,0.25657023999076317
R,0.25,1,0.37814452322471315,0.8806684012744074,0.8825643650366803,0.8806684012744074,0.37814452322471315,54.989499980920876,96.66666666666667,4674.368992745017,-7.071996936706107,0.5930491474993587,0.2076249219193882,-0.7072996936706107
R,0.25,1,0.6884972239723752,0.8155426292120523,0.835785673546799,0.8155426292120523,0.6884972239723752,67.12481677036192,96.66666666666667,6450.468982919398,-0.7519033178146595,0.6229237176890606,0.006191881931555461,-0.07529033178146595
R,0.25,1,0.5993338128607493,0.9167709941460108,0.6597060083989892,0.9167709941460108,0.5993338128607493,72.63578112011541,96.66666666666667,6704.129376587243,0.05560603977093842,0.6255267808220337,8.255788996352803e-19,0.005460603977093842
R,0.25,1,0.3219388299606978,0.5477472428337822,0.836044712556119,0.5477472428337822,0.3219388299606978,71.8977604675236,96.66666666666667,4629.167609273427,-8.001128085213951,0.5900273801162955,0.22252079140339057,-0.8002128085213951
R,0.25,1,0.44857948528174146,0.84873724542359,0.8966860651803741,0.84873724542359,0.44857948528174146,79.52041749706012,96.66666666666667,6940.77965925394,0.9255382722007733,0.6273219780441781,8.255788996352803e-19,0.09245382722007733
R,0.25,1,0.31494181458545667,0.9837980394183602,0.6798303839399922,0.9837980394183602,0.31494181458545667,75.33395029208073,96.66666666666667,6172.317888962924,-1.8374674122523704,0.6183491981929045,0.023446905157700603,-0.18384674122523703
R,0.25,1,0.49422162023313243,0.788043619721476,0.9079044623983333,0.788043619721476,0.49422162023313243,66.69418389361907,96.66666666666667,5789.780365022207,-3.16524034296293,0.6120323093637509,0.05401534283859271,-0.316624034296293
R,0.25,1,0.5686082490539005,0.9878725304876049,0.7653353320848723,0.9878725304876049,0.5686082490539005,76.73658170872051,96.66666666666667,7440.181156994525,2.8581481068284016,0.631363958117334,8.255788996352803e-19,0.28571481068284016
R,0.25,1,0.464745394346554,0.0017717858467001246,0.08049494780996724,0.0017717858467001246,0.464745394346554,56.38894431735114,96.66666666666667,1428.796193097362,-22.926032636928696,0.5178858216332004,0.5265375102676186,-2.2927032636928697
R,0.25,1,0.2996393280001487,0.8358120331906143,0.8019154807663844,0.8358120331906143,0.2996393280001487,85.2375575810846,96.66666666666667,6547.987963175624,-0.7095088315693704,0.6233370760583842,0.005387774583225677,-0.07105088315693704
R,0.25,1,0.3767972045432914,0.7301098775687185,0.7513560833609346,0.7301098775687185,0.3767972045432914,73.06101736509568,96.66666666666667,5415.958873731736,-4.889448068846188,0.6043598152126062,0.10277824045271965,-0.4890448068846188
R,0.25,1,0.6049259060298842,0.20254396609651304,0.07207452044563667,0.20254396609651304,0.6049259060298842,78.13365576850997,96.66666666666667,3295.314795862829,-15.048406830301015,0.5628934675680317,0.37506182077898237,-1.5049406830301015
R,0.25,1,0.9209020258445324,0.04577499955332964,0.3586241734970347,0.04577499955332964,0.9209020258445324,70.33518041965627,96.66666666666667,4030.1675480888653,-11.900115099871066,0.5767159779746366,0.3040810268685273,-1.1901115099871065
R,0.25,1,0.7957151352800751,0.9026524879022882,0.5552513940869287,0.9026524879022882,0.7957151352800751,74.4023233152838,96.66666666666667,7350.924694014157,2.282291043618698,0.6304739577358058,8.255788996352803e-19,0.22812910436186978
R,0.25,1,0.6590681135092303,0.2729726986032992,0.8824655427059934,0.2729726986032992,0.6590681135092303,84.22441359707555,96.66666666666667,5783.158113786928,-4.30683220946244,0.608564057246977,0.07143092965788651,-0.43078322094624405
R,0.25,1,0.422619207154956,0.8356256406476101,0.04470773857130306,0.8356256406476101,0.422619207154956,65.76489797841384,96.66666666666667,4210.922199029714,-9.926777545186361,0.5821293020396074,0.2772266069458781,-0.992777754518636
R,0.25,1,0.3535134142580548,0.990517508454719,0.8071264535307483,0.990517508454719,0.3535134142580548,72.71705293302651,96.66666666666667,6353.994813652496,-1.0022706590110009,0.6217472790042983,0.009734820597941896,-0.10032706590110008
R,0.25,1,0.5052177150314774,0.9008258540980297,0.5792469729939743,0.9008258540980297,0.5052177150314774,77.85374212889457,96.66666666666667,6600.701284260351,-0.515949662457108,0.6240916759876305,0.003322571169934009,-0.05169496624571081
R,0.25,1,0.39482469163172174,0.9278929868835676,0.5884525245588401,0.9278929868835676,0.39482469163172174,69.12528913711017,96.66666666666667,5588.585871296631,-4.0621767602819645,0.6080079192660838,0.07817632825560714,-0.40631767602819646
R,0.25,1,0.5896615659653737,0.7489671495234274,0.45321682014325115,0.7489671495234274,0.5896615659653737,80.50078244988352,96.66666666666667,6300.140666361047,-2.024888716998424,0.6186258327838121,0.024065453248411094,-0.20258887169984238
R,0.25,1,0.6424662969104541,0.911813228034689,0.9368349358815544,0.911813228034689,0.6424662969104541,83.81816348434165,96.66666666666667,8476.937361449915,6.532418946002944,0.6392480435107202,8.255788996352803e-19,0.33060622176895216
R,0.25,1,0.8563148604904567,0.9663336712869147,0.9918537336212017,0.9663336712869147,0.8563148604904567,66.204753402571,96.66666666666667,7675.0356254392245,4.075711456349511,0.63364599881529,8.255788996352803e-19,0.33023981318462065
R,0.25,1,0.1935407793170722,0.9351281642870778,0.6199189616025449,0.9351281642870778,0.1935407793170722,75.38329181805926,96.66666666666667,5422.427316735439,-4.731614395846458,0.6048399151347251,0.09995485536255055,-0.47326143958464584
R,0.25,1,0.5834268035805174,0.9131425953435718,0.8607967570107282,0.9131425953435718,0.5834268035805174,69.3007872283958,96.66666666666667,6677.019196980666,0.19019080338627914,0.6255462674628772,8.255788996352803e-19,0.018919080338627915
R,0.25,1,0.3117316262261978,0.7613397896984962,0.6080937745504502,0.7613397896984962,0.3117316262261978,107.02020845599512,96.66666666666667,7368.974393851082,1.5940817205439965,0.6296123895656185,8.255788996352803e-19,0.15930817205439968
R,0.25,1,0.27790488144508196,0.9415729253679185,0.8728690790985414,0.9415729253679185,0.27790488144508196,74.23813129150916,96.66666666666667,6146.591908823664,-1.7932683982665327,0.6183258617745694,0.023153837240245875,-0.17942683982665325
R,0.25,1,0.19835905182796643,0.8580297334779357,0.769497479206863,0.8580297334779357,0.19835905182796643,105.99252197708479,96.66666666666667,7637.490039047705,2.8910121884192406,0.6319695047732581,8.255788996352803e-19,0.2890012188419241
R,0.25,1,0.5288525920105067,0.8374884132436377,0.8367852546986335,0.8374884132436377,0.5288525920105067,75.84256508158325,96.66666666666667,6767.938834200925,0.2887163415241158,0.6259957395674367,8.255788996352803e-19,0.02877163415241158
R,0.25,1,0.3974754968045149,0.8539372968796233,0.6358979278969533,0.8539372968796233,0.3974754968045149,72.55217515019409,96.66666666666667,5693.030455688895,-3.7878457153077885,0.6094780759185351,0.06836350414124691,-0.3788845715307788
R,0.25,1,0.6200271475237212,0.8970539202917097,0.9446151773495304,0.8970539202917097,0.6200271475237212,68.08430708877185,96.66666666666667,6772.307410369887,0.6135642719568619,0.6263770878485913,8.255788996352803e-19,0.06125642719568619
R,0.25,1,0.44257772610907936,0.10381175899328254,0.8284960808958387,0.10381175899328254,0.44257772610907936,67.9387296644625,96.66666666666667,3263.2246576949374,-13.980706396250737,0.5635361779027358,0.37354816386855877,-1.3981706396250737
R,0.25,1,0.8720930782550191,0.31317874894733555,0.630049779095959,0.31317874894733555,0.8720930782550191,54.16975588660142,96.66666666666667,4063.5353451917604,-10.505351832705776,0.5796730992918034,0.29407475159329394,-1.0506351832705776
R,0.25,1,0.304299274971812,0.3127289455704453,0.4292750448227242,0.3127289455704453,0.304299274971812,72.33797513701114,96.66666666666667,3008.0507918041408,-15.181368356393998,0.5572029811281006,0.39603730093857203,-1.5182368356393998
R,0.25,1,0.3499535709573607,0.9470819526177731,0.9922987662351372,0.9470819526177731,0.3499535709573607,71.28110944364225,96.66666666666667,6391.010479332496,-0.736465973306135,0.622606576682376,0.006265429351006561,-0.07374659733061349
R,0.25,1,0.6919714044690287,0.9495328738896595,0.6933189838469141,0.9495328738896595,0.6919714044690287,61.68758798189838,96.66666666666667,6132.251375085131,-1.7892484887068107,0.6183911656867721,0.023215252758030186,-0.17902484887068107
R,0.25,1,0.7952659341235553,0.9237100809285514,0.7117617399416912,0.9237100809285514,0.7952659341235553,78.84770275297237,96.66666666666667,8179.884946262396,5.38164495703647,0.636943485031762,8.255788996352803e-19,0.3304737513375573
R,0.25,1,0.3503430807033556,0.9543965315196852,0.8825643650366803,0.9543965315196852,0.3503430807033556,77.06593156875034,96.66666666666667,6727.939807554296,0.31568000578409655,0.62581816761618,8.255788996352803e-19,0.031468000578409656
R,0.25,1,0.5993338128607493,0.9653239480356168,0.7224492624068962,0.9653239480356168,0.5993338128607493,72.63578112011541,96.66666666666667,6994.3985947823185,1.2400669670201063,0.6279192214240098,8.255788996352803e-19,0.12390669670201064
R,0.25,1,0.5810101002609344,0.7723790366574445,0.7784954765151563,0.7723790366574445,0.5810101002609344,76.99903382164203,96.66666666666667,6709.067784525704,-0.09065863837164419,0.6253535478638647,0.0002441802288147294,-0.00916586383716442
R,0.25,1,0.5980607335124155,0.9573243652386709,0.909882497785306,0.9573243652386709,0.5980607335124155,67.94352726126411,96.66666666666667,6829.433150258496,0.8699345720322255,0.6268723516339955,8.255788996352803e-19,0.08689345720322254
R,0.25,1,0.7010974071428969,0.38412351783123,0.5212532555873503,0.38412351783123,0.7010974071428969,69.55508927421201,96.66666666666667,4680.527334112212,-8.429403094036003,0.5895776068178799,0.22096971597998896,-0.8430403094036002
R,0.25,1,0.69268035016428,0.8022125242372012,0.5821739738848262,0.8022125242372012,0.69268035016428,72.4028190246916,96.66666666666667,6465.498834131288,-1.0497606615818174,0.6222593736673678,0.009590623076205701,-0.10507606615818173
R,0.25,1,0.39814954491353327,0.788043619721476,0.9028187724568368,0.788043619721476,0.39814954491353327,77.05450440035433,96.66666666666667,6309.232648076873,-1.4194445919132985,0.6203515187403839,0.015715180037303676,-0.14204445919132985
R,0.25,1,0.4292703173010382,0.9064449454467383,0.6309730191698566,0.9064449454467383,0.4292703173010382,76.73658170872051,96.66666666666667,6335.378986009635,-1.4138268529125497,0.6205297578072795,0.015358401832007105,-0.14148268529125496
R,0.25,1,0.44163408612941296,0.8358120331906143,0.8172804158295265,0.8358120331906143,0.44163408612941296,70.1295621258264,96.66666666666667,5912.224791765934,-2.786346778957241,0.6139203629998594,0.0438144938011682,-0.2787346778957241
R,0.25,1,0.29668261309647603,0.7301098775687185,0.01176119340884263,0.7301098775687185,0.29668261309647603,38.95684818691244,96.66666666666667,2011.4844345684144,-18.50451014278558,0.5341268898932726,0.4763884555557846,-1.8505510142785582
R,0.25,1,0.5938019589363117,0.39113402055453905,0.6178778192630285,0.39113402055453905,0.5938019589363117,78.13365576850997,96.66666666666667,5054.758759710294,-7.034179231653012,0.5958871045993869,0.16709402646303995,-0.7035179231653013
R,0.25,1,0.3485742481126433,0.019542381392074093,0.7917930560623297,0.019542381392074093,0.3485742481126433,67.06801277314757,96.66666666666667,2562.0422104234676,-16.971996913291505,0.5465759430999413,0.43302653037455835,-1.6972996913291507
R,0.25,1,0.4149068914279865,0.9898701351956799,0.8682431984302929,0.9898701351956799,0.4149068914279865,71.87329144957063,96.66666666666667,6608.384844056396,-0.0030701822477081824,0.6250290625094409,1.6605152959155604e-06,-0.00040701822477081826
R,0.25,1,0.44912515533421393,0.6258291005351891,0.8549464348614739,0.6258291005351891,0.44912515533421393,75.5556846072767,96.66666666666667,5675.846815898651,-4.013831075472031,0.6086641458834281,0.0728204219399762,-0.4014831075472031
R,0.25,1,0.9209020258445324,0.8561858650804645,0.5041993637376644,0.8561858650804645,0.9209020258445324,71.2040412792034,96.66666666666667,7224.317784822917,1.7750375714609012,0.6294820205589756,8.255788996352803e-19,0.17740375714609014
R,0.25,1,0.4339614196295678,0.9942068901733688,0.9512539777627032,0.9942068901733688,0.4339614196295678,73.78436062305921,96.66666666666667,7023.515943530312,1.5577522537712718,0.628325399334029,8.255788996352803e-19,0.1556752253771272
R,0.25,1,0.6475909734594856,0.8646776033325475,0.8077896567654268,0.8646776033325475,0.6475909734594856,69.01802467453948,96.66666666666667,6612.490658940012,-0.15007302732902317,0.6248842371890112,0.0005490157204645896,-0.015107302732902316
R,0.25,1,0.4836811200707213,0.9334226030148853,0.7679482334706702,0.9334226030148853,0.4836811200707213,67.45589387781321,96.66666666666667,6074.665781432125,-2.0561324055534946,0.6171692864457393,0.028343474568800025,-0.20571324055534945
R,0.25,1,0.20372537718352007,0.8357117801646695,0.9828697793265648,0.8357117801646695,0.20372537718352007,81.39667262739165,96.66666666666667,6230.394542250885,-1.6355442868725374,0.619224893718986,0.019708813339787728,-0.16365442868725372
R,0.25,1,0.5745677138644082,0.9518050487104749,0.8087947687972503,0.9518050487104749,0.5745677138644082,60.32379897829586,96.66666666666667,5823.569510966233,-2.813501190835496,0.6133884954734173,0.04680455161802164,-0.28145011908354955
R,0.25,1,0.670629163320574,0.8931188213002118,0.8529284461733475,0.8931188213002118,0.670629163320574,66.204753402571,96.66666666666667,6588.075421502938,-0.11369312550450036,0.6248485068353452,0.00036977952441495106,-0.011469312550450037
R,0.25,1,0.22928606215400038,0.7732470849491906,0.13806289197915422,0.7732470849491906,0.22928606215400038,93.71348394521996,96.66666666666667,5021.002564553264,-7.312892661438102,0.5947630959617797,0.17487820077661154,-0.7313892661438103
R,0.25,1,0.17207583042448454,0.12848881812496182,0.45321682014325115,0.12848881812496182,0.17207583042448454,84.74248482025524,96.66666666666667,2233.697745892186,-18.811969342248947,0.5380548179268979,0.4590154338152758,-1.8812969342248949
R,0.25,1,0.710490424508558,0.9512747227696225,0.7862273034376152,0.9512747227696225,0.710490424508558,27.3037752712334,96.66666666666667,2805.2974468717875,-14.138384987129015,0.5551359099547571,0.4078882549796991,-1.4139384987129016
R,0.25,1,0.7079710958128949,0.7914550343858667,0.773721855731926,0.7914550343858667,0.7079710958128949,50.08203698982723,96.66666666666667,4723.454910771496,-7.0354312420402865,0.593561832171149,0.2021521916104226,-0.7036431242040286
R,0.25,1,0.35240369077459144,0.95708955455603,0.5217092709436775,0.95708955455603,0.35240369077459144,80.89092856512832,96.66666666666667,6351.344912419622,-1.4602842711879986,0.6204559984944228,0.015833914698458008,-0.14612842711879986
R,0.25,1,0.4956230718374823,0.9100832434228512,0.8293540744677294,0.9100832434228512,0.4956230718374823,73.6659588092208,96.66666666666667,6705.014253091444,0.1848717575906851,0.6256301623105336,8.255788996352803e-19,0.01838717575906851
R,0.25,1,0.5993158910036505,0.8374884132436377,0.7379644650352069,0.8374884132436377,0.5993158910036505,71.09436026075245,96.66666666666667,6419.0619299389855,-1.0000117099249128,0.6221288615664362,0.009292147590244638,-0.10010117099249127
R,0.25,1,0.6103226144650876,0.9434825568217945,0.6115672579949802,0.9434825568217945,0.6103226144650876,68.08430708877185,96.66666666666667,6330.440746870101,-1.2482945056859538,0.6210342239444856,0.013132705048532155,-0.12492945056859536
R,0.25,1,0.4832127503531725,0.8798020710854503,0.09033095963124327,0.8798020710854503,0.4832127503531725,97.02331054428977,96.66666666666667,6831.315733547105,-0.5721144839816233,0.6249888689335239,0.0032361269142240382,-0.05731144839816234
R,0.25,1,0.49602947891736254,0.9574373969379572,0.6806157122267075,0.9574373969379572,0.49602947891736254,67.65465787380197,96.66666666666667,6067.860789700571,-2.1321513303584125,0.6168990917887013,0.029659852210668674,-0.21331513303584124
R,0.25,1,0.37858738326188285,0.17113144471460406,0.4292750448227242,0.17113144471460406,0.37858738326188285,72.43482506719613,96.66666666666667,2768.300926467216,-16.471749279542266,0.5511324137240898,0.41722014029118565,-1.6472749279542267
R,0.25,1,0.3499535709573607,0.9734152006551446,0.12630752899479114,0.9734152006551446,0.3499535709573607,33.17795344326662,96.66666666666667,2300.0990075547124,-16.738659684185098,0.5419351404768082,0.45162801329362073,-1.67396596841851
R,0.25,1,0.565244244858825,0.9241873884438637,0.46377694155368565,0.9241873884438637,0.565244244858825,112.02443201611909,96.66666666666667,9641.495348871827,9.733818918862017,0.6468580574459687,8.255788996352803e-19,0.33111604557838614
R,0.25,1,0.5122184431838079,0.8600790769690838,0.7854420777971547,0.8600790769690838,0.5122184431838079,65.38796747772469,96.66666666666667,5770.548806841897,-3.232170723264478,0.6117233086287637,0.05582262479110805,-0.3233170723264478
R,0.25,1,0.7952659341235553,0.9857577754714962,0.5994721853476591,0.9857577754714962,0.7952659341235553,83.42258102253506,96.66666666666667,8679.117659660487,7.076459965310747,0.6406358880668561,8.255788996352803e-19,0.3306674470395712
R,0.25,1,0.3124480146972941,0.6889495999390607,0.3269216158307656,0.6889495999390607,0.3124480146972941,133.70099028970225,96.66666666666667,7787.136232123388,2.1996811822753384,0.631784964654685,8.255788996352803e-19,0.21986811822753385
R,0.25,1,0.8608698022359703,0.3463267247909192,0.8529911167036702,0.3463267247909192,0.8608698022359703,42.86930353208515,96.66666666666667,3501.7620943032853,-12.206534652483883,0.5707025136254064,0.34910945287392864,-1.2207534652483882
R,0.25,1,0.6670361556896588,0.9832410132742921,0.8966860651803741,0.9832410132742921,0.6670361556896588,69.0603748063713,96.66666666666667,7246.574884777564,2.3983091889089923,0.6301507033678805,8.255788996352803e-19,0.23973091889089923
R,0.25,1,0.44500152767682605,0.9085270377030649,0.23644789195495508,0.9085270377030649,0.44500152767682605,72.29261904929328,96.66666666666667,5319.842181919947,-5.506678385116137,0.6019664316586449,0.11959387703592092,-0.5507678385116137
R,0.25,1,0.3422664346352802,0.7920572628425635,0.9671244901191389,0.7920572628425635,0.3422664346352802,82.18435179322441,96.66666666666667,6648.245373140361,-0.1967757816209694,0.6248500248323204,0.0008025027425163335,-0.01977757816209694
R,0.25,1,0.6893184612626893,0.8022125242372012,0.6856036957785167,0.8022125242372012,0.6893184612626893,70.86053732927304,96.66666666666667,6499.090510734148,-0.7970880951534853,0.6230432972853659,0.0064924661891771806,-0.07980880951534854
R,0.25,1,0.6073562416286494,0.8799034700130621,0.4792327247520577,0.8799034700130621,0.6073562416286494,75.87191298744365,96.66666666666667,6551.069561398615,-0.7896319747180832,0.6232871037192204,0.006190114511870742,-0.07906319747180832
R,0.25,1,0.4942046837698736,0.29360574945143203,0.641912495716918,0.29360574945143203,0.4942046837698736,75.24078462762486,96.66666666666667,4171.223752670449,-10.476895976670889,0.5805397167207875,0.2841593880041683,-1.0477895976670888
R,0.25,1,0.2535817494872751,0.673174361006005,0.3633543748808626,0.673174361006005,0.2535817494872751,139.8743674403925,96.66666666666667,7752.0703199173,1.9937024950422608,0.6313732862680247,8.255788996352803e-19,0.1992702495042261
R,0.25,1,0.4809636388067998,0.7610752642720044,0.38713940144614933,0.7610752642720044,0.4809636388067998,74.33910328887684,96.66666666666667,5336.092814021408,-5.55055589655334,0.6019437137867854,0.11883855137888742,-0.5551555896553341
R,0.25,1,0.44839211736733886,0.8835990349602392,0.8813411794944823,0.8835990349602392,0.44839211736733886,75.74118053702443,96.66666666666667,6713.174651878257,0.19111886092694086,0.6256530281246756,8.255788996352803e-19,0.019011886092694087
R,0.25,1,0.44162095061755474,0.933284164350523,0.629618677119448,0.933284164350523,0.44162095061755474,79.56680990470618,96.66666666666667,6722.259435854054,-0.0076889216618806835,0.625488062211312,6.075067778500921e-06,-0.0008688921661880684
R,0.25,1,0.4149068914279865,0.9898701351956799,0.9033994980487665,0.9898701351956799,0.4149068914279865,71.87329144957063,96.66666666666667,6671.55481827557,0.2583930691487691,0.625555904725144,8.255788996352803e-19,0.025739306914876907
R,0.25,1,0.6803894658341969,0.9981072284483917,0.4931662167050982,0.9981072284483917,0.6803894658341969,58.167629390990406,96.66666666666667,5598.8664253880825,-3.837465398414407,0.6088743433826702,0.07359773046427687,-0.3838465398414407
R,0.25,1,0.6993830049427519,0.806653782752121,0.571023414133339,0.806653782752121,0.6993830049427519,75.52335046274324,96.66666666666667,6765.187242043805,-0.008766878517806177,0.6257404963957034,7.177244255754616e-06,-0.0009766878517806176
R,0.25,1,0.29269441201731394,0.4988694527280432,0.41883209465233334,0.4988694527280432,0.29269441201731394,84.22441359707555,96.66666666666667,4215.347305833818,-10.340931476284585,0.581138174797424,0.2793254007220015,-1.0341931476284585
R,0.25,1,0.7274524530362824,0.6258291005351891,0.36366149442759454,0.6258291005351891,0.7274524530362824,243.3804970193181,96.66666666666667,18680.819737279384,37.25219164404682,0.7053257299699577,8.255788996352803e-19,0.33458822972183544
R,0.25,1,0.40000689511393217,0.9278929868835676,0.9216359663677949,0.9278929868835676,0.40000689511393217,69.12528913711017,96.66666666666667,6182.2819807689275,-1.5559058414213105,0.6192964602626893,0.019050554494188087,-0.15569058414213105
R,0.25,1,0.44531357451870324,0.9870340482871751,0.6696537973896902,0.9870340482871751,0.44531357451870324,77.20726258511044,96.66666666666667,6821.935365761163,0.5078102148853645,0.6264263015473681,8.255788996352803e-19,0.05068102148853645
R,0.25,1,0.5525427676886987,0.9342728980143054,0.4867210980452328,0.9342728980143054,0.5525427676886987,82.40514199887241,96.66666666666667,7128.770832876816,1.2913403146188618,0.6284952225986742,8.255788996352803e-19,0.1290340314618862
R,0.25,1,0.4122629701253351,0.9765562943320608,0.8246531985551042,0.9765562943320608,0.4122629701253351,73.8468157107601,96.66666666666667,6650.444333371626,0.06322698405217309,0.6252654021095682,8.255788996352803e-19,0.006222698405217308
R,0.25,1,0.5966082513555833,0.8223148686923023,0.7243635632204011,0.8223148686923023,0.5966082513555833,74.35637469050597,96.66666666666667,6621.825171539272,-0.34538687444221106,0.624553771839146,0.0018462005135619487,-0.034638687444221106
R,0.25,1,0.39464550563912926,0.8315594489337796,0.9001785029407132,0.8315594489337796,0.39464550563912926,82.73813883266843,96.66666666666667,6934.67313720027,0.8282981776552545,0.6271755673398387,8.255788996352803e-19,0.08272981776552545
R,0.25,1,0.5514558687831985,0.9490239981079165,0.47825049578416756,0.9490239981079165,0.5514558687831985,66.51478580717587,96.66666666666667,5785.473079943603,-3.3627900438746194,0.6114235530114024,0.05735503008060174,-0.33637900438746193
R,0.25,1,0.9843764444252323,0.8779071122740423,0.5757972502605312,0.8779071122740423,0.9843764444252323,110.08516702236241,96.66666666666667,11835.158230760628,17.60314678520274,0.6633218507284812,8.255788996352803e-19,0.33180995573816857
R,0.25,1,0.41666469850241006,0.9733637201105072,0.7888549978084236,0.9733637201105072,0.41666469850241006,66.08385969442769,96.66666666666667,5896.186724204659,-2.6249908474747463,0.6143521699313532,0.04155815461819274,-0.2625990847474746
R,0.25,1,0.6994997566804947,0.6779993291353283,0.9865812910704679,0.6779993291353283,0.6994997566804947,96.99683724918103,96.66666666666667,9073.034354964879,8.1608609291314,0.6431702113761838,8.255788996352803e-19,0.3308633756060173
R,0.25,1,0.4305415577368092,0.833581825439944,0.6897999333385529,0.833581825439944,0.4305415577368092,70.22555176997717,96.66666666666667,5649.727627685722,-3.8870502362619295,0.6089204667866064,0.07207129859620896,-0.38880502362619296
R,0.25,1,0.558060948891856,0.974823743850008,0.6770254681426002,0.974823743850008,0.558060948891856,71.00941244055508,96.66666666666667,6644.341586038474,-0.04301147607214521,0.6251632714613167,8.403993733912137e-05,-0.004401147607214521
R,0.25,1,0.6509344247515655,0.8316314066260431,0.5108629859294692,0.8316314066260431,0.6509344247515655,65.79113511083166,96.66666666666667,5717.24083940355,-3.738800122897864,0.6098724271676881,0.06622845059168994,-0.3739800122897864
R,0.25,1,0.26007086273019386,0.7471718393751184,0.7793537207092044,0.7471718393751184,0.26007086273019386,75.2557987379717,96.66666666666667,5256.31487228094,-5.460565315681843,0.6015669086304368,0.12501442256419082,-0.5461565315681843
R,0.25,1,0.14398906198490807,0.9568943713188379,0.995182331562619,0.9568943713188379,0.14398906198490807,80.63425849375612,96.66666666666667,6444.590700916378,-0.668995311302212,0.6229427382452932,0.005315921181034124,-0.0669995311302212
R,0.25,1,0.3858012891836967,0.9890894596424986,0.5948654692575372,0.9890894596424986,0.3858012891836967,77.28073512787134,96.66666666666667,6461.91940865011,-0.8779762639953423,0.6225869856594423,0.0076069440053774355,-0.08789762639953423
R,0.25,1,0.8920014277427051,0.92552680199148,0.4779076199655694,0.92552680199148,0.8920014277427051,19.336472050015495,96.66666666666667,1988.255374117302,-17.876344902393164,0.5344709079017614,0.47713230975224735,-1.7877344902393166
R,0.25,1,0.5840794180703186,0.9665928637051263,0.6912473949828475,0.9665928637051263,0.5840794180703186,74.58798540837125,96.66666666666667,7072.044841575514,1.4624353487624475,0.6284557890090828,8.255788996352803e-19,0.14614353487624476
R,0.25,1,0.6501001040305996,0.9691541989409134,0.5724708190764751,0.9691541989409134,0.6501001040305996,80.17538069668196,96.66666666666667,7638.668155704016,3.3215014154092004,0.6326451541330983,8.255788996352803e-19,0.33028753927277327
R,0.25,1,0.34972976893956265,0.9628942323312014,0.9963196240540821,0.9628942323312014,0.34972976893956265,85.92411129715846,96.66666666666667,7779.499495444681,4.089635438903121,0.6339073323532923,8.255788996352803e-19,0.3303769944049676
R,0.25,1,0.7151028728036188,0.8551318285028601,0.7971768943994624,0.8551318285028601,0.7151028728036188,65.20565846191096,96.66666666666667,6418.920489670006,-0.8169120882497478,0.6226270880101263,0.007074087024734871,-0.08179120882497479
R,0.25,1,0.4012778275667521,0.7700091508306249,0.945101882609221,0.7700091508306249,0.4012778275667521,79.9706295453928,96.66666666666667,6572.93766545784,-0.4858936160747867,0.6239843563743614,0.003117897168051908,-0.04868936160747867
R,0.25,1,0.47114448090512506,0.6316604810008198,0.8505944438882996,0.6316604810008198,0.47114448090512506,67.94352726126411,96.66666666666667,5191.232619320806,-5.691950635408578,0.6005309521383292,0.1343553679219813,-0.5692950635408578
R,0.25,1,0.4319356630539469,0.9167709941460108,0.87554749987423,0.9167709941460108,0.4319356630539469,72.63578112011541,96.66666666666667,6488.119991409154,-0.5427704949666511,0.6235176714086599,0.003848452031390127,-0.05437704949666511
R,0.25,1,0.6067244421174284,0.932438753640331,0.9050677950046019,0.932438753640331,0.6067244421174284,72.53214627403548,96.66666666666667,7223.103245095499,2.1944295073156543,0.6298228328102458,8.255788996352803e-19,0.21934295073156546
R,0.25,1,0.5190820607336127,0.9413494173073698,0.8510603602539201,0.9413494173073698,0.5190820607336127,68.55451045108958,96.66666666666667,6464.558910261423,-0.5508268311037986,0.6234235048966363,0.003984514971628463,-0.05518268311037986
R,0.25,1,0.49422162023313243,0.779618752705039,0.8093095373426356,0.779618752705039,0.49422162023313243,78.10195076244348,96.66666666666667,6554.687245249245,-0.6368924969103018,0.6236042156553343,0.0046081408525997835,-0.06378924969103018
R,0.25,1,0.34507512337361035,0.962714864082733,0.8446072976818229,0.962714864082733,0.34507512337361035,78.13365576850997,96.66666666666667,6758.927031286969,0.3879891137000216,0.6260160318474516,8.255788996352803e-19,0.038698911370002156
R,0.25,1,0.3919033490492807,0.43333030728108035,0.5196890172548503,0.43333030728108035,0.3919033490492807,79.75085031091503,96.66666666666667,4326.795315459539,-9.847474141604769,0.5832229398277062,0.26614205370811117,-0.9848474141604768
R,0.25,1,0.5202510097846575,0.9682302720021763,0.9737084045865597,0.9682302720021763,0.5202510097846575,68.1031177751119,96.66666666666667,6726.325255883283,0.5550266698791994,0.6261118345982891,8.255788996352803e-19,0.05540266698791994
R,0.25,1,0.44162095061755474,0.27708968905109577,0.629618677119448,0.27708968905109577,0.44162095061755474,79.37452330247022,96.66666666666667,4101.757779772832,-10.856386338567157,0.5790943378483433,0.2923979852161698,-1.0857386338567157
R,0.25,1,0.5897136330045967,0.7515536898067986,0.6968223751087119,0.7515536898067986,0.5897136330045967,78.23375887317671,96.66666666666667,6609.49505765713,-0.5873865156928505,0.6239921904925052,0.0039594601920261326,-0.05883865156928505
R,0.25,1,0.4024311838704993,0.6258291005351891,0.023842274285250986,0.6258291005351891,0.4024311838704993,64.55099856180453,96.66666666666667,3357.23747231905,-13.630484655478849,0.5658321531142554,0.3654479924904478,-1.363148465547885
R,0.25,1,0.3950694851305203,0.7181068434102075,0.5539335539324219,0.7181068434102075,0.3950694851305203,108.0490941704678,96.66666666666667,7510.1851658672895,1.9567378716715285,0.630573287713922,8.255788996352803e-19,0.19557378716715285
R,0.25,1,0.44949556312251193,0.806653782752121,0.7235076564511467,0.806653782752121,0.44949556312251193,74.94186085317006,96.66666666666667,6062.433727365991,-2.440853475333584,0.6158715162965629,0.03459760129903308,-0.2441853475333584
R,0.25,1,0.5922997446192623,0.9066901539968639,0.7150230908208015,0.9066901539968639,0.5922997446192623,65.33121332567946,96.66666666666667,6064.37459395645,-2.141152539528966,0.6168766815216105,0.029847807956006108,-0.2142152539528966
R,0.25,1,0.6445254304886836,0.9837426213645263,0.6696537973896902,0.9837426213645263,0.6445254304886836,77.20726258511044,96.66666666666667,7578.259366323404,3.26422819600774,0.6323505868759779,8.255788996352803e-19,0.32632281960077403
R,0.25,1,0.3751038725743583,0.8322994764260032,0.7878343271110111,0.8322994764260032,0.3751038725743583,82.11543263830767,96.66666666666667,6574.656334056081,-0.5793969622516177,0.6237833416626084,0.003990612580988247,-0.05803969622516177
R,0.25,1,0.42120224251136923,0.9874311258124917,0.8629785713954152,0.9874311258124917,0.42120224251136923,71.87615884011045,96.66666666666667,6613.047408286993,0.00638699556588711,0.6250593636215931,8.255788996352803e-19,0.000538699556588711
R,0.25,1,0.4915248603193939,0.9426892738972564,0.8755759620154511,0.9426892738972564,0.4915248603193939,73.8468157107601,96.66666666666667,6912.069760656379,1.0217495967227805,0.6273310375983752,8.255788996352803e-19,0.10207495967227806
R,0.25,1,0.4450333982185845,0.9353684209485164,0.45321682014325115,0.9353684209485164,0.4450333982185845,73.4371516778006,96.66666666666667,5900.712697619072,-3.0967668063747156,0.612896722633615,0.04908150374728828,-0.30977668063747155
R,0.25,1,0.4503904273384515,0.06108990370700362,0.8087947687972503,0.06108990370700362,0.4503904273384515,68.77138862432383,96.66666666666667,3149.3091150581367,-14.560761141925783,0.5606655345134701,0.38400341091820167,-1.4561761141925782
R,0.25,1,0.36536121162810975,0.8245171745644169,0.8097218837789961,0.8245171745644169,0.36536121162810975,68.97700020925245,96.66666666666667,5500.016748340847,-4.320293228069562,0.6066484003878037,0.087772683026972,-0.4321293228069562
R,0.25,1,0.5197562986826004,0.9854360811274614,0.773721855731926,0.9854360811274614,0.5197562986826004,63.97844890976098,96.66666666666667,6052.531793984741,-2.0092326082913523,0.6172088831643178,0.027961564309228366,-0.20102326082913521
R,0.25,1,0.4956230718374823,0.9209503999644468,0.7470839435512563,0.9209503999644468,0.4956230718374823,73.06191088399181,96.66666666666667,6539.462750536049,-0.47157080693479264,0.6239172163527676,0.0030481741507693253,-0.04725708069347927
R,0.25,1,0.5569715155093697,0.14390236167285742,0.47738576191486315,0.14390236167285742,0.5569715155093697,42.817013741080345,96.66666666666667,2011.4721396964042,-19.106250855906797,0.5334988199047527,0.4783861134380907,-1.9107250855906799
R,0.25,1,0.5288525920105067,0.8374884132436377,0.9035826185363022,0.8374884132436377,0.5288525920105067,72.18742292764804,96.66666666666667,6562.314316342228,-0.3404940042913815,0.6242889094396379,0.001883004701758612,-0.03414940042913815
R,0.25,1,0.20925961484365263,0.9472847755888452,0.7791142530046443,0.9472847755888452,0.20925961484365263,82.07891547068917,96.66666666666667,6345.11678587987,-1.2660968144728784,0.6209154334956353,0.013309928551609642,-0.12670968144728784
R,0.25,1,0.7589370326431956,0.9401645320104598,0.7816213661385798,0.9401645320104598,0.7589370326431956,64.36675890121822,96.66666666666667,6726.043888694293,0.4261633695260367,0.6260330315245658,8.255788996352803e-19,0.042516336952603664
R,0.25,1,0.5252825428165643,0.7485070690023334,0.9068979257096319,0.7485070690023334,0.5252825428165643,65.31888162907373,96.66666666666667,5641.064600214116,-3.7505653295799473,0.6093221711873229,0.07019292790320017,-0.3751565329579947
R,0.25,1,0.38014505430110457,0.9908341232047321,0.835749600770102,0.9908341232047321,0.38014505430110457,76.0475871857534,96.66666666666667,6801.901442311954,0.6078449133647732,0.6264310866604937,8.255788996352803e-19,0.06068449133647732
R,0.25,1,0.3501397815234403,0.1447944831367829,0.6912473949828475,0.1447944831367829,0.3501397815234403,70.0257941828889,96.66666666666667,2943.036942820988,-15.376485687700747,0.5557417521308521,0.40140332612239993,-1.5377485687700747
R,0.25,1,0.5044670855061918,0.6082336911835635,0.4826342477451442,0.6082336911835635,0.5044670855061918,126.90662608718483,96.66666666666667,8591.692171100914,5.2354056081094145,0.6381027256339289,8.255788996352803e-19,0.33082790557258607
R,0.25,1,0.23302349337587736,0.7834383098328553,0.5144768372621261,0.7834383098328553,0.23302349337587736,84.05823439524471,96.66666666666667,5353.249589834237,-5.46119472517351,0.602177070790375,0.11661037002335581,-0.546219472517351
R,0.25,1,0.6799764492544237,0.9368109422054949,0.9881699508786337,0.9368109422054949,0.6799764492544237,63.901489207474114,96.66666666666667,6744.394388588342,0.6685999062487187,0.626338256338649,8.255788996352803e-19,0.06675999062487187
R,0.25,1,0.6015612589205327,0.1584425202569697,0.5959266476319136,0.1584425202569697,0.6015612589205327,68.09492048453517,96.66666666666667,3602.1092876796815,-12.895613114287999,0.5704550778983345,0.3437472630861416,-1.2896613114287998
R,0.25,1,0.5781574109914561,0.9794101258029511,0.8629785713954152,0.9794101258029511,0.5781574109914561,66.0563714030219,96.66666666666667,6569.493810412686,-0.06477754120558243,0.6248297531145299,0.0001623151171975392,-0.006577754120558244
R,0.25,1,0.5207874879970056,0.9736928979024222,0.95524929125379,0.9736928979024222,0.5207874879970056,72.63578112011541,96.66666666666667,7162.269470791215,2.0623993007946897,0.629426059309729,8.255788996352803e-19,0.20613993007946899
R,0.25,1,0.5980607335124155,0.9966449201022151,0.8517057589094176,0.9966449201022151,0.5980607335124155,72.97344140631392,96.66666666666667,7372.355486048152,2.764477212417028,0.6310121364211587,8.255788996352803e-19,0.2763477212417028
R,0.25,1,0.45066467097653556,0.2131047409496487,0.6073970492590246,0.2131047409496487,0.45066467097653556,73.27057978555307,96.66666666666667,3544.3468317684283,-13.06486178105998,0.5695037020997291,0.3486648232541881,-1.306586178105998
R,0.25,1,0.4205104400183234,0.6997294253084806,0.9989266717910703,0.6997294253084806,0.4205104400183234,72.53214627403548,96.66666666666667,5874.0274755791115,-2.981252958949261,0.6130605505170674,0.0481784213972147,-0.2982252958949261
R,0.25,1,0.591837349047505,0.9429632715577047,0.8125554335915729,0.9429632715577047,0.591837349047505,78.10195076244348,96.66666666666667,7580.1002366869125,3.3264678555577643,0.632404338460759,8.255788996352803e-19,0.33026098672699167
R,0.25,1,0.6125034396023179,0.6138810520416571,0.8335346174351412,0.6138810520416571,0.6125034396023179,76.73658170872051,96.66666666666667,6304.492619413748,-1.7472715734776048,0.6194440134657032,0.020259255927873775,-0.17482715734776047
R,0.25,1,0.5202510097846575,0.9890236578826381,0.8623138816345941,0.9890236578826381,0.5202510097846575,76.19554200145703,96.66666666666667,7392.61190626213,2.7789603095907833,0.6310828236624189,8.255788996352803e-19,0.27779603095907834
R,0.25,1,0.48393924190505805,0.9860922398511242,0.791210655498844,0.9860922398511242,0.48393924190505805,73.33805068791114,96.66666666666667,6841.10834503774,0.7525099346934762,0.6267685368461211,8.255788996352803e-19,0.07515099346934762
R,0.25,1,0.31852075770841193,0.8835990349602392,0.9082340238743487,0.8835990349602392,0.31852075770841193,71.79965784606959,96.66666666666667,5945.861794138294,-2.5396574427168863,0.6148572982655719,0.038913875737081584,-0.2540657442716886
R,0.25,1,0.2270900644884808,0.07718083936391995,0.629618677119448,0.07718083936391995,0.2270900644884808,77.57433140687644,96.66666666666667,2401.236794616378,-17.874373109395748,0.5423754927969412,0.4457416020851975,-1.787537310939575
R,0.25,1,0.7957151352800751,0.6702239311587185,0.8117933350126731,0.6702239311587185,0.7957151352800751,72.49228252439961,96.66666666666667,6784.6822432208655,0.1634790831002769,0.6260086049691744,8.255788996352803e-19,0.01624790831002769
R,0.25,1,0.6993830049427519,0.9954109877743116,0.9852213933075947,0.9954109877743116,0.6993830049427519,68.99518911375068,96.66666666666667,7546.02001057238,3.578508451401879,0.6325818001960625,8.255788996352803e-19,0.33020830295301773
R,0.25,1,0.6551245753778328,0.7930382458624483,0.8632128359936885,0.7930382458624483,0.6551245753778328,84.22441359707555,96.66666666666667,7916.123093628385,4.28242449107302,0.6347103371231828,8.255788996352803e-19,0.3304070585667269
R,0.25,1,0.2634460804489184,0.10047640718649276,0.8856364780582191,0.10047640718649276,0.2634460804489184,75.96857119879117,96.66666666666667,3064.3470166289085,-14.776615420996867,0.558690283046336,0.3902374343398905,-1.4777615420996866
R,0.25,1,0.4461063966625652,0.9355054743810011,0.8746496839426636,0.9355054743810011,0.4461063966625652,60.89954366168586,96.66666666666667,5538.620788604708,-3.8485113847848678,0.6084251132673905,0.07722179370431545,-0.3849511384784868
R,0.25,1,0.4119060234322965,0.8485562977333058,0.7158834797275584,0.8485562977333058,0.4119060234322965,80.48214433326939,96.66666666666667,6512.6314614658,-0.8257860318543263,0.6229447768015586,0.006774573380579006,-0.08267860318543263
R,0.25,1,0.4121631000234581,0.5281447397832475,0.6679613144336414,0.5281447397832475,0.4121631000234581,76.34062566275601,96.66666666666667,4863.999056881449,-7.414925859286216,0.5933608592078837,0.1924616888548909,-0.7415925859286217
R,0.25,1,0.3324017593006086,0.9934685009968928,0.9786331667247463,0.9934685009968928,0.3324017593006086,72.8092464839467,96.66666666666667,6608.119315722452,0.07966218288831124,0.6250930259360007,8.255788996352803e-19,0.007866218288831123
R,0.25,1,0.3099194447470651,0.9248498195343866,0.7472810999952428,0.9248498195343866,0.3099194447470651,75.09820888059132,96.66666666666667,6039.434809916147,-2.340003835006181,0.6160141489489221,0.03355932391884703,-0.23410038350061807
R,0.25,1,0.4567219883939999,0.982705147247652,0.8233172451486279,0.982705147247652,0.4567219883939999,70.64792857074106,96.66666666666667,6538.7687212378805,-0.28549625014306285,0.6242895040766377,0.0014813295514035324,-0.028649625014306283
R,0.25,1,0.30971574514212263,0.9773181998605937,0.07668114334527476,0.9773181998605937,0.30971574514212263,75.38329181805926,96.66666666666667,4995.554697937872,-6.836565807532823,0.5958952146534405,0.17149394593035716,-0.6837565807532824
R,0.25,1,0.35784641854878513,0.4575031862093416,0.8563859055911582,0.4575031862093416,0.35784641854878513,70.79165111320623,96.66666666666667,4401.621543938307,-8.9657986873707,0.5858448965691335,0.2528540116704153,-0.89667986873707
R,0.25,1,0.4826922309868926,0.978749005750149,0.7806132404926386,0.978749005750149,0.4826922309868926,71.42397306428585,96.66666666666667,6612.95945295143,-0.06891269395728858,0.6249770561768342,0.00017306323195522225,-0.006991269395728858
R,0.25,1,0.5173086989950029,0.9524877249046935,0.8884665767209551,0.9524877249046935,0.5173086989950029,69.73913231930673,96.66666666666667,6674.138568319844,0.24479448806714213,0.6255764850452049,8.255788996352803e-19,0.024379448806714214
R,0.25,1,0.4956230718374823,0.3999850720034228,0.9538899386956053,0.3999850720034228,0.4956230718374823,75.00755660891987,96.66666666666667,5147.5927668125605,-6.2175547587002296,0.5986800273275455,0.1465350615949379,-0.621855475870023
R,0.25,1,0.5288525920105067,0.9653940679809945,0.7270304709997601,0.9653940679809945,0.5288525920105067,74.42597077587546,96.66666666666667,6913.286627118826,0.9145988532563087,0.627237045947266,8.255788996352803e-19,0.09135988532563087
R,0.25,1,0.33987100269870235,0.9473681341741444,0.65735489390591,0.9473681341741444,0.33987100269870235,76.1134720783925,96.66666666666667,6149.651089201829,-2.004700795538733,0.6177050004707701,0.026317889666906492,-0.20057007955387327
R,0.25,1,0.56473825262088,0.9520985155301998,0.6374495943096179,0.9520985155301998,0.56473825262088,63.53463068745875,96.66666666666667,5831.086307790167,-2.9893434872184366,0.6128666050745903,0.04956549306986023,-0.29903434872184365
R,0.25,1,0.7589370326431956,0.9761024126113024,0.9447672564125071,0.9761024126113024,0.7589370326431956,68.53028589026418,96.66666666666667,7563.766715251547,3.5982212879312327,0.6326831273366009,8.255788996352803e-19,0.33021073718493765
R,0.25,1,0.4032422539639704,0.981737422338976,0.4292750448227242,0.981737422338976,0.4032422539639704,70.050062510399,96.66666666666667,5602.664238132333,-4.104064459208458,0.6079722444315204,0.07804635319779939,-0.41050644592084584
R,0.25,1,0.42069712810268073,0.9809313467576117,0.6189870562620106,0.9809313467576117,0.42069712810268073,77.96055459591001,96.66666666666667,6670.001016723298,-0.11582127985185538,0.6251205165289113,0.00036085717364028305,-0.011682127985185538
R,0.25,1,0.3593531629991038,0.8550489721653249,0.82104115619804,0.8550489721653249,0.3593531629991038,79.21368783202595,96.66666666666667,6435.8060279809715,-0.9759140897090707,0.6221896442934671,0.008924100270751049,-0.09769140897090707
R,0.25,1,0.4317479352242313,0.9167025828387475,0.6362974815925344,0.9167025828387475,0.4317479352242313,67.79249929414483,96.66666666666667,5649.146453991888,-3.7853122399225243,0.6092475178971742,0.0703964371636733,-0.3786312239922524
R,0.25,1,0.5464498543792817,0.9368109422054949,0.9881699508786337,0.9368109422054949,0.5464498543792817,64.16047952348465,96.66666666666667,6343.37264584004,-0.813117003817263,0.6222474077189638,0.007379603860065437,-0.0814117003817263
R,0.25,1,0.46709485158828096,0.979571380490075,0.8595642901087878,0.979571380490075,0.46709485158828096,70.69023956053042,96.66666666666667,6632.32926512413,0.08415328594577857,0.6252298101704558,8.255788996352803e-19,0.008315328594577858
R,0.25,1,0.5980607335124155,0.9998427998214002,0.909882497785306,0.9998427998214002,0.5980607335124155,70.75207875996085,96.66666666666667,7262.151785703091,2.4546251307418365,0.6302553079633819,8.255788996352803e-19,0.24536251307418366
R,0.25,1,0.09988100594330995,0.9195135406226569,0.789790429300726,0.9195135406226569,0.09988100594330995,74.92261175756643,96.66666666666667,5298.114134615619,-5.039036116798774,0.6030969296056748,0.11479607386723611,-0.5040036116798774
R,0.25,1,0.44220598206415734,0.9819715577934104,0.9995808305943239,0.9819715577934104,0.44220598206415734,72.8092464839467,96.66666666666667,7004.132853703781,1.5291408156341972,0.6282209934605523,8.255788996352803e-19,0.15281408156341975
R,0.25,1,0.42181729850183414,0.9617957672050587,0.04340515807278045,0.9617957672050587,0.42181729850183414,69.60215256809902,96.66666666666667,4890.649695587922,-7.201093796712787,0.5942077195831066,0.18695616779719,-0.7202093796712787
R,0.25,1,0.4951336250398727,0.8022125242372012,0.8279435290768655,0.8022125242372012,0.4951336250398727,71.34086274214253,96.66666666666667,6104.344819884089,-2.1310836281026337,0.6170943718012166,0.02899765187394858,-0.21320836281026337
R,0.25,1,0.38984420107990325,0.6138810520416571,0.9017765014086725,0.6138810520416571,0.38984420107990325,72.15760771695243,96.66666666666667,5248.071529442536,-5.518771522947993,0.6013765659433002,0.12650231117195862,-0.5519771522947993
R,0.25,1,0.49422162023313243,0.788043619721476,0.6982723149441178,0.788043619721476,0.49422162023313243,77.97542552224002,96.66666666666667,6360.460908096069,-1.4451123061204696,0.620585038841389,0.015521374286470373,-0.14461123061204695
R,0.25,1,0.5802746949620562,0.9928285993626061,0.8813411794944823,0.9928285993626061,0.5802746949620562,62.368170348558834,96.66666666666667,6279.769632263771,-1.0398583924828444,0.6213529685200035,0.010683086978170856,-0.10408583924828443
R,0.25,1,0.44010409835570524,0.9791077710091693,0.24693005531306145,0.9791077710091693,0.44010409835570524,63.311833286540306,96.66666666666667,4883.485125960826,-6.8772620344666215,0.59504529375877,0.1837897385222136,-0.6878262034466622
R,0.25,1,0.32801875513149664,0.9951666093554933,0.9822985512183288,0.9951666093554933,0.32801875513149664,72.80725012432767,96.66666666666667,6604.835797535637,0.07291238380479421,0.6250718037527283,8.255788996352803e-19,0.007191238380479421
R,0.25,1,0.2650697401130676,0.9859810212631195,0.629618677119448,0.9859810212631195,0.2650697401130676,69.85424353439853,96.66666666666667,5469.098638086039,-4.396370645848121,0.6062114995407802,0.09107814961296129,-0.4397370645848121
R,0.25,1,0.4149068914279865,0.9898701351956799,0.9657621660070841,0.9898701351956799,0.4149068914279865,78.71551690115962,96.66666666666667,7429.399191598576,2.9559139928625786,0.6313839635662204,8.255788996352803e-19,0.2954913992862579
R,0.25,1,0.31007446583365167,0.03854113002323711,0.5818374058065796,0.03854113002323711,0.31007446583365167,70.5239425613393,96.66666666666667,2255.124007588462,-18.565405653614732,0.5388165123389658,0.45820899207904936,-1.8566405653614733
R,0.25,1,0.1860900003410254,0.9497525605014832,0.7484326760314208,0.9497525605014832,0.1860900003410254,82.99076064072048,96.66666666666667,6266.04683142662,-1.5950788436388141,0.6195417449413543,0.018687924103815205,-0.1596078843638814
R,0.25,1,0.17858984276996798,0.2975487607301175,0.571023414133339,0.2975487607301175,0.17858984276996798,70.02588421789201,96.66666666666667,2666.7618231134534,-16.292053309385665,0.5493483465662713,0.4232810578078486,-1.6293053309385666
R,0.25,1,0.2590581595818438,0.9298882132343849,0.9052052622033696,0.9298882132343849,0.2590581595818438,60.89954366168586,96.66666666666667,4998.4792618447955,-5.845219330541876,0.5988435537226974,0.15707097982482007,-0.5846219330541876
R,0.25,1,0.024707866670264478,0.3334714945155015,0.8316964401879267,0.3334714945155015,0.024707866670264478,69.12528913711017,96.66666666666667,2675.2440178029665,-15.776092235967477,0.5501156505557839,0.42055078262113615,-1.5777092235967476
R,0.25,1,0.44531357451870324,0.8648022641341836,0.6767627452823646,0.8648022641341836,0.44531357451870324,102.52582826202747,96.66666666666667,8450.677098778347,5.7852834414581515,0.6382280441411121,8.255788996352803e-19,0.33067985744115125
R,0.25,1,0.14111977389389685,0.3137604726488765,0.010577710329616297,0.3137604726488765,0.14111977389389685,67.5100460689361,96.66666666666667,1553.3018627889887,-21.72096809131467,0.5215046589894582,0.5132849431324542,-2.172196809131467
R,0.25,1,0.2940066052565975,0.8997572179728,0.9336407793980769,0.8997572179728,0.2940066052565975,78.8181577271601,96.66666666666667,6544.209420691273,-0.4082596884566301,0.624005570966092,0.0024803018629532708,-0.040925968845663005
R,0.25,1,0.39496333804833106,0.519172757967115,0.831331099333935,0.519172757967115,0.39496333804833106,75.09820888059132,96.66666666666667,4993.286087860599,-6.738340205005678,0.5961020472262407,0.17062599690339822,-0.6739340205005678
R,0.25,1,0.5130256888290534,0.9856533390547083,0.9919299027946316,0.9856533390547083,0.5130256888290534,68.01017287003515,96.66666666666667,6782.804092254045,0.7993867256443264,0.6265937861176064,8.255788996352803e-19,0.07983867256443264
R,0.25,1,0.5523199163366422,0.7786559723071791,0.769497479206863,0.7786559723071791,0.5523199163366422,110.59416691193957,96.66666666666667,9487.456795565107,9.304400073564402,0.6458230067653242,8.255788996352803e-19,0.3310619899609646
R,0.25,1,0.333469584347736,0.9861478986580697,0.9533969333401259,0.9861478986580697,0.333469584347736,73.64995720834318,96.66666666666667,6614.929641314603,0.060489602455291655,0.625099246056874,8.255788996352803e-19,0.005948960245529165
R,0.25,1,0.4956230718374823,0.9100832434228512,0.995089159432558,0.9100832434228512,0.4956230718374823,68.45060110473983,96.66666666666667,6513.933390714159,-0.2828802210975233,0.6241957831135115,0.0014846480072023393,-0.02838802210975233
R,0.25,1,0.16294301978933157,0.6570471047199042,0.9491855775629021,0.6570471047199042,0.16294301978933157,72.03868789146298,96.66666666666667,4663.002722008434,-7.581368052191625,0.5913442466631114,0.21492218594964552,-0.7582368052191625
R,0.25,1,0.38691955501576325,0.9968359088614479,0.18479695557980258,0.9968359088614479,0.38691955501576325,70.22638990107505,96.66666666666667,5183.248113076173,-5.9006421723729465,0.5998890145638263,0.13814711233608315,-0.5901642172372947
R,0.25,1,0.7870188235351232,0.8590430999142528,0.965594221397723,0.8590430999142528,0.7870188235351232,65.39251556892556,96.66666666666667,6960.572376729322,1.3263392496092243,0.627911889391802,8.255788996352803e-19,0.13253392496092245
R,0.25,1,0.5288525920105067,0.8374884132436377,0.6664123429684419,0.8374884132436377,0.5288525920105067,82.69476486505147,96.66666666666667,7027.182707872059,0.9529006787620489,0.6277224993462814,8.255788996352803e-19,0.09519006787620489
R,0.25,1,0.10966150474304959,0.9782897859241251,0.8493146228398712,0.9782897859241251,0.10966150474304959,74.62357148931315,96.66666666666667,5643.812807659875,-3.6219151891136225,0.609636425831141,0.06811185489414252,-0.36229151891136224
R,0.25,1,0.5071488213915492,0.9241873884438637,0.7625810289944772,0.9241873884438637,0.5071488213915492,72.65758693214622,96.66666666666667,6585.0541899365535,-0.2788895241378129,0.6245057213111344,0.0013886617305457988,-0.02798895241378129
R,0.25,1,0.5773643090534233,0.9665928637051263,0.6912473949828475,0.9665928637051263,0.5773643090534233,69.62853460838939,96.66666666666667,6578.4373509775405,-0.2585479692952617,0.6245393047140518,0.00124854981622296,-0.02595479692952617
R,0.25,1,0.304299274971812,0.2571272393479528,0.8950570166630198,0.2571272393479528,0.304299274971812,126.90662608718483,96.66666666666667,6402.15388991962,-2.741860524768545,0.616817265249639,0.031178935179224522,-0.2742860524768545
R,0.25,1,0.0714916895768386,0.979571380490075,0.9619642153579505,0.979571380490075,0.0714916895768386,108.8797540067099,96.66666666666667,8340.435104006927,5.705574962338325,0.6375962494202424,8.255788996352803e-19,0.33068572662463874
R,0.25,1,0.4422208855627173,0.9368109422054949,0.6177156262881484,0.9368109422054949,0.4422208855627173,74.09163482059051,96.66666666666667,6252.925144596538,-1.6430175629712336,0.6194311373590256,0.019477013425446856,-0.16440175629712334
R,0.25,1,0.3991680256959598,0.9727334721846618,0.4548553673599779,0.9727334721846618,0.3991680256959598,67.79249929414483,96.66666666666667,5421.126120602647,-4.731639788026599,0.6049225640233574,0.09973772211860064,-0.4732639788026599
R,0.25,1,0.38552951015362846,0.9167709941460108,0.8215528416426618,0.9167709941460108,0.38552951015362846,63.49931149129123,96.66666666666667,5438.960263839994,-4.329713333842567,0.6062861223800212,0.09182231588297803,-0.43307133338425674
R,0.25,1,0.4574915490479262,0.8356095975923186,0.909882497785306,0.8356095975923186,0.4574915490479262,76.39297170335783,96.66666666666667,6676.907662910725,0.010104461685119883,0.6253183805723055,8.255788996352803e-19,0.0009104461685119882
R,0.25,1,0.5086752417506368,0.9479877959501882,0.8109044585091193,0.9479877959501882,0.5086752417506368,71.66216267738427,96.66666666666667,6672.160359229881,0.13154044006515925,0.6254489085397619,8.255788996352803e-19,0.013054044006515924
R,0.25,1,0.3576405492015684,0.7777512367211382,0.6558198986662014,0.7777512367211382,0.3576405492015684,79.35170375897562,96.66666666666667,5805.774290300689,-3.5723146047543026,0.6107947402458926,0.06004730745672868,-0.35733146047543024
R,0.25,1,0.32801875513149664,0.9738834820097443,0.5463764548254502,0.9738834820097443,0.32801875513149664,72.80725012432767,96.66666666666667,5733.900271061203,-3.5571521723640878,0.6104306716762997,0.06278944140175528,-0.35581521723640874
R,0.25,1,0.7536629949280832,0.1569983449375768,0.748281653372291,0.1569983449375768,0.7536629949280832,78.10195076244348,96.66666666666667,5017.277777575491,-7.447675197380175,0.5946538187989759,0.17559993738694765,-0.7448675197380175
R,0.25,1,0.34439428635661495,0.9934685009968928,0.9830421466021431,0.9934685009968928,0.34439428635661495,83.44035641412427,96.66666666666667,7632.222067563236,3.627354527404459,0.6328559771788947,8.255788996352803e-19,0.3303127838138611
R,0.25,1,0.35594035471791075,0.287824154948098,0.9504545332105111,0.287824154948098,0.35594035471791075,62.87912565902016,96.66666666666667,3518.061225578551,-12.396174725051756,0.5704347966811033,0.3478235502299098,-1.2397174725051756
R,0.25,1,0.5429550007501062,0.8604485655108838,0.9621695764949034,0.8604485655108838,0.5429550007501062,70.10886785688758,96.66666666666667,6605.967251203794,-0.06321606264224766,0.6249636100483585,0.00015308205842952708,-0.006421606264224766
R,0.25,1,0.5199948765154914,0.9980071443439978,0.8813411794944823,0.9980071443439978,0.5199948765154914,60.19009832841837,96.66666666666667,5894.634851279951,-2.4283985245692787,0.6150089582994913,0.03818595643967995,-0.24293985245692787
R,0.25,1,0.15779509916623957,0.831477759864508,0.849522998622756,0.831477759864508,0.15779509916623957,79.24760140977168,96.66666666666667,5602.941560480952,-4.041796721963284,0.6080447241670655,0.07735042071818513,-0.4042796721963285
R,0.25,1,0.671755208798569,0.9445486959125183,0.950400710108171,0.9445486959125183,0.671755208798569,61.795048367567986,96.66666666666667,6462.230344658166,-0.35623658252115087,0.623874427153165,0.002138804118675228,-0.035723658252115084
R,0.25,1,0.578137626695715,0.8146198721906834,0.9016625950618564,0.8146198721906834,0.578137626695715,60.89954366168586,96.66666666666667,5613.685820080594,-3.6991576620994997,0.6093523492377549,0.07060602212388221,-0.37001576620994997
R,0.25,1,0.7126208697555012,0.6923377412176529,0.7911965670182547,0.6923377412176529,0.7126208697555012,76.72423801198086,96.66666666666667,6907.317786318584,0.5432613242249215,0.6268709449548416,8.255788996352803e-19,0.05422613242249215
R,0.25,1,0.18000083304265063,0.11557627210192944,0.9885985756851413,0.11557627210192944,0.18000083304265063,74.65253880585821,96.66666666666667,2948.3139039652287,-15.016175396537122,0.5561989626411921,0.3991227835230876,-1.5017175396537121
R,0.25,1,0.4489881671555216,0.8601023539558004,0.571023414133339,0.8601023539558004,0.4489881671555216,72.2077312661021,96.66666666666667,5757.130458430201,-3.600166409300093,0.6104677126730751,0.06241773912890218,-0.3601166409300093
R,0.25,1,0.6176846055301561,0.930408365550628,0.9871285850792194,0.930408365550628,0.6176846055301561,67.36457805280911,96.66666666666667,6876.769004612034,1.0854460520159868,0.6272899053271437,8.255788996352803e-19,0.10844460520159868
R,0.25,1,0.44531357451870324,0.9333929562647936,0.7254284592357831,0.9333929562647936,0.44531357451870324,77.20726258511044,96.66666666666667,6722.516495973635,0.12399681956797481,0.6256253021098617,8.255788996352803e-19,0.012299681956797481
R,0.25,1,0.4171042653220319,0.9766475342019292,0.04123548960020684,0.9766475342019292,0.4171042653220319,28.48233968182774,96.66666666666667,2014.227689853496,-18.006436165480977,0.5347811415834894,0.47519649482711784,-1.800743616548098
R,0.25,1,0.4757518643840347,0.7865679169840554,0.679350343158533,0.7865679169840554,0.4757518643840347,73.96081198938265,96.66666666666667,5924.242376143968,-3.0082222850970055,0.6133037417995515,0.04697625471944242,-0.3009222285097005
R,0.25,1,0.6790469199036173,0.9248498195343866,0.04597830949351567,0.9248498195343866,0.6790469199036173,63.61325409796689,96.66666666666667,5174.575288758666,-6.081056933537446,0.5994408435613392,0.1410277400560095,-0.6082056933537446
R,0.25,1,0.42120224251136923,0.9874311258124917,0.3827474294960548,0.9874311258124917,0.42120224251136923,61.47481921617845,96.66666666666667,4918.007308822468,-6.568695101001856,0.5961684365239185,0.17608972321096636,-0.6569695101001856
R,0.25,1,0.2794840259062302,0.9991893776985378,0.9501105039118668,0.9991893776985378,0.2794840259062302,77.73839991962137,96.66666666666667,6816.602978823885,0.7437297849046726,0.6266039723970005,8.255788996352803e-19,0.07427297849046725
R,0.25,1,0.22395370900301037,0.9509933178241302,0.9064337888813155,0.9509933178241302,0.22395370900301037,73.64995720834318,96.66666666666667,5995.710156477078,-2.296472798878915,0.6158849013721979,0.03379097285021095,-0.2297472798878915
R,0.25,1,0.3035286253996828,0.9974508485180735,0.8367852546986335,0.9974508485180735,0.3035286253996828,75.84256508158325,96.66666666666667,6520.079524490327,-0.4085168786722846,0.6239172017492318,0.0025193393997856505,-0.040951687867228456
R,0.25,1,0.028914817076114874,0.9512747227696225,0.3658494212622906,0.9512747227696225,0.028914817076114874,70.619650462307,96.66666666666667,4106.9360908202825,-9.810962983683288,0.581374135803561,0.28533959505346973,-0.9811962983683287
R,0.25,1,0.34336564009895637,0.836634404749442,0.65735489390591,0.836634404749442,0.34336564009895637,82.7550824092053,96.66666666666667,6242.536508146707,-1.9298268150545566,0.6184564394285796,0.02375888349790515,-0.19308268150545566
R,0.25,1,0.16010561912019095,0.4684005076818747,0.7785712096429771,0.4684005076818747,0.16010561912019095,82.29050725878817,96.66666666666667,4187.729893955133,-9.997028631681577,0.581566034678152,0.2795448361655843,-0.9998028631681576
R,0.25,1,0.14270430358295888,0.9124692805657477,0.5403701120490251,0.9124692805657477,0.14270430358295888,82.0500860264157,96.66666666666667,5437.289522103299,-4.888616193121486,0.6044103125051243,0.1014702824269662,-0.4889616193121486
R,0.25,1,0.1758282605377376,0.08784980339479798,0.20219406450769106,0.08784980339479798,0.1758282605377376,126.90662608718483,96.66666666666667,2314.618836882097,-19.607120792086395,0.538594516187435,0.45276223124957277,-1.9608120792086396
R,0.25,1,0.5364404983212184,0.9574373969379572,0.5792107161559595,0.9574373969379572,0.5364404983212184,66.38429720674205,96.66666666666667,5919.764117639047,-2.7537261631456964,0.6141126810214109,0.043005470830128824,-0.27547261631456965
R,0.25,1,0.41165278215967166,0.19684626532692362,0.9879878120024794,0.19684626532692362,0.41165278215967166,64.62545967147346,96.66666666666667,3562.455695185587,-12.369555882327978,0.5709871566486823,0.344322005185644,-1.2370555882327978
R,0.25,1,0.1825407543372527,0.4066834811257731,0.9715891032200169,0.4066834811257731,0.1825407543372527,76.67251668584554,96.66666666666667,4121.219794472733,-10.046616110751158,0.5809000096696477,0.2857065971545432,-1.0047616110751156
R,0.25,1,0.6501001040305996,0.9363253122599128,0.4534867346422291,0.9363253122599128,0.6501001040305996,76.45150516284329,96.66666666666667,6930.974131069529,0.6510662503120573,0.6270786329037976,8.255788996352803e-19,0.06500662503120573
R,0.25,1,0.42249026769642245,0.988616487626635,0.730488429134609,0.988616487626635,0.42249026769642245,76.35110512701509,96.66666666666667,6781.317982228713,0.43124460778252466,0.6261770439707762,8.255788996352803e-19,0.04302446077825246
R,0.25,1,0.1970692129447137,0.9091031648829481,0.8511229908509124,0.9091031648829481,0.1970692129447137,83.1542492510666,96.66666666666667,6368.509014139572,-1.1814944281757571,0.621257578994029,0.011999361679383671,-0.1182494428175757
R,0.25,1,0.4747476616635584,0.9951666093554933,0.9822985512183288,0.9951666093554933,0.4747476616635584,72.80725012432767,96.66666666666667,7138.982207453082,2.0224640679090866,0.6292829800084501,8.255788996352803e-19,0.20214640679090867
R,0.25,1,0.4809022582651691,0.9167709941460108,0.6597060083989892,0.9167709941460108,0.4809022582651691,70.02660664907637,96.66666666666667,6048.640082381355,-2.3170496433255026,0.6162016119244952,0.03295080408406523,-0.23180496433255024
R,0.25,1,0.5568973480479036,0.9388261961079404,0.8966860651803741,0.9388261961079404,0.5568973480479036,75.60165644033857,96.66666666666667,7348.732671614926,2.5973601753189692,0.630725643001637,8.255788996352803e-19,0.2596360175318969
R,0.25,1,0.3866916247309548,0.6517294136501376,0.589984184980926,0.6517294136501376,0.3866916247309548,64.83792807548645,96.66666666666667,4322.787233717955,-9.160127253234293,0.5847890872844176,0.26166234128290106,-0.9161127253234292
R,0.25,1,0.1607433393364116,0.6138810520416571,0.8290719499344777,0.6138810520416571,0.1607433393364116,82.82714571227412,96.66666666666667,4924.737946927204,-6.951103636843718,0.5949105904168382,0.18107549074969465,-0.6952103636843718
R,0.25,1,0.1334422362481803,0.8022125242372012,0.6291890131686166,0.8022125242372012,0.1334422362481803,117.05450223151037,96.66666666666667,7317.365281107661,1.3371722343366308,0.6290367737886873,8.255788996352803e-19,0.13361722343366308
R,0.25,1,0.34507512337361035,0.7398126725686129,0.9708637795043866,0.7398126725686129,0.34507512337361035,61.32092007748692,96.66666666666667,4814.6723971285855,-6.732563235169406,0.5949407641098159,0.18923683052022894,-0.6733563235169406
R,0.25,1,0.5892643220968692,0.8930752879767606,0.629618677119448,0.8930752879767606,0.5892643220968692,67.94644587416914,96.66666666666667,6105.494188306808,-2.130789359634298,0.6171459206649536,0.028933300529265713,-0.2131789359634298
R,0.25,1,0.24727481943332708,0.6348956770397924,0.12683130053109903,0.6348956770397924,0.24727481943332708,75.74118053702443,96.66666666666667,3580.9905526721404,-12.761109914129202,0.570397920228121,0.34432566902911144,-1.27621099141292
R,0.25,1,0.28279763905303107,0.9934685009968928,0.9898188666212623,0.9934685009968928,0.28279763905303107,72.8092464839467,96.66666666666667,6447.897944357713,-0.49629576111984386,0.6234150020649402,0.0034807592153090795,-0.049729576111984385
R,0.25,1,0.4149068914279865,0.9898701351956799,0.8682431984302929,0.9898701351956799,0.4149068914279865,58.57077415730516,96.66666666666667,5385.2858056091945,-4.324963725195681,0.6060214015186592,0.0953302077729373,-0.4325963725195681
R,0.25,1,0.3293477372253843,0.98605561364422,0.9508903140960082,0.98605561364422,0.3293477372253843,73.8535727423145,96.66666666666667,6613.028027497923,0.04803126392951368,0.62507731071214,8.255788996352803e-19,0.004703126392951368
R,0.25,1,0.10770238951879696,0.6533902222129488,0.931447551413234,0.6533902222129488,0.10770238951879696,77.57118469652153,96.66666666666667,4758.280028935028,-7.322290559991682,0.592699714564334,0.20261590979991312,-0.7323290559991682
R,0.25,1,0.4161973943321921,0.37694333183034845,0.9042314477038766,0.37694333183034845,0.4161973943321921,64.57654361540379,96.66666666666667,4020.717872836145,-10.39894466611097,0.5793488289883895,0.2968377776745289,-1.039994466611097
R,0.25,1,0.44531357451870324,0.24667319147979305,0.9158369093009203,0.24667319147979305,0.44531357451870324,77.54070246516169,96.66666666666667,4458.222928873842,-9.153889297390243,0.585876000412883,0.24899335943766904,-0.9154889297390243
R,0.25,1,0.08306700317847115,0.890079792583912,0.43021902335336903,0.890079792583912,0.08306700317847115,76.72423801198086,96.66666666666667,4558.402987559626,-8.228277687236307,0.5888518854092524,0.23159784504670053,-0.8229277687236307
R,0.25,1,0.1296776677603736,0.9278929868835676,0.9653273677304106,0.9278929868835676,0.1296776677603736,76.345760573593,96.66666666666667,5879.5181017522855,-2.7394571606675204,0.6137897388785034,0.04407660284352986,-0.27404571606675204
R,0.25,1,0.7285567269407329,0.721416986600034,0.8595983587328208,0.721416986600034,0.7285567269407329,71.8041194960579,96.66666666666667,6748.771871387869,0.1586741773452114,0.6258365819425631,8.255788996352803e-19,0.015767417734521137
R,0.25,1,0.34689233546832654,0.97587543083573,0.3223597992477092,0.97587543083573,0.34689233546832654,71.87615884011045,96.66666666666667,5333.022907332285,-5.254534315261095,0.6027580925184852,0.11486768150578448,-0.5255534315261096
R,0.25,1,0.46308820387579686,0.9856533390547083,0.964748010706031,0.9856533390547083,0.46308820387579686,63.87406131753583,96.66666666666667,6167.409647115421,-1.4193389916688233,0.6196583893338607,0.017124724826865875,-0.1420338991668823
R,0.25,1,0.21235100120947836,0.7850679244655294,0.27819399559281643,0.7850679244655294,0.21235100120947836,62.08873973744927,96.66666666666667,3528.2420689941778,-12.285382111140999,0.5708164439162688,0.34649023236032156,-1.2286382111140999
R,0.25,1,0.6612783195217462,0.7327639525758466,0.8167077715865256,0.7327639525758466,0.6612783195217462,71.38552179982905,96.66666666666667,6433.24951105229,-1.0214748568174792,0.6221530347506994,0.009465630153875484,-0.10224748568174791
R,0.25,1,0.5955232513485607,0.5360303982411545,0.6295142997914832,0.5360303982411545,0.5955232513485607,64.83792807548645,96.66666666666667,4688.789779591867,-7.920355724917098,0.5908243909115484,0.21554696864545705,-0.7921355724917098
R,0.25,1,0.2031616208033823,0.7565612272584635,0.9533969333401259,0.7565612272584635,0.2031616208033823,117.14235242232019,96.66666666666667,8413.288593862886,5.513758655015061,0.6376378311016899,8.255788996352803e-19,0.3307411766652287
R,0.25,1,0.14592365602740698,0.8374884132436377,0.6957981259299513,0.8374884132436377,0.14592365602740698,85.47884837857025,96.66666666666667,5689.947120855273,-3.9594215401144313,0.6088021087129586,0.07151892933414382,-0.3960421540114431
R,0.25,1,0.008542219978736054,0.6662959464469047,0.15524855001713,0.6662959464469047,0.008542219978736054,81.18826519732096,96.66666666666667,3054.5560123091946,-14.72895276887476,0.5585316830463919,0.3902629273217169,-1.4729952768874761
R,0.25,1,0.09914016221508964,0.24088083602279176,0.6293348178377205,0.24088083602279176,0.09914016221508964,70.01284380831675,96.66666666666667,2291.8298596690315,-17.801813603011887,0.5403250544872256,0.45301682524654413,-1.7802813603011889
R,0.25,1,0.5116762319694381,0.9477501161189036,0.6301965328397157,0.9477501161189036,0.5116762319694381,64.36675890121822,96.66666666666667,5711.019901316324,-3.4630213187590444,0.6106571768546589,0.06208284276660796,-0.3464021318759044
R,0.25,1,0.5995686368846681,0.8158668618774267,0.5189475533678426,0.8158668618774267,0.5995686368846681,22.739446413229047,96.66666666666667,1904.3254858012488,-18.27726656655389,0.532268350753195,0.4836326315860266,-1.8278266566553891
R,0.25,1,0.304299274971812,0.3135858342429896,0.8496056427696398,0.3135858342429896,0.304299274971812,73.12513477946715,96.66666666666667,3812.33477290105,-11.489428252083629,0.5750770279967298,0.3200387269624214,-1.1490428252083629
R,0.25,1,0.4337856555215117,0.8146418107070164,0.9290900974850387,0.8146418107070164,0.4337856555215117,74.58798540837125,96.66666666666667,6388.358447580075,-1.0272365070390552,0.6218519790697236,0.009843000924740384,-0.1028236507039055
R,0.25,1,0.4938048200710426,0.6936968513598458,0.6189870562620106,0.6936968513598458,0.4938048200710426,77.54271521473557,96.66666666666667,5804.0536218727075,-3.716647668358481,0.6103993631405881,0.06219962015794238,-0.3717647668358481
R,0.25,1,0.46709485158828096,0.8132170566178293,0.8595642901087878,0.8132170566178293,0.46709485158828096,65.64210298181379,96.66666666666667,5612.708497635669,-3.818035654398848,0.6089323205072376,0.07278304467994906,-0.3819035654398848
R,0.25,1,0.6501001040305996,0.02526102591089341,0.8825643650366803,0.02526102591089341,0.6501001040305996,72.2501121212055,96.66666666666667,4033.880226230863,-11.162671323217623,0.57792472711568,0.3000701232254202,-1.1163671323217623
R,0.25,1,0.10993886493029881,0.6275102509206484,0.9881699508786337,0.6275102509206484,0.10993886493029881,71.26596437321517,96.66666666666667,4388.323233714594,-8.600063089658287,0.5865889615868312,0.25094060558530623,-0.8601063089658286
R,0.25,1,0.5993338128607493,0.9871580088748566,0.6597060083989892,0.9871580088748566,0.5993338128607493,72.63578112011541,96.66666666666667,6959.760166364381,1.08576319247833,0.6276228148866679,8.255788996352803e-19,0.108476319247833
R,0.25,1,0.41246573039432305,0.8379018843148164,0.09915338038884192,0.8379018843148164,0.41246573039432305,76.39297170335783,96.66666666666667,4965.3304250219435,-7.179169414281239,0.5948076329740057,0.17875119625955832,-0.7180169414281239
R,0.25,1,0.7010974071428969,0.22080566369378496,0.8966860651803741,0.22080566369378496,0.7010974071428969,77.76084851484424,96.66666666666667,5327.574983831618,-5.9644606704279575,0.6007637726847193,0.12512820276803283,-0.5965460670427958
R,0.25,1,0.5473875389838934,0.9628680109807478,0.9356867114772429,0.9628680109807478,0.5473875389838934,72.80725012432767,96.66666666666667,7200.997089909815,2.1713205501221817,0.6296988497841586,8.255788996352803e-19,0.21703205501221817
R,0.25,1,0.7890009362918211,0.440093781007427,0.2695379590106918,0.440093781007427,0.7890009362918211,22.532227099236458,96.66666666666667,1536.5443274402642,-20.671467885062786,0.5221733438378765,0.5160408815613445,-2.067246788506279
R,0.25,1,0.05453111399351829,0.9451023150194623,0.9235469518185369,0.9451023150194623,0.05453111399351829,76.21609623614842,96.66666666666667,5569.136465286296,-3.894049428903686,0.6083152272039345,0.07670615195116184,-0.38950494289036863
R,0.25,1,0.8924247626461181,0.9608729938969091,0.8018000747916685,0.9608729938969091,0.8924247626461181,80.04207299026164,96.66666666666667,9021.533217847056,8.5247222840581,0.6435033320001091,8.255788996352803e-19,0.33077131771941065
R,0.25,1,0.5882823303544273,0.9385372204690111,0.9304495686758535,0.9385372204690111,0.5882823303544273,78.10195076244348,96.66666666666667,7779.127429068871,4.1442708950324665,0.6340406336171747,8.255788996352803e-19,0.33033489341717
R,0.25,1,0.4868092038673941,0.9550912325484648,0.44130997038414277,0.9550912325484648,0.4868092038673941,63.83921646341445,96.66666666666667,5306.811772122597,-5.134138325312791,0.6030083559252739,0.11499505654912434,-0.5135138325312791
R,0.25,1,0.5150263573921816,0.9898701351956799,0.9302255201700453,0.9898701351956799,0.5150263573921816,71.87329144957063,96.66666666666667,7079.552458785452,1.7725467135834052,0.628794602056883,8.255788996352803e-19,0.17715467135834054
R,0.25,1,0.44162095061755474,0.8928165981363534,0.2781642800051376,0.8928165981363534,0.44162095061755474,79.56680990470618,96.66666666666667,5862.16304830642,-3.5922241568604285,0.6111491814905454,0.05793816714565714,-0.35932241568604284
R,0.25,1,0.4083023523010556,0.962714864082733,0.9622045050787015,0.962714864082733,0.4083023523010556,78.13365576850997,96.66666666666667,7235.643251349804,2.2262172528633313,0.6298509523903544,8.255788996352803e-19,0.22252172528633313
R,0.25,1,0.5230501858813625,0.9734031005364707,0.760616224965933,0.9734031005364707,0.5230501858813625,74.16356681213054,96.66666666666667,6959.365969890351,1.1277731194425615,0.627641488356177,8.255788996352803e-19,0.11267731194425616
R,0.25,1,0.4868092038673941,0.9550912325484648,0.7092285794132364,0.9550912325484648,0.4868092038673941,63.83921646341445,96.66666666666667,5734.404624032228,-3.2856096698933572,0.6113494453321926,0.0581174430444655,-0.3286609669893357
R,0.25,1,0.3293477372253843,0.05746256591171417,0.9508903140960082,0.05746256591171417,0.3293477372253843,68.76918065320467,96.66666666666667,2964.8300755340724,-15.068758049452798,0.5565166931891641,0.3987308236543167,-1.5069758049452797
R,0.25,1,0.49016237413425134,0.9625976494753671,0.4113090878703527,0.9625976494753671,0.49016237413425134,67.63652347243048,96.66666666666667,5608.469791238208,-4.087855932164302,0.60808879545592,0.07738128576898363,-0.40888559321643025
R,0.25,1,0.15818953337448738,0.7070803539070074,0.7254284592357831,0.7070803539070074,0.15818953337448738,74.68706837111357,96.66666666666667,4585.726684875299,-8.066876241375923,0.5894804065305682,0.22743849365943383,-0.8067876241375922
R,0.25,1,0.6176846055301561,0.9278929868835676,0.33557050872812677,0.9278929868835676,0.6176846055301561,66.52470107212687,96.66666666666667,5699.047560499031,-3.8554749649657953,0.6094050084796971,0.06891331735942019,-0.38564749649657953
R,0.25,1,0.5697060520678031,0.6811695190913989,0.6325582384982668,0.6811695190913989,0.5697060520678031,61.22996347413468,96.66666666666667,4797.8412226010605,-7.216065459937028,0.5934959853536796,0.19686523445311194,-0.7217065459937029
R,0.25,1,0.2821484707568438,0.5502686089691661,0.9720404930623284,0.5502686089691661,0.2821484707568438,69.80264614072968,96.66666666666667,4601.520707172964,-7.922131161081105,0.5900118479667069,0.22446506241599234,-0.7923131161081105
R,0.25,1,0.4686285789834476,0.5977011327510718,0.758753189505347,0.5977011327510718,0.4686285789834476,65.95419304830371,96.66666666666667,4767.519641460322,-7.399112338810258,0.592720698113968,0.20220853835074842,-0.7400112338810259
R,0.25,1,0.5130256888290534,0.9856533390547083,0.9325809744435325,0.9856533390547083,0.5130256888290534,74.13306135911004,96.66666666666667,7283.460281604941,2.4732662195863533,0.6303335555713403,8.255788996352803e-19,0.24722662195863535
R,0.25,1,0.4568708776557079,0.9861478986580697,0.8474877435491914,0.9861478986580697,0.4568708776557079,74.87492674734492,96.66666666666667,6988.6858265148285,1.3139648795214374,0.627934909588715,8.255788996352803e-19,0.13129648795214374
R,0.25,1,0.3908596998448739,0.9924258743182666,0.8982188131992038,0.9924258743182666,0.3908596998448739,72.09436963977032,96.66666666666667,6605.268053458449,0.010838331276664599,0.6250249466961749,8.255788996352803e-19,0.00098383312766646
R,0.25,1,0.5955232513485607,0.9480439926275062,0.7379268157653037,0.9480439926275062,0.5955232513485607,64.94771399064082,96.66666666666667,6210.724688762695,-1.5173795028073003,0.619626168083042,0.018117024615396434,-0.15183795028073002
R,0.25,1,0.6530800756526345,0.9100832434228512,0.9096523265416862,0.9100832434228512,0.6530800756526345,62.3933390982816,96.66666666666667,6295.455103440012,-1.0588560433213758,0.6213889254143274,0.01083409633055511,-0.10598560433213758
R,0.25,1,0.7870188235351232,0.8590430999142528,0.27580593876377035,0.8590430999142528,0.7870188235351232,68.08430708877185,96.66666666666667,6073.000679955577,-2.6485681769316365,0.6154538111260484,0.03726753588832363,-0.26495681769316365
R,0.25,1,0.5288525920105067,0.8374884132436377,0.7378404886313091,0.8374884132436377,0.5288525920105067,75.84256508158325,96.66666666666667,6580.333212702348,-0.4910886414522118,0.6240565395826595,0.0031426657657804375,-0.04920886414522118
R,0.25,1,0.42524976271297227,0.9953349691025984,0.4587970637943438,0.9953349691025984,0.42524976271297227,67.10695407918956,96.66666666666667,5536.267555470117,-4.2555544987732885,0.6071110387932201,0.08432276032352261,-0.4256554498773289
R,0.25,1,0.23355605655734468,0.9241873884438637,0.32539090981171614,0.9241873884438637,0.23355605655734468,63.53463068745875,96.66666666666667,4194.679892547489,-9.480991068760455,0.5829614827837372,0.27554561042589526,-0.9481991068760454
R,0.25,1,0.1274627699873747,0.9722548638155599,0.6189870562620106,0.9722548638155599,0.1274627699873747,79.89008839425777,96.66666666666667,5629.1002146538585,-3.9809173710854813,0.608396595340978,0.07492474096405238,-0.3981917371085481
R,0.25,1,0.3668614140398361,0.4927022700931868,0.9930545000315333,0.4927022700931868,0.3668614140398361,126.90662608718483,96.66666666666667,8604.84625601208,5.672058336624097,0.6385113717014617,8.255788996352803e-19,0.3308422181523422
R,0.25,1,0.3074480968315952,0.967920040668338,0.8347658985126808,0.967920040668338,0.3074480968315952,74.58798540837125,96.66666666666667,6312.944667949076,-1.1874411595659247,0.6210208879786819,0.012488556783011598,-0.11884411595659246
R,0.25,1,0.49329752349754175,0.979571380490075,0.9532354644235495,0.979571380490075,0.49329752349754175,75.1366222414707,96.66666666666667,7323.892047445455,2.6124826749266497,0.6306326692090489,8.255788996352803e-19,0.26114826749266495
R,0.25,1,0.11736629323149494,0.8831897434869546,0.8825643650366803,0.8831897434869546,0.11736629323149494,74.74889854010559,96.66666666666667,5388.790938048865,-4.663014813762334,0.6048261597960045,0.10139181845398554,-0.4664014813762335
R,0.25,1,0.4978479768885059,0.9574905019626817,0.8441386960098911,0.9574905019626817,0.4978479768885059,70.92743187754175,96.66666666666667,6657.9857872851035,0.13323082050888546,0.6253909198020576,8.255788996352803e-19,0.013223082050888546
R,0.25,1,0.41685961870105165,0.4845137180068584,0.09909905600926261,0.4845137180068584,0.41685961870105165,62.26746337870765,96.66666666666667,2960.5777327231967,-15.34912614911971,0.5562282518479821,0.40069018515678995,-1.535012614911971
R,0.25,1,0.32801875513149664,0.6542061519034367,0.9822985512183288,0.6542061519034367,0.32801875513149664,67.31946651431444,96.66666666666667,4959.338197578238,-6.382932191288022,0.5969014013627085,0.1694199391975825,-0.6383932191288022
R,0.25,1,0.5514167622080244,0.9780979057918046,0.7545934205136738,0.9780979057918046,0.5514167622080244,73.45132519745809,96.66666666666667,7002.891131727182,1.3004990232154117,0.6280033290864592,8.255788996352803e-19,0.1299499023215412
R,0.25,1,0.19304745060527018,0.9793890080626755,0.8966860651803741,0.9793890080626755,0.19304745060527018,84.63170869382074,96.66666666666667,6858.466888053863,0.7137289243583022,0.6267015009241389,8.255788996352803e-19,0.07127289243583021
R,0.25,1,0.49422162023313243,0.788043619721476,0.7847780570798872,0.788043619721476,0.49422162023313243,71.05287092942116,96.66666666666667,5949.449679537381,-2.7603747483108076,0.6142305217937215,0.042341626768014014,-0.27613747483108075
R,0.25,1,0.006037445419560805,0.5747462871640382,0.971786940657662,0.5747462871640382,0.006037445419560805,72.53214627403548,96.66666666666667,3868.41934544117,-10.657988629151685,0.5773371475580806,0.31053133564506713,-1.0658988629151684
R,0.25,1,0.658180472271667,0.5819266859288938,0.8075099962959089,0.5819266859288938,0.658180472271667,76.73658170872051,96.66666666666667,6307.218133925566,-1.8111870676990445,0.619291388710892,0.021082220852927394,-0.18121870676990443
R,0.25,1,0.43064276116092476,0.9934685009968928,0.08779467925067463,0.9934685009968928,0.43064276116092476,62.76484428254404,96.66666666666667,4606.966564817745,-8.060783712102769,0.5898368431684813,0.22509434599044603,-0.8061783712102768
R,0.25,1,0.34598514589478346,0.07301935825560513,0.8596485251738047,0.07301935825560513,0.34598514589478346,80.12020071517709,96.66666666666667,3400.416558190399,-13.641657899426763,0.5663866581440128,0.36152480779166063,-1.3642657899426762
R,0.25,1,0.8182187666211433,0.6686910356894318,0.8446072976818229,0.6686910356894318,0.8182187666211433,75.51419949038485,96.66666666666667,7208.636270998974,1.6916181178369118,0.6292868473796723,8.255788996352803e-19,0.1690618117836912
R,0.25,1,0.3526463008674168,0.9240236474695771,0.8733176731778454,0.9240236474695771,0.3526463008674168,76.06751541035618,96.66666666666667,6516.433187517949,-0.4881511615446753,0.6237375600225841,0.0032555242414541398,-0.04891511615446753
R,0.25,1,0.04922524993835564,0.8124441442646576,0.2101272100721977,0.8124441442646576,0.04922524993835564,69.36125219354584,96.66666666666667,3352.6905682023503,-13.07850598135728,0.5663673825714232,0.3627825627880859,-1.307950598135728
R,0.25,1,0.7957151352800751,0.7321871319823623,0.2531539190405736,0.7321871319823623,0.7957151352800751,68.6542784159457,96.66666666666667,5679.353873446986,-4.354945946587314,0.6078660242518372,0.07721576810864024,-0.43559459465873146
R,0.25,1,0.4132580242632421,0.6923377412176529,0.7911965670182547,0.6923377412176529,0.4132580242632421,76.94924007304321,96.66666666666667,5775.78706359785,-3.6324973108114493,0.6104403130360387,0.06221555488892986,-0.36334973108114493
R,0.25,1,0.3195967220268897,0.8689130735256876,0.8573033575324985,0.8689130735256876,0.3195967220268897,77.80850866968474,96.66666666666667,6291.446129740829,-1.4291068286589528,0.6202110766271309,0.01603643749607775,-0.14301068286589527
R,0.25,1,0.6000951819837939,0.9683042070703348,0.9809543412966524,0.9683042070703348,0.6000951819837939,64.95172889490273,96.66666666666667,6686.379606693193,0.4680867953633675,0.6258795699717,8.255788996352803e-19,0.04670867953633675
R,0.25,1,0.3055738264471553,0.48709289311699067,0.7254284592357831,0.48709289311699067,0.3055738264471553,67.3662160809322,96.66666666666667,3891.682133919485,-10.94964451957441,0.5769736512149465,0.31076830648125114,-1.0950644519574408
R,0.25,1,0.5923844596800305,0.8030812779342308,0.8698143831705341,0.8030812779342308,0.5923844596800305,62.260340671350434,96.66666666666667,5697.9821063790105,-3.4499587482481058,0.6106330413600293,0.06240837242198738,-0.3450958748248106
R,0.25,1,0.42120224251136923,0.9874311258124917,0.8629785713954152,0.9874311258124917,0.42120224251136923,72.00963368293016,96.66666666666667,6625.327912387719,0.04913506601210719,0.6251532953861505,8.255788996352803e-19,0.004813506601210719
R,0.25,1,0.6176846055301561,0.7931714620551387,0.9188844546999871,0.7931714620551387,0.6176846055301561,84.0033121610989,96.66666666666667,7855.562575191001,4.117188106919133,0.6342916066469835,8.255788996352803e-19,0.33038600992364037
R,0.25,1,0.3896193940847778,0.9897619846817919,0.17888386743619855,0.9897619846817919,0.3896193940847778,62.75790927232363,96.66666666666667,4609.014009099335,-7.960276862685999,0.5900921576105448,0.22394786893361882,-0.7961276862686
R,0.25,1,0.22839037758959035,0.7441923182776001,0.8188010724098265,0.7441923182776001,0.22839037758959035,66.87916069845662,96.66666666666667,4621.293933016134,-7.674583055202649,0.5908392256052285,0.2199553719545102,-0.7675583055202649
R,0.25,1,0.333469584347736,0.20847749117458292,0.8629514145264447,0.20847749117458292,0.333469584347736,68.68557117238868,96.66666666666667,3343.004991392047,-13.412572110140294,0.5657327498173595,0.36521741652528894,-1.3413572110140293
R,0.25,1,0.471331565493251,0.9854230452035811,0.7956465816726339,0.9854230452035811,0.471331565493251,71.30136403320563,96.66666666666667,6611.6967042576825,-0.04979055873315578,0.6249967276926174,0.00010691305490118593,-0.005079055873315578
R,0.25,1,0.2906722907546453,0.9512747227696225,0.9457811598160576,0.9512747227696225,0.2906722907546453,68.8435202970439,96.66666666666667,5902.772833479512,-2.5322908714284504,0.6146469854821475,0.039854791121163656,-0.253329087142845
R,0.25,1,0.3817110100667964,0.20032275268833621,0.8293540744677294,0.20032275268833621,0.3817110100667964,74.0324748771344,96.66666666666667,3689.4483629976994,-12.221422404362128,0.5724707321068824,0.3335069787307422,-1.2222422404362128
R,0.25,1,0.3637559753343437,0.8510061338390933,0.051583865287111674,0.8510061338390933,0.3637559753343437,71.00429273811967,96.66666666666667,4404.233117131565,-9.239864960730598,0.585301371396816,0.254654272869767,-0.9240864960730597
R,0.25,1,0.32003861345367496,0.3327311921924695,0.9572680029788726,0.3327311921924695,0.32003861345367496,72.23563356251647,96.66666666666667,4086.383541174093,-10.268878975564919,0.580152849435474,0.29026607432992885,-1.026987897556492
R,0.25,1,0.41592721686650647,0.9694514892397631,0.8777794945143138,0.9694514892397631,0.41592721686650647,71.99480940139019,96.66666666666667,6566.892979843438,-0.17431557765877667,0.6245988865070786,0.0007065229235989751,-0.017531557765877667
R,0.25,1,0.823043713593061,0.9133681572474601,0.3319085292103656,0.9133681572474601,0.823043713593061,57.6930472673157,96.66666666666667,5487.664968600485,-4.511770686452052,0.6061497785772815,0.09113166175479116,-0.4512770686452052
R,0.25,1,0.5195534591324762,0.9112331839867125,0.8844066119128063,0.9112331839867125,0.5195534591324762,71.5990051123355,96.66666666666667,6705.210846960816,0.27154159100674036,0.6257270752638977,8.255788996352803e-19,0.027054159100674036
R,0.25,1,0.5621164087581805,0.9279034007848421,0.6189870562620106,0.9279034007848421,0.5621164087581805,72.6551221422558,96.66666666666667,6537.193067266246,-0.5812068676911079,0.6236888437546344,0.004096320353462453,-0.05822068676911078
R,0.25,1,0.5840794180703186,0.9997949132972886,0.8621041595262197,0.9997949132972886,0.5840794180703186,73.32550109953425,96.66666666666667,7387.274438742299,2.8248016072547126,0.6311307915640394,8.255788996352803e-19,0.2823801607254713
R,0.25,1,0.5657411315875295,0.8950204413016233,0.8595642901087878,0.8950204413016233,0.5657411315875295,70.69023956053042,96.66666666666667,6682.149416054258,0.16050705076351798,0.6255307484268624,8.255788996352803e-19,0.0159507050763518
R,0.25,1,0.7343415356446812,0.8806684012744074,0.8825643650366803,0.8806684012744074,0.7343415356446812,72.52927481853519,96.66666666666667,7457.068811893273,2.9670652868794605,0.6315832850479703,8.255788996352803e-19,0.29660652868794607
R,0.25,1,0.3169042982744898,0.6607889280571193,0.8441386960098911,0.6607889280571193,0.3169042982744898,68.13777823498197,96.66666666666667,4768.835593588581,-7.238266365568906,0.593113417412283,0.2003673918617164,-0.7239266365568906
R,0.25,1,0.3604197981073317,0.8356095975923186,0.9466347277140658,0.8356095975923186,0.3604197981073317,71.38362129570729,96.66666666666667,5958.200844770519,-2.5163700207279454,0.6150091757633468,0.03822245330318716,-0.25173700207279454
R,0.25,1,0.4001270728400574,0.2451793956312165,0.8966860651803741,0.2451793956312165,0.4001270728400574,69.05738735993583,96.66666666666667,3776.2288615400926,-11.639958570400724,0.574467725847294,0.32388318877717487,-1.1640958570400723
R,0.25,1,0.9208268634995757,0.975946888925597,0.9822985512183288,0.975946888925597,0.9208268634995757,70.68978596953885,96.66666666666667,8440.08838817402,6.775871277359236,0.6394745153850262,8.255788996352803e-19,0.3305324632016793
R,0.25,1,0.3625317181449555,0.9167709941460108,0.13967716034654043,0.9167709941460108,0.3625317181449555,70.3778701314753,96.66666666666667,4747.4845335029395,-7.716938751454878,0.5917486707680637,0.20762030238747853,-0.7717938751454878
R,0.25,1,0.4407507738086942,0.6925611919238336,0.44434835697571895,0.6925611919238336,0.4407507738086942,35.0704599410746,96.66666666666667,2376.876126078138,-16.52753265647077,0.5436785838088899,0.44578268397334125,-1.652853265647077
R,0.25,1,0.39916565899249695,0.9997544924720572,0.8659177932784211,0.9997544924720572,0.39916565899249695,72.53214627403548,96.66666666666667,6643.505953670157,0.12493331766083732,0.6253003389265865,8.255788996352803e-19,0.012393331766083732
R,0.25,1,0.8924247626461181,0.8110042924549483,0.9763680798632758,0.8110042924549483,0.8924247626461181,76.73658170872051,96.66666666666667,8408.844867043947,6.342112097277374,0.6388572540601425,8.255788996352803e-19,0.3305452220800675
R,0.25,1,0.1451101617232341,0.1344099065017007,0.9633938144938896,0.1344099065017007,0.1451101617232341,78.77434675743862,96.66666666666667,2998.218499173525,-14.866288413715173,0.5572895198303057,0.3948343747514159,-1.4867288413715172
R,0.25,1,0.5271740927443289,0.9753461902514765,0.8446072976818229,0.9753461902514765,0.5271740927443289,78.13365576850997,96.66666666666667,7519.676525255995,3.1739438025888203,0.6319936290431818,8.255788996352803e-19,0.317294380258882
R,0.25,1,0.49540060857414103,0.8053338204164139,0.9602633523918244,0.8053338204164139,0.49540060857414103,76.118275872044,96.66666666666667,6777.822874287802,0.3899615199794839,0.6261261286348825,8.255788996352803e-19,0.038896151997948394
R,0.25,1,0.12747689836814646,0.5216397608138879,0.041329067255888585,0.5216397608138879,0.12747689836814646,64.72268933642789,96.66666666666667,2167.5020032811176,-18.543629987262744,0.5371163446887818,0.4641865782244068,-1.8544629987262744
R,0.25,1,0.11285092899247007,0.34709075153631475,0.9882290225733817,0.34709075153631475,0.11285092899247007,79.56680990470618,96.66666666666667,3795.5603826294914,-11.388546370582322,0.5750554488429089,0.32049460849117184,-1.1389546370582322
R,0.25,1,0.4441555820490416,0.36297891405846183,0.9508903140960082,0.36297891405846183,0.4441555820490416,68.26866342886746,96.66666666666667,4377.999933099345,-9.0681250717186,0.5854327890980505,0.25587312946444724,-0.9069125071718599
R,0.25,1,0.18891063201873398,0.025136035690085823,0.054935782743008144,0.025136035690085823,0.18891063201873398,74.69241509765061,96.66666666666667,901.9652849476807,-25.452310809849955,0.5045682531659342,0.565052232544206,-2.5453310809849956
R,0.25,1,0.6000951819837939,0.9683042070703348,0.584912573522634,0.9683042070703348,0.6000951819837939,64.95172889490273,96.66666666666667,6043.289668405292,-2.249955072661076,0.6164250536820374,0.031960143468908006,-0.2250955072661076
R,0.25,1,0.7126208697555012,0.048000531955145975,0.8745012963455715,0.048000531955145975,0.7126208697555012,79.2658989790893,96.66666666666667,4747.52024479674,-8.532656533274341,0.5898675059085648,0.21510080662541642,-0.8533656533274341
R,0.25,1,0.2769808007905243,0.8808045865671333,0.7254284592357831,0.8808045865671333,0.2769808007905243,77.20726258511044,96.66666666666667,5869.680659419554,-3.0810166594342436,0.6126855756424235,0.04997360258018106,-0.30820166594342435
R,0.25,1,0.16822326816352273,0.6399444118761607,0.9615505827463796,0.6399444118761607,0.16822326816352273,74.08449586870543,96.66666666666667,4774.534512031695,-7.205703647196855,0.5931707023204552,0.19955358057472206,-0.7206703647196855
R,0.25,1,0.47120776287970023,0.9874311258124917,0.3544412765217353,0.9874311258124917,0.47120776287970023,32.40352478738906,96.66666666666667,2650.3807365155008,-15.072828606236792,0.5508560970407388,0.4220620687741441,-1.5073828606236792
R,0.25,1,0.2728218334089564,0.8066611674359211,0.6687989727697283,0.8066611674359211,0.2728218334089564,72.7376990211965,96.66666666666667,5142.127940372883,-5.87319861048021,0.5996102688957202,0.14228299453285004,-0.587419861048021
R,0.25,1,0.2538255251678965,0.22160133699850637,0.46139651331066267,0.22160133699850637,0.2538255251678965,68.7482129812665,96.66666666666667,2427.242003008935,-17.587871993167994,0.5432563254392552,0.4438496613661325,-1.7588871993167996
R,0.25,1,0.38065748995806825,0.08610340954242013,0.9091855419253897,0.08610340954242013,0.38065748995806825,73.76566091994852,96.66666666666667,3398.2131221368572,-13.458790323609817,0.5666525356318367,0.36120184446334375,-1.3459790323609817
R,0.25,1,0.004754038223882817,0.9856533390547083,0.6565985752889959,0.9856533390547083,0.004754038223882817,68.01017287003515,96.66666666666667,4484.27341231434,-8.009975966371515,0.5889010136133199,0.23647340413525586,-0.8010975966371514
R,0.25,1,0.3640580316608287,0.9611333954529198,0.17487590982073875,0.9611333954529198,0.3640580316608287,72.09436963977032,96.66666666666667,5092.131241582353,-6.338778590237268,0.5979911739532218,0.15406533784052495,-0.6339778590237268
R,0.25,1,0.5338857750422834,0.8306200323910746,0.9702516578164518,0.8306200323910746,0.5338857750422834,72.00209307910535,96.66666666666667,6658.867462096233,0.06728405219769099,0.6253262113284039,8.255788996352803e-19,0.006628405219769098
R,0.25,1,0.1844805199866134,0.5495478175809083,0.9255409135295026,0.5495478175809083,0.1844805199866134,77.70719365355913,96.66666666666667,4649.993783776202,-7.899068186196299,0.5903773434736654,0.2195558271579898,-0.79000681861963
R,0.25,1,0.23529794432233375,0.9233073012279263,0.025341723166541152,0.9233073012279263,0.23529794432233375,74.00927965217262,96.66666666666667,4334.265048137678,-9.451618930306871,0.584174524770184,0.26270160768189477,-0.9452618930306871
R,0.25,1,0.21633889319772093,0.7404241726475222,0.6871145879688337,0.7404241726475222,0.21633889319772093,111.37241519944187,96.66666666666667,7240.990950361829,1.1162829829694405,0.6285580599166086,8.255788996352803e-19,0.11152829829694406
R,0.25,1,0.4428144835791,0.9722557869682321,0.6189870562620106,0.9722557869682321,0.4428144835791,70.15867416262975,96.66666666666667,6049.655481207025,-2.2782889296077906,0.6163212447288374,0.03232604415596852,-0.22792889296077906
R,0.25,1,0.32954506864736977,0.3621400986114852,0.9924409919829307,0.3621400986114852,0.32954506864736977,70.9285853842385,96.66666666666667,4212.82341321354,-9.680776342096362,0.5825758516075048,0.27534830730261733,-0.9681776342096361
R,0.25,1,0.21196422336179044,0.503148790797185,0.6990612565353885,0.503148790797185,0.21196422336179044,71.5990051123355,96.66666666666667,3811.3712798461306,-11.312587437468016,0.5754351728765297,0.3191424218971943,-1.1313587437468016
R,0.25,1,0.28582075666373474,0.99079652850105,0.06838118288174089,0.99079652850105,0.28582075666373474,74.01408610653904,96.66666666666667,4850.912352411029,-7.34368329192713,0.5934693470151682,0.1929845044534921,-0.734468329192713
R,0.25,1,0.12886341751866442,0.09900780044441249,0.2765329130030325,0.09900780044441249,0.12886341751866442,77.97361417812192,96.66666666666667,1427.4538882388495,-22.473207135197505,0.5182147380986544,0.5222087753167526,-2.247420713519751
R,0.25,1,0.5077909452496591,0.8806684012744074,0.8825643650366803,0.8806684012744074,0.5077909452496591,67.61680979853023,96.66666666666667,6186.0642474866145,-1.6124397582558243,0.6191737520585456,0.01984387454075538,-0.1613439758255824
R,0.25,1,0.3095001854162191,0.42352387897082044,0.8595642901087878,0.42352387897082044,0.3095001854162191,70.69023956053042,96.66666666666667,4109.9524753943615,-10.117513167588415,0.5807077418060008,0.2872844467639218,-1.0118513167588414
R,0.25,1,0.3308463953358792,0.9952299180633802,0.8441386960098911,0.9952299180633802,0.3308463953358792,72.66756724599577,96.66666666666667,6351.674620294291,-0.9711273600602776,0.6218137401947245,0.009349160012482382,-0.09721273600602776
R,0.25,1,0.35252396910514927,0.9854664483090468,0.9997607217344714,0.9854664483090468,0.35252396910514927,63.137037598759804,96.66666666666667,5801.885821500836,-2.7329798884119563,0.6134801850644015,0.04610947659061451,-0.2733979888411956
R,0.25,1,0.32801875513149664,0.809211187876903,0.7483876241362789,0.809211187876903,0.32801875513149664,72.80725012432767,96.66666666666667,5502.130368985407,-4.452419755418556,0.606227828419264,0.08986439763849333,-0.4453419755418556
R,0.25,1,0.391863716952068,0.7326357292712917,0.909882497785306,0.7326357292712917,0.391863716952068,76.39297170335783,96.66666666666667,6032.908416456469,-2.496374575548456,0.6154928817586346,0.0361544193014418,-0.24973745755484558
R,0.25,1,0.1320614911347926,0.9167709941460108,0.8459032505371763,0.9167709941460108,0.1320614911347926,83.85743089189054,96.66666666666667,6171.001716908911,-1.9077422187335669,0.6180347525439265,0.02458088660773577,-0.19087422187335668
R,0.25,1,0.49422162023313243,0.788043619721476,0.9668912524511565,0.788043619721476,0.49422162023313243,78.10195076244348,96.66666666666667,6895.273156555818,0.7679479850136125,0.6269860946077397,8.255788996352803e-19,0.07669479850136125
R,0.25,1,0.41655984301544946,0.6138810520416571,0.6309730191698566,0.6138810520416571,0.41655984301544946,70.33586087013197,96.66666666666667,4733.348133709998,-7.71036106413553,0.5916264621643824,0.2090699732614852,-0.771136106413553
R,0.25,1,0.3324017593006086,0.2166588628592846,0.9786331667247463,0.2166588628592846,0.3324017593006086,69.56932052810949,96.66666666666667,3611.9598320030586,-12.220186289861472,0.5717233037765537,0.3395869532189864,-1.2221186289861472
R,0.25,1,0.14485548946049825,0.32352826435534976,0.7946780905427518,0.32352826435534976,0.14485548946049825,73.96268617588542,96.66666666666667,3201.5591852098723,-13.87908906278572,0.5624161172624093,0.3769272378109922,-1.3880089062785719
R,0.25,1,0.3269041876553396,0.8711214880724452,0.8137846356963545,0.8711214880724452,0.3269041876553396,71.929738557438,96.66666666666667,5772.066584202346,-3.2885424153764324,0.6114894785559555,0.05682426073388707,-0.32895424153764324
R,0.25,1,0.30015040189822195,0.03755779163106232,0.9760662988554709,0.03755779163106232,0.30015040189822195,78.13365576850997,96.66666666666667,3225.9094922215454,-14.183935350896714,0.5624430744451531,0.3764122174028286,-1.4184935350896715
R,0.25,1,0.9896361518288093,0.7187654192931642,0.8718572268623991,0.7187654192931642,0.9896361518288093,79.56680990470618,96.66666666666667,8530.87560836329,6.523309550813626,0.6395264614684492,8.255788996352803e-19,0.33059497832426776
R,0.25,1,0.22028287170280925,0.41944671362982444,0.5648356778588982,0.41944671362982444,0.22028287170280925,67.06040693276127,96.66666666666667,3091.9790761506456,-14.34783181108342,0.5598452101477462,0.3870699415064174,-1.434883181108342
R,0.25,1,0.4980808244906195,0.9431886977708676,0.9508903140960082,0.9431886977708676,0.4980808244906195,70.50260357118022,96.66666666666667,6756.668759720944,0.5758826807023143,0.6262472728508169,8.255788996352803e-19,0.05748826807023143
R,0.25,1,0.7126208697555012,0.5602230664247192,0.8788070501316566,0.5602230664247192,0.7126208697555012,76.72423801198086,96.66666666666667,6568.5440876025905,-0.8052875913754001,0.623337403383628,0.0062818006836229245,-0.08062875913754
R,0.25,1,0.4422670834552047,0.9746933709519605,0.8520409085350428,0.9746933709519605,0.4422670834552047,72.04282096192614,96.66666666666667,6638.67718199492,0.07198492019680862,0.6252355903991198,8.255788996352803e-19,0.007098492019680862
R,0.25,1,0.4105022346234565,0.9312622512006865,0.9553397744299285,0.9312622512006865,0.4105022346234565,77.20726258511044,96.66666666666667,7023.677369780306,1.4257880503662288,0.6281718617838126,8.255788996352803e-19,0.14247880503662289
R,0.25,1,0.6000951819837939,0.7225589593595823,0.9809543412966524,0.7225589593595823,0.6000951819837939,112.50937981209235,96.66666666666667,10199.713971503588,11.916598480814713,0.6512200010857323,8.255788996352803e-19,0.331304787837436
R,0.25,1,0.6751092282188946,0.9762544909605994,0.9294746109437138,0.9762544909605994,0.6751092282188946,61.26146966087085,96.66666666666667,6481.772936050822,-0.25462959740318236,0.6241623375657488,0.0012971858047387229,-0.025562959740318237
R,0.25,1,0.7285567269407329,0.7526586278372309,0.9177557342171052,0.7526586278372309,0.7285567269407329,65.30618339874609,96.66666666666667,6335.004187959251,-1.154629245381015,0.6213320651134804,0.011837096373857072,-0.11556292453810149
R,0.25,1,0.34499031709124894,0.4079188574570821,0.933636052033423,0.4079188574570821,0.34499031709124894,69.58391775109473,96.66666666666667,4243.669860144548,-9.537275933147765,0.5831829671044301,0.27160037990335095,-0.9538275933147764
R,0.25,1,0.26279691072614114,0.9856533390547083,0.14426588943691354,0.9856533390547083,0.26279691072614114,68.01017287003515,96.66666666666667,4490.654567358052,-8.52878443982476,0.5876759348769691,0.24074042384730746,-0.8529784439824759
R,0.25,1,0.13547316168807483,0.8086595193115748,0.8233172451486279,0.8086595193115748,0.13547316168807483,118.85362431239903,96.66666666666667,8057.035512049881,4.164861978513513,0.6348351141189338,8.255788996352803e-19,0.33062637601992984
R,0.25,1,0.333469584347736,0.9332411423897704,0.6349508841791365,0.9332411423897704,0.333469584347736,71.29637050587309,96.66666666666667,5647.3362021487355,-3.825537408360012,0.609075979550822,0.07123432584964023,-0.38265374083600123
R,0.25,1,0.418301068866585,0.8694152756959596,0.9603311981462394,0.8694152756959596,0.418301068866585,76.1337263908662,96.66666666666667,6729.77200940552,0.2973858715807075,0.6258195197991446,8.255788996352803e-19,0.029638587158070752
R,0.25,1,0.23055415274931856,0.9531929180253905,0.21191795481703135,0.9531929180253905,0.23055415274931856,73.6659588092208,96.66666666666667,4750.371631073418,-7.6131310268207955,0.5919757842740166,0.20638643832992284,-0.7614131026820796
R,0.25,1,0.21249541263539284,0.006167603461223248,0.36408954788368675,0.006167603461223248,0.21249541263539284,75.46021911230788,96.66666666666667,1511.8748818155407,-22.210385709222347,0.5202130075411435,0.5164519589687644,-2.2211385709222347
R,0.25,1,0.3254574612719584,0.9889496985440497,0.8367852546986335,0.9889496985440497,0.3254574612719584,73.68308741922199,96.66666666666667,6383.901909885595,-0.8835770528778695,0.6221926968566555,0.008070942059574234,-0.08845770528778694
R,0.25,1,0.5935649056931481,0.9067049079330791,0.9228939307597116,0.9067049079330791,0.5935649056931481,67.89481969042582,96.66666666666667,6659.520349715046,0.1958513199438567,0.6254827567017993,8.255788996352803e-19,0.01948513199438567
R,0.25,1,0.5338857750422834,0.8291013709069472,0.9419827508127592,0.8291013709069472,0.5338857750422834,76.37020555422723,96.66666666666667,7003.065832898284,1.2233900178801058,0.6279053968159156,8.255788996352803e-19,0.12223900178801059
R,0.25,1,0.3535197006947202,0.9478013159696891,0.8625251816942767,0.9478013159696891,0.3535197006947202,77.28065181557407,96.66666666666667,6694.7595256735585,0.16462173984821565,0.625528143372016,8.255788996352803e-19,0.016362173984821565
R,0.25,1,0.3840337995227723,0.9112331839867125,0.8844066119128063,0.9112331839867125,0.3840337995227723,73.907452506294,96.66666666666667,6420.60014498985,-0.8107693086094632,0.6225584790620589,0.007016471094314138,-0.08117693086094632
R,0.25,1,0.30201634638221,0.2414641039518537,0.9884656068626845,0.2414641039518537,0.30201634638221,68.6851121095265,96.66666666666667,3563.7725586209212,-12.332452081106824,0.571037067838835,0.34380972436179397,-1.2333452081106824
R,0.25,1,0.2509838239603993,0.9940130188497482,0.779419472073948,0.9940130188497482,0.2509838239603993,74.58798540837125,96.66666666666667,6096.473522500879,-1.998799340702733,0.6173976066000403,0.02711890861744784,-0.19997993407027329
R,0.25,1,0.309537498394692,0.7053335728372463,0.9847635664589964,0.7053335728372463,0.309537498394692,73.35740220085547,96.66666666666667,5528.407693155754,-4.278649492375012,0.6069074388560155,0.0854419863101761,-0.42796494923750117
R,0.25,1,0.5500256508351665,0.6759091928571893,0.8806548286292857,0.6759091928571893,0.5500256508351665,61.28805946125687,96.66666666666667,5106.099017339053,-5.813352900099238,0.5996559970137427,0.1446883615586333,-0.5814352900099238
R,0.25,1,0.41961679770402144,0.9446922617260946,0.6895931787300607,0.9446922617260946,0.41961679770402144,78.47456531351477,96.66666666666667,6706.066143203588,0.023994631554654422,0.6254488125824343,8.255788996352803e-19,0.002299463155465442
R,0.25,1,0.7010974071428969,0.41422206650386684,0.8966860651803741,0.41422206650386684,0.7010974071428969,63.137037598759804,96.66666666666667,4936.250922402668,-6.8548165866802835,0.5955023509095357,0.17778135273596116,-0.6855816586680283
R,0.25,1,0.45223463675909387,0.9951666093554933,0.8915049816829037,0.9951666093554933,0.45223463675909387,72.80725012432767,96.66666666666667,6891.765882518197,1.0444168730743408,0.6272682285253074,8.255788996352803e-19,0.1043416873074341
R,0.25,1,0.5735143264061873,0.8356095975923186,0.909882497785306,0.8356095975923186,0.5735143264061873,74.15346515982898,96.66666666666667,6911.344592681756,0.9075592014347621,0.6272238677786013,8.255788996352803e-19,0.0906559201434762
R,0.25,1,0.23205164071073636,0.5088069356969662,0.3964409182472295,0.5088069356969662,0.23205164071073636,67.68817613921226,96.66666666666667,3178.227358284269,-14.077057871154437,0.5618169374969251,0.3798911820717188,-1.4078057871154437
R,0.25,1,0.37438206508741684,0.7564977530226891,0.9632668070857486,0.7564977530226891,0.37438206508741684,69.22592047019532,96.66666666666667,5581.385601964383,-3.969595494696413,0.6082297830563251,0.07711578902550081,-0.3970595494696413
R,0.25,1,0.47773954130609586,0.8789796170328917,0.9948898622826021,0.8789796170328917,0.47773954130609586,72.53214627403548,96.66666666666667,6724.325047712405,0.3808698965931627,0.6259032033190177,8.255788996352803e-19,0.037986989659316274
R,0.25,1,0.31276497239202194,0.7511131883763144,0.3875823887749691,0.7511131883763144,0.31276497239202194,78.10195076244348,96.66666666666667,4911.321502590698,-7.213845137235019,0.5942262068432748,0.18524920115045904,-0.721484513723502
R,0.25,1,0.34507512337361035,0.4449657305102285,0.5096678665787252,0.4449657305102285,0.34507512337361035,72.16575235435405,96.66666666666667,3770.208756622483,-11.836640513895892,0.5740207553935323,0.3252809841902948,-1.183764051389589
R,0.25,1,0.41543696849939366,0.9915829415048245,0.40101301164949277,0.9915829415048245,0.41543696849939366,64.25282693846688,96.66666666666667,5164.405829763621,-5.661893603966552,0.6004824943994453,0.13641416321528888,-0.5662893603966552
R,0.25,1,0.5297116790426655,0.9434075789840909,0.7647695031929258,0.9434075789840909,0.5297116790426655,71.89749967731724,96.66666666666667,6670.304946657313,0.07404595624132668,0.6253880532590865,8.255788996352803e-19,0.007304595624132668
R,0.25,1,0.43042010872112596,0.933284164350523,0.629618677119448,0.933284164350523,0.43042010872112596,72.64463721965767,96.66666666666667,6096.7506192609235,-2.1887766041947327,0.6168624668510612,0.030024992941025327,-0.21897766041947325
R,0.25,1,0.3511807328889809,0.9746933709519605,0.9768051676229473,0.9746933709519605,0.3511807328889809,76.47909721867515,96.66666666666667,6937.7121588272485,1.1975316817981623,0.6275805521960874,8.255788996352803e-19,0.11965316817981624
R,0.25,1,0.29378185453340366,0.98605561364422,0.9508903140960082,0.98605561364422,0.29378185453340366,73.8535727423145,96.66666666666667,6481.694652271083,-0.4317207916112587,0.6237033012817446,0.00279384137601197,-0.04327207916112587
R,0.25,1,0.2892061518943466,0.16849361079077596,0.9443649806804837,0.16849361079077596,0.2892061518943466,68.2807811094065,96.66666666666667,3174.654328817333,-14.022995566707438,0.5617871726195397,0.37986142561172986,-1.4023995566707437
R,0.25,1,0.7957151352800751,0.7190120514264783,0.44754939379316283,0.7190120514264783,0.7957151352800751,72.49228252439961,96.66666666666667,6301.398485767968,-1.9177368617719357,0.6190312431018157,0.02253675313679674,-0.19187368617719355
R,0.25,1,0.6000951819837939,0.9186264882397064,0.9303419150093621,0.9186264882397064,0.6000951819837939,74.21738631159809,96.66666666666667,7361.966277641695,2.674743041558116,0.6308700472768869,8.255788996352803e-19,0.2673743041558116
R,0.25,1,0.12964267438698518,0.2906157025031517,0.3738782050595575,0.2906157025031517,0.12964267438698518,76.47707811598313,96.66666666666667,2321.8344532712476,-18.070248285494063,0.5406095109738006,0.4515703789908243,-1.8071248285494064
R,0.25,1,0.18279292309215323,0.18942986810127793,0.9397345644100367,0.18942986810127793,0.18279292309215323,76.27156196181085,96.66666666666667,3211.376260531784,-13.939583242412361,0.5624913258053178,0.37639550309418834,-1.394058324241236
R,0.25,1,0.2554115639517949,0.9862180735139358,0.9767452770182599,0.9862180735139358,0.2554115639517949,77.35740434361027,96.66666666666667,6691.424278897667,0.30083378133583155,0.6256330739958996,8.255788996352803e-19,0.029983378133583156
R,0.25,1,0.17503311015823825,0.9561569742172328,0.8649102739976293,0.9561569742172328,0.17503311015823825,79.84054297699676,96.66666666666667,6242.114174895463,-1.5160625588951655,0.6196533700823316,0.017819345468525254,-0.15170625588951653
R,0.25,1,0.2938154167675012,0.9690567288752076,0.9422481030810946,0.9690567288752076,0.2938154167675012,77.31889493702818,96.66666666666667,6703.533489560928,0.29382340677673185,0.6256829381532488,8.255788996352803e-19,0.029282340677673185
R,0.25,1,0.17829796895689742,0.931213524488954,0.9697072401540554,0.931213524488954,0.17829796895689742,68.01017287003515,96.66666666666667,5421.652349432212,-4.304637530676105,0.6062106466227146,0.0927428202176944,-0.4305637530676106
R,0.25,1,0.3908596998448739,0.8472418768307783,0.946386736998633,0.8472418768307783,0.3908596998448739,75.980998187976,96.66666666666667,6501.29490642159,-0.5768925693761281,0.6234776883644512,0.004161065399720648,-0.05778925693761281
R,0.25,1,0.4413484318445348,0.6170498794689419,0.9603311981462394,0.6170498794689419,0.4413484318445348,64.74699722433463,96.66666666666667,4980.869661763119,-6.3412391835201625,0.5972073583801415,0.16637296105528257,-0.6342239183520163
R,0.25,1,0.1532072967204392,0.9100832434228512,0.9545667530604379,0.9100832434228512,0.1532072967204392,73.6659588092208,96.66666666666667,5674.392734411535,-3.4901862136243373,0.6102411325052256,0.06440012338936385,-0.3491186213624337
R,0.25,1,0.333469584347736,0.46433239171400953,0.9637401107150424,0.46433239171400953,0.333469584347736,72.12835740416806,96.66666666666667,4615.032082116331,-8.049854156783198,0.5897849472011877,0.22439978344668923,-0.8050854156783197
R,0.25,1,0.5288525920105067,0.9883666958784356,0.8477564760173101,0.9883666958784356,0.5288525920105067,70.07263596680535,96.66666666666667,6800.891015414443,0.7135291872660681,0.6265795645813738,8.255788996352803e-19,0.0712529187266068
R,0.25,1,0.3881267008908122,0.9607196991009669,0.9490130762971037,0.9607196991009669,0.3881267008908122,72.00209307910535,96.66666666666667,6564.261398402016,-0.13352463111912485,0.624649762279539,0.000477635487810413,-0.013452463111912486
R,0.25,1,0.424045563822125,0.7902844967430582,0.9228939307597116,0.7902844967430582,0.424045563822125,67.89481969042582,96.66666666666667,5688.828950894822,-3.5422729558029946,0.6102311278049948,0.064499512054,-0.35432729558029946
R,0.25,1,0.35068613208752214,0.9478013159696891,0.9559723512762911,0.9478013159696891,0.35068613208752214,72.64423588698664,96.66666666666667,6452.528448336772,-0.5630950127963066,0.623296081699369,0.00414777463387202,-0.05640950127963066
R,0.25,1,0.4278434249583821,0.9902536256938869,0.8844066119128063,0.9902536256938869,0.4278434249583821,70.59619496181968,96.66666666666667,6566.5063331344245,-0.12090776315697371,0.6246929568304316,0.0004115129156448531,-0.012190776315697371
R,0.25,1,0.304299274971812,0.6627020632610929,0.9923651908829269,0.6627020632610929,0.304299274971812,72.1064967616605,96.66666666666667,5275.253378760225,-5.252512151572683,0.6023322920797319,0.12003765352159206,-0.5253512151572683
R,0.25,1,0.2048498270222841,0.9978585479472059,0.5734300583695365,0.9978585479472059,0.2048498270222841,69.63350206067932,96.66666666666667,5185.688384119978,-5.483415737794444,0.601082529437021,0.13188774158136296,-0.5484415737794445
R,0.25,1,0.38578210764946463,0.6325417886358307,0.8844521753338491,0.6325417886358307,0.38578210764946463,70.69023956053042,96.66666666666667,5162.331412785565,-5.805875356187071,0.5999644375636517,0.13910656375085917,-0.5806875356187071
R,0.25,1,0.4014919681623891,0.9382429859920021,0.9983063550855052,0.9382429859920021,0.4014919681623891,70.92743187754175,96.66666666666667,6521.38063456846,-0.25870333179872457,0.6242507239013074,0.0012983624033658533,-0.025970333179872455
R,0.25,1,0.36720792410992564,0.9441146036728204,0.6722735081278541,0.9441146036728204,0.36720792410992564,73.48614284448726,96.66666666666667,6053.271405813051,-2.3078205077739553,0.6162182821458271,0.03274414496905662,-0.23088205077739551
R,0.25,1,0.1543825008022271,0.9167709941460108,0.6597060083989892,0.9167709941460108,0.1543825008022271,70.30877275239527,96.66666666666667,4925.15237866034,-6.492818981662062,0.596319453453838,0.17467922069049557,-0.6493818981662062
R,0.25,1,0.28998403766577696,0.952382297049353,0.909882497785306,0.952382297049353,0.28998403766577696,74.53776955172503,96.66666666666667,6325.6760762676095,-1.0927603038212295,0.6213406104789341,0.011118209340850298,-0.10937603038212293
R,0.25,1,0.3345905172964554,0.9617957672050587,0.8137697483098707,0.9617957672050587,0.3345905172964554,63.137037598759804,96.66666666666667,5376.974759248771,-4.503605206605629,0.6053641542766639,0.09919203240635788,-0.4504605206605629
R,0.25,1,0.31787126580563024,0.9951666093554933,0.9342103282198863,0.9951666093554933,0.31787126580563024,78.25321028554735,96.66666666666667,6965.095379521607,1.2569113826046359,0.6277417534007996,8.255788996352803e-19,0.1255911382604636
R,0.25,1,0.29206132522202577,0.9997544924720572,0.9760043221671,0.9997544924720572,0.29206132522202577,70.48753839099227,96.66666666666667,6272.749405403332,-1.106717313797231,0.6210553587818403,0.0116735218795275,-0.1107717313797231
R,0.25,1,0.49422162023313243,0.9022427554617284,0.9880741824770352,0.9022427554617284,0.49422162023313243,69.00256844399247,96.66666666666667,6522.472843276932,-0.27638417700167234,0.6242429903339085,0.0014275855644835175,-0.027738417700167235
R,0.25,1,0.3324017593006086,0.37394783499868356,0.9940514947864751,0.37394783499868356,0.3324017593006086,73.67322347080952,96.66666666666667,4432.827023388775,-8.869903683706447,0.5862982321382649,0.24917115158439906,-0.8870903683706446
R,0.25,1,0.8924247626461181,0.09581559278126772,0.4674697361924761,0.09581559278126772,0.8924247626461181,72.86246663897624,96.66666666666667,4451.80644788228,-10.028221858294769,0.584265645444124,0.25523997330246656,-1.0029221858294768
R,0.25,1,0.542148202181229,0.933284164350523,0.7129579429646374,0.933284164350523,0.542148202181229,38.394419985984385,96.66666666666667,3516.758664439942,-11.420898818639479,0.5722203477045892,0.34361754302576636,-1.1421898818639478
R,0.25,1,0.20156138863864337,0.9434075789840909,0.7647695031929258,0.9434075789840909,0.20156138863864337,76.20583246972593,96.66666666666667,5819.663082441548,-3.1242044734920476,0.6122444121672262,0.05240312511714522,-0.31252044734920476
R,0.25,1,0.19055451439294235,0.962714864082733,0.16541231658109123,0.962714864082733,0.19055451439294235,72.41092926155392,96.66666666666667,4474.906858089498,-8.664325580031202,0.5871758649267387,0.2434214617564595,-0.8665325580031201
R,0.25,1,0.5316877212824433,0.8876743380852701,0.9021410909885875,0.8876743380852701,0.5316877212824433,70.8421693984614,96.66666666666667,6625.275172101986,-0.023008256951454736,0.6250969055047186,3.336814347401611e-05,-0.002400825695145474
R,0.25,1,0.3283674363777758,0.21731408715617462,0.8442971731554063,0.21731408715617462,0.3283674363777758,68.74698002398571,96.66666666666667,3326.769862322887,-13.484002872421353,0.5653359485489748,0.3667034282676614,-1.3485002872421352
R,0.25,1,0.3660534725972163,0.9684390241761877,0.886738925252707,0.9684390241761877,0.3660534725972163,71.07673069693028,96.66666666666667,6318.2307852286685,-1.0653643527141585,0.6214071569454653,0.01079247759840795,-0.10663643527141584
R,0.25,1,0.6000951819837939,0.9683042070703348,0.9809543412966524,0.9683042070703348,0.6000951819837939,72.88468817774014,96.66666666666667,7503.02880251859,3.3147193919787346,0.6321043002869551,8.255788996352803e-19,0.3302115745760885
R,0.25,1,0.3150027211072306,0.6702239311587185,0.5597434764003846,0.6702239311587185,0.3150027211072306,72.14323555150577,96.66666666666667,4563.414558961483,-8.363424270278697,0.58862329901103,0.23231670736839066,-0.8364424270278696
R,0.25,1,0.44531357451870324,0.9333929562647936,0.9894199174436737,0.9333929562647936,0.44531357451870324,79.96072593434336,96.66666666666667,7489.9871239107815,3.1046755667685586,0.6317777091895272,8.255788996352803e-19,0.3103675566768559
R,0.25,1,0.1702650602715764,0.21765653608327007,0.8626866895890555,0.21765653608327007,0.1702650602715764,66.44763345280248,96.66666666666667,2721.9108255112706,-15.769479917089479,0.5510382275113686,0.41782259225942225,-1.5770479917089477
R,0.25,1,0.42120224251136923,0.2580194746171761,0.7583778753949219,0.2580194746171761,0.42120224251136923,42.598453936667724,96.66666666666667,2254.332876284198,-17.457504982994404,0.5401120913946882,0.45672258939218946,-1.7458504982994405
R,0.25,1,0.38278490491454714,0.9731926004426651,0.8827706900362838,0.9731926004426651,0.38278490491454714,73.729149319464,96.66666666666667,6625.901698829096,0.021971368715817435,0.625115204902174,8.255788996352803e-19,0.0020971368715817433
R,0.25,1,0.4686285789834476,0.9487115744677004,0.9589565603250433,0.9487115744677004,0.4686285789834476,68.8075699527646,96.66666666666667,6525.773352928298,-0.2284250237575668,0.6243447484393981,0.0010788933935906922,-0.02294250237575668
R,0.25,1,0.5130256888290534,0.7571956030138643,0.9838779915723443,0.7571956030138643,0.5130256888290534,75.76262400905746,96.66666666666667,6675.294365766765,-0.021220774710176846,0.6252865630835932,2.8674072409486447e-05,-0.0022220774710176847
R,0.25,1,0.4361438106484934,0.9721518838839687,0.8818597056394356,0.9721518838839687,0.4361438106484934,71.75166843218365,96.66666666666667,6634.250916496847,0.08328012546909733,0.6252276331301612,8.255788996352803e-19,0.008228012546909733
R,0.25,1,0.40153264344650713,0.9819929604844176,0.8984833572728737,0.9819929604844176,0.40153264344650713,72.31537281728912,96.66666666666667,6626.8624663094315,0.07345426353319717,0.6251790507456558,8.255788996352803e-19,0.007245426353319717
R,0.25,1,0.418301068866585,0.9991171232409953,0.995917115072699,0.9991171232409953,0.418301068866585,76.1337263908662,96.66666666666667,7291.238469640879,2.5352391511526586,0.6304054622736739,8.255788996352803e-19,0.25342391511526585
R,0.25,1,0.13453559849133906,0.23427781580599383,0.8367852546986335,0.23427781580599383,0.13453559849133906,70.25231513313767,96.66666666666667,2765.1523456235163,-15.643972591877757,0.5519881392756668,0.41416639137233136,-1.5644972591877757
R,0.25,1,0.41644904002908495,0.9371355645041198,0.8589224222171292,0.9371355645041198,0.41644904002908495,72.00209307910535,96.66666666666667,6419.1515391074,-0.7740333660675227,0.6226569175948153,0.0065885542466048485,-0.07750333660675227
R,0.25,1,0.3143485984032119,0.9286881883657515,0.992234549996126,0.9286881883657515,0.3143485984032119,76.31652106931209,96.66666666666667,6636.309379881149,0.05724965319470829,0.6251696305368732,8.255788996352803e-19,0.005624965319470829
R,0.25,1,0.5935649056931481,0.9067049079330791,0.9228939307597116,0.9067049079330791,0.5935649056931481,76.20583246972593,96.66666666666667,7474.713010699396,3.0277776780325656,0.6316785747804179,8.255788996352803e-19,0.30267776780325656
R,0.25,1,0.49946253313879024,0.934294793128505,0.4292750448227242,0.934294793128505,0.49946253313879024,70.0999961968384,96.66666666666667,5777.623631163095,-3.5224632011507118,0.610862216789068,0.0602590809570915,-0.35234632011507117
R,0.25,1,0.3703573447544254,0.9092276529911313,0.9699051001607876,0.9092276529911313,0.3703573447544254,74.97209402343857,96.66666666666667,6614.553747174745,-0.04483188545838259,0.6249799526155613,9.132003176587543e-05,-0.004583188545838259
R,0.25,1,0.5195534591324762,0.7912775464279367,0.8844066119128063,0.7912775464279367,0.5195534591324762,101.436974046866,96.66666666666667,8891.124798029845,7.47860979179702,0.641701856512727,8.255788996352803e-19,0.3308257503891431
R,0.25,1,0.2996689177242889,0.9821625306636116,0.9182373692251065,0.9821625306636116,0.2996689177242889,76.1961185890558,96.66666666666667,6632.682139586752,0.04909044558428318,0.6251469900510022,8.255788996352803e-19,0.004809044558428318
R,0.25,1,0.4978479768885059,0.7682834051793601,0.8441386960098911,0.7682834051793601,0.4978479768885059,70.92743187754175,96.66666666666667,5986.987113892779,-2.5897829812839155,0.6149813087431443,0.038663145512996246,-0.25907829812839156
R,0.25,1,0.20231767258449873,0.9822666901551935,0.8595642901087878,0.9822666901551935,0.20231767258449873,70.69023956053042,96.66666666666667,5705.997758723041,-3.322746529791333,0.6109862036101973,0.06006547827606928,-0.33237465297913327
R,0.25,1,0.3745529732174875,0.8674119491887768,0.8997917874679405,0.8674119491887768,0.3745529732174875,74.782643252223,96.66666666666667,6326.0911922915,-1.2158360778375696,0.6210178446804347,0.012767737562874077,-0.12168360778375695
R,0.25,1,0.2692334309249078,0.481858221621153,0.9635110275514633,0.481858221621153,0.2692334309249078,69.6567022044843,96.66666666666667,4293.803396405971,-9.192113214852666,0.5843982032824571,0.2645016403002304,-0.9193113214852666
R,0.25,1,0.30735214665270344,0.9985685823856859,0.8899885777757449,0.9985685823856859,0.30735214665270344,72.95587567664153,96.66666666666667,6386.976918409647,-0.8016256936151299,0.6224146920974322,0.0070572556998842765,-0.08026256936151299
R,0.25,1,0.23465600361238992,0.6661731307870397,0.9822985512183288,0.6661731307870397,0.23465600361238992,72.95550976817324,96.66666666666667,5077.624724423412,-6.003252375698248,0.5987639891682436,0.15124458595537688,-0.6004252375698249
R,0.25,1,0.4574915490479262,0.8356095975923186,0.0790064793106422,0.8356095975923186,0.4574915490479262,75.6924087687249,96.66666666666667,5043.401796723989,-6.902821570628756,0.5961394118797497,0.16678355611769868,-0.6903821570628756
R,0.25,1,0.43499847127945374,0.9557151007338541,0.8512973321837498,0.9557151007338541,0.43499847127945374,72.8092464839467,96.66666666666667,6612.398294916667,-0.06177248508063434,0.6249697923195082,0.00014737796567621244,-0.006277248508063433
R,0.25,1,0.8924247626461181,0.3156802455869655,0.6309730191698566,0.3156802455869655,0.8924247626461181,76.73658170872051,96.66666666666667,5845.7602498877695,-4.157823346060952,0.6095812768755982,0.06609434509745576,-0.41588233460609525
R,0.25,1,0.19426147751648126,0.36830817314118347,0.8787103559817429,0.36830817314118347,0.19426147751648126,78.10195076244348,96.66666666666667,3912.6141817388802,-11.033102469585213,0.5769000327289684,0.3092191057378898,-1.1034102469585212
R,0.25,1,0.3111083145976147,0.9997544924720572,0.9771743009822784,0.9997544924720572,0.3111083145976147,72.53214627403548,96.66666666666667,6525.8983767303835,-0.20981462372926385,0.6243420004390665,0.0009531856588198749,-0.021081462372926386
R,0.25,1,0.21937763553161266,0.9693852188561357,0.7647695031929258,0.9693852188561357,0.21937763553161266,79.1214658077056,96.66666666666667,6215.575079286915,-1.6778953938783492,0.6190398685874714,0.02049977437264284,-0.1678895393878349
R,0.25,1,0.4546942164382334,0.962714864082733,0.49820623984867773,0.962714864082733,0.4546942164382334,69.64539317782796,96.66666666666667,5803.244871783026,-3.311338400900218,0.6116562987154928,0.05590046926615893,-0.33123384009002177
R,0.25,1,0.44162095061755474,0.9800733674118637,0.629618677119448,0.9800733674118637,0.44162095061755474,68.98741001692333,96.66666666666667,5989.84448765009,-2.46003529806684,0.6154095669330565,0.03650933715772813,-0.24610352980668398
R,0.25,1,0.7957151352800751,0.9864907974601335,0.9748487999403004,0.9864907974601335,0.7957151352800751,72.92076535796078,96.66666666666667,8275.159047044126,6.137219392452726,0.6381324823766015,8.255788996352803e-19,0.3304863893446571
R,0.25,1,0.3293477372253843,0.22663592169233904,0.9034778482593182,0.22663592169233904,0.3293477372253843,74.1694219728537,96.66666666666667,3737.1100746807706,-11.885932254841657,0.5735658842103194,0.3280608170007453,-1.1886932254841658
R,0.25,1,0.48411804180843654,0.8966276248479399,0.926820703524727,0.8966276248479399,0.48411804180843654,72.56644130367113,96.66666666666667,6691.191973269766,0.22200667878206695,0.625608119204451,8.255788996352803e-19,0.022100667878206696
R,0.25,1,0.38680407933808547,0.9482501571327477,0.756017542792619,0.9482501571327477,0.38680407933808547,75.95779804417101,96.66666666666667,6506.024699425629,-0.5991744274585167,0.6234555587009706,0.004372263802355507,-0.06001744274585167
R,0.25,1,0.3625961824440145,0.9683042070703348,0.5164848894296082,0.9683042070703348,0.3625961824440145,69.50844256063873,96.66666666666667,5522.942170683387,-4.325243503627976,0.6067864828068342,0.08636169347637718,-0.43262435036279767
R,0.25,1,0.4733381801772609,0.9975442337716878,0.43114598307068863,0.9975442337716878,0.4733381801772609,67.23172083981389,96.66666666666667,5669.164951515756,-3.786012145851315,0.609389082920089,0.06936171187125716,-0.3787012145851315
R,0.25,1,0.4152987836058709,0.8926963271147066,0.7679482334706702,0.8926963271147066,0.4152987836058709,74.53686008734789,96.66666666666667,6305.703678948972,-1.3748023315478517,0.6204802739717825,0.015118734164580323,-0.13758023315478515
R,0.25,1,0.25211809674023505,0.9874311258124917,0.9686436023008917,0.9874311258124917,0.25211809674023505,69.82889144256339,96.66666666666667,6018.800128757473,-2.052990614929229,0.6168069852817057,0.029312525351314275,-0.20539906149292292
R,0.25,1,0.3874330962249769,0.9299191677083563,0.6658694327061272,0.9299191677083563,0.3874330962249769,70.27062982573803,96.66666666666667,5798.335274897021,-3.224674279915088,0.6118716928562016,0.05472125101594883,-0.3225674279915088
R,0.25,1,0.22883890482899916,0.019966658176059138,0.3069915933900822,0.019966658176059138,0.22883890482899916,69.60618088558768,96.66666666666667,1400.1330606901495,-22.693886959857032,0.5174564480793437,0.5257245832040036,-2.2694886959857032
R,0.25,1,0.5130256888290534,0.9317698527153043,0.9919299027946316,0.9317698527153043,0.5130256888290534,72.85932141377577,96.66666666666667,7070.124627119766,1.702046335246522,0.6286773095924933,8.255788996352803e-19,0.17010463352465222
R,0.25,1,0.33873083471865295,0.9792689920038182,0.9099081285593029,0.9792689920038182,0.33873083471865295,75.72245736754869,96.66666666666667,6712.62127130189,0.3374755334860646,0.6257795692515413,8.255788996352803e-19,0.03364755334860646
R,0.25,1,0.25020307907644124,0.5449211859743969,0.030382529187575003,0.5449211859743969,0.25020307907644124,73.64995720834318,96.66666666666667,2983.985204179131,-15.391073624787584,0.5565024947307264,0.39843053049071003,-1.5392073624787583
R,0.25,1,0.3143485984032119,0.25124421137252084,0.992234549996126,0.25124421137252084,0.3143485984032119,69.76037160997541,96.66666666666667,3703.2645027939243,-11.791684211216094,0.5734469661465602,0.33034219673634413,-1.1792684211216093
R,0.25,1,0.418301068866585,0.8694152756959596,0.9548541846190173,0.8694152756959596,0.418301068866585,72.24785521910974,96.66666666666667,6376.391373404693,-0.9372814522278023,0.6220347344085213,0.008776429801061898,-0.09382814522278024
R,0.25,1,0.08935675682080008,0.7068665679731424,0.9234745728319862,0.7068665679731424,0.08935675682080008,76.01867007588054,96.66666666666667,4781.4246336010565,-7.142635274819524,0.5933735662537495,0.19814039388881033,-0.7143635274819524
R,0.25,1,0.3634055083804957,0.8306200323910746,0.47139607463369815,0.8306200323910746,0.3634055083804957,76.93418387163524,96.66666666666667,5499.730832113335,-4.780583237592235,0.6052298688318978,0.09508290880115101,-0.4781583237592235
R,0.25,1,0.42406500117879536,0.9067049079330791,0.8531144829544082,0.9067049079330791,0.42406500117879536,67.89481969042582,96.66666666666667,5965.670501316764,-2.425147710190986,0.6153709729887423,0.03651215699427289,-0.2426147710190986
R,0.25,1,0.2043673612300667,0.9607279295607437,0.9739348931095216,0.9607279295607437,0.2043673612300667,77.28065181557407,96.66666666666667,6383.624259114365,-0.8549878855973088,0.6222242201928988,0.007731210195937047,-0.08559878855973088
R,0.25,1,0.304299274971812,0.7971482561494383,0.4292750448227242,0.7971482561494383,0.304299274971812,70.17760341245605,96.66666666666667,4617.984747193633,-8.068725956302432,0.5898069928947686,0.2242125648224076,-0.8069725956302432
R,0.25,1,0.5195534591324762,0.9112331839867125,0.9447161831853611,0.9112331839867125,0.5195534591324762,71.74772391429542,96.66666666666667,6827.3151497526105,0.7684779400133541,0.6267339546215459,8.255788996352803e-19,0.07674779400133541
R,0.25,1,0.29019389857026845,0.8929703203503356,0.9264152452387986,0.8929703203503356,0.29019389857026845,78.51685802861391,96.66666666666667,6463.397207225204,-0.7142010216286248,0.6229570605917233,0.0057442609209825265,-0.07152010216286248
R,0.25,1,0.47778430964581386,0.9468559238094629,0.9592560849491322,0.9468559238094629,0.47778430964581386,69.67611027885684,96.66666666666667,6634.100319710816,0.152237858704071,0.6253081499401872,8.255788996352803e-19,0.0151237858704071
R,0.25,1,0.575651387205144,0.8428654051442777,0.8421177846105546,0.8428654051442777,0.575651387205144,73.41617376693917,96.66666666666667,6752.730406102273,0.2882164115065411,0.6259479210612625,8.255788996352803e-19,0.02872164115065411
R,0.25,1,0.4424115605799428,0.9574905019626817,0.8441386960098911,0.9574905019626817,0.4424115605799428,70.92743187754175,96.66666666666667,6461.387655222071,-0.5880507580377348,0.6233038788145617,0.0043797430466072235,-0.05890507580377348
R,0.25,1,0.25183233529856097,0.7075274611351122,0.6597060083989892,0.7075274611351122,0.25183233529856097,74.02896013204527,96.66666666666667,4771.95415098976,-7.435296945187789,0.5925693646508383,0.20235019275963184,-0.7436296945187789
R,0.25,1,0.29361099353010234,0.9404301645645958,0.9727706730307188,0.9404301645645958,0.29361099353010234,75.94827928436975,96.66666666666667,6533.171595043695,-0.3152953322084907,0.6241564217938299,0.001720177821042629,-0.03162953322084907
R,0.25,1,0.3427145320264758,0.8615209773867438,0.08290746269657734,0.8615209773867438,0.3427145320264758,68.41022987235917,96.66666666666667,4260.894365500967,-9.68511077005827,0.5830660458127879,0.27107241960991935,-0.9686110770058269
R,0.25,1,0.19193700925285595,0.9284222613074804,0.8966860651803741,0.9284222613074804,0.19193700925285595,73.42105663147898,96.66666666666667,5758.789031877304,-3.204537846085035,0.6116466628117687,0.055966573449423955,-0.3205537846085035
R,0.25,1,0.40887224929249355,0.9751972348849781,0.9308930236441202,0.9751972348849781,0.40887224929249355,71.59134861581238,96.66666666666667,6620.467222006197,0.08136676548437523,0.6251632065909734,8.255788996352803e-19,0.008036676548437522
R,0.25,1,0.3654875098638771,0.10449178402496517,0.7924248186409035,0.10449178402496517,0.3654875098638771,67.15139528090043,96.66666666666667,2908.299072562185,-15.40710847684904,0.5550610316205358,0.404071612832577,-1.5408108476849038
R,0.25,1,0.5416486291070575,0.9239998382064365,0.9345079824027057,0.9239998382064365,0.5416486291070575,78.10195076244348,96.66666666666667,7548.1726321766255,3.291187929645713,0.6322284131285093,8.255788996352803e-19,0.3290187929645713
R,0.25,1,0.5394591075650649,0.4243333077132331,0.8428949666704719,0.4243333077132331,0.5394591075650649,33.82231669735604,96.66666666666667,2342.6011276360155,-16.653758798171964,0.5428488044097162,0.4486066634607642,-1.6654758798171965
R,0.25,1,0.388035360755141,0.9164696450789246,0.9886682936925818,0.9164696450789246,0.388035360755141,74.34566447892905,96.66666666666667,6686.79460483674,0.254980769203148,0.6255992559261863,8.255788996352803e-19,0.0253980769203148
R,0.25,1,0.6973142815876057,0.759809249049892,0.838160001210317,0.759809249049892,0.6973142815876057,71.86464751095266,96.66666666666667,6741.635271577908,0.16273055791166788,0.6258048851882562,8.255788996352803e-19,0.016173055791166787
R,0.25,1,0.2350810979804529,0.9995415063582699,0.6602401059359225,0.9995415063582699,0.2350810979804529,74.94154365245662,96.66666666666667,5863.21150787049,-2.966830319149011,0.6130124159630751,0.04831275938228575,-0.2967830319149011
R,0.25,1,0.1621685463264822,0.6702239311587185,0.04530996448316715,0.6702239311587185,0.1621685463264822,75.94113356139329,96.66666666666667,3246.6636670220887,-14.0907214769521,0.563012786742235,0.37465879538868646,-1.40917214769521
R,0.25,1,0.4242330940494873,0.06791228563518248,0.1653814785172778,0.06791228563518248,0.4242330940494873,65.08787025613886,96.66666666666667,1870.7429364162238,-20.800854412708304,0.5289446679044015,0.49076155804953947,-2.0801854412708307
R,0.25,1,0.2042121519661711,0.9757337554724259,0.978079169581382,0.9757337554724259,0.2042121519661711,76.44325604704814,96.66666666666667,6379.134266064607,-0.8358584645074458,0.6222561736694426,0.007516260086662501,-0.08368584645074459
R,0.25,1,0.4422670834552047,0.45304093207863616,0.8729629838853208,0.45304093207863616,0.4422670834552047,72.04282096192614,96.66666666666667,4797.293652305069,-7.486740917139828,0.5926706718831394,0.20019481196436062,-0.7487740917139829
R,0.25,1,0.3165332483489025,0.8358241682130995,0.9369208057739343,0.8358241682130995,0.3165332483489025,71.54138117921987,96.66666666666667,5797.777272163534,-3.120135759212999,0.6121667211768255,0.05305738717552777,-0.3121135759212999
R,0.25,1,0.41609785072614,0.9571494780966283,0.9809543412966524,0.9571494780966283,0.41609785072614,72.37905554405873,96.66666666666667,6744.73095330207,0.5432739092170737,0.6261446346812023,8.255788996352803e-19,0.05422739092170738
R,0.25,1,0.47952435499539625,0.29405909673225006,0.25387604574709866,0.29405909673225006,0.47952435499539625,77.20726258511044,96.66666666666667,3476.3398976532685,-13.765383684760456,0.5676194656718757,0.35666401349950805,-1.3766383684760455
R,0.25,1,0.38278490491454714,0.9731926004426651,0.8047262731507393,0.9731926004426651,0.38278490491454714,76.00596575591621,96.66666666666667,6682.218930898178,0.12128583037159782,0.6254441848619992,8.255788996352803e-19,0.012028583037159781
R,0.25,1,0.4686285789834476,0.9514594833420273,0.9914753728243713,0.9514594833420273,0.4686285789834476,75.17360011617227,96.66666666666667,7200.975936393562,2.1622363190516753,0.6296663110313273,8.255788996352803e-19,0.21612363190516753
R,0.25,1,0.20790197146714579,0.9934536119692162,0.9527163633539203,0.9934536119692162,0.20790197146714579,70.53554753001163,96.66666666666667,5916.922951045275,-2.444936197146888,0.6149850643643611,0.03803043486298121,-0.2445936197146888
R,0.25,1,0.5130256888290534,0.4016893624182625,0.023330931560690993,0.4016893624182625,0.5130256888290534,68.01017287003515,96.66666666666667,3150.16495532419,-15.011531405176834,0.5602335950539237,0.3858582888778691,-1.5012531405176834
R,0.25,1,0.42050254372556517,0.9243335164186484,0.9085098776820517,0.9243335164186484,0.42050254372556517,76.1337263908662,96.66666666666667,6848.575093450616,0.7559229784661262,0.6267777884815876,8.255788996352803e-19,0.07549229784661263
R,0.25,1,0.25480769109838375,0.4473683619567813,0.3396936321032409,0.4473683619567813,0.25480769109838375,72.792851511182,96.66666666666667,3173.8515612622564,-14.376477213577285,0.5613142091132168,0.3812082288667677,-1.4377477213577285
R,0.25,1,0.2680021495078523,0.6448840646992682,0.9759288087440757,0.6448840646992682,0.2680021495078523,71.26883576972627,96.66666666666667,4991.8496336718745,-6.336860623022419,0.5972189203797083,0.16540472265606182,-0.633786062302242
R,0.25,1,0.2259384669462578,0.8959059182555148,0.9344941821897079,0.8959059182555148,0.2259384669462578,75.60589691860584,96.66666666666667,6007.234317555896,-2.330562328439594,0.6158312950299566,0.03411655662450144,-0.23315623284395942
R,0.25,1,0.38016369274679795,0.9523501690533073,0.7206604915813881,0.9523501690533073,0.38016369274679795,72.50780860456712,96.66666666666667,6137.2208275281455,-1.925710466942817,0.6178968667821755,0.025304960157004612,-0.19267104669428167
R,0.25,1,0.38016369274679795,0.9523501690533073,0.9228939307597116,0.9523501690533073,0.38016369274679795,72.50780860456712,96.66666666666667,6503.8084150627765,-0.39609355544737135,0.623894609333725,0.0024336330151793423,-0.03970935554473713
R,0.25,1,0.5288525920105067,0.9305317536191502,0.3121622509586003,0.9305317536191502,0.5288525920105067,75.84256508158325,96.66666666666667,6126.052256481581,-2.454570223080523,0.6162665796759008,0.03334141510339032,-0.24555702230805226
R,0.25,1,0.42962131128696573,0.9602993175843927,0.920485411242618,0.9602993175843927,0.42962131128696573,71.5990051123355,96.66666666666667,6623.49270224981,0.0648364364021518,0.625162489561352,8.255788996352803e-19,0.006383643640215179
R,0.25,1,0.08954817799356862,0.2105414235491898,0.23114839337057425,0.2105414235491898,0.08954817799356862,72.50399945523792,96.66666666666667,1506.864390014417,-21.824802820414334,0.520436708698974,0.5158288478376697,-2.1825802820414335
R,0.25,1,0.28297330754930955,0.6082336911835635,0.7621208036462779,0.6082336911835635,0.28297330754930955,72.99420899039409,96.66666666666667,4643.407626392549,-7.947730313869476,0.5902644516197822,0.2206012224494058,-0.7948730313869476
R,0.25,1,0.38048923670804974,0.979399501368185,0.9182373692251065,0.979399501368185,0.38048923670804974,72.6745983738534,96.66666666666667,6609.781694148293,0.018813792937004678,0.625047419309051,8.255788996352803e-19,0.0017813792937004676
R,0.25,1,0.37973145355409976,0.8806684012744074,0.9695873311869939,0.8806684012744074,0.37973145355409976,67.79249929414483,96.66666666666667,5915.551525067743,-2.538725769344622,0.6147152460943822,0.03962672574337546,-0.2539725769344622
R,0.25,1,0.36865175641690456,0.9063977733137216,0.991385385885281,0.9063977733137216,0.36865175641690456,70.92743187754175,96.66666666666667,6279.709918567249,-1.1918154035731106,0.6208603227447724,0.012804193313762105,-0.11928154035731105
R,0.25,1,0.46709485158828096,0.9917966641749181,0.8595642901087878,0.9917966641749181,0.46709485158828096,72.66002380616308,96.66666666666667,6861.553657853974,0.9051175737799936,0.627005610646621,8.255788996352803e-19,0.09041175737799936
R,0.25,1,0.24961221373999126,0.9167709941460108,0.08761445359104203,0.9167709941460108,0.24961221373999126,75.03767147493926,96.66666666666667,4540.493612987304,-8.626878574214123,0.5878096394269569,0.2368183646556346,-0.8627878574214123
R,0.25,1,0.5646893591040032,0.9546479424186188,0.9822985512183288,0.9546479424186188,0.5646893591040032,63.55336580758848,96.66666666666667,6388.6594443851445,-0.619337967092289,0.6229410348005614,0.004923621506870429,-0.06203379670922891
R,0.25,1,0.49644546942606316,0.8583682151567872,0.8026849392223852,0.8583682151567872,0.49644546942606316,76.39297170335783,96.66666666666667,6707.89936970116,0.05557520316111541,0.6255053430212141,8.255788996352803e-19,0.005457520316111541
R,0.25,1,0.2991649667038938,0.9701322803760982,0.9623376580729538,0.9701322803760982,0.2991649667038938,76.3088249246647,96.66666666666667,6678.800466946821,0.23869290291891015,0.6255289716530774,8.255788996352803e-19,0.023769290291891017
R,0.25,1,0.39916565899249695,0.7059824901898067,0.4509459279629051,0.7059824901898067,0.39916565899249695,23.003726275738035,96.66666666666667,1530.4621931968447,-20.09148199641434,0.5225837456459052,0.5139362866146546,-2.0092481996414344
R,0.25,1,0.2520989559050238,0.35980215479023536,0.9905359682905971,0.35980215479023536,0.2520989559050238,69.14115039242576,96.66666666666667,3827.547244810845,-11.117602177133257,0.5759989122431954,0.3168254899594875,-1.1118602177133257
R,0.25,1,0.3540096557551048,0.9896092082622671,0.9539786905403773,0.9896092082622671,0.3540096557551048,72.66422891787188,96.66666666666667,6614.6545844714055,0.08009657543230504,0.6251249978771414,8.255788996352803e-19,0.007909657543230504
R,0.25,1,0.5297116790426655,0.6908687168864233,0.7647695031929258,0.6908687168864233,0.5297116790426655,19.230989966262733,96.66666666666667,1541.3303334166371,-19.845973278994844,0.523069829070391,0.5126722825998157,-1.9846973278994846
R,0.25,1,0.4121682684255731,0.8106440352150341,0.9886682936925818,0.8106440352150341,0.4121682684255731,79.22632499098859,96.66666666666667,6802.160137169874,0.45837042779119636,0.6262682937467974,8.255788996352803e-19,0.045737042779119635
R,0.25,1,0.2966029989464298,0.9934685009968928,0.9786331667247463,0.9934685009968928,0.2966029989464298,72.8092464839467,96.66666666666667,6477.795277400093,-0.39650414402214895,0.6237650888250208,0.0024789174073849645,-0.0397504144022149
R,0.25,1,0.44162095061755474,0.933284164350523,0.8864963936350683,0.933284164350523,0.44162095061755474,73.10180552006177,96.66666666666667,6645.514490190402,0.05689274444720305,0.6252437650951503,8.255788996352803e-19,0.005589274444720305
R,0.25,1,0.7848187837857641,0.6764662729962029,0.8178041855082272,0.6764662729962029,0.7848187837857641,72.49474210424862,96.66666666666667,6778.9367546149,0.15652945735534998,0.6259746901238316,8.255788996352803e-19,0.015552945735534998
R,0.25,1,0.41063952576461316,0.8556757456184148,0.7828391467868343,0.8556757456184148,0.41063952576461316,69.97088883784852,96.66666666666667,5799.6590273240345,-3.206243990501155,0.6119372502073586,0.0543728184653693,-0.3207243990501155
R,0.25,1,0.3782991284829887,0.8966276248479399,0.9962217258226643,0.8966276248479399,0.3782991284829887,68.21723579254852,96.66666666666667,6047.586256812823,-2.0132206200203338,0.6171184655343196,0.028148967401304188,-0.20142206200203336
R,0.25,1,0.6000951819837939,0.798710833296948,0.6912793170274902,0.798710833296948,0.6000951819837939,69.37803283473121,96.66666666666667,6051.310461745937,-2.4286597839151827,0.6159013232679906,0.03459954506309297,-0.24296597839151826
R,0.25,1,0.15994143844602676,0.98605561364422,0.9226797048533147,0.98605561364422,0.15994143844602676,73.8535727423145,96.66666666666667,5935.37864995729,-2.4608100165119122,0.6150129978732968,0.037882770345681015,-0.24618100165119122
R,0.25,1,0.5255659426477758,0.9531181288565004,0.7987942619800843,0.9531181288565004,0.5255659426477758,70.87867590552464,96.66666666666667,6655.795443792639,0.08102807814080547,0.6253355466318308,8.255788996352803e-19,0.008002807814080547
R,0.25,1,0.30138599640782443,0.9320883391559898,0.7679482334706702,0.9320883391559898,0.30138599640782443,69.12528913711017,96.66666666666667,5590.329596477502,-3.8791347911768046,0.6085673879153471,0.07509322818857546,-0.38801347911768047
R,0.25,1,0.38278490491454714,0.9954637220002317,0.6579608801320829,0.9954637220002317,0.38278490491454714,73.729149319464,96.66666666666667,6293.627340097905,-1.3695506419888,0.6204328242558708,0.01515966544643821,-0.13705506419887997
R,0.25,1,0.4077355955345199,0.9754779681392651,0.9316156923018469,0.9754779681392651,0.4077355955345199,71.60844198986284,96.66666666666667,6620.277118172352,0.08135095802196958,0.6251621494768435,8.255788996352803e-19,0.008035095802196957
R,0.25,1,0.5130256888290534,0.749857417811378,0.4000761374726429,0.749857417811378,0.5130256888290534,74.89449935204436,96.66666666666667,5478.237451067309,-5.033097677012442,0.6044120556355966,0.10010363556483813,-0.5034097677012442
R,0.25,1,0.2576609192473242,0.993314206450992,0.024017433357934603,0.993314206450992,0.2576609192473242,71.87615884011045,96.66666666666667,4538.921363360132,-8.529301549248,0.5880532847323713,0.23610604994565793,-0.8530301549247999
R,0.25,1,0.38375917092658707,0.9924258743182666,0.9425359461803268,0.9924258743182666,0.38375917092658707,72.09436963977032,96.66666666666667,6659.548039797705,0.24726811320151462,0.6254882478210961,8.255788996352803e-19,0.024626811320151463
R,0.25,1,0.34858558629580183,0.8423127903251264,0.9609250631201877,0.8423127903251264,0.34858558629580183,76.74305116187344,96.66666666666667,6413.266784324571,-0.9049621405835357,0.6222644690201656,0.008187288206805974,-0.09059621405835358
R,0.25,1,0.4564285894004244,0.8812127418194708,0.9603311981462394,0.8812127418194708,0.4564285894004244,76.1337263908662,96.66666666666667,6919.820773117439,1.006576268089124,0.6273299939363183,8.255788996352803e-19,0.1005576268089124
R,0.25,1,0.21969793854416358,0.8098550373672079,0.875429567306936,0.8098550373672079,0.21969793854416358,73.56290109097678,96.66666666666667,5396.823653542369,-4.7271686517234786,0.6046960497580237,0.10177471764473993,-0.4728168651723479
R,0.25,1,0.17646462623272896,0.5283905134259742,0.05893575009011842,0.5283905134259742,0.17646462623272896,82.34348526229017,96.66666666666667,3023.335816950987,-15.345554055888192,0.5572103562220425,0.39495546008004345,-1.534655405588819
R,0.25,1,0.5395072109075062,0.9052489379716853,0.9702516578164518,0.9052489379716853,0.5395072109075062,72.33995709977876,96.66666666666667,6980.3789740388975,1.3325310900784884,0.6279384992363942,8.255788996352803e-19,0.13315310900784885
R,0.25,1,0.2525832612672536,0.9067049079330791,0.9651768147292067,0.9067049079330791,0.2525832612672536,67.89481969042582,96.66666666666667,5573.745705990498,-3.775826744934273,0.6087946105482831,0.07420532751219935,-0.3776826744934273
R,0.25,1,0.44197854958257266,0.9569167569400385,0.9920795471846904,0.9569167569400385,0.44197854958257266,68.73370009739097,96.66666666666667,6512.294975032347,-0.2387505452314404,0.6242637842041076,0.0011606963780776591,-0.02397505452314404
R,0.25,1,0.19915100022545174,0.6082336911835635,0.9891233046024775,0.6082336911835635,0.19915100022545174,72.07960470606474,96.66666666666667,4692.188890157071,-7.505645918326087,0.5917662899679969,0.21120943783240817,-0.7506645918326087
R,0.25,1,0.42962131128696573,0.8302535630880388,0.9576579726800182,0.8302535630880388,0.42962131128696573,71.5990051123355,96.66666666666667,6224.473330608587,-1.5343708881381475,0.6195854683799257,0.018249396907286164,-0.15353708881381473
R,0.25,1,0.5885215085257197,0.979399501368185,0.9182373692251065,0.979399501368185,0.5885215085257197,66.93226635315527,96.66666666666667,6783.718037056236,0.7533574079907019,0.6265666419650164,8.255788996352803e-19,0.0752357407990702
R,0.25,1,0.2595323580461649,0.979571380490075,0.1683005488379664,0.979571380490075,0.2595323580461649,73.43271761483527,96.66666666666667,4858.506913301923,-7.2111202274081405,0.5938591423160894,0.1907316812384794,-0.7212120227408141
R,0.25,1,0.4576371756890306,0.8806684012744074,0.8191446021981499,0.8806684012744074,0.4576371756890306,67.79249929414483,96.66666666666667,5924.650490740213,-2.6404454578489847,0.6144640858338505,0.041067230715953675,-0.26414454578489843
R,0.25,1,0.20015498561810274,0.8071398280929989,0.8813428795739733,0.8071398280929989,0.20015498561810274,69.54336981232807,96.66666666666667,5034.822632139435,-6.012528265421479,0.5984830904532105,0.15598091015428125,-0.601352826542148
R,0.25,1,0.2688529933799169,0.1334426468633121,0.999651088365953,0.1334426468633121,0.2688529933799169,74.43367116268183,96.66666666666667,3357.4095795234616,-13.391039001931924,0.5659507017230269,0.3637423864037122,-1.3392039001931924
R,0.25,1,0.20288785685643168,0.5418633696546287,0.8324553312788192,0.5418633696546287,0.20288785685643168,72.33485449021491,96.66666666666667,4198.961961495758,-9.63289509728176,0.5825486793497187,0.27616998665281245,-0.963389509728176
R,0.25,1,0.5510038106282587,0.9747435989427083,0.8980162839053962,0.9747435989427083,0.5510038106282587,72.80725012432767,96.66666666666667,7188.826068709405,2.1098556640045616,0.6295878032508443,8.255788996352803e-19,0.21088556640045616
R,0.25,1,0.1596828814797454,0.9949265325448182,0.8966860651803741,0.9949265325448182,0.1596828814797454,74.1694688541867,96.66666666666667,5944.506578196756,-2.443543036757151,0.6151180617213785,0.03737776500528325,-0.2444543036757151
R,0.25,1,0.39916565899249695,0.08959793708117769,0.7972375451853051,0.08959793708117769,0.39916565899249695,72.53214627403548,96.66666666666667,3218.1873882553064,-14.299808121384489,0.5622403480486032,0.3778284879013892,-1.4300808121384487
R,0.25,1,0.5431095021908816,0.788043619721476,0.750319736396309,0.788043619721476,0.5431095021908816,71.83706783190743,96.66666666666667,6128.826100651682,-2.142492975995792,0.6172187291171438,0.028713818913466176,-0.21434929759957919
R,0.25,1,0.5532299408560306,0.9896092082622671,0.8387885244669353,0.9896092082622671,0.5532299408560306,76.37802803089409,96.66666666666667,7493.575924769104,3.123899881756006,0.6318495621926676,8.255788996352803e-19,0.3122899881756006
R,0.25,1,0.02734297655825335,0.7182881392282626,0.05674015191444537,0.7182881392282626,0.02734297655825335,75.70829189016648,96.66666666666667,2929.915407393584,-15.18128382250169,0.5556752282148312,0.4009546713991407,-1.518228382250169
R,0.25,1,0.5441682669835849,0.9934685009968928,0.7252976267539504,0.9934685009968928,0.5441682669835849,72.8092464839467,96.66666666666667,6917.918064147236,0.9949020931603159,0.6273455702242609,8.255788996352803e-19,0.09939020931603158
R,0.25,1,0.44162728797666356,0.46126359514489046,0.9886682936925818,0.46126359514489046,0.44162728797666356,74.34566447892905,96.66666666666667,5193.881163977549,-5.897385783243364,0.5998968362296551,0.13731713390138978,-0.5898385783243365
R,0.25,1,0.271946084744192,0.9753321259595339,0.8100698234174055,0.9753321259595339,0.271946084744192,78.34076152108021,96.66666666666667,6472.1734140531735,-0.676424222679102,0.6230894742741943,0.005297610222768615,-0.06774242226791019
R,0.25,1,0.7195167398397472,0.7855007198684811,0.8350173220905489,0.7855007198684811,0.7195167398397472,72.04282096192614,96.66666666666667,6925.210255603551,0.8655160651074978,0.6272758373547762,8.255788996352803e-19,0.08645160651074978
R,0.25,1,0.3410688675261107,0.2726548465184947,0.9688722952707477,0.2726548465184947,0.3410688675261107,73.8535727423145,96.66666666666667,4055.1514613636186,-10.503244120141455,0.5793611868471908,0.29437649865952176,-1.0504244120141455
R,0.25,1,0.34484285904176804,0.9587847740312654,0.8897983984567752,0.9587847740312654,0.34484285904176804,72.56644130367113,96.66666666666667,6344.218487204754,-1.0032632149719944,0.6216928553899065,0.009809866566054912,-0.10042632149719943
R,0.25,1,0.16132639494706713,0.6702239311587185,0.9163853499358033,0.6702239311587185,0.16132639494706713,72.49228252439961,96.66666666666667,4674.8207008850395,-7.557565013505585,0.5914941967917297,0.213499105030356,-0.7558565013505586
R,0.25,1,0.6000951819837939,0.9683042070703348,0.9719326876003925,0.9683042070703348,0.6000951819837939,79.57750248191383,96.66666666666667,8174.064710248688,5.61693062808553,0.6371279642931,8.255788996352803e-19,0.3304835099108871
R,0.25,1,0.28887653418218706,0.44757606982952647,0.9805075957557942,0.44757606982952647,0.28887653418218706,70.87867590552464,96.66666666666667,4347.366274538299,-9.044375136770599,0.5851874351967136,0.2584806119670843,-0.9045375136770598
R,0.25,1,0.6176846055301561,0.9278929868835676,0.888788565137832,0.9278929868835676,0.6176846055301561,29.488543941230805,96.66666666666667,2934.0686538619516,-13.558473664310723,0.5583569295563812,0.39631972362348766,-1.3559473664310722
R,0.25,1,0.42120224251136923,0.1746454685141723,0.05755066174090995,0.1746454685141723,0.42120224251136923,66.3354304519224,96.66666666666667,2071.7319177180048,-19.882873631106367,0.533900674920526,0.47489440095098806,-1.9883873631106368
R,0.25,1,0.38278490491454714,0.38991412548174365,0.8671556533314487,0.38991412548174365,0.38278490491454714,70.08403485433678,96.66666666666667,4227.037464715705,-9.716948536291449,0.5826406203885036,0.27435745074749884,-0.9717948536291449
R,0.25,1,0.4077355955345199,0.9769723181312234,0.9774127859562253,0.9769723181312234,0.4077355955345199,60.88510064131959,96.66666666666667,5703.150930144957,-3.096291034172871,0.6117777580103794,0.05600362984563615,-0.3097291034172871
R,0.25,1,0.486862331606269,0.5305010913206768,0.8290321448076006,0.5305010913206768,0.486862331606269,68.01017287003515,96.66666666666667,4869.118600325136,-7.078261196305252,0.5943250827127146,0.18795652575878882,-0.7079261196305253
R,0.25,1,0.15974749796184862,0.9757039235914012,0.8982188131992038,0.9757039235914012,0.15974749796184862,77.13943716738085,96.66666666666667,6111.606522059494,-1.8971913694052507,0.617766589207686,0.025304276617813957,-0.18981913694052505
R,0.25,1,0.271132493685059,0.9534454765767063,0.9603311981462394,0.9534454765767063,0.271132493685059,76.86361883841377,96.66666666666667,6551.63799652968,-0.2566597203403764,0.6243412276020023,0.0012605987491476193,-0.02576597203403764
R,0.25,1,0.4410207253860625,0.40029333064327577,0.7829895762196617,0.40029333064327577,0.4410207253860625,69.81399601856576,96.66666666666667,4303.36558681923,-9.508340785124451,0.5837916445889025,0.2660123762450577,-0.950934078512445
R,0.25,1,0.4909687859898097,0.8713352035592105,0.997723220342851,0.8713352035592105,0.4909687859898097,71.33222537355955,96.66666666666667,6638.054200838748,0.07802428345927497,0.6252443429168906,8.255788996352803e-19,0.007702428345927497
R,0.25,1,0.5288525920105067,0.9984277224276612,0.9248971097257983,0.9984277224276612,0.5288525920105067,72.07574259745955,96.66666666666667,7170.559291123897,2.1070766851740457,0.629510266889752,8.255788996352803e-19,0.2106076685174046
R,0.25,1,0.5338857750422834,0.8702352400888436,0.991590699434439,0.8702352400888436,0.5338857750422834,76.23183239951423,96.66666666666667,7241.705294910675,2.1920382932781117,0.629866557344927,8.255788996352803e-19,0.2191038293278112
R,0.25,1,0.5935649056931481,0.5236013701983024,0.9228939307597116,0.5236013701983024,0.5935649056931481,70.48314723193344,96.66666666666667,5563.281475340258,-4.431084845698053,0.6067411812371079,0.0854728253764307,-0.4432084845698053
R,0.25,1,0.39054617525152174,0.979399501368185,0.6752833569055737,0.979399501368185,0.39054617525152174,30.44216452580236,96.66666666666667,2599.132760264827,-15.003653905554625,0.5499797615462859,0.42503643473307684,-1.5004653905554624
R,0.25,1,0.6799137976727386,0.7407208284376996,0.869023248892507,0.7407208284376996,0.6799137976727386,72.67026499226453,96.66666666666667,6740.698481368038,0.14710019607879493,0.6257786686860786,8.255788996352803e-19,0.014610019607879493
R,0.25,1,0.33045181353330483,0.3404476606983745,0.8244020727757551,0.3404476606983745,0.33045181353330483,71.97526308737604,96.66666666666667,3897.822210095696,-11.1317214257727,0.5766200863376053,0.31120770842721257,-1.1132721425772698
R,0.25,1,0.304299274971812,0.9451352068745522,0.8230767579543553,0.9451352068745522,0.304299274971812,126.90662608718483,96.66666666666667,10539.423089474745,12.984265592677408,0.6534259163417699,8.255788996352803e-19,0.3314834752806678
R,0.25,1,0.27126167288665004,0.8909491353426775,0.8674428629526959,0.8909491353426775,0.27126167288665004,81.48369051475072,96.66666666666667,6502.122435134511,-0.6771226766041151,0.6232088232358806,0.005207104939616894,-0.06781226766041151
R,0.25,1,0.4978479768885059,0.9106692748204669,0.2783265323371015,0.9106692748204669,0.4978479768885059,70.92743187754175,96.66666666666667,5488.650224997829,-4.8042054156347485,0.6051669245032641,0.09595174990893193,-0.4805205415634749
R,0.25,1,0.4023152031807411,0.918846684348017,0.9370326549298797,0.918846684348017,0.4023152031807411,73.18333710072095,96.66666666666667,6548.731205485016,-0.2726906210339753,0.6243347573639082,0.0013782341484833884,-0.02736906210339753
R,0.25,1,0.32801875513149664,0.9951666093554933,0.9822985512183288,0.9951666093554933,0.32801875513149664,72.80725012432767,96.66666666666667,6604.835797535637,0.07291238380479421,0.6250718037527283,8.255788996352803e-19,0.007191238380479421
R,0.25,1,0.32803875513149666,0.9951666093554933,0.9822985512183288,0.9951666093554933,0.32803875513149666,72.80725012432767,96.66666666666667,6604.90860478576,0.07317832349355369,0.6250723797519868,8.255788996352803e-19,0.007217832349355369
R,0.25,1,0.32801875513149664,0.9951866093554933,0.9822985512183288,0.9951866093554933,0.32801875513149664,72.80725012432767,96.66666666666667,6604.90860478576,0.0732027897909958,0.6250724021049765,8.255788996352803e-19,0.00722027897909958
R,0.25,1,0.32801875513149664,0.9951666093554933,0.9823185512183288,0.9951666093554933,0.32801875513149664,72.80725012432767,96.66666666666667,6604.872201160698,0.07306221711587386,0.6250721070793193,8.255788996352803e-19,0.007206221711587387
R,0.25,1,0.32801875513149664,0.9951666093554933,0.9822985512183288,0.9951666093554933,0.32801875513149664,72.80925012432766,96.66666666666667,6605.017230999646,0.07354345876782946,0.625073191619844,8.255788996352803e-19,0.0072543458767829454
R,0.25,1,0.47988843910140405,1.0,1.0,1.0,0.47988843910140405,65.53674517496007,96.66666666666667,6487.7722054119085,-0.21858729027377735,0.6242136887188242,0.0010348557250954914,-0.021958729027377735
R,0.25,1,0.47990843910140407,1.0,1.0,1.0,0.47990843910140407,65.53674517496007,96.66666666666667,6487.837742157085,-0.21834661187928853,0.6242144114391321,0.0010331579873211565,-0.021934661187928854
R,0.25,1,0.47988843910140405,0.99998,1.0,0.99998,0.47988843910140405,65.53674517496007,96.66666666666667,6487.706668666733,-0.21885157712992429,0.6242129250816159,0.0010367162401765978,-0.021985157712992427
R,0.25,1,0.47988843910140405,1.0,0.99998,1.0,0.47988843910140405,65.53674517496007,96.66666666666667,6487.73943703932,-0.21872390603529637,0.624213299225348,0.001035816801251487,-0.021972390603529637
R,0.25,1,0.47988843910140405,1.0,1.0,1.0,0.47988843910140405,65.53874517496008,96.66666666666667,6487.9701942558195,-0.2178924283265167,0.6242157977488678,0.0010299494347764811,-0.02188924283265167
R,0.25,1,1.0,1.0,1.0,1.0,1.0,48.15374268396394,96.66666666666667,6019.217835495492,-1.6778888445781053,0.6181768223397557,0.02294229457141845,-0.16788888445781053
R,0.25,1,0.99998,1.0,1.0,1.0,0.99998,48.15374268396394,96.66666666666667,6019.169681752808,-1.6780697246414131,0.6181759898400755,0.02294595992620216,-0.1679069724641413
R,0.25,1,1.0,0.99998,1.0,0.99998,1.0,48.15374268396394,96.66666666666667,6019.169681752808,-1.678091203523103,0.6181759246831033,0.022946316807038854,-0.1679091203523103
R,0.25,1,1.0,1.0,0.99998,1.0,1.0,48.15374268396394,96.66666666666667,6019.19375862415,-1.677994102272301,0.6181763612459998,0.022944373061033977,-0.1678994102272301
R,0.25,1,1.0,1.0,1.0,1.0,1.0,48.15574268396394,96.66666666666667,6019.467835495493,-1.6769816018847308,0.618181027110286,0.022923805172882304,-0.16779816018847307
R,0.25,1,0.9999999999999902,1.0,1.0,1.0,0.9999999999999902,51.85482257546521,96.66666666666667,6481.852821933126,-0.011097324476083411,0.624623011670284,1.2199621756607398e-05,-0.0012097324476083413
R,0.25,1,0.9999799999999902,1.0,1.0,1.0,0.9999799999999902,51.85482257546521,96.66666666666667,6481.80096711055,-0.011289979249339903,0.6246225590151077,1.2520424420738887e-05,-0.0012289979249339902
R,0.25,1,0.9999999999999902,0.99998,1.0,0.99998,0.9999999999999902,51.85482257546521,96.66666666666667,6481.80096711055,-0.011311375811603538,0.6246225350591468,1.255730514870013e-05,-0.0012311375811603538
R,0.25,1,0.9999999999999902,1.0,0.99998,1.0,0.9999999999999902,51.85482257546521,96.66666666666667,6481.826894521838,-0.01120841595233769,0.624622769564187,1.237972995929882e-05,-0.0012208415952337692
R,0.25,1,0.9999999999999902,1.0,1.0,1.0,0.9999999999999902,51.85682257546521,96.66666666666667,6482.1028219331265,-0.010203043780683237,0.6246251303698203,1.0769186271169357e-05,-0.0011203043780683235
R,0.25,1,1.0,1.0,1.0,1.0,1.0,51.881877446576354,96.66666666666667,6485.2346808220445,0.0010026994514963754,0.6246508468795235,8.255788996352803e-19,2.69945149637533e-07
R,0.25,1,0.99998,1.0,1.0,1.0,0.99998,51.881877446576354,96.66666666666667,6485.182798944597,0.0008097803309707543,0.6246504309708836,8.255788996352803e-19,-1.9021966902924568e-05
R,0.25,1,1.0,0.99998,1.0,0.99998,1.0,51.881877446576354,96.66666666666667,6485.182798944597,0.0007883596185491272,0.6246504112651325,8.255788996352803e-19,-2.1164038145087288e-05
R,0.25,1,1.0,1.0,0.99998,1.0,1.0,51.881877446576354,96.66666666666667,6485.208739883321,0.0008914644226723189,0.6246506253888485,8.255788996352803e-19,-1.0853557732768109e-05
R,0.25,1,1.0,1.0,1.0,1.0,1.0,51.883877446576356,96.66666666666667,6485.4846808220445,0.0018976174953270705,0.6246528005869557,8.255788996352803e-19,8.976174953270704e-05
R,0.25,1,1.0,1.0,1.0,1.0,1.0,51.88187141431037,96.66666666666667,6485.2339267887955,0.0010000002478281614,0.6246508409868569,8.255788996352803e-19,2.478281614214789e-11
R,0.25,1,0.99998,1.0,1.0,1.0,0.99998,51.88187141431037,96.66666666666667,6485.182044917381,0.0008070811483528053,0.6246504250782599,8.255788996352803e-19,-1.9291885164719475e-05
R,0.25,1,1.0,0.99998,1.0,0.99998,1.0,51.88187141431037,96.66666666666667,6485.182044917381,0.0007856604367387403,0.6246504053725094,8.255788996352803e-19,-2.1433956326125972e-05
R,0.25,1,1.0,1.0,0.99998,1.0,1.0,51.88187141431037,96.66666666666667,6485.207985853089,0.0008887652300740179,0.6246506194962046,8.255788996352803e-19,-1.1123476992598211e-05
R,0.25,1,1.0,1.0,1.0,1.0,1.0,51.88387141431037,96.66666666666667,6485.483926788796,0.0018949183152457373,0.6246527946943393,8.255788996352803e-19,8.949183152457373e-05
R,0.25,1,0.9686159447370412,0.6467966759608877,0.5137654701079241,0.6467966759608877,0.9686159447370412,95.74861834677657,96.66666666666667,8963.484672516504,7.297535620495348,0.6419511630383649,8.255788996352803e-19,0.3308067608835303
R,0.25,1,0.35120432524187856,0.5768886699918635,0.1608254678752412,0.5768886699918635,0.35120432524187856,59.95497633399967,96.66666666666667,3023.2468562586064,-14.773989147310303,0.5581177781387766,0.39416320523573034,-1.4774989147310302
R,0.25,1,0.28384695927476894,0.19324088103163278,0.9394942792026918,0.19324088103163278,0.28384695927476894,158.6955392938401,96.66666666666667,7512.924387936614,0.6996611616342306,0.6289734826654997,8.255788996352803e-19,0.06986611616342306
R,0.25,1,0.7643042709032668,0.3642222885285017,0.7963531028972515,0.3642222885285017,0.7643042709032668,163.5928378092202,96.66666666666667,12487.884720054411,18.167772396919275,0.6655811369694395,8.255788996352803e-19,0.3322148140950711
R,0.25,1,0.8970257614727396,0.48147232254371836,0.5888020879919352,0.48147232254371836,0.8970257614727396,51.228280190303245,96.66666666666667,4284.987262996726,-9.362005153699688,0.5841754460082784,0.26673170314660605,-0.9363005153699687
R,0.25,1,0.52109445308958,0.5333473413200728,0.2860457569197973,0.5333473413200728,0.52109445308958,18.900307259862803,96.66666666666667,1131.6225125032809,-22.36429169100036,0.5119025393691363,0.5479455215942006,-2.236529169100036
R,0.25,1,0.14619219946010825,0.5174111673458265,0.4585479170588225,0.5174111673458265,0.14619219946010825,69.13877097460839,96.66666666666667,3086.62204523907,-14.341674743196185,0.5597322015631203,0.3872409165223879,-1.4342674743196184
R,0.25,1,0.6943835134224092,0.6123560975097462,0.9928707543855451,0.6123560975097462,0.6943835134224092,92.2530837477707,96.66666666666667,8317.422659568721,5.454528907592498,0.6374637442805505,8.255788996352803e-19,0.3305827389894279
R,0.25,1,0.21797213269198645,0.4071587035917476,0.13815060830806736,0.4071587035917476,0.21797213269198645,114.55370173265624,96.66666666666667,3976.194157634326,-12.308245569575345,0.5749705837363286,0.3099838290320202,-1.2309245569575344
R,0.25,1,0.604301557252686,0.0065974889834210515,0.3854442944609825,0.0065974889834210515,0.604301557252686,189.04266972012823,96.66666666666667,7595.934792830071,-0.82712200388062,0.6275858930543262,0.0023691253602004143,-0.082812200388062
R,0.25,1,0.5596227730483831,0.6949537549567252,0.7652178722819377,0.6949537549567252,0.5596227730483831,173.41716730332192,96.66666666666667,14195.80327711935,24.31336823165479,0.6778661351373604,8.255788996352803e-19,0.3328112112200771
R,0.25,1,0.8708277127186973,0.11308934576628105,0.0449469024901335,0.11308934576628105,0.8708277127186973,28.978029630512914,96.66666666666667,1458.160700541212,-22.007715872856892,0.5193139271244923,0.5251411817446066,-2.200871587285689
R,0.25,1,0.30712884711399235,0.7755841267968077,0.34548242015078795,0.7755841267968077,0.30712884711399235,10.758766272144914,96.66666666666667,675.356906544694,-24.461272372942222,0.4999475990317964,0.5855235966602227,-2.4462272372942224
R,0.25,1,0.029728495531615662,0.7302751564361,0.07877279582357538,0.7302751564361,0.029728495531615662,232.9483728482188,96.66666666666667,9310.830569524338,5.779707231777109,0.6402861354398401,8.255788996352803e-19,0.3315238658912929
R,0.25,1,0.7841039948284109,0.7906326795323919,0.8735306248362705,0.7906326795323919,0.7841039948284109,207.08455377339132,96.66666666666667,20827.549567320322,46.08294766579773,0.7226015954939542,8.255788996352803e-19,0.33558231862664856
R,0.25,1,0.7430853745782112,0.689203675470586,0.852794027763853,0.689203675470586,0.7430853745782112,35.852905005689784,96.66666666666667,3331.9647442753844,-12.316521915936498,0.5674759464673194,0.3622950615658345,-1.2317521915936498
R,0.25,1,0.47195175831275216,0.07831978007161983,0.2606535048114072,0.07831978007161983,0.47195175831275216,201.18289108614357,96.66666666666667,6846.236590471763,-3.705364458430921,0.617211665888159,0.029171437227450775,-0.3706364458430921
R,0.25,1,0.10840913750025294,0.9565992126211759,0.49168580370923776,0.9565992126211759,0.10840913750025294,220.08748798025746,96.66666666666667,14425.097958159193,24.226910322177382,0.6777637348893388,8.255788996352803e-19,0.3330559798819633
R,0.25,1,0.40456632623954275,0.8602682340485879,0.31918347377840794,0.8602682340485879,0.40456632623954275,82.98950785634004,96.66666666666667,5910.621869018789,-3.47840271642371,0.6117713559105867,0.05447572135370353,-0.347940271642371
R,0.25,1,0.2547706002959238,0.42366842579457903,0.5829130160851156,0.42366842579457903,0.2547706002959238,248.62150899347384,96.66666666666667,12056.844563109644,14.909551680135175,0.6594064071129897,8.255788996352803e-19,0.332411214662366
R,0.25,1,0.36622421888486856,0.3422548017587893,0.025127170843800284,0.3422548017587893,0.36622421888486856,16.042727507087594,96.66666666666667,578.3745025055025,-25.679461107638087,0.4968367312417028,0.5953844964601875,-2.5680461107638086
R,0.25,1,0.23582282184275383,0.8877924628541111,0.7296383565649008,0.8877924628541111,0.23582282184275383,179.822123124851,96.66666666666667,13382.672263256894,21.637433208023193,0.6720770810329489,8.255788996352803e-19,0.33258649450991723
R,0.25,1,0.6236048893814072,0.6085327925113992,0.42019032519487776,0.6085327925113992,0.6236048893814072,211.83010350798517,96.66666666666667,15275.416636549231,26.63531921549291,0.6834009755506065,8.255788996352803e-19,0.3332719970830229
R,0.25,1,0.1238734799241667,0.048646697919374204,0.23257973500353712,0.048646697919374204,0.1238734799241667,120.85132267429744,96.66666666666667,1745.1537990802233,-21.85691905858757,0.5252110026343786,0.4956511922243064,-2.1857919058587574
R,0.25,1,0.9222563051986207,0.31233582273637883,0.1111086357036073,0.31233582273637883,0.9222563051986207,240.09691531644785,96.66666666666667,15488.009096994514,25.749775372722986,0.6828564265544115,8.255788996352803e-19,0.33339017157627737
R,0.25,1,0.5340508068101463,0.9166086949903056,0.1735565653399858,0.9166086949903056,0.5340508068101463,129.49545738586386,96.66666666666667,9954.56045511547,10.18844058833543,0.6483775182354578,8.255788996352803e-19,0.3312874912888315
R,0.25,1,0.6468488875765607,0.11058895645429034,0.5486759830490712,0.11058895645429034,0.6468488875765607,145.04222634554375,96.66666666666667,7482.553213924346,0.03814214908687404,0.6285809194303847,8.255788996352803e-19,0.0037142149086874044
R,0.25,1,0.8587876070901819,0.2610980470602486,0.9483329826595832,0.2610980470602486,0.8587876070901819,223.44218862511562,96.66666666666667,17808.9250084331,34.91131849885209,0.7004031814654917,8.255788996352803e-19,0.3342038122070543
R,0.25,1,0.7069432232337349,0.45972854854436895,0.3951470546459319,0.45972854854436895,0.7069432232337349,113.25113456849579,96.66666666666667,7725.116397646653,2.000879244342417,0.6316168218322115,8.255788996352803e-19,0.19998792443424168
R,0.25,1,0.4327407772211003,0.14974129762887323,0.6312697381908821,0.14974129762887323,0.4327407772211003,40.339771639381404,96.66666666666667,1811.4916212108565,-19.672806643739214,0.528815267505045,0.49317913479220926,-1.9673806643739216
R,0.25,1,0.8071504199235711,0.9377922271155604,0.8980435804987806,0.9377922271155604,0.8071504199235711,52.64774478069604,96.66666666666667,5775.363987614475,-2.8131601194609686,0.6131784836921753,0.04822000554781358,-0.28141601194609683
R,0.25,1,0.018180161504766368,0.20603008836451475,0.6452751237240776,0.20603008836451475,0.018180161504766368,134.9906119800921,96.66666666666667,3690.9660382792526,-13.199915393008844,0.5703071294532649,0.3357924460626983,-1.3200915393008843
R,0.25,1,0.07254035318612845,0.22764638123533554,0.7032523730429301,0.22764638123533554,0.07254035318612845,77.90558824018703,96.66666666666667,2538.9934514306706,-16.823470694074004,0.5461993122523735,0.4328671270160881,-1.6824470694074005
R,0.25,1,0.9722800857793642,0.8197224992086457,0.6757462031388652,0.8197224992086457,0.9722800857793642,101.01095277544054,96.66666666666667,10757.038619620642,14.001882250438788,0.6556559538396612,8.255788996352803e-19,0.33142675914985986
R,0.25,1,0.4753585320303798,0.996936408274855,0.8325742206761952,0.996936408274855,0.4753585320303798,153.1398960983723,96.66666666666667,14460.862950438543,26.13071671679309,0.6810653496325674,8.255788996352803e-19,0.3328504384149683
R,0.25,1,0.1770117000871289,0.29719641406726327,0.1956268744406255,0.29719641406726327,0.1770117000871289,188.68539513722897,96.66666666666667,5396.605622407345,-8.18408237380571,0.5953031753687181,0.14886883993719396,-0.818508237380571
R,0.25,1,0.4745303176448381,0.19324088103163278,0.9394942792026918,0.19324088103163278,0.4745303176448381,115.3532194764765,96.66666666666667,6560.820126693893,-2.0565389886937657,0.6198758421732475,0.020431281363414253,-0.20575389886937656
R,0.25,1,0.8062697071984388,0.36754060120446896,0.5665337101015941,0.36754060120446896,0.8062697071984388,152.57840998548687,96.66666666666667,11115.925841296481,13.349008600370329,0.655798420240727,8.255788996352803e-19,0.3317384318902544
R,0.25,1,0.7851485650464698,0.2669374407395889,0.1608254678752412,0.2669374407395889,0.7851485650464698,181.81658092779057,96.66666666666667,10295.352438079557,9.106447652390631,0.6482783022286231,8.255788996352803e-19,0.33159113618601777
R,0.25,1,0.8969624905324372,0.7581149250726464,0.49509087950016617,0.7581149250726464,0.8969624905324372,129.38412987367644,96.66666666666667,12308.4601308949,18.585625740009515,0.6658332072446901,8.255788996352803e-19,0.3320311417470218
R,0.25,1,0.3689080860659848,0.6123560975097462,0.6914441840284081,0.6123560975097462,0.3689080860659848,92.2530837477707,96.66666666666667,6120.928800707031,-2.8442340231299967,0.6149198808670571,0.03910303297682881,-0.28452340231299966
R,0.25,1,0.14619219946010825,0.12794208240395355,0.4295224893371073,0.12794208240395355,0.14619219946010825,104.29414281818119,96.66666666666667,2549.4469933681244,-17.836566683221662,0.5451272022490946,0.43379676100271647,-1.7837566683221664
R,0.25,1,0.8876418564077542,0.48147232254371836,0.5293295378935035,0.48147232254371836,0.8876418564077542,217.01155249155576,96.66666666666667,17727.445295570713,34.69875731901123,0.7000528511641305,8.255788996352803e-19,0.3341505248327284
R,0.25,1,0.5417287308107436,0.5333473413200728,0.2860457569197973,0.5333473413200728,0.5417287308107436,87.81522255957661,96.66666666666667,5348.381522285517,-6.267732770572765,0.6001038130662047,0.1272574358955166,-0.6268732770572766
R,0.25,1,0.5596227730483831,0.5209395030512532,0.5946883152931148,0.5209395030512532,0.5596227730483831,159.43395027227197,96.66666666666667,10984.253291886715,13.048563887455071,0.6548443810340292,8.255788996352803e-19,0.3317359330637645
R,0.25,1,0.705205702665718,0.8409609815455443,0.3854442944609825,0.8409609815455443,0.705205702665718,239.65676315453513,96.66666666666667,20836.823441445133,44.83413681336094,0.7204572547708821,8.255788996352803e-19,0.33557376804058875
R,0.25,1,0.5414179779593169,0.4071587035917476,0.20608851402856554,0.4071587035917476,0.5414179779593169,192.2727852992024,96.66666666666667,10109.904346846039,8.649783637207477,0.646858812996177,8.255788996352803e-19,0.33158728319770103
R,0.25,1,0.30712884711399235,0.08014639075699115,0.34548242015078795,0.08014639075699115,0.30712884711399235,158.0871786725697,96.66666666666667,4426.57101330384,-11.696209903072901,0.5802275387340093,0.26871450233342076,-1.16972099030729
R,0.25,1,0.29794344163027375,0.041704071569146905,0.5017187034977703,0.041704071569146905,0.29794344163027375,101.82408897657642,96.66666666666667,3006.3911778887746,-16.156811507115354,0.5557656402774344,0.39795414237688764,-1.6157811507115354
R,0.25,1,0.7806770245773782,0.2921593545013368,0.690201969776103,0.2921593545013368,0.7806770245773782,232.9483728482188,96.66666666666667,16515.310086837544,30.09933349094315,0.6908522884268591,8.255788996352803e-19,0.3337431820099141
R,0.25,1,0.8617344220230923,0.1667540372345948,0.7085933911000694,0.1667540372345948,0.8617344220230923,237.393719125156,96.66666666666667,16413.225532542987,29.449568068973093,0.6897685374332639,8.255788996352803e-19,0.33371052177255417
R,0.25,1,0.7430853745782112,0.08095170678074504,0.852794027763853,0.08095170678074504,0.7430853745782112,100.70494239446496,96.66666666666667,6296.2446764654005,-3.10729894068816,0.6155177795233772,0.03743688352274856,-0.310829894068816
R,0.25,1,0.39806430494803885,0.2871891755719225,0.709473773219568,0.2871891755719225,0.39806430494803885,173.9887048254109,96.66666666666667,9047.328850390399,5.732052297519279,0.6399464038192534,8.255788996352803e-19,0.33118538044949886
R,0.25,1,0.10840913750025294,0.791060345042626,0.44372913296144456,0.791060345042626,0.10840913750025294,224.2825981796642,96.66666666666667,12574.785697116813,17.595600449612462,0.664322092042475,8.255788996352803e-19,0.33248985636547
R,0.25,1,0.4830611628701596,0.4412093156273107,0.5829130160851156,0.4412093156273107,0.4830611628701596,97.65824849021104,96.66666666666667,5936.288407389076,-4.043559963253708,0.610272095324774,0.06106327273237295,-0.4044559963253708
R,0.25,1,0.5243901106976497,0.30210382563652344,0.7296383565649008,0.30210382563652344,0.5243901106976497,225.80837207169625,96.66666666666667,13450.423751962095,19.994457748140775,0.669942209101019,8.255788996352803e-19,0.33273938976489215
R,0.25,1,0.40456632623954275,0.5171216898230326,0.3594767427203538,0.5171216898230326,0.40456632623954275,137.20089172548774,96.66666666666667,7555.834126219208,1.028169463826854,0.6297290776668155,8.255788996352803e-19,0.1027169463826854
R,0.25,1,0.2994569854419084,0.3422548017587893,0.6748332503627432,0.3422548017587893,0.2994569854419084,156.0069816134439,96.66666666666667,7637.5434113845,1.1120651861962165,0.6299346319607672,8.255788996352803e-19,0.11110651861962166
R,0.25,1,0.8549952658183569,0.31233582273637883,0.4449571703271519,0.31233582273637883,0.8549952658183569,43.569308764681566,96.66666666666667,3027.6523399187236,-14.640536542995964,0.5585702063781928,0.3944917958144341,-1.4641536542995963
R,0.25,1,0.7943029266879502,0.2547898025167751,0.5137654701079241,0.2547898025167751,0.7943029266879502,95.74861834677657,96.66666666666667,6252.2673148779695,-3.293164037817302,0.6148026328931184,0.040618152567498435,-0.3294164037817302
R,0.25,1,0.1238734799241667,0.5094989244108588,0.6431441582078352,0.5094989244108588,0.1238734799241667,120.85132267429744,96.66666666666667,5770.315195206,-4.785040537093968,0.6066987147518962,0.07926828283497894,-0.47860405370939685
R,0.25,1,0.6236048893814072,0.46090041847471974,0.442830806107727,0.46090041847471974,0.6236048893814072,211.83010350798517,96.66666666666667,13831.665968264242,21.50640376869897,0.6730928690825833,8.255788996352803e-19,0.3328030976352667
R,0.25,1,0.6732568527611423,0.28808492212836234,0.42892294905282163,0.28808492212836234,0.6732568527611423,223.44218862511562,96.66666666666667,13136.202572100741,18.542128256537158,0.6674716765910284,8.255788996352803e-19,0.3326215185465489
R,0.25,1,0.5340508068101463,0.44079117143555935,0.1735565653399858,0.44079117143555935,0.5340508068101463,214.19002015238226,96.66666666666667,11369.42325398554,12.631301061181507,0.6552495798553271,8.255788996352803e-19,0.3320586034701011
R,0.25,1,0.7069432232337349,0.45972854854436895,0.864950332970547,0.45972854854436895,0.7069432232337349,174.73123321461102,96.66666666666667,13971.04583070647,23.269099434532908,0.6759750580895159,8.255788996352803e-19,0.33273191484937004
R,0.25,1,0.6828135568932563,0.996936408274855,0.8325742206761952,0.996936408274855,0.6828135568932563,59.77162404160943,96.66666666666667,6264.1770027215825,-1.0894094874758773,0.6211639809813093,0.01146053294571949,-0.10904094874758771
R,0.25,1,0.43245401841058473,0.10265032752964842,0.38316745503986616,0.10265032752964842,0.43245401841058473,52.64774478069604,96.66666666666667,1912.9244113353266,-19.916742934736526,0.5306535859694683,0.4864303304956995,-1.9917742934736526
R,0.25,1,0.07254035318612845,0.0533684370236302,0.4338208337043896,0.0533684370236302,0.07254035318612845,106.2821904962002,96.66666666666667,1821.7788135357418,-20.93440780878137,0.5276535999720783,0.489485800675271,-2.093540780878137
R,0.25,1,0.32657103128088344,0.14974129762887323,0.894014285613229,0.14974129762887323,0.32657103128088344,221.12356617993206,96.66666666666667,10208.384715464746,8.973092580104575,0.6470379856589648,8.255788996352803e-19,0.3317490151743738
R,0.25,1,0.7077503539633768,0.7542303896692081,0.5990263191291868,0.7542303896692081,0.7077503539633768,216.27344745240924,96.66666666666667,19048.21795554271,39.61097982890631,0.7096375827676299,8.255788996352803e-19,0.33472279724821213
R,0.25,1,0.6800742194518468,0.002695076237897498,0.9528502449452358,0.002695076237897498,0.6800742194518468,167.30607550668347,96.66666666666667,9697.01344259991,7.886315612414886,0.6447589344625555,8.255788996352803e-19,0.3313563774836007
R,0.25,1,0.1770117000871289,0.07785333056704652,0.4916702736721084,0.07785333056704652,0.1770117000871289,188.68539513722897,96.66666666666667,4723.740447408536,-10.643102077553351,0.5845068124439122,0.2367713312131009,-1.064410207755335
R,0.25,1,0.652566117337429,0.31276870249502525,0.24092346282888738,0.31276870249502525,0.652566117337429,112.69468848574506,96.66666666666667,6118.175205083275,-4.385789656626421,0.6108512889699146,0.057021188408843085,-0.4386789656626421
R,0.25,1,0.8469377557200415,0.30396933393183256,0.692749233696107,0.30396933393183256,0.8469377557200415,145.04222634554375,96.66666666666667,10858.453608860225,12.642361684274851,0.6542023919783636,8.255788996352803e-19,0.3316276048152634
R,0.25,1,0.00090598030360034,0.3000706965612562,0.49509087950016617,0.3000706965612562,0.00090598030360034,167.2514575750147,96.66666666666667,4587.056175799043,-10.27583933742636,0.5839850640847125,0.24629723065158027,-1.027683933742636
R,0.25,1,0.7776777928035803,0.8555279350725782,0.4946517109005497,0.8555279350725782,0.7776777928035803,181.81658092779057,96.66666666666667,17095.591140356828,33.96991695186296,0.6978834460640602,8.255788996352803e-19,0.33385327503009704
R,0.25,1,0.2318828315381522,0.5174111673458265,0.4585479170588225,0.5174111673458265,0.2318828315381522,69.13877097460839,96.66666666666667,3382.849294534735,-13.203068849122763,0.5667610203612622,0.3613207705868959,-1.3204068849122763
R,0.25,1,0.24453998108463204,0.4855642881450566,0.9928707543855451,0.4855642881450566,0.24453998108463204,157.38673522138419,96.66666666666667,9652.053528501103,8.836150940773736,0.6454593020168171,8.255788996352803e-19,0.3313229806210368
R,0.25,1,0.43280973601355244,0.3448432819790225,0.5293295378935035,0.3448432819790225,0.43280973601355244,217.01155249155576,96.66666666666667,11309.750056663297,12.691601558477371,0.654966130086774,8.255788996352803e-19,0.3320604365409444
R,0.25,1,0.35871656178852374,0.7699364383286588,0.07821790143788232,0.7699364383286588,0.35871656178852374,50.16724431989271,96.66666666666667,2929.1699547535177,-14.746602357426287,0.5564494538446196,0.4010798996484695,-1.4747602357426286
R,0.25,1,0.4334549818993255,0.820521386805904,0.37541879274668133,0.820521386805904,0.4334549818993255,132.018232769519,96.66666666666667,9516.440345732239,8.656985122056007,0.645085106739115,8.255788996352803e-19,0.3311606311511459
R,0.25,1,0.5414179779593169,0.5132770627181484,0.20608851402856554,0.5132770627181484,0.5414179779593169,54.454667977651106,96.66666666666667,3152.2154530241555,-14.25091144631509,0.5612925459757814,0.3833955627168832,-1.4251911446315089
R,0.25,1,0.17740622711070575,0.5631790084624674,0.11403576069984495,0.5631790084624674,0.17740622711070575,159.43395027227197,96.66666666666667,6358.2507760546005,-3.847166669245485,0.6132860435348105,0.04401978780899005,-0.38481666692454847
R,0.25,1,0.8361737613235034,0.7302751564361,0.2989208947153915,0.7302751564361,0.8361737613235034,58.644765018351855,96.66666666666667,5031.455075504666,-6.561455676298544,0.5971123599311107,0.16305282159443346,-0.6562455676298544
R,0.25,1,0.9916034726715338,0.08014639075699115,0.5185713470563723,0.08014639075699115,0.9916034726715338,158.0871786725697,96.66666666666667,10520.98263752077,10.5190474290614,0.6507991246428794,8.255788996352803e-19,0.33156227404648825
R,0.25,1,0.7841039948284109,0.7906326795323919,0.8556543829413024,0.7906326795323919,0.7841039948284109,233.1418170656514,96.66666666666667,23344.068923498027,53.62690564293305,0.7380804460607507,8.255788996352803e-19,0.3370249108307727
R,0.25,1,0.7433845655505118,0.07924245443164368,0.6980276095655048,0.07924245443164368,0.7433845655505118,215.21977029830808,96.66666666666667,12608.013458901185,16.856385196952754,0.6640087917852189,8.255788996352803e-19,0.33243105201562606
R,0.25,1,0.7674077749286442,0.15050777077537947,0.852794027763853,0.15050777077537947,0.7674077749286442,196.28814623749727,96.66666666666667,13193.631014245562,19.604047787698303,0.6691385825233267,8.255788996352803e-19,0.3325477361312096
R,0.25,1,0.39806430494803885,0.7620668852865304,0.709473773219568,0.7620668852865304,0.39806430494803885,146.87134440002401,96.66666666666667,11124.535551740455,14.28738081814547,0.6567350567802709,8.255788996352803e-19,0.33174194796943735
R,0.25,1,0.22208039267270951,0.14193545847693695,0.44372913296144456,0.14193545847693695,0.22208039267270951,74.86468239277949,96.66666666666667,2193.087569302328,-18.840749425360553,0.5372720505028569,0.4626602633815635,-1.8841749425360554
R,0.25,1,0.23582282184275383,0.8877924628541111,0.7974332818913578,0.8877924628541111,0.23582282184275383,182.3826112463444,96.66666666666667,13882.343589118147,23.35493162452556,0.6755998283861343,8.255788996352803e-19,0.3327578276338621
R,0.25,1,0.40575279226972477,0.30606600200840206,0.49035232768554055,0.30606600200840206,0.40575279226972477,98.31850628545342,96.66666666666667,4704.515740257833,-9.022438608313278,0.5882661460789375,0.22401465733653583,-0.9023438608313278
R,0.25,1,0.9820200090116136,0.42366842579457903,0.28929295345421024,0.42366842579457903,0.9820200090116136,140.77751512889924,96.66666666666667,10912.614823161972,12.648400332620767,0.6545390800265595,8.255788996352803e-19,0.3316184442772461
R,0.25,1,0.14073662017322097,0.17521326074223853,0.7681474854500084,0.17521326074223853,0.14073662017322097,223.6521083377811,96.66666666666667,7828.087965672155,0.6340446647854692,0.6295710425421147,8.255788996352803e-19,0.06330446647854691
R,0.25,1,0.6236048893814072,0.46090041847471974,0.5122283681283931,0.46090041847471974,0.6236048893814072,51.794360846051916,96.66666666666667,3471.8264860886,-12.653838922533138,0.5694052985604446,0.35315854042335637,-1.2654838922533138
R,0.25,1,0.6661951268240444,0.7004718217874629,0.18348690121309774,0.7004718217874629,0.6661951268240444,31.46402026340511,96.66666666666667,2294.3727176678826,-17.125386091194787,0.5413954051706645,0.45391665884699767,-1.712638609119479
R,0.25,1,0.32798508671401816,0.28808492212836234,0.9738877767282008,0.28808492212836234,0.32798508671401816,74.11525092129524,96.66666666666667,4087.507588056704,-10.350077208826596,0.5799761828199897,0.29065800147248594,-1.0351077208826596
R,0.25,1,0.709853796739634,0.012706778249012951,0.1735565653399858,0.012706778249012951,0.709853796739634,129.49545738586386,96.66666666666667,5240.285277632906,-8.842477246113006,0.5937257217027491,0.16478741058313645,-0.8843477246113005
R,0.25,1,0.5914431552351626,0.041777871859801974,0.6366554523529907,0.041777871859801974,0.5914431552351626,203.60462767669216,96.66666666666667,9686.986481302809,6.819583583822877,0.643326914368464,8.255788996352803e-19,0.3315006581604084
R,0.25,1,0.7069432232337349,0.23533907477458588,0.2023684233764716,0.23533907477458588,0.7069432232337349,9.026542503115188,96.66666666666667,470.9447400176612,-26.271047804802453,0.49386273552023946,0.6056270213585253,-2.6272047804802456
R,0.25,1,0.7590760802791842,0.5094989244108588,0.5938383860490514,0.5094989244108588,0.7590760802791842,120.85132267429744,96.66666666666667,9459.602221637186,8.414089665806824,0.6447945784220361,8.255788996352803e-19,0.33108366904422093
R,0.25,1,0.4408383669301379,0.7047313041926646,0.6712450969962993,0.7047313041926646,0.4408383669301379,114.98280961393338,96.66666666666667,8515.582149515767,5.548605819066622,0.6381602013042165,8.255788996352803e-19,0.3307551994017744
R,0.25,1,0.9090808666393322,0.7542303896692081,0.05971305540958677,0.7542303896692081,0.9090808666393322,100.7899702810831,96.66666666666667,8532.716531579563,5.303991572230554,0.6382540198023295,8.255788996352803e-19,0.33067814287679703
R,0.25,1,0.4753585320303798,0.7795735115560822,0.5838144741218182,0.7795735115560822,0.4753585320303798,216.7663925815611,96.66666666666667,16765.13853846938,31.979176620717894,0.6939562639393017,8.255788996352803e-19,0.3338244002976486
R,0.25,1,0.8071504199235711,0.5311555620692368,0.5091855850494778,0.5311555620692368,0.8071504199235711,116.01444445606761,96.66666666666667,9239.963320020204,7.668843245183273,0.6432487500020753,8.255788996352803e-19,0.33098830255423217
R,0.25,1,0.6800742194518468,0.5838254568210636,0.4404337134190309,0.5838254568210636,0.6800742194518468,163.37459168070936,96.66666666666667,12123.346629129692,16.864595015955402,0.6629240431391897,8.255788996352803e-19,0.33210030284250774
R,0.25,1,0.07254035318612845,0.4458067778124847,0.7032523730429301,0.4458067778124847,0.07254035318612845,217.05424439044515,96.66666666666667,9441.570053708469,6.759474826562945,0.6418928453768674,8.255788996352803e-19,0.3315053433676558
R,0.25,1,0.11314537142792913,0.29719641406726327,0.1956268744406255,0.29719641406726327,0.11314537142792913,154.91482618888793,96.66666666666667,3936.038900197405,-13.10710456084375,0.5728892208418241,0.31635481090443934,-1.310810456084375
R,0.25,1,0.7851485650464698,0.2255291780943326,0.7577752760429536,0.2255291780943326,0.7851485650464698,79.86498618513285,96.66666666666667,5548.880998493215,-5.33872687632874,0.6041384496440071,0.09892068932609331,-0.533972687632874
R,0.25,1,0.8969624905324372,0.4087101781237895,0.49509087950016617,0.4087101781237895,0.8969624905324372,82.2871900459543,96.66666666666667,6390.497683462384,-2.240267878109329,0.6187164465555516,0.025088780966286278,-0.2241267878109329
R,0.25,1,0.653446170956249,0.03041774173690487,0.5486759830490712,0.03041774173690487,0.653446170956249,156.07194707686995,96.66666666666667,7477.4218442009615,-0.35939514778080894,0.6280098998139106,0.0008907349316233908,-0.03603951477808089
R,0.25,1,0.39667625926715244,0.3686424624320248,0.9394942792026918,0.3686424624320248,0.39667625926715244,206.09034960606814,96.66666666666667,12726.757757097226,18.30355116709468,0.6658943482756612,8.255788996352803e-19,0.33246046754112607
R,0.25,1,0.7189453652382837,0.46779793812032133,0.7193135344951004,0.46779793812032133,0.7189453652382837,177.6314200232371,96.66666666666667,13734.462023290274,22.24963418639309,0.6740440459783442,8.255788996352803e-19,0.332661150537404
R,0.25,1,0.2005155716098973,0.1806977190628568,0.8597134270203094,0.1806977190628568,0.2005155716098973,132.9385207498411,96.66666666666667,5391.122329032167,-6.6877666663484066,0.5988758499116766,0.1308055358024699,-0.6688766666348407
R,0.25,1,0.937464744396282,0.40019956095077946,0.3922902547746999,0.40019956095077946,0.937464744396282,87.81522255957661,96.66666666666667,6734.590834977516,-1.2221052518261752,0.6233125732080299,0.009462561794058601,-0.12231052518261751
R,0.25,1,0.7842986473580209,0.6123560975097462,0.9928707543855451,0.6123560975097462,0.7842986473580209,135.84861748778584,96.66666666666667,12858.683793085404,20.62788011777057,0.6698456443070994,8.255788996352803e-19,0.3322428740476523
R,0.25,1,0.9884582957494574,0.6315421041786962,0.5948392893152086,0.6315421041786962,0.9884582957494574,132.018232769519,96.66666666666667,12656.720288153205,19.665637212595094,0.6681975071443257,8.255788996352803e-19,0.3321488808491866
R,0.25,1,0.5839317916654513,0.3110637907244693,0.4146278517392705,0.3110637907244693,0.5839317916654513,143.26172403184273,96.66666666666667,7895.938028497837,1.7955353420779447,0.6319184632980861,8.255788996352803e-19,0.17945353420779447
R,0.25,1,0.5414179779593169,0.20918016853019478,0.2664979061551073,0.20918016853019478,0.5414179779593169,192.2727852992024,96.66666666666667,8496.987180619057,2.632592645254105,0.6347927474200636,8.255788996352803e-19,0.2631592645254105
R,0.25,1,0.9941280694543058,0.04247277562078933,0.4254743967519377,0.04247277562078933,0.9941280694543058,118.54848249481049,96.66666666666667,7405.356458707962,-0.09011268267420938,0.628478622290834,0.00012549786838868276,-0.009111268267420938
R,0.25,1,0.7650487121719031,0.49934124054794204,0.7694389076867696,0.49934124054794204,0.7650487121719031,140.50169100507125,96.66666666666667,11585.133013725168,15.696143633376687,0.6600293159014456,8.255788996352803e-19,0.33184654856032836
R,0.25,1,0.8809265595488935,0.25065905928232723,0.9446279346842208,0.25065905928232723,0.8809265595488935,103.12094431518868,96.66666666666667,8269.781995646712,4.473276594807163,0.6362955385401737,8.255788996352803e-19,0.3306037242169432
R,0.25,1,0.42887819352689993,0.7906326795323919,0.501334093727334,0.7906326795323919,0.42887819352689993,207.08455377339132,96.66666666666667,15222.556925736932,26.94035063530723,0.6835977388491427,8.255788996352803e-19,0.3332579173849037
R,0.25,1,0.5337506203064453,0.18801045701978547,0.6978738521583854,0.18801045701978547,0.5337506203064453,215.21977029830808,96.66666666666667,11521.768917588615,13.363830653268026,0.6564690894929138,8.255788996352803e-19,0.33211400920412293
R,0.25,1,0.5901387811945125,0.32771744116601365,0.6376206999451297,0.32771744116601365,0.5901387811945125,113.39210353807442,96.66666666666667,7011.411200603474,-0.5272222853684642,0.6258310441716447,0.002490341258339518,-0.05282222853684641
R,0.25,1,0.6687864119209158,0.20918016853019478,0.44372913296144456,0.20918016853019478,0.6687864119209158,127.4964144300505,96.66666666666667,7011.2263856149375,-1.299410713206685,0.6243189657114917,0.008070719520771518,-0.1300410713206685
R,0.25,1,0.71763514028937,0.15860767570088274,0.28929295345421024,0.15860767570088274,0.71763514028937,140.77751512889924,96.66666666666667,7185.912892522454,-1.2694017723116517,0.6252803403001757,0.006530647810117393,-0.12704017723116517
R,0.25,1,0.8073699405823427,0.8697044775870625,0.2736690978192272,0.8697044775870625,0.8073699405823427,137.20089172548774,96.66666666666667,12443.496389604987,18.821310903334847,0.6664646253792176,8.255788996352803e-19,0.33210347463416023
R,0.25,1,0.2994569854419084,0.2255291780943326,0.7577752760429536,0.2255291780943326,0.2994569854419084,79.86498618513285,96.66666666666667,3609.3934337255323,-12.656921281342473,0.5708226693215146,0.34151565474825113,-1.2657921281342472
R,0.25,1,0.6254600483405433,0.4356761944122992,0.7296383565649008,0.4356761944122992,0.6254600483405433,179.822123124851,96.66666666666667,12820.91656459786,19.018308548470667,0.6674052922763328,8.255788996352803e-19,0.3323830629128752
R,0.25,1,0.7159371313290166,0.28492761333436956,0.6237255932037377,0.28492761333436956,0.7159371313290166,216.28348450382325,96.66666666666667,14196.06434144929,22.55443186590147,0.675389492337226,8.255788996352803e-19,0.3329280134200816
R,0.25,1,0.6347432100150914,0.24688542350366827,0.5938383860490514,0.24688542350366827,0.6347432100150914,120.85132267429744,96.66666666666667,7121.4531836337255,-0.47976217503410823,0.6264076739264154,0.0019688972014049342,-0.048076217503410824
R,0.25,1,0.9686159447370412,0.6467966759608877,0.8371255528671102,0.6467966759608877,0.9686159447370412,75.69061438358649,96.66666666666667,7697.642372499067,3.4446293187125425,0.6330769892130885,8.255788996352803e-19,0.3302809709904951
R,0.25,1,0.7904364055906252,0.26670787592268475,0.5761268174069104,0.26670787592268475,0.7904364055906252,240.09691531644785,96.66666666666667,16149.010844050455,28.514806449660668,0.687850182192486,8.255788996352803e-19,0.33362991643993223
R,0.25,1,0.5340508068101463,0.2813905404041328,0.1735565653399858,0.2813905404041328,0.5340508068101463,102.10866636967842,96.66666666666667,4606.222159001393,-10.024655330466967,0.5854952112898381,0.24067893511150737,-1.0025655330466967
R,0.25,1,0.6732568527611423,0.008038550938547662,0.5080162850719638,0.008038550938547662,0.6732568527611423,223.44218862511562,96.66666666666667,10449.313569986529,8.814050189070622,0.6480304737512526,8.255788996352803e-19,0.33180869701242294
R,0.25,1,0.48405107442550466,0.49996317399042,0.6712450969962993,0.49996317399042,0.48405107442550466,114.98280961393338,96.66666666666667,7586.777328955594,1.882170308913824,0.6308035620823211,8.255788996352803e-19,0.1881170308913824
R,0.25,1,0.977844090947125,0.2334815090551164,0.7133800806063957,0.2334815090551164,0.977844090947125,106.87009798294037,96.66666666666667,8378.699255911262,4.490800341793292,0.6367969871101563,8.255788996352803e-19,0.3306518925925904
R,0.25,1,0.9569683306605736,0.03353729181265136,0.8938685076714836,0.03353729181265136,0.9569683306605736,149.0357504179294,96.66666666666667,10711.496532318122,11.802431766017081,0.652801239132834,8.255788996352803e-19,0.33159257243642903
R,0.25,1,0.5942126974751882,0.07307023537974322,0.4887745591645029,0.07307023537974322,0.5942126974751882,143.59073274672141,96.66666666666667,6545.369691360714,-3.5144237882804528,0.6160405641416659,0.03478497376635927,-0.3515423788280453
R,0.25,1,0.8071504199235711,0.0867423871058422,0.5747909200582768,0.0867423871058422,0.8071504199235711,114.42910811264872,96.66666666666667,6758.6881411723225,-2.0523470665961017,0.6213731968324037,0.017050963058603614,-0.20533470665961015
R,0.25,1,0.6800742194518468,0.12628870387664715,0.9528502449452358,0.12628870387664715,0.6800742194518468,105.6118733061274,96.66666666666667,6773.882428588088,-1.2236501595567213,0.6232853837256067,0.009305889473668436,-0.12246501595567212
R,0.25,1,0.7532582663630899,0.1871522134856305,0.1956268744406255,0.1871522134856305,0.7532582663630899,164.54618281880414,96.66666666666667,8541.789123244804,3.0917073169885536,0.6357904409841327,8.255788996352803e-19,0.30907073169885535
R,0.25,1,0.07254035318612845,0.4458067778124847,0.7451421079428189,0.4458067778124847,0.07254035318612845,189.16579567788574,96.66666666666667,8426.562367187604,3.714549587814719,0.6352358281338003,8.255788996352803e-19,0.33106045987238264
R,0.25,1,0.964215649729242,0.3192952724394955,0.45233664919630356,0.3192952724394955,0.964215649729242,120.75039357190103,96.66666666666667,9114.71816072165,6.68216560483529,0.6418309570010793,8.255788996352803e-19,0.3309585820988405
R,0.25,1,0.5334539498747498,0.8554981453704781,0.8020535309677399,0.8554981453704781,0.5334539498747498,165.34254987736387,96.66666666666667,14797.98345297639,26.80836181920616,0.6827382539121867,8.255788996352803e-19,0.33299531212978717
R,0.25,1,0.6175391226960515,0.07114630797550858,0.8662687775140321,0.07114630797550858,0.6175391226960515,145.04222634554375,96.66666666666667,8135.5622084238275,2.770268496028834,0.6337772911206164,8.255788996352803e-19,0.27692684960288344
R,0.25,1,0.3332960432637343,0.4646806425133072,0.9394942792026918,0.4646806425133072,0.3332960432637343,223.9811947119426,96.66666666666667,14197.314848652266,23.089611450721126,0.6757258621664007,8.255788996352803e-19,0.3329838402446218
R,0.25,1,0.6828259274139101,0.1968073126759523,0.674029991283267,0.1968073126759523,0.6828259274139101,103.56693278861346,96.66666666666667,6300.226302869449,-3.1596599980158353,0.6153807236881048,0.03792292780602149,-0.3160659998015835
R,0.25,1,0.2675038171298918,0.2174942850431355,0.3922902547746999,0.2174942850431355,0.2675038171298918,87.81522255957661,96.66666666666667,2990.7372149396656,-15.75568952118438,0.5560580996008693,0.3984290830571071,-1.575668952118438
R,0.25,1,0.43280973601355244,0.22756092069877493,0.9161479534275594,0.22756092069877493,0.43280973601355244,157.2197031332241,96.66666666666667,8792.07666191001,5.272371074967744,0.6386375066600258,8.255788996352803e-19,0.33103087507680656
R,0.25,1,0.020196532349882612,0.5853226992348614,0.07331941612823045,0.5853226992348614,0.020196532349882612,132.9385207498411,96.66666666666667,4268.515914681042,-11.093251613823767,0.5798040641950843,0.27896571766083483,-1.1094251613823767
R,0.25,1,0.687074757208737,0.5352061537635096,0.4146278517392705,0.5352061537635096,0.687074757208737,100.36975590223555,96.66666666666667,7174.404240645797,0.4076969820951686,0.6278301689272394,8.255788996352803e-19,0.04066969820951686
R,0.25,1,0.5414179779593169,0.8858264315901595,0.7244476503742101,0.8858264315901595,0.5414179779593169,126.5435795558492,96.66666666666667,11322.285796252683,15.571112258799845,0.6590626871245432,8.255788996352803e-19,0.33172292964446215
R,0.25,1,0.11980899196897643,0.13590769891344467,0.6978738521583854,0.13590769891344467,0.11980899196897643,73.88166390659894,96.66666666666667,2233.640765413368,-18.215882945973597,0.5387082655372398,0.4578622747895941,-1.8216882945973598
R,0.25,1,0.8069630535671722,0.7566334802029968,0.37541879274668133,0.7566334802029968,0.8069630535671722,236.82527423655074,96.66666666666667,20737.675358916713,44.458977724593055,0.7197969923247232,8.255788996352803e-19,0.33550898632273507
R,0.25,1,0.9522705574566093,0.04247277562078933,0.23580001921407345,0.04247277562078933,0.9522705574566093,96.68147090795107,96.66666666666667,5378.599748333533,-7.4970867074396494,0.5979299676908391,0.13612548891631734,-0.749808670743965
R,0.25,1,0.8869378904887675,0.1321671009738799,0.5185713470563723,0.1321671009738799,0.8869378904887675,82.07625932976983,96.66666666666667,5246.276187227228,-7.031243893589013,0.5976482109248964,0.14509291701768992,-0.7032243893589014
R,0.25,1,0.814023225269505,0.20070666265789067,0.42153664788378264,0.20070666265789067,0.814023225269505,179.78067907589013,96.66666666666667,11016.045036807474,11.922580303761562,0.6537529073568144,8.255788996352803e-19,0.3318083083183412
R,0.25,1,0.05602446054752086,0.24413506169503874,0.7057081542249896,0.24413506169503874,0.05602446054752086,160.20523838780733,96.66666666666667,5230.809967757829,-7.675468622649697,0.5950108222434549,0.15995523332111775,-0.7676468622649697
R,0.25,1,0.10840913750025294,0.791060345042626,0.2882055964348254,0.791060345042626,0.10840913750025294,116.57341326382395,96.66666666666667,6082.6391377870395,-3.524897711268293,0.6124712092050055,0.04935708321602488,-0.35258977112682927
R,0.25,1,0.4657196401333068,0.3088251640956351,0.5323041789835957,0.3088251640956351,0.4657196401333068,173.9887048254109,96.66666666666667,9053.475232714989,5.545718865531346,0.6398434575153287,8.255788996352803e-19,0.33118254798133256
R,0.25,1,0.7224396427068077,0.9723117560064802,0.28929295345421024,0.9723117560064802,0.7224396427068077,140.77751512889924,96.66666666666667,12947.293111893754,20.658905278690288,0.6701370793381791,8.255788996352803e-19,0.3322838448188875
R,0.25,1,0.4721377575051723,0.2686596741964292,0.2459358469626674,0.2686596741964292,0.4721377575051723,165.12307950432273,96.66666666666667,7131.379770847569,-1.6669558053176314,0.6238361713576513,0.009736985226925015,-0.16679558053176313
R,0.25,1,0.28724237300517835,0.5171216898230326,0.6587511699981314,0.5171216898230326,0.28724237300517835,105.36728111425302,96.66666666666667,5972.953209149545,-3.79532453607603,0.6110704660502525,0.05666516235895281,-0.379632453607603
R,0.25,1,0.6633536712887863,0.4863117477225899,0.9731333349758855,0.4863117477225899,0.6633536712887863,156.0069816134439,96.66666666666667,12763.181451691311,19.66006172862079,0.6681917670472648,8.255788996352803e-19,0.33228450262963904
R,0.25,1,0.4599190041560718,0.17951168009462598,0.1111086357036073,0.17951168009462598,0.4599190041560718,108.9742849801582,96.66666666666667,3786.774683802692,-13.6375079049298,0.5709957051580453,0.33121777841411065,-1.36385079049298
R,0.25,1,0.9631746072755096,0.46090041847471974,0.4075082052699131,0.46090041847471974,0.9631746072755096,202.10883405730377,96.66666666666667,16449.932359122347,30.595326046804278,0.6917662281965998,8.255788996352803e-19,0.33362975021002755
R,0.25,1,0.9686159447370412,0.4348193976395709,0.9014602042845914,0.4348193976395709,0.9686159447370412,78.28073476682532,96.66666666666667,7257.27166880987,1.5396160644635375,0.6293689559076764,8.255788996352803e-19,0.15386160644635377
R,0.25,1,0.4290338208387097,0.3583664268493547,0.9513835545072067,0.3583664268493547,0.4290338208387097,212.31084644513967,96.66666666666667,13408.40684767355,20.49394810547985,0.6704801303607488,8.255788996352803e-19,0.3326911954565935
R,0.25,1,0.9202696186536268,0.008038550938547662,0.41153416938743487,0.008038550938547662,0.9202696186536268,145.91524065730627,96.66666666666667,8273.943182631085,2.4098847449797423,0.6342713117730231,8.255788996352803e-19,0.24088847449797424
R,0.25,1,0.24435355932289438,0.9166086949903056,0.8158399210473584,0.9166086949903056,0.24435355932289438,171.46894146838747,96.66666666666667,13450.728633332947,22.15946488163843,0.6730007182064797,8.255788996352803e-19,0.33258187897759983
R,0.25,1,0.48405107442550466,0.052946079050860406,0.4444174376060626,0.052946079050860406,0.48405107442550466,114.98280961393338,96.66666666666667,4364.781213504103,-11.24910908171438,0.5808015923345131,0.2710657116359817,-1.125010908171438
R,0.25,1,0.16850983653624496,0.7437144354759805,0.3951470546459319,0.7437144354759805,0.16850983653624496,219.96530394684356,96.66666666666667,12205.850512515171,16.28203509282833,0.6617329536532797,8.255788996352803e-19,0.3323578342944748
R,0.25,1,0.9569683306605736,0.03353729181265136,0.8938685076714836,0.03353729181265136,0.9569683306605736,178.08347329209468,96.66666666666667,12799.214291082988,18.476817863594867,0.6668899707363759,8.255788996352803e-19,0.3323519102951994
R,0.25,1,0.5522270764310078,0.7323691554013642,0.26580604074270286,0.7323691554013642,0.5522270764310078,189.41284887738098,96.66666666666667,13424.628582073221,20.854359788078437,0.6713164028509332,8.255788996352803e-19,0.3326051670791579
R,0.25,1,0.805793826253873,0.5027070083180286,0.7451421079428189,0.5027070083180286,0.805793826253873,57.51417852076087,96.66666666666667,4834.273435195631,-7.168382440375179,0.5939611375022404,0.19229191842944604,-0.7169382440375179
R,0.25,1,0.8617577597509798,0.5311555620692368,0.12479361228305719,0.5311555620692368,0.8617577597509798,247.57449216323968,96.66666666666667,18014.883293507424,34.491970330136006,0.700179822659952,8.255788996352803e-19,0.33430878218451077
R,0.25,1,0.7601554526630152,0.5532733432075859,0.1956268744406255,0.5532733432075859,0.7601554526630152,54.132192766299305,96.66666666666667,3819.681830081002,-11.559782979420811,0.575234186320536,0.3204977790259659,-1.1560782979420812
R,0.25,1,0.6800742194518468,0.10812008986373034,0.5248094153527815,0.10812008986373034,0.6800742194518468,167.30607550668347,96.66666666666667,8788.57992320528,4.271065260224938,0.6377639008548737,8.255788996352803e-19,0.3310571510323282
R,0.25,1,0.5467565482871827,0.8156971117856671,0.5194501295762276,0.8156971117856671,0.5467565482871827,62.91546980754853,96.66666666666667,5103.006829321876,-6.0078440055700995,0.5990752812908429,0.14785389972467022,-0.60088440055701
R,0.25,1,0.964215649729242,0.4288599466339515,0.17717292872790036,0.4288599466339515,0.964215649729242,120.60383797633514,96.66666666666667,8934.706555380964,5.886212395868894,0.6403750892926691,8.255788996352803e-19,0.3308955413683335
R,0.25,1,0.7305718156698398,0.5449087632717603,0.5763396474721576,0.5449087632717603,0.7305718156698398,129.38412987367644,96.66666666666667,10115.577338853764,10.610828225003187,0.6494527837241574,8.255788996352803e-19,0.3313335683950704
R,0.25,1,0.6453427377740946,0.23432940899593213,0.4267048609788756,0.23432940899593213,0.6453427377740946,68.72814939313284,96.66666666666667,3756.0778218127166,-12.396947361196071,0.5729358677724018,0.32934531427895597,-1.239794736119607
R,0.25,1,0.7913394774733481,0.7685836067355869,0.5206629255527424,0.7685836067355869,0.7913394774733481,34.58329748318311,96.66666666666667,3147.5202246754775,-13.236728597403765,0.562753975891484,0.38014586203116907,-1.3237728597403764
R,0.25,1,0.8892743884132537,0.22756092069877493,0.036700964680354164,0.22756092069877493,0.8892743884132537,91.22130246873911,96.66666666666667,5177.656322013833,-8.021951001611876,0.5950277283655707,0.16215978990441474,-0.8022951001611875
R,0.25,1,0.45352524930453264,0.33338796692398187,0.6453450010164934,0.33338796692398187,0.45352524930453264,126.40314092260381,96.66666666666667,7012.755985919258,-0.7217087651266837,0.6253393260977087,0.003852646942308967,-0.07227087651266836
R,0.25,1,0.045695231590689,0.7705701778407675,0.22430793037989039,0.7705701778407675,0.045695231590689,132.018232769519,96.66666666666667,6128.414255324974,-3.694058318045221,0.6121626462062936,0.04998424336539904,-0.36950583180452207
R,0.25,1,0.6818011541332877,0.6697687806384683,0.3480981443611287,0.6697687806384683,0.6818011541332877,145.04222634554375,96.66666666666667,11063.958866172106,13.582438514195934,0.6558903236784754,8.255788996352803e-19,0.3316980522765592
R,0.25,1,0.8331393273638366,0.7760267416027747,0.056546077424333596,0.7760267416027747,0.8331393273638366,103.4208663258622,96.66666666666667,8467.268553599299,5.040983658727498,0.6376957965776666,8.255788996352803e-19,0.33066935666327557
R,0.25,1,0.5414179779593169,0.764669640186598,0.2664979061551073,0.764669640186598,0.5414179779593169,112.5641325667428,96.66666666666667,8100.883630567978,3.7543426738081265,0.6347920417525128,8.255788996352803e-19,0.3305936086824565
R,0.25,1,0.9941280694543058,0.49175498065526685,0.3784496767589373,0.49175498065526685,0.9941280694543058,11.59684098975411,96.66666666666667,971.2979911745085,-23.230642213600973,0.5076326742886156,0.5622463416099885,-2.3231642213600976
R,0.25,1,0.6227850587362493,0.18801045701978547,0.4247171901063818,0.18801045701978547,0.6227850587362493,90.79940485317249,96.66666666666667,4645.08921672773,-9.493232047946913,0.5869404157303112,0.23302074232921507,-0.9494232047946912
R,0.25,1,0.7022730031796061,0.20070666265789067,0.08831976762169941,0.20070666265789067,0.7022730031796061,65.73222950954839,96.66666666666667,3112.8797127527705,-15.511319258477902,0.5590277451863407,0.39058308908074535,-1.5512319258477902
R,0.25,1,0.8814229113569365,0.7660157613081665,0.24673297440542197,0.7660157613081665,0.8814229113569365,64.26499453004564,96.66666666666667,5690.039195634083,-4.1791847827867885,0.608479039146828,0.07402647900711182,-0.4180184782786789
R,0.25,1,0.5520965777102168,0.7034031482688483,0.9446279346842208,0.7034031482688483,0.5520965777102168,100.39942257613706,96.66666666666667,8673.574856429439,6.656497346623615,0.640018633965511,8.255788996352803e-19,0.3307458362072175
R,0.25,1,0.74795364562358,0.2871891755719225,0.6764488540653327,0.2871891755719225,0.74795364562358,113.08173757463915,96.66666666666667,7765.137737887104,2.188268056759576,0.6319540718680177,8.255788996352803e-19,0.21872680567595762
R,0.25,1,0.10840913750025294,0.791060345042626,0.7332311000029504,0.791060345042626,0.10840913750025294,123.68328221867722,96.66666666666667,7829.677619651325,3.1592739848453655,0.6328751317098334,8.255788996352803e-19,0.31582739848453656
R,0.25,1,0.9801741189944954,0.4356761944122992,0.7296383565649008,0.4356761944122992,0.9801741189944954,130.84941939537165,96.66666666666667,11649.978456129462,16.00070615270955,0.6607392324718913,8.255788996352803e-19,0.33182139043190095
R,0.25,1,0.605315160042323,0.46795564403744344,0.5792822113581015,0.46795564403744344,0.605315160042323,89.42253027822828,96.66666666666667,6093.751575848287,-3.274535043048565,0.613621240748348,0.045390714317897415,-0.32755350430485647
R,0.25,1,0.40357469955921754,0.39846975454831457,0.324582581564848,0.39846975454831457,0.40357469955921754,175.1430593810951,96.66666666666667,8444.83563152871,3.272759962909007,0.6352214221242963,8.255788996352803e-19,0.3271759962909007
R,0.25,1,0.6109042955942449,0.4804002832914561,0.6748332503627432,0.4804002832914561,0.6109042955942449,156.0069816134439,96.66666666666667,11144.52413068146,13.700079944740576,0.6561502537102313,8.255788996352803e-19,0.3317714585903503
R,0.25,1,0.6236048893814072,0.7367547731326598,0.3071759407265441,0.7367547731326598,0.6236048893814072,211.83010350798517,96.66666666666667,16034.984188903793,29.28493144553803,0.6887630943556181,8.255788996352803e-19,0.3335318559432002
R,0.25,1,0.18679148692948733,0.4348193976395709,0.17582304930732906,0.4348193976395709,0.18679148692948733,69.40994034303051,96.66666666666667,2462.395404809624,-17.4109766065421,0.5441411537367628,0.4408707399540662,-1.74119766065421
R,0.25,1,0.7281394037032027,0.5094989244108588,0.12489981540338502,0.5094989244108588,0.7281394037032027,155.69582953649964,96.66666666666667,10120.915817298912,9.477045584063465,0.6481641166067588,8.255788996352803e-19,0.33143570883176693
R,0.25,1,0.5365136022278717,0.4547525230375574,0.18440026212472904,0.4547525230375574,0.5365136022278717,116.64025509450835,96.66666666666667,6318.789026218291,-3.487890396837496,0.6145608804593661,0.04092435541456692,-0.34888903968374957
R,0.25,1,0.6261884845866639,0.774611218672941,0.5619430903487646,0.774611218672941,0.6261884845866639,92.21408932341767,96.66666666666667,7754.150206232366,3.2258219013009164,0.6329636310306058,8.255788996352803e-19,0.32248219013009166
R,0.25,1,0.9202696186536268,0.15343378381980888,0.41153416938743487,0.15343378381980888,0.9202696186536268,145.91524065730627,96.66666666666667,9334.712202445802,6.553446186475652,0.6424242426437646,8.255788996352803e-19,0.33113602232211714
R,0.25,1,0.7069432232337349,0.4087343151868149,0.22619959961957692,0.4087343151868149,0.7069432232337349,163.05383721682594,96.66666666666667,10017.843004176711,8.904680002223284,0.6471233910078755,8.255788996352803e-19,0.33143407164796623
R,0.25,1,0.9174035642720594,0.7672983119566155,0.6671595109619677,0.7672983119566155,0.9174035642720594,52.58023124177604,96.66666666666667,5306.085745316146,-4.99037994293791,0.60355317326129,0.11230579912277068,-0.499137994293791
R,0.25,1,0.8590125567102311,0.46356531621747754,0.8938685076714836,0.46356531621747754,0.8590125567102311,85.05766796997622,96.66666666666667,7525.528747354602,2.415458047219187,0.6312952011117606,8.255788996352803e-19,0.2414458047219187
R,0.25,1,0.5901011326671476,0.7542303896692081,0.3065328961762547,0.7542303896692081,0.5901011326671476,100.7899702810831,96.66666666666667,7547.142746604701,2.003697485318664,0.6308863213558444,8.255788996352803e-19,0.20026974853186644
R,0.25,1,0.5312697114796525,0.32023057052275816,0.18030945102149887,0.32023057052275816,0.5312697114796525,151.49500293741426,96.66666666666667,7132.801406461852,-1.4307331862494475,0.6244855725587634,0.008081766198052778,-0.14317331862494473
R,0.25,1,0.43069911141223804,0.1975050623412566,0.42078932446319967,0.1975050623412566,0.43069911141223804,26.258846630225953,96.66666666666667,1101.0319109209304,-22.907191838511242,0.5107761354104488,0.5508851337574217,-2.2908191838511245
R,0.25,1,0.8827960699220911,0.1871522134856305,0.1956268744406255,0.1871522134856305,0.8827960699220911,100.99468110978151,96.66666666666667,5896.886129351905,-5.346664122475099,0.6070130215202121,0.0768055762245119,-0.53476641224751
R,0.25,1,0.07254035318612845,0.7357821669234539,0.11621297481687448,0.7357821669234539,0.07254035318612845,189.16579567788574,96.66666666666667,8194.93663027735,2.6155924413736953,0.6333046498377176,8.255788996352803e-19,0.26145924413736954
R,0.25,1,0.6689625371955275,0.5352061537635096,0.3726744981430425,0.5352061537635096,0.6689625371955275,85.44021346616904,96.66666666666667,5940.256217109348,-3.903635978985147,0.6108586779326886,0.058848656813593955,-0.3904635978985147
R,0.25,1,0.28384695927476894,0.19324088103163278,0.47166171062329215,0.19324088103163278,0.28384695927476894,97.90592817818703,96.66666666666667,3489.9483305033687,-13.891942655640545,0.567389481809574,0.35521370359097504,-1.3892942655640543
R,0.25,1,0.8997139006060251,0.509692836392059,0.23446928578120318,0.509692836392059,0.8997139006060251,106.4468648081314,96.66666666666667,8125.309428775506,3.4835637224986433,0.6348067761493892,8.255788996352803e-19,0.33056132199623134
R,0.25,1,0.5994229483891499,0.4288599466339515,0.7160674231123354,0.4288599466339515,0.5994229483891499,112.10032975044126,96.66666666666667,7770.327436802441,2.5263701802560052,0.6322376158444927,8.255788996352803e-19,0.2525370180256005
R,0.25,1,0.6546068898141788,0.6128556910528552,0.19721724681087838,0.6128556910528552,0.6546068898141788,62.66933127148321,96.66666666666667,4280.538442049282,-9.820803370205764,0.5830453366335121,0.27023321381566345,-0.9821803370205764
R,0.25,1,0.6130257209332224,0.22756092069877493,0.4408816446522813,0.22756092069877493,0.6130257209332224,157.2197031332241,96.66666666666667,8340.721144984806,2.9979252230361513,0.6347957725484237,8.255788996352803e-19,0.29969252230361515
R,0.25,1,0.45352524930453264,0.3401660530675724,0.6281258110567777,0.3401660530675724,0.45352524930453264,145.61471282674097,96.66666666666667,8065.2655433022155,2.7239374358684048,0.6333813611278886,8.255788996352803e-19,0.2722937435868405
R,0.25,1,0.8331393273638366,0.8267838712246718,0.34687142138946075,0.8267838712246718,0.8331393273638366,137.16946780202207,96.66666666666667,12574.043293823876,19.289810803202194,0.6674259972418491,8.255788996352803e-19,0.3321449112668493
R,0.25,1,0.4334549818993255,0.7603503038321453,0.37541879274668133,0.7603503038321453,0.4334549818993255,132.018232769519,96.66666666666667,9119.256343831052,7.151852141984934,0.6420312765941664,8.255788996352803e-19,0.33102928837707785
R,0.25,1,0.5414179779593169,0.5684606163823726,0.2664979061551073,0.5684606163823726,0.5414179779593169,101.80100877033387,96.66666666666667,6327.5819178735,-2.8477107027782966,0.6163994341182103,0.033756176114402535,-0.28487107027782965
R,0.25,1,0.6822662552467722,0.11058895645429034,0.08550064649314731,0.11058895645429034,0.6822662552467722,136.48414934328497,96.66666666666667,5702.345531193436,-7.130884374001769,0.6011878774063485,0.10700377357270101,-0.7131884374001769
R,0.25,1,0.7765308630062983,0.18801045701978547,0.15805489716472287,0.18801045701978547,0.7765308630062983,150.22194170328422,96.66666666666667,7838.346336063298,0.7691644267141464,0.6308716389472304,8.255788996352803e-19,0.07681644267141464
R,0.25,1,0.7299395153613599,0.4793419005448259,0.732573495040991,0.4793419005448259,0.7299395153613599,74.78356105030207,96.66666666666667,5891.329896926576,-3.55694673348996,0.6115214993189491,0.05616200767717478,-0.35579467334899595
R,0.25,1,0.917810120342531,0.49843072714419057,0.1510752356951433,0.49843072714419057,0.917810120342531,76.73364539155972,96.66666666666667,5723.479988086339,-4.886692574247648,0.6068028930570268,0.08150892537746635,-0.4887692574247648
R,0.25,1,0.5192729348974634,0.5060773538691743,0.6267254789732537,0.5060773538691743,0.5192729348974634,112.44764262333061,96.66666666666667,7526.756208810988,1.667899175187987,0.6303778731292562,8.255788996352803e-19,0.16668991751879872
R,0.25,1,0.45086495273168437,0.6812344855280607,0.6321929921215939,0.6812344855280607,0.45086495273168437,68.46936198060632,96.66666666666667,4957.852582291779,-6.7284970491656635,0.5959405117004055,0.17408883981916526,-0.6729497049165664
R,0.25,1,0.3328533698504369,0.3212176234666715,0.6650041476165951,0.3212176234666715,0.3328533698504369,128.28940420174132,96.66666666666667,6328.343549150144,-3.2193974902581215,0.6150247820653802,0.03820768091874852,-0.3220397490258121
R,0.25,1,0.10840913750025294,0.791060345042626,0.7785792887115726,0.791060345042626,0.10840913750025294,92.16405037405121,96.66666666666667,5938.863054575341,-3.128296861770498,0.6128309459041241,0.048616002026384525,-0.31292968617704975
R,0.25,1,0.39995064717762563,0.42366842579457903,0.5188985410639595,0.42366842579457903,0.39995064717762563,109.43227456965249,96.66666666666667,5926.131617202431,-4.391703065830072,0.6091494511753928,0.06591414312722309,-0.4392703065830072
R,0.25,1,0.9801741189944954,0.4356761944122992,0.27558421960107915,0.4356761944122992,0.9801741189944954,137.8955760211091,96.66666666666667,10712.020843950357,12.006132868606702,0.653165570656053,8.255788996352803e-19,0.3315437429925159
R,0.25,1,0.40456632623954275,0.5171216898230326,0.45658120533549856,0.5171216898230326,0.40456632623954275,115.29929833830207,96.66666666666667,6629.586392182811,-1.8220902808480761,0.6209106285808339,0.01689777050439463,-0.1823090280848076
R,0.25,1,0.6275646889525935,0.5564535268424149,0.2665079190185847,0.5564535268424149,0.6275646889525935,83.44146369008256,96.66666666666667,5495.755919280495,-5.619176416369863,0.6029723251167731,0.10652680439752817,-0.5620176416369864
R,0.25,1,0.6236048893814072,0.3074085892281471,0.5806916581931749,0.3074085892281471,0.6236048893814072,98.19263419890348,96.66666666666667,5996.424386350759,-4.090699646814105,0.610660298759025,0.05892977804171453,-0.40916996468141054
R,0.25,1,0.6367575317685775,0.7401955438393402,0.19822924884038784,0.7401955438393402,0.6367575317685775,89.86313095792138,96.66666666666667,6632.2032515191995,-1.2791625563348985,0.6225175985397865,0.010944215068041257,-0.12801625563348984
R,0.25,1,0.4951413922168749,0.41247962250662773,0.37066600785533765,0.41247962250662773,0.4951413922168749,85.6845263423468,96.66666666666667,4682.462370104505,-8.852591732424596,0.5885412388655182,0.22457352988972287,-0.8853591732424595
R,0.25,1,0.8349697153814986,0.8289864452858733,0.7196601877832576,0.8289864452858733,0.8349697153814986,32.39033361190354,96.66666666666667,3277.5555972175393,-12.453190091816817,0.5663285760136283,0.36706542124861874,-1.2454190091816817
R,0.25,1,0.9308510007291687,0.4430187116234273,0.31103686154978405,0.4430187116234273,0.9308510007291687,133.76731593462281,96.66666666666667,10229.107346420042,10.437275088351088,0.6497750887670016,8.255788996352803e-19,0.3313758780121935
R,0.25,1,0.6261884845866639,0.7299485012440369,0.6851961394563075,0.7299485012440369,0.6261884845866639,68.88644908606163,96.66666666666667,5850.991295773156,-3.2684005684685093,0.6121127818775178,0.053400361860330356,-0.3269400568468509
R,0.25,1,0.7069432232337349,0.45972854854436895,0.10257668294474431,0.45972854854436895,0.7069432232337349,45.421937490116804,96.66666666666667,2766.105406475935,-15.902825855004416,0.5520062901248683,0.4173119207223627,-1.5903825855004414
R,0.25,1,0.48405107442550466,0.27812250451157067,0.6712450969962993,0.27812250451157067,0.48405107442550466,94.4548767715238,96.66666666666667,5184.609896857511,-6.97042849701476,0.5969662945328363,0.15247708207195337,-0.697142849701476
R,0.25,1,0.7117977770594041,0.46356531621747754,0.6198523765129834,0.46356531621747754,0.7117977770594041,98.67097677179518,96.66666666666667,7327.747209878792,1.1211367890203217,0.629151581072689,8.255788996352803e-19,0.11201367890203218
R,0.25,1,0.17824795073238509,0.7542303896692081,0.15700816741035423,0.7542303896692081,0.17824795073238509,146.73501383920998,96.66666666666667,7417.325999625249,0.581355557492893,0.6285773946625519,8.255788996352803e-19,0.0580355557492893
R,0.25,1,0.552223177422872,0.5311555620692368,0.5091855850494778,0.5311555620692368,0.552223177422872,47.67438312192248,96.66666666666667,3189.3483711798385,-13.585542591910759,0.5628946201077388,0.3781674950694189,-1.3586542591910757
R,0.25,1,0.07254035318612845,0.5861828337250355,0.9902873473243041,0.5861828337250355,0.07254035318612845,189.16579567788574,96.66666666666667,10913.607139334768,12.83890053141188,0.6538733864440238,8.255788996352803e-19,0.33185801239928225
R,0.25,1,0.7253916268940662,0.10812008986373034,0.7777138719406334,0.10812008986373034,0.7253916268940662,141.6661331491132,96.66666666666667,8658.41201573415,4.648709291801038,0.6377757095792966,8.255788996352803e-19,0.3309057664084588
R,0.25,1,0.7532582663630899,0.3896480632483579,0.1956268744406255,0.3896480632483579,0.7532582663630899,104.9584088437816,96.66666666666667,6511.198627384465,-2.688833791522461,0.6182608012321842,0.02760147512372471,-0.2689833791522461
R,0.25,1,0.687074757208737,0.3860430448887494,0.4448311954190352,0.3860430448887494,0.687074757208737,100.36975590223555,96.66666666666667,6501.618555091117,-2.2964067951686737,0.6191365207223636,0.02380115470920224,-0.22974067951686736
R,0.25,1,0.8723538483214445,0.6342116082548506,0.6979436814981004,0.6342116082548506,0.8723538483214445,112.10032975044126,96.66666666666667,10400.317144720688,12.25244100405235,0.6523828622776034,8.255788996352803e-19,0.33135436215774716
R,0.25,1,0.18117389009761897,0.7653316247524928,0.0336768510887816,0.7653316247524928,0.18117389009761897,139.23763030873718,96.66666666666667,6706.686371640595,-1.9956014720055733,0.6206885403198192,0.01771116384491832,-0.1996601472005573
R,0.25,1,0.5746947711592776,0.8835867039444987,0.4833806306049705,0.8835867039444987,0.5746947711592776,71.6576139423471,96.66666666666667,6090.7961134906245,-2.4055084628438217,0.6162109701708315,0.03338031542324892,-0.24065084628438216
R,0.25,1,0.2169609710245184,0.15310213239725512,0.9592689256268785,0.15310213239725512,0.2169609710245184,146.69217621979092,96.66666666666667,6232.199255985164,-3.745954877636452,0.6126175978870341,0.04715650623968831,-0.3746954877636452
R,0.25,1,0.3245803517904248,0.6123560975097462,0.885375313597809,0.6123560975097462,0.3245803517904248,165.71657686577706,96.66666666666667,11431.32921121232,14.954701214817113,0.6583023767464014,8.255788996352803e-19,0.3319154265045375
R,0.25,1,0.5546401248612154,0.0035414002103839604,0.7704076720141362,0.0035414002103839604,0.5546401248612154,49.271398380218,96.66666666666667,2324.0957975886417,-17.76380402211008,0.5411520287701849,0.452958740595466,-1.7764804022110081
R,0.25,1,0.7407021727764329,0.3401660530675724,0.6281258110567777,0.3401660530675724,0.7407021727764329,145.61471282674097,96.66666666666667,10156.124805393603,10.137125168014759,0.6489941232224806,8.255788996352803e-19,0.33141067548866676
R,0.25,1,0.4334549818993255,0.7603503038321453,0.5384688600536518,0.7603503038321453,0.4334549818993255,106.53143762263386,96.66666666666667,7792.986210937048,3.0528559531627524,0.6328297396541849,8.255788996352803e-19,0.30518559531627526
R,0.25,1,0.8992436479208414,0.7749747994592673,0.7359268958154178,0.7749747994592673,0.8992436479208414,53.364195641554446,96.66666666666667,5448.969709788978,-4.391455029682569,0.6062789706624279,0.09175937141425282,-0.43924550296825693
R,0.25,1,0.6468488875765607,0.2564802999335023,0.4692956094948402,0.2564802999335023,0.6468488875765607,137.87773297737905,96.66666666666667,7845.0843936439105,1.6715931566353035,0.6316538310055386,8.255788996352803e-19,0.16705931566353036
R,0.25,1,0.6257759166151148,0.764669640186598,0.6234792284340266,0.764669640186598,0.6257759166151148,67.80265604686036,96.66666666666667,5770.633783932443,-3.5599708647740744,0.6107310163497092,0.061095996903604774,-0.35609708647740745
R,0.25,1,0.6652965727815577,0.5983136293882148,0.2338482553752954,0.5983136293882148,0.6652965727815577,101.86618819194936,96.66666666666667,7031.4884925351325,-0.25427292940520024,0.6264953717641863,0.0008602877864888759,-0.025527292940520023
R,0.25,1,0.42943314160476553,0.5060773538691743,0.8666903783100888,0.5060773538691743,0.42943314160476553,69.32806591730815,96.66666666666667,4745.00585676201,-7.562352164193653,0.5920850129223669,0.20636517745114447,-0.7563352164193653
R,0.25,1,0.7761366145592221,0.6907709741234418,0.5271813005732021,0.6907709741234418,0.7761366145592221,72.21617988119085,96.66666666666667,6248.498605474422,-2.0688833621238203,0.6182577765245817,0.02546741304715924,-0.20698833621238202
R,0.25,1,0.7806658137956051,0.3654873372271464,0.40581679941887694,0.3654873372271464,0.7806658137956051,70.5381346827387,96.66666666666667,4758.014268042577,-8.338171684656249,0.5904948161044267,0.21202285415427552,-0.8339171684656248
R,0.25,1,0.10840913750025294,0.8794561576717657,0.3569624827616692,0.8794561576717657,0.10840913750025294,78.17011068364978,96.66666666666667,4558.671892891405,-8.34778084893089,0.5885575296347801,0.2326756866663577,-0.834878084893089
R,0.25,1,0.1239612638876505,0.7749984127460108,0.09453549720080656,0.7749984127460108,0.1239612638876505,180.08545680549122,96.66666666666667,8520.089905758015,3.9293591730141637,0.6359840587515119,8.255788996352803e-19,0.33104496937710026
R,0.25,1,0.6665994235894335,0.25065905928232723,0.32139022146273216,0.25065905928232723,0.6665994235894335,159.20232227677562,96.66666666666667,8580.63577041067,3.6838429790058735,0.636451030661528,8.255788996352803e-19,0.33095277293098924
R,0.25,1,0.587429536395171,0.9960130784115736,0.5006477050059308,0.9960130784115736,0.587429536395171,74.03053609319161,96.66666666666667,6787.7357322328,0.29649991441307333,0.6261176311544863,8.255788996352803e-19,0.029549991441307332
R,0.25,1,0.17378333088819098,0.9396075753479529,0.27558421960107915,0.9396075753479529,0.17378333088819098,137.8955760211091,96.66666666666667,8626.630135210351,5.490092320716443,0.6383156038664113,8.255788996352803e-19,0.3308995955488111
R,0.25,1,0.9222563051986207,0.17046230201334628,0.1111086357036073,0.17046230201334628,0.9222563051986207,99.38289741120671,96.66666666666667,5705.934515583948,-6.210585457684829,0.6035165707436961,0.09693773519733517,-0.621158545768483
R,0.25,1,0.8359429165122003,0.6454787558157699,0.6748332503627432,0.6454787558157699,0.8359429165122003,156.0069816134439,96.66666666666667,14187.573641868377,24.52489247741266,0.6783662795817073,8.255788996352803e-19,0.3327380059144041
R,0.25,1,0.32638953687895467,0.8139320075935168,0.3599600939837008,0.8139320075935168,0.32638953687895467,62.86177882709204,96.66666666666667,4149.825331384391,-9.781101886050315,0.581895544298537,0.28166671658054493,-0.9782101886050315
R,0.25,1,0.6154077432225842,0.1962451215798836,0.5351378078008164,0.1962451215798836,0.6154077432225842,120.85132267429744,96.66666666666667,6521.2689103318635,-2.8579362036001146,0.6176623799874625,0.02926549295032078,-0.2858936203600114
R,0.25,1,0.5154092862843379,0.623366670789092,0.7371907564273896,0.623366670789092,0.5154092862843379,96.62677274227808,96.66666666666667,7282.621372650662,1.3853017294026722,0.629150978195675,8.255788996352803e-19,0.13843017294026722
R,0.25,1,0.25004646420651194,0.5918357122064214,0.7631603372762334,0.5918357122064214,0.25004646420651194,80.18620002732952,96.66666666666667,4905.239816308458,-7.09881644539554,0.5944146406953172,0.18477569793984802,-0.709981644539554
R,0.25,1,0.9202696186536268,0.7749984127460108,0.9344811754874454,0.7749984127460108,0.9202696186536268,145.91524065730627,96.66666666666667,15777.148279290126,30.64998715185183,0.6905667830660914,8.255788996352803e-19,0.33327569236919924
R,0.25,1,0.7801911955978079,0.774611218672941,0.4505638026631269,0.774611218672941,0.7801911955978079,92.21408932341767,96.66666666666667,8207.442704108324,4.75854362851288,0.6363705584112621,8.255788996352803e-19,0.33053673188979926
R,0.25,1,0.8217852447392062,0.29482096033694505,0.16377248282239393,0.29482096033694505,0.8217852447392062,46.099932955583036,96.66666666666667,2762.5210715419726,-16.187268445971853,0.551633209423802,0.41864571552509333,-1.6188268445971854
R,0.25,1,0.3254384828243706,0.16601304807374345,0.3676092137400954,0.16601304807374345,0.3254384828243706,158.89804489836789,96.66666666666667,5364.844004849193,-7.987417682194912,0.5958232819275129,0.14755871087627837,-0.7988417682194913
R,0.25,1,0.17824795073238509,0.5726544510162765,0.42068227769009653,0.5726544510162765,0.17824795073238509,112.50544043910114,96.66666666666667,5407.256395186816,-6.171219642756246,0.6004602419311038,0.12224981853424897,-0.6172219642756247
R,0.25,1,0.6288749297100611,0.7357821669234539,0.6391766759724539,0.7357821669234539,0.6288749297100611,41.61553178698486,96.66666666666667,3504.5384710751,-11.823333404351978,0.5713246433959991,0.34679471307304277,-1.1824333404351977
R,0.25,1,0.7253916268940662,0.47228703291892443,0.3141728036935966,0.47228703291892443,0.7253916268940662,97.93559240908269,96.66666666666667,6633.985944438944,-1.769045627235702,0.62133770483703,0.016078739038219356,-0.17700456272357018
R,0.25,1,0.9400521274272846,0.16765100755066686,0.44134281025000976,0.16765100755066686,0.9400521274272846,105.03612031932776,96.66666666666667,6976.36540116929,-1.085099221951822,0.624833547079246,0.006576604899672009,-0.1086099221951822
R,0.25,1,0.6646014606382618,0.8808191551410605,0.1956268744406255,0.8808191551410605,0.6646014606382618,64.89842425326113,96.66666666666667,5332.165035948805,-5.417682874509076,0.602402186841503,0.1168673352133534,-0.5418682874509076
R,0.25,1,0.9597537507953875,0.39301567849475594,0.021622787963197998,0.39301567849475594,0.9597537507953875,34.039513412144494,96.66666666666667,2320.7813861150757,-17.788232078358774,0.5412358846876305,0.4547534599935123,-1.7789232078358777
R,0.25,1,0.9214894783718759,0.10795810762889502,0.14414352276096865,0.10795810762889502,0.9214894783718759,36.90000082454026,96.66666666666667,2032.303241330768,-19.506058000203133,0.5336278016839979,0.47922679346725844,-1.9507058000203135
R,0.25,1,0.4180079018486124,0.29582539381525297,0.5066960270829618,0.29582539381525297,0.4180079018486124,86.15398583068372,96.66666666666667,4166.326240448977,-10.85665830754376,0.5796802164167515,0.28669032805950123,-1.085765830754376
R,0.25,1,0.44534006456583713,0.6302823752165687,0.15544650169295915,0.6302823752165687,0.44534006456583713,106.4468648081314,96.66666666666667,6138.501640370695,-3.651233199644425,0.6127896000904642,0.04855302579212281,-0.36522331996444246
R,0.25,1,0.4374955136835948,0.1183805257533268,0.1896961869051697,0.1183805257533268,0.4374955136835948,86.25649684380548,96.66666666666667,2806.4592057385885,-17.127138783783735,0.5510892119401873,0.4160470928259105,-1.7128138783783737
R,0.25,1,0.605091348093822,0.626251432195676,0.5795457163837743,0.626251432195676,0.605091348093822,108.42377228108653,96.66666666666667,8246.25477999526,4.482724071497253,0.636116805633869,8.255788996352803e-19,0.3306264402906652
R,0.25,1,0.9183143452221907,0.42743677490090537,0.8834229436831719,0.42743677490090537,0.9183143452221907,69.56992705077344,96.66666666666667,6217.682106448467,-2.15721695736756,0.6178294552175472,0.027225716438692343,-0.21582169573675597
R,0.25,1,0.6468488875765607,0.9214467395371377,0.9586347754022911,0.9214467395371377,0.6468488875765607,27.878247109327635,96.66666666666667,2854.1930805641787,-13.838159637306813,0.5564743951375956,0.40309402278946543,-1.3839159637306813
R,0.25,1,0.905684300508129,0.7712452797417323,0.7804014919360014,0.7712452797417323,0.905684300508129,103.4208663258622,96.66666666666667,10689.220457295674,13.734650589261447,0.6550883312577214,8.255788996352803e-19,0.33141674311021985
R,0.25,1,0.6395226281186391,0.8771051657050734,0.3534562251010642,0.8771051657050734,0.6395226281186391,76.61131469775016,96.66666666666667,6486.511111926561,-1.1724086724408989,0.6220435398970491,0.010908663014346233,-0.11734086724408987
R,0.25,1,0.13653531294640409,0.764669640186598,0.22168924651374017,0.764669640186598,0.13653531294640409,104.10028609337701,96.66666666666667,5267.732522143336,-6.457252260056214,0.5987150986348957,0.13853965606183888,-0.6458252260056214
R,0.25,1,0.9693920913325718,0.18801045701978547,0.6237892742878925,0.18801045701978547,0.9693920913325718,9.22866179062356,96.66666666666667,677.9823397430237,-24.920230481127668,0.4996499315229621,0.5874056701446072,-2.492123048112767
R,0.25,1,0.19551595446322478,0.04247277562078933,0.4254743967519377,0.04247277562078933,0.19551595446322478,16.74693378610781,96.66666666666667,377.41386398006506,-26.893665900115842,0.49138409239975966,0.6120604060320562,-2.6894665900115844
R,0.25,1,0.36015001589622186,0.8874218720512406,0.507928317668605,0.8874218720512406,0.36015001589622186,115.34096857993165,96.66666666666667,8659.431099674517,6.162306517867679,0.6393327579280421,8.255788996352803e-19,0.3308082348782331
R,0.25,1,0.5390761134634098,0.5703115256194369,0.6522730318332017,0.5703115256194369,0.5390761134634098,22.17277180562678,96.66666666666667,1591.4774755133978,-19.83566092701169,0.5241255701566285,0.509293054508827,-1.9836660927011693
R,0.25,1,0.814023225269505,0.43386500749280454,0.4508428713604566,0.43386500749280454,0.814023225269505,61.34908354472692,96.66666666666667,4519.309896826759,-8.887961326943152,0.5872273199083442,0.24079211179642213,-0.8888961326943152
R,0.25,1,0.05193674063227005,0.25065905928232723,0.534117646176799,0.25065905928232723,0.05193674063227005,144.79546944786554,96.66666666666667,4124.17042804329,-11.792988712540222,0.5770136064925885,0.2949493416886993,-1.1793988712540222
R,0.25,1,0.5711949628834628,0.791060345042626,0.1639893559767479,0.791060345042626,0.5711949628834628,49.02537077994342,96.66666666666667,3540.2445529192305,-12.190581944672681,0.5712786604613386,0.3458105270511696,-1.219158194467268
R,0.25,1,0.7408156717084327,0.4533293421479301,0.003148978118589052,0.4533293421479301,0.7408156717084327,185.80374303932834,96.66666666666667,11108.45796334271,12.04905353677861,0.6541686197603135,8.255788996352803e-19,0.3318595936590366
R,0.25,1,0.7726327934980495,0.8629313021093522,0.27558421960107915,0.8629313021093522,0.7726327934980495,198.48519558779302,96.66666666666667,17599.247663861082,35.052764153068644,0.7003800734124106,8.255788996352803e-19,0.3340770118473324
R,0.25,1,0.687074757208737,0.7005009432533851,0.4146278517392705,0.7005009432533851,0.687074757208737,73.62239016063187,96.66666666666667,5870.97931664705,-3.6074589558284536,0.6112546273322318,0.05764425252781172,-0.36084589558284536
R,0.25,1,0.5171342967155239,0.47780418663374846,0.6230386427152486,0.47780418663374846,0.5171342967155239,127.82074267702102,96.66666666666667,8349.6203436913,4.295369754319152,0.6361994595679972,8.255788996352803e-19,0.33074947387002285
R,0.25,1,0.5579867843795472,0.7402281558177104,0.9079500643586931,0.7402281558177104,0.5579867843795472,31.734240033806692,96.66666666666667,2780.2208584114137,-14.375828869257058,0.5542639991134227,0.4103860165629717,-1.4376828869257057
R,0.25,1,0.601115389314927,0.9818785968916264,0.705566573799952,0.9818785968916264,0.601115389314927,123.66438335764312,96.66666666666667,11969.335139822944,18.008046983546354,0.6640350263997736,8.255788996352803e-19,0.331919729858991
R,0.25,1,0.8177012233915235,0.9740930549274975,0.5938383860490514,0.9740930549274975,0.8177012233915235,120.85132267429744,96.66666666666667,12621.189284974544,20.25224158595937,0.6688177695320437,8.255788996352803e-19,0.33211200923943934
R,0.25,1,0.939151290070527,0.5134862365854006,0.07655622340062557,0.5134862365854006,0.939151290070527,71.29323701243516,96.66666666666667,5314.610098543875,-6.384525899828496,0.5998236524631454,0.13064966641106418,-0.6385525899828497
R,0.25,1,0.6261884845866639,0.864891438884393,0.36074858035823854,0.864891438884393,0.6261884845866639,92.21408932341767,96.66666666666667,7706.581407877008,2.981482119410916,0.6325387517559513,8.255788996352803e-19,0.2980482119410916
R,0.25,1,0.9202696186536268,0.9280618509111005,0.5792685107141036,0.9280618509111005,0.9202696186536268,145.91524065730627,96.66666666666667,15598.089163451681,29.924848329565467,0.6891733507384424,8.255788996352803e-19,0.33320382133681137
R,0.25,1,0.3097230373323985,0.7886685779491338,0.6972630754451746,0.7886685779491338,0.3097230373323985,115.03426565990318,96.66666666666667,8322.86228993533,5.014625238298282,0.6368238412942689,8.255788996352803e-19,0.3306944308245257
R,0.25,1,0.48405107442550466,0.7085180720162171,0.3917510781632491,0.7085180720162171,0.48405107442550466,129.80961208006661,96.66666666666667,9011.673301120783,6.742543353280018,0.6412343297951143,8.255788996352803e-19,0.33098206086261633
R,0.25,1,0.9700334625418798,0.5325445654822945,0.7504560309272603,0.5325445654822945,0.9700334625418798,83.25705033393844,96.66666666666667,7817.029614001895,3.476262391248532,0.6335803985292112,8.255788996352803e-19,0.33035484698853484
R,0.25,1,0.07254035318612845,0.5270829837418156,0.9044055578279575,0.5270829837418156,0.07254035318612845,25.388888926514632,96.66666666666667,1335.2348212558945,-20.692755160546902,0.5178334566628264,0.5278546461188,-2.0693755160546905
R,0.25,1,0.729099439989324,0.35048645156597613,0.8253041918733364,0.35048645156597613,0.729099439989324,87.34282052025983,96.66666666666667,6516.813735751237,-1.5842785581735335,0.6211111022812938,0.015526841601456955,-0.15852785581735335
R,0.25,1,0.17824795073238509,0.85017276408029,0.15700816741035423,0.85017276408029,0.17824795073238509,160.92898191119568,96.66666666666667,8906.814043886667,5.80529602277673,0.6395414117437145,8.255788996352803e-19,0.3310902992429373
R,0.25,1,0.7253916268940662,0.6533642251806249,0.7777138719406334,0.6533642251806249,0.7253916268940662,141.6661331491132,96.66666666666667,12520.543429362964,19.174369294656234,0.6670234714977678,8.255788996352803e-19,0.33215284462973516
R,0.25,1,0.4333324333567214,0.9024879090726743,0.1784402935090197,0.9024879090726743,0.4333324333567214,164.54618281880414,96.66666666666667,11724.24864287265,15.681933173167513,0.6601924705613215,8.255788996352803e-19,0.331990311515871
R,0.25,1,0.48603386271249116,0.19324088103163278,0.4034618164782321,0.19324088103163278,0.48603386271249116,53.941532107114966,96.66666666666667,2376.139733150185,-17.76135258916092,0.54217995938324,0.44919334299267516,-1.7762352589160924
R,0.25,1,0.5579521663602874,0.352007004636534,0.454505394566884,0.352007004636534,0.5579521663602874,62.281645925731496,96.66666666666667,3541.3713461385487,-12.831226261486867,0.5699731799161691,0.3483145352901444,-1.2832226261486865
R,0.25,1,0.23579018911699628,0.5679306135913832,0.25283218091979875,0.5679306135913832,0.23579018911699628,98.05848228671464,96.66666666666667,4560.390603148073,-9.340907672963516,0.5862594997263785,0.240719782261535,-0.9341907672963515
R,0.25,1,0.8587893641851965,0.19053137135013054,0.42799469544316493,0.19053137135013054,0.8587893641851965,112.10032975044126,96.66666666666667,7080.918685639748,-0.8172430760275597,0.6258014961848006,0.004144758564220222,-0.08182430760275597
R,0.25,1,0.45352524930453264,0.7138112657022038,0.3730894208712755,0.7138112657022038,0.45352524930453264,18.603220233992168,96.66666666666667,1259.3275303785842,-21.435324076474462,0.515512040485549,0.5364500918979174,-2.1436324076474462
R,0.25,1,0.605091348093822,0.3550669196972426,0.448861233501127,0.3550669196972426,0.605091348093822,98.37783903925632,96.66666666666667,5826.864730556424,-4.8074823076482165,0.607513536870771,0.07539060491286813,-0.4808482307648217
R,0.25,1,0.7846969232312394,0.8291572354240364,0.1677376542304887,0.8291572354240364,0.7846969232312394,92.2530837477707,96.66666666666667,7831.009039340155,3.1757144044972034,0.6332994324577266,8.255788996352803e-19,0.31747144044972037
R,0.25,1,0.47024135486803254,0.7760267416027747,0.29398962707262427,0.7760267416027747,0.47024135486803254,103.4208663258622,96.66666666666667,7204.622858631404,0.7329627398621598,0.6281814139790949,8.255788996352803e-19,0.07319627398621598
R,0.25,1,0.3022269689535443,0.7603503038321453,0.5384688600536518,0.7603503038321453,0.3022269689535443,23.86030828181054,96.66666666666667,1588.8718901214827,-19.65965336363094,0.5242453386393102,0.5084633578232518,-1.9660653363630942
R,0.25,1,0.7673323986973231,0.19964354095028003,0.6840962873761448,0.19964354095028003,0.7673323986973231,45.65776901306737,96.66666666666667,2988.3559614741266,-14.736124951920608,0.5576513230051207,0.39744569929831297,-1.4737124951920608
R,0.25,1,0.19689095681659335,0.764669640186598,0.6902696687578861,0.764669640186598,0.19689095681659335,112.5641325667428,96.66666666666667,7354.351888122787,1.5464366723278877,0.6294367705177609,8.255788996352803e-19,0.15454366723278878
R,0.25,1,0.8920981598977756,0.8091538358793975,0.15805489716472287,0.8091538358793975,0.8920981598977756,81.76189790451939,96.66666666666667,7277.951308561938,1.3330693668135114,0.6292750079050612,8.255788996352803e-19,0.13320693668135114
R,0.25,1,0.9941280694543058,0.7272253122619468,0.4254743967519377,0.7272253122619468,0.9941280694543058,80.67973610337056,96.66666666666667,7802.095880092766,3.4364913011416043,0.6335108383851868,8.255788996352803e-19,0.3303358431286992
R,0.25,1,0.5192729348974634,0.7306123188475451,0.7965894317096569,0.7306123188475451,0.5192729348974634,50.99813623953898,96.66666666666667,4202.705331846585,-9.093390119935245,0.5840803839508805,0.27203385781098643,-0.9094390119935245
R,0.25,1,0.44748852847007903,0.5168943691822505,0.4246706562445389,0.5168943691822505,0.44748852847007903,35.85820871773882,96.66666666666667,2109.750387089644,-17.947171171901232,0.5367227871587832,0.46838153336486177,-1.7948171171901233
R,0.25,1,0.7227408802085267,0.7257536624392336,0.645441310272311,0.7257536624392336,0.7227408802085267,78.5707753532264,96.66666666666667,6958.287570365024,0.5997378009100434,0.6271463456628633,8.255788996352803e-19,0.05987378009100434
R,0.25,1,0.10840913750025294,0.6400060234686975,0.4997943209905176,0.6400060234686975,0.10840913750025294,71.18769295275314,96.66666666666667,3553.3775505672156,-12.285500364491442,0.5710211319581364,0.3441511859865974,-1.2286500364491442
R,0.25,1,0.5288335000072112,0.9984174508817455,0.2443497309088281,0.9984174508817455,0.5288335000072112,173.12726018609962,96.66666666666667,14278.028623187425,24.524159073146755,0.6783887013379643,8.255788996352803e-19,0.33283353169574914
R,0.25,1,0.3981167478418104,0.4129402639643962,0.4146278517392705,0.4129402639643962,0.3981167478418104,20.628157850109897,96.66666666666667,1050.3558226170846,-22.77421200321645,0.509761744687823,0.5542915805128013,-2.277521200321645
R,0.25,1,0.05516909467253328,0.7856009147439189,0.27558421960107915,0.7856009147439189,0.05516909467253328,112.75634146023614,96.66666666666667,5516.954222724171,-5.55239914977784,0.6028608312209219,0.1055570670243559,-0.555339914977784
R,0.25,1,0.3847227025810005,0.7966450579038946,0.5638006630238119,0.7966450579038946,0.3847227025810005,180.08545680549122,96.66666666666667,13175.665138807173,20.62327780006836,0.6702932060496822,8.255788996352803e-19,0.3325095211315189
R,0.25,1,0.5831047538731939,0.3422548017587893,0.8926550879607972,0.3422548017587893,0.5831047538731939,32.07229926064134,96.66666666666667,2199.6579575364726,-17.312148607969398,0.5392504822210903,0.4605172209013768,-1.73131486079694
R,0.25,1,0.45223171015563046,0.5348134913010928,0.1111086357036073,0.5348134913010928,0.45223171015563046,27.21502150242159,96.66666666666667,1418.7184168197987,-21.226067804310688,0.5191277549540564,0.5248347796389758,-2.122706780431069
R,0.25,1,0.601115389314927,0.778716705679974,0.9386945512631459,0.778716705679974,0.601115389314927,123.66438335764312,96.66666666666667,11433.881329309874,16.075372777665606,0.6600378455542453,8.255788996352803e-19,0.33174766493437935
R,0.25,1,0.4298154989472941,0.5094989244108588,0.5938383860490514,0.5094989244108588,0.4298154989472941,74.49727625229649,96.66666666666667,4604.801861601796,-8.480931665538344,0.5886973433825241,0.22927899470705285,-0.8481931665538344
R,0.25,1,0.9686159447370412,0.36313432946230595,0.3027878610091392,0.36313432946230595,0.9686159447370412,71.21754544087581,96.66666666666667,5281.29448969364,-6.499434288710915,0.5992601829255951,0.13525257426026746,-0.6500434288710915
R,0.25,1,0.9202696186536268,0.676138407480741,0.11258318499340542,0.676138407480741,0.9202696186536268,106.8602632546974,96.66666666666667,8830.39581639271,6.178407416649289,0.640279617093903,8.255788996352803e-19,0.3308051728569031
R,0.25,1,0.6261884845866639,0.524484119534388,0.28632156292049815,0.524484119534388,0.6261884845866639,99.60127606189484,96.66666666666667,6443.3728107689585,-2.4398897203096497,0.6183625815744819,0.026511685000447625,-0.24408897203096497
R,0.25,1,0.48405107442550466,0.4244239618415959,0.6712450969962993,0.4244239618415959,0.48405107442550466,114.98280961393338,96.66666666666667,7152.491786510857,0.1802473986154614,0.6273617767764523,8.255788996352803e-19,0.017924739861546142
R,0.25,1,0.6812737422790084,0.8176124291282523,0.3951470546459319,0.8176124291282523,0.6812737422790084,175.193225682625,96.66666666666667,14860.412343056132,26.361595066715534,0.6823208350897562,8.255788996352803e-19,0.33302697616966837
R,0.25,1,0.17824795073238509,0.3773424872577118,0.46845174012148516,0.3773424872577118,0.17824795073238509,50.36459465607206,96.66666666666667,1988.9389103867936,-18.768533184221468,0.5333256406600401,0.4775920735951706,-1.876953318422147
R,0.25,1,0.33992294016895414,0.34152422070697586,0.8584331315454062,0.34152422070697586,0.33992294016895414,143.05671987633863,96.66666666666667,7944.395480999194,2.643876659491422,0.6327575881320616,8.255788996352803e-19,0.2642876659491422
R,0.25,1,0.9696988551914838,0.2722075587104704,0.6231728913075955,0.2722075587104704,0.9696988551914838,116.01444445606761,96.66666666666667,9011.380553391424,6.539967408350319,0.6412912078849304,8.255788996352803e-19,0.3309056050659811
R,0.25,1,0.07254035318612845,0.7357821669234539,0.5425474656518986,0.7357821669234539,0.07254035318612845,189.16579567788574,96.66666666666667,10211.134209870692,10.159157272119154,0.6485475078719884,8.255788996352803e-19,0.3316344940489301
R,0.25,1,0.7463108163333143,0.9144180103433908,0.20210655470096545,0.9144180103433908,0.7463108163333143,77.49477355480006,96.66666666666667,6826.445260224307,-0.03497630078819106,0.6260000288058724,5.3965538626104814e-05,-0.0035976300788191063
R,0.25,1,0.8577901338377011,0.8450202290547283,0.07020926890368956,0.8450202290547283,0.8577901338377011,141.6661331491132,96.66666666666667,12310.184870780731,18.006637629117556,0.6651041720754084,8.255788996352803e-19,0.33207066609819275
R,0.25,1,0.8533967782473753,0.9353536880352703,0.45591095662677517,0.9353536880352703,0.8533967782473753,39.39786793957575,96.66666666666667,3972.695723907594,-9.87993289842859,0.5803977775052066,0.29798407801577276,-0.9880932898428589
R,0.25,1,0.5194132308540904,0.99815106323134,0.3023058701437936,0.99815106323134,0.5194132308540904,76.9541594399063,96.66666666666667,6420.736585634581,-1.2955799028726458,0.6213476118094547,0.0129784560520328,-0.12965799028726457
R,0.25,1,0.48325210903963045,0.37150709525484726,0.32903838842249955,0.37150709525484726,0.48325210903963045,112.10032975044126,96.66666666666667,5713.072228999686,-5.601595716957441,0.6044955847591602,0.09157459222530433,-0.5602595716957441
R,0.25,1,0.9911996283423021,0.7789491583127419,0.9394942792026918,0.7789491583127419,0.9911996283423021,158.6955392938401,96.66666666666667,17773.07459896667,37.163774130213596,0.704071095956725,8.255788996352803e-19,0.3340895370723825
R,0.25,1,0.8881657616389559,0.3382032121074977,0.3939578084025413,0.3382032121074977,0.8881657616389559,18.294018119202704,96.66666666666667,1301.9375934552193,-21.764775944351452,0.5161523536934349,0.5352428043353823,-2.1765775944351455
R,0.25,1,0.5714536197030649,0.3401660530675724,0.6281258110567777,0.3401660530675724,0.5714536197030649,49.423764770945525,96.66666666666667,3028.8923716848544,-14.438187125503061,0.5587366390263251,0.393068904438513,-1.4439187125503061
R,0.25,1,0.4902432261746657,0.6505657143435191,0.46153804537210347,0.6505657143435191,0.4902432261746657,103.4208663258622,96.66666666666667,7092.4890594021845,0.30859291135635736,0.6272980006860306,8.255788996352803e-19,0.030759291135635736
R,0.25,1,0.7846969232312394,0.7006983319992264,0.1677376542304887,0.7006983319992264,0.7846969232312394,240.36978029030826,96.66666666666667,18860.183134545525,37.83285074125524,0.7065975251759679,8.255788996352803e-19,0.3346484752648645
R,0.25,1,0.4334549818993255,0.4544086696854953,0.3672252901238354,0.4544086696854953,0.4334549818993255,50.00480363206595,96.66666666666667,2678.94809051167,-15.965443849798376,0.5501461374548712,0.42288189946878263,-1.5966443849798375
R,0.25,1,0.09549943860390231,0.8572940797320154,0.4615934815853767,0.8572940797320154,0.09549943860390231,133.99107961185425,96.66666666666667,7929.526831935812,3.160665998579568,0.6332145035530444,8.255788996352803e-19,0.31596659985795683
R,0.25,1,0.9080804257123848,0.764669640186598,0.42020305903063315,0.764669640186598,0.9080804257123848,77.4200743758395,96.66666666666667,7288.525527782157,1.6704173389970278,0.6296387547614793,8.255788996352803e-19,0.1669417338997028
R,0.25,1,0.160818439032975,0.6237162563815741,0.46504306573190035,0.6237162563815741,0.160818439032975,46.796635552898714,96.66666666666667,2379.7404825824137,-16.673577171526677,0.5434726118872747,0.4451077262196031,-1.6674577171526679
R,0.25,1,0.20040399869371128,0.5060773538691743,0.3794680848104849,0.5060773538691743,0.20040399869371128,112.44764262333061,96.66666666666667,5038.865422345158,-7.71691542498881,0.593815376335458,0.17807678390902762,-0.771791542498881
R,0.25,1,0.5446248916344311,0.7672484579866967,0.3173731706628547,0.7672484579866967,0.5446248916344311,99.92397586900236,96.66666666666667,7347.20977270604,1.3272900640450491,0.6293879158078132,8.255788996352803e-19,0.13262900640450492
R,0.25,1,0.9911996283423021,0.7789491583127419,0.9446279346842208,0.7789491583127419,0.9911996283423021,73.95729787357192,96.66666666666667,8292.324293387897,5.913481199035652,0.6379830756364387,8.255788996352803e-19,0.3304892040119519
R,0.25,1,0.5533380562157786,0.6022618847460001,0.6678165832517322,0.6022618847460001,0.5533380562157786,104.99476775709371,96.66666666666667,7819.528547640945,3.0674610656896566,0.6329884516362576,8.255788996352803e-19,0.3066461065689657
R,0.25,1,0.24562347836514042,0.7376351551589411,0.7522949513431985,0.7376351551589411,0.24562347836514042,101.24008743239452,96.66666666666667,6881.319667555099,0.046788904705752005,0.6260689216289924,8.255788996352803e-19,0.004578890470575201
R,0.25,1,0.7423145903717345,0.9803445085125313,0.6764488540653327,0.9803445085125313,0.7423145903717345,110.33354397136632,96.66666666666667,11369.229156331015,16.16204126134992,0.6600702983767538,8.255788996352803e-19,0.3316708523225321
R,0.25,1,0.5754706193390617,0.5532627136633258,0.1739526656892455,0.5532627136633258,0.5754706193390617,123.68328221867722,96.66666666666667,7518.148084846478,0.9420958183869057,0.6296701720647458,8.255788996352803e-19,0.09410958183869057
R,0.25,1,0.8224449451276994,0.9972874951795768,0.3101611377059334,0.9972874951795768,0.8224449451276994,75.85685027579336,96.66666666666667,7490.1547379278745,2.6635323949509178,0.6314396148706851,8.255788996352803e-19,0.2662532394950918
R,0.25,1,0.2994569854419084,0.9320769554699768,0.8232094730956729,0.9320769554699768,0.2994569854419084,101.2821733252804,96.66666666666667,8321.032816397377,5.573603826222733,0.6374776763862675,8.255788996352803e-19,0.33063621813931815
R,0.25,1,0.8441557432264087,0.8543556309459367,0.5165863879328413,0.8543556309459367,0.8441557432264087,123.66438335764312,96.66666666666667,12099.351513514981,18.13367907775753,0.6646637187150942,8.255788996352803e-19,0.3319473521525049
R,0.25,1,0.7369521462342126,0.9396075753479529,0.27558421960107915,0.9396075753479529,0.7369521462342126,137.8955760211091,96.66666666666667,12509.554544673618,19.137629624060377,0.6670129522311659,8.255788996352803e-19,0.33213113004448147
R,0.25,1,0.5525948073886162,0.6283038123337576,0.6167304738984363,0.6283038123337576,0.5525948073886162,112.71592477901426,96.66666666666667,8393.187642234992,4.973626002760075,0.6371489377585786,8.255788996352803e-19,0.33069826403613795
R,0.25,1,0.3369142345467772,0.5094989244108588,0.40801188759271356,0.5094989244108588,0.3369142345467772,98.24386204250844,96.66666666666667,5159.861470888939,-7.020175406819489,0.5965840799576198,0.15611303850512243,-0.702117540681949
R,0.25,1,0.2667786470779573,0.3986196881510027,0.9014602042845914,0.3986196881510027,0.2667786470779573,70.64099781054372,96.66666666666667,3942.221325031423,-10.743014203548997,0.5778389683536185,0.3053039815219673,-1.0744014203548997
R,0.25,1,0.6261884845866639,0.864891438884393,0.4168510343093229,0.864891438884393,0.6261884845866639,92.21408932341767,96.66666666666667,7835.917325374716,3.508394892294881,0.6335850470284767,8.255788996352803e-19,0.33040985532232403
R,0.25,1,0.0863176839411175,0.45972854854436895,0.7765511948585362,0.45972854854436895,0.0863176839411175,94.21954328797509,96.66666666666667,4401.568804927666,-9.369751102897478,0.584722196449503,0.25593955546296737,-0.9370751102897478
R,0.25,1,0.1816313076322692,0.09003469445797807,0.6712450969962993,0.09003469445797807,0.1816313076322692,75.49645327899135,96.66666666666667,2292.4065843181643,-18.169512228265294,0.5399198774350898,0.453881349563541,-1.8170512228265294
R,0.25,1,0.4602278345805584,0.5755303462561401,0.41153416938743487,0.5755303462561401,0.4602278345805584,103.99819579126847,96.66666666666667,6455.819382221937,-2.2149540973188877,0.618920166798296,0.023858456563731808,-0.22159540973188877
R,0.25,1,0.4560736395535464,0.9726272681883308,0.6198523765129834,0.9726272681883308,0.4560736395535464,16.82810093340297,96.66666666666667,1462.8896128504923,-20.046804968931127,0.5212218135152842,0.5184939772090653,-2.0047804968931127
R,0.25,1,0.18298186278230677,0.1119255456133853,0.8335598277094732,0.1119255456133853,0.18298186278230677,51.042211193814715,96.66666666666667,1816.3047303133428,-19.5135786787944,0.5290273736942793,0.4909960032786662,-1.95145786787944
R,0.25,1,0.30878625678646254,0.7152365617659124,0.15700816741035423,0.7152365617659124,0.30878625678646254,131.8445370951191,96.66666666666667,7268.107453153129,0.1997711791161489,0.6277486484608641,8.255788996352803e-19,0.019877117911614887
R,0.25,1,0.5916334745203433,0.9993356358447867,0.6952376309700974,0.9993356358447867,0.5916334745203433,61.40443626327989,96.66666666666667,5951.894936681562,-2.3915352996009998,0.615459507962417,0.036205713385291424,-0.23925352996009996
R,0.25,1,0.4902432261746657,0.7357821669234539,0.11621297481687448,0.7357821669234539,0.4902432261746657,94.9793330121147,96.66666666666667,6098.299475505266,-3.449953094896134,0.6131378543193601,0.04744274041424888,-0.34509530948961337
R,0.25,1,0.4723517661291733,0.3557566105687566,0.29879699824246125,0.3557566105687566,0.4723517661291733,49.23131428898674,96.66666666666667,2406.197411154931,-17.362434257638675,0.5432309344209458,0.4461743399126198,-1.7363434257638677
R,0.25,1,0.28384695927476894,0.12231885482342875,0.1912918551623382,0.12231885482342875,0.28384695927476894,39.54211857599081,96.66666666666667,992.1349696154997,-24.057121349468613,0.5074976140451936,0.559881561674709,-2.4058121349468613
R,0.25,1,0.1851513391709923,0.021686769366257796,0.6762949690066362,0.021686769366257796,0.1851513391709923,85.08054322127111,96.66666666666667,2318.383515182907,-18.35138389454841,0.5401929002161027,0.4519967777985795,-1.835238389454841
R,0.25,1,0.605091348093822,0.28844415494978026,0.2901143605400961,0.28844415494978026,0.605091348093822,108.42377228108653,96.66666666666667,5630.4068294200915,-6.093579366822611,0.6027809780878749,0.10225694213721181,-0.6094579366822611
R,0.25,1,0.5982161515818936,0.7701881938192106,0.5488331631147075,0.7701881938192106,0.5982161515818936,95.03555019450357,96.66666666666667,7806.319533227071,3.3404068540657725,0.6332709381606267,8.255788996352803e-19,0.3304132122109011
R,0.25,1,0.5808785457661284,0.02764572062105919,0.5053067349425765,0.02764572062105919,0.5808785457661284,92.2530837477707,96.66666666666667,3972.3146189026493,-12.338900272349836,0.5751318669566451,0.3107995834729722,-1.2339900272349835
R,0.25,1,0.6935898802963821,0.6102824568332585,0.3749360606510055,0.6102824568332585,0.6935898802963821,110.22431555435763,96.66666666666667,8219.09856306637,4.091348181456188,0.6356603352605719,8.255788996352803e-19,0.33061956377137264
R,0.25,1,0.45352524930453264,0.9000579425749832,0.2576620271844219,0.9000579425749832,0.45352524930453264,70.58128746276519,96.66666666666667,5231.53515876433,-5.798637049462965,0.6005270286456781,0.1318702536850838,-0.5799637049462965
R,0.25,1,0.4094437958333219,0.7332084227839571,0.5384688600536518,0.7332084227839571,0.4094437958333219,106.53143762263386,96.66666666666667,7520.515722012952,2.0275491642199337,0.6306984109065998,8.255788996352803e-19,0.20265491642199338
R,0.25,1,0.6593953945244153,0.8900699828532286,0.43213554983923197,0.8900699828532286,0.6593953945244153,35.55815541714733,96.66666666666667,3138.955111175601,-13.194929006146365,0.5626380195969531,0.3804222463536819,-1.3195929006146365
R,0.25,1,0.6408846065030045,0.9885243749783055,0.3143865564323183,0.9885243749783055,0.6408846065030045,37.727662524699724,96.66666666666667,3370.216355986602,-12.274658649787336,0.568237718311702,0.35923831378699317,-1.2275658649787335
R,0.25,1,0.41316740867685464,0.5208395182707468,0.46812349991419044,0.5208395182707468,0.41316740867685464,83.29411978401207,96.66666666666667,4864.662614502615,-7.783254014826123,0.5924578810889519,0.19627115917020782,-0.7784254014826123
R,0.25,1,0.6492445511049354,0.8243193252271253,0.5365121215474343,0.8243193252271253,0.6492445511049354,81.65887762206329,96.66666666666667,7111.753054189534,1.1360282945286122,0.6282942679830376,8.255788996352803e-19,0.11350282945286123
R,0.25,1,0.6011992669176239,0.06360760279744804,0.2716430518982582,0.06360760279744804,0.6011992669176239,58.660626361029344,96.66666666666667,2348.268158604403,-18.5143192010559,0.5408657737433219,0.4533053181333926,-1.8515319201055902
R,0.25,1,0.8809265595488935,0.9155319362768589,0.6178620409326727,0.9155319362768589,0.8809265595488935,73.99038957785409,96.66666666666667,7788.929526179072,3.967035537850233,0.633971769755459,8.255788996352803e-19,0.33030927692388046
R,0.25,1,0.48876501330915817,0.9689041927560456,0.4254743967519377,0.9689041927560456,0.48876501330915817,90.91230426129461,96.66666666666667,7593.02476402855,2.8110914258120676,0.6318725441349817,8.255788996352803e-19,0.2810091425812068
R,0.25,1,0.74795364562358,0.8584863076258875,0.5091918418596891,0.8584863076258875,0.74795364562358,96.56087072013374,96.66666666666667,8985.162222607983,7.65434813326897,0.6423397095605137,8.255788996352803e-19,0.3308262379019446
R,0.25,1,0.39637644816986073,0.7257536624392336,0.6062698950356648,0.7257536624392336,0.39637644816986073,93.0000270471783,96.66666666666667,6627.484447760116,-0.9153056774356179,0.6232356269461679,0.007188426403920489,-0.09163056774356179
R,0.25,1,0.686857441792069,0.6966846379982632,0.1739526656892455,0.6966846379982632,0.686857441792069,123.68328221867722,96.66666666666667,9093.927191884519,6.878007497099514,0.6418260106359633,8.255788996352803e-19,0.33097354401026496
R,0.25,1,0.8110169868023264,0.9396075753479529,0.6536735701769092,0.9396075753479529,0.8110169868023264,137.8955760211091,96.66666666666667,14323.636456953727,25.792613001080625,0.6804822478539763,8.255788996352803e-19,0.3327372337287395
R,0.25,1,0.6335520010537189,0.4548453241650974,0.4752912942825935,0.4548453241650974,0.6335520010537189,71.8679370571772,96.66666666666667,4764.998643634438,-8.079108361929574,0.5910689856937373,0.20917721244905724,-0.8080108361929573
R,0.25,1,0.42245347222282237,0.4846894274962822,0.779307081654327,0.4846894274962822,0.42245347222282237,156.0069816134439,96.66666666666667,10115.464922834057,10.23119908649351,0.648710571550186,8.255788996352803e-19,0.331455829820439
R,0.25,1,0.5297075445995125,0.8469307799163226,0.505851630409926,0.8469307799163226,0.5297075445995125,79.66894550044162,96.66666666666667,6491.282831844515,-1.1010549768233504,0.6222010877945684,0.010049233582625782,-0.11020549768233504
R,0.25,1,0.4956127495932787,0.8019128639359179,0.4146278517392705,0.8019128639359179,0.4956127495932787,98.85420480408193,96.66666666666667,7437.985801250622,1.8402529246377937,0.6302446136941908,8.255788996352803e-19,0.18392529246377937
R,0.25,1,0.5584971204355239,0.9622854070875506,0.5422789171525292,0.9622854070875506,0.5584971204355239,44.596478211647614,96.66666666666667,3995.670490502574,-9.73592206399176,0.5808719016910795,0.29484846484128496,-0.973692206399176
R,0.25,1,0.6884236522758652,0.1858478581631121,0.2935264437259254,0.1858478581631121,0.6884236522758652,78.28073476682532,96.66666666666667,3996.3674533522326,-11.964994814249076,0.5761402970674234,0.30721332130830653,-1.1965994814249075
R,0.25,1,0.7590760802791842,0.5094989244108588,0.46239448439987235,0.5094989244108588,0.7590760802791842,98.9524175400589,96.66666666666667,7420.304479462475,1.3465353244918088,0.6297852260306819,8.255788996352803e-19,0.1345535324491809
R,0.25,1,0.6657818543974893,0.939439634721604,0.6712450969962993,0.939439634721604,0.6657818543974893,76.32387017713982,96.66666666666667,7406.636418058716,2.6000985937621763,0.6309860641923583,8.255788996352803e-19,0.25990985937621763
R,0.25,1,0.6524817266722666,0.45972854854436895,0.45136455837124834,0.45972854854436895,0.6524817266722666,70.50543050907717,96.66666666666667,4716.434526151013,-8.259831398595542,0.5902561294597346,0.21582716311385974,-0.8260831398595542
R,0.25,1,0.5695209451140281,0.008038550938547662,0.5060194457682599,0.008038550938547662,0.5695209451140281,73.88634985409482,96.66666666666667,3068.3863944199857,-15.597253874039257,0.557925577712398,0.39348015259156993,-1.5598253874039256
R,0.25,1,0.9504253615344966,0.7549201285531024,0.8017422904064435,0.7549201285531024,0.9504253615344966,92.21408932341767,96.66666666666667,9711.142447058797,10.488900328469427,0.6481158737372549,8.255788996352803e-19,0.33104932969158796
R,0.25,1,0.4814096539625662,0.10108048300624772,0.6795677232103364,0.10108048300624772,0.4814096539625662,64.23696407428262,96.66666666666667,2962.204085652094,-15.33916559509576,0.5562267848495371,0.4004036019876552,-1.534016559509576
R,0.25,1,0.3166203940381876,0.9548129505597434,0.520029843372158,0.9548129505597434,0.3166203940381876,98.67097677179518,96.66666666666667,7555.474815485776,2.609517450059156,0.6314348413871073,8.255788996352803e-19,0.2608517450059156
R,0.25,1,0.6332343617555612,0.9437183080599669,0.7777138719406334,0.9437183080599669,0.6332343617555612,84.92042004822157,96.66666666666667,8346.86887290814,5.945387671654218,0.6381243779281048,8.255788996352803e-19,0.33056401531136564
R,0.25,1,0.7009946922684392,0.2722075587104704,0.943114087816994,0.2722075587104704,0.7009946922684392,57.65452457227869,96.66666666666667,4164.845513405701,-9.876978343883602,0.5818666848143257,0.28115129634844044,-0.9877978343883601
R,0.25,1,0.7463108163333143,0.8242151086823692,0.7296523581136034,0.8242151086823692,0.7463108163333143,89.4004458253539,96.66666666666667,8651.067046655844,6.757884238963828,0.6401491540209889,8.255788996352803e-19,0.33068406397799394
R,0.25,1,0.44477939797505356,0.8223762111718258,0.7473272803665735,0.8223762111718258,0.44477939797505356,84.88395080154578,96.66666666666667,6963.961021718554,0.7401366793283558,0.6272176036394826,8.255788996352803e-19,0.07391366793283558
R,0.25,1,0.5994229483891499,0.36111940494662076,0.3946779456655183,0.36111940494662076,0.5994229483891499,37.719433048384765,96.66666666666667,2183.7313580194414,-17.98527628036414,0.5381784426887974,0.4637962582068333,-1.7986276280364142
R,0.25,1,0.43697579726235847,0.16606914343462664,0.3195176484237578,0.16606914343462664,0.43697579726235847,14.85494410543482,96.66666666666667,566.5703645568209,-25.7256835778821,0.4965293295584606,0.5964473399400405,-2.5726683577882103
R,0.25,1,0.6519559868017949,0.7289511297477465,0.6154834077674518,0.7289511297477465,0.6519559868017949,81.33997085552136,96.66666666666667,6867.732291962624,0.18818701676166005,0.6263404104336033,8.255788996352803e-19,0.018718701676166006
R,0.25,1,0.24061494784745446,0.509692836392059,0.686762674321816,0.509692836392059,0.24061494784745446,106.4468648081314,96.66666666666667,5820.988902391733,-4.343989589194398,0.6084359638331919,0.07059388068908405,-0.4344989589194398
R,0.25,1,0.990615034286926,0.7589751619493488,0.3861005804120726,0.7589751619493488,0.990615034286926,71.80855997023914,96.66666666666667,6974.910793565363,0.5927875204381275,0.6273036831857373,8.255788996352803e-19,0.05917875204381275
R,0.25,1,0.6572728108951484,0.6455952151219018,0.5303983069186635,0.6455952151219018,0.6572728108951484,92.2530837477707,96.66666666666667,7232.9516415182625,1.097620382926731,0.6287369641932945,8.255788996352803e-19,0.10966203829267311
R,0.25,1,0.45352524930453264,0.6687781326249882,0.6404426830167174,0.6687781326249882,0.45352524930453264,84.92248805812747,96.66666666666667,6125.139429985348,-2.6722855413629305,0.6155261375270151,0.03654760661804394,-0.26732855413629303
R,0.25,1,0.0719823346635674,0.6505657143435191,0.4559676193700281,0.6505657143435191,0.0719823346635674,103.4208663258622,96.66666666666667,4915.241414813454,-7.6505601757879,0.5929394855632404,0.19050041491596326,-0.76515601757879
R,0.25,1,0.37477675697604607,0.7332084227839571,0.27922171575435323,0.7332084227839571,0.37477675697604607,106.53143762263386,96.66666666666667,6645.409973089519,-1.4451241033311457,0.6219975442677009,0.012694752366901952,-0.14461241033311456
R,0.25,1,0.42865327532050335,0.9523880005045622,0.5486759830490712,0.9523880005045622,0.42865327532050335,101.19758607451084,96.66666666666667,8376.0192946786,5.541188701481731,0.6376954348922808,8.255788996352803e-19,0.3306479942647522
R,0.25,1,0.5618111179101632,0.9328864905572593,0.14985780401021193,0.9328864905572593,0.5618111179101632,77.4200743758395,96.66666666666667,6076.03005915363,-2.837084984086591,0.6148286449596795,0.03997248748869385,-0.28380849840865907
R,0.25,1,0.641356261627555,0.8243193252271253,0.5365121215474343,0.8243193252271253,0.641356261627555,82.0696596160114,96.66666666666667,7115.159005914619,1.1405682028331776,0.628309793878544,8.255788996352803e-19,0.11395682028331777
R,0.25,1,0.4062023970692863,0.24692191754161996,0.1209079137416712,0.24692191754161996,0.4062023970692863,91.90909081946303,96.66666666666667,3279.2165080205427,-15.12286800395419,0.5622771797251399,0.37574611061513297,-1.512386800395419
R,0.25,1,0.9472384959734544,0.8286719995677295,0.645441310272311,0.8286719995677295,0.9472384959734544,44.2481794318538,96.66666666666667,4643.030385822436,-7.324206795011095,0.5922377176023133,0.21359960581138174,-0.7325206795011096
R,0.25,1,0.5251569285479882,0.68307948353361,0.45933523105397656,0.68307948353361,0.5251569285479882,75.25636573424195,96.66666666666667,5410.571569622565,-5.334237768016438,0.6030821132486982,0.10955858471896429,-0.5335237768016439
R,0.25,1,0.5560038963019308,0.9155319362768589,0.6589615070186129,0.9155319362768589,0.5560038963019308,56.4028320864139,96.66666666666667,5079.121804498665,-5.722203909986351,0.5998002555625515,0.14598107136620714,-0.5723203909986351
R,0.25,1,0.8252935589901238,0.09767974761074472,0.32001668682121975,0.09767974761074472,0.8252935589901238,60.16614754193864,96.66666666666667,3257.9416869901384,-14.677016446919914,0.5628200335213019,0.3773319293533371,-1.4678016446919915
R,0.25,1,0.692621165877143,0.9502063254037565,0.24701842019028653,0.9502063254037565,0.692621165877143,35.029911550137825,96.66666666666667,3093.7309208482498,-13.4635972880447,0.5614309884122595,0.3849329112306685,-1.34645972880447
R,0.25,1,0.4271328037303504,0.9623553716097107,0.7522949513431985,0.9623553716097107,0.4271328037303504,75.02575600941557,96.66666666666667,6623.407477716322,-0.13840118698133475,0.6248935015638644,0.00048478005714611366,-0.013940118698133474
R,0.25,1,0.49244035264859914,0.2944555625295079,0.4243161935068812,0.2944555625295079,0.49244035264859914,68.91372020369101,96.66666666666667,3442.426432331283,-13.489863035930465,0.5675572125657582,0.3583860045763998,-1.3490863035930465
R,0.25,1,0.7032408687910123,0.9015158789882378,0.6748332503627432,0.9015158789882378,0.7032408687910123,12.118710369791575,96.66666666666667,1176.8318297415485,-21.593733808592958,0.513585430295065,0.5429290557879848,-2.159473380859296
R,0.25,1,0.3614952279973639,0.43031083598712416,0.6117615522966736,0.43031083598712416,0.3614952279973639,132.51568014077924,96.66666666666667,7273.035910089205,0.2610457563300226,0.6278048389716135,8.255788996352803e-19,0.026004575633002257
R,0.25,1,0.6511789625161558,0.778716705679974,0.16977276586865164,0.778716705679974,0.6511789625161558,98.53324521181959,96.66666666666667,7462.819564325011,1.6251160616515903,0.6302110993108273,8.255788996352803e-19,0.16241160616515904
R,0.25,1,0.5525948073886162,0.6283038123337576,0.34694073391130387,0.6283038123337576,0.5525948073886162,61.647727305410235,96.66666666666667,4174.688498081587,-9.997273576429931,0.5816802454420935,0.28098883103569244,-0.999827357642993
R,0.25,1,0.48821095717777097,0.2371435214263664,0.5882299393020511,0.2371435214263664,0.48821095717777097,49.67433529023174,96.66666666666667,2532.073359538726,-16.686346968974068,0.546446187236557,0.43538207983909744,-1.6687346968974068
R,0.25,1,0.4868210486697734,0.25431452652694475,0.46239448439987235,0.25431452652694475,0.4868210486697734,98.9524175400589,96.66666666666667,4810.7341467467795,-8.7948242119714,0.5897383323820584,0.2112109751548879,-0.87958242119714
R,0.25,1,0.2400176566658902,0.008038550938547662,0.5885469495164682,0.008038550938547662,0.2400176566658902,145.91524065730627,96.66666666666667,3956.7083058774874,-13.004623008306606,0.5733628830020598,0.31438769836270936,-1.3005623008306606
R,0.25,1,0.6261884845866639,0.9152469138983261,0.2805099707298975,0.9152469138983261,0.6261884845866639,66.52382928401323,96.66666666666667,5593.62420019,-4.324367663104315,0.607327311047413,0.08179583453092852,-0.43253676631043153
R,0.25,1,0.2872126758376508,0.45972854854436895,0.831258311140655,0.45972854854436895,0.2872126758376508,79.45252969677159,96.66666666666667,4618.457881887546,-8.302126325380272,0.5891467335819283,0.22647916502132595,-0.8303126325380271
R,0.25,1,0.48405107442550466,0.6087195442863141,0.2179866737281067,0.6087195442863141,0.48405107442550466,65.0982281310812,96.66666666666667,3911.6352069894333,-11.259955001748082,0.5765992092914095,0.3110018114134096,-1.126095500174808
R,0.25,1,0.5534024548547322,0.09169674532676675,0.6790968512821633,0.09169674532676675,0.5534024548547322,11.824067451560127,96.66666666666667,582.1269971872366,-25.458408618463388,0.49706660247158746,0.594947834248901,-2.545940861846339
R,0.25,1,0.7150775089468095,0.33698745297566646,0.7692528436857062,0.33698745297566646,0.7150775089468095,55.04610357369205,96.66666666666667,3954.213135708863,-10.737815204114614,0.5781299375330207,0.3047710912195091,-1.0738815204114613
R,0.25,1,0.3956462206371696,0.5481449123321531,0.546725096295639,0.5481449123321531,0.3956462206371696,71.49409234785595,96.66666666666667,4350.964883966089,-9.380272264000153,0.5844902874802846,0.2606935206325674,-0.9381272264000152
R,0.25,1,0.36596143075048926,0.7678121251832183,0.7250251857637092,0.7678121251832183,0.36596143075048926,96.45353249511047,96.66666666666667,7216.104233838276,1.3540430292262995,0.6288053403769567,8.255788996352803e-19,0.13530430292262996
R,0.25,1,0.343626428946327,0.9437183080599669,0.44922662998620855,0.9437183080599669,0.343626428946327,86.82560501733512,96.66666666666667,6563.833631283958,-0.8745766211588255,0.623044909847215,0.007071260896625734,-0.08755766211588255
R,0.25,1,0.8103184945990827,0.9144180103433908,0.6865200743064257,0.9144180103433908,0.8103184945990827,77.49477355480006,96.66666666666667,8012.946187090739,4.769162084472004,0.6356602590373772,8.255788996352803e-19,0.3304076534472559
R,0.25,1,0.5780068281917311,0.8076766252022161,0.5006477050059308,0.8076766252022161,0.5780068281917311,86.0006185365878,96.66666666666667,7034.882011875553,0.7113561352678494,0.6275277289681648,8.255788996352803e-19,0.07103561352678493
R,0.25,1,0.371620442163659,0.9531114435644008,0.2828262307346606,0.9531114435644008,0.371620442163659,89.46929661699726,96.66666666666667,6558.748099326562,-1.0988267146139876,0.622480560913158,0.00958070009887583,-0.10998267146139876
R,0.25,1,0.5994229483891499,0.8691492001673248,0.7160674231123354,0.8691492001673248,0.5994229483891499,73.96725241581554,96.66666666666667,6755.450835957983,0.20806821759585908,0.625887786791241,8.255788996352803e-19,0.02070682175958591
R,0.25,1,0.5365187954368665,0.7002288728486976,0.6307143979489814,0.7002288728486976,0.5365187954368665,100.96332469204106,96.66666666666667,7835.28338346371,3.3122927476705186,0.6333113631235567,8.255788996352803e-19,0.3304521008778904
R,0.25,1,0.5145631874496684,0.388319873217018,0.46153804537210347,0.388319873217018,0.5145631874496684,37.45415970692768,96.66666666666667,2122.9993090992375,-18.09477161355103,0.5368255583704464,0.468029016474392,-1.809577161355103
R,0.25,1,0.990615034286926,0.31839788241558786,0.3861005804120726,0.31839788241558786,0.990615034286926,66.15594512008667,96.66666666666667,4968.520554157171,-7.557848552319055,0.5941687914108457,0.1814189553545219,-0.7558848552319055
R,0.25,1,0.45352524930453264,0.8005341517619798,0.04137872926934483,0.8005341517619798,0.45352524930453264,83.84338594324758,96.66666666666667,5343.962637168146,-6.02794478069386,0.6006885576746568,0.12464028877632549,-0.6028944780693861
R,0.25,1,0.2652050067236168,0.8718114517402681,0.9436540994884417,0.8718114517402681,0.2652050067236168,90.09202433074157,96.66666666666667,7247.198424292013,1.9331528773536049,0.6295149277642365,8.255788996352803e-19,0.1932152877353605
R,0.25,1,0.789642852154769,0.524095956962927,0.5384688600536518,0.524095956962927,0.789642852154769,43.182975774244085,96.66666666666667,3417.8747518627288,-12.602659763497494,0.5685842221368776,0.3573212963737668,-1.2603659763497492
R,0.25,1,0.44144682820853715,0.06986447815815722,0.7250782231271051,0.06986447815815722,0.44144682820853715,46.21463710844596,96.66666666666667,2019.23399758551,-18.90054739364652,0.5338277198431108,0.4767343642503469,-1.890154739364652
R,0.25,1,0.9080804257123848,0.764669640186598,0.5498712361288589,0.764669640186598,0.9080804257123848,110.70586923743559,96.66666666666667,10781.011832223941,13.678072501169082,0.6553103375218285,8.255788996352803e-19,0.33147077608957776
R,0.25,1,0.4841198138231514,0.8154817726232724,0.8854142741204094,0.8154817726232724,0.4841198138231514,92.61041338648303,96.66666666666667,8067.796556541221,4.721479400688892,0.6356868221485489,8.255788996352803e-19,0.3305032012212343
R,0.25,1,0.45143666363737955,0.09422927812729343,0.6267254789732537,0.09422927812729343,0.45143666363737955,40.94712513621926,96.66666666666667,1758.737745339919,-20.032203223352013,0.5273738870608322,0.497732774593551,-2.0033203223352016
R,0.25,1,0.6247744780472624,0.9689041927560456,0.5766033130963685,0.9689041927560456,0.6247744780472624,107.14111927809581,96.66666666666667,10081.873936589802,11.566605605483012,0.6504781826356575,8.255788996352803e-19,0.3312411776648544
R,0.25,1,0.47477749521207885,0.7257536624392336,0.5502813024881481,0.7257536624392336,0.47477749521207885,78.5707753532264,96.66666666666667,5797.233909590432,-3.783399472656877,0.6101521236493831,0.06349108565461797,-0.3784399472656877
R,0.25,1,0.9273398232944612,0.4647918536149751,0.3281457140003615,0.4647918536149751,0.9273398232944612,111.13884793723454,96.66666666666667,8647.738952670794,5.313641439837732,0.6386754583809323,8.255788996352803e-19,0.3307617055634478
R,0.25,1,0.7905840267432378,0.13561122247818658,0.6764488540653327,0.13561122247818658,0.7905840267432378,52.9589917402795,96.66666666666667,3348.119559549363,-13.559034534295318,0.5658983123132986,0.36648358028460043,-1.3560034534295318
R,0.25,1,0.050327731328478564,0.9779342437614529,0.8108803842590899,0.9779342437614529,0.050327731328478564,98.96434814464637,96.66666666666667,7094.270020622114,1.2623245449420852,0.6281275737647151,8.255788996352803e-19,0.12613245449420854
R,0.25,1,0.44677487217106004,0.7500371710437083,0.7522949513431985,0.7500371710437083,0.44677487217106004,101.24008743239452,96.66666666666667,7962.327960983653,3.9647163237373984,0.6344448485344166,8.255788996352803e-19,0.33050303217431465
R,0.25,1,0.6672797420466056,0.5574152200658529,0.44299327690064727,0.5574152200658529,0.6672797420466056,101.41674391454627,96.66666666666667,7333.402160282174,1.0406231892173397,0.6290869693366973,8.255788996352803e-19,0.10396231892173398
R,0.25,1,0.6042617106088615,0.9320699335969576,0.48414395629759727,0.9320699335969576,0.6042617106088615,132.51568014077924,96.66666666666667,11783.318279057383,16.90232303450966,0.662085640105606,8.255788996352803e-19,0.3318875083372887
R,0.25,1,0.6511789625161558,0.923774962513099,0.8706755942978628,0.923774962513099,0.6511789625161558,81.2620208927193,96.66666666666667,8168.018396405221,5.425131489326675,0.6369025041564732,8.255788996352803e-19,0.3304855695395603
R,0.25,1,0.4216199876991956,0.5858479346674832,0.6748332503627432,0.5858479346674832,0.4216199876991956,128.21266363100793,96.66666666666667,8621.561505865922,5.504405130549687,0.6384359911807752,8.255788996352803e-19,0.33084868376181464
R,0.25,1,0.6137635671694299,0.810229624463469,0.6443716215467051,0.810229624463469,0.6137635671694299,74.06357140368047,96.66666666666667,6466.412661416147,-1.0057024537719195,0.6223483634453005,0.009069863930273397,-0.10067024537719194
R,0.25,1,0.7013583087912197,0.9171425704433448,0.3294303326659302,0.9171425704433448,0.7013583087912197,63.5711042908513,96.66666666666667,5668.050660294643,-3.9393227792831778,0.6089851410040392,0.07169011418096842,-0.39403227792831774
R,0.25,1,0.9686159447370412,0.4348193976395709,0.9014602042845914,0.4348193976395709,0.9686159447370412,50.141924923711464,96.66666666666667,4648.571225760358,-7.689912961705337,0.5912318835238358,0.21710802238142618,-0.7690912961705337
R,0.25,1,0.9202696186536268,0.6245552558915716,0.07140167384743906,0.6245552558915716,0.9202696186536268,61.705339085560595,96.66666666666667,4876.343747981824,-7.651137527887043,0.593183225334209,0.19257363504795041,-0.7652137527887043
R,0.25,1,0.69917773245219,0.9707945193845052,0.3951470546459319,0.9707945193845052,0.69917773245219,62.24253187513066,96.66666666666667,5812.038884380547,-3.236952787626684,0.6120249251070484,0.05421716684963594,-0.3237952787626684
R,0.25,1,0.6261884845866639,0.864891438884393,0.6271885514640227,0.864891438884393,0.6261884845866639,92.21408932341767,96.66666666666667,8320.81939024895,5.468454457846565,0.6374935986717855,8.255788996352803e-19,0.3305838931065857
R,0.25,1,0.48738630947117967,0.7302124234131808,0.5462091400065915,0.7302124234131808,0.48738630947117967,58.3328964200852,96.66666666666667,4347.852068021227,-8.89378114270398,0.5856980353103528,0.2572681051409861,-0.889478114270398
R,0.25,1,0.7999088219833154,0.4958913998922512,0.6712450969962993,0.4958913998922512,0.7999088219833154,61.464301863155015,96.66666666666667,5013.713081233736,-6.647317398207669,0.596695477070068,0.16638394121157293,-0.6648317398207669
R,0.25,1,0.746628385723471,0.4949090818890257,0.17415871919060777,0.4949090818890257,0.746628385723471,80.61811572460786,96.66666666666667,5355.52925647499,-6.332142381052312,0.60015387441306,0.1267495608204408,-0.6333142381052312
R,0.25,1,0.11370987359135831,0.801086149786995,0.7250251857637092,0.801086149786995,0.11370987359135831,97.96397672871343,96.66666666666667,6256.511577935008,-2.0972439972525554,0.6178850449440588,0.02598894192823041,-0.20982439972525552
R,0.25,1,0.44477939797505356,0.9230075368518939,0.7473272803665735,0.9230075368518939,0.44477939797505356,79.38400085807196,96.66666666666667,6912.165697045117,0.7854642571065199,0.6270684363771486,8.255788996352803e-19,0.078446425710652
R,0.25,1,0.6332343617555612,0.6969784386274566,0.44034846231757285,0.6969784386274566,0.6332343617555612,113.31534803336926,96.66666666666667,8784.13230327909,6.280427062511735,0.6400361188724386,8.255788996352803e-19,0.33083034982480053
R,0.25,1,0.7640427863535654,0.6100997490923012,0.32416461115212447,0.6100997490923012,0.7640427863535654,114.05494861290788,96.66666666666667,8760.702265031434,5.907042123307788,0.6396243355578048,8.255788996352803e-19,0.3308191220969608
R,0.25,1,0.5994229483891499,0.6735838347029589,0.7382224596556767,0.6735838347029589,0.5994229483891499,81.65165652489355,96.66666666666667,6704.082798214013,-0.3749086696516502,0.6248396139720085,0.001962087968165764,-0.03759086696516502
R,0.25,1,0.5032151523395563,0.07310404551451066,0.6625358402745104,0.07310404551451066,0.5032151523395563,48.39793850829302,96.66666666666667,2196.2672763731443,-18.286321295242942,0.5380436917774708,0.4631145158913455,-1.8287321295242944
R,0.25,1,0.8146248503773863,0.7289511297477465,0.6154834077674518,0.7289511297477465,0.8146248503773863,81.33997085552136,96.66666666666667,7529.306323079593,2.612364165416404,0.631518480915541,8.255788996352803e-19,0.26113641654164044
R,0.25,1,0.53832034921828,0.375331665200708,0.5006477050059308,0.375331665200708,0.53832034921828,115.46378264076174,96.66666666666667,6719.8528248684315,-1.7150708968502173,0.6217647223907178,0.014602360785973286,-0.17160708968502172
R,0.25,1,0.7431617013925514,0.7197741621216867,0.3861005804120726,0.7197741621216867,0.7431617013925514,66.38546204183595,96.66666666666667,5496.670297480159,-4.872401447475752,0.6051032001234532,0.09613430824462638,-0.48734014474757525
R,0.25,1,0.47003073618706404,0.16446452088165697,0.6172961779192185,0.16446452088165697,0.47003073618706404,63.485511263971176,96.66666666666667,2993.7968758910515,-15.156244484679409,0.5570555072460267,0.3975575506649804,-1.5157244484679409
R,0.25,1,0.7176970298201043,0.8430327149046943,0.46153804537210347,0.8430327149046943,0.7176970298201043,65.50381216325334,96.66666666666667,5867.499937559012,-3.2040100534564235,0.6124594535807149,0.0517227536741401,-0.32050100534564235
R,0.25,1,0.6324988010666313,0.6181873021585843,0.49301223170168385,0.6181873021585843,0.6324988010666313,83.45826659524714,96.66666666666667,6247.653368198963,-2.4401205503582615,0.6170911905476496,0.030541059811179185,-0.24411205503582614
R,0.25,1,0.5671502463665903,0.9552772956954865,0.7778593554570793,0.9552772956954865,0.5671502463665903,69.43795899418119,96.66666666666667,6636.037212552649,0.018162804135099325,0.6252019047207608,8.255788996352803e-19,0.0017162804135099324
R,0.25,1,0.6210718466335897,0.009586638606439712,0.42020305903063315,0.009586638606439712,0.6210718466335897,40.36183790158437,96.66666666666667,1696.730971484448,-20.821955614811625,0.5253729180475427,0.50457522599216,-2.0822955614811627
R,0.25,1,0.40108603284684496,0.7698617964777489,0.5365121215474343,0.7698617964777489,0.40108603284684496,81.65887762206329,96.66666666666667,5876.1887167367695,-3.488912936991092,0.611503550123191,0.05596455386849136,-0.3489912936991092
R,0.25,1,0.4094437958333219,0.7332084227839571,0.5384688600536518,0.7332084227839571,0.4094437958333219,95.2466553283035,96.66666666666667,6723.874049301931,-0.6647259268557005,0.6242531513186876,0.004344782956395549,-0.06657259268557006
R,0.25,1,0.8116425448835052,0.8872214286207384,0.4254743967519377,0.8872214286207384,0.8116425448835052,62.13243460134332,96.66666666666667,5938.621739784928,-2.8467564671517187,0.6140216662966115,0.043835082125585,-0.28477564671517186
R,0.25,1,0.8073802233552365,0.5060773538691743,0.8008328843604645,0.5060773538691743,0.8073802233552365,77.9913082271118,96.66666666666667,6683.363845491324,-0.5662355272555282,0.6244290465861573,0.0035589887034799886,-0.056723552725552816
R,0.25,1,0.7227408802085267,0.11085738483109808,0.7792702330849595,0.11085738483109808,0.7227408802085267,30.296536071897705,96.66666666666667,1852.986713472582,-19.290074937095266,0.5300990957299919,0.4902754302055967,-1.9291074937095267
R,0.25,1,0.6299370489471526,0.7549654459502966,0.6178620409326727,0.7549654459502966,0.6299370489471526,86.86701716707168,96.66666666666667,7356.913252863366,1.9119345901106206,0.6300512249448117,8.255788996352803e-19,0.19109345901106206
R,0.25,1,0.7241467986739792,0.7376351551589411,0.5584193574326483,0.7376351551589411,0.7241467986739792,64.98999272691535,96.66666666666667,5657.351676849794,-4.036919642202355,0.6086093192069849,0.07380414209341592,-0.40379196422023556
R,0.25,1,0.74795364562358,0.9863309899978469,0.7427934629384363,0.9863309899978469,0.74795364562358,113.08173757463915,96.66666666666667,11905.705388457587,18.054715419150696,0.664000677709956,8.255788996352803e-19,0.3318565815466149
R,0.25,1,0.5498835273323623,0.9779342437614529,0.6171702454013204,0.9779342437614529,0.5498835273323623,98.96434814464637,96.66666666666667,9086.920765765626,8.231006365144221,0.6432710497480061,8.255788996352803e-19,0.33087939304528113
R,0.25,1,0.3614952279973639,0.025618515307900935,0.5152912507858435,0.025618515307900935,0.3614952279973639,67.62256954755247,96.66666666666667,2180.014262561457,-18.99266449418828,0.5369096171374648,0.46478068491631375,-1.899366449418828
R,0.25,1,0.7244197231537677,0.7796312619094409,0.7275651484461433,0.7796312619094409,0.7244197231537677,53.15562461165043,96.66666666666667,4964.292975723221,-6.224284959576526,0.5975729185124796,0.16600488951747275,-0.6225284959576526
R,0.25,1,0.6980379704990888,0.4336963252902931,0.824067612521749,0.4336963252902931,0.6980379704990888,97.9576368884246,96.66666666666667,7561.1937590285725,2.167510895322429,0.6311145400183843,8.255788996352803e-19,0.21665108953224294
R,0.25,1,0.6984492219326239,0.5610862801802354,0.684822327820554,0.5610862801802354,0.6984492219326239,102.81799553666804,96.66666666666667,8235.447257857353,4.564724984174062,0.6362055113259575,8.255788996352803e-19,0.33059584477954834
R,0.25,1,0.6476869317525265,0.5741760766016561,0.6167304738984363,0.5741760766016561,0.6476869317525265,82.41465300777095,96.66666666666667,6305.661492968499,-2.1388336882486696,0.6183347234666116,0.025479629436467345,-0.21398336882486696
R,0.25,1,0.572342321500162,0.5169502499800575,0.6609883309561384,0.5169502499800575,0.572342321500162,49.95716404399514,96.66666666666667,3546.4259462856903,-12.066918089016479,0.5715609867248884,0.344650608882925,-1.2067918089016478
R,0.25,1,0.9686159447370412,0.7729714369890831,0.5736890497743454,0.7729714369890831,0.9686159447370412,72.6268856881677,96.66666666666667,7365.9346103918,2.218584508179742,0.6305132563594157,8.255788996352803e-19,0.22175845081797424
R,0.25,1,0.546830460503091,0.008038550938547662,0.5568917908077069,0.008038550938547662,0.546830460503091,70.00058285107674,96.66666666666667,2916.6264588837585,-16.043007361183932,0.5545285115997133,0.40585928622611245,-1.6044007361183934
R,0.25,1,0.6445740609191505,0.8085972054431049,0.36074858035823854,0.8085972054431049,0.6445740609191505,72.07013381485956,96.66666666666667,5886.492342630306,-3.4096350714014916,0.6119323283279187,0.054190822907738974,-0.34106350714014916
R,0.25,1,0.6694330464567277,0.06281137596337183,0.3951470546459319,0.06281137596337183,0.6694330464567277,57.05641157129793,96.66666666666667,2652.603781346038,-17.019964520170536,0.5484576221039824,0.4282206128679185,-1.7020964520170536
R,0.25,1,0.49590329477129547,0.4244239618415959,0.6516093565285171,0.4244239618415959,0.49590329477129547,73.1435692984387,96.66666666666667,4557.326876684217,-8.719720668816162,0.5877663569539923,0.23594159622206157,-0.8720720668816162
R,0.25,1,0.7117977770594041,0.92297275634369,0.7210254183921214,0.92297275634369,0.7117977770594041,82.73889544084948,96.66666666666667,8254.376579214528,5.579305781805863,0.6374079226239457,8.255788996352803e-19,0.33051906199042813
R,0.25,1,0.36596143075048926,0.7678121251832183,0.8371728715868745,0.7678121251832183,0.36596143075048926,93.71550733382117,96.66666666666667,7274.01020947179,1.7233015486723005,0.6294187801461191,8.255788996352803e-19,0.17223015486723006
R,0.25,1,0.9696988551914838,0.4336963252902931,0.824067612521749,0.4336963252902931,0.9696988551914838,116.01444445606761,96.66666666666667,10530.79926731952,12.465731715349623,0.6530763724370523,8.255788996352803e-19,0.33140806170451814
R,0.25,1,0.7484974912929474,0.14780214105230838,0.7473272803665735,0.14780214105230838,0.7484974912929474,48.61183794524566,96.66666666666667,3086.762440028568,-14.405071813314757,0.559907589904801,0.3890373408859837,-1.4406071813314756
R,0.25,1,0.5613108997338114,0.8150536016676324,0.7548143560758237,0.8150536016676324,0.5613108997338114,84.92042004822157,96.66666666666667,7446.551384333254,2.4932660617468114,0.6309831160674363,8.255788996352803e-19,0.24922660617468115
R,0.25,1,0.690670039322614,0.51163280609772,0.20210655470096545,0.51163280609772,0.690670039322614,77.49477355480006,96.66666666666667,5050.1643797693305,-7.353281364248672,0.5951882159940146,0.1707315943120392,-0.7354281364248673
R,0.25,1,0.6170865767737294,0.9374481136185118,0.7778593554570793,0.9374481136185118,0.6170865767737294,76.88221463346595,96.66666666666667,7470.892234117757,2.914898094472558,0.6315528196172561,8.255788996352803e-19,0.29138980944725584
R,0.25,1,0.8997139006060251,0.6752641764731364,0.6223679648054361,0.6752641764731364,0.8997139006060251,80.4513649265274,96.66666666666667,7587.2156078973585,2.7737507164659014,0.6319397559317232,8.255788996352803e-19,0.27727507164659015
R,0.25,1,0.00974912495276159,0.21091668335192237,0.22400133197352667,0.21091668335192237,0.00974912495276159,86.63257939587533,96.66666666666667,1440.9877373199865,-22.236939976706775,0.5186998860315903,0.5194632462118469,-2.2237939976706778
R,0.25,1,0.6519559868017949,0.8460642027261793,0.9352548493937072,0.8460642027261793,0.6519559868017949,81.33997085552136,96.66666666666667,7994.285982663628,4.7531588194234216,0.6355171192769521,8.255788996352803e-19,0.33042393146704263
R,0.25,1,0.2714697986427547,0.2959705570228581,0.6293814019638186,0.2959705570228581,0.2714697986427547,65.98336368654536,96.66666666666667,2910.2987164985,-15.207574399674927,0.5553452117527345,0.4031621168007248,-1.5208574399674926
R,0.25,1,0.528749046599265,0.3401660530675724,0.8365582372659887,0.3401660530675724,0.528749046599265,90.248300841214,96.66666666666667,5808.354552709726,-4.256162304649547,0.6088037347599824,0.06965997697982321,-0.42571623046495477
R,0.25,1,0.3448002890989068,0.42260865582024054,0.8770415315741551,0.42260865582024054,0.3448002890989068,71.80855997023914,96.66666666666667,4329.803797557055,-9.28550765907423,0.5844854972046754,0.2619544579696808,-0.928650765907423
R,0.25,1,0.8239541387866404,0.6505657143435191,0.7134325944560447,0.6505657143435191,0.8239541387866404,72.15258307130213,96.66666666666667,6606.420923094511,-0.6103536299912782,0.6240001390043662,0.0041718417298175865,-0.06113536299912782
R,0.25,1,0.4094437958333219,0.799072966609204,0.9488462723910096,0.799072966609204,0.4094437958333219,105.67388235410662,96.66666666666667,8892.13964288537,7.472619495685159,0.6416471363345924,8.255788996352803e-19,0.3308485052902982
R,0.25,1,0.7771896530571978,0.23997162486367418,0.7160674231123354,0.23997162486367418,0.7771896530571978,39.41442280605993,96.66666666666667,2710.1258378011585,-15.65634159412794,0.5512174401021703,0.4204490580036683,-1.5657341594127938
R,0.25,1,0.5953588407251943,0.4608010252910434,0.7422043437971501,0.4608010252910434,0.5953588407251943,67.40758648372932,96.66666666666667,4810.414462784325,-7.499345003479166,0.592819471193758,0.19874174533568176,-0.7500345003479166
R,0.25,1,0.6492445511049354,0.6217094697818437,0.6057409112728698,0.6217094697818437,0.6492445511049354,61.7007300529556,96.66666666666667,4855.305958834649,-7.125853523182314,0.5941859771607532,0.18970564724918493,-0.7126853523182314
R,0.25,1,0.6839878643330539,0.8514777963123105,0.4254743967519377,0.8514777963123105,0.6839878643330539,46.920494738264296,96.66666666666667,4101.327152406453,-9.618033213440846,0.5820221526314923,0.2850203638734894,-0.9619033213440845
R,0.25,1,0.5192729348974634,0.6490884823644331,0.8209339857646206,0.6490884823644331,0.5192729348974634,39.217666936736485,96.66666666666667,3095.898336964635,-13.350142203449947,0.5615472066857169,0.3838874819653033,-1.3351142203449946
R,0.25,1,0.6962474342011955,0.5536661351079825,0.7371261864560018,0.5536661351079825,0.6962474342011955,78.5707753532264,96.66666666666667,6358.248313332414,-1.773335386925512,0.6197098706754331,0.019853167122838966,-0.17743353869255118
R,0.25,1,0.5389416520079863,0.8898824703555877,0.8135143671170085,0.8898824703555877,0.5389416520079863,86.86701716707168,96.66666666666667,7972.573640654449,4.517698146152782,0.6351443996110807,8.255788996352803e-19,0.3304424120395149
R,0.25,1,0.050327731328478564,0.6147551627800195,0.7111135500236201,0.6147551627800195,0.050327731328478564,55.813255538065,96.66666666666667,2848.2611332448932,-14.612612750123716,0.5549993761491321,0.405209198605212,-1.4613612750123717
R,0.25,1,0.5773737310918289,0.6309844250158958,0.6764488540653327,0.6309844250158958,0.5773737310918289,86.62302437576137,96.66666666666667,6698.483039924906,-0.6158290524614587,0.6243134666136004,0.003971121616480029,-0.06168290524614587
R,0.25,1,0.6011937966704347,0.7622263099130796,0.8717343413569008,0.7622263099130796,0.6011937966704347,79.71848031681998,96.66666666666667,7171.822369835628,1.6268434230288393,0.6290100518414707,8.255788996352803e-19,0.16258434230288393
R,0.25,1,0.26253483455460014,0.8378631134333137,0.8640672081843422,0.8378631134333137,0.26253483455460014,84.62170946402206,96.66666666666667,6483.848878681068,-0.8701958258830453,0.6226419886784875,0.007429064766508053,-0.08711958258830453
R,0.25,1,0.687074757208737,0.7485539081152661,0.4146278517392705,0.7485539081152661,0.687074757208737,77.44145039785548,96.66666666666667,6361.592859122315,-1.7815555702898072,0.6197304437586935,0.019887566850294115,-0.17825555702898072
R,0.25,1,0.12939937465907592,0.6874949653043987,0.9312753238381103,0.6874949653043987,0.12939937465907592,97.9576368884246,96.66666666666667,6281.690206909658,-1.9615217188623306,0.6184333053005491,0.023710364559206217,-0.19625217188623306
R,0.25,1,0.5457141795810978,0.778716705679974,0.16977276586865164,0.778716705679974,0.5457141795810978,54.82437488030578,96.66666666666667,3863.246911841646,-11.036882802327131,0.5766699061593871,0.31400659346395154,-1.103788280232713
R,0.25,1,0.5525948073886162,0.9543778459812567,0.7158769332299195,0.9543778459812567,0.5525948073886162,85.19685823302315,96.66666666666667,7944.228415326812,4.443210848617122,0.63496998321088,8.255788996352803e-19,0.33042407711093386
R,0.25,1,0.9202696186536268,0.46900883678189187,0.5981592131849054,0.46900883678189187,0.9202696186536268,51.4797591339059,96.66666666666667,4345.813318249407,-9.141143565694092,0.5852090296632819,0.2594317886804642,-0.9142143565694092
R,0.25,1,0.5495156501860902,0.9761117230494424,0.46239448439987235,0.9761117230494424,0.5495156501860902,98.9524175400589,96.66666666666667,8692.102144561195,6.669536721306952,0.6401337658005174,8.255788996352803e-19,0.33074292772987846
R,0.25,1,0.5390242151033904,0.19410679655513252,0.9387211846946799,0.19410679655513252,0.5390242151033904,78.28073476682532,96.66666666666667,4706.596315625865,-8.300514345762453,0.5899551020756203,0.21750846631997792,-0.8301514345762453
R,0.25,1,0.7734143388625914,0.9116402306105481,0.5989678158068968,0.9116402306105481,0.7734143388625914,58.692084814850276,96.66666666666667,5823.835031626026,-3.020263308228058,0.6127836678658435,0.05023036473802711,-0.3021263308228058
R,0.25,1,0.7069432232337349,0.7446461539748412,0.9448795624494201,0.7446461539748412,0.7069432232337349,81.96752635286994,96.66666666666667,7885.395537378528,4.225373966699082,0.6345462154908741,8.255788996352803e-19,0.33038522874623455
R,0.25,1,0.7734143388625914,0.9116402306105481,0.5989678158068968,0.9116402306105481,0.7734143388625914,58.692084814850276,96.66666666666667,5823.835031626026,-3.020263308228058,0.6127836678658435,0.05023036473802711,-0.3021263308228058
R,0.25,1,0.8239541387866404,0.46356531621747754,0.7134325944560447,0.46356531621747754,0.8239541387866404,72.15258307130213,96.66666666666667,5931.792835086723,-3.4010065756922643,0.6122871455309988,0.05236851626392969,-0.3402006575692264
R,0.25,1,0.3443899042503846,0.9475053701037971,0.9361611023579354,0.9475053701037971,0.3443899042503846,77.00385623969905,96.66666666666667,6776.246272735013,0.5313313475917785,0.6262343341007973,8.255788996352803e-19,0.05303313475917785
R,0.25,1,0.7016224605135541,0.5377293591720163,0.7548143560758237,0.5377293591720163,0.7016224605135541,42.49397651024886,96.66666666666667,3435.125943599757,-12.275449698510009,0.569356948904423,0.3543577315544061,-1.2276449698510008
R,0.25,1,0.9696988551914838,0.8832619679270051,0.6231728913075955,0.8832619679270051,0.9696988551914838,58.12202473978017,96.66666666666667,6290.393495300324,-1.2775020033747162,0.6208365258495573,0.013835007535734273,-0.1278502003374716
R,0.25,1,0.8628306940904258,0.9230075368518939,0.9263373089503399,0.9230075368518939,0.8628306940904258,79.38400085807196,96.66666666666667,8926.758226089587,8.252043250318975,0.6428505239562319,8.255788996352803e-19,0.3307379648833997
R,0.25,1,0.6760265123597703,0.9144180103433908,0.6971387718166913,0.9144180103433908,0.6760265123597703,60.462640192354435,96.66666666666667,5861.895014217418,-2.8177332464163496,0.6136148498672241,0.04568358693345229,-0.28187332464163495
R,0.25,1,0.7307589852185873,0.9524051500033618,0.8298165497506635,0.9524051500033618,0.7307589852185873,69.43795899418119,96.66666666666667,7284.293298957894,2.4376090258887677,0.6303533928170458,8.255788996352803e-19,0.2436609025888768
R,0.25,1,0.3388496072303427,0.6673110019486379,0.8672131605367724,0.6673110019486379,0.3388496072303427,72.45296813413613,96.66666666666667,5215.770314880239,-5.598988842344971,0.6009142870253078,0.1308047897198036,-0.5599988842344972
R,0.25,1,0.35226357311617795,0.9960130784115736,0.47197690714731,0.9960130784115736,0.35226357311617795,57.6444200774357,96.66666666666667,4566.202161624415,-7.741246384431457,0.5903589905967526,0.22593060402873083,-0.7742246384431457
R,0.25,1,0.8997139006060251,0.6752641764731364,0.9377981265656519,0.6752641764731364,0.8997139006060251,99.26107420204177,96.66666666666667,10143.87202446641,11.899063178073392,0.6511569388415624,8.255788996352803e-19,0.33122303539661097
R,0.25,1,0.6212227553566646,0.884917582137188,0.838133120453417,0.884917582137188,0.6212227553566646,43.47749866745587,96.66666666666667,4185.159016511127,-8.83618480906001,0.5846968507925021,0.2714840023830696,-0.8837184809060009
R,0.25,1,0.5465641740146776,0.7589751619493488,0.8441127617816371,0.7589751619493488,0.5465641740146776,60.735244982105684,96.66666666666667,5246.297454660774,-5.19847562145917,0.6024299252753451,0.1212957851648736,-0.519947562145917
R,0.25,1,0.8760239568312449,0.5881119209532408,0.5303983069186635,0.5881119209532408,0.8760239568312449,68.75879000741483,96.66666666666667,5945.34921328799,-3.284528963266214,0.6127568300135309,0.05016804712942019,-0.3285528963266214
R,0.25,1,0.9556624833296026,0.3401660530675724,0.42392436139216955,0.3401660530675724,0.9556624833296026,145.61471282674097,96.66666666666667,10977.825613618044,12.787739339062105,0.6548584689190139,8.255788996352803e-19,0.331659784016633
R,0.25,1,0.4094437958333219,0.5581279351263612,0.8497857369752633,0.5581279351263612,0.4094437958333219,38.711521938202594,96.66666666666667,2695.2211944837604,-15.036670943575725,0.5516790590709882,0.41853580740424634,-1.5037670943575725
R,0.25,1,0.6292374992278112,0.8944619025036769,0.7888993601978571,0.8944619025036769,0.6292374992278112,78.2751073840116,96.66666666666667,7507.1662679409565,2.975636042845479,0.631757297855148,8.255788996352803e-19,0.2974636042845479
R,0.25,1,0.9080804257123848,0.21739839776415926,0.6450268234979312,0.21739839776415926,0.9080804257123848,76.49534066614426,96.66666666666667,5538.232965775353,-5.469766837886392,0.6037993731240107,0.1010808168272867,-0.5470766837886393
R,0.25,1,0.33655376433845247,0.7809648786506178,0.9476309799036646,0.7809648786506178,0.33655376433845247,87.79464597786519,96.66666666666667,6985.53084170198,0.9035200268451994,0.6274261161225249,8.255788996352803e-19,0.09025200268451994
R,0.25,1,0.5192729348974634,0.7733649207781714,0.8327640364880753,0.7733649207781714,0.5192729348974634,64.13496749727786,96.66666666666667,5480.396703302004,-4.366749870304945,0.6064337781798221,0.08965109231476054,-0.43677498703049455
R,0.25,1,0.6417712637177913,0.5759151925116404,0.4254743967519377,0.5759151925116404,0.6417712637177913,85.5801692882674,96.66666666666667,6120.794925753615,-3.0998059421321473,0.614349586110681,0.042270643865942197,-0.3100805942132147
R,0.25,1,0.8030266239280246,0.804353629747519,0.645441310272311,0.804353629747519,0.8030266239280246,64.32483906197436,96.66666666666667,6207.671516634149,-1.7895210530416792,0.6188505107273443,0.0221308300688087,-0.1790521053041679
R,0.25,1,0.5707371954644382,0.8990419534088708,0.7204574327356976,0.8990419534088708,0.5707371954644382,76.80039562105783,96.66666666666667,7027.266402008421,1.1959744601885265,0.6279915889068911,8.255788996352803e-19,0.11949744601885266
R,0.25,1,0.74795364562358,0.8136901818576124,0.6538156570147083,0.8136901818576124,0.74795364562358,85.78872142029704,96.66666666666667,8100.821595172103,4.756879051635586,0.6359510578775645,8.255788996352803e-19,0.3304749483055878
R,0.25,1,0.2951365502266986,0.5052429337230481,0.7522949513431985,0.5052429337230481,0.2951365502266986,37.96569649824973,96.66666666666667,2233.3832735496267,-17.078863728686606,0.54015295051766,0.4567859666072498,-1.7079863728686608
R,0.25,1,0.6412455191020578,0.80204529696234,0.8374009152405812,0.80204529696234,0.6412455191020578,73.42927520425869,96.66666666666667,6836.233483166057,0.5365578240665472,0.6265574354887101,8.255788996352803e-19,0.05355578240665472
R,0.25,1,0.7175224945446911,0.9790952278293914,0.5915922142958281,0.9790952278293914,0.7175224945446911,68.26969949698193,96.66666666666667,6801.074670754885,0.5140685338330512,0.6264254832671191,8.255788996352803e-19,0.051306853383305116
R,0.25,1,0.35069383286753525,0.5474304089171494,0.9833100644769135,0.5474304089171494,0.35069383286753525,100.36975590223555,96.66666666666667,6974.590324584443,0.3498826630030165,0.6267758520809061,8.255788996352803e-19,0.03488826630030165
R,0.25,1,0.6980379704990888,0.9356469556476887,0.8616289852042247,0.9356469556476887,0.6980379704990888,97.9576368884246,96.66666666666667,10111.674220908371,12.06961036785542,0.6512075189345198,8.255788996352803e-19,0.33121579943330964
R,0.25,1,0.3078764409734211,0.778716705679974,0.8685533483843417,0.778716705679974,0.3078764409734211,79.13462574792108,96.66666666666667,6017.673204196082,-2.5709554513089565,0.6151412237121157,0.037700389415609714,-0.25719554513089565
R,0.25,1,0.6803562852703559,0.9749287870120773,0.6347695373053636,0.9749287870120773,0.6803562852703559,61.289717841667205,96.66666666666667,6045.218897283986,-2.1255234402580534,0.6168475946893041,0.029924368551460644,-0.21265234402580532
R,0.25,1,0.7590760802791842,0.9826489190415821,0.6592820122097712,0.9826489190415821,0.7590760802791842,76.55894069773166,96.66666666666667,7929.079358633989,4.544677331947238,0.6350922864139195,8.255788996352803e-19,0.3303752433149227
R,0.25,1,0.9686159447370412,0.6135653082620199,0.9353102071041973,0.6135653082620199,0.9686159447370412,78.28073476682532,96.66666666666667,8023.134807128845,4.624022256611231,0.635568932084572,8.255788996352803e-19,0.3304103253482216
R,0.25,1,0.5175665876364066,0.008038550938547662,0.7043712263849821,0.008038550938547662,0.5175665876364066,71.52132031153484,96.66666666666667,3139.0376761831208,-14.935671289118064,0.5600221145640246,0.38610841318011935,-1.4936671289118064
R,0.25,1,0.6398869739204553,0.9764410017077734,0.7566416524998106,0.9764410017077734,0.6398869739204553,92.21408932341767,96.66666666666667,9196.736139261913,8.880515411945755,0.6444306102678445,8.255788996352803e-19,0.33088752428567225
R,0.25,1,0.7069432232337349,0.45972854854436895,0.9409615820908694,0.45972854854436895,0.7069432232337349,101.40380981664534,96.66666666666667,8300.675356069582,4.943066484375676,0.6368376235653102,8.255788996352803e-19,0.33061420817856024
R,0.25,1,0.48405107442550466,0.7405781196428627,0.6712450969962993,0.7405781196428627,0.48405107442550466,90.20933132210969,96.66666666666667,7037.463319554097,0.7188096114634328,0.6274967856798577,8.255788996352803e-19,0.07178096114634328
R,0.25,1,0.47125847974121904,0.6581197460626045,0.9873331278980504,0.6581197460626045,0.47125847974121904,84.7986779631069,96.66666666666667,6881.602622297518,0.4430604871442901,0.6265744335661012,8.255788996352803e-19,0.04420604871442901
R,0.25,1,0.6574876081721382,0.8043124796950613,0.6918573607576394,0.8043124796950613,0.6574876081721382,21.14431721739716,96.66666666666667,1911.1595259404232,-18.138415391952723,0.5325716774917401,0.48275992071957435,-1.8139415391952725
R,0.25,1,0.44477939797505356,0.9190578599508854,0.7473272803665735,0.9190578599508854,0.44477939797505356,68.83846873846036,96.66666666666667,5980.345062876937,-2.465859020582889,0.6153317309521772,0.03683191635655211,-0.24668590205828891
R,0.25,1,0.9696988551914838,0.8201386497451815,0.6699185598026146,0.8201386497451815,0.9696988551914838,81.19632139096235,96.66666666666667,8626.284131609376,6.785947117341644,0.640167382694854,8.255788996352803e-19,0.3306341725537116
R,0.25,1,0.5613108997338114,0.8150536016676324,0.8108338872713956,0.8150536016676324,0.5613108997338114,92.7342975967154,96.66666666666667,8261.612538818994,5.348434136624844,0.6371134199644006,8.255788996352803e-19,0.3305689594730368
R,0.25,1,0.7463108163333143,0.7335467688234921,0.9300995660242882,0.7335467688234921,0.7463108163333143,110.39348923278224,96.66666666666667,10735.255530335895,13.827277159855278,0.655262696863358,8.255788996352803e-19,0.3314654026982744
R,0.25,1,0.24147239711845925,0.8047296956852926,0.46682979484953785,0.8047296956852926,0.24147239711845925,69.43795899418119,96.66666666666667,4442.699604787279,-8.66184795028457,0.5869274100862673,0.24645647859504113,-0.866284795028457
R,0.25,1,0.587429536395171,0.9960130784115736,0.19969090312227966,0.9960130784115736,0.587429536395171,97.10174387402151,96.66666666666667,8172.510334332563,4.603754193277472,0.6360161255393242,8.255788996352803e-19,0.3305505426424853
R,0.25,1,0.8997139006060251,0.9623652784348409,0.6761499985261127,0.9623652784348409,0.8997139006060251,80.4513649265274,96.66666666666667,8850.270334667644,7.795814011675321,0.642079943288511,8.255788996352803e-19,0.3307122428198509
R,0.25,1,0.6519559868017949,0.9876888380091505,0.594529397369338,0.9876888380091505,0.6519559868017949,81.33997085552136,96.66666666666667,7877.408209545752,4.210883297054169,0.6345058953035039,8.255788996352803e-19,0.33037947143756224
R,0.25,1,0.5814664679238016,0.7589751619493488,0.5995015231314313,0.7589751619493488,0.5814664679238016,51.57736628809643,96.66666666666667,4229.840187809562,-9.14968825078716,0.5841673176444677,0.2700920503461834,-0.9150688250787159
R,0.25,1,0.8673057027758888,0.591090735820415,0.7802548043290118,0.591090735820415,0.8673057027758888,53.92122668059369,96.66666666666667,4983.733652107265,-6.371694556732986,0.5972898987139675,0.16586510813236696,-0.6372694556732986
R,0.25,1,0.4902432261746657,0.0017004162766280917,0.6553343644757897,0.0017004162766280917,0.4902432261746657,61.32697700601781,96.66666666666667,2513.212709979858,-17.364328185025563,0.5452620349621501,0.43821165701949133,-1.7365328185025564
R,0.25,1,0.45352524930453264,0.10788811997924608,0.9037623724887413,0.10788811997924608,0.45352524930453264,145.61471282674097,96.66666666666667,7377.52978560658,0.18449113443553014,0.6281074201993962,8.255788996352803e-19,0.018349113443553014
R,0.25,1,0.5994229483891499,0.8691492001673248,0.9105151483333395,0.8691492001673248,0.5994229483891499,58.925194382818326,96.66666666666667,5668.102018545239,-3.3872775491408182,0.6106742340271428,0.0625860561048398,-0.3388277549140818
R,0.25,1,0.9080804257123848,0.8888523103536159,0.11457452122025158,0.8888523103536159,0.9080804257123848,77.4200743758395,96.66666666666667,7177.692502591729,1.1346356070104766,0.6286730780036728,8.255788996352803e-19,0.11336356070104767
R,0.25,1,0.4094437958333219,0.7332084227839571,0.8261462703679889,0.7332084227839571,0.4094437958333219,120.49698921605423,96.66666666666667,9373.011059006709,8.700518577572677,0.6446486756005457,8.255788996352803e-19,0.33107063056109226
R,0.25,1,0.7549604808855697,0.7809648786506178,0.5554605524724584,0.7809648786506178,0.7549604808855697,133.46904592298173,96.66666666666667,12103.344366969166,17.862164880916776,0.6642598660797275,8.255788996352803e-19,0.3319866495004176
R,0.25,1,0.48876501330915817,0.9946612612407372,0.14968179685128635,0.9946612612407372,0.48876501330915817,52.95401972405902,96.66666666666667,4125.825530655018,-9.676781010413652,0.5820345878711394,0.2831923210341656,-0.9677781010413652
R,0.25,1,0.7227408802085267,0.9774581096581915,0.645441310272311,0.9774581096581915,0.7227408802085267,45.56911574842821,96.66666666666667,4609.132972645263,-7.286599150068223,0.5920848347497,0.2165298388960129,-0.7287599150068222
R,0.25,1,0.30885520097048713,0.5060773538691743,0.9244242045517114,0.5060773538691743,0.30885520097048713,85.37461013266811,96.66666666666667,5451.786359212868,-5.108746933304168,0.6038454124402683,0.1036865247683087,-0.5109746933304169
R,0.25,1,0.7483326405021301,0.8990419534088708,0.6149026247162896,0.8990419534088708,0.7483326405021301,78.1381312600637,96.66666666666667,7637.322162731574,3.3035447168139296,0.6326466295098649,8.255788996352803e-19,0.330254471681393
R,0.25,1,0.4688580518253354,0.2871891755719225,0.9400632780368934,0.2871891755719225,0.4688580518253354,84.8207501267341,96.66666666666667,5199.846458195793,-6.389556068895523,0.5985406932075602,0.14365894701536047,-0.6390556068895523
R,0.25,1,0.6412455191020578,0.25439338347209206,0.8374009152405812,0.25439338347209206,0.6412455191020578,77.58992482602079,96.66666666666667,5098.974607668346,-6.832216629795853,0.5967366454922646,0.1596814407219127,-0.6833216629795853
R,0.25,1,0.5398758455550803,0.9836993118583301,0.782033374606872,0.9836993118583301,0.5398758455550803,101.24008743239452,96.66666666666667,9691.67228782415,10.497551421671474,0.6479235290968212,8.255788996352803e-19,0.3310940874396533
R,0.25,1,0.8576678372475127,0.3594407544380911,0.6202820855793296,0.3594407544380911,0.8576678372475127,25.071469895070454,96.66666666666667,1914.5196616502028,-18.769615792029807,0.5319403651551865,0.484944028008689,-1.8770615792029808
R,0.25,1,0.6045809359496896,0.46781215327090764,0.5943165360591736,0.46781215327090764,0.6045809359496896,35.440827233053064,96.66666666666667,2426.9016519548554,-16.52362953940246,0.544667754434535,0.44264738653813845,-1.6524629539402462
R,0.25,1,0.42357733504827455,0.5474304089171494,0.4204891100302599,0.5474304089171494,0.42357733504827455,100.36975590223555,96.66666666666667,5928.100245381638,-4.12933133509945,0.609953548247821,0.06252295671137065,-0.413033133509945
R,0.25,1,0.8921392906137887,0.1321330565645773,0.538593268290764,0.1321330565645773,0.8921392906137887,43.56712997761147,96.66666666666667,2817.8543972169095,-15.716179711837489,0.5532471329283293,0.4132620301993249,-1.5717179711837488
R,0.25,1,0.9108492648909516,0.6250945133769719,0.6603753620461548,0.6250945133769719,0.9108492648909516,79.10092612165522,96.66666666666667,7380.636334733706,2.0105031266556734,0.6303391913176603,8.255788996352803e-19,0.20095031266556734
R,0.25,1,0.7590760802791842,0.9000205362258364,0.4103005036154446,0.9000205362258364,0.7590760802791842,81.63680126160926,96.66666666666667,7609.557554551243,2.941295190267045,0.6321701004114076,8.255788996352803e-19,0.2940295190267045
R,0.25,1,0.644484789636687,0.0763719743412532,0.9014602042845914,0.0763719743412532,0.644484789636687,69.81654861340559,96.66666666666667,4089.807569665548,-10.775820871457837,0.5792221725136454,0.293132389197882,-1.0776820871457837
R,0.25,1,0.8227564015681987,0.82115105609792,0.778673657294486,0.82115105609792,0.8227564015681987,65.18935992447663,96.66666666666667,6627.294679743368,-0.10542697517743367,0.6250596666284141,0.0003217417812174689,-0.010642697517743367
R,0.25,1,0.5565750405634529,0.7439052877843423,0.9813821526112554,0.7439052877843423,0.5565750405634529,82.87211004570409,96.66666666666667,7421.907687857843,2.555953627517918,0.6309445106865755,8.255788996352803e-19,0.25549536275179185
R,0.25,1,0.634452490767924,0.9522371452353271,0.3951470546459319,0.9522371452353271,0.634452490767924,113.25113456849579,96.66666666666667,10103.49138077337,11.32534371391591,0.6502616137191322,8.255788996352803e-19,0.33126976666662566
R,0.25,1,0.835172975558203,0.7405781196428627,0.8343886466911725,0.7405781196428627,0.835172975558203,90.20933132210969,96.66666666666667,8989.113678427777,7.9453596480703075,0.6426970819717874,8.255788996352803e-19,0.33080134957993645
R,0.25,1,0.4149017768123442,0.5012890874812304,0.6427255602001123,0.5012890874812304,0.4149017768123442,103.34505211605074,96.66666666666667,6394.752293813414,-2.272785962153054,0.6183275511552151,0.025705591040933423,-0.22737859621530537
R,0.25,1,0.27367885755283117,0.9475053701037971,0.2140871043870396,0.9475053701037971,0.27367885755283117,66.15501744770532,96.66666666666667,4393.446597525672,-8.852254038141162,0.5861069991679481,0.25264860911520115,-0.8853254038141161
R,0.25,1,0.5685557304856371,0.6526012154567189,0.8121486561344381,0.6526012154567189,0.5685557304856371,81.33109410623773,96.66666666666667,6617.2249939542935,-0.6436109784978513,0.6238845505335113,0.004476851269998702,-0.06446109784978513
R,0.25,1,0.5756173566094349,0.9230075368518939,0.37004188444610636,0.9230075368518939,0.5756173566094349,79.38400085807196,96.66666666666667,6682.727123232913,-0.41738799365969154,0.6246829523736582,0.0023193624632232876,-0.041838799365969154
R,0.25,1,0.09109695354094155,0.7871922375288536,0.7893217676793501,0.7871922375288536,0.09109695354094155,92.01499261056946,96.66666666666667,5856.524586820937,-3.4212267572414845,0.6114228038108637,0.055979463068364065,-0.34222267572414844
R,0.25,1,0.7446100841236478,0.45338403986013054,0.20210655470096545,0.45338403986013054,0.7446100841236478,77.49477355480006,96.66666666666667,5033.469210167502,-7.531517601792451,0.5946677760728938,0.17436811476009048,-0.7532517601792452
R,0.25,1,0.4372268455760101,0.1686265643396765,0.7120522073706319,0.1686265643396765,0.4372268455760101,57.0494865487263,96.66666666666667,2743.7366186337895,-15.901444281208118,0.551407116384948,0.41781111761120515,-1.5902444281208117
R,0.25,1,0.8687912603662125,0.6284926470282255,0.6154834077674518,0.6284926470282255,0.8687912603662125,81.33997085552136,96.66666666666667,7341.036530741774,1.7774818166303827,0.6299335262178851,8.255788996352803e-19,0.17764818166303828
R,0.25,1,0.37339076460799225,0.9552772956954865,0.5258290626226517,0.9552772956954865,0.37339076460799225,101.8888203655747,96.66666666666667,8108.223638700833,4.548775603469041,0.6356089868949166,8.255788996352803e-19,0.3305588776405734
R,0.25,1,0.5612662220182338,0.03278685520196867,0.6223679648054361,0.03278685520196867,0.5612662220182338,56.883842623926675,96.66666666666667,2574.6681218468166,-17.0264257401174,0.5468767655135696,0.43335155625368393,-1.7027425740117401
R,0.25,1,0.990615034286926,0.8694431280092452,0.8307801262324334,0.8694431280092452,0.990615034286926,64.55974180808423,96.66666666666667,7345.117496514359,2.659475810267435,0.6308823378626143,8.255788996352803e-19,0.2658475810267435
R,0.25,1,0.45352524930453264,0.17754517705537531,0.9036881519064721,0.17754517705537531,0.45352524930453264,60.759600322985754,96.66666666666667,3289.8726172255833,-13.51805495347317,0.5646981412329475,0.3699788001475003,-1.3519054953473169
R,0.25,1,0.9032004461761264,0.4670358809888746,0.6713437450187975,0.4670358809888746,0.9032004461761264,89.34905945193809,96.66666666666667,7621.06465761283,2.4466300101050233,0.6317378746250202,8.255788996352803e-19,0.24456300101050235
R,0.25,1,0.4902432261746657,0.6505657143435191,0.38138857983272584,0.6505657143435191,0.4902432261746657,73.67454063113966,96.66666666666667,4904.894442557191,-7.348384452589851,0.5939173953855345,0.1871462057767695,-0.7349384452589851
R,0.25,1,0.08981650927542961,0.3184866141215956,0.8499312783021931,0.3184866141215956,0.08981650927542961,58.185560702888374,96.66666666666667,2424.2105082532203,-16.662602119592535,0.5442718091847901,0.44119847458531586,-1.6663602119592535
R,0.25,1,0.5239487417955412,0.8107912948090606,0.9732705727592743,0.8107912948090606,0.5239487417955412,46.59719097039887,96.66666666666667,4243.548687693426,-8.620495027620622,0.5856740821880754,0.26439422772682825,-0.8621495027620621
R,0.25,1,0.3071178488451884,0.8787125161271961,0.8971803706332865,0.8787125161271961,0.3071178488451884,58.788102482193906,96.66666666666667,4804.224140469755,-6.620185334390289,0.5952340347251163,0.18874601840693234,-0.6621185334390289
R,0.25,1,0.2431850792286941,0.7242800508764247,0.37645876129007916,0.7242800508764247,0.2431850792286941,61.85304131779654,96.66666666666667,3574.16101620901,-12.094323527174062,0.5716779320061941,0.3420857174304742,-1.2095323527174062
R,0.25,1,0.8492340415465478,0.8170554550899165,0.6840135698260215,0.8170554550899165,0.8492340415465478,66.04125253417659,96.66666666666667,6631.520094662835,-0.19608895841878132,0.6249390149049541,0.0008018431151193745,-0.019708895841878134
R,0.25,1,0.7227408802085267,0.6610052920108986,0.5427122056691037,0.6610052920108986,0.7227408802085267,91.11778129167224,96.66666666666667,7540.462355685872,2.279477063093706,0.6311874373185021,8.255788996352803e-19,0.2278477063093706
R,0.25,1,0.8118803235996712,0.9035023978970779,0.5656065111294477,0.9035023978970779,0.8118803235996712,87.79464597786519,96.66666666666667,8771.501522702334,7.182687436885674,0.6410845578352323,8.255788996352803e-19,0.33071583238618013
R,0.25,1,0.28913209745228,0.646184645444102,0.7204574327356976,0.646184645444102,0.28913209745228,76.80039562105783,96.66666666666667,4974.9201908279,-6.749822629992736,0.5959082842331312,0.17287886498269028,-0.6750822629992737
R,0.25,1,0.74795364562358,0.45902527843235297,0.903715087463726,0.45902527843235297,0.74795364562358,73.68462965333586,96.66666666666667,6111.537539219577,-2.5647012712588886,0.6158775796328635,0.03523868987129485,-0.25657012712588884
R,0.25,1,0.6751211547645726,0.6321519530080514,0.8374009152405812,0.6321519530080514,0.6751211547645726,73.42927520425869,96.66666666666667,6336.849396425596,-1.5367067058565933,0.620253686556706,0.016976325933241374,-0.15377067058565932
R,0.25,1,0.24562347836514042,0.7376351551589411,0.7522949513431985,0.7376351551589411,0.24562347836514042,47.70125767403513,96.66666666666667,3242.2690549200356,-12.779518045436012,0.5649786159597676,0.3702726972050821,-1.2780518045436011
R,0.25,1,0.7175224945446911,0.2618674641567226,0.5363402803410532,0.2618674641567226,0.7175224945446911,59.08996609319105,96.66666666666667,3685.914197078051,-12.281131613873118,0.5724845891660136,0.33469835910425366,-1.2282131613873117
R,0.25,1,0.5961400645614783,0.515481163526705,0.9690959911037657,0.515481163526705,0.5961400645614783,100.36975590223555,96.66666666666667,8010.355767770713,4.028242065581106,0.63473220250734,8.255788996352803e-19,0.3305120205080663
R,0.25,1,0.18907032467688284,0.14177858419506484,0.6058634551534439,0.14177858419506484,0.18907032467688284,68.03128294191856,96.66666666666667,2155.8454900674333,-18.612182360864896,0.5367792098346978,0.464818957963303,-1.8613182360864897
R,0.25,1,0.2808791857086129,0.7827892197624071,0.07935685075849863,0.7827892197624071,0.2808791857086129,79.10092612165522,96.66666666666667,4363.787807682479,-9.607888008772226,0.5840724868531468,0.2610762438909586,-0.9608888008772226
R,0.25,1,0.6229767549146992,0.778716705679974,0.3551538753574845,0.778716705679974,0.6229767549146992,75.29302953158499,96.66666666666667,5945.402636777912,-3.3028248663640536,0.6126160605303024,0.05055931437831717,-0.33038248663640535
R,0.25,1,0.544753172834559,0.7760010664129513,0.7147539341732183,0.7760010664129513,0.544753172834559,70.4604179127104,96.66666666666667,5912.091305533146,-2.9737585712265955,0.6133639473137704,0.04677758778897692,-0.29747585712265956
R,0.25,1,0.37339076460799225,0.7981400996317245,0.5258290626226517,0.7981400996317245,0.37339076460799225,101.8888203655747,96.66666666666667,7307.6974615762965,1.4287475210007488,0.6292455116446765,8.255788996352803e-19,0.1427747521000749
R,0.25,1,0.11155278858889223,0.7941424719468864,0.778673657294486,0.7941424719468864,0.11155278858889223,90.55658929031527,96.66666666666667,5863.684450896291,-3.3750276661509546,0.61162350508948,0.054977906237397935,-0.3376027666150955
R,0.25,1,0.7069432232337349,0.7930645710552395,0.3951470546459319,0.7930645710552395,0.7069432232337349,36.15339608600022,96.66666666666667,3068.6664954216108,-13.649693446390055,0.5606833576567829,0.38751184694064084,-1.3650693446390054
R,0.25,1,0.50859800894579,0.9699405064937653,0.25014976804654254,0.9699405064937653,0.50859800894579,65.84962164676372,96.66666666666667,5279.8667811153855,-5.438601764761455,0.601933853815335,0.12197098971555789,-0.5439601764761456
R,0.25,1,0.1348537202437075,0.8950733985809803,0.8966005758115875,0.8950733985809803,0.1348537202437075,68.42370798390782,96.66666666666667,5057.29002059679,-5.776974651757063,0.5993525089833764,0.1498878978332087,-0.5777974651757063
R,0.25,1,0.8536771725929758,0.9471151922516016,0.25976933521821066,0.9471151922516016,0.8536771725929758,84.7986779631069,96.66666666666667,8185.942996290334,4.897763793784347,0.6364807492881276,8.255788996352803e-19,0.3304946435223684
R,0.25,1,0.6116775052388815,0.9475053701037971,0.9361611023579354,0.9475053701037971,0.6116775052388815,77.00385623969905,96.66666666666667,7805.355072793625,4.275757276789908,0.6342902876218156,8.255788996352803e-19,0.3303391481362021
R,0.25,1,0.9696988551914838,0.8201386497451815,0.6208918067397267,0.8201386497451815,0.9696988551914838,60.86036372955176,96.66666666666667,6391.2006082339,-1.0383689296781853,0.6219959125420034,0.009904912866938276,-0.10393689296781852
R,0.25,1,0.6924925037343166,0.6510419969819232,0.34364504694642495,0.6510419969819232,0.6924925037343166,56.21595532265764,96.66666666666667,4259.362138485484,-9.547041315040108,0.5834823463355469,0.2703644237958293,-0.9548041315040108
R,0.25,1,0.5613108997338114,0.8572070345554588,0.9839937354493657,0.8572070345554588,0.5613108997338114,57.209253992844026,96.66666666666667,5464.956328275218,-4.072794056152285,0.6073094445287637,0.08547722969531667,-0.4073794056152285
R,0.25,1,0.5297416223990822,0.5232136169380981,0.9612939752641554,0.5232136169380981,0.5297416223990822,103.41504924260947,96.66666666666667,7929.877491030067,3.6853260739239273,0.634031770909029,8.255788996352803e-19,0.33049907228191294
R,0.25,1,0.6793853065400288,0.9653788631378083,0.6154834077674518,0.9653788631378083,0.6793853065400288,59.30360362353385,96.66666666666667,5789.531719915831,-3.0753154085373233,0.6123896312646305,0.05236834873914387,-0.30763154085373234
R,0.25,1,0.857202761818819,0.9960130784115736,0.7770670828160671,0.9960130784115736,0.857202761818819,64.05495034910525,96.66666666666667,7179.75726679934,2.1666178081837466,0.6296882302773429,8.255788996352803e-19,0.21656178081837468
R,0.25,1,0.45922889156043556,0.912973342450949,0.9999461248519143,0.912973342450949,0.45922889156043556,69.43795899418119,96.66666666666667,6500.001573196757,-0.34267694539115584,0.6240086862660936,0.0019785176150612267,-0.03436769453911558
R,0.25,1,0.2463740597398708,0.5664163932449084,0.6223679648054361,0.5664163932449084,0.2463740597398708,113.51858931872468,96.66666666666667,6379.599616774936,-2.3954536827138964,0.6177439705748391,0.027591855627874914,-0.23964536827138963
R,0.25,1,0.6828728488423197,0.8351602401523868,0.9283841252634784,0.8351602401523868,0.6828728488423197,50.05672357595562,96.66666666666667,4961.184824013586,-5.941900089064206,0.5984215333307206,0.16212325255390422,-0.5942900089064207
R,0.25,1,0.6572728108951484,0.8667207250786807,0.9435506355981104,0.8667207250786807,0.6572728108951484,77.07632633559007,96.66666666666667,7691.326573190269,3.768021677482247,0.6333154130830663,8.255788996352803e-19,0.3302961296632666
R,0.25,1,0.2258066793928853,0.8908416652025832,0.9037623724887413,0.8908416652025832,0.2258066793928853,75.63415860444329,96.66666666666667,5931.72056556467,-2.644038768215181,0.614410956057119,0.041032182653920474,-0.2645038768215181
R,0.25,1,0.5882543895175445,0.4206782317511224,0.46153804537210347,0.4206782317511224,0.5882543895175445,53.22418713420877,96.66666666666667,3299.1056144216095,-13.490689520113838,0.565033531567155,0.3696598376021111,-1.3491689520113836
R,0.25,1,0.9080804257123848,0.9680225874366796,0.5591502361330026,0.9680225874366796,0.9080804257123848,51.86001688861823,96.66666666666667,5589.675214563211,-3.743593429267098,0.6091702878900577,0.07232384006668197,-0.3744593429267098
R,0.25,1,0.6260775064929631,0.9714680429549324,0.7160674231123354,0.9714680429549324,0.6260775064929631,59.3553445637877,96.66666666666667,5803.704042934674,-2.927369581812571,0.6129275366226945,0.04937902705259646,-0.2928369581812571
R,0.25,1,0.6067738359534949,0.47293483016879134,0.4500719543134174,0.47293483016879134,0.6067738359534949,51.363095052154705,96.66666666666667,3350.7861565764356,-13.177136412786023,0.5664386333306208,0.3645738526559957,-1.3178136412786023
R,0.25,1,0.4094437958333219,0.9539345772663433,0.3132845327528984,0.9539345772663433,0.4094437958333219,106.53143762263386,96.66666666666667,8096.4991969732855,4.204483796369991,0.6352076543314334,8.255788996352803e-19,0.3305717450850776
R,0.25,1,0.6644394464739771,0.1918647572443224,0.7682594829220692,0.1918647572443224,0.6644394464739771,49.142962848002256,96.66666666666667,3047.9299641674443,-14.456298965196277,0.5590835561793888,0.3918881475977867,-1.4457298965196277
R,0.25,1,0.7528656688836386,0.9590221243804817,0.6267254789732537,0.9590221243804817,0.7528656688836386,58.4677080102763,96.66666666666667,5920.58783982636,-2.5685813785343568,0.6147620705603859,0.039864907920680176,-0.2569581378534357
R,0.25,1,0.7151658084007753,0.9029504195608188,0.7730392279272014,0.9029504195608188,0.7151658084007753,60.91023041815625,96.66666666666667,6105.141551807914,-1.865967614099446,0.6180008110525711,0.024807907427622223,-0.18669676140994457
R,0.25,1,0.5707371954644382,0.7275121505015875,0.819220774227936,0.7275121505015875,0.5707371954644382,77.22442006486246,96.66666666666667,6594.423871961665,-0.5388121216290677,0.6240200539340212,0.0035474972351502627,-0.053981212162906765
R,0.25,1,0.74795364562358,0.4753681448992665,0.6764488540653327,0.4753681448992665,0.74795364562358,46.58618487217079,96.66666666666667,3637.3240388740082,-11.715912110461842,0.573187170849187,0.3360376807431288,-1.1716912110461841
R,0.25,1,0.6412455191020578,0.8671386829715736,0.7394616276941884,0.8671386829715736,0.6412455191020578,70.35297148300373,96.66666666666667,6606.548607843595,-0.25436699191373147,0.6246765041334563,0.0011959792436910873,-0.025536699191373146
R,0.25,1,0.46130794833919975,0.9790952278293914,0.5915922142958281,0.9790952278293914,0.46130794833919975,47.76897395110995,96.66666666666667,4146.822916934095,-9.124135933089713,0.5835994180147095,0.2771670348577273,-0.9125135933089712
R,0.25,1,0.9054673744632405,0.7627178241887347,0.6131466750508792,0.7627178241887347,0.9054673744632405,101.24008743239452,96.66666666666667,9996.236343023445,11.148714508639985,0.6498146345522784,8.255788996352803e-19,0.3311785694275027
R,0.25,1,0.5916436686471812,0.8522283760313729,0.9458664951049647,0.8522283760313729,0.5916436686471812,100.36975590223555,96.66666666666667,9619.46396466712,10.234405071772626,0.6473827420180681,8.255788996352803e-19,0.3310655519690357
R,0.25,1,0.8154043372706711,0.916268626736672,0.7486675508169126,0.916268626736672,0.8154043372706711,63.61002605423677,96.66666666666667,6698.1571782318615,0.28024883447063753,0.6257820800570365,8.255788996352803e-19,0.02792488344706375
R,0.25,1,0.6511789625161558,0.500615089937702,0.8899599237299097,0.500615089937702,0.6511789625161558,112.22931301864645,96.66666666666667,8960.242533651333,7.1084374095659335,0.6415440892019072,8.255788996352803e-19,0.33088821927566797
R,0.25,1,0.44135947276235277,0.7954396863725282,0.9143281248340192,0.7954396863725282,0.44135947276235277,79.10092612165522,96.66666666666667,6699.702982038858,-0.0024048131892339853,0.625388447795328,1.1221308156887031e-06,-0.00034048131892339855
R,0.25,1,0.37339076460799225,0.7938652054275371,0.8643371508722472,0.7938652054275371,0.37339076460799225,72.14961108090748,96.66666666666667,5769.892945451848,-3.358648650047016,0.6112610868146389,0.05806500871444733,-0.3359648650047016
R,0.25,1,0.9686159447370412,0.9655351744428382,0.9014602042845914,0.9655351744428382,0.9686159447370412,78.28073476682532,96.66666666666667,9334.51271683518,9.776644388102998,0.6460420566112319,8.255788996352803e-19,0.3308707270159431
R,0.25,1,0.8034350038159043,0.9937461704450925,0.8286887834624707,0.9937461704450925,0.8034350038159043,65.18935992447663,96.66666666666667,7208.396805182476,2.2887151981119054,0.6299176856428382,8.255788996352803e-19,0.22877151981119054
R,0.25,1,0.5565750405634529,0.7439052877843423,0.8770957052304981,0.7439052877843423,0.5565750405634529,82.87211004570409,96.66666666666667,7205.846739267501,1.6728723791042053,0.629175093024596,8.255788996352803e-19,0.16718723791042053
R,0.25,1,0.2569652089203372,0.8950415276481343,0.3951470546459319,0.8950415276481343,0.2569652089203372,113.25113456849579,96.66666666666667,7642.07480384776,2.45162593394825,0.6315397883120487,8.255788996352803e-19,0.245062593394825
R,0.25,1,0.6569574510009966,0.7855531019195752,0.42773119355539213,0.7855531019195752,0.6569574510009966,87.58179250644986,96.66666666666667,7253.419612775301,1.3710590066952186,0.6291072563476656,8.255788996352803e-19,0.13700590066952187
R,0.25,1,0.6940616652498212,0.7895931416192203,0.6482988037259556,0.7895931416192203,0.6940616652498212,77.12400227812869,96.66666666666667,6971.2547956329445,0.7686316735926083,0.6273624347126723,8.255788996352803e-19,0.07676316735926084
R,0.25,1,0.3443899042503846,0.9475053701037971,0.9215722681322425,0.9475053701037971,0.3443899042503846,93.70959909229641,96.66666666666667,8212.1536059794,5.425586763002746,0.6369537919726118,8.255788996352803e-19,0.3305647452006053
R,0.25,1,0.7395127477964114,0.8201386497451815,0.6699185598026146,0.8201386497451815,0.7395127477964114,64.31726747980588,96.66666666666667,6092.809085559562,-2.1735351628638298,0.6169820000539572,0.029788608448605258,-0.21745351628638296
R,0.25,1,0.4564564400418137,0.8578668369885413,0.2287932416595434,0.8578668369885413,0.4564564400418137,70.12521368007306,96.66666666666667,5009.464406320677,-6.72359857835488,0.5963591966409056,0.16828857165319114,-0.6724598578354881
R,0.25,1,0.9084938133402953,0.7673733847283677,0.7473272803665735,0.7673733847283677,0.9084938133402953,79.38400085807196,96.66666666666667,8134.997891121888,5.0396358482545525,0.6364305084144302,8.255788996352803e-19,0.3304558855662573
R,0.25,1,0.4127803363428115,0.7163298516068839,0.9062875098706648,0.7163298516068839,0.4127803363428115,77.49477355480006,96.66666666666667,6130.820550503238,-2.1801044336960804,0.6170515181518432,0.029297276138186217,-0.21811044336960803
R,0.25,1,0.8403009860795457,0.17686795467811645,0.7192545120337566,0.17686795467811645,0.8403009860795457,6.655357612844015,96.66666666666667,458.1535524769063,-26.16333449470042,0.4936351778626764,0.6063636169617239,-2.616433449470042
R,0.25,1,0.6394863030627801,0.03869152671989273,0.8584410585934206,0.03869152671989273,0.6394863030627801,57.75911985068344,96.66666666666667,3198.117727225813,-14.176100891719416,0.5621981189881384,0.37965812570601043,-1.4177100891719416
R,0.25,1,0.8101946491504484,0.7907389548329985,0.3176196892306917,0.7907389548329985,0.8101946491504484,58.53069673450973,96.66666666666667,5149.9505060238125,-5.9970633234250705,0.5995286589811412,0.14226133324860993,-0.5998063323425071
R,0.25,1,0.2807920668841368,0.6183059392993449,0.30775324710825036,0.6183059392993449,0.2807920668841368,74.03053609319161,96.66666666666667,3897.6138166002484,-11.3102129441525,0.5762697250631917,0.31215480915174526,-1.13112129441525
R,0.25,1,0.8754926739984827,0.7589751619493488,0.9498609560550477,0.7589751619493488,0.8754926739984827,44.52708451606798,96.66666666666667,4696.267850221598,-6.950530353150507,0.5936817840038001,0.20371532418378854,-0.6951530353150507
R,0.25,1,0.7939641805212243,0.552283354642955,0.6639580093787237,0.552283354642955,0.7939641805212243,48.407358572220616,96.66666666666667,4061.925694005373,-9.988000040273596,0.5808048016392712,0.29102042941992545,-0.9989000040273595
R,0.25,1,0.6671995275447818,0.8611103945555358,0.5661006749240214,0.8611103945555358,0.6671995275447818,60.98260197071106,96.66666666666667,5523.073086722667,-4.286513180646672,0.6070009117989098,0.0854368556178335,-0.42875131806466726
R,0.25,1,0.5713007292133782,0.6505657143435191,0.7114392058735025,0.6505657143435191,0.5713007292133782,103.4208663258622,96.66666666666667,8157.765781598252,4.438421721536881,0.6357260772554818,8.255788996352803e-19,0.33057636027483184
R,0.25,1,0.4532699609165733,0.8055519578125089,0.6990963875625744,0.8055519578125089,0.4532699609165733,61.19540481265747,96.66666666666667,4921.243006182574,-6.5005466824890945,0.596376606109721,0.17486018393154268,-0.6501546682489094
R,0.25,1,0.4094437958333219,0.9513077446156714,0.8441317278375806,0.9513077446156714,0.4094437958333219,106.53143762263386,96.66666666666667,9496.305055297627,9.712440140276797,0.6462939412305281,8.255788996352803e-19,0.33105545148187693
R,0.25,1,0.6586496383783463,0.877782147771939,0.6347656598940555,0.877782147771939,0.6586496383783463,77.4200743758395,96.66666666666667,7176.123272863617,1.6219169072905,0.6290526307300811,8.255788996352803e-19,0.16209169072905
R,0.25,1,0.33655376433845247,0.7809648786506178,0.4317780734594383,0.7809648786506178,0.33655376433845247,68.59799759446814,96.66666666666667,4573.4548402897435,-8.236534507961261,0.5890513816656314,0.23014290919586916,-0.823753450796126
R,0.25,1,0.31074907275741337,0.9689041927560456,0.9086014359133187,0.9689041927560456,0.31074907275741337,63.37475445664137,96.66666666666667,5494.445397076696,-3.976715686264708,0.6077302348687335,0.08213425672304459,-0.3977715686264708
R,0.25,1,0.6982221882764925,0.9462008957108075,0.6267254789732537,0.9462008957108075,0.6982221882764925,62.514252692787665,96.66666666666667,6119.475884350323,-1.914473442609748,0.6179333670307562,0.02533811170925131,-0.1915473442609748
R,0.25,1,0.4078919143775419,0.7257536624392336,0.645441310272311,0.7257536624392336,0.4078919143775419,76.29026247019675,96.66666666666667,5555.328104421028,-4.540466239424997,0.6063084725878636,0.08778808565308714,-0.4541466239424997
R,0.25,1,0.5707371954644382,0.9852821364185024,0.6207563274104612,0.9852821364185024,0.5707371954644382,52.62678546238486,96.66666666666667,4911.125029392554,-6.245017322549526,0.597153433399634,0.17208106714389548,-0.6246017322549526
R,0.25,1,0.42060980302881196,0.2871891755719225,0.8296632303192631,0.2871891755719225,0.42060980302881196,113.08173757463915,96.66666666666667,6347.450909843552,-2.760397338527696,0.616567639765504,0.032504570694717294,-0.2761397338527696
R,0.25,1,0.4054215784468964,0.80204529696234,0.8374009152405812,0.80204529696234,0.4054215784468964,67.91106628893,96.66666666666667,5521.737877513035,-4.227908658784035,0.6070795134815081,0.08485032371111315,-0.4228908658784035
R,0.25,1,0.7175224945446911,0.8538910419513602,0.9898212769621264,0.8538910419513602,0.7175224945446911,65.05743146947674,96.66666666666667,6721.487170364834,0.46625230239044413,0.6260393532033565,8.255788996352803e-19,0.04652523023904441
R,0.25,1,0.687829763270576,0.7376351551589411,0.7139647381488093,0.7376351551589411,0.687829763270576,101.24008743239452,96.66666666666667,9022.755961526575,7.7204596458049455,0.6425015455607125,8.255788996352803e-19,0.33086174525427214
R,0.25,1,0.5978069723763819,0.8128670610175881,0.9833100644769135,0.8128670610175881,0.5978069723763819,77.88855800082592,96.66666666666667,7408.483388258413,2.690135432677747,0.631055791793383,8.255788996352803e-19,0.2689135432677747
R,0.25,1,0.44312244039059373,0.5944808001224082,0.7486675508169126,0.5944808001224082,0.44312244039059373,66.73366449258586,96.66666666666667,4711.186555258273,-7.639091531230533,0.5916539898988602,0.21056287048222605,-0.7640091531230533
R,0.25,1,0.7042086272665058,0.9672803372551528,0.3732180902720997,0.9672803372551528,0.7042086272665058,69.9800126059958,96.66666666666667,6501.486106951107,-0.8406277317164743,0.6229714114908353,0.006956559057408941,-0.08416277317164743
R,0.25,1,0.6860061792766887,0.8123965717422651,0.6293212027237866,0.8123965717422651,0.6860061792766887,43.40865625622148,96.66666666666667,3935.1321917126375,-10.075305588022795,0.5795510522597527,0.30235579541542046,-1.0076305588022794
R,0.25,1,0.6297179090024315,0.7265311101544534,0.8476025329888466,0.7265311101544534,0.6297179090024315,39.39893632016677,96.66666666666667,3506.604392553528,-11.613161428436658,0.5717090020844252,0.3455107997341147,-1.1614161428436658
R,0.25,1,0.6203554682141994,0.25483717589154165,0.9014602042845914,0.25483717589154165,0.6203554682141994,39.448337581675396,96.66666666666667,2615.272405060734,-15.793231759466337,0.5491827369327658,0.42714637781258213,-1.5794231759466337
R,0.25,1,0.3069326510492634,0.9937461704450925,0.8905027734412787,0.9937461704450925,0.3069326510492634,85.39760779194103,96.66666666666667,7454.913157662305,2.8738463401788357,0.6313525164974675,8.255788996352803e-19,0.28728463401788357
R,0.25,1,0.5201174173466456,0.6949365249943646,0.8770957052304981,0.6949365249943646,0.5201174173466456,88.1601554018555,96.66666666666667,7289.089560806552,1.8111394658028312,0.6296266645688158,8.255788996352803e-19,0.18101394658028314
R,0.25,1,0.40127109560010865,0.5614920677370531,0.3951470546459319,0.5614920677370531,0.40127109560010865,59.39194151273853,96.66666666666667,3445.7324433385447,-12.829446477256198,0.5685693359710982,0.35551766055540385,-1.2830446477256197
R,0.25,1,0.809290602083885,0.5633549904712505,0.3411980270638404,0.5633549904712505,0.809290602083885,35.235993593103196,96.66666666666667,2718.887852633728,-15.458871996198408,0.5516827200513444,0.4193385399342429,-1.5459871996198407
R,0.25,1,0.6871251531686908,0.8534835396506613,0.9873331278980504,0.8534835396506613,0.6871251531686908,84.7986779631069,96.66666666666667,8625.19261935091,7.019225012661562,0.6403312923036966,8.255788996352803e-19,0.3306607959460429
R,0.25,1,0.74068873588443,0.5808872875967034,0.9361611023579354,0.5808872875967034,0.74068873588443,70.05150544060761,96.66666666666667,6268.406863831063,-1.7036431387963242,0.6194105829350864,0.02010483428944931,-0.1704643138796324
R,0.25,1,0.47495796542489954,0.869449911928114,0.7473272803665735,0.869449911928114,0.47495796542489954,73.88565093265368,96.66666666666667,6347.041621101084,-1.2624920752750821,0.6210275681639219,0.013207221310144722,-0.1263492075275082
R,0.25,1,0.46262027943091527,0.26197856302056144,0.15831323772014383,0.26197856302056144,0.46262027943091527,125.3188556379942,96.66666666666667,5036.28573121757,-8.860193562794777,0.5915645765140523,0.188562989256014,-0.8861193562794776
R,0.25,1,0.5613108997338114,0.9385726906906607,0.12713822788945373,0.9385726906906607,0.5613108997338114,58.5805798660593,96.66666666666667,4579.398300755313,-8.141780421302775,0.5894637665432021,0.22853192502354167,-0.8142780421302774
R,0.25,1,0.7463108163333143,0.7387203694907524,0.608517664353858,0.7387203694907524,0.7463108163333143,79.48397647562386,96.66666666666667,7110.994284942987,1.1244813977048516,0.6283061657935962,8.255788996352803e-19,0.11234813977048516
R,0.25,1,0.5625283055959881,0.8525100479131279,0.7778593554570793,0.8525100479131279,0.5625283055959881,69.43795899418119,96.66666666666667,6263.192908994704,-1.4896132190387243,0.6199711864754628,0.017147192234251398,-0.14906132190387242
R,0.25,1,0.5754150252632565,0.9960130784115736,0.7226050008722098,0.9960130784115736,0.5754150252632565,68.34743500712072,96.66666666666667,6604.858967537266,-0.07382587060232236,0.6249627915208255,0.0001927254627290721,-0.0074825870602322365
R,0.25,1,0.4171122194352771,0.8984201415485799,0.970896166509881,0.8984201415485799,0.4171122194352771,70.59858068541746,96.66666666666667,6357.333160272586,-0.9291319778546916,0.6219697665916566,0.0087771372772763,-0.09301319778546915
R,0.25,1,0.8997139006060251,0.020072308086932833,0.3000815380882511,0.020072308086932833,0.8997139006060251,36.25148772446959,96.66666666666667,1939.1409775371144,-19.855287485942526,0.5313645910262695,0.48643029235775354,-1.9856287485942528
R,0.25,1,0.51571274450226,0.7698961610009029,0.861134437300378,0.7698961610009029,0.51571274450226,46.60764102024142,96.66666666666667,3999.346036102435,-9.706477995333922,0.5809409472790684,0.2942691194650412,-0.9707477995333921
R,0.25,1,0.3511057979653816,0.464577051065299,0.3861005804120726,0.464577051065299,0.3511057979653816,71.80855997023914,96.66666666666667,3621.783706142369,-12.532329500038255,0.5712512112355151,0.34032293350444726,-1.2533329500038255
R,0.25,1,0.6572728108951484,0.28788999611324684,0.4653441044582459,0.28788999611324684,0.6572728108951484,81.92342806049848,96.66666666666667,4824.613467894609,-8.374492756876077,0.5909036172781713,0.20562153311473935,-0.8375492756876076
R,0.25,1,0.6139728104092406,0.7999164137708072,0.5384688600536518,0.7999164137708072,0.6139728104092406,63.88623568985248,96.66666666666667,5376.421723391305,-5.000443026904848,0.6038820783415902,0.10713702530431006,-0.5001443026904848
R,0.25,1,0.5994229483891499,0.6120965312219662,0.7444345614204794,0.6120965312219662,0.5994229483891499,57.22808777710515,96.66666666666667,4531.711316774935,-8.150449271726677,0.5890367941145476,0.2333470141268698,-0.8151449271726676
R,0.25,1,0.7530426081557003,0.877782147771939,0.5994896516102458,0.877782147771939,0.7530426081557003,23.14437701031227,96.66666666666667,2234.091512213196,-16.742694289521687,0.5407025570152486,0.4566492354573392,-1.674369428952169
R,0.25,1,0.7028742012413027,0.6505657143435191,0.8519465994904292,0.6505657143435191,0.7028742012413027,91.7848857984325,96.66666666666667,8166.161937864448,4.835784809555927,0.6362447362274617,8.255788996352803e-19,0.33052605725170475
R,0.25,1,0.33655376433845247,0.9865052535992469,0.8555827231760499,0.9865052535992469,0.33655376433845247,70.79404270646965,96.66666666666667,6197.488827039137,-1.5095211193915552,0.6195036277222309,0.01818485102191362,-0.15105211193915552
R,0.25,1,0.7677750726241899,0.7370489307409973,0.6771096468792215,0.7370489307409973,0.7677750726241899,50.83566027971026,96.66666666666667,4685.468990312978,-7.353512126229246,0.5923893089675166,0.2097923491215264,-0.7354512126229247
R,0.25,1,0.48876501330915817,0.9689041927560456,0.4254743967519377,0.9689041927560456,0.48876501330915817,78.54585864849948,96.66666666666667,6560.175266439228,-0.7308360409747402,0.623432361740955,0.005542443715484756,-0.07318360409747401
R,0.25,1,0.7078371570993424,0.6950046879597517,0.5200528985178949,0.6950046879597517,0.7078371570993424,32.5919585405832,96.66666666666667,2709.806725343196,-15.084178177665757,0.551982208071252,0.4183826784408699,-1.5085178177665757
R,0.25,1,0.7345548900336298,0.9757635998483744,0.7204574327356976,0.9757635998483744,0.7345548900336298,61.28891735984063,96.66666666666667,6345.079830674807,-0.9347787936421338,0.6219877014844264,0.00888945205387639,-0.09357787936421338
R,0.25,1,0.8516629121926826,0.7418546726413637,0.645441310272311,0.7418546726413637,0.8516629121926826,66.26763195341854,96.66666666666667,6349.228521070592,-1.3852669401639335,0.6208144217998146,0.014770167558218016,-0.13862669401639333
R,0.25,1,0.8635831066352708,0.916555347903393,0.5232639058832116,0.916555347903393,0.8635831066352708,73.42927520425869,96.66666666666667,7496.2860577390065,2.8248399145497847,0.6316316519240424,8.255788996352803e-19,0.2823839914549785
R,0.25,1,0.4447829664380598,0.5827288457050634,0.8082471104345508,0.5827288457050634,0.4447829664380598,44.385831367034946,96.66666666666667,3177.2162997370892,-13.180603589739952,0.5632372096287808,0.3771415876366707,-1.3181603589739952
R,0.25,1,0.6475416465490923,0.8883672308741328,0.9898212769621264,0.8883672308741328,0.6475416465490923,61.59232456545748,96.66666666666667,6254.144737872109,-1.1576379712673561,0.6209065139370883,0.012494931653951545,-0.1158637971267356
R,0.25,1,0.33697871813007235,0.8769888767634,0.8774963828133214,0.8769888767634,0.33697871813007235,83.55482434073406,96.66666666666667,6904.61886047329,0.745235449791816,0.6269543364174199,8.255788996352803e-19,0.0744235449791816
R,0.25,1,0.8083751628479108,0.9052947381224834,0.9833100644769135,0.9052947381224834,0.8083751628479108,53.33693824328729,96.66666666666667,5881.263988447108,-2.396488466427641,0.615098261274875,0.03788777473136588,-0.2397488466427641
R,0.25,1,0.44237930998335484,0.9063684966119845,0.9576238428727611,0.9063684966119845,0.44237930998335484,71.82618300185459,96.66666666666667,6563.331973621296,-0.1946940738594348,0.6245503971347387,0.0008334153848075042,-0.01956940738594348
R,0.25,1,0.6476148019053153,0.8807355170162711,0.7830291525517462,0.8807355170162711,0.6476148019053153,98.53324521181959,96.66666666666667,9458.52592460278,9.591325021276196,0.6461244025250482,8.255788996352803e-19,0.3310007369653681
R,0.25,1,0.37339076460799225,0.44444680066454423,0.5258290626226517,0.44444680066454423,0.37339076460799225,65.89317696711711,96.66666666666667,3560.709457889164,-12.529035054994717,0.5706758365903346,0.3451898641279864,-1.2530035054994717
R,0.25,1,0.3993323114419188,0.9217829089392975,0.4778050597589951,0.9217829089392975,0.3993323114419188,71.49102516472057,96.66666666666667,5576.363412064973,-4.263721010026087,0.6073093230300076,0.08212775678281405,-0.42647210100260874
R,0.25,1,0.52008837413657,0.6169785548154514,0.864915575384581,0.6169785548154514,0.52008837413657,95.96482387944529,96.66666666666667,7530.958150360385,2.4214232296280405,0.6311927953101732,8.255788996352803e-19,0.24204232296280406
R,0.25,1,0.9686159447370412,0.4348193976395709,0.8052158256075017,0.4348193976395709,0.9686159447370412,42.42955683742906,96.66666666666667,3831.4807473265305,-10.82338930947799,0.5769415143478682,0.31575843743026805,-1.082438930947799
R,0.25,1,0.5891878990189041,0.9982477447988877,0.9573397040695241,0.9982477447988877,0.5891878990189041,50.497295887518256,96.66666666666667,5216.637027944702,-4.765002963224098,0.6036939494504492,0.11629673870808867,-0.4766002963224098
R,0.25,1,0.596736562572284,0.510439334697189,0.6666699435448742,0.510439334697189,0.596736562572284,63.2891889147571,96.66666666666667,4558.438226227719,-8.388763862198077,0.5886286615381022,0.23292247929768756,-0.8389763862198076
R,0.25,1,0.5045459693542389,0.7840278397222855,0.8254911205145266,0.7840278397222855,0.5045459693542389,84.12400447796881,96.66666666666667,7156.089912214531,1.4751542323718212,0.6287585622914015,8.255788996352803e-19,0.14741542323718212
R,0.25,1,0.5631181998868684,0.8584533721584204,0.7619468716684323,0.8584533721584204,0.5631181998868684,80.12853903954951,96.66666666666667,7221.7649017209,1.8290359748948837,0.6294140881665998,8.255788996352803e-19,0.18280359748948838
R,0.25,1,0.508592207482153,0.8755060374947945,0.9361611023579354,0.8755060374947945,0.508592207482153,61.219665399870806,96.66666666666667,5669.488308070032,-3.387531178701555,0.6106575413346079,0.06258212537101603,-0.3388531178701555
R,0.25,1,0.6148590578804021,0.47366896040460105,0.874632315153404,0.47366896040460105,0.6148590578804021,79.38400085807196,96.66666666666667,6056.380768294484,-2.882584809062494,0.6145188689893032,0.04123634903685521,-0.2883584809062494
R,0.25,1,0.3255389013612822,0.34359570552170526,0.8296973810769781,0.34359570552170526,0.3255389013612822,84.92042004822157,96.66666666666667,4602.6158471144045,-8.65142867808109,0.5881753527615715,0.23113504427114304,-0.8652428678081089
R,0.25,1,0.45234569393931323,0.234204756710637,0.88748958665432,0.234204756710637,0.45234569393931323,58.38521342335126,96.66666666666667,3299.6264525501233,-13.360814781168356,0.5651136954699564,0.3686798028055057,-1.3361814781168355
R,0.25,1,0.6519559868017949,0.9712356610516661,0.9286870037586795,0.9712356610516661,0.6519559868017949,52.265112146199414,96.66666666666667,5455.262935495901,-3.945808828727211,0.6077055609321056,0.08365271398522066,-0.3946808828727211
R,0.25,1,0.5671502463665903,0.906531939137834,0.7778593554570793,0.906531939137834,0.5671502463665903,46.065437607637406,96.66666666666667,4290.101528650169,-8.486276363760613,0.5863993663425151,0.2590355701698609,-0.8487276363760612
R,0.25,1,0.7571765321459701,0.9960130784115736,0.5342922920972037,0.9960130784115736,0.7571765321459701,67.14251416274722,96.66666666666667,6782.521107571637,0.438439477872952,0.6262844551984409,8.255788996352803e-19,0.0437439477872952
R,0.25,1,0.3951189402868273,0.909011032338924,0.7274867743121498,0.909011032338924,0.3951189402868273,73.69827390339324,96.66666666666667,6145.969385268689,-1.9651907346635908,0.6178240543575496,0.025769859523303924,-0.19661907346635907
R,0.25,1,0.990615034286926,0.89782347062191,0.8013618605393485,0.89782347062191,0.990615034286926,74.99261572168508,96.66666666666667,8583.352707169142,6.973437261197419,0.6402249049226352,8.255788996352803e-19,0.3305955854111743
R,0.25,1,0.653314066867604,0.9388831837695397,0.7594785265262504,0.9388831837695397,0.653314066867604,67.6705948267796,96.66666666666667,6672.105842813867,0.14589875071629202,0.6255012365606478,8.255788996352803e-19,0.014489875071629202
R,0.25,1,0.4902432261746657,0.8393560721448106,0.6243433003771718,0.8393560721448106,0.4902432261746657,74.45400668154646,96.66666666666667,6111.821258489406,-2.3009715935635136,0.6166165122823795,0.031423709490660034,-0.23019715935635135
R,0.25,1,0.7387665767757504,0.8081855804410657,0.4720919680232889,0.8081855804410657,0.7387665767757504,145.61471282674097,96.66666666666667,12981.53811527976,20.61479042726036,0.6701425521145064,8.255788996352803e-19,0.33231135330978445
R,0.25,1,0.9995243696274636,0.7184899138298544,0.7462753606419137,0.7184899138298544,0.9995243696274636,62.92978757335504,96.66666666666667,6579.787443208554,-0.397989392514839,0.6243700657227759,0.002317400379335279,-0.0398989392514839
R,0.25,1,0.5994229483891499,0.9451363445596419,0.7602077857103191,0.9451363445596419,0.5994229483891499,73.96725241581554,96.66666666666667,7118.102383989428,1.6757060114583597,0.6288632237436964,8.255788996352803e-19,0.16747060114583598
R,0.25,1,0.2913435590363773,0.6801211373924604,0.856217488729807,0.6801211373924604,0.2913435590363773,70.95794390684014,96.66666666666667,4965.542685267278,-6.501274476313331,0.5965738066976827,0.1704716898235509,-0.6502274476313332
R,0.25,1,0.8595875645651914,0.887227339130162,0.5207545709873926,0.887227339130162,0.8595875645651914,87.79464597786519,96.66666666666667,8811.036382969442,7.263721229392297,0.6413329992005241,8.255788996352803e-19,0.33072735780412216
R,0.25,1,0.6867823006077587,0.6533100883206189,0.5661840480019454,0.6533100883206189,0.6867823006077587,90.91230426129461,96.66666666666667,7378.371761021198,1.705395554514956,0.6299439804233069,8.255788996352803e-19,0.1704395554514956
R,0.25,1,0.5192729348974634,0.847923715096213,0.9369182316659537,0.847923715096213,0.5192729348974634,69.35467901169241,96.66666666666667,6365.565820743497,-0.9726409098568384,0.6219188182770828,0.009277269116505045,-0.09736409098568384
R,0.25,1,0.2449438894035208,0.9766453824846194,0.9061178757081956,0.9766453824846194,0.2449438894035208,78.5707753532264,96.66666666666667,6578.920414167007,-0.20219022568639322,0.6245467714331301,0.0008741152058631181,-0.020319022568639322
R,0.25,1,0.5707371954644382,0.8740051235495193,0.6077552912353975,0.8740051235495193,0.5707371954644382,76.80039562105783,96.66666666666667,6714.735253729568,-0.08843289567364938,0.6253869888461561,0.0002343946422860339,-0.008943289567364938
R,0.25,1,0.2868481628049489,0.9841754534670276,0.934658012791927,0.9841754534670276,0.2868481628049489,113.08173757463915,96.66666666666667,9828.796754436085,10.888854713497372,0.6487104605156605,8.255788996352803e-19,0.3311982939245027
R,0.25,1,0.7942374720544275,0.8740051235495193,0.8374009152405812,0.8740051235495193,0.7942374720544275,65.59929612756707,96.66666666666667,6845.099767491287,0.8080437528985369,0.6269142785235869,8.255788996352803e-19,0.08070437528985369
R,0.25,1,0.24562347836514042,0.8327590050649685,0.8666299078924441,0.8327590050649685,0.24562347836514042,101.24008743239452,96.66666666666667,7652.219036565324,3.081398266049362,0.632256439441105,8.255788996352803e-19,0.30803982660493623
R,0.25,1,0.5744769449494217,0.8538910419513602,0.626052475207696,0.8538910419513602,0.5744769449494217,74.84942040204672,96.66666666666667,6517.117419782159,-0.7896547047616344,0.6231130139203707,0.006340571435784825,-0.07906547047616344
R,0.25,1,0.9073770540189774,0.5474304089171494,0.7191163532483362,0.5474304089171494,0.9073770540189774,64.97923632044169,96.66666666666667,5894.804683233886,-3.2625681999886544,0.6124924530123848,0.05160685942928972,-0.32635681999886546
R,0.25,1,0.4425187593003046,0.5258957160550596,0.029613573594284737,0.5258957160550596,0.4425187593003046,58.907446825534805,96.66666666666667,2895.9527108991997,-15.567532787281403,0.554767247885787,0.40619811006054096,-1.5568532787281402
R,0.25,1,0.4968064654784785,0.778716705679974,0.16977276586865164,0.778716705679974,0.4968064654784785,38.48728801767628,96.66666666666667,2617.9237165183654,-15.73951365381925,0.5493336152661595,0.42679035532859194,-1.574051365381925
R,0.25,1,0.3355861628678213,0.8076454442075762,0.6834715233916975,0.8076454442075762,0.3355861628678213,64.95710206795597,96.66666666666667,4822.9588470428935,-6.936721608738599,0.5943869698650811,0.19105094626071856,-0.69377216087386
R,0.25,1,0.6740097507700081,0.7981400996317245,0.5258290626226517,0.7981400996317245,0.6740097507700081,55.850304901889736,96.66666666666667,4845.193737154156,-6.885885495200885,0.5948155608814453,0.18774434746214985,-0.6886885495200885
R,0.25,1,0.9686159447370412,0.9862145809167698,0.9014602042845914,0.9862145809167698,0.9686159447370412,70.78142015550014,96.66666666666667,8513.449875278246,6.990462262712336,0.6399912578638423,8.255788996352803e-19,0.33055667235043673
R,0.25,1,0.8034350038159043,0.9937461704450925,0.8742082737478754,0.9937461704450925,0.8034350038159043,68.03989138214624,96.66666666666667,7601.026494317288,3.7082938707416853,0.6329559567565248,8.255788996352803e-19,0.3302206638803945
R,0.25,1,0.5565750405634529,0.744029530733193,0.4652721847206717,0.744029530733193,0.5565750405634529,59.9195515208666,96.66666666666667,4593.55464699411,-8.04973299477535,0.5897734212101245,0.22631600326045417,-0.805073299477535
R,0.25,1,0.8745318552460688,0.906531939137834,0.9657968553892802,0.906531939137834,0.8745318552460688,113.25113456849579,96.66666666666667,12819.814513530388,21.348423622145457,0.6708091525436337,8.255788996352803e-19,0.3321565489687439
R,0.25,1,0.6468658304780176,0.8814293586959634,0.7829810316085196,0.8814293586959634,0.6468658304780176,90.20933132210969,96.66666666666667,8659.129236391602,6.892296824597726,0.6402958239482537,8.255788996352803e-19,0.3306943627896401
R,0.25,1,0.28852550469648225,0.9263256188321771,0.6775434814569481,0.9263256188321771,0.28852550469648225,84.7986779631069,96.66666666666667,6587.25824711302,-0.5523130475768898,0.623874784651904,0.0037030322281944553,-0.05533130475768898
R,0.25,1,0.7974049198862869,0.8299632517111739,0.6823777567280727,0.8299632517111739,0.7974049198862869,69.65879416542963,96.66666666666667,6856.3655173086645,0.578628156355556,0.6267303416674599,8.255788996352803e-19,0.057762815635555596
R,0.25,1,0.5051286956788293,0.7856218452891526,0.8250477596978174,0.7856218452891526,0.5051286956788293,80.12853903954951,96.66666666666667,6824.044546174615,0.3367901395249428,0.6262599266385981,8.255788996352803e-19,0.03357901395249428
R,0.25,1,0.6561428019516132,0.8580560209282106,0.5154250380660705,0.8580560209282106,0.6561428019516132,79.38400085807196,96.66666666666667,7033.070574341891,0.9191777881947438,0.6277611857859537,8.255788996352803e-19,0.09181777881947438
R,0.25,1,0.7829071190940811,0.9196963041778354,0.5506475086652675,0.9196963041778354,0.7829071190940811,65.02251604646798,96.66666666666667,6430.49008222685,-0.9073531538316185,0.6224819872935986,0.008081148194347194,-0.09083531538316185
R,0.25,1,0.4872151036106923,0.36172379586630865,0.608517664353858,0.36172379586630865,0.4872151036106923,68.38993389567435,96.66666666666667,3943.3558318226933,-11.148714523732048,0.5770790974723138,0.3076862968260993,-1.1149714523732048
R,0.25,1,0.727565367569199,0.6752641764731364,0.6947277075828076,0.6752641764731364,0.727565367569199,69.99420033580917,96.66666666666667,6125.1693657192645,-2.3374151542456625,0.6166627774712172,0.031625873138921616,-0.23384151542456624
R,0.25,1,0.8727284947982896,0.9115903210390489,0.5387457596239911,0.9115903210390489,0.8727284947982896,67.14251416274722,96.66666666666667,6894.501188052589,0.7470375337076249,0.6270827559332585,8.255788996352803e-19,0.0746037533707625
R,0.25,1,0.16632142217257756,0.7289511297477465,0.9219338642558818,0.7289511297477465,0.16632142217257756,81.33997085552136,96.66666666666667,5515.82400527966,-4.469199354442491,0.606168875999062,0.08951931102579685,-0.4470199354442491
R,0.25,1,0.6675375339957221,0.726295155997246,0.8183502400326055,0.726295155997246,0.6675375339957221,75.6057669587475,96.66666666666667,6815.889415418131,0.30162675127968364,0.6262399345493399,8.255788996352803e-19,0.030062675127968362
R,0.25,1,0.6351302307384713,0.5986922958080455,0.6503600601527211,0.5986922958080455,0.6351302307384713,69.54235001226667,96.66666666666667,5420.835073134336,-5.119875554003209,0.6038048826559738,0.10554334378215241,-0.5120875554003209
R,0.25,1,0.8814899867817985,0.7493562357031742,0.5350493099227034,0.7493562357031742,0.8814899867817985,79.4965677201539,96.66666666666667,7545.6984508439855,2.661751739509958,0.6316604574384885,8.255788996352803e-19,0.2660751739509958
R,0.25,1,0.7621190231938839,0.7466835047777179,0.6693678921990749,0.7466835047777179,0.7621190231938839,79.55099793358255,96.66666666666667,7332.559434471029,2.005764444097801,0.6300961473869373,8.255788996352803e-19,0.2004764444097801
R,0.25,1,0.9719267905090514,0.2603339519967972,0.6053604086298223,0.2603339519967972,0.9719267905090514,42.457574907479035,96.66666666666667,3258.49351140996,-13.58794178050228,0.5643027162106001,0.3736858710387357,-1.358894178050228
R,0.25,1,0.4094437958333219,0.9024527125382157,0.5384688600536518,0.9024527125382157,0.4094437958333219,60.8673777636225,96.66666666666667,4811.9647060622065,-6.926779100624178,0.5943881254551032,0.19194427142029513,-0.6927779100624178
R,0.25,1,0.38468618638905083,0.8691492001673248,0.9121945352180878,0.8691492001673248,0.38468618638905083,73.96725241581554,96.66666666666667,6323.951012234949,-1.1967793090960315,0.6210644523575947,0.012525548908502734,-0.11977793090960313
R,0.25,1,0.4897104672039799,0.36253656717239835,0.41268507046511044,0.36253656717239835,0.4897104672039799,82.9608746125039,96.66666666666667,4391.07582752156,-9.95120250380703,0.5836313521088665,0.26081725455328775,-0.9952202503807029
R,0.25,1,0.3234740806551828,0.69387990158984,0.9476309799036646,0.69387990158984,0.3234740806551828,87.59735166864009,96.66666666666667,6531.124832678418,-0.8688618396977353,0.6228666037792547,0.007185126945196359,-0.08698618396977353
R,0.25,1,0.5192729348974634,0.20860517547301227,0.6592225054831085,0.20860517547301227,0.5192729348974634,60.441692578260145,96.66666666666667,3195.8223494998715,-14.157860774605972,0.5621431835516643,0.37955273780802773,-1.415886077460597
R,0.25,1,0.533369666117096,0.9986876032343586,0.9702036435433626,0.9986876032343586,0.533369666117096,60.648212095513365,96.66666666666667,6116.854619441446,-1.5358613398635172,0.6190537201421904,0.019471993434554562,-0.15368613398635173
R,0.25,1,0.6919386169256687,0.7599308854235415,0.9672818536980279,0.7599308854235415,0.6919386169256687,90.91230426129461,96.66666666666667,8798.085652008893,7.385312845420768,0.6413437116474724,8.255788996352803e-19,0.3307448850252064
R,0.25,1,0.5707371954644382,0.6325603220614539,0.9404263216280929,0.6325603220614539,0.5707371954644382,93.91335947126052,96.66666666666667,7858.250495696584,3.7414284271823908,0.6338605169468957,8.255788996352803e-19,0.3304308140539019
R,0.25,1,0.74795364562358,0.9168946052042971,0.6764488540653327,0.9168946052042971,0.74795364562358,77.24094235438879,96.66666666666667,7735.961062113872,3.7594933968788546,0.633508986467863,8.255788996352803e-19,0.33030818713949317
R,0.25,1,0.24562347836514042,0.40421882728339975,0.7807403880414892,0.40421882728339975,0.24562347836514042,57.617035925045876,96.66666666666667,2996.698048156348,-14.347513350053386,0.558129502079648,0.3941518283736345,-1.4348513350053387
R,0.25,1,0.2661187537157629,0.8214048520419368,0.781307325345764,0.8214048520419368,0.2661187537157629,73.42927520425869,96.66666666666667,5427.074272213427,-4.689604359410696,0.6050133273662791,0.09889335319594181,-0.4690604359410696
R,0.25,1,0.41887325918925244,0.781465044581388,0.5685338871440692,0.781465044581388,0.41887325918925244,75.27642606729708,96.66666666666667,5587.788857035609,-4.399363333005627,0.6069544011968199,0.08360364953669697,-0.4400363333005627
R,0.25,1,0.3729545449144873,0.6837163666912991,0.2594879824796059,0.6837163666912991,0.3729545449144873,60.09197075388539,96.66666666666667,3564.700482188547,-12.325731769362767,0.5711537271893644,0.3441275139860286,-1.2326731769362766
R,0.25,1,0.6078581915880082,0.9222682385595438,0.8190433291753945,0.9222682385595438,0.6078581915880082,71.6088642058164,96.66666666666667,6944.799851148348,1.1068140371305404,0.6275812036376724,8.255788996352803e-19,0.11058140371305406
R,0.25,1,0.5062960346215869,0.7141681869759875,0.5275638176072168,0.7141681869759875,0.5062960346215869,96.32761137327688,96.66666666666667,7148.694221578758,0.8199816739589461,0.6280535573200108,8.255788996352803e-19,0.0818981673958946
R,0.25,1,0.25460592499596785,0.7347107102658709,0.6035138268627115,0.7347107102658709,0.25460592499596785,98.53324521181959,96.66666666666667,6360.683327994033,-1.9667707391159437,0.618948239279016,0.022497027048012774,-0.19677707391159435
R,0.25,1,0.37339076460799225,0.9621032423009516,0.7415507067564931,0.9621032423009516,0.37339076460799225,57.07340086336261,96.66666666666667,4869.129759027204,-6.385785345176406,0.5963964913082044,0.17871702657563268,-0.6386785345176407
R,0.25,1,0.8057429877672191,0.4348193976395709,0.6680234816447772,0.4348193976395709,0.8057429877672191,69.51706669312283,96.66666666666667,5472.988727316971,-5.1667881931966875,0.6040927124093715,0.10205565003896015,-0.5167788193196687
R,0.25,1,0.049611237361667615,0.972677097079186,0.4005283329527922,0.972677097079186,0.049611237361667615,82.08726799684698,96.66666666666667,5017.79973915049,-6.493951886480883,0.5968680938671238,0.16509313300278172,-0.6494951886480884
R,0.25,1,0.24624639070706905,0.9937461704450925,0.4901462571598997,0.9937461704450925,0.24624639070706905,71.57980182257464,96.66666666666667,5315.0353882264835,-5.119033895766925,0.6030171288095473,0.11441432765829714,-0.5120033895766924
R,0.25,1,0.6515851771446672,0.5478871335085309,0.6505028308236913,0.5478871335085309,0.6515851771446672,100.81375973741795,96.66666666666667,7685.656569273099,2.5556881372486324,0.6319910506183103,8.255788996352803e-19,0.25546881372486324
R,0.25,1,0.7135351156471743,0.7405781196428627,0.662099183844335,0.7405781196428627,0.7135351156471743,90.20933132210969,96.66666666666667,8051.917247194991,4.396299150891547,0.6353631646885693,8.255788996352803e-19,0.3304771578396378
R,0.25,1,0.4067351251639816,0.12546993311082522,0.860991003331351,0.12546993311082522,0.4067351251639816,68.88171765255322,96.66666666666667,3315.6234076887595,-13.696445422706228,0.5648614904856322,0.3684900374467839,-1.3697445422706227
R,0.25,1,0.8014701175485999,0.7631614659259106,0.8743484489374899,0.7631614659259106,0.8014701175485999,30.79422201932195,96.66666666666667,3082.202624468638,-13.174119918906525,0.5616626939154287,0.38444765118921803,-1.3175119918906524
R,0.25,1,0.3443899042503846,0.8181594834947306,0.9361611023579354,0.8181594834947306,0.3443899042503846,70.83880722392135,96.66666666666667,5775.593994849887,-3.216003619221909,0.6117421467604413,0.05547331814026963,-0.32170036192219087
R,0.25,1,0.7387933051945471,0.8504721954289588,0.7473272803665735,0.8504721954289588,0.7387933051945471,75.7020978087448,96.66666666666667,7429.892690449559,2.6501250096051843,0.6311441520278279,8.255788996352803e-19,0.26491250096051844
R,0.25,1,0.5613108997338114,0.33661553493217333,0.9437942375018157,0.33661553493217333,0.5613108997338114,58.9840687434795,96.66666666666667,4039.8883320589675,-10.267997761818949,0.5798618828074937,0.2945270211717622,-1.0268997761818948
R,0.25,1,0.7387933051945471,0.7387203694907524,0.6343651299627231,0.7387203694907524,0.7387933051945471,75.7020978087448,96.66666666666667,6793.113513611604,0.05609980047489249,0.625929180988882,8.255788996352803e-19,0.005509980047489249
R,0.25,1,0.702756775639255,0.9692588639443198,0.5342922920972037,0.9692588639443198,0.702756775639255,62.77585869468959,96.66666666666667,6086.627312049373,-2.094516351202214,0.617190746988578,0.028674685519865652,-0.2095516351202214
R,0.25,1,0.5806966660011889,0.8819302905233605,0.5514853724333494,0.8819302905233605,0.5806966660011889,76.21706673368746,96.66666666666667,6624.671753431216,-0.4515753041841444,0.6243559670311801,0.0027036030382146955,-0.04525753041841444
R,0.25,1,0.41667114473021616,0.930778204955261,0.7454883860153335,0.930778204955261,0.41667114473021616,80.4513649265274,96.66666666666667,6919.595922373106,0.8026842862274198,0.627107148968191,8.255788996352803e-19,0.08016842862274198
R,0.25,1,0.5158872689463512,0.7970339894569968,0.6129652792275881,0.7970339894569968,0.5158872689463512,86.39133575889136,96.66666666666667,6995.123294142818,0.6575877763834902,0.6272845114192535,8.255788996352803e-19,0.06565877763834901
R,0.25,1,0.596150568039306,0.7589751619493488,0.6051335691166022,0.7589751619493488,0.596150568039306,80.57211142443153,96.66666666666667,6678.18929947617,-0.45925579437327824,0.624569535995613,0.0026677229717647806,-0.046025579437327824
R,0.25,1,0.7234489727588644,0.8647613671114002,0.5561421000266132,0.8647613671114002,0.7234489727588644,67.6705948267796,96.66666666666667,6314.618588378512,-1.4568638298445025,0.6203979870832573,0.016104825616940353,-0.14578638298445024
R,0.25,1,0.4902432261746657,0.6505657143435191,0.6816090081828275,0.6505657143435191,0.4902432261746657,96.82888604358008,96.66666666666667,7173.148969436949,0.9668926600889532,0.6282818993124454,8.255788996352803e-19,0.09658926600889532
R,0.25,1,0.45352524930453264,0.8800465663489534,0.635943576058261,0.8800465663489534,0.45352524930453264,145.61471282674097,96.66666666666667,12024.452378554255,17.54296136855692,0.6634432256653136,8.255788996352803e-19,0.3320206585975206
R,0.25,1,0.4094437958333219,0.781771390609624,0.5958530855497213,0.781771390609624,0.4094437958333219,84.74595414712017,96.66666666666667,6309.936835142774,-1.8614793672281207,0.6190709089505697,0.021783999424063945,-0.18624793672281206
R,0.25,1,0.30827975434482535,0.669595232053918,0.07498304327814176,0.669595232053918,0.30827975434482535,73.96725241581554,96.66666666666667,3755.1935397299103,-12.071487308530967,0.5734374694547163,0.32759923547824316,-1.2072487308530966
R,0.25,1,0.6560229589589911,0.3517738919034936,0.44556629710890605,0.3517738919034936,0.6560229589589911,71.38107356702538,96.66666666666667,4392.006073424524,-9.723663715684422,0.5842102021515452,0.2591718666718105,-0.9724663715684422
R,0.25,1,0.5784437407672851,0.14864444945334288,0.8310817991424856,0.14864444945334288,0.5784437407672851,30.70697020693712,96.66666666666667,1754.3338708909328,-19.581009014628428,0.5277490216768994,0.49742068313390514,-1.958200901462843
R,0.25,1,0.6641152497837557,0.6533100883206189,0.2779217015608131,0.6533100883206189,0.6641152497837557,48.202742819976606,96.66666666666667,3510.090445468949,-12.395765000506348,0.5705391544207664,0.3491877821753121,-1.2396765000506347
R,0.25,1,0.5611470638988943,0.9017889037468333,0.7997397298621908,0.9017889037468333,0.5611470638988943,74.60923620332206,96.66666666666667,6949.126018182508,1.025116521571371,0.627499051142372,8.255788996352803e-19,0.1024116521571371
R,0.25,1,0.2907297568063344,0.9456799727424398,0.5837850286687188,0.9456799727424398,0.2907297568063344,76.48383488662903,96.66666666666667,5844.520823901112,-3.2093743293914727,0.6121500578836484,0.05286743454423429,-0.32103743293914727
R,0.25,1,0.3637490312794424,0.7940459862407341,0.6775905748827308,0.7940459862407341,0.3637490312794424,85.37204995936432,96.66666666666667,6388.349114193852,-1.4808592677451693,0.6205737753700274,0.015733854693442254,-0.14818592677451692
R,0.25,1,0.8191040749600867,0.9962972090385046,0.832059504165034,0.9962972090385046,0.8191040749600867,51.72650741751531,96.66666666666667,5771.206701976166,-2.7989304619819935,0.6132083164636573,0.04808445449012187,-0.2799930461981993
R,0.25,1,0.606107516159349,0.8309329315889658,0.8480820356572054,0.8309329315889658,0.606107516159349,60.73128540209288,96.66666666666667,5651.293482124854,-3.582663539441545,0.60994928208829,0.06675817480380354,-0.3583663539441545
R,0.25,1,0.615727610662336,0.7376351551589411,0.7522949513431985,0.7376351551589411,0.615727610662336,64.10630942926868,96.66666666666667,5543.625935111575,-4.25620320475295,0.6071886986736175,0.08379215087190074,-0.425720320475295
R,0.25,1,0.7110999463957708,0.7710789919452761,0.8990135843302859,0.7710789919452761,0.7110999463957708,51.655972095343536,96.66666666666667,4989.155209600051,-5.964282848875648,0.5985210675066646,0.15945111084909375,-0.5965282848875648
R,0.25,1,0.6214845147545492,0.5474304089171494,0.7076541145063127,0.5474304089171494,0.6214845147545492,68.2110148079299,96.66666666666667,5193.3887904760895,-5.9685463855924565,0.5997970039914811,0.13793196492931709,-0.5969546385592457
R,0.25,1,0.5896538971457089,0.32975726416522977,0.9108718603564805,0.32975726416522977,0.5896538971457089,63.61002605423677,96.66666666666667,4372.702965510915,-9.119741792296374,0.5853288000505841,0.2567707764826588,-0.9120741792296373
R,0.25,1,0.6511789625161558,0.9048903096723766,0.8683924561428836,0.9048903096723766,0.6511789625161558,75.86919230191427,96.66666666666667,7549.99179855448,3.2596853899959024,0.6322320652186759,8.255788996352803e-19,0.32586853899959023
R,0.25,1,0.44613107830827,0.9293345135467638,0.9329762291744461,0.9293345135467638,0.44613107830827,70.89982424447835,96.66666666666667,6529.709702661074,-0.29500135788496357,0.6242259853971879,0.0015629285252408945,-0.029600135788496358
R,0.25,1,0.7669774682471436,0.9578249863765824,0.9850348583391814,0.9578249863765824,0.7669774682471436,46.22412789477532,96.66666666666667,5124.683894604532,-5.082046249723699,0.6021743634790004,0.13030158665280792,-0.50830462497237
R,0.25,1,0.9227949322951114,0.9687958774088018,0.5258290626226517,0.9687958774088018,0.9227949322951114,101.8888203655747,96.66666666666667,10976.000383368648,14.818428294740746,0.6573164918500107,8.255788996352803e-19,0.3315029777901476
R,0.25,1,0.5565750405634529,0.7030242706944546,0.8770957052304981,0.7030242706944546,0.5565750405634529,55.37563288575104,96.66666666666667,4701.798696630961,-7.2160694077611955,0.5928223082864004,0.20667187328373807,-0.7217069407761196
R,0.25,1,0.41270517328297074,0.9937461704450925,0.7288122646586375,0.9937461704450925,0.41270517328297074,85.48126762288457,96.66666666666667,7568.757091642348,3.141028180348064,0.6321062438691094,8.255788996352803e-19,0.3140028180348064
R,0.25,1,0.48405107442550466,0.1307278762279347,0.6712450969962993,0.1307278762279347,0.48405107442550466,71.41894151445443,96.66666666666667,3393.8334541578574,-13.705022839787347,0.5663234946331887,0.3627692749902312,-1.3706022839787346
R,0.25,1,0.2569652089203372,0.8950415276481343,0.4989924204373267,0.8950415276481343,0.2569652089203372,82.12308355499668,96.66666666666667,5754.787180078696,-3.7900311652216856,0.6097842239307205,0.06565353571454378,-0.37910311652216855
R,0.25,1,0.5730238866867078,0.8276922555622308,0.687326254771275,0.8276922555622308,0.5730238866867078,63.00672568644812,96.66666666666667,5495.381306749622,-4.355488030240746,0.6065834796035476,0.08841819584414581,-0.43564880302407466
R,0.25,1,0.41320002499374053,0.9262951235015159,0.6786706812142119,0.9262951235015159,0.41320002499374053,74.53164688876481,96.66666666666667,6256.30005999348,-1.5947041002940179,0.6195807441057517,0.018749805958067602,-0.15957041002940178
R,0.25,1,0.608317627799892,0.9838857757659638,0.9016153231335502,0.9838857757659638,0.608317627799892,62.742870535490844,96.66666666666667,6409.218938109595,-0.5614333995243568,0.6231811131615749,0.004233074747816769,-0.056243339952435675
R,0.25,1,0.44477939797505356,0.1714426329290596,0.7473272803665735,0.1714426329290596,0.44477939797505356,79.38400085807196,96.66666666666667,3929.054248149764,-11.565136867897062,0.5760555319968178,0.31085621932631124,-1.156613686789706
R,0.25,1,0.24136518598750184,0.8150536016676324,0.9166954135752798,0.8150536016676324,0.24136518598750184,91.15316504041813,96.66666666666667,6903.788013281889,0.5702214751966157,0.6267201878154111,8.255788996352803e-19,0.05692214751966157
R,0.25,1,0.5890807594633605,0.7387203694907524,0.707073560455711,0.7387203694907524,0.5890807594633605,62.15981504713438,96.66666666666667,5225.582673324338,-5.45873830813901,0.6015157072112937,0.1272461051841845,-0.545973830813901
R,0.25,1,0.8023776427095479,0.8983520236106796,0.7157955612425737,0.8983520236106796,0.8023776427095479,45.06202286735932,96.66666666666667,4638.2958544726025,-7.2062589954265155,0.5925281495754183,0.2126836742868696,-0.7207258995426515
R,0.25,1,0.6818569674136744,0.1405919569350501,0.7778593554570793,0.1405919569350501,0.6818569674136744,64.92133489325094,96.66666666666667,3932.2157953988117,-11.339162664589646,0.5766482544259371,0.30976564830962644,-1.1340162664589646
R,0.25,1,0.7604696089026709,0.15797662165461768,0.6154834077674518,0.15797662165461768,0.7604696089026709,62.11792194060378,96.66666666666667,3808.412319805856,-11.95857743371658,0.574301310233106,0.3232273320782334,-1.195957743371658
R,0.25,1,0.4225145551336824,0.9317295546121245,0.7467454167760785,0.9317295546121245,0.4225145551336824,72.03863061537126,96.66666666666667,6222.757490322359,-1.6061033650056584,0.6193692245871836,0.01931499449194424,-0.16071033650056582
R,0.25,1,0.4879549713299866,0.891859808812897,0.8965323577452529,0.891859808812897,0.4879549713299866,70.84617009822445,96.66666666666667,6475.626728786904,-0.5720257711467995,0.6234107155733134,0.00417492478302597,-0.05730257711467995
R,0.25,1,0.6879508335368915,0.7589751619493488,0.896996151028301,0.7589751619493488,0.6879508335368915,71.80855997023914,96.66666666666667,6805.38365357332,0.45076998396766055,0.6263540242652997,8.255788996352803e-19,0.044976998396766055
R,0.25,1,0.4902432261746657,0.43218963542712363,0.8904083329426683,0.43218963542712363,0.4902432261746657,54.602367865591226,96.66666666666667,3733.81100567263,-11.284261335419897,0.5749086802893102,0.32576251865584444,-1.1285261335419896
R,0.25,1,0.5281155420738748,0.9612870368520378,0.8325100551653369,0.9612870368520378,0.5281155420738748,68.80893194095967,96.66666666666667,6556.313227451053,-0.2088099098392192,0.6245237295382448,0.0009267098439072489,-0.02098099098392192
R,0.25,1,0.7104996642547367,0.2028426997101449,0.5384688600536518,0.2028426997101449,0.7104996642547367,62.70810888827418,96.66666666666667,3707.8577183189086,-12.378164753266205,0.5725115400876567,0.3333047238578706,-1.2379164753266205
R,0.25,1,0.4838298026072441,0.9452240983973439,0.7702976861808944,0.9452240983973439,0.4838298026072441,73.96725241581554,96.66666666666667,6709.579615297134,0.18914150536307134,0.6256526515442415,8.255788996352803e-19,0.018814150536307132
R,0.25,1,0.5627262089687994,0.8343399897111536,0.6511376296910837,0.8343399897111536,0.5627262089687994,85.40221069846223,96.66666666666667,7355.841919082633,2.081978197999056,0.6302028434513416,8.255788996352803e-19,0.20809781979990563
R,0.25,1,0.33655376433845247,0.07468358511795925,0.8402262549160093,0.07468358511795925,0.33655376433845247,69.93575425736823,96.66666666666667,2907.0561327616247,-15.441455242713078,0.5549659156353619,0.4040808277812809,-1.5442455242713078
R,0.25,1,0.5246523923109114,0.9282278817703006,0.8476643305101283,0.9282278817703006,0.5246523923109114,74.60923620332206,96.66666666666667,7001.004083607647,1.2908987492436501,0.6279738119271846,8.255788996352803e-19,0.12898987492436503
R,0.25,1,0.6867823006077587,0.6533100883206189,0.5661840480019454,0.6533100883206189,0.6867823006077587,63.218514082752364,96.66666666666667,5130.7653333839135,-6.10387332008559,0.5990220536654904,0.14610526304884386,-0.6104873320085591
R,0.25,1,0.41851114301101655,0.8749220219345399,0.8688203876650858,0.8749220219345399,0.41851114301101655,78.5707753532264,96.66666666666667,6787.899619405911,0.39321219048884076,0.6261518869233988,8.255788996352803e-19,0.03922121904888408
R,0.25,1,0.6453597337756619,0.9923138551473037,0.7204574327356976,0.9923138551473037,0.6453597337756619,69.83506432263724,96.66666666666667,6976.181800016463,1.2571404388968819,0.6278783221467819,8.255788996352803e-19,0.1256140438896882
R,0.25,1,0.74795364562358,0.5739532465371732,0.9924159531485943,0.5739532465371732,0.74795364562358,69.58539578043644,96.66666666666667,6325.712135761238,-1.4380515590028875,0.6204894452597987,0.015752352690710673,-0.14390515590028874
R,0.25,1,0.5986418149896331,0.80204529696234,0.8374009152405812,0.80204529696234,0.5986418149896331,71.117366050334,96.66666666666667,6469.5025886349085,-0.7699344675351995,0.6229412523491249,0.006323150207544802,-0.07709344675351995
R,0.25,1,0.34028163722799526,0.7376351551589411,0.777038943065199,0.7376351551589411,0.34028163722799526,79.0935955823034,96.66666666666667,5799.285840283786,-3.526864302835176,0.6108813752483927,0.059639604436128195,-0.3527864302835176
R,0.25,1,0.6526402716425898,0.8286120540251157,0.9898212769621264,0.8286120540251157,0.6526402716425898,77.52135395042639,96.66666666666667,7659.741430375024,3.6368780408453536,0.6330495073123154,8.255788996352803e-19,0.3302868360249163
R,0.25,1,0.35069383286753525,0.9460526563654772,0.004285293995520578,0.9460526563654772,0.35069383286753525,76.21022915637317,96.66666666666667,4949.431936043539,-7.160794597464162,0.594717239133793,0.18032738210607213,-0.7161794597464162
R,0.25,1,0.495918745952666,0.916268626736672,0.7486675508169126,0.916268626736672,0.495918745952666,72.36070946598151,96.66666666666667,6463.696887616811,-0.7427246475818061,0.622959033871854,0.006045872635146921,-0.07437246475818061
R,0.25,1,0.6376765192823486,0.778716705679974,0.7550684788734126,0.778716705679974,0.6376765192823486,71.74639310355553,96.66666666666667,6435.391253001868,-1.015434204676398,0.6221758933735277,0.009378482308745608,-0.10164342046763979
R,0.25,1,0.6255352612890646,0.7954396863725282,0.6177200562188979,0.7954396863725282,0.6255352612890646,79.10092612165522,96.66666666666667,6841.577431056021,0.23333066273382688,0.6262723270406818,8.255788996352803e-19,0.023233066273382688
R,0.25,1,0.7643130252437722,0.4348193976395709,0.586346824937197,0.4348193976395709,0.7643130252437722,63.08742944203196,96.66666666666667,4707.286954684909,-8.038546941044181,0.590749101685145,0.2146314995552918,-0.8039546941044181
R,0.25,1,0.551716894706225,0.8382752398787248,0.7588788779250049,0.8382752398787248,0.551716894706225,70.25198236618168,96.66666666666667,6215.303785151035,-1.717686282772107,0.6190279912551074,0.021029548752218463,-0.1718686282772107
R,0.25,1,0.7492167851237995,0.9205580116755947,0.5258290626226517,0.9205580116755947,0.7492167851237995,101.8888203655747,96.66666666666667,9845.971788716823,10.727343298534748,0.648778304124544,8.255788996352803e-19,0.331137144303045
R,0.25,1,0.5565750405634529,0.9841202515675669,0.7978146926346966,0.9841202515675669,0.5565750405634529,82.87211004570409,96.66666666666667,8036.948164921558,4.9321284438123,0.6358533664464754,8.255788996352803e-19,0.3304481962584162
R,0.25,1,0.3815698587613181,0.9590191709812815,0.6712450969962993,0.9590191709812815,0.3815698587613181,70.74977762936872,96.66666666666667,5929.579821015311,-2.701485690500296,0.6142808488225747,0.04195193218710919,-0.2702485690500296
R,0.25,1,0.5666746107569498,0.9857400244481253,0.5050289474493825,0.9857400244481253,0.5666746107569498,79.96238362454976,96.66666666666667,7216.3216911679365,1.7454351016053073,0.6293200591749942,8.255788996352803e-19,0.17444351016053075
R,0.25,1,0.5896262199444663,0.049666001694232964,0.3951470546459319,0.049666001694232964,0.5896262199444663,113.25113456849579,96.66666666666667,4738.799777571127,-9.918123370304446,0.5869170146197261,0.226973348602166,-0.9919123370304446
R,0.25,1,0.6248700695463538,0.9758896576516709,0.7111498203901913,0.9758896576516709,0.6248700695463538,77.00385623969905,96.66666666666667,7532.265558728181,3.126766122062991,0.6320205356291934,8.255788996352803e-19,0.3125766122062991
R,0.25,1,0.6818569674136744,0.7856218452891526,0.5620441670739152,0.7856218452891526,0.6818569674136744,80.12853903954951,96.66666666666667,7005.241116251844,0.7450578929767099,0.6274760911594573,8.255788996352803e-19,0.07440578929767099
R,0.25,1,0.4886976338726664,0.8261009946321949,0.94390774191671,0.8261009946321949,0.4886976338726664,76.0681400434447,96.66666666666667,6795.7469676071405,0.4687661518977142,0.6262795053187484,8.255788996352803e-19,0.04677661518977142
R,0.25,1,0.7387933051945471,0.9926787373794914,0.8541991577604687,0.9926787373794914,0.7387933051945471,63.470063608284946,96.66666666666667,6850.2339058370735,1.023171599110407,0.6271505319049995,8.255788996352803e-19,0.1022171599110407
R,0.25,1,0.88028440844544,0.8150536016676324,0.6444145846177234,0.8150536016676324,0.88028440844544,91.15316504041813,96.66666666666667,9195.281996409343,8.594461305345758,0.6441745184676239,8.255788996352803e-19,0.33087241235289055
R,0.25,1,0.6496291765231508,0.8866297718229946,0.6154834077674518,0.8866297718229946,0.6496291765231508,61.3885963433058,96.66666666666667,5660.030584826609,-3.699196698600722,0.6096507567000201,0.06826952432396682,-0.3700196698600722
R,0.25,1,0.564133559888033,0.6587961364365073,0.8943249730103555,0.6587961364365073,0.564133559888033,80.4513649265274,96.66666666666667,6718.059783088718,-0.1674969431662637,0.6252538936741413,0.0006021608433640014,-0.01684969431662637
R,0.25,1,0.5671502463665903,0.7776679474051876,0.06895138012386803,0.7776679474051876,0.5671502463665903,69.43795899418119,96.66666666666667,4788.767607328511,-7.868164837480012,0.5917887809593666,0.20461781515692473,-0.7869164837480012
R,0.25,1,0.512667287625329,0.7394115857335897,0.5537690078745956,0.7394115857335897,0.512667287625329,93.51234561635972,96.66666666666667,7148.847588624019,0.9396900351022316,0.6281810751724396,8.255788996352803e-19,0.09386900351022316
R,0.25,1,0.6879508335368915,0.9604981830591801,0.8719215388717189,0.9604981830591801,0.6879508335368915,57.8749489864769,96.66666666666667,6031.755501675562,-1.9335401413436906,0.6173742849207559,0.027045614142307845,-0.19345401413436905
R,0.25,1,0.462659267001306,0.9838883395146544,0.9736583945764005,0.9838883395146544,0.462659267001306,67.72733229644552,96.66666666666667,6547.122662274208,-0.07735119246648837,0.624692226276043,0.00021441111055627073,-0.007835119246648838
R,0.25,1,0.3995061674379334,0.9495355152281747,0.7679483714358732,0.9495355152281747,0.3995061674379334,78.49219316277043,96.66666666666667,6801.410814767339,0.45066170071617984,0.626266483555488,8.255788996352803e-19,0.04496617007161798
R,0.25,1,0.5665997818967696,0.9905325404505727,0.462106197260173,0.9905325404505727,0.5665997818967696,81.61812739810206,96.66666666666667,7297.417275038228,1.9763343907694213,0.6298809522764812,8.255788996352803e-19,0.19753343907694215
R,0.25,1,0.34226952725758225,0.7332084227839571,0.2595127023266971,0.7332084227839571,0.34226952725758225,83.78537081988924,96.66666666666667,5049.050142565082,-6.975476822690471,0.595899192711348,0.16748602664663803,-0.6976476822690472
R,0.25,1,0.6741242478929532,0.41630797655202134,0.7988639066364909,0.41630797655202134,0.6741242478929532,73.96725241581554,96.66666666666667,5510.057985094679,-4.993502913590731,0.6047667810306937,0.09718403357458741,-0.49945029135907315
R,0.25,1,0.5606165106345241,0.8992276853911692,0.8785668081861135,0.8992276853911692,0.5606165106345241,77.4200743758395,96.66666666666667,7351.53000252016,2.509284401983004,0.6306397565675605,8.255788996352803e-19,0.2508284401983004
R,0.25,1,0.16896518318209014,0.8286867734287737,0.8402055702165103,0.8286867734287737,0.16896518318209014,87.79464597786519,96.66666666666667,6223.563781633487,-1.9054563361198242,0.6183358113924057,0.023757372541316657,-0.19064563361198242
R,0.25,1,0.5611470638988943,0.9631035598464666,0.7971372855937545,0.9631035598464666,0.5611470638988943,58.75132996512803,96.66666666666667,5648.409459596424,-3.438500686908239,0.6103979253953024,0.06435838505237604,-0.3439500686908239
R,0.25,1,0.5297826437262685,0.6729045164270102,0.6939018087947212,0.6729045164270102,0.5297826437262685,90.91230426129461,96.66666666666667,7044.058360965571,0.6515300961695961,0.6274674657701469,8.255788996352803e-19,0.06505300961695962
R,0.25,1,0.7017698722737736,0.9841355971024964,0.8688203876650858,0.9841355971024964,0.7017698722737736,67.81180541637049,96.66666666666667,7189.1216587399285,2.189553511013767,0.629712886606536,8.255788996352803e-19,0.21885535110137672
R,0.25,1,0.6453597337756619,0.8545943017456195,0.8405061239416225,0.8545943017456195,0.6453597337756619,67.96083149572817,96.66666666666667,6524.943549478068,-0.437424968376295,0.6239637283864067,0.0027617797839729285,-0.0438424968376295
R,0.25,1,0.74795364562358,0.9092779855951937,0.7868137208740791,0.9092779855951937,0.74795364562358,77.24094235438879,96.66666666666667,7919.662476183872,4.514578072451958,0.6350145953309131,8.255788996352803e-19,0.3303758024654029
R,0.25,1,0.35489875027232165,0.80204529696234,0.4364342374421359,0.80204529696234,0.35489875027232165,90.95926011265594,96.66666666666667,6254.1821095495225,-2.3115191192009337,0.617374402248353,0.02882884219267409,-0.23125191192009337
R,0.25,1,0.28732837573905223,0.33435603128519165,0.621767279514443,0.33435603128519165,0.28732837573905223,92.04466786966276,96.66666666666667,4291.895806593006,-10.21590642599264,0.5820354951690265,0.2716835689381469,-1.021690642599264
R,0.25,1,0.7175224945446911,0.7042404045867037,0.907905415517324,0.7042404045867037,0.7175224945446911,87.68738964962512,96.66666666666667,8223.830264662573,5.252218243923216,0.6369189364525976,8.255788996352803e-19,0.33052938218975014
R,0.25,1,0.8718049122632934,0.2986121428718941,0.9924131586564183,0.2986121428718941,0.8718049122632934,43.439094598589264,96.66666666666667,3619.8310858850073,-11.676649276252476,0.5731249917191358,0.33731235297104306,-1.1677649276252475
R,0.25,1,0.4434600249487411,0.8580783483817503,0.8037023495242799,0.8580783483817503,0.4434600249487411,78.49820546838009,96.66666666666667,6685.651136943326,-0.061854957872394055,0.6252610126394315,0.0001407212642490674,-0.006285495787239405
R,0.25,1,0.6695007928255392,0.778716705679974,0.16977276586865164,0.778716705679974,0.6695007928255392,65.2992411321029,96.66666666666667,5005.526001735148,-6.850851231918212,0.5960838970030832,0.1699217440905927,-0.6851851231918212
R,0.25,1,0.512667287625329,0.7394115857335897,0.5537690078745956,0.7394115857335897,0.512667287625329,79.10092612165522,96.66666666666667,6047.1209575112225,-2.8423014289851296,0.6145724574735466,0.04091054660636684,-0.28433014289851294
R,0.25,1,0.6711665666502316,0.9151302681682857,0.6293984488796566,0.9151302681682857,0.6711665666502316,70.29616920025515,96.66666666666667,6681.6370315321465,-0.013572129543430197,0.6253830031273312,1.4704040411377282e-05,-0.0014572129543430196
R,0.25,1,0.9686159447370412,0.5788937166400091,0.9014602042845914,0.5788937166400091,0.9686159447370412,63.11481053017353,96.66666666666667,6305.926203419114,-1.4652229682515103,0.6203754056739895,0.016290967627413368,-0.14662229682515102
R,0.25,1,0.5565750405634529,0.4360317356941872,0.8770957052304981,0.4360317356941872,0.5565750405634529,40.150142252800926,96.66666666666667,2873.053096750051,-14.497652986081455,0.5557684041076686,0.40439841113753444,-1.4498652986081455
R,0.25,1,0.5034708057933972,0.9937461704450925,0.9107554596074511,0.9937461704450925,0.5034708057933972,76.6564279143063,96.66666666666667,7483.946766479059,3.1492008170685057,0.6318268345464284,8.255788996352803e-19,0.3148200817068506
R,0.25,1,0.46491884981221654,0.9857216021211982,0.6712450969962993,0.9857216021211982,0.46491884981221654,70.10084499323345,96.66666666666667,6260.927285520059,-1.4303057753116963,0.620113625549787,0.016329438593239445,-0.14313057753116962
R,0.25,1,0.47125847974121904,0.9331483639564155,0.9873331278980504,0.9331483639564155,0.47125847974121904,59.94941691361538,96.66666666666667,5689.419702382812,-3.178784207465142,0.6114448045163653,0.058017003065502955,-0.31797842074651417
R,0.25,1,0.368319689214996,0.8146062129985681,0.7746969025525939,0.8146062129985681,0.368319689214996,64.85289989907324,96.66666666666667,5091.842273047995,-5.827919963878414,0.5994746871602118,0.1466496100251209,-0.5828919963878414
R,0.25,1,0.7758993317110748,0.8950415276481343,0.5916476279132217,0.8950415276481343,0.7758993317110748,113.25113456849579,96.66666666666667,11136.916534112677,15.094997831222308,0.6580627040598208,8.255788996352803e-19,0.33160258997164394
R,0.25,1,0.5455920174228263,0.9106439120499368,0.9998606336853555,0.9106439120499368,0.5455920174228263,60.80683898446235,96.66666666666667,5947.414298327158,-2.248528112161771,0.615872263459466,0.033913597323020885,-0.22495281121617708
R,0.25,1,0.4886976338726664,0.801862665326206,0.6762042666536365,0.801862665326206,0.4886976338726664,76.0681400434447,96.66666666666667,6194.466100043077,-2.02601054326708,0.6179446803160742,0.025865698137000077,-0.20270105432670799
R,0.25,1,0.24136518598750184,0.9156084312131838,0.8251907619933156,0.9156084312131838,0.24136518598750184,64.61784743629245,96.66666666666667,5071.108503312516,-5.714777052058013,0.5996742553910279,0.14720392201496454,-0.5715777052058013
R,0.25,1,0.6017807848224371,0.7387203694907524,0.6343651299627231,0.7387203694907524,0.6017807848224371,86.66684519246459,96.66666666666667,7183.310913908489,1.2753125413930484,0.6286968474333359,8.255788996352803e-19,0.12743125413930484
R,0.25,1,0.40145673587516423,0.7946103991451758,0.6551124967201828,0.7946103991451758,0.40145673587516423,56.243556051597565,96.66666666666667,4284.699858234101,-8.896058683921247,0.5851837263645967,0.26303559522983766,-0.8897058683921246
R,0.25,1,0.7252499340550231,0.9571603132472984,0.623765030405206,0.9571603132472984,0.7252499340550231,68.68037339813023,96.66666666666667,6848.438579701344,0.6810068906213703,0.6267893245161184,8.255788996352803e-19,0.06800068906213703
R,0.25,1,0.5257043496808467,0.8442956517254716,0.7778593554570793,0.8442956517254716,0.5257043496808467,75.56240348423755,96.66666666666667,6645.447705759431,-0.20045860860330184,0.6248998605587088,0.0008237912157202118,-0.020145860860330184
R,0.25,1,0.411830558649075,0.7846903688791099,0.6580437612938724,0.7846903688791099,0.411830558649075,93.59770543197334,96.66666666666667,7139.36531917202,1.0816271336562637,0.6282463632036349,8.255788996352803e-19,0.10806271336562638
R,0.25,1,0.6592586032703662,0.8322460016209752,0.7594785265262504,0.8322460016209752,0.6592586032703662,71.03170199956524,96.66666666666667,6645.881840563092,-0.1499269519115988,0.625026030870632,0.0005360942362953373,-0.01509269519115988
R,0.25,1,0.6879508335368915,0.9185033287497214,0.8590572946420847,0.9185033287497214,0.6879508335368915,68.1998375353363,96.66666666666667,6942.684841998981,1.1913026888936278,0.6276806516068046,8.255788996352803e-19,0.11903026888936279
R,0.25,1,0.5731199046455067,0.10063978571879895,0.9953524869222062,0.10063978571879895,0.5731199046455067,78.49219316277043,96.66666666666667,4597.428779781717,-8.81798892622221,0.5878600590109564,0.2328379447477595,-0.8818988926222209
R,0.25,1,0.4133127629936496,0.9861557629920816,0.9033988453360888,0.9861557629920816,0.4133127629936496,72.35218969713844,96.66666666666667,6696.80272911303,0.33823454793278207,0.6257396579385169,8.255788996352803e-19,0.03372345479327821
R,0.25,1,0.4094437958333219,0.7332084227839571,0.937082382578407,0.7332084227839571,0.4094437958333219,72.3000941646199,96.66666666666667,5824.471762682686,-3.173669111110072,0.6121670396919227,0.05297785346303433,-0.3174669111110072
R,0.25,1,0.6268416728890899,0.8057538480094982,0.7324438001667813,0.8057538480094982,0.6268416728890899,73.96725241581554,96.66666666666667,6652.679111387018,-0.23983703230775777,0.6248900788065227,0.0010643977110166307,-0.02408370323077578
R,0.25,1,0.5040181011760703,0.7596380429411352,0.9157703469920957,0.7596380429411352,0.5040181011760703,77.4200743758395,96.66666666666667,6664.09284253494,-0.15072119707174791,0.6250461337769102,0.0005352639131025785,-0.015172119707174792
R,0.25,1,0.6529202108315939,0.7731520831238688,0.7291094105135966,0.7731520831238688,0.6529202108315939,87.79464597786519,96.66666666666667,7860.373173712377,3.8594701909891103,0.6340455811497726,8.255788996352803e-19,0.3304010659522048
R,0.25,1,0.09862162123399831,0.19965469564819904,0.4445185859649875,0.19965469564819904,0.09862162123399831,92.46137836943193,96.66666666666667,2406.4719989231107,-18.02606074949316,0.5422200777392245,0.4445670577272392,-1.802706074949316
R,0.25,1,0.41851114301101655,0.8749220219345399,0.8563824083242015,0.8749220219345399,0.41851114301101655,65.0360111031998,96.66666666666667,5598.379079241247,-3.782622064776703,0.6089560236154016,0.07292891480174307,-0.37836220647767027
R,0.25,1,0.5611470638988943,0.9253160631072193,0.7997397298621908,0.9253160631072193,0.5611470638988943,74.7037191559889,96.66666666666667,7045.804503217678,1.4072798650743843,0.628283541064451,8.255788996352803e-19,0.14062798650743843
R,0.25,1,0.6475853609222398,0.9921766360051213,0.7262311286187584,0.9921766360051213,0.6475853609222398,63.135833549498344,96.66666666666667,6322.667216313402,-1.025485138816064,0.6216177861503297,0.010207359969913695,-0.10264851388160638
R,0.25,1,0.74795364562358,0.9168946052042971,0.5390664591632962,0.9168946052042971,0.74795364562358,66.36598011892437,96.66666666666667,6418.856143563702,-0.9905333659446206,0.622204953428369,0.009156884073222543,-0.09915333659446206
R,0.25,1,0.2073715954177131,0.8902932406578847,0.49242901734760225,0.8902932406578847,0.2073715954177131,73.42927520425869,96.66666666666667,4934.004312346123,-6.715832040544258,0.5957317621149766,0.1767479851124554,-0.6716832040544258
R,0.25,1,0.39959840649125666,0.9655794087124139,0.8542893454794841,0.9655794087124139,0.39959840649125666,76.1238227924141,96.66666666666667,6821.921972953156,0.6637330454950418,0.6265727260420498,8.255788996352803e-19,0.06627330454950417
R,0.25,1,0.6684618042900712,0.2890570084664582,0.7881650785112781,0.2890570084664582,0.6684618042900712,54.46145564724488,96.66666666666667,3680.508854268347,-11.849160666392727,0.5732614773751141,0.3330972568302581,-1.1850160666392726
R,0.25,1,0.79608662296035,0.3902928390488706,0.16977276586865164,0.3902928390488706,0.79608662296035,43.505521598561195,96.66666666666667,2765.35418373523,-15.919250000778218,0.5519980274940176,0.4175886199872377,-1.5920250000778218
R,0.25,1,0.35069383286753525,0.7425527066574897,0.8829412778842999,0.7425527066574897,0.35069383286753525,85.08724664900511,96.66666666666667,6529.242955035085,-0.8289836680334852,0.6229749751907796,0.006746068389410471,-0.08299836680334852
R,0.25,1,0.470483742167957,0.9925875254213419,0.9158299816998186,0.9925875254213419,0.470483742167957,68.64039011015863,96.66666666666667,6592.862308776063,0.03759988121732978,0.6250241864682357,8.255788996352803e-19,0.003659988121732978
R,0.25,1,0.4650263808467169,0.7954396863725282,0.9143281248340192,0.7954396863725282,0.4650263808467169,91.54980240917833,96.66666666666667,7862.434949012523,4.000119815064234,0.6341320022181763,8.255788996352803e-19,0.3304260728330679
R,0.25,1,0.4157956795424299,0.15961970346003518,0.7313536898145431,0.15961970346003518,0.4157956795424299,78.28073476682532,96.66666666666667,3683.469554206141,-12.535368733467243,0.5718238502415799,0.33535865518603836,-1.2536368733467242
R,0.25,1,0.7264613314742366,0.9203863463015334,0.7049629695902114,0.9203863463015334,0.7264613314742366,67.44225193928534,96.66666666666667,6741.963054583269,0.3366598558164271,0.626000125462036,8.255788996352803e-19,0.03356598558164271
R,0.25,1,0.8034350038159043,0.19097463035747264,0.7863311925815359,0.19097463035747264,0.8034350038159043,65.18935992447663,96.66666666666667,4522.7570560507875,-8.969165891590702,0.5870298991881675,0.24114631073318882,-0.8970165891590701
R,0.25,1,0.5565750405634529,0.6485251991450633,0.4474575792511929,0.6485251991450633,0.5565750405634529,96.72245617971801,96.66666666666667,6909.992658903888,-0.2545422112213323,0.6259168288982473,0.0009606133978594596,-0.02555422112213323
R,0.25,1,0.3429721306325334,0.9123286917906391,0.9169042696779247,0.9123286917906391,0.3429721306325334,78.20009080493907,96.66666666666667,6700.78184375659,0.17409361064033896,0.6255553144641914,8.255788996352803e-19,0.017309361064033895
R,0.25,1,0.3443899042503846,0.8841337270938837,0.9361611023579354,0.8841337270938837,0.3443899042503846,71.4905278677201,96.66666666666667,6064.556429558394,-2.0709063177947717,0.6170147998777071,0.028794896056561728,-0.20719063177947716
R,0.25,1,0.47125847974121904,0.10586943821620054,0.5276556287526343,0.10586943821620054,0.47125847974121904,84.7986779631069,96.66666666666667,3565.596716369863,-13.542344526578322,0.5688765006055835,0.3486836226101918,-1.3543344526578323
R,0.25,1,0.49797520549389934,0.7856218452891526,0.6257662177788408,0.7856218452891526,0.49797520549389934,70.0109580999391,96.66666666666667,5588.555278310678,-4.244057661849842,0.607465801019015,0.08105261058482527,-0.42450576618498426
R,0.25,1,0.8319722012472944,0.9274648298327787,0.94390774191671,0.9274648298327787,0.8319722012472944,76.0681400434447,96.66666666666667,8486.887781396377,6.749369819782682,0.6395859828174763,8.255788996352803e-19,0.33057235752262554
R,0.25,1,0.5764596260015439,0.8015254922919235,0.8013493507592121,0.8015254922919235,0.5764596260015439,75.7020978087448,96.66666666666667,6732.413883456041,0.08002242501990155,0.6256508697109151,8.255788996352803e-19,0.007902242501990155
R,0.25,1,0.24136518598750184,0.3268734036920098,0.5987423900755314,0.3268734036920098,0.24136518598750184,91.15316504041813,96.66666666666667,3954.2688948507816,-11.519847880678618,0.576278501794367,0.30823349918736853,-1.1520847880678617
R,0.25,1,0.30134764769365013,0.9925875254213419,0.2560676574186982,0.9925875254213419,0.30134764769365013,68.64039011015863,96.66666666666667,4880.225350488783,-6.941096864462518,0.5947812736519309,0.1851266963625686,-0.6942096864462519
R,0.25,1,0.43298515375958824,0.1276557303237167,0.8778928942078259,0.1276557303237167,0.43298515375958824,66.64063599429969,96.66666666666667,3330.6567741080435,-13.57796774697111,0.5653218774812192,0.3670099115819992,-1.357896774697111
R,0.25,1,0.5138000002616467,0.7289511297477465,0.08445545621126238,0.7289511297477465,0.5138000002616467,81.33997085552136,96.66666666666667,5226.007143451859,-6.502661137873873,0.5985848870929757,0.14185358937290832,-0.6503661137873873
R,0.25,1,0.476111993010105,0.9960130784115736,0.9642323234537832,0.9960130784115736,0.476111993010105,84.79957787168554,96.66666666666667,8285.94158152205,5.948909693452451,0.6378658746085184,8.255788996352803e-19,0.3305491539956898
R,0.25,1,0.4759290230701645,0.7686418544729375,0.896996151028301,0.7686418544729375,0.4759290230701645,71.80855997023914,96.66666666666667,6078.842172468086,-2.21404746551603,0.6166781089164911,0.030765609946950524,-0.221504746551603
R,0.25,1,0.772392078010284,0.9382462296495182,0.6369489630465441,0.9382462296495182,0.772392078010284,60.58066271398603,96.66666666666667,6146.249874506762,-1.7808424094944373,0.6185196520929455,0.02287192196083075,-0.1781842409494437
R,0.25,1,0.3995061674379334,0.9495355152281747,0.5033152090007367,0.9495355152281747,0.3995061674379334,60.8131613019788,96.66666666666667,4867.179197320871,-6.685576594373335,0.5954719290257012,0.18306112418593481,-0.6686576594373335
R,0.25,1,0.4133127629936496,0.9861557629920816,0.7019516141334345,0.9861557629920816,0.4133127629936496,73.0965347935653,96.66666666666667,6397.570754758374,-0.9486412842150765,0.6221136318272547,0.00879641466889848,-0.09496412842150766
R,0.25,1,0.5904797817417805,0.6335751222729981,0.196605760433893,0.6335751222729981,0.5904797817417805,55.59650864324254,96.66666666666667,3675.923799024907,-11.997716201717267,0.5729394975826342,0.3341643593976023,-1.1998716201717268
R,0.25,1,0.3831703963042955,0.6681181481257707,0.9650153583382517,0.6681181481257707,0.3831703963042955,91.76752248397442,96.66666666666667,7037.633971748695,0.8833146863461045,0.6276130184083677,8.255788996352803e-19,0.08823146863461045
R,0.25,1,0.5411636310098603,0.8817487768559341,0.899916201241079,0.8817487768559341,0.5411636310098603,70.16891775470593,96.66666666666667,6570.864833759591,-0.22047029312089245,0.6245604946661263,0.000994232694593324,-0.022147029312089245
R,0.25,1,0.7691918071352761,0.9661020227148869,0.37140753532285153,0.9661020227148869,0.7691918071352761,74.01963696217086,96.66666666666667,7109.577238650512,1.318869063309669,0.6285204927690218,8.255788996352803e-19,0.1317869063309669
R,0.25,1,0.7211216830539604,0.9997723976324963,0.6939018087947212,0.9997723976324963,0.7211216830539604,64.84312367571319,96.66666666666667,6704.276405499662,0.3359120762780857,0.6258471256121781,8.255788996352803e-19,0.03349120762780857
R,0.25,1,0.6466172582843078,0.8733895851012502,0.7997397298621908,0.8733895851012502,0.6466172582843078,66.67636854202576,96.66666666666667,6400.520347948623,-0.8858974496805645,0.6223493674093871,0.007993649327019202,-0.08868974496805646
R,0.25,1,0.41851114301101655,0.8950063798348425,0.2407681659947981,0.8950063798348425,0.41851114301101655,72.61430977404329,96.66666666666667,5206.088769610023,-5.954163126335129,0.5998895046650755,0.13664645215176258,-0.595516312633513
R,0.25,1,0.359588004962237,0.9923138551473037,0.9185438026550745,0.9923138551473037,0.359588004962237,77.18769158491425,96.66666666666667,6990.016085224711,1.348235409306425,0.6279486310254974,8.255788996352803e-19,0.1347235409306425
R,0.25,1,0.3001481024124258,0.9168946052042971,0.7558220201022793,0.9168946052042971,0.3001481024124258,75.13464561476844,96.66666666666667,5991.8141174466155,-2.518903693734354,0.6151753333138816,0.03747058747642256,-0.2519903693734354
R,0.25,1,0.6412455191020578,0.803969812051228,0.7322891601725686,0.803969812051228,0.6412455191020578,73.42927520425869,96.66666666666667,6650.342270818599,-0.24103406762290028,0.624882277718899,0.0010739132956844766,-0.024203406762290026
R,0.25,1,0.6727280362713859,0.937415915717835,0.7413481132983241,0.937415915717835,0.6727280362713859,76.1238227924141,96.66666666666667,7539.371953680543,3.147349173238163,0.6320808247761355,8.255788996352803e-19,0.3146349173238163
R,0.25,1,0.5113148204088623,0.8538910419513602,0.897383279677329,0.8538910419513602,0.5113148204088623,64.61744026170993,96.66666666666667,5860.470674460072,-2.791944601230843,0.6136354488870523,0.045370457652160925,-0.2792944601230843
R,0.25,1,0.35069383286753525,0.8104816742187002,0.951113173140653,0.8104816742187002,0.35069383286753525,81.52912244305806,96.66666666666667,6672.066563510431,-0.08923669325991443,0.6251288374311655,0.00024536978444440006,-0.009023669325991444
R,0.25,1,0.5671502463665903,0.544747375473362,0.8568688884223467,0.544747375473362,0.5671502463665903,64.36398380049636,96.66666666666667,4957.095407334988,-6.637689471403813,0.5962219842832304,0.17285729110715362,-0.6638689471403814
R,0.25,1,0.14048644375949376,0.6672736264604422,0.9143281248340192,0.6672736264604422,0.14048644375949376,94.28293462468072,96.66666666666667,5963.037965129504,-3.117415990089507,0.6129984744085809,0.0477007950358328,-0.3118415990089507
R,0.25,1,0.6511789625161558,0.10298588673473363,0.55689764187688,0.10298588673473363,0.6511789625161558,98.53324521181959,96.66666666666667,5087.338798692109,-7.950728142150827,0.5940600344057164,0.1733863034409043,-0.7951728142150827
R,0.25,1,0.5726963676025596,0.15119478247784401,0.7049629695902114,0.15119478247784401,0.5726963676025596,61.137606917939834,96.66666666666667,3290.3423524123036,-13.852598727396744,0.5643097056148384,0.37147458273751743,-1.3853598727396743
R,0.25,1,0.3059259184312615,0.807380841264687,0.6311033971252079,0.807380841264687,0.3059259184312615,86.62033329019678,96.66666666666667,6188.409793943626,-2.2621966469432517,0.6170974914070492,0.02944058657589637,-0.22631966469432516
R,0.25,1,0.21435487440620254,0.7768570517674085,0.9527370663796663,0.7768570517674085,0.21435487440620254,80.29244548562069,96.66666666666667,5891.781201460076,-2.9713245747454162,0.6131181218455773,0.047559406899410676,-0.29723245747454163
R,0.25,1,0.3785755426737722,0.9597277140857452,0.9306490777337425,0.9597277140857452,0.3785755426737722,74.73641451699078,96.66666666666667,6739.833728415006,0.4463978629535231,0.6260123222329143,8.255788996352803e-19,0.04453978629535231
R,0.25,1,0.29554983516981126,0.7383589278864319,0.7097714588419847,0.7383589278864319,0.29554983516981126,72.05274524504765,96.66666666666667,5003.322788209374,-6.441054218776027,0.5970136146447383,0.16554741898018896,-0.6442054218776028
R,0.25,1,0.5681036046758492,0.9123286917906391,0.8926506373694166,0.9123286917906391,0.5681036046758492,78.20009080493907,96.66666666666667,7533.631023196571,3.1863143292484444,0.6320666231566732,8.255788996352803e-19,0.3185314329248444
R,0.25,1,0.5471776633943144,0.09462086160963867,0.8566508070516918,0.09462086160963867,0.5471776633943144,58.29204396113805,96.66666666666667,3118.9855542862397,-14.38256864638093,0.5604199931510117,0.3860381572183579,-1.4383568646380929
R,0.25,1,0.3500854489481,0.9175013800771007,0.86278781585848,0.9175013800771007,0.3500854489481,84.7986779631069,96.66666666666667,7203.566018926082,1.8504234480622748,0.6292977294381126,8.255788996352803e-19,0.18494234480622748
R,0.25,1,0.9208793337962773,0.9105067872927483,0.8561706565229241,0.9105067872927483,0.9208793337962773,80.12853903954951,96.66666666666667,9052.407311901403,8.619305729092737,0.6437226068347321,8.255788996352803e-19,0.330781600606882
R,0.25,1,0.24136518598750184,0.8298267330707979,0.8532382966107028,0.8298267330707979,0.24136518598750184,63.88954396677126,96.66666666666667,4784.723302112328,-6.86605708791845,0.5943169769402253,0.19409245961052224,-0.686705708791845
R,0.25,1,0.4674849432636784,0.8539031861075843,0.94390774191671,0.8539031861075843,0.4674849432636784,71.26016484449717,96.66666666666667,6389.692328302443,-0.9018501190303019,0.6222032729294757,0.008260778522361251,-0.09028501190303019
R,0.25,1,0.2982587787301504,0.9645480504303845,0.8013493507592121,0.9645480504303845,0.2982587787301504,71.73714009666054,96.66666666666667,5966.670286969987,-2.4522813085320303,0.6152537759760072,0.03696969931616632,-0.245328130853203
R,0.25,1,0.7031359012954835,0.7289511297477465,0.9055675023973063,0.7289511297477465,0.7031359012954835,58.56267229333447,96.66666666666667,5519.1534967856205,-4.123357577372379,0.6074816318798543,0.08298408799287296,-0.4124357577372379
R,0.25,1,0.6695267319557874,0.9925875254213419,0.7953855718316872,0.9925875254213419,0.6695267319557874,63.6592002814634,96.66666666666667,6556.283455507815,-0.11208470346090499,0.624725048188964,0.00036938656406380606,-0.0113084703460905
R,0.25,1,0.3100547703842784,0.9689025429654615,0.4486702318391562,0.9689025429654615,0.3100547703842784,74.4378782613386,96.66666666666667,5595.094942057072,-4.201397714907079,0.6075845546141962,0.08013999767793742,-0.42023977149070796
R,0.25,1,0.3731654454068092,0.9847180963913233,0.98005929272283,0.9847180963913233,0.3731654454068092,68.68037339813023,96.66666666666667,6345.768388506351,-0.8255194952821729,0.6221850450608406,0.007531046875171605,-0.08265194952821729
R,0.25,1,0.6879508335368915,0.8273382214231346,0.5949589018501833,0.8273382214231346,0.6879508335368915,63.024967456176995,96.66666666666667,5712.483804449606,-3.6315618217697665,0.6101831887259301,0.06470870689048455,-0.36325618217697664
R,0.25,1,0.4517319554584245,0.9495355152281747,0.7691737962604817,0.9495355152281747,0.4517319554584245,73.60585045166516,96.66666666666667,6572.46647997926,-0.3023308277579019,0.6243934969236079,0.0015756534654790047,-0.030333082775790186
R,0.25,1,0.50332732368196,0.9861557629920816,0.8672029537054265,0.9861557629920816,0.50332732368196,62.56038680555063,96.66666666666667,6015.445707700864,-2.0429273951518616,0.6168937745435804,0.029156303718341416,-0.20439273951518616
R,0.25,1,0.5555344116486972,0.9388831837695397,0.7447348494018312,0.9388831837695397,0.5555344116486972,71.38679010692299,96.66666666666667,6663.189520299697,0.033321436609979764,0.6253243886533844,8.255788996352803e-19,0.0032321436609979762
R,0.25,1,0.6329897625871086,0.9774821273302592,0.7701526381359681,0.9774821273302592,0.6329897625871086,66.7275297337189,96.66666666666667,6657.900122506977,0.16794927672775317,0.6254626559236797,8.255788996352803e-19,0.016694927672775316
R,0.25,1,0.6379837165010934,0.16343679040009118,0.8322748855796982,0.16343679040009118,0.6379837165010934,62.763624879636524,96.66666666666667,3820.9175211813695,-11.614565864620738,0.575029842347794,0.3204296598183201,-1.1615565864620738
R,0.25,1,0.33655376433845247,0.9959382005367959,0.9223060758853366,0.9959382005367959,0.33655376433845247,66.70670013848525,96.66666666666667,5982.406967893365,-2.170212168723863,0.6162623167345772,0.03192214165603966,-0.2171212168723863
R,0.25,1,0.3509682893574415,0.9835463448276017,0.8223925204879574,0.9835463448276017,0.3509682893574415,79.14728585219375,96.66666666666667,6908.41395883313,0.9231106710748803,0.627173358526569,8.255788996352803e-19,0.09221106710748803
R,0.25,1,0.5968222959328817,0.9903696565257601,0.9559512908107745,0.9903696565257601,0.5968222959328817,55.5167056229408,96.66666666666667,5732.5650796326545,-2.9096517349161286,0.6125936725221612,0.05144869003306129,-0.29106517349161287
R,0.25,1,0.505112657169206,0.9017889037468333,0.7186812026861358,0.9017889037468333,0.505112657169206,83.3998187758515,96.66666666666667,7365.213812333882,2.309331213515782,0.6304625937691654,8.255788996352803e-19,0.23083312135157824
R,0.25,1,0.41851114301101655,0.8749220219345399,0.9191655135582973,0.8749220219345399,0.41851114301101655,68.92359811387094,96.66666666666667,6041.208243808531,-2.1440406302640436,0.6166778985310403,0.03037329312912888,-0.21450406302640435
R,0.25,1,0.2714407523801266,0.51266750324505,0.7058065595414794,0.51266750324505,0.2714407523801266,69.83506432263724,96.66666666666667,3970.1636854977173,-10.663682318092706,0.5782789662171387,0.3025417623784932,-1.0664682318092704
R,0.25,1,0.5010899781893259,0.9168946052042971,0.6764488540653327,0.9168946052042971,0.5010899781893259,71.85036464465985,96.66666666666667,6309.212889568305,-1.368911277549901,0.6205481234409049,0.014987408208310838,-0.1369911277549901
R,0.25,1,0.5152405114185874,0.7028627077754964,0.831886794712039,0.7028627077754964,0.5152405114185874,68.70911923317122,96.66666666666667,5613.695190455053,-4.0430876468212595,0.6082334775897541,0.0764556736729883,-0.404408764682126
R,0.25,1,0.7175224945446911,0.512275600571222,0.7992232549256503,0.512275600571222,0.7175224945446911,51.60551568548905,96.66666666666667,4204.326449831272,-9.408138031959549,0.5833339433819301,0.27438997589834935,-0.9409138031959549
R,0.25,1,0.47125590769303777,0.8550630625938502,0.21438494024239563,0.8550630625938502,0.47125590769303777,57.57237855490476,96.66666666666667,4126.533165498056,-9.889905150275945,0.5815103183422451,0.2845507726410653,-0.9890905150275945
R,0.25,1,0.4100886071193665,0.8915385476877938,0.4297757922136103,0.8915385476877938,0.4100886071193665,71.91552565975039,96.66666666666667,5453.048852870047,-4.82356477732875,0.6048349054069476,0.09890528705934502,-0.48245647773287503
R,0.25,1,0.4318697241638052,0.08692025908667877,0.9509116345842175,0.08692025908667877,0.4318697241638052,69.43795899418119,96.66666666666667,3451.91995641067,-13.129237776730633,0.5681395932237994,0.35600199560992096,-1.3130237776730633
R,0.25,1,0.6511789625161558,0.9460659253183712,0.8930263012341477,0.9460659253183712,0.6511789625161558,69.45191884383439,96.66666666666667,7097.1458711487385,1.7967064644756148,0.6289209096814659,8.255788996352803e-19,0.1795706464475615
R,0.25,1,0.6094669773470074,0.839399310959097,0.8063290599668749,0.839399310959097,0.6094669773470074,66.08699478360963,96.66666666666667,6119.757551369261,-1.9542374482020057,0.6177748666457151,0.025979075766788956,-0.19552374482020057
R,0.25,1,0.44982567239637666,0.9185479793152103,0.5345686197343738,0.9185479793152103,0.44982567239637666,67.55415056526782,96.66666666666667,5524.7742104885765,-4.34028338649333,0.6067772771209675,0.08641300838252727,-0.43412833864933303
R,0.25,1,0.4871104546212148,0.21532882976408385,0.2765451566331668,0.21532882976408385,0.4871104546212148,54.3502583925482,96.66666666666667,2284.6453485763896,-18.29953448106869,0.5397998184940156,0.45700018522561675,-1.830053448106869
R,0.25,1,0.3785755426737722,0.9597277140857452,0.9228657343047297,0.9597277140857452,0.3785755426737722,71.68689826947784,96.66666666666667,6450.875021338773,-0.5675313905578473,0.6232877568716657,0.004196932088213536,-0.05685313905578473
R,0.25,1,0.8034350038159043,0.058898959514996574,0.9225336218990364,0.058898959514996574,0.8034350038159043,69.06767497846108,96.66666666666667,4570.901403961971,-8.929575993051637,0.5875148994671462,0.2361089341143968,-0.8930575993051637
R,0.25,1,0.4877643462415281,0.7411416002175252,0.8100264533363112,0.7411416002175252,0.4877643462415281,65.01169357215024,96.66666666666667,5311.19263025036,-5.079399548595286,0.6031740696700445,0.11387495802045364,-0.5080399548595287
R,0.25,1,0.201767933577239,0.9123286917906391,0.024891256285682783,0.9123286917906391,0.201767933577239,81.1489196596435,96.66666666666667,4570.884341166756,-8.68823120420075,0.5878799121245031,0.23443050098383264,-0.868923120420075
R,0.25,1,0.6155740826424142,0.29978330971795364,0.03819010890220653,0.29978330971795364,0.6155740826424142,50.551245281434255,96.66666666666667,2361.886742130154,-18.10938353614471,0.541598658587105,0.4517506003073511,-1.811038353614471
R,0.25,1,0.3443899042503846,0.34859011248798266,0.6048090757248565,0.34859011248798266,0.3443899042503846,54.885601087521394,96.66666666666667,2731.6139796249713,-15.699574249006549,0.5514220700637826,0.41790515572989173,-1.570057424900655
R,0.25,1,0.44982567239637666,0.8261009946321949,0.1861069433683744,0.8261009946321949,0.44982567239637666,67.55415056526782,96.66666666666667,4624.014520573147,-8.235872751923795,0.589514693632931,0.22506146834710505,-0.8236872751923794
R,0.25,1,0.34661895181319763,0.943468860815033,0.11846197046959572,0.943468860815033,0.34661895181319763,73.13411153366938,96.66666666666667,4934.06157286957,-7.03969914811166,0.594912953744255,0.18057553281491812,-0.7040699148111661
R,0.25,1,0.2753589070006398,0.027269339034567852,0.877843317159931,0.027269339034567852,0.2753589070006398,75.48715755074166,96.66666666666667,2798.874724071152,-15.983492478200434,0.5522019968075718,0.41301072310013653,-1.5984492478200434
R,0.25,1,0.592142526122634,0.9375004552294361,0.8013493507592121,0.9375004552294361,0.592142526122634,75.7020978087448,96.66666666666667,7306.45480259242,2.3578331894674602,0.6303170707750102,8.255788996352803e-19,0.23568331894674605
R,0.25,1,0.470483742167957,0.9594786775635888,0.6433903486650253,0.9594786775635888,0.470483742167957,52.56125176475875,96.66666666666667,4603.4657903626285,-7.422274891013947,0.5915669120238283,0.21877958435564523,-0.7423274891013947
R,0.25,1,0.7379250153747632,0.898634031076665,0.19426738820497336,0.898634031076665,0.7379250153747632,59.3312188443636,96.66666666666667,5143.105169934441,-6.003739278955902,0.5994498111618641,0.1431324886299171,-0.6004739278955903
R,0.25,1,0.5889747799641614,0.9188573988128443,0.7925028956931873,0.9188573988128443,0.5889747799641614,65.07967945436341,96.66666666666667,6195.857603748282,-1.5639930554687669,0.6194015406948858,0.018984568227055968,-0.1564993055468767
R,0.25,1,0.6718262773063147,0.7289511297477465,0.6670184842692903,0.7289511297477465,0.6718262773063147,81.33997085552136,96.66666666666667,7053.341275006458,0.9204602652462227,0.6278382766919229,8.255788996352803e-19,0.09194602652462228
R,0.25,1,0.337376200005172,0.8659635450459627,0.9683266591600214,0.8659635450459627,0.337376200005172,71.80855997023914,96.66666666666667,6058.858286730678,-2.0915997715628682,0.6169133815180716,0.02923059833235289,-0.2092599771562868
R,0.25,1,0.4670228190988945,0.8325315014699339,0.7447348494018312,0.8325315014699339,0.4670228190988945,71.66388021510797,96.66666666666667,5990.81998410226,-2.5938448500605924,0.6149872195390189,0.0386319548365175,-0.25948448500605925
R,0.25,1,0.6115078029391143,0.9861557629920816,0.924167211513365,0.9861557629920816,0.6115078029391143,61.02386778627267,96.66666666666667,6284.686953911508,-0.9721367763615237,0.6215693597861983,0.009733949054815734,-0.09731367763615237
R,0.25,1,0.3644122055232082,0.9495355152281747,0.9329327461610446,0.9495355152281747,0.3644122055232082,75.67583068907554,96.66666666666667,6736.715776063356,0.40868313111338506,0.6259549947380746,8.255788996352803e-19,0.04076831311133851
R,0.25,1,0.7712824321367615,0.9774821273302592,0.7701526381359681,0.9774821273302592,0.7712824321367615,61.085213559403904,96.66666666666667,6517.30628835484,-0.24900919953005768,0.6243446423350132,0.0012264572298843904,-0.025000919953005768
R,0.25,1,0.33655376433845247,0.3781663723097374,0.9476309799036646,0.3781663723097374,0.33655376433845247,45.97775859084023,96.66666666666667,2732.3102058214427,-15.115628846038348,0.5522146467762656,0.4159463008683268,-1.5116628846038347
R,0.25,1,0.3424042695241951,0.9524783737632273,0.969951416074841,0.9524783737632273,0.3424042695241951,79.14728585219375,96.66666666666667,7043.547885436081,1.50469778230528,0.6283143548937937,8.255788996352803e-19,0.15036977823052802
R,0.25,1,0.48202041114660815,0.9452240983973439,0.9571414383076374,0.9452240983973439,0.48202041114660815,73.96725241581554,96.66666666666667,7048.395803949661,1.5905173489952313,0.6284661739730367,8.255788996352803e-19,0.15895173489952313
R,0.25,1,0.3297077705510896,0.9997723976324963,0.8125893078971042,0.9997723976324963,0.3297077705510896,72.43873885069543,96.66666666666667,6286.866952202113,-1.2276873670710464,0.6207893740184786,0.013246132549048209,-0.12286873670710463
R,0.25,1,0.2161119325900665,0.9253031178234958,0.8978436722892986,0.9253031178234958,0.2161119325900665,75.67714327514513,96.66666666666667,6017.6076209907005,-2.287978000733104,0.6160241506706786,0.03320814562240232,-0.2288978000733104
R,0.25,1,0.6453597337756619,0.9923138551473037,0.714459918964944,0.9923138551473037,0.6453597337756619,75.87527016143673,96.66666666666667,7568.192284063568,3.302747269533868,0.632353747654996,8.255788996352803e-19,0.33017472695338684
R,0.25,1,0.39893817456945085,0.7156718694552644,0.05063604939972166,0.7156718694552644,0.39893817456945085,66.33008793592897,96.66666666666667,3780.5764519567406,-11.799090201036742,0.574265482861806,0.32446575338051475,-1.1800090201036741
R,0.25,1,0.5477203242978012,0.8238961670534087,0.8499201784240348,0.8238961670534087,0.5477203242978012,77.24094235438879,96.66666666666667,6938.463404726459,0.8818187035424364,0.6272974351551514,8.255788996352803e-19,0.08808187035424364
R,0.25,1,0.5913690190472706,0.919505928033818,0.9887554876633025,0.919505928033818,0.5913690190472706,73.42927520425869,96.66666666666667,7362.2125847555935,2.739947404498609,0.6309389032942293,8.255788996352803e-19,0.27389474044986095
R,0.25,1,0.5420293097664631,0.9474108368727305,0.7719028565127204,0.9474108368727305,0.5420293097664631,76.1238227924141,96.66666666666667,7138.0987956867775,1.722389108429346,0.628974286317854,8.255788996352803e-19,0.1721389108429346
R,0.25,1,0.7015123367826576,0.8014806811342104,0.9898212769621264,0.8014806811342104,0.7015123367826576,65.05743146947674,96.66666666666667,6498.924010436271,-0.418489590475079,0.6239003114618881,0.0026350687305598227,-0.0419489590475079
R,0.25,1,0.5180408017016638,0.17338438188674354,0.7905266260420925,0.17338438188674354,0.5180408017016638,68.88610985716944,96.66666666666667,3742.8871578980566,-12.05025616786903,0.5733777011062356,0.3286893969738816,-1.2051256167869029
R,0.25,1,0.6776437660192823,0.2604804554730814,0.9179230403217653,0.2604804554730814,0.6776437660192823,52.03383434626042,96.66666666666667,3634.7864024353703,-11.884742521342872,0.5727597896453004,0.3369190215887296,-1.1885742521342872
R,0.25,1,0.5018601597055964,0.36330829203524917,0.6859849289811918,0.36330829203524917,0.5018601597055964,66.00892482926227,96.66666666666667,3987.4701550586924,-10.83916904381061,0.5781319393568422,0.30229394806232374,-1.084016904381061
R,0.25,1,0.6511789625161558,0.10711708332265513,0.8921282166855066,0.10711708332265513,0.6511789625161558,74.32884078024688,96.66666666666667,4475.934707111754,-9.332851601463055,0.5857308020781943,0.24852337586850978,-0.9333851601463055
R,0.25,1,0.7264613314742366,0.9203863463015334,0.969951416074841,0.9203863463015334,0.7264613314742366,72.22610200601368,96.66666666666667,7698.664666127447,3.974598153089659,0.6335908032814878,8.255788996352803e-19,0.33027676259299316
R,0.25,1,0.8101955721751748,0.44717965170080265,0.9014602042845914,0.44717965170080265,0.8101955721751748,59.44219852568755,96.66666666666667,5076.676794598123,-6.203509751956988,0.5983772378383663,0.15330722588208337,-0.6204509751956988
R,0.25,1,0.7889670986249968,0.22154842541462694,0.5824102523429886,0.22154842541462694,0.7889670986249968,62.252316806939234,96.66666666666667,4051.756315553872,-10.933874097313895,0.5786471718111365,0.29742862216195914,-1.0934874097313894
R,0.25,1,0.6806714433598824,0.18186818048463094,0.6689922977098046,0.18186818048463094,0.6806714433598824,74.73641451699078,96.66666666666667,4473.108085006494,-9.507617673878674,0.5853731880337437,0.24997055536768417,-0.9508617673878673
R,0.25,1,0.411830558649075,0.38256544405864046,0.8583690655954038,0.38256544405864046,0.411830558649075,63.072245529834326,96.66666666666667,3858.6985980461927,-11.039951727132207,0.5765128550404084,0.31412666124677285,-1.1040951727132207
R,0.25,1,0.3429721306325334,0.895051739288776,0.9169042696779247,0.895051739288776,0.3429721306325334,62.95193944007037,96.66666666666667,5339.822735660057,-4.633766308381567,0.6047281996276458,0.10424586670863607,-0.4634766308381567
R,0.25,1,0.4702528663209905,0.625721957355087,0.2602266610691183,0.625721957355087,0.4702528663209905,86.49296757771607,96.66666666666667,5302.400148478117,-6.27339842656605,0.5997014269333499,0.13173484760300988,-0.627439842656605
R,0.25,1,0.3443899042503846,0.9642073899481985,0.9361611023579354,0.9642073899481985,0.3443899042503846,75.99944950649065,96.66666666666667,6751.326909953589,0.4780012695811777,0.6260814202035081,8.255788996352803e-19,0.047700126958117775
R,0.25,1,0.7236629048350749,0.5422868384804486,0.7343776595673234,0.5422868384804486,0.7236629048350749,62.609922744843935,96.66666666666667,5112.533994668232,-6.154368152882768,0.5987485122209641,0.14877558434773563,-0.6155368152882768
R,0.25,1,0.24136518598750184,0.8565463382939226,0.10399595810329965,0.8565463382939226,0.24136518598750184,77.40627477451845,96.66666666666667,4450.510549041499,-9.086961711968845,0.5859726081461198,0.24916072506180298,-0.9087961711968845
R,0.25,1,0.3729612866583647,0.829419673782608,0.7148430782824339,0.829419673782608,0.3729612866583647,73.92888330859218,96.66666666666667,5765.722848803105,-3.4975161882185883,0.6108027788093395,0.060489690012437446,-0.34985161882185883
R,0.25,1,0.18677940818945787,0.814633730106399,0.9884382041515858,0.814633730106399,0.18677940818945787,92.66638528130261,96.66666666666667,6929.7416712708555,0.7087182566433605,0.6269453010216837,8.255788996352803e-19,0.07077182566433605
R,0.25,1,0.4678213171614507,0.5052334826757431,0.5342922920972037,0.5052334826757431,0.4678213171614507,66.16564000059827,96.66666666666667,4102.934465694051,-10.332275166494329,0.5802574103791731,0.2893660080374514,-1.033327516649433
R,0.25,1,0.470483742167957,0.8871197841362033,0.9049381587517668,0.8871197841362033,0.470483742167957,68.64039011015863,96.66666666666667,6212.204489079477,-1.5045361315443586,0.6196289150945817,0.017935205488457607,-0.15055361315443586
R,0.25,1,0.7252499340550231,0.9571603132472984,0.8740056823049713,0.9571603132472984,0.7252499340550231,68.68037339813023,96.66666666666667,7278.104114998029,2.4714984618013958,0.630363828794965,8.255788996352803e-19,0.2470498461801396
R,0.25,1,0.2754654847852235,0.9410028473057289,0.13438834408906963,0.9410028473057289,0.2754654847852235,81.33997085552136,96.66666666666667,5220.653533735305,-6.085004283886257,0.5995500221793018,0.13736140397039298,-0.6086004283886257
R,0.25,1,0.47624864913804626,0.7589751619493488,0.7321168594446996,0.7589751619493488,0.47624864913804626,70.17842780535015,96.66666666666667,5618.7735066328005,-4.066473726817327,0.6081844017498007,0.07657323314027722,-0.4067473726817328
R,0.25,1,0.7120417905567458,0.9548994439036471,0.9628562074654241,0.9548994439036471,0.7120417905567458,71.38679010692299,96.66666666666667,7668.259550887011,3.9145344646143747,0.6334098063732253,8.255788996352803e-19,0.33026263891572516
R,0.25,1,0.2175711190759796,0.873792741835506,0.8512656807936846,0.873792741835506,0.2175711190759796,66.97735471862656,96.66666666666667,5080.2213085257135,-5.744945509542108,0.5996164816690563,0.14679015762158185,-0.5745945509542107
R,0.25,1,0.42587684223702216,0.9495355152281747,0.8652557526106722,0.9495355152281747,0.42587684223702216,75.67583068907554,96.66666666666667,6841.247330492771,0.7310791764418492,0.6267265251097385,8.255788996352803e-19,0.07300791764418492
R,0.25,1,0.5284554144813013,0.9452240983973439,0.7948457310189381,0.9452240983973439,0.5284554144813013,62.06893296363161,96.66666666666667,5806.866404613177,-2.9240777342358744,0.6129270222121269,0.04926586951034146,-0.2925077734235874
R,0.25,1,0.6329897625871086,0.9043369293264859,0.9755929299508185,0.9043369293264859,0.6329897625871086,66.7275297337189,96.66666666666667,6756.573283287684,0.6146165845346473,0.6263182636007775,8.255788996352803e-19,0.06136165845346473
R,0.25,1,0.3310619269371323,0.5894121072018447,0.9476309799036646,0.5894121072018447,0.3310619269371323,74.90220767320449,96.66666666666667,5221.768174501162,-5.647008834661626,0.6007887901791295,0.13103742293113926,-0.5648008834661626
R,0.25,1,0.365679045854579,0.613686265901332,0.38680656804356295,0.613686265901332,0.365679045854579,69.87404748682425,96.66666666666667,4097.304427621334,-10.397209329374482,0.5800372593998298,0.29017743347358416,-1.0398209329374482
R,0.25,1,0.24776042532077092,0.8562995753531244,0.6939018087947212,0.8562995753531244,0.24776042532077092,85.70208591522564,96.66666666666667,6217.733062517304,-2.0019052306169263,0.6180487977769948,0.02521086255521711,-0.20029052306169262
R,0.25,1,0.26757311607238055,0.8861092238027053,0.9510460724667171,0.8861092238027053,0.26757311607238055,80.47012996769007,96.66666666666667,6555.118417975296,-0.3968723399304616,0.624064305750999,0.0023660976150883303,-0.039787233993046164
R,0.25,1,0.4755374888637465,0.00668935478177346,0.8688203876650858,0.00668935478177346,0.4755374888637465,61.03333665484338,96.66666666666667,2797.270844934845,-15.864040071623007,0.5524527975609648,0.41382139512164795,-1.5865040071623007
R,0.25,1,0.5108684487678032,0.9622871105001278,0.8642929922856164,0.9622871105001278,0.5108684487678032,69.83506432263724,96.66666666666667,6652.844579683095,0.1565167862682573,0.6253980018134203,8.255788996352803e-19,0.01555167862682573
R,0.25,1,0.4884504332517806,0.2732490909161791,0.9063506779807005,0.2732490909161791,0.4884504332517806,60.82462579112891,96.66666666666667,3694.7154467326573,-11.771798713721504,0.5734850804504061,0.331296487951656,-1.1772798713721504
R,0.25,1,0.4960577446429542,0.9655794087124139,0.8542893454794841,0.9655794087124139,0.4960577446429542,69.98511849556151,96.66666666666667,6609.330995576467,-0.010232939509503181,0.6250444366981417,1.0087021610060931e-05,-0.001123293950950318
R,0.25,1,0.5477203242978012,0.8602541616221864,0.9443565274775707,0.8602541616221864,0.5477203242978012,78.59966384450851,96.66666666666667,7388.968704975395,2.6320444945450796,0.6309074318012832,8.255788996352803e-19,0.26310444945450795
R,0.25,1,0.3663085532244232,0.9622180188460103,0.947973360837605,0.9622180188460103,0.3663085532244232,71.3053542579378,96.66666666666667,6426.442301168633,-0.6261117860326832,0.6230398215342416,0.004891847535441719,-0.06271117860326833
R,0.25,1,0.6511789625161558,0.9460659253183712,0.9132353951176465,0.9460659253183712,0.6511789625161558,78.68261556416398,96.66666666666667,8080.164011406245,5.219822663639585,0.6363565305331393,8.255788996352803e-19,0.33044393467350996
R,0.25,1,0.341979757968385,0.4926239156733838,0.9460845841075071,0.4926239156733838,0.341979757968385,71.38751292347571,96.66666666666667,4667.479663770999,-7.816874190015052,0.5907936320504432,0.21690056236958996,-0.7817874190015053
R,0.25,1,0.7264613314742366,0.3050441993973956,0.8724596792250663,0.3050441993973956,0.7264613314742366,67.44225193928534,96.66666666666667,4949.368931819668,-7.084947646566395,0.5949888041195742,0.17911927404204794,-0.7085947646566395
R,0.25,1,0.35069383286753525,0.5474304089171494,0.3077468035570803,0.5474304089171494,0.35069383286753525,100.36975590223555,96.66666666666667,5279.437334708394,-6.673165453931909,0.5983940439753028,0.1394470053292074,-0.667416545393191
R,0.25,1,0.5667821497402956,0.4348193976395709,0.08135385949167351,0.4348193976395709,0.5667821497402956,56.39419304107953,96.66666666666667,2938.9226820794656,-15.479580878460578,0.5557401625521663,0.40313686969053975,-1.5480580878460577
R,0.25,1,0.5604124485848959,0.9803446675820814,0.8286887834624707,0.9803446675820814,0.5604124485848959,67.32976913508467,96.66666666666667,6581.82665812213,-0.06922155756745081,0.6248696231364977,0.00017778653796614953,-0.007022155756745081
R,0.25,1,0.6535726733060225,0.7846903688791099,0.7284376820610645,0.7846903688791099,0.6535726733060225,61.91988301270052,96.66666666666667,5580.473367061303,-4.0387472894913286,0.6081043909821732,0.07804782591206907,-0.4039747289491329
R,0.25,1,0.3785755426737722,0.9611014738465634,0.9642559251757506,0.9611014738465634,0.3785755426737722,74.73641451699078,96.66666666666667,6807.758604387449,0.7250372668335799,0.6265755199881473,8.255788996352803e-19,0.072403726683358
R,0.25,1,0.47125847974121904,0.5819266358076878,0.8643856548127715,0.5819266358076878,0.47125847974121904,61.85999505719669,96.66666666666667,4594.27361046417,-7.903457940056667,0.5900976397688701,0.22490040523987756,-0.7904457940056667
R,0.25,1,0.42819805998462085,0.9120102672856385,0.6744089771219395,0.9120102672856385,0.42819805998462085,79.14145703163933,96.66666666666667,6637.644714421418,-0.29643587656774784,0.6246670924954005,0.0014669698805263147,-0.029743587656774782
R,0.25,1,0.10350835172385475,0.2526353764935705,0.8854081701314892,0.2526353764935705,0.10350835172385475,67.24933700412727,96.66666666666667,2686.099290524501,-15.8087908886404,0.5502949543019365,0.42019556126804375,-1.58097908886404
R,0.25,1,0.521080035192728,0.02195096943239616,0.9361611023579354,0.02195096943239616,0.521080035192728,75.99944950649065,96.66666666666667,3842.1960815381135,-11.88711432021308,0.5746205870793903,0.3197106493612824,-1.188811432021308
R,0.25,1,0.5204368732089387,0.8150536016676324,0.9166954135752798,0.8150536016676324,0.5204368732089387,65.63550224693296,96.66666666666667,5886.973500162772,-2.7432059672442266,0.6139384948994964,0.04378792477197638,-0.27442059672442265
R,0.25,1,0.2894749298838211,0.352748150933888,0.9129509883883983,0.352748150933888,0.2894749298838211,64.46630282223086,96.66666666666667,3541.451752353561,-12.255488497715803,0.5710026201225593,0.34525975123112623,-1.2256488497715803
R,0.25,1,0.5764596260015439,0.8984467976700222,0.7524458487634684,0.8984467976700222,0.5764596260015439,70.42632205841396,96.66666666666667,6518.411581889179,-0.5274161821555601,0.6237257827714942,0.0036185564999798607,-0.05284161821555601
R,0.25,1,0.7571765321459701,0.43864751409536096,0.5342922920972037,0.43864751409536096,0.7571765321459701,62.77809337377034,96.66666666666667,4592.123966731009,-8.527109956957439,0.5886411574602431,0.23068164678677713,-0.8528109956957438
R,0.25,1,0.42231432006142894,0.9420305822119881,0.925078526445761,0.9420305822119881,0.42231432006142894,72.64504584672828,96.66666666666667,6635.704197957024,0.07331997991226256,0.6252167241254293,8.255788996352803e-19,0.007231997991226256
R,0.25,1,0.34134736400519644,0.9956351818724593,0.29334454661894016,0.9956351818724593,0.34134736400519644,72.26878428325347,96.66666666666667,5361.09650393219,-5.156539691429934,0.6032328923270976,0.11106347125344028,-0.5157539691429934
R,0.25,1,0.23225077719314313,0.7289511297477465,0.2443254213517172,0.7289511297477465,0.23225077719314313,73.63544893071824,96.66666666666667,3988.7019986932573,-10.83067949144661,0.5780955080820347,0.3019039920243741,-1.0831679491446609
R,0.25,1,0.7294414000472406,0.7589751619493488,0.7631173985383457,0.7589751619493488,0.7294414000472406,59.49350919490591,96.66666666666667,5562.569520018061,-4.066702979358568,0.6079298185502509,0.07946137601746218,-0.40677029793585684
R,0.25,1,0.45157823345189807,0.8204796445318953,0.8416956495687021,0.8204796445318953,0.45157823345189807,71.660964649668,96.66666666666667,6065.762786064468,-2.2412416233557946,0.6165152345337992,0.03144289498996089,-0.22422416233557946
R,0.25,1,0.28139596136781947,0.10619457923318898,0.7521948516459686,0.10619457923318898,0.28139596136781947,83.56164557596833,96.66666666666667,3190.7511590476834,-14.586437367430205,0.5612425549104435,0.3802596983202851,-1.4587437367430205
R,0.25,1,0.4133127629936496,0.9893984242685976,0.9033988453360888,0.9893984242685976,0.4133127629936496,73.89015725938948,96.66666666666667,6851.13457956148,0.8805713407194415,0.6269233924455239,8.255788996352803e-19,0.08795713407194415
R,0.25,1,0.6107590279117592,0.7809648786506178,0.7524531416948931,0.7809648786506178,0.6107590279117592,48.79279041662464,96.66666666666667,4313.1618555614505,-8.61666685034339,0.5862019879708567,0.25813767587970415,-0.8617666850343391
R,0.25,1,0.35876040608479437,0.3117689570826858,0.7702976861808944,0.3117689570826858,0.35876040608479437,66.34636555522374,96.66666666666667,3502.020609053567,-12.691575462892876,0.5696973226096105,0.3503383934700797,-1.2692575462892877
R,0.25,1,0.3641204732011723,0.8757692170289966,0.8337799952771433,0.8757692170289966,0.3641204732011723,85.1850384177564,96.66666666666667,7056.6420680428555,1.228104344359275,0.6280675887700661,8.255788996352803e-19,0.12271043443592751
R,0.25,1,0.41893020780528073,0.2616367067572951,0.8223925204879574,0.2616367067572951,0.41893020780528073,79.14728585219375,96.66666666666667,4320.504603965647,-9.790411052780277,0.5832707172839746,0.26636246517793427,-0.9791411052780277
R,0.25,1,0.5566255448140013,0.7377730536326277,0.8223758637054216,0.7377730536326277,0.5566255448140013,62.02316864454519,96.66666666666667,5289.294050331032,-5.107104981712205,0.6029775882267192,0.11606746384371756,-0.5108104981712206
R,0.25,1,0.7211216830539604,0.9997723976324963,0.6803326630365398,0.9997723976324963,0.7211216830539604,68.92921905433967,96.66666666666667,7103.364231854361,1.7160418292476702,0.6288835683401771,8.255788996352803e-19,0.17150418292476705
R,0.25,1,0.5616555515288734,0.009405630680604293,0.7699586294011944,0.009405630680604293,0.5616555515288734,78.5707753532264,96.66666666666667,3755.8421555654213,-12.542272203188157,0.5725840457820064,0.3297303353630469,-1.2543272203188156
R,0.25,1,0.6013646556850026,0.9852927850525691,0.8642929922856164,0.9852927850525691,0.6013646556850026,69.83506432263724,96.66666666666667,7049.165139341731,1.637463011008477,0.6285540539408007,8.255788996352803e-19,0.1636463011008477
R,0.25,1,0.24892376726541154,0.46754310310979275,0.9404394422905857,0.46754310310979275,0.24892376726541154,71.2887057337586,96.66666666666667,4229.867561055086,-9.503358263518006,0.5831176495583249,0.2725371756795081,-0.9504358263518006
R,0.25,1,0.4659788493575778,0.979344165937414,0.9937389606015418,0.979344165937414,0.4659788493575778,77.24094235438879,96.66666666666667,7500.838929671941,3.2516432691648594,0.6319907659071368,8.255788996352803e-19,0.32506432691648596
R,0.25,1,0.4960577446429542,0.5269754412237011,0.9726771734472902,0.5269754412237011,0.4960577446429542,67.56859814696892,96.66666666666667,5099.306737826609,-6.060690061677008,0.5988264794410549,0.14932585195212691,-0.6061690061677008
R,0.25,1,0.6668116049095365,0.9949333517580691,0.9898212769621264,0.9949333517580691,0.6668116049095365,67.6146413167207,96.66666666666667,7291.0747254838025,2.675939120053618,0.6306217588179521,8.255788996352803e-19,0.26749391200536177
R,0.25,1,0.35069383286753525,0.46615825220914375,0.8489174066652888,0.46615825220914375,0.35069383286753525,61.41319030313144,96.66666666666667,3811.6427836955945,-11.065407636586391,0.5760333256904617,0.3180730539350439,-1.106640763658639
R,0.25,1,0.5275417681029899,0.9994719773791854,0.8930263012341477,0.9994719773791854,0.5275417681029899,65.53871986143295,96.66666666666667,6467.121319122599,-0.38326358155739954,0.6238095844982551,0.0023712560412682917,-0.038426358155739956
R,0.25,1,0.5121623600799918,0.8564105090605453,0.8032835844246037,0.8564105090605453,0.5121623600799918,78.53606970515219,96.66666666666667,6951.285101854447,0.9059697368069086,0.6273652510418517,8.255788996352803e-19,0.09049697368069086
R,0.25,1,0.24247797473492522,0.9917940827219054,0.9143281248340192,0.9917940827219054,0.24247797473492522,71.00366328721893,96.66666666666667,6004.908036368112,-2.1634556216740273,0.6163740712077285,0.03140045542570658,-0.2164455621674027
R,0.25,1,0.5625263402715773,0.9203863463015334,0.8792076711843794,0.9203863463015334,0.5625263402715773,71.9882188460811,96.66666666666667,6919.927006642118,1.0584783053108493,0.6274187825362533,8.255788996352803e-19,0.10574783053108494
R,0.25,1,0.47577550999945595,0.19643811812665957,0.6651538466800422,0.19643811812665957,0.47577550999945595,71.12138883267252,96.66666666666667,3573.104975310928,-12.87087845174333,0.5701539830311642,0.3456960847160032,-1.287187845174333
R,0.25,1,0.7057550336905086,0.9937461704450925,0.8890097355767306,0.9937461704450925,0.7057550336905086,65.77045959777496,96.66666666666667,7050.613236542971,1.7470196719007653,0.6287011591651215,8.255788996352803e-19,0.17460196719007653
R,0.25,1,0.36993608535203837,0.16703264675169494,0.40785769841925923,0.16703264675169494,0.36993608535203837,67.81079889753991,96.66666666666667,2512.042844505709,-17.472837641858078,0.5450768934543981,0.4381029357578113,-1.7473837641858079
R,0.25,1,0.411830558649075,0.9893984242685976,0.9997752446164063,0.9893984242685976,0.411830558649075,73.89015725938948,96.66666666666667,7023.690246428832,1.5912757576627843,0.6283558571139303,8.255788996352803e-19,0.15902757576627843
R,0.25,1,0.6788072456128326,0.9123286917906391,0.9750122558524803,0.9123286917906391,0.6788072456128326,63.644923387178935,96.66666666666667,6614.750749863844,0.15600574890268057,0.6252794502148079,8.255788996352803e-19,0.015500574890268057
R,0.25,1,0.47125847974121904,0.9412309803840871,0.9701310312184026,0.9412309803840871,0.47125847974121904,80.77774944614768,96.66666666666667,7664.0110195086445,3.7142686419563984,0.6331047344208958,8.255788996352803e-19,0.33030843081265204
R,0.25,1,0.530583350344107,0.9757581665433729,0.8182056771124026,0.9757581665433729,0.530583350344107,68.38972357048982,96.66666666666667,6549.83549917242,-0.2196651744870331,0.6244788565744251,0.0010022463803511742,-0.02206651744870331
R,0.25,1,0.5786472160076135,0.9423254180328409,0.8696256649686434,0.9423254180328409,0.5786472160076135,66.67591332214442,96.66666666666667,6520.1891121357885,-0.2966578753171642,0.6242186174097301,0.0015835505623561703,-0.02976578753171642
R,0.25,1,0.48096981888771495,0.9239269173759437,0.8250477596978174,0.9239269173759437,0.48096981888771495,80.12853903954951,96.66666666666667,7281.3629394729,2.1891076966276137,0.6300048211387442,8.255788996352803e-19,0.2188107696627614
R,0.25,1,0.24136518598750184,0.8363093669859518,0.9101587080252094,0.8363093669859518,0.24136518598750184,77.30971071696197,96.66666666666667,5924.83805746927,-2.7631243009348845,0.6139891280621966,0.043176069622697925,-0.2764124300934884
R,0.25,1,0.5293168203534147,0.20528422394907597,0.8013493507592121,0.20528422394907597,0.5293168203534147,75.7020978087448,96.66666666666667,4297.137678563361,-9.963896599028116,0.582748088604562,0.26964609819331387,-0.9964896599028116
R,0.25,1,0.7690375888143328,0.9298833832950502,0.7266424841997409,0.9298833832950502,0.7690375888143328,68.64039011015863,96.66666666666667,7077.655504248024,1.580174551806802,0.6286473861172892,8.255788996352803e-19,0.1579174551806802
R,0.25,1,0.42231432006142894,0.7407651296083799,0.925078526445761,0.7407651296083799,0.42231432006142894,64.23178579912498,96.66666666666667,5220.819647878624,-5.295218842120314,0.6019287787729907,0.12536039733485932,-0.5296218842120315
R,0.25,1,0.37184693677313896,0.87611165759018,0.5342922920972037,0.87611165759018,0.37184693677313896,76.06639541485552,96.66666666666667,5762.427813954759,-3.6576160646167954,0.610291566770866,0.06315430313650379,-0.36586160646167953
R,0.25,1,0.32747307349499644,0.8792663457895014,0.5116452666652046,0.8792663457895014,0.32747307349499644,76.51527444700392,96.66666666666667,5595.41684258854,-4.301830790069938,0.607270911945311,0.08172334991200104,-0.43028307900699386
R,0.25,1,0.5888826156939704,0.44442186538506123,0.6909622330689199,0.44442186538506123,0.5888826156939704,71.80855997023914,96.66666666666667,4950.430413616521,-7.133075804471813,0.5948281466000154,0.17974473266511895,-0.7134075804471813
R,0.25,1,0.5555344116486972,0.1929341395357096,0.8788984153061429,0.1929341395357096,0.5555344116486972,69.14873925518596,96.66666666666667,4107.150768122883,-10.501987355447941,0.5799196290564905,0.2900196313758192,-1.0502987355447941
R,0.25,1,0.4096865720204443,0.23053452708815447,0.1372570354824687,0.23053452708815447,0.4096865720204443,67.66067051255853,96.66666666666667,2398.0620184314957,-18.254565228821644,0.5420375983369047,0.44831873086656865,-1.8255565228821644
R,0.25,1,0.6517330327039736,0.9495355152281747,0.9454848267743082,0.9495355152281747,0.6517330327039736,75.67583068907554,96.66666666666667,7847.625117804316,4.46468337620456,0.6346665839509257,8.255788996352803e-19,0.3303477728751597
R,0.25,1,0.5494384393526113,0.8434684338540802,0.7701526381359681,0.8434684338540802,0.5494384393526113,75.77510475985135,96.66666666666667,6736.343132793423,0.12065536478371892,0.6257032753851058,8.255788996352803e-19,0.011965536478371893
R,0.25,1,0.2479189179643304,0.1570832642811798,0.5830920652059851,0.1570832642811798,0.2479189179643304,66.00025679153146,96.66666666666667,2298.618052384201,-18.019752283478788,0.5402603814656967,0.4538745471196363,-1.802075228347879
R,0.25,1,0.525687248632067,0.9854323701808836,0.908341818749621,0.9854323701808836,0.525687248632067,79.14728585219375,96.66666666666667,7777.370560854278,4.156793263147298,0.6340334613161394,8.255788996352803e-19,0.3303406990675505
R,0.25,1,0.33655376433845247,0.3539135946465193,0.9476309799036646,0.3539135946465193,0.33655376433845247,87.79464597786519,96.66666666666667,5110.89002702535,-6.636921735469513,0.5971478296653999,0.15679213552887852,-0.6637921735469513
R,0.25,1,0.5452799622278629,0.3201044083079796,0.6939018087947212,0.3201044083079796,0.5452799622278629,62.31921781221714,96.66666666666667,3777.5893029998215,-11.65779110201133,0.5745196689450478,0.32413120648600885,-1.165879110201133
R,0.25,1,0.3235225912541961,0.42383451312029974,0.7572662998298958,0.42383451312029974,0.3235225912541961,65.72581627995937,96.66666666666667,3700.3314293226354,-11.730317195513388,0.5735811004573634,0.33039845360643977,-1.1731317195513387
R,0.25,1,0.5441975256375312,0.9511766880489592,0.943899838243731,0.9511766880489592,0.5441975256375312,69.25245335596767,96.66666666666667,6812.101137169011,0.8043933793729743,0.6267205681863186,8.255788996352803e-19,0.08033933793729743
R,0.25,1,0.5108684487678032,0.9622871105001278,0.773463167941675,0.9622871105001278,0.5108684487678032,66.21603736421358,96.66666666666667,6157.717828495938,-1.6857797679754039,0.618802158905538,0.02130850786866561,-0.16867797679754037
R,0.25,1,0.6412455191020578,0.2994176760859646,0.9346111328895996,0.2994176760859646,0.6412455191020578,73.42927520425869,96.66666666666667,5169.30628384679,-6.299347421623446,0.5986719412251309,0.1450945925189673,-0.6300347421623447
R,0.25,1,0.5477203242978012,0.8071643020525612,0.7334375973592473,0.8071643020525612,0.5477203242978012,76.80104253020126,96.66666666666667,6611.0468932934045,-0.4414685801291877,0.6242978108130485,0.002645518624352671,-0.04424685801291877
R,0.25,1,0.45053377635059894,0.9655794087124139,0.8618540774246555,0.9655794087124139,0.45053377635059894,64.52620328793306,96.66666666666667,5959.12464801585,-2.3130514730722287,0.6157073640596672,0.03477529776960965,-0.23140514730722286
R,0.25,1,0.7175224945446911,0.9449574878629464,0.4215689964713889,0.9449574878629464,0.7175224945446911,62.738749248342465,96.66666666666667,5876.313526345424,-3.0158904873841195,0.6130986775640292,0.04844676231687549,-0.30168904873841196
R,0.25,1,0.24768262112308626,0.24422319758624567,0.7065375912687741,0.24422319758624567,0.24768262112308626,69.43795899418119,96.66666666666667,2934.3600106861027,-15.15342432022337,0.5558328755276835,0.4010619803811284,-1.515442432022337
R,0.25,1,0.4982506347454894,0.6152862257445939,0.8930263012341477,0.6152862257445939,0.4982506347454894,58.66738183690238,96.66666666666667,4576.20248431437,-7.846944212297768,0.5901337670195689,0.2260834077923607,-0.7847944212297768
R,0.25,1,0.7825966166601315,0.6424766966765376,0.9833100644769135,0.6424766966765376,0.7825966166601315,73.26574069464773,96.66666666666667,7021.526097449416,1.14206526573383,0.6279556593504534,8.255788996352803e-19,0.11410652657338301
R,0.25,1,0.9123695274017294,0.6581347106857727,0.9886811186975872,0.6581347106857727,0.9123695274017294,79.10092612165522,96.66666666666667,8166.556788734628,5.233860036725177,0.63674710084034,8.255788996352803e-19,0.3304674938305079
R,0.25,1,0.4531187340594221,0.9145879809981247,0.8890608243038869,0.9145879809981247,0.4531187340594221,61.55882072834813,96.66666666666667,5577.959021557282,-3.7255704023214635,0.6090423869564626,0.07293544946303537,-0.37265704023214635
R,0.25,1,0.48246916115708455,0.9922951482447989,0.7089097767068676,0.9922951482447989,0.48246916115708455,58.31377812052684,96.66666666666667,5333.434121585584,-4.650484850153293,0.6046882831148003,0.10482825875798582,-0.46514848501532935
R,0.25,1,0.6307741731822439,0.7863942573848278,0.8890097355767306,0.7863942573848278,0.6307741731822439,75.66949281720579,96.66666666666667,7043.593713894527,1.2813281817394744,0.6281531988786009,8.255788996352803e-19,0.12803281817394746
R,0.25,1,0.3785755426737722,0.8443259803783411,0.867319940883106,0.8443259803783411,0.3785755426737722,74.73641451699078,96.66666666666667,6190.273322531399,-1.7757015345920208,0.6186486335705423,0.02226631007326882,-0.17767015345920206
R,0.25,1,0.411830558649075,0.9482341287883077,0.8940890982790377,0.9482341287883077,0.411830558649075,69.41409642559394,96.66666666666667,6271.942739966525,-1.2283160611740649,0.6207345820677401,0.013370642579536407,-0.12293160611740647
R,0.25,1,0.6788072456128326,0.9123286917906391,0.7649437103680389,0.9123286917906391,0.6788072456128326,49.3425431345847,96.66666666666667,4869.141381825039,-6.325059368009221,0.596665896904608,0.17758577427740016,-0.6326059368009221
R,0.25,1,0.47125847974121904,0.8460015373145602,0.9382251933055576,0.8460015373145602,0.47125847974121904,74.6125800776525,96.66666666666667,6664.293484442758,0.03358850622005001,0.6252966802699909,8.255788996352803e-19,0.003258850622005001
R,0.25,1,0.5707818436091426,0.548711822701574,0.7385142355412514,0.548711822701574,0.5707818436091426,75.99944950649065,96.66666666666667,5657.2120021269175,-4.333922456595111,0.6076330322247053,0.07852040081000405,-0.43349224565951117
R,0.25,1,0.7711862081384644,0.9429979491738821,0.5991626062215609,0.9429979491738821,0.7711862081384644,62.48654404284735,96.66666666666667,6291.662206734724,-1.3014839489535228,0.6207305425716034,0.014177797375171325,-0.13024839489535228
R,0.25,1,0.5051286956788293,0.9826970454238547,0.8250477596978174,0.9826970454238547,0.5051286956788293,80.12853903954951,96.66666666666667,7613.61193956064,3.470926133165545,0.6326641777375364,8.255788996352803e-19,0.3302850268442462
R,0.25,1,0.33917346410850796,0.27130065662312275,0.7999781451109848,0.27130065662312275,0.33917346410850796,71.57602807282774,96.66666666666667,3616.2470944639135,-12.364189565932797,0.571486512450515,0.33991551828086863,-1.2365189565932797
R,0.25,1,0.6712651146068053,0.9291977598713693,0.8013493507592121,0.9291977598713693,0.6712651146068053,75.7020978087448,96.66666666666667,7574.515526404281,3.3251136873755485,0.6324040337342639,8.255788996352803e-19,0.3302460476795593
R,0.25,1,0.6091969251028202,0.9420305822119881,0.8240584557914064,0.9420305822119881,0.6091969251028202,60.172243345630015,96.66666666666667,5906.678101051701,-2.5002928352883727,0.6148611021422141,0.03911352770147954,-0.25012928352883723
R,0.25,1,0.5292877886958913,0.509584983054952,0.8165565621559441,0.509584983054952,0.5292877886958913,49.73860436027536,96.66666666666667,3598.96368331042,-11.700905456952075,0.5728146109037421,0.33869006398653,-1.1701905456952075
R,0.25,1,0.5122512043805268,0.4132208412705084,0.9078106153403234,0.4132208412705084,0.5122512043805268,65.16797338110561,96.66666666666667,4494.561332186783,-8.547412202649857,0.5876742906241712,0.24056971687757886,-0.8548412202649857
R,0.25,1,0.47627644307016415,0.8933256161099843,0.8022796877566928,0.8933256161099843,0.47627644307016415,67.14251416274722,96.66666666666667,5944.603165233747,-2.5546081696870577,0.6148566638685318,0.03913226465724172,-0.25556081696870575
R,0.25,1,0.34814745172073086,0.028165970513832295,0.7994025713982136,0.028165970513832295,0.34814745172073086,58.6645438604636,96.66666666666667,2276.227443496982,-17.975615211474913,0.5398982978207614,0.45584639903017077,-1.7976615211474916
R,0.25,1,0.5617199447100928,0.9495355152281747,0.9329327461610446,0.9495355152281747,0.5617199447100928,56.32984723881959,96.66666666666667,5570.238436741335,-3.5960080486585113,0.6094564950561504,0.07090517740195632,-0.3597008048658511
R,0.25,1,0.3369758883798737,0.9540060476388498,0.9886291456575043,0.9540060476388498,0.3369758883798737,72.62454856887274,96.66666666666667,6482.817650831621,-0.4158016007156098,0.6237524456035408,0.0026447391844211894,-0.04168016007156098
R,0.25,1,0.4133127629936496,0.9861557629920816,0.8563469451943091,0.9861557629920816,0.4133127629936496,74.68008468200296,96.66666666666667,6824.422961127751,0.7251354276367701,0.626653266128965,8.255788996352803e-19,0.07241354276367701
R,0.25,1,0.6329897625871086,0.7251864162761689,0.9663962206051274,0.7251864162761689,0.6329897625871086,44.788132940766545,96.66666666666667,4123.585822843459,-9.175043624864138,0.5833079590326911,0.2796720786834189,-0.9176043624864137
R,0.25,1,0.33530516510354624,0.6047249440070349,0.1390762302973405,0.6047249440070349,0.33530516510354624,58.79465507466071,96.66666666666667,2967.8607759830197,-14.94874287932424,0.5568572386304385,0.3987476920968171,-1.494974287932424
R,0.25,1,0.4230551473466736,0.8450602329416335,0.9678893035333581,0.8450602329416335,0.4230551473466736,76.544660784569,96.66666666666667,6705.5420413925,0.17712277012659663,0.6255964905729502,8.255788996352803e-19,0.017612277012659664
R,0.25,1,0.33655376433845247,0.8273693231049464,0.8478245349568863,0.8273693231049464,0.33655376433845247,72.7928081475977,96.66666666666667,5779.149718039916,-3.303622937401787,0.6114793028874765,0.056811346021620815,-0.3304622937401787
R,0.25,1,0.5611470638988943,0.7841061289842078,0.7089626196943738,0.7841061289842078,0.5611470638988943,43.50940709801524,96.66666666666667,3697.722021891732,-10.957993346167997,0.5754206618548723,0.327008121240993,-1.0958993346167998
R,0.25,1,0.7211216830539604,0.8060203097642733,0.9363093093572966,0.8060203097642733,0.7211216830539604,63.75371275929933,96.66666666666667,6360.378466705458,-0.9481929341301919,0.6220105969853142,0.00898070038449716,-0.09491929341301919
R,0.25,1,0.41851114301101655,0.8749220219345399,0.9248239622144265,0.8749220219345399,0.41851114301101655,71.15520029417323,96.66666666666667,6246.875652646835,-1.4158135682082797,0.6200566650115995,0.016279352969438193,-0.14168135682082797
R,0.25,1,0.44484230451535944,0.9622871105001278,0.8353417846181962,0.9622871105001278,0.44484230451535944,74.49425947824437,96.66666666666667,6796.857379490887,0.5790359169110075,0.6263975472712185,8.255788996352803e-19,0.057803591691100754
R,0.25,1,0.5121329762663323,0.80204529696234,0.8374009152405812,0.80204529696234,0.5121329762663323,58.21394679140008,96.66666666666667,5043.885511679521,-5.868824349392943,0.5991004812967636,0.15225652046633403,-0.5869824349392944
R,0.25,1,0.25694946081676373,0.9857465758649057,0.8710912785931797,0.9857465758649057,0.25694946081676373,76.92561112744343,96.66666666666667,6454.988327208625,-0.6481084053758854,0.6230793297142703,0.005047036442451186,-0.06491084053758854
R,0.25,1,0.4753504445388919,0.9655794087124139,0.9635244352694335,0.9655794087124139,0.4753504445388919,71.43455681753025,96.66666666666667,6867.332799016124,1.0029962462111202,0.6271321806977652,8.255788996352803e-19,0.10019962462111202
R,0.25,1,0.4761878266132943,0.6890196673494571,0.8171818199318994,0.6890196673494571,0.4761878266132943,71.36986308016319,96.66666666666667,5616.088830208538,-4.112310353682595,0.608016354510419,0.07748170498862123,-0.41133103536825955
R,0.25,1,0.4737814577475526,0.5474304089171494,0.964611129218566,0.5474304089171494,0.4737814577475526,63.50222003418781,96.66666666666667,4773.834737299871,-7.198489347714837,0.5933104179660771,0.19928635543908174,-0.7199489347714837
R,0.25,1,0.340418022232682,0.9552772956954865,0.9994061251789614,0.9552772956954865,0.340418022232682,75.80246067582448,96.66666666666667,6804.780756831403,0.7195792158131623,0.6265464895126073,8.255788996352803e-19,0.07185792158131624
R,0.25,1,0.6538217871234242,0.5059793239830901,0.9517790340289867,0.5059793239830901,0.6538217871234242,78.29828484610256,96.66666666666667,6403.588536035953,-1.4489689636587004,0.620835794861238,0.015116885539450823,-0.14499689636587004
R,0.25,1,0.6720174593465267,0.7428341753622171,0.9143281248340192,0.7428341753622171,0.6720174593465267,58.907235206663,96.66666666666667,5513.763449057597,-4.123109267754933,0.6074431274313521,0.08332595461806469,-0.41241092677549335
R,0.25,1,0.5920769072829555,0.9362948503402682,0.9566493193808947,0.9362948503402682,0.5920769072829555,63.92999882806246,96.66666666666667,6414.404980357006,-0.5738681835232918,0.6231678261466976,0.004353234695331883,-0.05748681835232918
R,0.25,1,0.9686159447370412,0.7236521130986552,0.707532852302821,0.7236521130986552,0.9686159447370412,74.23133619234505,96.66666666666667,7593.993682098909,3.079507893054496,0.632298179254897,8.255788996352803e-19,0.3078507893054496
R,0.25,1,0.4673629040203794,0.8660945399448865,0.8890097355767306,0.8660945399448865,0.4673629040203794,68.8262153139172,96.66666666666667,6118.52084443927,-1.8953045868266483,0.6179075721185775,0.025114896528061655,-0.18963045868266482
R,0.25,1,0.6878106326969952,0.9988174917663369,0.9306490777337425,0.9988174917663369,0.6878106326969952,65.34779959576535,96.66666666666667,7031.268569143782,1.7230021661023098,0.628595650361126,8.255788996352803e-19,0.172200216610231
R,0.25,1,0.411830558649075,0.4009358680973574,0.8019738553961178,0.4009358680973574,0.411830558649075,58.62266447526987,96.66666666666667,3557.672782666636,-12.169724755758825,0.5713821524026712,0.34391793501305284,-1.2170724755758824
R,0.25,1,0.6913263712519928,0.5310877674432152,0.8617179957751844,0.5310877674432152,0.6913263712519928,50.28568404329059,96.66666666666667,4156.798529173135,-9.479720978484098,0.5827682865228326,0.2791377706152126,-0.9480720978484097
R,0.25,1,0.18994503464551776,0.5355850220576013,0.9469904215310423,0.5355850220576013,0.18994503464551776,75.99944950649065,96.66666666666667,4556.263013599468,-8.224278510472553,0.5888330546032956,0.2318064235768971,-0.8225278510472552
R,0.25,1,0.47125847974121904,0.606594041814122,0.9743416200844407,0.606594041814122,0.47125847974121904,96.15276266506574,96.66666666666667,7524.06584841954,2.488779744339536,0.6312128704420858,8.255788996352803e-19,0.2487779744339536
R,0.25,1,0.5352725008439594,0.27221980831909354,0.9953226016498216,0.27221980831909354,0.5352725008439594,63.22089155023475,96.66666666666667,4125.648741672322,-10.0522947257079,0.5810654946800373,0.2856665968422379,-1.00532947257079
R,0.25,1,0.6767363203747743,0.9578258299946942,0.9068360011852106,0.9578258299946942,0.6767363203747743,80.12853903954951,96.66666666666667,8365.339952008451,6.232621102800491,0.6385279307282016,8.255788996352803e-19,0.3305506063567239
R,0.25,1,0.7032804365875663,0.2857742073810511,0.5606544974645113,0.2857742073810511,0.7032804365875663,60.90102506502466,96.66666666666667,3865.332923223216,-11.535520642216172,0.575657461682285,0.3164463255768142,-1.153652064221617
R,0.25,1,0.412957601187438,0.5508933058396394,0.8318995479457242,0.5508933058396394,0.412957601187438,72.45082788012355,96.66666666666667,4998.385082400195,-6.626930303707509,0.5964672526646443,0.1685303223004264,-0.6627930303707509
R,0.25,1,0.42231432006142894,0.5607152007060157,0.9697907016468683,0.5607152007060157,0.42231432006142894,72.64504584672828,96.66666666666667,5331.873479813606,-5.223890978059527,0.6028065759376741,0.11462120745806954,-0.5224890978059527
R,0.25,1,0.5729528853853645,0.8260741671016655,0.5342922920972037,0.8260741671016655,0.5729528853853645,70.65125327413114,96.66666666666667,5885.861232415505,-3.18133304025823,0.6125847938108063,0.05083277737688805,-0.318233304025823
R,0.25,1,0.5369605187608476,0.7289511297477465,0.5419891077217432,0.7289511297477465,0.5369605187608476,71.60722279278737,96.66666666666667,5502.679242234353,-4.763536540934027,0.6053670295097302,0.0944145653362819,-0.4764536540934027
R,0.25,1,0.29032062289608435,0.9346781538364581,0.7760607840949296,0.9346781538364581,0.29032062289608435,81.42446273942159,96.66666666666667,6567.001672546394,-0.4656499093480487,0.6239803111258613,0.002948153627046535,-0.04666499093480487
R,0.25,1,0.6879508335368915,0.12614514266091226,0.896996151028301,0.12614514266091226,0.6879508335368915,58.71455688402724,96.66666666666667,3706.632513533798,-11.976561069347035,0.5732388841333323,0.3315638648382923,-1.1977561069347034
R,0.25,1,0.34996726459634864,0.9599555239632058,0.9623972360962814,0.9599555239632058,0.34996726459634864,68.97854276881341,96.66666666666667,6177.447227491307,-1.495498208287547,0.6194438241470557,0.018192508090271033,-0.1496498208287547
R,0.25,1,0.4133127629936496,0.8516210524466803,0.792869975127595,0.8516210524466803,0.4133127629936496,72.35218969713844,96.66666666666667,6010.183539593123,-2.461388038719019,0.6154962451621414,0.03609600998434677,-0.2462388038719019
R,0.25,1,0.5376852733219267,0.9495355152281747,0.9287532536749281,0.9495355152281747,0.5376852733219267,79.55943390090899,96.66666666666667,7763.399278535591,4.071969675807167,0.6338884775770173,8.255788996352803e-19,0.33033700590375176
R,0.25,1,0.5544926694773832,0.9695903433841639,0.8009071105226351,0.9695903433841639,0.5544926694773832,66.7275297337189,96.66666666666667,6420.978553652389,-0.6881548780304562,0.6229183287929188,0.005588420883793382,-0.06891548780304561
R,0.25,1,0.3893170743829225,0.8789286859171161,0.3105525006242794,0.8789286859171161,0.3893170743829225,75.61915025985267,96.66666666666667,5382.276240934496,-5.294729282223414,0.6029668490018166,0.11139696085300299,-0.5295729282223414
R,0.25,1,0.33655376433845247,0.22050235774024074,0.8333321860952891,0.22050235774024074,0.33655376433845247,71.01606477164667,96.66666666666667,3457.4959949501635,-13.02053753270663,0.5683630363000666,0.3549713983906715,-1.3021537532706629
R,0.25,1,0.4838298026072441,0.6176879912103446,0.9018633864924991,0.6176879912103446,0.4838298026072441,91.10171955591764,96.66666666666667,7071.5408897608995,0.8805129505427227,0.6277817829900759,8.255788996352803e-19,0.08795129505427227
R,0.25,1,0.7211216830539604,0.9200738182436748,0.6939018087947212,0.9200738182436748,0.7211216830539604,69.69655633131897,96.66666666666667,6928.347897971531,0.9700747465313669,0.627405420630296,8.255788996352803e-19,0.09690747465313669
R,0.25,1,0.29032062289608435,0.9346781538364581,0.7760607840949296,0.9346781538364581,0.29032062289608435,74.60923620332206,96.66666666666667,6017.34371281779,-2.3732565300345208,0.6157791257839619,0.03456213125116529,-0.23742565300345206
R,0.25,1,0.5093484392691834,0.937321099373234,0.8688203876650858,0.937321099373234,0.5093484392691834,66.02556812455698,96.66666666666667,6209.967901212445,-1.4376144209348818,0.6198336075596246,0.016958544651109686,-0.14386144209348817
R,0.25,1,0.22723373336728725,0.99553060635912,0.9496806385244164,0.99553060635912,0.22723373336728725,73.91982565912197,96.66666666666667,6274.3320215275835,-1.1810875257858793,0.6208292432691004,0.012705141432047476,-0.11820875257858791
R,0.25,1,0.5477203242978012,0.8495974199397862,0.9282977639655801,0.8495974199397862,0.5477203242978012,77.24094235438879,96.66666666666667,7189.071818525338,1.9008675107276594,0.6293549845694111,8.255788996352803e-19,0.18998675107276594
R,0.25,1,0.6758914833753822,0.5807051797342457,0.8898835919860428,0.5807051797342457,0.6758914833753822,77.8341372195903,96.66666666666667,6621.888895510293,-0.5888729008031676,0.6240583226257485,0.003937927962107562,-0.05898729008031676
R,0.25,1,0.4960577446429542,0.9858952501644098,0.8720635844536793,0.9858952501644098,0.4960577446429542,76.74554848835803,96.66666666666667,7359.8397236633255,2.654242699325174,0.6308157006487716,8.255788996352803e-19,0.26532426993251745
R,0.25,1,0.7565621190382785,0.9382262038180321,0.8426141723565076,0.9382262038180321,0.7565621190382785,65.05743146947674,96.66666666666667,6883.386602807025,1.0418136568450556,0.6273045953608787,8.255788996352803e-19,0.10408136568450557
R,0.25,1,0.6722538348173448,0.958581305630715,0.9070314672885245,0.958581305630715,0.6722538348173448,66.18023427484371,96.66666666666667,6897.1414579202565,1.1492416743770868,0.6274529609234633,8.255788996352803e-19,0.1148241674377087
R,0.25,1,0.5473909050957544,0.30963611685918924,0.8573160256151738,0.30963611685918924,0.5473909050957544,50.59909729938368,96.66666666666667,3252.7251085155385,-13.342599086331653,0.5643556850846609,0.37238222481323985,-1.3343599086331652
R,0.25,1,0.5318642542205144,0.021294954535152733,0.9027493154658132,0.021294954535152733,0.5318642542205144,48.4307442717754,96.66666666666667,2432.5161400122947,-17.073507437572186,0.5440476348179167,0.44342390965999745,-1.7074507437572186
R,0.25,1,0.6511789625161558,0.6915923828218672,0.049795757370034055,0.6915923828218672,0.6511789625161558,60.19760082007802,96.66666666666667,4116.520300082241,-10.448911525008858,0.5802469359490983,0.28897042731892386,-1.0449911525008857
R,0.25,1,0.7264613314742366,0.8309600089142898,0.8493024967622707,0.8309600089142898,0.7264613314742366,72.70256368111366,96.66666666666667,7205.087930280806,1.9511062671226187,0.6295219703198928,8.255788996352803e-19,0.19501062671226188
R,0.25,1,0.3815822608253998,0.9803092643611546,0.8890097355767306,0.9803092643611546,0.3815822608253998,76.01484122753706,96.66666666666667,6865.646750299209,0.8741225943804692,0.6269633728521181,8.255788996352803e-19,0.08731225943804692
R,0.25,1,0.9686159447370412,0.9076878655587751,0.9106316674699564,0.9076878655587751,0.9686159447370412,78.28073476682532,96.66666666666667,9126.044946574713,8.965986001901173,0.6443874893041802,8.255788996352803e-19,0.3307988458622355
R,0.25,1,0.5407310672379617,0.8599137558675123,0.9306490777337425,0.8599137558675123,0.5407310672379617,74.98826600798553,96.66666666666667,6996.290343916663,1.2527643631497498,0.6279140453822115,8.255788996352803e-19,0.125176436314975
R,0.25,1,0.3498441755398179,0.511319770170224,0.9997752446164063,0.511319770170224,0.3498441755398179,69.45929067338481,96.66666666666667,4726.883824222274,-7.47887011161999,0.5921387038223921,0.20737134557917478,-0.7479870111619991
R,0.25,1,0.3443899042503846,0.4811342937799098,0.9361611023579354,0.4811342937799098,0.3443899042503846,60.96624049140301,96.66666666666667,3943.310912055648,-10.435275617248085,0.5785981917800723,0.30356498555604383,-1.0436275617248083
R,0.25,1,0.5223429926624954,0.8460015373145602,0.929796576907138,0.8460015373145602,0.5223429926624954,74.6125800776525,96.66666666666667,6839.1488295968165,0.6661749306380308,0.6266701006375062,8.255788996352803e-19,0.06651749306380308
R,0.25,1,0.2789778237602374,0.7770512759785909,0.40289118604901375,0.7770512759785909,0.2789778237602374,89.5647403076995,96.66666666666667,5631.269715042617,-4.65821093612415,0.6063851366933415,0.08500113386441158,-0.46592109361241507
R,0.25,1,0.7222916284180833,0.7856218452891526,0.8320566160651017,0.7856218452891526,0.7222916284180833,66.46023879766688,96.66666666666667,6393.281512361746,-0.9937428172428125,0.6220514163178145,0.009360809131136108,-0.09947428172428126
R,0.25,1,0.633257126543838,0.8173353958845585,0.9520560454686176,0.8173353958845585,0.633257126543838,70.18712502257999,96.66666666666667,6761.197853720301,0.44216430424378084,0.6261533156383119,8.255788996352803e-19,0.044116430424378086
R,0.25,1,0.24136518598750184,0.28268810756607543,0.9369280201806007,0.28268810756607543,0.24136518598750184,91.15316504041813,96.66666666666667,4523.554679226059,-9.00703631575203,0.5866268887150368,0.24176652864285914,-0.9008036315752029
R,0.25,1,0.4468330714038013,0.6428561822126178,0.9604996833871844,0.6428561822126178,0.4468330714038013,90.3838815208618,96.66666666666667,7094.859459273453,1.0737514931994578,0.6280604812423238,8.255788996352803e-19,0.10727514931994579
R,0.25,1,0.6449183133171502,0.9355140709758217,0.89122380148513,0.9355140709758217,0.6449183133171502,64.61382093261008,96.66666666666667,6545.523131741211,-0.15765005324140755,0.6245954994436914,0.0006165428284574762,-0.015865005324140754
R,0.25,1,0.21410338092894488,0.9925875254213419,0.8656619079223485,0.9925875254213419,0.21410338092894488,64.84096640603288,96.66666666666667,5315.409093320599,-4.66978979847028,0.6044481872751662,0.10686468914292259,-0.467078979847028
R,0.25,1,0.5874210601332017,0.9239760725823157,0.7591720385339313,0.9239760725823157,0.5874210601332017,69.20353725164894,96.66666666666667,6543.136150023014,-0.37549055766294803,0.6241604781568659,0.0021935991588219674,-0.037649055766294806
R,0.25,1,0.4698770059347952,0.6767487673390202,0.8982911572004257,0.6767487673390202,0.4698770059347952,63.963265662266956,96.66666666666667,5103.537345807667,-5.845522708926481,0.5995122272247224,0.14558987801871554,-0.5846522708926482
R,0.25,1,0.4839304821180648,0.4914123299372781,0.8814316474627871,0.4914123299372781,0.4839304821180648,68.90588643331003,96.66666666666667,4878.738777021439,-7.060778584943137,0.5944335679773827,0.18675863472800228,-0.7061778584943137
R,0.25,1,0.6675830765458817,0.8649544345839393,0.896996151028301,0.8649544345839393,0.6675830765458817,71.80855997023914,96.66666666666667,7112.765636335075,1.7140548580328534,0.6288944211904347,8.255788996352803e-19,0.17130548580328536
R,0.25,1,0.3644122055232082,0.3831035403404408,0.5206814103298251,0.3831035403404408,0.3644122055232082,72.1271320702113,96.66666666666667,3634.689767557575,-12.464517371010535,0.5714983228390826,0.3389959856569758,-1.2465517371010535
R,0.25,1,0.7039147429972785,0.4776446259727649,0.9033988453360888,0.4776446259727649,0.7039147429972785,59.476323731220646,96.66666666666667,4857.011431416458,-6.988815884610577,0.5945706157059126,0.1878924176092042,-0.6989815884610577
R,0.25,1,0.6822271010890091,0.7957362392138216,0.701617660607887,0.7957362392138216,0.6822271010890091,72.81076883334066,96.66666666666667,6657.715388144823,-0.24245138757016593,0.6249235453885482,0.0010767767388264477,-0.024345138757016594
R,0.25,1,0.4838298026072441,0.738935973812396,0.7702976861808944,0.738935973812396,0.4838298026072441,73.96725241581554,96.66666666666667,5946.651326219132,-2.903540682598728,0.6137581465109246,0.04468306977300144,-0.2904540682598728
R,0.25,1,0.6393254481394837,0.7809648786506178,0.9476309799036646,0.7809648786506178,0.6393254481394837,66.76645753964306,96.66666666666667,6323.136779454563,-1.1614621477867508,0.6212302301309347,0.01202828017022073,-0.11624621477867507
R,0.25,1,0.4230551473466736,0.8542320083482211,0.9678893035333581,0.8542320083482211,0.4230551473466736,76.70173151327344,96.66666666666667,6754.4764614277465,0.3651927822945212,0.6259889111745076,8.255788996352803e-19,0.036419278229452116
R,0.25,1,0.5436860619877051,0.947872927464073,0.864776650482148,0.947872927464073,0.5436860619877051,64.84312367571319,96.66666666666667,6237.737683609245,-1.3055305848537127,0.6203768315557762,0.014752229589941076,-0.13065305848537126
R,0.25,1,0.2845263648003311,0.901045824988761,0.7997397298621908,0.901045824988761,0.2845263648003311,74.60923620332206,96.66666666666667,5914.431037364936,-2.7761752977290834,0.6139149806357644,0.043645298605993074,-0.2777175297729083
R,0.25,1,0.4929909449437448,0.8749220219345399,0.8777917065006114,0.8749220219345399,0.4929909449437448,78.5707753532264,96.66666666666667,7098.118495627576,1.5331453161250441,0.6285963593480639,8.255788996352803e-19,0.15321453161250442
R,0.25,1,0.2846484520374839,0.9498679894835554,0.9756594626416222,0.9498679894835554,0.2846484520374839,75.78595745284507,96.66666666666667,6526.482688703151,-0.3225816415747995,0.6241124725350274,0.0017856855482237725,-0.032358164157479954
R,0.25,1,0.4698770059347952,0.8420011318685959,0.8982911572004257,0.8420011318685959,0.4698770059347952,63.963265662266956,96.66666666666667,5632.041390493819,-3.646150135442479,0.6095975355168054,0.06885960517978447,-0.3647150135442479
R,0.25,1,0.5129363783454607,0.9626751182412153,0.8374009152405812,0.9626751182412153,0.5129363783454607,69.62874006288258,96.66666666666667,6594.927732874401,-0.07517311683432076,0.6249009768847714,0.0001993174267764199,-0.007617311683432076
R,0.25,1,0.6855667253033075,0.8146708903164521,0.8542893454794841,0.8146708903164521,0.6855667253033075,68.21464613682211,96.66666666666667,6573.785038541092,-0.30112692967146765,0.6244568189799761,0.001561934853408028,-0.030212692967146765
R,0.25,1,0.20002581895807625,0.9874072547375807,0.9385364950281453,0.9874072547375807,0.20002581895807625,73.92481117926879,96.66666666666667,6123.56661754372,-1.7545011460151811,0.6183016542021077,0.02287915178226706,-0.1755501146015181
R,0.25,1,0.22315140720470406,0.958581305630715,0.9070314672885245,0.958581305630715,0.22315140720470406,78.00562819457933,96.66666666666667,6377.929116092874,-0.9496964152612433,0.6219532525659128,0.008937452472183246,-0.09506964152612432
R,0.25,1,0.6511789625161558,0.7215034673830203,0.8796713088174309,0.7215034673830203,0.6511789625161558,61.189564372460616,96.66666666666667,5545.359599800336,-4.102322466470565,0.6076870804338818,0.08113185778058156,-0.4103322466470566
R,0.25,1,0.2701913204749137,0.9399061882289308,0.9102516369696169,0.9399061882289308,0.2701913204749137,78.742827822473,96.66666666666667,6556.219686939086,-0.33168674205440785,0.6242097994897005,0.0018252278054102882,-0.03326867420544079
R,0.25,1,0.44135947276235277,0.8447496681290259,0.9143281248340192,0.8447496681290259,0.44135947276235277,55.120854365940666,96.66666666666667,4804.535417980427,-6.601163545822053,0.5953337293881885,0.18836685136864478,-0.6602163545822053
R,0.25,1,0.6005948743693029,0.9203863463015334,0.885216969653778,0.9203863463015334,0.6005948743693029,69.60061200316586,96.66666666666667,6833.352261287895,0.7889206340583462,0.6268017850245353,8.255788996352803e-19,0.07879206340583463
R,0.25,1,0.5346687164505853,0.46698668666937027,0.8541094152546493,0.46698668666937027,0.5346687164505853,61.41670984588341,96.66666666666667,4387.333716282284,-8.869605095420102,0.5860476199400985,0.2534221415826333,-0.8870605095420101
R,0.25,1,0.9686159447370412,0.9738947747359188,0.8852042075108613,0.9738947747359188,0.9686159447370412,66.66910173996828,96.66666666666667,7950.666473655828,5.000079164180343,0.6357182624552425,8.255788996352803e-19,0.33033845370323506
R,0.25,1,0.5977504374956248,0.9807577231056955,0.8017426755700846,0.9807577231056955,0.5977504374956248,67.14233226525657,96.66666666666667,6645.007797984702,0.14404229921323147,0.625376866228513,8.255788996352803e-19,0.014304229921323148
R,0.25,1,0.6119971120617731,0.9893984242685976,0.9997752446164063,0.9893984242685976,0.6119971120617731,73.90895056268137,96.66666666666667,7765.181654500665,4.289039060813005,0.6341604051297733,8.255788996352803e-19,0.3303122415668435
R,0.25,1,0.455630331368647,0.9123286917906391,0.9424146446768924,0.9123286917906391,0.455630331368647,57.19664736484214,96.66666666666667,5259.707445435961,-4.808483440779706,0.6037456339190012,0.11358029397874299,-0.4809483440779706
R,0.25,1,0.3443899042503846,0.8433500611125367,0.9361611023579354,0.8433500611125367,0.3443899042503846,65.61173453755708,96.66666666666667,5432.062808659354,-4.378796457491533,0.6060670586099626,0.09321182398557293,-0.4379796457491533
R,0.25,1,0.5668480953521471,0.8981982529032795,0.9285462592493917,0.8981982529032795,0.5668480953521471,56.51930567097174,96.66666666666667,5452.1898653633125,-4.1070444557270465,0.6071323046880276,0.08687019608648981,-0.4108044455727047
R,0.25,1,0.633257126543838,0.990086521148778,0.6711982479043094,0.990086521148778,0.633257126543838,67.60490317770996,96.66666666666667,6621.706820385976,-0.0506423800534784,0.6250802710681084,0.00010879110431392955,-0.00516423800534784
R,0.25,1,0.5051286956788293,0.8560492644837895,0.8507659581164861,0.8560492644837895,0.5051286956788293,80.12853903954951,96.66666666666667,7157.725898244654,1.6735418390738666,0.6289798464236572,8.255788996352803e-19,0.16725418390738667
R,0.25,1,0.5764596260015439,0.8015254922919235,0.8013493507592121,0.8015254922919235,0.5764596260015439,64.45795735065272,96.66666666666667,5732.438856094986,-3.422609786217525,0.6109140801292007,0.060500187104830856,-0.34236097862175247
R,0.25,1,0.4923010984567842,0.9420659562026666,0.9043190504078452,0.9420659562026666,0.4923010984567842,91.15316504041813,96.66666666666667,8598.143434371083,6.836559797590848,0.6399689872797948,8.255788996352803e-19,0.33068383882163477
R,0.25,1,0.6519559868017949,0.967426014178259,0.9191447253736555,0.967426014178259,0.6519559868017949,63.008521322508315,96.66666666666667,6549.592017581322,-0.053420029743223914,0.6247806175743468,0.00012319081596093745,-0.0054420029743223915
R,0.25,1,0.598886615259431,0.8430173781282867,0.8173856401020917,0.8430173781282867,0.598886615259431,72.70345723617177,96.66666666666667,6727.239314362045,0.18539160352116923,0.6257460636698073,8.255788996352803e-19,0.018439160352116922
R,0.25,1,0.470483742167957,0.9613407034427937,0.9194950714828464,0.9613407034427937,0.470483742167957,68.64039011015863,96.66666666666667,6491.911936072946,-0.36796775969586915,0.6239292714874908,0.0022031871265196378,-0.03689677596958692
R,0.25,1,0.4756052504843713,0.9420305822119881,0.9660215738675337,0.9420305822119881,0.4756052504843713,71.58085100925045,96.66666666666667,6802.4951250489785,0.7366922821398904,0.6265925258576127,8.255788996352803e-19,0.07356922821398904
R,0.25,1,0.5555344116486972,0.9388831837695397,0.7318805395515602,0.9388831837695397,0.5555344116486972,59.22133266488937,96.66666666666667,5508.643600519914,-4.0562554432046944,0.6076141988367202,0.08251191044643802,-0.4057255443204695
R,0.25,1,0.1877527288905072,0.1492860882508087,0.896996151028301,0.1492860882508087,0.1877527288905072,66.55873229276811,96.66666666666667,2614.2169872174054,-16.288172359157752,0.5483469083441105,0.42692191760906334,-1.6289172359157753
R,0.25,1,0.530312749866,0.9133712855131696,0.7225379612765519,0.9133712855131696,0.530312749866,75.67583068907554,96.66666666666667,6829.565942093623,0.5136746298946195,0.6264831027408128,8.255788996352803e-19,0.05126746298946196
R,0.25,1,0.4023028383282261,0.9861557629920816,0.8321753664928299,0.9861557629920816,0.4023028383282261,74.34363736670151,96.66666666666667,6707.826729562849,0.28360567100949996,0.625723104763589,8.255788996352803e-19,0.028260567100949995
R,0.25,1,0.3066320386807351,0.9774821273302592,0.9972882756208975,0.9774821273302592,0.3066320386807351,69.92299546324423,96.66666666666667,6232.790039508387,-1.2544357186040405,0.6204367799672635,0.01407941822936315,-0.12554357186040405
R,0.25,1,0.4838298026072441,0.9786354105747133,0.8112079283805839,0.9786354105747133,0.4838298026072441,71.59883085765874,96.66666666666667,6687.578453054069,0.22825650431025657,0.6256067238250779,8.255788996352803e-19,0.022725650431025656
R,0.25,1,0.6500030083516526,0.9490190560272687,0.7942922290911619,0.9490190560272687,0.6500030083516526,67.66712964691932,96.66666666666667,6753.748548016957,0.48914143690131573,0.6261852760962294,8.255788996352803e-19,0.048814143690131574
R,0.25,1,0.33655376433845247,0.8428894041350357,0.867522584208503,0.8428894041350357,0.33655376433845247,73.85709618636494,96.66666666666667,5957.329850658154,-2.6220004541885675,0.6146592520993812,0.0399754074279962,-0.26230004541885676
R,0.25,1,0.579774957605238,0.9997723976324963,0.17866066639683809,0.9997723976324963,0.579774957605238,66.73793182689155,96.66666666666667,5568.872269913617,-4.399712322118042,0.6069361382278758,0.08444678453735317,-0.4400712322118042
R,0.25,1,0.20178422180588224,0.9845294701975583,0.8958171999874173,0.9845294701975583,0.20178422180588224,79.12241141617065,96.66666666666667,6465.180426643789,-0.6243440136816794,0.623161644299315,0.004763019384707225,-0.06253440136816793
R,0.25,1,0.44320109466571544,0.9464501685088733,0.8940240636669302,0.9464501685088733,0.44320109466571544,78.5707753532264,96.66666666666667,7215.4029575797185,2.0660826611305283,0.6296094995009938,8.255788996352803e-19,0.20650826611305284
R,0.25,1,0.7756373698278152,0.9452485540732857,0.9512814041031235,0.9452485540732857,0.7756373698278152,57.36696616639128,96.66666666666667,6300.403431730199,-0.8783892679645249,0.6219286084457214,0.008401472278117352,-0.08793892679645249
R,0.25,1,0.7306373157956104,0.09420792242414466,0.7247856525752303,0.09420792242414466,0.7306373157956104,58.0019264887443,96.66666666666667,3443.1047471097777,-13.290453175797753,0.5679682600807736,0.3580221501923859,-1.3291453175797752
R,0.25,1,0.6412455191020578,0.8547667992623661,0.9551640356584641,0.8547667992623661,0.6412455191020578,61.53295731229566,96.66666666666667,6072.054802039636,-1.9031234392676966,0.6176733032489177,0.025926209616912846,-0.19041234392676964
R,0.25,1,0.4960577446429542,0.8355811420692776,0.8722865258800777,0.8355811420692776,0.4960577446429542,65.26139751426001,96.66666666666667,5768.396679353496,-3.1911927064295877,0.6118340926640744,0.055225684187920426,-0.31921927064295874
R,0.25,1,0.23711163218830833,0.8538910419513602,0.9093303344896203,0.8538910419513602,0.23711163218830833,65.05743146947674,96.66666666666667,5027.858983272238,-5.886870237276957,0.598861345913051,0.15467290937225206,-0.5887870237276958
R,0.25,1,0.5336517374991359,0.23839969977291198,0.5848650925342886,0.23839969977291198,0.5336517374991359,64.38265395574064,96.66666666666667,3426.7151976816062,-13.361336726548698,0.5674686968026583,0.3592022014355566,-1.3362336726548698
R,0.25,1,0.7121993160764974,0.9140354635168096,0.7778593554570793,0.9140354635168096,0.7121993160764974,64.31872922209723,96.66666666666667,6480.640853423918,-0.5145871268921333,0.6236236683989227,0.003576829229745175,-0.051558712689213325
R,0.25,1,0.44135947276235277,0.7954396863725282,0.9679436577021662,0.7954396863725282,0.44135947276235277,58.547566630344626,96.66666666666667,5037.347703733609,-5.7875659225867935,0.5992935785312519,0.15179019894663426,-0.5788565922586794
R,0.25,1,0.7111662124569899,0.9657312410232183,0.8322020994456146,0.9657312410232183,0.7111662124569899,58.58049129016274,96.66666666666667,6130.444029360395,-1.6041683952929862,0.6189569236468017,0.020362556488912716,-0.1605168395292986
R,0.25,1,0.3475665740552786,0.9332420015279852,0.7049629695902114,0.9332420015279852,0.3475665740552786,80.66893866901307,96.66666666666667,6587.788785468567,-0.4463797249053043,0.6241299217574919,0.0027360053667420084,-0.04473797249053043
R,0.25,1,0.6016125642346523,0.9803092643611546,0.6831072960805292,0.9803092643611546,0.6016125642346523,66.35608402475222,96.66666666666667,6381.715017360674,-0.9157413703860605,0.6221795081667387,0.008459145587873081,-0.09167413703860605
R,0.25,1,0.47115974220025436,0.9041027185786816,0.9014602042845914,0.9041027185786816,0.47115974220025436,72.19876312966346,96.66666666666667,6591.720226343855,-0.14892024452750316,0.6247541631250138,0.0005511141825893794,-0.014992024452750316
R,0.25,1,0.651113586529358,0.49483160462005427,0.8017426755700846,0.49483160462005427,0.651113586529358,70.7080030831816,96.66666666666667,5468.6153948506835,-4.960894461000987,0.6045777843379186,0.09968208154983163,-0.49618944610009874
R,0.25,1,0.6793542548319889,0.8866387313199423,0.59426191628919,0.8866387313199423,0.6793542548319889,73.01607905602283,96.66666666666667,6801.900260396212,0.30730258986242426,0.6262056020262958,8.255788996352803e-19,0.030630258986242425
R,0.25,1,0.42721480636737097,0.9123286917906391,0.9750122558524803,0.9123286917906391,0.42721480636737097,63.644923387178935,96.66666666666667,5814.1216738353005,-2.806460394459332,0.6133167955529633,0.04703417968183645,-0.2807460394459332
R,0.25,1,0.4887539605801018,0.9791995360989407,0.9128841278728435,0.9791995360989407,0.4887539605801018,68.34509006467988,96.66666666666667,6576.149395516702,-0.03759198502923791,0.6248736067640815,7.18147720766033e-05,-0.0038591985029237915
R,0.25,1,0.6044626810085796,0.9408758696827801,0.7246038869069987,0.9408758696827801,0.6044626810085796,69.74581368598245,96.66666666666667,6652.496924223142,0.008089838971514537,0.6252684818289682,8.255788996352803e-19,0.0007089838971514538
R,0.25,1,0.5051286956788293,0.9870342674892881,0.29070038944958243,0.9870342674892881,0.5051286956788293,71.74179862340182,96.66666666666667,5873.9069608361915,-3.2552203827952124,0.6122803838086369,0.05238451459325392,-0.32562203827952124
R,0.25,1,0.24136518598750184,0.9428125606229663,0.985540718073929,0.9428125606229663,0.24136518598750184,76.96609766149093,96.66666666666667,6453.407583625626,-0.6080654404258196,0.623159473704457,0.004623353324124816,-0.06090654404258196
R,0.25,1,0.2614145644219435,0.8305889859753355,0.9166196826023303,0.8305889859753355,0.2614145644219435,89.18314937817432,96.66666666666667,6913.091539741321,0.6571503935925169,0.6268592816151916,8.255788996352803e-19,0.0656150393592517
R,0.25,1,0.26164625902905614,0.9889053013394562,0.8013493507592121,0.9889053013394562,0.26164625902905614,71.5540975289843,96.66666666666667,5907.600155756925,-2.635283983789509,0.6143330012208954,0.041484243857173725,-0.26362839837895086
R,0.25,1,0.42231432006142894,0.9770790268221532,0.925078526445761,0.9770790268221532,0.42231432006142894,66.89682665789725,96.66666666666667,6227.869153348911,-1.2876015779716279,0.6203480740000878,0.014591820202019158,-0.12886015779716278
R,0.25,1,0.6218592065251367,0.9777417736574362,0.9140381833527024,0.9777417736574362,0.6218592065251367,72.70345723617177,96.66666666666667,7476.169472272391,3.1768232277235025,0.6318588933599018,8.255788996352803e-19,0.31758232277235027
R,0.25,1,0.34337104427063314,0.9207890593685452,0.8320266880858004,0.9207890593685452,0.34337104427063314,73.32570124405258,96.66666666666667,6159.994813146295,-1.7945020499730095,0.6184177021242894,0.022972757171159822,-0.17955020499730096
R,0.25,1,0.5018745261579919,0.8902176764364192,0.9755338433464789,0.8902176764364192,0.5018745261579919,69.0414099730986,96.66666666666667,6489.406224511647,-0.42419524224580557,0.6238025010708662,0.0027072250659618915,-0.04251952422458056
R,0.25,1,0.5063823954778031,0.21138822138215452,0.896996151028301,0.21138822138215452,0.5063823954778031,62.657655987904846,96.66666666666667,3653.7831258120245,-12.081354493839992,0.5724681966353279,0.33602340259828894,-1.208235449383999
R,0.25,1,0.4362199414486462,0.05303876697767784,0.8531664622289216,0.05303876697767784,0.4362199414486462,69.49023836725064,96.66666666666667,3182.1037342707136,-14.392821234011361,0.5614780473635369,0.3809515536071851,-1.4393821234011361
R,0.25,1,0.26583815463808214,0.7331076247483777,0.6524426367306287,0.7331076247483777,0.26583815463808214,64.60980512096951,96.66666666666667,4280.939396923144,-9.115466292603033,0.5845310449893142,0.26507700578751286,-0.9116466292603033
R,0.25,1,0.4501600527434111,0.9861557629920816,0.6437029764422022,0.9861557629920816,0.4501600527434111,82.03375284335598,96.66666666666667,7211.453103502238,1.818427638953302,0.6293364966283209,8.255788996352803e-19,0.18174276389533023
R,0.25,1,0.6329897625871086,0.1181105733927097,0.8224772064817361,0.1181105733927097,0.6329897625871086,64.47539201420011,96.66666666666667,3747.1129379811628,-12.03039682535467,0.5735010013898053,0.3284264637240884,-1.203139682535467
R,0.25,1,0.3451509113915028,0.9465005437805858,0.954305456428011,0.9465005437805858,0.3451509113915028,73.59328431827176,96.66666666666667,6508.605458564066,-0.37605480808172664,0.6239461943008879,0.0022525561380217856,-0.03770548080817267
R,0.25,1,0.7806713566363288,0.6674560582333549,0.8979148555762674,0.6674560582333549,0.7806713566363288,76.544660784569,96.66666666666667,7260.585788039505,1.9093773757079908,0.6297050768135164,8.255788996352803e-19,0.19083773757079908
R,0.25,1,0.09344800434186074,0.8431791744879455,0.9476309799036646,0.8431791744879455,0.09344800434186074,61.34362342497308,96.66666666666667,4326.083196812743,-8.444948078301344,0.5866061297353848,0.25519358986187135,-0.8445948078301344
R,0.25,1,0.7211216830539604,0.9429127086485475,0.6939018087947212,0.9429127086485475,0.7211216830539604,64.84312367571319,96.66666666666667,6519.928413252224,-0.41541682999062446,0.6240141991387118,0.002570145876111216,-0.04164168299906244
R,0.25,1,0.3718014753810328,0.1785163524859087,0.9361845664025509,0.1785163524859087,0.3718014753810328,74.60923620332206,96.66666666666667,3799.140026427002,-11.707011007198872,0.5745166960428518,0.32223519135689505,-1.170801100719887
R,0.25,1,0.789059192583799,0.8749220219345399,0.954840572819384,0.8749220219345399,0.789059192583799,69.4274078885457,96.66666666666667,7433.597772903719,2.9948470769742164,0.6315350305752121,8.255788996352803e-19,0.29938470769742165
R,0.25,1,0.41421241976727974,0.10393874425826244,0.8642929922856164,0.10393874425826244,0.41421241976727974,73.25814753146578,96.66666666666667,3480.8523093709873,-13.162147104058919,0.5685979331620066,0.35383446926647166,-1.3163147104058919
R,0.25,1,0.4864352907462033,0.8461302829170527,0.9264304770893063,0.8461302829170527,0.4864352907462033,66.16405551656732,96.66666666666667,5940.807067725523,-2.502672060957136,0.6149991825692859,0.03837103678591479,-0.25036720609571356
R,0.25,1,0.6412455191020578,0.8537892424574854,0.6437029764422022,0.8537892424574854,0.6412455191020578,82.03375284335598,96.66666666666667,7452.299877949868,2.5174480623789544,0.6310642459816758,8.255788996352803e-19,0.2516448062378954
R,0.25,1,0.40670337415815555,0.9649185955360174,0.8872455178829993,0.9649185955360174,0.40670337415815555,72.52304974075705,96.66666666666667,6582.354187324596,-0.12395155125136664,0.6247443222470939,0.0004228171976144697,-0.012495155125136664
R,0.25,1,0.3935126503905452,0.9810990752936195,0.9556025006363896,0.9810990752936195,0.3935126503905452,70.79209200434853,96.66666666666667,6556.809491360405,-0.1103165027978564,0.6246612063055217,0.0003615583073089978,-0.01113165027978564
R,0.25,1,0.886857485384619,0.958581305630715,0.9405350244137295,0.958581305630715,0.886857485384619,68.4208586967522,96.66666666666667,7922.130687797223,4.885508898704414,0.6354665925406963,8.255788996352803e-19,0.3303379019447036
R,0.25,1,0.520110962604674,0.9091401692364538,0.27341035633959543,0.9091401692364538,0.520110962604674,56.316153252075985,96.66666666666667,4409.431777031536,-8.643476506087987,0.5868494674199627,0.24942485108826137,-0.8644476506087987
R,0.25,1,0.3628363265643393,0.759680952297493,0.8930263012341477,0.759680952297493,0.3628363265643393,69.45191884383439,96.66666666666667,5448.6087025837805,-4.528787938080022,0.6056773209848282,0.094649166598011,-0.4529787938080022
R,0.25,1,0.9488909387103301,0.7954396863725282,0.8808833704151844,0.7954396863725282,0.9488909387103301,61.43932076638556,96.66666666666667,6711.5463386726115,0.3353992810607018,0.625915053529187,8.255788996352803e-19,0.03343992810607018
R,0.25,1,0.643903335267175,0.5871015921117468,0.7049629695902114,0.5871015921117468,0.643903335267175,51.60049455117588,96.66666666666667,4085.434099162348,-9.849767596825078,0.5812828574029519,0.28797319603102267,-0.9850767596825077
R,0.25,1,0.579549170373362,0.9803092643611546,0.7719965147758288,0.9803092643611546,0.579549170373362,63.261335033555135,96.66666666666667,6154.874606382123,-1.6254086178891127,0.6189934260707027,0.02040706331089019,-0.16264086178891127
R,0.25,1,0.6793542548319889,0.1448895439008273,0.8741968457944327,0.1448895439008273,0.6793542548319889,66.20132406444932,96.66666666666667,4175.126258515112,-10.290755318157201,0.5810313914250512,0.28279212677584387,-1.02917553181572
R,0.25,1,0.3762244596308112,0.8906444863329143,0.8017426755700846,0.8906444863329143,0.3762244596308112,77.0122283694448,96.66666666666667,6421.8197796491395,-0.9604536409031047,0.6221744664027784,0.008812679054210772,-0.09614536409031046
R,0.25,1,0.6788072456128326,0.8649965886980342,0.9269550592902813,0.8649965886980342,0.6788072456128326,77.8131085981855,96.66666666666667,7809.640138031134,4.167818974237749,0.6342006662869651,8.255788996352803e-19,0.3303415393345925
R,0.25,1,0.2903457430713386,0.923559064656421,0.051318484995597324,0.923559064656421,0.2903457430713386,73.24600442522892,96.66666666666667,4539.655695408796,-8.635221348542718,0.5878066112144495,0.23694579496502652,-0.8636221348542718
R,0.25,1,0.6044626810085796,0.9408758696827801,0.9454168262088685,0.9408758696827801,0.6044626810085796,69.74581368598245,96.66666666666667,7037.5163773232025,1.610259019648479,0.6284768887132142,8.255788996352803e-19,0.1609259019648479
R,0.25,1,0.5718552008842339,0.7856218452891526,0.891759839758472,0.7856218452891526,0.5718552008842339,80.12853903954951,96.66666666666667,7225.017952829555,1.8630559890754133,0.6294580318150016,8.255788996352803e-19,0.18620559890754135
R,0.25,1,0.49872548452626075,0.9816871012880605,0.8755209738209927,0.9816871012880605,0.49872548452626075,70.18712502257999,96.66666666666667,6731.5526635141605,0.47273153213293106,0.6260420269299698,8.255788996352803e-19,0.04717315321329311
R,0.25,1,0.4432392807042912,0.9698623671696514,0.7027532837561989,0.9698623671696514,0.4432392807042912,75.85470493887654,96.66666666666667,6692.199002009733,0.06408948656155496,0.6254437001520454,8.255788996352803e-19,0.006308948656155495
R,0.25,1,0.5718922594218196,0.9534470278284489,0.7710911525898602,0.9534470278284489,0.5718922594218196,75.7020978087448,96.66666666666667,7232.899642067428,2.0832243320831494,0.6297352966096477,8.255788996352803e-19,0.20822243320831496
R,0.25,1,0.470483742167957,0.9145939240765621,0.9158299816998186,0.9145939240765621,0.470483742167957,61.88022664518537,96.66666666666667,5702.240166320781,-3.24405371447343,0.611297419593634,0.058687651539229904,-0.324505371447343
R,0.25,1,0.5526737501929982,0.9906457409640524,0.8045671227203506,0.9906457409640524,0.5526737501929982,67.86411043552407,96.66666666666667,6601.831020986088,-0.012748067592075118,0.6250273852256549,1.4045508908616721e-05,-0.0013748067592075116
R,0.25,1,0.4535804069244232,0.8953023105243203,0.928922560560261,0.8953023105243203,0.4535804069244232,73.77580719063856,96.66666666666667,6689.045857337357,0.19373352197402965,0.6255612444211157,8.255788996352803e-19,0.019273352197402966
R,0.25,1,0.6228940640527709,0.9070188626646782,0.925078526445761,0.9070188626646782,0.6228940640527709,72.64504584672828,96.66666666666667,7237.089034281471,2.2292366097542353,0.6299166460180975,8.255788996352803e-19,0.22282366097542355
R,0.25,1,0.35900258809830293,0.8667629015889339,0.896996151028301,0.8667629015889339,0.35900258809830293,64.48993280726428,96.66666666666667,5398.65724107441,-4.491660980163644,0.6055210402616971,0.09744787258135412,-0.4492660980163644
R,0.25,1,0.5296440758276275,0.20950714921105662,0.8168924314949773,0.20950714921105662,0.5296440758276275,65.447912584361,96.66666666666667,3755.3928493304925,-11.8411732130793,0.5739184543002782,0.32675087352043725,-1.18421732130793
R,0.25,1,0.5993462050856142,0.9272225182840124,0.7174388714566364,0.9272225182840124,0.5993462050856142,72.35218969713844,96.66666666666667,6820.236326041171,0.5532256095322561,0.6265072095210729,8.255788996352803e-19,0.055222560953225606
R,0.25,1,0.4709407948526832,0.9495355152281747,0.9422420496579232,0.9495355152281747,0.4709407948526832,75.67583068907554,96.66666666666667,7157.409982427101,1.9508755953090058,0.6292714342529223,8.255788996352803e-19,0.19498755953090058
R,0.25,1,0.6329897625871086,0.8803640578479252,0.8556231119424075,0.8803640578479252,0.6329897625871086,66.7275297337189,96.66666666666667,6476.458518610642,-0.5482101866696877,0.623507510335309,0.0039249344502146405,-0.05492101866696877
R,0.25,1,0.4838298026072441,0.6309191942359103,0.8938306648568548,0.6309191942359103,0.4838298026072441,64.7616666799839,96.66666666666667,5056.799237915341,-6.103246591980543,0.598433002742104,0.15456196684360948,-0.6104246591980543
R,0.25,1,0.24237958614467692,0.8450602329416335,0.8639602597792708,0.8450602329416335,0.24237958614467692,65.19949407457817,96.66666666666667,4953.270598002651,-6.221975525895567,0.597357404892135,0.16773794893907293,-0.6222975525895567
R,0.25,1,0.33655376433845247,0.4985496987023398,0.8653522148606844,0.4985496987023398,0.33655376433845247,69.9649254226846,96.66666666666667,4435.005155020802,-8.749763381580237,0.5866372027554857,0.2479572677718008,-0.8750763381580237
R,0.25,1,0.5393704210071549,0.9997723976324963,0.6638716588263133,0.9997723976324963,0.5393704210071549,65.06638233583601,96.66666666666667,6087.215934731157,-1.9767021386881098,0.6175125994010295,0.026857045638649466,-0.19777021386881097
R,0.25,1,0.499298541215715,0.9660154468393477,0.9525972053917366,0.9660154468393477,0.499298541215715,67.64049139740993,96.66666666666667,6566.581487089557,-0.04364237839523612,0.6248281233960032,9.019975261315987e-05,-0.0044642378395236115
R,0.25,1,0.6829784261699855,0.902860811297514,0.4674462295757732,0.902860811297514,0.6829784261699855,78.5707753532264,96.66666666666667,7148.2212410123075,1.3737077322298754,0.6287003803994536,8.255788996352803e-19,0.13727077322298756
R,0.25,1,0.40360342041102215,0.5406878827915333,0.9958393012687174,0.5406878827915333,0.40360342041102215,68.7880289834351,96.66666666666667,4960.342444638061,-6.554533480412093,0.596409933310434,0.17165750053882214,-0.6555533480412093
R,0.25,1,0.45734839639008795,0.882010372130015,0.9155873203341275,0.882010372130015,0.45734839639008795,77.24094235438879,96.66666666666667,6940.687357313763,1.0251527650269858,0.6274320923925485,8.255788996352803e-19,0.10241527650269859
R,0.25,1,0.4442068776478652,0.96897421923399,0.8374009152405812,0.96897421923399,0.4442068776478652,70.42189012189651,96.66666666666667,6450.228077373955,-0.6119457104773296,0.6232004491087744,0.004663818770073283,-0.06129457104773296
R,0.25,1,0.5531419202798062,0.9655794087124139,0.7978532255036742,0.9655794087124139,0.5531419202798062,69.32238012747155,96.66666666666667,6646.795978412247,0.09009084604611342,0.6253164581991698,8.255788996352803e-19,0.008909084604611341
R,0.25,1,0.6829784261699855,0.902860811297514,0.7604049514978396,0.902860811297514,0.6829784261699855,63.51570725198482,96.66666666666667,6243.726495092239,-1.4076527379048267,0.6201463066792887,0.016153414291947155,-0.14086527379048266
R,0.25,1,0.4151580847199709,0.5132849060569008,0.8854665521488141,0.5132849060569008,0.4151580847199709,69.5055137847413,96.66666666666667,4765.215545847083,-7.456833805841316,0.5925081989727767,0.20317468111600878,-0.7457833805841316
R,0.25,1,0.4984121984686809,0.9279989674235918,0.7778593554570793,0.9279989674235918,0.4984121984686809,67.94767799380944,96.66666666666667,6167.409754567866,-1.719120746335109,0.6187464457762734,0.021693093766614695,-0.1720120746335109
R,0.25,1,0.19275459597721095,0.7223331195378054,0.9125216562523664,0.7223331195378054,0.19275459597721095,69.45191884383439,96.66666666666667,4762.139387978955,-7.118326968679319,0.593370749103695,0.19966721982158858,-0.7119326968679319
R,0.25,1,0.9488909387103301,0.7954396863725282,0.5687505638942311,0.7954396863725282,0.9488909387103301,64.760675623343,96.66666666666667,6569.0182590163995,-0.5360834380908301,0.6240328885245787,0.0035632618605760686,-0.053708343809083015
R,0.25,1,0.46768032304127954,0.6970329646552957,0.8547095088549883,0.6970329646552957,0.46768032304127954,69.89039955448119,96.66666666666667,5563.5135790985905,-4.23482920903901,0.6073154015182979,0.08244261308591702,-0.423582920903901
R,0.25,1,0.9686159447370412,0.4348193976395709,0.7650949034215057,0.4348193976395709,0.9686159447370412,62.61313333147901,96.66666666666667,5591.2989406959805,-4.477990610014987,0.6069326608660646,0.0840414315107615,-0.44789906100149873
R,0.25,1,0.3815822608253998,0.9502410288108228,0.8890097355767306,0.9502410288108228,0.3815822608253998,70.84790785837065,96.66666666666667,6292.456681172326,-1.1777099739394277,0.6209709411962894,0.012505263437590168,-0.11787099739394276
R,0.25,1,0.4821849360482259,0.839256564284768,0.8204069480285956,0.839256564284768,0.4821849360482259,77.65552167745419,96.66666666666667,6723.589692154035,0.08166098590529708,0.6255893949733079,8.255788996352803e-19,0.008066098590529707
R,0.25,1,0.6121609487168701,0.8866387313199423,0.7248255694861007,0.8866387313199423,0.6121609487168701,74.0047157740672,96.66666666666667,6886.92497255924,0.7211449964454043,0.6269503484929426,8.255788996352803e-19,0.07201449964454043
R,0.25,1,0.5653936303261672,0.9735370845706416,0.838378513549038,0.9735370845706416,0.5653936303261672,66.84245826662755,96.66666666666667,6544.277624374531,-0.19898047764223847,0.6245016638582617,0.0008699230447668456,-0.01999804776422385
R,0.25,1,0.4664406216487094,0.9255321472138275,0.8738892992468263,0.9255321472138275,0.4664406216487094,74.6125800776525,96.66666666666667,6823.012367109821,0.6596848985261334,0.626589206088829,8.255788996352803e-19,0.06586848985261334
R,0.25,1,0.37584099585621356,0.4429145362363972,0.38896798765479346,0.4429145362363972,0.37584099585621356,69.16020853183589,96.66666666666667,3503.7928452663127,-12.988584525682924,0.5692436090915184,0.3515139694781895,-1.2989584525682925
R,0.25,1,0.4998838848394482,0.9975586876613827,0.7492233329533488,0.9975586876613827,0.4998838848394482,70.98314832667657,96.66666666666667,6644.2151860461945,0.04974782601646527,0.6252528081384934,8.255788996352803e-19,0.004874782601646527
R,0.25,1,0.6533240622908556,0.6694531174795513,0.9123927963207429,0.6694531174795513,0.6533240622908556,76.10578230958893,96.66666666666667,6769.508792825517,0.13287573458676694,0.6258697124670949,8.255788996352803e-19,0.013187573458676693
R,0.25,1,0.48107679135643544,0.9698623671696514,0.8887317223502225,0.9698623671696514,0.48107679135643544,68.84954233745967,96.66666666666667,6524.544159815873,-0.2672922173591973,0.6242709854669293,0.0013575853416847561,-0.026829221735919728
R,0.25,1,0.5964160168744154,0.8570683452271537,0.9687569435706641,0.8570683452271537,0.5964160168744154,68.76978228547308,96.66666666666667,6663.320259275604,0.17213797944784467,0.6254708952761084,8.255788996352803e-19,0.017113797944784466
R,0.25,1,0.5037666898811078,0.9420305822119881,0.925078526445761,0.9420305822119881,0.5037666898811078,67.07123134479967,96.66666666666667,6399.724062195566,-0.7001002357082693,0.6227777906145695,0.005803757068740285,-0.07011002357082693
R,0.25,1,0.35884037284206816,0.8907309931817394,0.8783508323738141,0.8907309931817394,0.35884037284206816,72.96533677207952,96.66666666666667,6160.998884338522,-1.7826025195253772,0.6184627132021107,0.022776984497293234,-0.1783602519525377
R,0.25,1,0.09730655867211324,0.8953023105243203,0.7946278457076181,0.8953023105243203,0.09730655867211324,62.830476543232685,96.66666666666667,4366.475569140862,-8.384643210816026,0.5870614292531589,0.2509891867529494,-0.8385643210816026
R,0.25,1,0.569767135074819,0.28949420070938703,0.6970063213607626,0.28949420070938703,0.569767135074819,67.86411043552407,96.66666666666667,4098.193158408893,-10.56999882952557,0.5797210019620288,0.2912177021469512,-1.0570998829525569
R,0.25,1,0.42435073522955763,0.7385438691635154,0.88810327051746,0.7385438691635154,0.42435073522955763,66.84079885543278,96.66666666666667,5370.478518803013,-4.814426767972434,0.6043348742968453,0.10493866226212807,-0.48154267679724344
R,0.25,1,0.17853578888084742,0.3773547225780882,0.9408865876795243,0.3773547225780882,0.17853578888084742,66.56651710214659,96.66666666666667,3415.9733401463473,-12.679307476626615,0.568093474678187,0.3564462662345646,-1.2680307476626616
R,0.25,1,0.3672889550449562,0.8766808177523858,0.6077682883238422,0.8766808177523858,0.3672889550449562,75.55133904580042,96.66666666666667,5847.121803677975,-3.2607197507301677,0.6120274430507495,0.05355721438930398,-0.32617197507301676
R,0.25,1,0.6653088370738092,0.8246914073349958,0.4659926576387904,0.8246914073349958,0.6653088370738092,72.35218969713844,96.66666666666667,6233.128745686312,-1.9927640509920514,0.6183558888890166,0.02468792970230566,-0.19937640509920512
R,0.25,1,0.5830276474003312,0.8369311436224703,0.7701526381359681,0.8369311436224703,0.5830276474003312,70.5878539530394,96.66666666666667,6370.677736559838,-1.1405372189242458,0.6215137115169473,0.011397835960186712,-0.11415372189242456
R,0.25,1,0.5449430586281492,0.9751911344868277,0.9058628730380703,0.9751911344868277,0.5449430586281492,71.59883085765874,96.66666666666667,7063.459614361279,1.680640404230378,0.6286404661823212,8.255788996352803e-19,0.1679640404230378
R,0.25,1,0.7658890573490411,0.8450602329416335,0.9525884658732899,0.8450602329416335,0.7658890573490411,76.21481245827168,96.66666666666667,7953.943683875618,4.721194649755835,0.6353666387703732,8.255788996352803e-19,0.3303845171975481
R,0.25,1,0.5742683328555462,0.7809648786506178,0.819885816431489,0.7809648786506178,0.5742683328555462,87.79464597786519,96.66666666666667,7748.650625978336,3.550635325152818,0.6332625265282594,8.255788996352803e-19,0.3303641922849251
R,0.25,1,0.6429186253940191,0.7157588081755369,0.6939018087947212,0.7157588081755369,0.6429186253940191,53.933847220085326,96.66666666666667,4599.5549097077865,-7.741977405986028,0.5906568260821035,0.22264517566899775,-0.7742977405986029
R,0.25,1,0.6441942163680247,0.9583415370831134,0.7997397298621908,0.9583415370831134,0.6441942163680247,74.60923620332206,96.66666666666667,7469.89768783696,2.9992584717228734,0.6316484933448054,8.255788996352803e-19,0.29982584717228733
R,0.25,1,0.6806190695566237,0.9596182837304205,0.8688203876650858,0.9596182837304205,0.6806190695566237,78.5707753532264,96.66666666666667,8150.333318092761,5.455918031786307,0.6368844996081592,8.255788996352803e-19,0.330467314938067
R,0.25,1,0.4114933987384523,0.6422211957832157,0.868426457422407,0.6422211957832157,0.4114933987384523,69.83506432263724,96.66666666666667,5195.476762145459,-5.67138520626702,0.6005954295303427,0.13373414357283714,-0.5672385206267021
R,0.25,1,0.23346279507635787,0.7913576498736276,0.9254974764374212,0.7913576498736276,0.23346279507635787,75.01955432538179,96.66666666666667,5579.838857474389,-4.048829820719183,0.6079176946215422,0.07866662555898495,-0.4049829820719183
R,0.25,1,0.8968799122943591,0.8407504858644324,0.8979044710831773,0.8407504858644324,0.8968799122943591,59.95219905207868,96.66666666666667,6554.521864971182,-0.1486672116531487,0.6246982800157082,0.0005610380806819503,-0.01496672116531487
R,0.25,1,0.38630194077242375,0.9655794087124139,0.878371383458778,0.9655794087124139,0.38630194077242375,68.9917365097888,96.66666666666667,6178.441268940947,-1.5579957465609777,0.6192691714611795,0.019125071534772407,-0.15589957465609777
R,0.25,1,0.4052929128446644,0.8973865842558741,0.9898212769621264,0.8973865842558741,0.4052929128446644,72.8521393938959,96.66666666666667,6547.914356524154,-0.2513787600293234,0.6243713114288785,0.0012244055774180192,-0.02523787600293234
R,0.25,1,0.6722538348173448,0.02338805832778912,0.9116164433307522,0.02338805832778912,0.6722538348173448,69.48688836036958,96.66666666666667,4000.5342790186323,-11.20582100562149,0.5775346976012661,0.30320008699971956,-1.1206821005621488
R,0.25,1,0.5671502463665903,0.9133578572023826,0.6697131521373596,0.9133578572023826,0.5671502463665903,69.16894017595841,96.66666666666667,6278.342546170235,-1.4471894380773562,0.6201830428294428,0.016377329369432474,-0.1448189438077356
R,0.25,1,0.28901694860242977,0.9460659253183712,0.9683736922259941,0.9460659253183712,0.28901694860242977,67.782877321255,96.66666666666667,5826.852425759967,-2.78402538440716,0.6134212572551284,0.04630274084376287,-0.278502538440716
R,0.25,1,0.7085391762745996,0.9758438832689464,0.31406334960620463,0.9758438832689464,0.7085391762745996,57.88185225539735,96.66666666666667,5329.224779718223,-5.043567972101526,0.6035030923994337,0.11138651885352284,-0.5044567972101526
R,0.25,1,0.5653137156023057,0.987016043072956,0.9014602042845914,0.987016043072956,0.5653137156023057,66.13879647119785,96.66666666666667,6623.998422711916,0.17549599221297782,0.6253162139484066,8.255788996352803e-19,0.017449599221297782
R,0.25,1,0.5025424964835519,0.9202552947004476,0.9361504781510055,0.9202552947004476,0.5025424964835519,69.77379149669032,96.66666666666667,6596.669028002076,-0.03921543264114297,0.6249535779936248,7.555626766394955e-05,-0.004021543264114297
R,0.25,1,0.5977504374956248,0.9807577231056955,0.8160604444407527,0.9807577231056955,0.5977504374956248,62.67320491905838,96.66666666666667,6225.136357307952,-1.3167736857928733,0.6202965514325661,0.015021587040774324,-0.13177736857928732
R,0.25,1,0.2979659026751325,0.301800863040501,0.9486541454206,0.301800863040501,0.2979659026751325,70.87278771142115,96.66666666666667,3806.201229645334,-11.3770687868229,0.5752549362344554,0.3199705008035469,-1.13780687868229
R,0.25,1,0.4612358906663473,0.8866387313199423,0.8894581779936902,0.8866387313199423,0.4612358906663473,73.01607905602283,96.66666666666667,6544.444713863223,-0.3690984226422004,0.6241398276630795,0.0021413416561121288,-0.037009842264220036
R,0.25,1,0.6788072456128326,0.9111769497870771,0.6984322832608221,0.9111769497870771,0.6788072456128326,70.86374255066745,96.66666666666667,6870.949671874211,0.7294611465754217,0.6269145961397337,8.255788996352803e-19,0.07284611465754218
R,0.25,1,0.35877667790846374,0.8339237656616649,0.8929541935400083,0.8339237656616649,0.35877667790846374,74.6125800776525,96.66666666666667,6115.1632745058805,-2.040434760236491,0.6173915551479402,0.027447428434496598,-0.20414347602364907
R,0.25,1,0.42170956483005423,0.6814403864309969,0.7246038869069987,0.6814403864309969,0.42170956483005423,65.75350999956703,96.66666666666667,4817.930290649882,-7.1134857193734105,0.5938587190610736,0.1937368640710378,-0.7114485719373411
R,0.25,1,0.5244551130398696,0.9975586876613827,0.05031288672835965,0.9975586876613827,0.5244551130398696,65.80168331790244,96.66666666666667,5090.32032194377,-6.319303109019696,0.5981175327305145,0.15359647094077858,-0.6320303109019696
R,0.25,1,0.5094155197642726,0.3074487697299362,0.8755209738209927,0.3074487697299362,0.5094155197642726,70.18712502257999,96.66666666666667,4402.925301897175,-9.189275507031388,0.5853776649640597,0.254461187107322,-0.9190275507031387
R,0.25,1,0.4432392807042912,0.9286133335393125,0.9882478611482068,0.9286133335393125,0.4432392807042912,75.91140691877602,96.66666666666667,7082.445239727433,1.6869999299273133,0.6286889311074275,8.255788996352803e-19,0.16859999299273135
R,0.25,1,0.5546655435634903,0.9600959982388777,0.7956785812424526,0.9600959982388777,0.5546655435634903,68.28904371052846,96.66666666666667,6530.484092308397,-0.3281209099890678,0.6241955528323204,0.001820551783470444,-0.03291209099890678
R,0.25,1,0.4500402920804708,0.09951867977906992,0.8430796101675334,0.09951867977906992,0.4500402920804708,66.05430402505587,96.66666666666667,3207.262692528657,-14.158967221643984,0.5622784659484175,0.3783919007796681,-1.4159967221643983
R,0.25,1,0.5526737501929982,0.9604609703399019,0.8045671227203506,0.9604609703399019,0.5526737501929982,72.38244037328097,96.66666666666667,6932.132478950891,1.0819344779020543,0.6274924412474171,8.255788996352803e-19,0.10809344779020544
R,0.25,1,0.5414938300858944,0.9803970687451283,0.9539370063715547,0.9803970687451283,0.5414938300858944,65.85356786296828,96.66666666666667,6581.601163962277,0.059836667092835444,0.6250183317639431,8.255788996352803e-19,0.005883666709283544
R,0.25,1,0.4535804069244232,0.13054476439406792,0.9561906916938582,0.13054476439406792,0.4535804069244232,73.77580719063856,96.66666666666667,3918.308803416821,-11.310003277505263,0.576459458830847,0.3105168118741779,-1.1311003277505263
R,0.25,1,0.6872926165049393,0.8324670207209005,0.7480926025908134,0.8324670207209005,0.6872926165049393,62.979465470879205,96.66666666666667,5963.544285682241,-2.5430915922212995,0.6150611353803913,0.03841213304006079,-0.2544091592221299
R,0.25,1,0.41973464965564644,0.9536191422783642,0.3000794783831773,0.9536191422783642,0.41973464965564644,71.38679010692299,96.66666666666667,5437.508712835372,-4.914196695470976,0.6044784505509107,0.10136934833645046,-0.4915196695470977
R,0.25,1,0.4588352089376547,0.9788571596002354,0.9608048117248337,0.9788571596002354,0.4588352089376547,72.35218969713844,96.66666666666667,6938.917848725048,1.2628279462753755,0.6276860489396846,8.255788996352803e-19,0.12618279462753756
R,0.25,1,0.30706348077456014,0.9802335107163055,0.8823881854376215,0.9802335107163055,0.30706348077456014,75.99116450697879,96.66666666666667,6567.502516451183,-0.21936162240659432,0.6244891642138849,0.0009916274389304223,-0.02203616224065943
R,0.25,1,0.541366113136551,0.9021665533534096,0.9834802077407627,0.9021665533534096,0.541366113136551,67.61199348597798,96.66666666666667,6542.3824971597,-0.18388798970191697,0.6245093728699166,0.0007758790489355338,-0.0184887989701917
R,0.25,1,0.6322014874327436,0.9786354105747133,0.7965402606316274,0.9786354105747133,0.6322014874327436,64.09170432524387,96.66666666666667,6438.35468085322,-0.5709500360922263,0.6232934341686296,0.004256113646882382,-0.057195003609222625
R,0.25,1,0.5284403501287892,0.49260559647126556,0.8117097905997507,0.49260559647126556,0.5284403501287892,76.544660784569,96.66666666666667,5461.082045822303,-5.082522412628615,0.6041118962721338,0.1022031083616982,-0.5083522412628615
R,0.25,1,0.33655376433845247,0.7180554918676746,0.9352086238404029,0.7180554918676746,0.33655376433845247,87.79464597786519,96.66666666666667,6682.110065817699,-0.2996171501207307,0.6247883500577649,0.00144998938559157,-0.03006171501207307
R,0.25,1,0.7211216830539604,0.9346149303119627,0.8608445689107276,0.9346149303119627,0.7211216830539604,71.84898891337365,96.66666666666667,7494.420376054871,3.1640752504106833,0.6319379815732432,8.255788996352803e-19,0.31630752504106835
R,0.25,1,0.38879335095180145,0.25476573593166874,0.8015154470974193,0.25476573593166874,0.38879335095180145,74.60923620332206,96.66666666666667,3895.7839790317203,-11.372385147776775,0.5761137165238654,0.31266283957461727,-1.1373385147776776
R,0.25,1,0.6185900354706,0.8332062746914618,0.9780762657182176,0.8332062746914618,0.6185900354706,68.79256551962264,96.66666666666667,6675.749029213709,0.19564490802538512,0.6255496764548614,8.255788996352803e-19,0.019464490802538512
R,0.25,1,0.5108684487678032,0.9622871105001278,0.9590321920591792,0.9622871105001278,0.5108684487678032,71.5364123699966,96.66666666666667,6984.356237828364,1.4213250247159934,0.6280451970373158,8.255788996352803e-19,0.14203250247159935
R,0.25,1,0.559928139054395,0.8238961670534087,0.5235967621704342,0.8238961670534087,0.559928139054395,77.24094235438879,96.66666666666667,6355.472355927525,-1.5734516111658379,0.6202302359969305,0.017262228145300977,-0.15744516111658377
R,0.25,1,0.5874643399239338,0.9715554804671571,0.8374009152405812,0.9715554804671571,0.5874643399239338,64.20789613570423,96.66666666666667,6349.262909801543,-0.8763644326729301,0.6221234696698598,0.008137722288509145,-0.087736443267293
R,0.25,1,0.40266256992516847,0.14906466286218645,0.9631303511226421,0.14906466286218645,0.40266256992516847,68.1218014271335,96.66666666666667,3519.487012884653,-12.707626586827429,0.5698969563423235,0.34905171043471933,-1.2708626586827427
R,0.25,1,0.4132883328375837,0.9778387526865944,0.6884990354445513,0.9778387526865944,0.4132883328375837,68.51060239556274,96.66666666666667,5944.584823579002,-2.568759965548495,0.6147998768508964,0.03937467262755941,-0.2569759965548495
R,0.25,1,0.44828083215014625,0.9740994174674201,0.8985007040766968,0.9740994174674201,0.44828083215014625,66.18023427484371,96.66666666666667,6193.247584677755,-1.4304504431773735,0.6197536571224264,0.01702967156718954,-0.14314504431773734
R,0.25,1,0.4971647043886559,0.8568380666441219,0.9187104283412181,0.8568380666441219,0.4971647043886559,69.43795899418119,96.66666666666667,6295.79387091619,-1.2360617620786627,0.6208490398921351,0.013276782173755034,-0.12370617620786625
R,0.25,1,0.3026072499882615,0.7943469905983905,0.9948732310178088,0.7943469905983905,0.3026072499882615,69.45191884383439,96.66666666666667,5536.675217145011,-4.057541209319594,0.6076737825891982,0.08118028372242246,-0.40585412093195944
R,0.25,1,0.3126938041528927,0.7954396863725282,0.9294954469227994,0.7954396863725282,0.3126938041528927,61.43932076638556,96.66666666666667,4831.837671677909,-6.632610921601894,0.5953529986183288,0.18613582269918336,-0.6633610921601895
R,0.25,1,0.7264613314742366,0.2487052175978186,0.9731525903844093,0.2487052175978186,0.7264613314742366,66.12615469522689,96.66666666666667,4832.971672222969,-7.480247034422753,0.5930701283435421,0.19607456763818418,-0.7481247034422753
R,0.25,1,0.47407785270691377,0.4690221385284141,0.8829226769520973,0.4690221385284141,0.47407785270691377,61.836741254869345,96.66666666666667,4280.838034843012,-9.244701848000776,0.5842529085467951,0.2661699166179576,-0.9245701848000776
R,0.25,1,0.5387898552151403,0.9807577231056955,0.8585073730152278,0.9807577231056955,0.5387898552151403,67.14233226525657,96.66666666666667,6542.353102103202,-0.18530750565697654,0.6245119463205872,0.0007844595657553124,-0.018630750565697653
R,0.25,1,0.5259262131582461,0.08361898405004153,0.8798719748693766,0.08361898405004153,0.5259262131582461,66.85697004394581,96.66666666666667,3508.256606168009,-12.982521494954172,0.569308612626753,0.3512964985146908,-1.298352149495417
R,0.25,1,0.5670628064623919,0.9780203594641289,0.59426191628919,0.9780203594641289,0.5670628064623919,73.01607905602283,96.66666666666667,6725.562606064924,0.14874981612809585,0.6257046715067588,8.255788996352803e-19,0.014774981612809584
R,0.25,1,0.27248659281003174,0.9743870316108125,0.21558315905359893,0.9743870316108125,0.27248659281003174,73.2358959599636,96.66666666666667,4960.505996844626,-6.782466654334252,0.5957728291528327,0.17465092356302436,-0.6783466654334253
R,0.25,1,0.47125847974121904,0.8460015373145602,0.8869269196939149,0.8460015373145602,0.47125847974121904,72.2726654788849,96.66666666666667,6362.608942350531,-1.0801956344289039,0.6216014731242606,0.010684666980651382,-0.10811956344289038
R,0.25,1,0.6044626810085796,0.9157131185913492,0.6825063795429933,0.9157131185913492,0.6044626810085796,71.81530583278527,96.66666666666667,6683.954607886066,0.01577187448520691,0.6254046178045264,8.255788996352803e-19,0.001477187448520691
R,0.25,1,0.4998838848394482,0.8495408460019656,0.8904733928305443,0.8495408460019656,0.4998838848394482,63.415432723532874,96.66666666666667,5690.461550085793,-3.4172107785244314,0.6106727081291692,0.06221406175184785,-0.34182107785244314
R,0.25,1,0.49872548452626075,0.9984340045268348,0.7198874146102271,0.9984340045268348,0.49872548452626075,71.39565865717383,96.66666666666667,6629.455294916858,-0.03616264534128922,0.6250966308892584,6.552607375809042e-05,-0.003716264534128922
R,0.25,1,0.40818157082379175,0.9698623671696514,0.9219494595075981,0.9698623671696514,0.40818157082379175,66.23645225214155,96.66666666666667,6090.503608851858,-1.7962204003886526,0.6180564345941064,0.0239681386148158,-0.17972204003886524
R,0.25,1,0.4150412711776679,0.9638135180645646,0.9517879885302605,0.9638135180645646,0.4150412711776679,70.42381017637145,96.66666666666667,6530.923812728918,-0.2235983824037183,0.6243620285932148,0.0010426114818821552,-0.02245983824037183
R,0.25,1,0.5803113727562983,0.9512724879777235,0.8045671227203506,0.9512724879777235,0.5803113727562983,67.86411043552407,96.66666666666667,6562.00961503314,-0.20808354005048274,0.62456156575912,0.0009185318863765441,-0.020908354005048275
R,0.25,1,0.5414938300858944,0.8385947021308802,0.9539370063715547,0.8385947021308802,0.5414938300858944,73.45110638720547,96.66666666666667,6820.144693723061,0.6288908499668967,0.6265601410810663,8.255788996352803e-19,0.06278908499668967
R,0.25,1,0.7435880033669358,0.3866697445145526,0.7901580020728424,0.3866697445145526,0.7435880033669358,73.77580719063856,96.66666666666667,5626.647494448159,-4.612383103244799,0.606686802584569,0.08411023991795565,-0.4613383103244799
R,0.25,1,0.470483742167957,0.983959066609121,0.9128570353436187,0.983959066609121,0.470483742167957,69.36656902796472,96.66666666666667,6627.529388483763,0.13959312969249485,0.6252695030040658,8.255788996352803e-19,0.013859312969249485
R,0.25,1,0.39495644290708615,0.3666096969543796,0.9371109885288963,0.3666096969543796,0.39495644290708615,66.56024372167343,96.66666666666667,4093.859788736201,-10.127942903846368,0.5805772180734713,0.2888279582011478,-1.0128942903846367
R,0.25,1,0.46817684951818006,0.9305632433237536,0.9329327461610446,0.9305632433237536,0.46817684951818006,73.90053486522675,96.66666666666667,6891.98777328744,0.981797210928911,0.6272018905354411,8.255788996352803e-19,0.0980797210928911
R,0.25,1,0.5601697570020185,0.552494754216853,0.8846725667880102,0.552494754216853,0.5601697570020185,58.353386109946356,96.66666666666667,4536.978088465929,-8.091964472750892,0.5892045320813657,0.232303925142731,-0.8092964472750891
R,0.25,1,0.2839813537004909,0.8266915638528091,0.9762023076240857,0.8266915638528091,0.2839813537004909,83.20199940125237,96.66666666666667,6651.059966423853,-0.14745750124977253,0.6249290080626247,0.0005238758825380882,-0.014845750124977252
R,0.25,1,0.6238788429043625,0.8488692960489512,0.6806750877852977,0.8488692960489512,0.6238788429043625,67.81679253623591,96.66666666666667,6147.882780199213,-1.9833445225440558,0.6178557920796148,0.02596013081513607,-0.19843445225440556
R,0.25,1,0.4230551473466736,0.9616169424953528,0.9678893035333581,0.9616169424953528,0.4230551473466736,67.80760893386898,96.66666666666667,6335.3216631141795,-0.8887824081970052,0.6219821384854616,0.00837723561199363,-0.08897824081970052
R,0.25,1,0.2549940274977251,0.8316886451821107,0.7270474251568901,0.8316886451821107,0.2549940274977251,77.10101657005028,96.66666666666667,5590.619326989571,-4.178440421764434,0.6075834545496693,0.08015442529966506,-0.41794404217644343
R,0.25,1,0.33655376433845247,0.8984772432466109,0.8561638840985727,0.8984772432466109,0.33655376433845247,73.99530475849073,96.66666666666667,6153.1274777993085,-1.8379407239499344,0.6182382523187852,0.023738146761460445,-0.18389407239499342
R,0.25,1,0.5492282363668977,0.9622871105001278,0.8642929922856164,0.9622871105001278,0.5492282363668977,66.79172350966724,96.66666666666667,6491.026220730154,-0.3858791665849517,0.6239083347548093,0.0023595844297949545,-0.03868791665849517
R,0.25,1,0.7222626760327278,0.7510719858233286,0.01311382609359768,0.7510719858233286,0.7222626760327278,74.60923620332206,96.66666666666667,5520.67900336167,-5.3182610384417375,0.6040538463989373,0.10049297456665422,-0.5319261038441738
R,0.25,1,0.7211216830539604,0.9822635005549325,0.7487632268749159,0.9822635005549325,0.7211216830539604,66.59972332456098,96.66666666666667,6918.93469081231,1.1188048697091788,0.6275227751777919,8.255788996352803e-19,0.11178048697091789
R,0.25,1,0.24862590587268402,0.9601346945391374,0.16934358599894184,0.9601346945391374,0.24862590587268402,79.66147783507556,96.66666666666667,5151.83679694512,-6.2423502777591535,0.5986149192401146,0.14659860640454056,-0.6243350277759154
R,0.25,1,0.5477203242978012,0.32554852240221477,0.1555600314193205,0.32554852240221477,0.5477203242978012,60.535067157051095,96.66666666666667,2878.59033778034,-15.927736778478991,0.5540240349094298,0.40869600416408214,-1.5928736778478991
R,0.25,1,0.4216274765642355,0.8432307721474693,0.5496968467580395,0.8432307721474693,0.4216274765642355,69.62784904437581,96.66666666666667,5360.323186847561,-5.080920802583377,0.6034660106220333,0.10992291926911832,-0.5081920802583377
R,0.25,1,0.25580292129666815,0.9655794087124139,0.8712718892606406,0.9655794087124139,0.25580292129666815,77.74346020155272,96.66666666666667,6441.116714383698,-0.7377872346822398,0.6227965874324952,0.006092946972428706,-0.07387872346822398
R,0.25,1,0.842490393948943,0.9171798919041642,0.7632016086768764,0.9171798919041642,0.842490393948943,61.13416454247428,96.66666666666667,6545.240957890661,-0.22520495665358348,0.6245197244752623,0.0010400152908705653,-0.02262049566535835
R,0.25,1,0.628031961980762,0.7615467926123755,0.20402889782149958,0.7615467926123755,0.628031961980762,60.896384723064266,96.66666666666667,4541.63167854403,-8.524108593750725,0.588223568898163,0.2356680057217235,-0.8525108593750724
R,0.25,1,0.4263696326689968,0.9460659253183712,0.773156959923148,0.9460659253183712,0.4263696326689968,67.85756225633229,96.66666666666667,5968.120229494139,-2.436040277231487,0.6153544953843634,0.03662980950387306,-0.24370402772314867
R,0.25,1,0.39297861413471785,0.9699245166439762,0.858788984653168,0.9699245166439762,0.39297861413471785,74.22784928018159,96.66666666666667,6651.9198916543155,0.08377242750926782,0.625286580395617,8.255788996352803e-19,0.008277242750926781
R,0.25,1,0.9488909387103301,0.06082740393985231,0.8808833704151844,0.06082740393985231,0.9488909387103301,57.711830967445835,96.66666666666667,4184.569520173722,-10.246304065126521,0.5813197467544188,0.2817441768238742,-1.0247304065126521
R,0.25,1,0.6197497096221456,0.5478064844979071,0.8254656543423464,0.5478064844979071,0.6197497096221456,59.36697849910638,96.66666666666667,4690.849217468504,-7.5922001397618795,0.591696155394228,0.21200406054882864,-0.759320013976188
R,0.25,1,0.36781064610973657,0.987016043072956,0.9758557700334851,0.987016043072956,0.36781064610973657,66.13879647119785,96.66666666666667,6093.878486467263,-1.7151488546838904,0.6183213814407374,0.022629570400596488,-0.17161488546838904
R,0.25,1,0.6717084121700303,0.9803092643611546,0.7773565979312033,0.9803092643611546,0.6717084121700303,61.34298915192304,96.66666666666667,6259.119554363619,-1.201189870070618,0.6208210747299938,0.013063993979382947,-0.1202189870070618
R,0.25,1,0.6081162302927337,0.9678477164763016,0.9411005444427467,0.9678477164763016,0.6081162302927337,63.66545679826019,96.66666666666667,6514.613129807953,-0.17503789166231407,0.6244306435203341,0.0007335154321073601,-0.017603789166231405
R,0.25,1,0.23907793843512293,0.821702912874295,0.5335529530334367,0.821702912874295,0.23907793843512293,83.48448939650561,96.66666666666667,5541.522282907719,-4.674517610694926,0.6057445789733683,0.09090384321029892,-0.4675517610694927
R,0.25,1,0.6003796377959274,0.8883437152201447,0.17096893190565488,0.8883437152201447,0.6003796377959274,69.33894222195536,96.66666666666667,5457.695250241745,-5.0420869698592865,0.6043134807816569,0.10151899449495959,-0.5043086969859287
R,0.25,1,0.47125847974121904,0.3599647822657148,0.9382251933055576,0.3599647822657148,0.47125847974121904,55.891342006483804,96.66666666666667,3633.8758099822394,-11.750052766163565,0.5729824089104717,0.336043552645385,-1.1751052766163563
R,0.25,1,0.377199879170479,0.9981761202260817,0.7246038869069987,0.9981761202260817,0.377199879170479,69.64503477034194,96.66666666666667,6051.032037472434,-2.1334856963283957,0.6167651923100658,0.030016303853628825,-0.21344856963283956
R,0.25,1,0.4998838848394482,0.9498899712728692,0.835132596796412,0.9498899712728692,0.4998838848394482,70.98314832667657,96.66666666666667,6627.484158198981,0.0030158419171235178,0.6251327892059414,8.255788996352803e-19,0.00020158419171235176
R,0.25,1,0.6865209853034,0.9816871012880605,0.7575470978974879,0.9816871012880605,0.6865209853034,61.979961787815206,96.66666666666667,6343.592177557067,-0.9139090190043166,0.6220238750143733,0.008634973888021582,-0.09149090190043166
R,0.25,1,0.7029549909619495,0.8571141900726409,0.7027532837561989,0.8571141900726409,0.7029549909619495,61.54813288307233,96.66666666666667,5882.296075371189,-2.8299067160978937,0.6136972802307755,0.045276560462480624,-0.28309067160978935
R,0.25,1,0.37828098185609094,0.9515661712526332,0.8194648925600497,0.9515661712526332,0.37828098185609094,77.56428693136445,96.66666666666667,6746.462559346847,0.3149797562513713,0.6258994142112552,8.255788996352803e-19,0.03139797562513713
R,0.25,1,0.5415138300858944,0.9803970687451283,0.9539370063715547,0.9803970687451283,0.5415138300858944,65.85356786296828,96.66666666666667,6581.667017530139,0.06007879015698621,0.6250188548481176,8.255788996352803e-19,0.005907879015698621
R,0.25,1,0.5414938300858944,0.9804170687451284,0.9539370063715547,0.9804170687451284,0.5414938300858944,65.85356786296828,96.66666666666667,6581.667017530139,0.06010270521251931,0.6250188764187625,8.255788996352803e-19,0.005910270521251931
R,0.25,1,0.5414938300858944,0.9803970687451283,0.9539570063715547,0.9803970687451283,0.5414938300858944,65.85356786296828,96.66666666666667,6581.634090746207,0.05997421664945067,0.6250186081053457,8.255788996352803e-19,0.005897421664945067
R,0.25,1,0.5414938300858944,0.9803970687451283,0.9539370063715547,0.9803970687451283,0.5414938300858944,65.85556786296827,96.66666666666667,6581.801049902478,0.060537945302152195,0.6250198702894976,8.255788996352803e-19,0.005953794530215219
R,0.25,1,0.6770211560199103,0.9999999999998918,0.9999999999999385,0.9999999999998918,0.6770211560199103,59.35941254999264,96.66666666666667,6461.334846511974,-0.21446136731445928,0.6241545081169058,0.0010212367363941442,-0.02154613673144593
R,0.25,1,0.6770411560199103,0.9999999999998918,0.9999999999999385,0.9999999999998918,0.6770411560199103,59.35941254999264,96.66666666666667,6461.394205924525,-0.21424220309130426,0.62415516471008,0.0010196895766910964,-0.021524220309130426
R,0.25,1,0.6770211560199103,0.9999799999998917,0.9999999999999385,0.9999799999998917,0.6770211560199103,59.35941254999264,96.66666666666667,6461.275487099426,-0.214703311717374,0.6241538097626258,0.0010229600848809907,-0.0215703311717374
R,0.25,1,0.6770211560199103,0.9999999999998918,0.9999799999999385,0.9999999999998918,0.6770211560199103,59.35941254999264,96.66666666666667,6461.3051668057,-0.21458665358151555,0.6241541517998888,0.0010221263121315488,-0.021558665358151555
R,0.25,1,0.6770211560199103,0.9999999999998918,0.9999999999999385,0.9999999999998918,0.6770211560199103,59.36141254999264,96.66666666666667,6461.5525486275765,-0.21369092291188005,0.6241568400761196,0.0010157922940653037,-0.021469092291188006
R,0.25,1,1.0,1.0,1.0,1.0,1.0,50.73112219537496,96.66666666666667,6341.390274421869,-0.5144389139262594,0.6230648250558734,0.0038888534929206056,-0.05154389139262594
R,0.25,1,0.99998,1.0,1.0,1.0,0.99998,50.73112219537496,96.66666666666667,6341.339543299674,-0.5146279766782951,0.6230641580930405,0.003891012894156533,-0.05156279766782951
R,0.25,1,1.0,0.99998,1.0,0.99998,1.0,50.73112219537496,96.66666666666667,6341.339543299674,-0.514649272622941,0.6230641108335471,0.0038912423524306095,-0.0515649272622941
R,0.25,1,1.0,1.0,0.99998,1.0,1.0,50.73112219537496,96.66666666666667,6341.364908860772,-0.5145481353377486,0.6230644590388497,0.0038900914080431948,-0.051554813533774856
R,0.25,1,1.0,1.0,1.0,1.0,1.0,50.73312219537496,96.66666666666667,6341.64027442187,-0.5135411156515556,0.6230680008444309,0.003878732395217767,-0.05145411156515556
R,0.25,1,0.9999999999994862,0.9999999999998603,0.9999999999998554,0.9999999999998603,0.9999999999994862,51.87935098670212,96.66666666666667,6484.918873335883,-0.00012779901007061638,0.6246483769217364,1.6953960941461902e-08,-0.00011277990100706163
R,0.25,1,0.9999799999994862,0.9999999999998603,0.9999999999998554,0.9999999999998603,0.9999799999994862,51.87935098670212,96.66666666666667,6484.866993984897,-0.0003207093029134287,0.6246479560309338,6.075432713042894e-08,-0.00013207093029134288
R,0.25,1,0.9999999999994862,0.9999799999998603,0.9999999999998554,0.9999799999998603,0.9999999999994862,51.87935098670212,96.66666666666667,6484.866993984896,-0.0003421296927215267,0.6246479356721145,6.643341133070643e-08,-0.00013421296927215267
R,0.25,1,0.9999999999994862,0.9999999999998603,0.9999799999998554,0.9999999999998603,0.9999999999994862,51.87935098670212,96.66666666666667,6484.892933660388,-0.0002390294040545701,0.6246481529469187,3.896553293838625e-08,-0.00012390294040545702
R,0.25,1,0.9999999999994862,0.9999999999998603,0.9999999999998554,0.9999999999998603,0.9999999999994862,51.881350986702124,96.66666666666667,6485.168873335883,0.000767128922426322,0.624650332602488,8.255788996352803e-19,-2.32871077573678e-05
R,0.25,1,0.9999999999992373,0.9999999999999294,0.9999999999999284,0.9999999999999294,0.9999999999992373,51.88187141088786,96.66666666666667,6485.233926358728,0.0009999987078643988,0.6246508409834953,8.255788996352803e-19,-1.292135601207306e-10
R,0.25,1,0.9999799999992373,0.9999999999999294,0.9999999999999284,0.9999999999999294,0.9999799999992373,51.88187141088786,96.66666666666667,6485.1820444873165,0.0008070796084114685,0.6246504250748985,8.255788996352803e-19,-1.9292039158853153e-05
R,0.25,1,0.9999999999992373,0.9999799999999294,0.9999999999999284,0.9999799999999294,0.9999999999992373,51.88187141088786,96.66666666666667,6485.1820444873165,0.0007856588967860787,0.6246504053691483,8.255788996352803e-19,-2.143411032139213e-05
R,0.25,1,0.9999999999992373,0.9999999999999294,0.9999799999999284,0.9999999999999294,0.9999999999992373,51.88187141088786,96.66666666666667,6485.207985423022,0.0008887636900625187,0.6246506194928425,8.255788996352803e-19,-1.1123630993748129e-05
R,0.25,1,0.9999999999992373,0.9999999999999294,0.9999999999999284,0.9999999999999294,0.9999999999992373,51.88387141088786,96.66666666666667,6485.483926358728,0.0018949167752884773,0.6246527946909776,8.255788996352803e-19,8.949167752884772e-05
R,0.1,2,0.9999999999992373,0.9999999999999294,0.9999999999999284,0.9999999999999294,0.9999999999992373,51.88187141088786,96.66666666666667,6485.233926358728,-0.010419341085780638,0.6245462307216585,1.119656821214866e-05,-0.001141934108578064
R,0.1,2,0.9999799999992373,0.9999999999999294,0.9999999999999284,0.9999999999999294,0.9999999999992373,51.88187141088786,96.66666666666667,6485.207985423022,-0.010568500324279227,0.6245458842630512,1.1436289151712462e-05,-0.0011568500324279228
R,0.1,2,0.9999999999992373,0.9999799999999294,0.9999999999999284,0.9999999999999294,0.9999999999992373,51.88187141088786,96.66666666666667,6485.207985423022,-0.010553462967697238,0.6245459314415781,1.1412078376888806e-05,-0.0011553462967697238
R,0.1,2,0.9999999999992373,0.9999999999999294,0.9999799999999284,0.9999999999999294,0.9999999999992373,51.88187141088786,96.66666666666667,6485.207985423022,-0.010530430984610645,0.6245459881063604,1.1375049729165496e-05,-0.0011530430984610645
R,0.1,2,0.9999999999992373,0.9999999999999294,0.9999999999999284,0.9999799999999294,0.9999999999992373,51.88187141088786,96.66666666666667,6485.207985423022,-0.010553462967727434,0.6245459314415759,1.1412078376928723e-05,-0.0011553462967727433
R,0.1,2,0.9999999999992373,0.9999999999999294,0.9999999999999284,0.9999999999999294,0.9999799999992373,51.88187141088786,96.66666666666667,6485.207985423022,-0.010568500324227053,0.6245458842630514,1.1436289151624223e-05,-0.0011568500324227054
R,0.1,2,0.9999999999992373,0.9999999999999294,0.9999999999999284,0.9999999999999294,0.9999999999992373,51.88387141088786,96.66666666666667,6485.483926358728,-0.009525431383055045,0.6245483531273613,9.779552445053827e-06,-0.0010525431383055044
R,0.1,2,1.0,0.9999999999999831,0.9999999999999823,0.9999999999999829,0.9999999999999822,51.90742061576724,96.66666666666667,6488.427576970816,0.0010004814608846936,0.624572542244763,5.034192681860758e-19,4.814608846935662e-08
R,0.1,2,0.99998,0.9999999999999831,0.9999999999999823,0.9999999999999829,0.9999999999999822,51.90742061576724,96.66666666666667,6488.401623260507,0.0008511801842045408,0.6245722233393575,5.034192681860758e-19,-1.488198157954592e-05
R,0.1,2,1.0,0.9999799999999831,0.9999999999999823,0.9999999999999829,0.9999999999999822,51.90742061576724,96.66666666666667,6488.401623260507,0.000866279873868063,0.6245722677854041,5.034192681860758e-19,-1.3372012613193696e-05
R,0.1,2,1.0,0.9999999999999831,0.9999799999999823,0.9999999999999829,0.9999999999999822,51.90742061576724,96.66666666666667,6488.401623260507,0.0008893455953118801,0.6245723202356982,5.034192681860758e-19,-1.106544046881199e-05
R,0.1,2,1.0,0.9999999999999831,0.9999999999999823,0.9999799999999829,0.9999999999999822,51.90742061576724,96.66666666666667,6488.401623260507,0.0008662798735860704,0.624572267785403,5.034192681860758e-19,-1.3372012641392961e-05
R,0.1,2,1.0,0.9999999999999831,0.9999999999999823,0.9999999999999829,0.9999799999999822,51.90742061576724,96.66666666666667,6488.401623260507,0.0008511801841539296,0.6245722233393575,5.034192681860758e-19,-1.488198158460704e-05
R,0.1,2,1.0,0.9999999999999831,0.9999999999999823,0.9999999999999829,0.9999999999999822,51.909420615767246,96.66666666666667,6488.677576970816,0.0018950556474977116,0.6245745004379226,5.034192681860758e-19,8.950556474977115e-05
R,0.1,2,0.9999999999999697,0.9999999999999232,0.9999999999999557,0.9999999999999178,0.9999999999998233,51.90741953914008,96.66666666666667,6488.427442391977,0.0009999998953364618,0.624572541190632,5.034192681860758e-19,-1.0466353825289154e-11
R,0.025,4,0.9999999999999697,0.9999999999999232,0.9999999999999557,0.9999999999999178,0.9999999999998233,51.90741953914008,96.66666666666667,6488.427442391977,-0.005494650829263132,0.6244954716660102,4.217696589967895e-06,-0.0006494650829263133
R,0.025,4,0.9999799999999697,0.9999999999999232,0.9999999999999557,0.9999999999999178,0.9999999999998233,51.90741953914008,96.66666666666667,6488.401488682208,-0.005643867294121805,0.6244951318856414,4.3911681281589245e-06,-0.0006643867294121805
R,0.025,4,0.9999999999999697,0.9999799999999232,0.9999999999999557,0.9999999999999178,0.9999999999998233,51.90741953914008,96.66666666666667,6488.401488682208,-0.005628778409274046,0.6244951784693972,4.373609757866619e-06,-0.0006628778409274046
R,0.025,4,0.9999999999999697,0.9999999999999232,0.9999799999999557,0.9999999999999178,0.9999999999998233,51.90741953914008,96.66666666666667,6488.401488682209,-0.005605730830324914,0.6244952341402755,4.346801500908321e-06,-0.0006605730830324914
R,0.025,4,0.9999999999999697,0.9999999999999232,0.9999999999999557,0.9999799999999178,0.9999999999998233,51.90741953914008,96.66666666666667,6488.401488682208,-0.00562877841021235,0.6244951784693928,4.373609758955192e-06,-0.000662877841021235
R,0.025,4,0.9999999999999697,0.9999999999999232,0.9999999999999557,0.9999999999999178,0.9999799999998232,51.90741953914008,96.66666666666667,6488.401488682208,-0.0056438672949565,0.6244951318856391,4.391168129131688e-06,-0.00066438672949565
R,0.025,4,0.9999999999999697,0.9999999999999232,0.9999999999999557,0.9999999999999178,0.9999999999998233,51.909419539140075,96.66666666666667,6488.677442391977,-0.004600772434239576,0.6244975489117953,3.231805086949003e-06,-0.0005600772434239576
R,0.025,4,1.0,1.0,1.0,1.0,1.0,51.92195093594575,96.66666666666667,6490.243866993219,0.001001689459390085,0.6245102155095561,1.6918489827137013e-19,1.689459390085031e-07
R,0.025,4,0.99998,1.0,1.0,1.0,1.0,51.92195093594575,96.66666666666667,6490.2179060177505,0.0008523185904871751,0.6245098960778405,1.6918489827137013e-19,-1.4768140951282489e-05
R,0.025,4,1.0,0.99998,1.0,1.0,1.0,51.92195093594575,96.66666666666667,6490.2179060177505,0.0008674246793716474,0.6245099406370986,1.6918489827137013e-19,-1.3257532062835266e-05
R,0.025,4,1.0,1.0,0.99998,1.0,1.0,51.92195093594575,96.66666666666667,6490.2179060177505,0.0008904965926746544,0.6245099931928092,1.6918489827137013e-19,-1.0950340732534559e-05
R,0.025,4,1.0,1.0,1.0,0.99998,1.0,51.92195093594575,96.66666666666667,6490.2179060177505,0.0008674246792030665,0.6245099406370995,1.6918489827137013e-19,-1.3257532079693351e-05
R,0.025,4,1.0,1.0,1.0,1.0,0.99998,51.92195093594575,96.66666666666667,6490.2179060177505,0.0008523185904055381,0.62450989607784,1.6918489827137013e-19,-1.4768140959446196e-05
R,0.025,4,1.0,1.0,1.0,1.0,1.0,51.923950935945754,96.66666666666667,6490.493866993219,0.001896176719751258,0.6245121761005223,1.6918489827137013e-19,8.96176719751258e-05
R,0.025,4,1.0,1.0,1.0,1.0,1.0,51.9219471602147,96.66666666666667,6490.243395026838,0.0010000007803964077,0.6245102118081979,1.6918489827137013e-19,7.803964076520675e-11
R,0.025,4,0.99998,1.0,1.0,1.0,1.0,51.9219471602147,96.66666666666667,6490.217434053257,0.0008506299216030654,0.6245098923765126,1.6918489827137013e-19,-1.4937007839693458e-05
R,0.025,4,1.0,0.99998,1.0,1.0,1.0,51.9219471602147,96.66666666666667,6490.217434053257,0.0008657360090323936,0.6245099369357658,1.6918489827137013e-19,-1.3426399096760639e-05
R,0.025,4,1.0,1.0,0.99998,1.0,1.0,51.9219471602147,96.66666666666667,6490.217434053257,0.0008888079206315655,0.6245099894914741,1.6918489827137013e-19,-1.1119207936843454e-05
R,0.025,4,1.0,1.0,1.0,0.99998,1.0,51.9219471602147,96.66666666666667,6490.217434053257,0.0008657360088581983,0.6245099369357671,1.6918489827137013e-19,-1.3426399114180168e-05
R,0.025,4,1.0,1.0,1.0,1.0,0.99998,51.9219471602147,96.66666666666667,6490.217434053257,0.0008506299214902551,0.6245098923765211,1.6918489827137013e-19,-1.4937007850974495e-05
R,0.025,4,1.0,1.0,1.0,1.0,1.0,51.9239471602147,96.66666666666667,6490.493395026838,0.0018944880554242934,0.6245121723992068,1.6918489827137013e-19,8.944880554242934e-05
R,0.025,4,0.9999999999999697,0.9999999999999232,0.9999999999999557,0.9999999999999178,0.9999999999998233,51.90741953914008,96.66666666666667,6488.427442391977,-0.005494650829263132,0.6244954716660102,4.217696589967895e-06,-0.0006494650829263133
R,0.025,4,0.9999799999999697,0.9999999999999232,0.9999999999999557,0.9999999999999178,0.9999999999998233,51.90741953914008,96.66666666666667,6488.401488682208,-0.005643867294121805,0.6244951318856414,4.3911681281589245e-06,-0.0006643867294121805
R,0.025,4,0.9999999999999697,0.9999799999999232,0.9999999999999557,0.9999999999999178,0.9999999999998233,51.90741953914008,96.66666666666667,6488.401488682208,-0.005628778409274046,0.6244951784693972,4.373609757866619e-06,-0.0006628778409274046
R,0.025,4,0.9999999999999697,0.9999999999999232,0.9999799999999557,0.9999999999999178,0.9999999999998233,51.90741953914008,96.66666666666667,6488.401488682209,-0.005605730830324914,0.6244952341402755,4.346801500908321e-06,-0.0006605730830324914
R,0.025,4,0.9999999999999697,0.9999999999999232,0.9999999999999557,0.9999799999999178,0.9999999999998233,51.90741953914008,96.66666666666667,6488.401488682208,-0.00562877841021235,0.6244951784693928,4.373609758955192e-06,-0.000662877841021235
R,0.025,4,0.9999999999999697,0.9999999999999232,0.9999999999999557,0.9999999999999178,0.9999799999998232,51.90741953914008,96.66666666666667,6488.401488682208,-0.0056438672949565,0.6244951318856391,4.391168129131688e-06,-0.00066438672949565
R,0.025,4,0.9999999999999697,0.9999999999999232,0.9999999999999557,0.9999999999999178,0.9999999999998233,51.909419539140075,96.66666666666667,6488.677442391977,-0.004600772434239576,0.6244975489117953,3.231805086949003e-06,-0.0005600772434239576
R,0.025,4,1.0,1.0,1.0,1.0,1.0,51.92195093594575,96.66666666666667,6490.243866993219,0.001001689459390085,0.6245102155095561,1.6918489827137013e-19,1.689459390085031e-07
R,0.025,4,0.99998,1.0,1.0,1.0,1.0,51.92195093594575,96.66666666666667,6490.2179060177505,0.0008523185904871751,0.6245098960778405,1.6918489827137013e-19,-1.4768140951282489e-05
R,0.025,4,1.0,0.99998,1.0,1.0,1.0,51.92195093594575,96.66666666666667,6490.2179060177505,0.0008674246793716474,0.6245099406370986,1.6918489827137013e-19,-1.3257532062835266e-05
R,0.025,4,1.0,1.0,0.99998,1.0,1.0,51.92195093594575,96.66666666666667,6490.2179060177505,0.0008904965926746544,0.6245099931928092,1.6918489827137013e-19,-1.0950340732534559e-05
R,0.025,4,1.0,1.0,1.0,0.99998,1.0,51.92195093594575,96.66666666666667,6490.2179060177505,0.0008674246792030665,0.6245099406370995,1.6918489827137013e-19,-1.3257532079693351e-05
R,0.025,4,1.0,1.0,1.0,1.0,0.99998,51.92195093594575,96.66666666666667,6490.2179060177505,0.0008523185904055381,0.62450989607784,1.6918489827137013e-19,-1.4768140959446196e-05
R,0.025,4,1.0,1.0,1.0,1.0,1.0,51.923950935945754,96.66666666666667,6490.493866993219,0.001896176719751258,0.6245121761005223,1.6918489827137013e-19,8.96176719751258e-05
R,0.025,4,1.0,1.0,1.0,1.0,1.0,51.9219471602147,96.66666666666667,6490.243395026838,0.0010000007803964077,0.6245102118081979,1.6918489827137013e-19,7.803964076520675e-11
R,0.025,4,0.99998,1.0,1.0,1.0,1.0,51.9219471602147,96.66666666666667,6490.217434053257,0.0008506299216030654,0.6245098923765126,1.6918489827137013e-19,-1.4937007839693458e-05
R,0.025,4,1.0,0.99998,1.0,1.0,1.0,51.9219471602147,96.66666666666667,6490.217434053257,0.0008657360090323936,0.6245099369357658,1.6918489827137013e-19,-1.3426399096760639e-05
R,0.025,4,1.0,1.0,0.99998,1.0,1.0,51.9219471602147,96.66666666666667,6490.217434053257,0.0008888079206315655,0.6245099894914741,1.6918489827137013e-19,-1.1119207936843454e-05
R,0.025,4,1.0,1.0,1.0,0.99998,1.0,51.9219471602147,96.66666666666667,6490.217434053257,0.0008657360088581983,0.6245099369357671,1.6918489827137013e-19,-1.3426399114180168e-05
R,0.025,4,1.0,1.0,1.0,1.0,0.99998,51.9219471602147,96.66666666666667,6490.217434053257,0.0008506299214902551,0.6245098923765211,1.6918489827137013e-19,-1.4937007850974495e-05
R,0.025,4,1.0,1.0,1.0,1.0,1.0,51.9239471602147,96.66666666666667,6490.493395026838,0.0018944880554242934,0.6245121723992068,1.6918489827137013e-19,8.944880554242934e-05
R,0.025,4,0.96,1.0,1.0,1.0,1.0,51.9219471602147,96.66666666666667,6438.321447866623,-0.29754955745874,0.6236687633072062,0.0016900596102213056,-0.029854955745874
R,0.025,4,0.96002,1.0,1.0,1.0,1.0,51.9219471602147,96.66666666666667,6438.347408840203,-0.2974001467170539,0.6236692372814377,0.0016887843629792543,-0.02984001467170539
R,0.025,4,0.96,0.99998,1.0,1.0,1.0,51.9219471602147,96.66666666666667,6438.295486893043,-0.29768391537253236,0.6236683496500187,0.0016912036007440136,-0.029868391537253236
R,0.025,4,0.96,1.0,0.99998,1.0,1.0,51.9219471602147,96.66666666666667,6438.295486893043,-0.29766085084153976,0.6236684260751169,0.001691005746919263,-0.029866085084153976
R,0.025,4,0.96,1.0,1.0,0.99998,1.0,51.9219471602147,96.66666666666667,6438.295486893043,-0.29762965483226766,0.6236685179887983,0.0016907408654803274,-0.029862965483226766
R,0.025,4,0.96,1.0,1.0,1.0,0.99998,51.9219471602147,96.66666666666667,6438.295486893043,-0.2975931840010595,0.6236686194291716,0.0016904329141236587,-0.02985931840010595
R,0.025,4,0.96,1.0,1.0,1.0,1.0,51.9239471602147,96.66666666666667,6438.569447866623,-0.29666568134851695,0.6236716175951897,0.0016825044431952496,-0.029766568134851696
R,0.025,4,0.999948928032476,0.9999999999999167,0.999999999999917,0.999999999999917,0.9999999999999183,51.92219517931507,96.66666666666667,6490.208103197305,0.0007294912954615421,0.624509639237192,1.6918489827137013e-19,-2.705087045384579e-05
R,0.025,4,0.9999689280324761,0.9999999999999167,0.999999999999917,0.999999999999917,0.9999999999999183,51.92219517931507,96.66666666666667,6490.234064294894,0.000878862814801617,0.6245099586704692,1.6918489827137013e-19,-1.21137185198383e-05
R,0.025,4,0.999948928032476,0.9999799999999167,0.999999999999917,0.999999999999917,0.9999999999999183,51.92219517931507,96.66666666666667,6490.182142099715,0.0005952259621126124,0.6245093643632549,1.6918489827137013e-19,-4.0477403788738766e-05
R,0.025,4,0.999948928032476,0.9999999999999167,0.9999799999999169,0.999999999999917,0.9999999999999183,51.92219517931507,96.66666666666667,6490.182142099715,0.0006182979836091013,0.6245094169192509,1.6918489827137013e-19,-3.8170201639089874e-05
R,0.025,4,0.999948928032476,0.9999999999999167,0.999999999999917,0.9999799999999169,0.9999999999999183,51.92219517931507,96.66666666666667,6490.182142099714,0.0006494566146928952,0.6245094768028036,1.6918489827137013e-19,-3.505433853071048e-05
R,0.025,4,0.999948928032476,0.9999999999999167,0.999999999999917,0.999999999999917,0.9999799999999183,51.92219517931507,96.66666666666667,6490.182142099715,0.0006858632650428428,0.6245095409682354,1.6918489827137013e-19,-3.141367349571572e-05
R,0.025,4,0.999948928032476,0.9999999999999167,0.999999999999917,0.999999999999917,0.9999999999999183,51.92419517931507,96.66666666666667,6490.4581006437065,0.0016239639999607839,0.6245115997992668,1.6918489827137013e-19,6.239639999607838e-05
R,0.025,4,0.9999999997790192,0.9999999999998518,0.9999999999998513,0.9999999999998433,0.9999999999998376,51.921947157008816,96.66666666666667,6490.243394338458,0.000999997693087921,0.6245102118015202,1.6918489827137013e-19,-2.3069120791158887e-10
R,0.025,4,0.9999799997790192,0.9999999999998518,0.9999999999998513,0.9999999999998433,0.9999999999998376,51.921947157008816,96.66666666666667,6490.217433364879,0.0008506268343536355,0.6245098923698436,1.6918489827137013e-19,-1.4937316564636453e-05
R,0.025,4,0.9999999997790192,0.9999799999998518,0.9999999999998513,0.9999999999998433,0.9999999999998376,51.921947157008816,96.66666666666667,6490.217433364879,0.0008657329218151683,0.6245099369290804,1.6918489827137013e-19,-1.3426707818483174e-05
R,0.025,4,0.9999999997790192,0.9999999999998518,0.9999799999998513,0.9999999999998433,0.9999999999998376,51.921947157008816,96.66666666666667,6490.217433364881,0.0008888048337321179,0.624509989484804,1.6918489827137013e-19,-1.1119516626788207e-05
R,0.025,4,0.9999999997790192,0.9999999999998518,0.9999999999998513,0.9999799999998433,0.9999999999998376,51.921947157008816,96.66666666666667,6490.217433364879,0.0008657340893799858,0.6245099369315213,1.6918489827137013e-19,-1.3426591062001424e-05
R,0.025,4,0.9999999997790192,0.9999999999998518,0.9999999999998513,0.9999999999998433,0.9999799999998376,51.921947157008816,96.66666666666667,6490.217433364879,0.0008506280018612083,0.6245098923722849,1.6918489827137013e-19,-1.493719981387917e-05
R,0.025,4,0.9999999997790192,0.9999999999998518,0.9999999999998513,0.9999999999998433,0.9999999999998376,51.92394715700882,96.66666666666667,6490.493394338448,0.001894484968027878,0.6245121723925277,1.6918489827137013e-19,8.94484968027878e-05
