cell,time_s,x_um,layer,temperature_C,mv_kg_m3,ml_kg_m3,mi_kg_m3,ice_bulk
1,27.1059228025417,1.171875,aGDL,1.0004934034331455e-07,1.992996033846576e-08,0.0,0.0,0.0
1,27.1059228025417,3.515625,aGDL,1.0004934034331455e-07,5.978988105055787e-08,0.0,0.0,0.0
1,27.1059228025417,5.859375,aGDL,1.0004934034331455e-07,9.964980186813168e-08,0.0,0.0,0.0
1,27.1059228025417,8.203125,aGDL,1.0004934034331455e-07,1.395097228615081e-07,0.0,0.0,0.0
1,27.1059228025417,10.546874999999998,aGDL,1.0004934034331455e-07,1.7936964410100784e-07,0.0,0.0,0.0
1,27.1059228025417,12.890624999999998,aGDL,1.0004934034331455e-07,2.1922956565695105e-07,0.0,0.0,0.0
1,27.1059228025417,15.234375,aGDL,1.0004934034331455e-07,2.5908948759965736e-07,0.0,0.0,0.0
1,27.1059228025417,17.578125,aGDL,1.0004934034331455e-07,2.989494099994458e-07,0.0,0.0,0.0
1,27.1059228025417,19.921874999999996,aGDL,1.0004934034331455e-07,3.388093329266346e-07,0.0,0.0,0.0
1,27.1059228025417,22.265624999999996,aGDL,1.0004934034331455e-07,3.786692564515409e-07,0.0,0.0,0.0
1,27.1059228025417,24.609374999999996,aGDL,1.0004934034331455e-07,4.185291806444811e-07,0.0,0.0,0.0
1,27.1059228025417,26.953124999999996,aGDL,1.0004934034331455e-07,4.583891055757701e-07,0.0,0.0,0.0
1,27.1059228025417,29.296874999999996,aGDL,1.0004934034331455e-07,4.982490313157219e-07,0.0,0.0,0.0
1,27.1059228025417,31.640625,aGDL,1.0004934034331455e-07,5.381089579346487e-07,0.0,0.0,0.0
1,27.1059228025417,33.984375,aGDL,1.0004934034331455e-07,5.779688855028616e-07,0.0,0.0,0.0
1,27.1059228025417,36.328125,aGDL,1.0004934034331455e-07,6.178288140906697e-07,0.0,0.0,0.0
1,27.1059228025417,38.67187499999999,aGDL,1.0004934034331455e-07,6.576887437683805e-07,0.0,0.0,0.0
1,27.1059228025417,41.01562499999999,aGDL,1.0004934034331455e-07,6.975486746062997e-07,0.0,0.0,0.0
1,27.1059228025417,43.35937499999999,aGDL,1.0004934034331455e-07,7.374086066747307e-07,0.0,0.0,0.0
1,27.1059228025417,45.70312499999999,aGDL,1.0004934034331455e-07,7.772685400439747e-07,0.0,0.0,0.0
1,27.1059228025417,48.04687499999999,aGDL,1.0004934034331455e-07,8.171284747843313e-07,0.0,0.0,0.0
1,27.1059228025417,50.39062499999999,aGDL,1.0004934034331455e-07,8.569884109660971e-07,0.0,0.0,0.0
1,27.1059228025417,52.73437499999999,aGDL,1.0004934034331455e-07,8.968483486595665e-07,0.0,0.0,0.0
1,27.1059228025417,55.07812499999999,aGDL,1.0004934034331455e-07,9.36708287935031e-07,0.0,0.0,0.0
1,27.1059228025417,57.42187499999999,aGDL,1.0004934034331455e-07,9.765682288627795e-07,0.0,0.0,0.0
1,27.1059228025417,59.76562499999999,aGDL,1.0004934034331455e-07,1.0164281715130984e-06,0.0,0.0,0.0
1,27.1059228025417,62.10937499999999,aGDL,1.0004934034331455e-07,1.05628811595627e-06,0.0,0.0,0.0
1,27.1059228025417,64.45312499999999,aGDL,1.0004934034331455e-07,1.096148062262575e-06,0.0,0.0,0.0
1,27.1059228025417,66.79687499999999,aGDL,1.0004934034331455e-07,1.13600801050229e-06,0.0,0.0,0.0
1,27.1059228025417,69.14062499999999,aGDL,1.0004934034331455e-07,1.175867960745688e-06,0.0,0.0,0.0
1,27.1059228025417,71.48437499999999,aGDL,1.0004934034331455e-07,1.2157279130630394e-06,0.0,0.0,0.0
1,27.1059228025417,73.82812499999999,aGDL,1.0004934034331455e-07,1.2555878675246097e-06,0.0,0.0,0.0
1,27.1059228025417,76.17187499999999,aGDL,1.0004934034331455e-07,1.2954478242006623e-06,0.0,0.0,0.0
1,27.1059228025417,78.51562499999999,aGDL,1.0004934034331455e-07,1.3353077831614552e-06,0.0,0.0,0.0
1,27.1059228025417,80.85937499999999,aGDL,1.0004934034331455e-07,1.375167744477243e-06,0.0,0.0,0.0
1,27.1059228025417,83.20312499999999,aGDL,1.0004934034331455e-07,1.415027708218277e-06,0.0,0.0,0.0
1,27.1059228025417,85.54687499999999,aGDL,1.0004934034331455e-07,1.4548876744548027e-06,0.0,0.0,0.0
1,27.1059228025417,87.89062499999999,aGDL,1.0004934034331455e-07,1.494747643257063e-06,0.0,0.0,0.0
1,27.1059228025417,90.23437499999999,aGDL,1.0004934034331455e-07,1.5346076146952952e-06,0.0,0.0,0.0
1,27.1059228025417,92.57812499999999,aGDL,1.0004934034331455e-07,1.5744675888397318e-06,0.0,0.0,0.0
1,27.1059228025417,94.92187499999999,aGDL,1.0004934034331455e-07,1.6143275657606014e-06,0.0,0.0,0.0
1,27.1059228025417,97.26562499999999,aGDL,1.0004934034331455e-07,1.654187545528127e-06,0.0,0.0,0.0
1,27.1059228025417,99.60937499999999,aGDL,1.0004934034331455e-07,1.6940475282125272e-06,0.0,0.0,0.0
1,27.1059228025417,101.95312499999999,aGDL,1.0004934034331455e-07,1.7339075138840155e-06,0.0,0.0,0.0
1,27.1059228025417,104.29687499999999,aGDL,1.0004934034331455e-07,1.7737675026127995e-06,0.0,0.0,0.0
1,27.1059228025417,106.64062499999997,aGDL,1.0004934034331455e-07,1.8136274944690823e-06,0.0,0.0,0.0
1,27.1059228025417,108.98437499999997,aGDL,1.0004934034331455e-07,1.853487489523061e-06,0.0,0.0,0.0
1,27.1059228025417,111.32812499999997,aGDL,1.0004934034331455e-07,1.8933474878449278e-06,0.0,0.0,0.0
1,27.1059228025417,113.67187499999997,aGDL,1.0004934034331455e-07,1.933207489504868e-06,0.0,0.0,0.0
1,27.1059228025417,116.01562499999997,aGDL,1.0004934034331455e-07,1.973067494573062e-06,0.0,0.0,0.0
1,27.1059228025417,118.35937499999997,aGDL,1.0004934034331455e-07,2.0129275031196834e-06,0.0,0.0,0.0
1,27.1059228025417,120.70312499999997,aGDL,1.0004934034331455e-07,2.052787515214901e-06,0.0,0.0,0.0
1,27.1059228025417,123.04687499999997,aGDL,1.0004934034331455e-07,2.0926475309288757e-06,0.0,0.0,0.0
1,27.1059228025417,125.39062499999999,aGDL,1.0004934034331455e-07,2.1325075503317637e-06,0.0,0.0,0.0
1,27.1059228025417,127.734375,aGDL,1.0004934034331455e-07,2.172367573493714e-06,0.0,0.0,0.0
1,27.1059228025417,130.078125,aGDL,1.0004934034331455e-07,2.212227600484869e-06,0.0,0.0,0.0
1,27.1059228025417,132.42187500000003,aGDL,1.0004934034331455e-07,2.2520876313753628e-06,0.0,0.0,0.0
1,27.1059228025417,134.76562500000003,aGDL,1.0004934034331455e-07,2.291947666235326e-06,0.0,0.0,0.0
1,27.1059228025417,137.10937500000006,aGDL,1.0004934034331455e-07,2.3318077051348804e-06,0.0,0.0,0.0
1,27.1059228025417,139.45312500000006,aGDL,1.0004934034331455e-07,2.37166774814414e-06,0.0,0.0,0.0
1,27.1059228025417,141.79687500000009,aGDL,1.0004934034331455e-07,2.4115277953332124e-06,0.0,0.0,0.0
1,27.1059228025417,144.14062500000009,aGDL,1.0004934034331455e-07,2.4513878467721977e-06,0.0,0.0,0.0
1,27.1059228025417,146.4843750000001,aGDL,1.0004934034331455e-07,2.4912479025311882e-06,0.0,0.0,0.0
1,27.1059228025417,148.8281250000001,aGDL,1.0004934034331455e-07,2.531107962680269e-06,0.0,0.0,0.0
1,27.1059228025417,150.07083333333344,aCL,1.0004934034331455e-07,1.2504549197215319e-06,0.0,0.0,0.0
1,27.1059228025417,150.21250000000012,aCL,1.0004934034331455e-07,1.2538985620858922e-06,0.0,0.0,0.0
1,27.1059228025417,150.35416666666677,aCL,1.0004934034331455e-07,1.2573422044617899e-06,0.0,0.0,0.0
1,27.1059228025417,150.49583333333345,aCL,1.0004934034331455e-07,1.260785846849257e-06,0.0,0.0,0.0
1,27.1059228025417,150.6375000000001,aCL,1.0004934034331455e-07,1.264229489248325e-06,0.0,0.0,0.0
1,27.1059228025417,150.77916666666678,aCL,1.0004934034331455e-07,1.2676731316590253e-06,0.0,0.0,0.0
1,27.1059228025417,150.92083333333343,aCL,1.0004934034331455e-07,1.27111677408139e-06,0.0,0.0,0.0
1,27.1059228025417,151.0625000000001,aCL,1.0004934034331455e-07,1.2745604165154507e-06,0.0,0.0,0.0
1,27.1059228025417,151.20416666666677,aCL,1.0004934034331455e-07,1.2780040589612384e-06,0.0,0.0,0.0
1,27.1059228025417,151.34583333333345,aCL,1.0004934034331455e-07,1.2814477014187852e-06,0.0,0.0,0.0
1,27.1059228025417,151.4875000000001,aCL,1.0004934034331455e-07,1.2848913438881225e-06,0.0,0.0,0.0
1,27.1059228025417,151.62916666666678,aCL,1.0004934034331455e-07,1.2883349863692819e-06,0.0,0.0,0.0
1,27.1059228025417,151.77083333333343,aCL,1.0004934034331455e-07,1.2917786288622953e-06,0.0,0.0,0.0
1,27.1059228025417,151.9125000000001,aCL,1.0004934034331455e-07,1.295222271367194e-06,0.0,0.0,0.0
1,27.1059228025417,152.05416666666676,aCL,1.0004934034331455e-07,1.2986659138840096e-06,0.0,0.0,0.0
1,27.1059228025417,152.19583333333344,aCL,1.0004934034331455e-07,1.3021095564127737e-06,0.0,0.0,0.0
1,27.1059228025417,152.3375000000001,aCL,1.0004934034331455e-07,1.3055531989535178e-06,0.0,0.0,0.0
1,27.1059228025417,152.47916666666677,aCL,1.0004934034331455e-07,1.3089968415062739e-06,0.0,0.0,0.0
1,27.1059228025417,152.62083333333342,aCL,1.0004934034331455e-07,1.312440484071073e-06,0.0,0.0,0.0
1,27.1059228025417,152.76250000000007,aCL,1.0004934034331455e-07,1.3158841266479478e-06,0.0,0.0,0.0
1,27.1059228025417,152.90416666666675,aCL,1.0004934034331455e-07,1.3193277692369291e-06,0.0,0.0,0.0
1,27.1059228025417,153.0458333333334,aCL,1.0004934034331455e-07,1.3227714118380487e-06,0.0,0.0,0.0
1,27.1059228025417,153.18750000000009,aCL,1.0004934034331455e-07,1.326215054451338e-06,0.0,0.0,0.0
1,27.1059228025417,153.32916666666674,aCL,1.0004934034331455e-07,1.3296586970768288e-06,0.0,0.0,0.0
1,27.1059228025417,153.52500000000012,PEM,1.0004934034331455e-07,0.0,195.3250879919442,4.119615492543562,0.004477842926677785
1,27.1059228025417,153.77500000000012,PEM,1.0004934034331455e-07,0.0,197.51586041072656,4.3845807868883675,0.004765848681400399
1,27.1059228025417,154.02500000000012,PEM,1.0004934034331455e-07,0.0,199.73217327842838,4.660268165504235,0.005065508875548081
1,27.1059228025417,154.27500000000012,PEM,1.0004934034331455e-07,0.0,201.98786686512318,4.948860290004905,0.005379195967396636
1,27.1059228025417,154.52500000000015,PEM,1.0004934034331455e-07,0.0,204.2838328498434,5.250817149650533,0.005707409945272319
1,27.1059228025417,154.77500000000015,PEM,1.0004934034331455e-07,0.0,206.6209669114222,5.566618805994754,0.006050672615211689
1,27.1059228025417,155.02500000000015,PEM,1.0004934034331455e-07,0.0,209.00017510439824,5.896766141163922,0.00640952841430861
1,27.1059228025417,155.27500000000015,PEM,1.0004934034331455e-07,0.0,211.4223774106669,6.2417832228162835,0.006784546981322047
1,27.1059228025417,155.52500000000015,PEM,1.0004934034331455e-07,0.0,213.88850968175714,6.602218603371037,0.007176324568881562
1,27.1059228025417,155.77500000000018,PEM,1.0004934034331455e-07,0.0,216.3995246527063,6.978647848345516,0.007585486791679909
1,27.1059228025417,156.02500000000018,PEM,1.0004934034331455e-07,0.0,218.95639240767062,7.371676172752053,0.008012691492121797
1,27.1059228025417,156.27500000000018,PEM,1.0004934034331455e-07,0.0,221.56010050804625,7.781940362870525,0.008458630829207092
1,27.1059228025417,156.52500000000018,PEM,1.0004934034331455e-07,0.0,224.21165389859945,8.210112934293827,0.008924035798145463
1,27.1059228025417,156.7750000000002,PEM,1.0004934034331455e-07,0.0,226.91207465353042,8.656905988918377,0.009409680422737366
1,27.1059228025417,157.0250000000002,PEM,1.0004934034331455e-07,0.0,229.66240159428006,9.123075106218513,0.009916385985020123
1,27.1059228025417,157.2750000000002,PEM,1.0004934034331455e-07,0.0,232.463689793962,9.609425802265289,0.010445028045940531
1,27.1059228025417,157.5250000000002,PEM,1.0004934034331455e-07,0.0,235.31700997379284,10.116820145079055,0.010996543635955494
1,27.1059228025417,157.7750000000002,PEM,1.0004934034331455e-07,0.0,238.2234477915687,10.64618667777335,0.01157194204105799
1,27.1059228025417,158.02500000000023,PEM,1.0004934034331455e-07,0.0,241.1841030192843,11.198531970125227,0.012172317358831768
1,27.1059228025417,158.27500000000023,PEM,1.0004934034331455e-07,0.0,244.20008860540128,11.774958873511803,0.012798868340773699
1,27.1059228025417,158.52500000000023,PEM,1.0004934034331455e-07,0.0,247.27252961649364,12.376693142159995,0.013452927328434778
1,27.1059228025417,158.77500000000023,PEM,1.0004934034331455e-07,0.0,250.40256205272107,13.005128324784987,0.014136009048679335
1,27.1059228025417,159.02500000000023,PEM,1.0004934034331455e-07,0.0,253.59133153164743,13.661910904032187,0.014849903156556725
1,27.1059228025417,159.27500000000026,PEM,1.0004934034331455e-07,0.0,256.8399918352527,14.349129963624126,0.015596880395243614
1,27.1059228025417,159.52500000000026,PEM,1.0004934034331455e-07,0.0,260.14970331555276,15.06984892593432,0.01638027057166774
1,27.1059228025417,159.77500000000026,PEM,1.0004934034331455e-07,0.0,263.5216311550477,15.83206085428838,0.017208761798139544
1,27.1059228025417,160.02500000000026,PEM,1.0004934034331455e-07,0.0,266.9569434793012,16.619903878920084,0.018065112911869657
1,27.1059228025417,160.2750000000003,PEM,1.0004934034331455e-07,0.0,270.45680932038397,17.423802822945724,0.018938916111897526
1,27.1059228025417,160.5250000000003,PEM,1.0004934034331455e-07,0.0,274.02239643183816,18.244241874578492,0.01983069768975923
1,27.1059228025417,160.7750000000003,PEM,1.0004934034331455e-07,0.0,277.6548689584944,19.081720199811528,0.020741000217186445
1,27.1059228025417,161.0250000000003,PEM,1.0004934034331455e-07,0.0,281.35538496838643,19.936752372944174,0.021670383014069754
1,27.1059228025417,161.2750000000003,PEM,1.0004934034331455e-07,0.0,285.1250938600904,20.809868812421364,0.022619422622197134
1,27.1059228025417,161.52500000000032,PEM,1.0004934034331455e-07,0.0,288.9651336688096,21.701616221144,0.023588713283852175
1,27.1059228025417,161.77500000000032,PEM,1.0004934034331455e-07,0.0,292.87662831181603,22.6125580303097,0.024578867424249674
1,27.1059228025417,162.02500000000032,PEM,1.0004934034331455e-07,0.0,296.86068484484866,23.543274845759356,0.02559051613669495
1,27.1059228025417,162.27500000000032,PEM,1.0004934034331455e-07,0.0,300.9183908581363,24.494364895711453,0.02662430966925158
1,27.1059228025417,162.52500000000032,PEM,1.0004934034331455e-07,0.0,305.05081224752416,25.46644447869523,0.02768091791162525
1,27.1059228025417,162.77500000000035,PEM,1.0004934034331455e-07,0.0,309.25899179824984,26.460148410424406,0.028761030880896092
1,27.1059228025417,163.02500000000035,PEM,1.0004934034331455e-07,0.0,313.54394940363267,27.47613046831248,0.02986535920468748
1,27.1059228025417,163.27500000000035,PEM,1.0004934034331455e-07,0.0,317.906685476253,28.515063832316844,0.030994634600344396
1,27.1059228025417,163.52500000000035,PEM,1.0004934034331455e-07,0.0,322.34819051788566,29.577641520835034,0.03214961034873373
1,27.1059228025417,163.77500000000038,PEM,1.0004934034331455e-07,0.0,326.86946651701163,30.664576820468273,0.03333106176137856
1,27.1059228025417,164.02500000000038,PEM,1.0004934034331455e-07,0.0,331.47157103209867,31.776603708681357,0.03453978663987104
1,27.1059228025417,164.27500000000038,PEM,1.0004934034331455e-07,0.0,336.1557047886497,32.9144772687325,0.03577660572688315
1,27.1059228025417,164.52500000000038,PEM,1.0004934034331455e-07,0.0,340.9233827782577,34.078974096837825,0.03704236314873677
1,27.1059228025417,164.77500000000038,PEM,1.0004934034331455e-07,0.0,345.7767656771258,35.270892702394505,0.03833792685042881
1,27.1059228025417,165.0250000000004,PEM,1.0004934034331455e-07,0.0,350.7192991984903,36.491053902942355,0.03966418902493734
1,27.1059228025417,165.2750000000004,PEM,1.0004934034331455e-07,0.0,356.63140186204134,38.08335641054317,0.04139495262015562
1,27.1059228025417,165.57656250000036,cCL,1.0004934034331455e-07,1.4292680581329188e-05,58.965707498802956,11.94104979060226,0.012979401946306805
1,27.1059228025417,165.92968750000037,cCL,1.0004934034331455e-07,1.4205967105713417e-05,59.59977036497245,12.19164141215126,0.013251784143642673
1,27.1059228025417,166.28281250000035,cCL,1.0004934034331455e-07,1.4156444510963385e-05,59.60080097024193,12.194484918163567,0.013254874911047355
1,27.1059228025417,166.63593750000035,cCL,1.0004934034331455e-07,1.410695308371803e-05,59.60159193305576,12.19645382564906,0.013257015027879413
1,27.1059228025417,166.98906250000033,cCL,1.0004934034331455e-07,1.4057486578810685e-05,59.60214355592305,12.197683628211813,0.01325835176979545
1,27.1059228025417,167.3421875000003,cCL,1.0004934034331455e-07,1.4008042221279514e-05,59.60245612582002,12.19823209380279,0.013258947928046511
1,27.1059228025417,167.6953125000003,cCL,1.0004934034331455e-07,1.3958618451981844e-05,59.60252991403048,12.198129762433416,0.01325883669829719
1,27.1059228025417,168.0484375000003,cCL,1.0004934034331455e-07,1.3909214278500642e-05,59.60236517641719,12.1973944767148,0.01325803747469
1,27.1059228025417,168.4015625000003,cCL,1.0004934034331455e-07,1.3859829022805427e-05,59.60196215382424,12.196037024123026,0.013256561982742419
1,27.1059228025417,168.75468750000027,cCL,1.0004934034331455e-07,1.381046220457441e-05,59.60132107252651,12.194063740091321,0.013254417108794915
1,27.1059228025417,169.10781250000028,cCL,1.0004934034331455e-07,1.3761113480906586e-05,59.600442144694924,12.191477847448963,0.013251606355922787
1,27.1059228025417,169.46093750000026,cCL,1.0004934034331455e-07,1.3711782612889968e-05,59.59932556886452,12.18828019348722,0.013248130645094804
1,27.1059228025417,169.81406250000026,cCL,1.0004934034331455e-07,1.3662469446390012e-05,59.597971530399256,12.184469667376842,0.013243988768887872
1,27.1059228025417,170.16718750000024,cCL,1.0004934034331455e-07,1.3613173901099672e-05,59.59638020195123,12.180043431028572,0.013239177642422361
1,27.1059228025417,170.52031250000022,cCL,1.0004934034331455e-07,1.3563895964855229e-05,59.59455174391378,12.174997030039119,0.013233692423955563
1,27.1059228025417,170.87343750000022,cCL,1.0004934034331455e-07,1.3514635691674684e-05,59.592486304869084,12.16932441869483,0.013227526542059597
1,27.1059228025417,171.2265625000002,cCL,1.0004934034331455e-07,1.3465393202764183e-05,59.59018402203173,12.163017915153,0.013220671646905435
1,27.1059228025417,171.5796875000002,cCL,1.0004934034331455e-07,1.3416168690226326e-05,59.587645021690676,12.156068091703533,0.0132131174909821
1,27.1059228025417,171.93281250000018,cCL,1.0004934034331455e-07,1.3366962423568297e-05,59.58486941965256,12.148463596451895,0.013204851735273799
1,27.1059228025417,172.2859375000002,cCL,1.0004934034331455e-07,1.3317774759450163e-05,59.58185732169074,12.140190894479828,0.013195859667912856
1,27.1059228025417,172.63906250000016,cCL,1.0004934034331455e-07,1.3268606155517462e-05,59.57860882400539,12.131233906552355,0.013186123811469951
1,27.1059228025417,172.99218750000017,cCL,1.0004934034331455e-07,1.3219457189723158e-05,59.5751240137025,12.12157350937945,0.013175623379760273
1,27.1059228025417,173.34531250000015,cCL,1.0004934034331455e-07,1.317032858741087e-05,59.571402969301985,12.111186839582041,0.013164333521284828
1,27.1059228025417,173.69843750000013,cCL,1.0004934034331455e-07,1.312122125986994e-05,59.567445761290216,12.100046307142808,0.013152224246894356
1,27.1059228025417,174.05156250000013,cCL,1.0004934034331455e-07,1.3072136360606796e-05,59.56325245273943,12.08811816001584,0.013139258869582435
1,27.1059228025417,174.4046875000001,cCL,1.0004934034331455e-07,1.3023075370308809e-05,59.55882310002911,12.075360321831111,0.01312539165416425
1,27.1059228025417,174.7578125000001,cCL,1.0004934034331455e-07,1.2974040230917344e-05,59.554157753727026,12.061718985777738,0.013110564114975801
1,27.1059228025417,175.1109375000001,cCL,1.0004934034331455e-07,1.2925033569622941e-05,59.549256459730934,12.047122931811383,0.013094698838925417
1,27.1059228025417,175.4640625000001,cCL,1.0004934034331455e-07,1.2876059102347225e-05,59.54411926086318,12.031473301466628,0.013077688371159378
1,27.1059228025417,175.81718750000007,cCL,1.0004934034331455e-07,1.2827122439607792e-05,59.53874619932468,12.014623193824669,0.013059373036765944
1,27.1059228025417,176.17031250000008,cCL,1.0004934034331455e-07,1.2778232960086987e-05,59.53313732101597,11.996330265501657,0.01303948941902354
1,27.1059228025417,176.52343750000006,cCL,1.0004934034331455e-07,1.2729409433014795e-05,59.52729268495367,11.97611460229654,0.013017515872061456
1,27.1059228025417,177.87187500000007,cGDL,1.0004934034331455e-07,2.6460633303973585e-05,59.50234008438465,11.857237635444353,0.012888301777656905
1,27.1059228025417,180.21562500000007,cGDL,1.0004934034331455e-07,2.624056948482238e-05,59.4560820888206,11.649639555400777,0.012662651690653018
1,27.1059228025417,182.5593750000001,cGDL,1.0004934034331455e-07,2.6019038104350654e-05,59.41041383714468,11.449009797873357,0.012444575867253648
1,27.1059228025417,184.9031250000001,cGDL,1.0004934034331455e-07,2.5796183888884336e-05,59.36535429928116,11.251686607465633,0.012230094138549601
1,27.1059228025417,187.24687500000013,cGDL,1.0004934034331455e-07,2.5572065260645746e-05,59.32091860190867,11.05617514910607,0.012017581683810945
1,27.1059228025417,189.59062500000013,cGDL,1.0004934034331455e-07,2.534670167658209e-05,59.27711891566059,10.861972501834497,0.011806491849820105
1,27.1059228025417,191.93437500000016,cGDL,1.0004934034331455e-07,2.512009904697849e-05,59.233965189958,10.668925302789836,0.011596657937815039
1,27.1059228025417,194.27812500000016,cGDL,1.0004934034331455e-07,2.4892258260569822e-05,59.191465730728886,10.47701254232223,0.011388057111219815
1,27.1059228025417,196.6218750000002,cGDL,1.0004934034331455e-07,2.4663178158442715e-05,59.14962763248404,10.28626920251546,0.011180727394038543
1,27.1059228025417,198.9656250000002,cGDL,1.0004934034331455e-07,2.4432856734112973e-05,59.108457095059684,10.09675510058037,0.010974733804978664
1,27.1059228025417,201.30937500000022,cGDL,1.0004934034331455e-07,2.420129167233947e-05,59.06795965396678,9.90854067386606,0.010770152906376153
1,27.1059228025417,203.65312500000022,cGDL,1.0004934034331455e-07,2.3968480607270024e-05,59.02814034726497,9.721700009117637,0.010567065227301779
1,27.1059228025417,205.99687500000022,cGDL,1.0004934034331455e-07,2.3734421249624484e-05,58.98900383617449,9.53630728676236,0.01036555139865474
1,27.1059228025417,208.34062500000024,cGDL,1.0004934034331455e-07,2.3499111449464342e-05,58.95055449210388,9.352434926425369,0.01016569013741888
1,27.1059228025417,210.68437500000024,cGDL,1.0004934034331455e-07,2.3262549224387187e-05,58.912796459347824,9.170152663193678,0.009967557242601824
1,27.1059228025417,213.02812500000027,cGDL,1.0004934034331455e-07,2.3024732770217953e-05,58.87573370018041,8.98952710547437,0.009771225114646055
1,27.1059228025417,215.37187500000027,cGDL,1.0004934034331455e-07,2.2785660461333684e-05,58.83937002721917,8.810621587841116,0.009576762595479474
1,27.1059228025417,217.7156250000003,cGDL,1.0004934034331455e-07,2.2545330846168328e-05,58.803709126588494,8.633496168112337,0.009384234965339498
1,27.1059228025417,220.0593750000003,cGDL,1.0004934034331455e-07,2.230374263960052e-05,58.76875457443384,8.458207723487638,0.009193704047269172
1,27.1059228025417,222.40312500000033,cGDL,1.0004934034331455e-07,2.2060894714205846e-05,58.73450984863037,8.28481008980629,0.009005228358485098
1,27.1059228025417,224.74687500000033,cGDL,1.0004934034331455e-07,2.1816786090787627e-05,58.70097833701737,8.113354232498873,0.008818863296194426
1,27.1059228025417,227.09062500000036,cGDL,1.0004934034331455e-07,2.1571415928761038e-05,58.66816334312006,7.943888432443571,0.008634661339612578
1,27.1059228025417,229.43437500000036,cGDL,1.0004934034331455e-07,2.1324783517125452e-05,58.636068090053634,7.776458463991189,0.008452672243468684
1,27.1059228025417,231.77812500000036,cGDL,1.0004934034331455e-07,2.1076888265426653e-05,58.60469572311206,7.611107783140762,0.008272943242544305
1,27.1059228025417,234.1218750000004,cGDL,1.0004934034331455e-07,2.0827729695433718e-05,58.574049311403776,7.44787770299597,0.008095519242386924
1,27.1059228025417,236.4656250000004,cGDL,1.0004934034331455e-07,2.0577307432780747e-05,58.544131848796766,7.28680757980206,0.007920443021523978
1,27.1059228025417,238.80937500000041,cGDL,1.0004934034331455e-07,2.032562119956924e-05,58.514946254363025,7.127934977447931,0.0077477554102694905
1,27.1059228025417,241.15312500000041,cGDL,1.0004934034331455e-07,2.0072670806952805e-05,58.48649537246091,6.971295841458933,0.007577495479846667
1,27.1059228025417,243.49687500000044,cGDL,1.0004934034331455e-07,1.9818456148270064e-05,58.458781972554696,6.816924664065964,0.007409700721810831
1,27.1059228025417,245.84062500000047,cGDL,1.0004934034331455e-07,1.9562977192657596e-05,58.43180874884571,6.664854642063806,0.007244407219634571
1,27.1059228025417,248.1843750000005,cGDL,1.0004934034331455e-07,1.9306233978644105e-05,58.4055783197679,6.515117844248468,0.007081649830704856
1,27.1059228025417,250.5281250000005,cGDL,1.0004934034331455e-07,1.9048226608386415e-05,58.38009322738766,6.367745366032887,0.006921462354383573
1,27.1059228025417,252.8718750000005,cGDL,1.0004934034331455e-07,1.878895524163234e-05,58.35535593673718,6.22276750289865,0.006763877720542011
1,27.1059228025417,255.21562500000053,cGDL,1.0004934034331455e-07,1.8528420090492333e-05,58.3313688351033,6.08021390519694,0.006608928157822761
1,27.1059228025417,257.55937500000056,cGDL,1.0004934034331455e-07,1.826662141398517e-05,58.308134231289436,5.940113750801837,0.006456645381306345
1,27.1059228025417,259.90312500000056,cGDL,1.0004934034331455e-07,1.8003559512587588e-05,58.285654354862466,5.802495928617568,0.006307060791975618
1,27.1059228025417,262.24687500000056,cGDL,1.0004934034331455e-07,1.7739234723181153e-05,58.26393135539525,5.667389219128638,0.006160205672965911
1,27.1059228025417,264.59062500000056,cGDL,1.0004934034331455e-07,1.7473647413748707e-05,58.24296730171338,5.534822496658907,0.006016111409411855
1,27.1059228025417,266.9343750000006,cGDL,1.0004934034331455e-07,1.720679797823125e-05,58.22276418115277,5.40482493936284,0.0058748097166987385
1,27.1059228025417,269.2781250000006,cGDL,1.0004934034331455e-07,1.6938686831095036e-05,58.203323898833986,5.277426265553049,0.005736332897340271
1,27.1059228025417,271.6218750000006,cGDL,1.0004934034331455e-07,1.6669314401918253e-05,58.18464827695879,5.1526569864566945,0.0056007141157137985
1,27.1059228025417,273.9656250000006,cGDL,1.0004934034331455e-07,1.6398681129427255e-05,58.16673905413341,5.03054870032666,0.00546798771774637
1,27.1059228025417,276.30937500000067,cGDL,1.0004934034331455e-07,1.6126787455628567e-05,58.1495978847234,4.911134405154618,0.005338189570820237
1,27.1059228025417,278.65312500000067,cGDL,1.0004934034331455e-07,1.5853633818971888e-05,58.13322633824458,4.794448876890595,0.005211357474881081
1,27.1059228025417,280.99687500000067,cGDL,1.0004934034331455e-07,1.5579220647182008e-05,58.11762589879433,4.680529092396806,0.005087531622170441
1,27.1059228025417,283.34062500000067,cGDL,1.0004934034331455e-07,1.5303548349079196e-05,58.10279796452829,4.569414731599721,0.004966755143043175
1,27.1059228025417,285.68437500000067,cGDL,1.0004934034331455e-07,1.5026617305395428e-05,58.08874384718748,4.461148766883567,0.004849074746612573
1,27.1059228025417,288.0281250000007,cGDL,1.0004934034331455e-07,1.4748427857930612e-05,58.07546477168111,4.355778178895657,0.004734541498799628
1,27.1059228025417,290.3718750000007,cGDL,1.0004934034331455e-07,1.446898029703372e-05,58.06296187573195,4.253354813357207,0.004623211753649138
1,27.1059228025417,292.7156250000007,cGDL,1.0004934034331455e-07,1.4188274846128889e-05,58.051236209590975,4.15393645504772,0.004515148320704044
1,27.1059228025417,295.0593750000007,cGDL,1.0004934034331455e-07,1.3906311643030215e-05,58.04028873583002,4.057588156122395,0.0044104219088286906
1,27.1059228025417,297.4031250000008,cGDL,1.0004934034331455e-07,1.3623090716221286e-05,58.03012032922301,3.9643839380442443,0.004309112976135048
1,27.1059228025417,299.7468750000008,cGDL,1.0004934034331455e-07,1.3338611954338591e-05,58.02073177672819,3.8744089999766906,0.004211314130409446
1,27.1059228025417,302.0906250000008,cGDL,1.0004934034331455e-07,1.305287506616721e-05,58.01212377758804,3.7877626333247245,0.004117133297092092
1,27.1059228025417,304.4343750000008,cGDL,1.0004934034331455e-07,1.2765879526110597e-05,58.00429694356803,3.7045621943216487,0.0040266980373061395
1,27.1059228025417,306.7781250000008,cGDL,1.0004934034331455e-07,1.2477624498186229e-05,57.9972517993627,3.6249486418925976,0.003940161567274563
1,27.1059228025417,309.12187500000084,cGDL,1.0004934034331455e-07,1.2188108725935945e-05,57.99098878320876,3.5490945366697435,0.003857711452901895
1,27.1059228025417,311.46562500000084,cGDL,1.0004934034331455e-07,1.1897330365543324e-05,57.98550824776222,3.4772161052722277,0.0037795827231219864
1,27.1059228025417,313.80937500000084,cGDL,1.0004934034331455e-07,1.1605286719556964e-05,57.98081046132481,3.4095923780459403,0.0037060786717890656
1,27.1059228025417,316.15312500000084,cGDL,1.0004934034331455e-07,1.1311973780349693e-05,57.976895609554695,3.3465977547117163,0.0036376062551214308
1,27.1059228025417,318.4968750000009,cGDL,1.0004934034331455e-07,1.101738536978437e-05,57.97376379789076,3.288762857708326,0.0035747422366394846
1,27.1059228025417,320.8406250000009,cGDL,1.0004934034331455e-07,1.0721511273562905e-05,57.971415055115116,3.2369052395612092,0.0035183752603926187
1,27.1059228025417,323.1843750000009,cGDL,1.0004934034331455e-07,1.0424332133774655e-05,57.96984933895619,3.1924833572073856,0.0034700906056602016
1,27.1059228025417,325.5281250000009,cGDL,1.0004934034331455e-07,1.0125796946878206e-05,57.96906654614032,3.1591378229722737,0.0034338454597524714
2,27.1059228025417,1.171875,aGDL,5.996992221383092,2.148026860644287e-08,0.0,0.0,0.0
2,27.1059228025417,3.515625,aGDL,5.996992221383092,6.444080585691244e-08,0.0,0.0,0.0
2,27.1059228025417,5.859375,aGDL,5.996992221383092,1.074013432201335e-07,0.0,0.0,0.0
2,27.1059228025417,8.203125,aGDL,5.996992221383092,1.5036188077127344e-07,0.0,0.0,0.0
2,27.1059228025417,10.546874999999998,aGDL,5.996992221383092,1.9332241858549942e-07,0.0,0.0,0.0
2,27.1059228025417,12.890624999999998,aGDL,5.996992221383092,2.3628295673797806e-07,0.0,0.0,0.0
2,27.1059228025417,15.234375,aGDL,5.996992221383092,2.792434953038756e-07,0.0,0.0,0.0
2,27.1059228025417,17.578125,aGDL,5.996992221383092,3.222040343583573e-07,0.0,0.0,0.0
2,27.1059228025417,19.921874999999996,aGDL,5.996992221383092,3.6516457397658795e-07,0.0,0.0,0.0
2,27.1059228025417,22.265624999999996,aGDL,5.996992221383092,4.081251142337311e-07,0.0,0.0,0.0
2,27.1059228025417,24.609374999999996,aGDL,5.996992221383092,4.5108565520494943e-07,0.0,0.0,0.0
2,27.1059228025417,26.953124999999996,aGDL,5.996992221383092,4.940461969654046e-07,0.0,0.0,0.0
2,27.1059228025417,29.296874999999996,aGDL,5.996992221383092,5.370067395902563e-07,0.0,0.0,0.0
2,27.1059228025417,31.640625,aGDL,5.996992221383092,5.799672831546636e-07,0.0,0.0,0.0
2,27.1059228025417,33.984375,aGDL,5.996992221383092,6.229278277337836e-07,0.0,0.0,0.0
2,27.1059228025417,36.328125,aGDL,5.996992221383092,6.658883734027714e-07,0.0,0.0,0.0
2,27.1059228025417,38.67187499999999,aGDL,5.996992221383092,7.088489202367809e-07,0.0,0.0,0.0
2,27.1059228025417,41.01562499999999,aGDL,5.996992221383092,7.518094683109638e-07,0.0,0.0,0.0
2,27.1059228025417,43.35937499999999,aGDL,5.996992221383092,7.947700177004697e-07,0.0,0.0,0.0
2,27.1059228025417,45.70312499999999,aGDL,5.996992221383092,8.377305684804462e-07,0.0,0.0,0.0
2,27.1059228025417,48.04687499999999,aGDL,5.996992221383092,8.806911207260383e-07,0.0,0.0,0.0
2,27.1059228025417,50.39062499999999,aGDL,5.996992221383092,9.236516745123887e-07,0.0,0.0,0.0
2,27.1059228025417,52.73437499999999,aGDL,5.996992221383092,9.666122299146374e-07,0.0,0.0,0.0
2,27.1059228025417,55.07812499999999,aGDL,5.996992221383092,1.0095727870079218e-06,0.0,0.0,0.0
2,27.1059228025417,57.42187499999999,aGDL,5.996992221383092,1.0525333458673766e-06,0.0,0.0,0.0
2,27.1059228025417,59.76562499999999,aGDL,5.996992221383092,1.0954939065681336e-06,0.0,0.0,0.0
2,27.1059228025417,62.10937499999999,aGDL,5.996992221383092,1.138454469185321e-06,0.0,0.0,0.0
2,27.1059228025417,64.45312499999999,aGDL,5.996992221383092,1.1814150337940646e-06,0.0,0.0,0.0
2,27.1059228025417,66.79687499999999,aGDL,5.996992221383092,1.2243756004694867e-06,0.0,0.0,0.0
2,27.1059228025417,69.14062499999999,aGDL,5.996992221383092,1.2673361692867056e-06,0.0,0.0,0.0
2,27.1059228025417,71.48437499999999,aGDL,5.996992221383092,1.3102967403208366e-06,0.0,0.0,0.0
2,27.1059228025417,73.82812499999999,aGDL,5.996992221383092,1.3532573136469907e-06,0.0,0.0,0.0
2,27.1059228025417,76.17187499999999,aGDL,5.996992221383092,1.396217889340276e-06,0.0,0.0,0.0
2,27.1059228025417,78.51562499999999,aGDL,5.996992221383092,1.4391784674757958e-06,0.0,0.0,0.0
2,27.1059228025417,80.85937499999999,aGDL,5.996992221383092,1.4821390481286498e-06,0.0,0.0,0.0
2,27.1059228025417,83.20312499999999,aGDL,5.996992221383092,1.525099631373933e-06,0.0,0.0,0.0
2,27.1059228025417,85.54687499999999,aGDL,5.996992221383092,1.5680602172867366e-06,0.0,0.0,0.0
2,27.1059228025417,87.89062499999999,aGDL,5.996992221383092,1.6110208059421472e-06,0.0,0.0,0.0
2,27.1059228025417,90.23437499999999,aGDL,5.996992221383092,1.6539813974152468e-06,0.0,0.0,0.0
2,27.1059228025417,92.57812499999999,aGDL,5.996992221383092,1.6969419917811122e-06,0.0,0.0,0.0
2,27.1059228025417,94.92187499999999,aGDL,5.996992221383092,1.7399025891148162e-06,0.0,0.0,0.0
2,27.1059228025417,97.26562499999999,aGDL,5.996992221383092,1.7828631894914255e-06,0.0,0.0,0.0
2,27.1059228025417,99.60937499999999,aGDL,5.996992221383092,1.8258237929860036e-06,0.0,0.0,0.0
2,27.1059228025417,101.95312499999999,aGDL,5.996992221383092,1.8687843996736066e-06,0.0,0.0,0.0
2,27.1059228025417,104.29687499999999,aGDL,5.996992221383092,1.9117450096292866e-06,0.0,0.0,0.0
2,27.1059228025417,106.64062499999997,aGDL,5.996992221383092,1.9547056229280897e-06,0.0,0.0,0.0
2,27.1059228025417,108.98437499999997,aGDL,5.996992221383092,1.997666239645057e-06,0.0,0.0,0.0
2,27.1059228025417,111.32812499999997,aGDL,5.996992221383092,2.040626859855223e-06,0.0,0.0,0.0
2,27.1059228025417,113.67187499999997,aGDL,5.996992221383092,2.0835874836336173e-06,0.0,0.0,0.0
2,27.1059228025417,116.01562499999997,aGDL,5.996992221383092,2.126548111055262e-06,0.0,0.0,0.0
2,27.1059228025417,118.35937499999997,aGDL,5.996992221383092,2.1695087421951758e-06,0.0,0.0,0.0
2,27.1059228025417,120.70312499999997,aGDL,5.996992221383092,2.212469377128368e-06,0.0,0.0,0.0
2,27.1059228025417,123.04687499999997,aGDL,5.996992221383092,2.2554300159298425e-06,0.0,0.0,0.0
2,27.1059228025417,125.39062499999999,aGDL,5.996992221383092,2.2983906586745983e-06,0.0,0.0,0.0
2,27.1059228025417,127.734375,aGDL,5.996992221383092,2.341351305437626e-06,0.0,0.0,0.0
2,27.1059228025417,130.078125,aGDL,5.996992221383092,2.3843119562939094e-06,0.0,0.0,0.0
2,27.1059228025417,132.42187500000003,aGDL,5.996992221383092,2.4272726113184267e-06,0.0,0.0,0.0
2,27.1059228025417,134.76562500000003,aGDL,5.996992221383092,2.4702332705861483e-06,0.0,0.0,0.0
2,27.1059228025417,137.10937500000006,aGDL,5.996992221383092,2.5131939341720376e-06,0.0,0.0,0.0
2,27.1059228025417,139.45312500000006,aGDL,5.996992221383092,2.55615460215105e-06,0.0,0.0,0.0
2,27.1059228025417,141.79687500000009,aGDL,5.996992221383092,2.599115274598135e-06,0.0,0.0,0.0
2,27.1059228025417,144.14062500000009,aGDL,5.996992221383092,2.642075951588233e-06,0.0,0.0,0.0
2,27.1059228025417,146.4843750000001,aGDL,5.996992221383092,2.6850366331962778e-06,0.0,0.0,0.0
2,27.1059228025417,148.8281250000001,aGDL,5.996992221383092,2.7279973194971945e-06,0.0,0.0,0.0
2,27.1059228025417,150.07083333333344,aCL,5.996992221383092,1.347725074878826e-06,0.0,0.0,0.0
2,27.1059228025417,150.21250000000012,aCL,5.996992221383092,1.3514365905828928e-06,0.0,0.0,0.0
2,27.1059228025417,150.35416666666677,aCL,5.996992221383092,1.3551481062992938e-06,0.0,0.0,0.0
2,27.1059228025417,150.49583333333345,aCL,5.996992221383092,1.3588596220280619e-06,0.0,0.0,0.0
2,27.1059228025417,150.6375000000001,aCL,5.996992221383092,1.3625711377692314e-06,0.0,0.0,0.0
2,27.1059228025417,150.77916666666678,aCL,5.996992221383092,1.3662826535228364e-06,0.0,0.0,0.0
2,27.1059228025417,150.92083333333343,aCL,5.996992221383092,1.36999416928891e-06,0.0,0.0,0.0
2,27.1059228025417,151.0625000000001,aCL,5.996992221383092,1.3737056850674866e-06,0.0,0.0,0.0
2,27.1059228025417,151.20416666666677,aCL,5.996992221383092,1.3774172008585997e-06,0.0,0.0,0.0
2,27.1059228025417,151.34583333333345,aCL,5.996992221383092,1.381128716662283e-06,0.0,0.0,0.0
2,27.1059228025417,151.4875000000001,aCL,5.996992221383092,1.3848402324785703e-06,0.0,0.0,0.0
2,27.1059228025417,151.62916666666678,aCL,5.996992221383092,1.3885517483074956e-06,0.0,0.0,0.0
2,27.1059228025417,151.77083333333343,aCL,5.996992221383092,1.3922632641490928e-06,0.0,0.0,0.0
2,27.1059228025417,151.9125000000001,aCL,5.996992221383092,1.3959747800033958e-06,0.0,0.0,0.0
2,27.1059228025417,152.05416666666676,aCL,5.996992221383092,1.399686295870438e-06,0.0,0.0,0.0
2,27.1059228025417,152.19583333333344,aCL,5.996992221383092,1.4033978117502535e-06,0.0,0.0,0.0
2,27.1059228025417,152.3375000000001,aCL,5.996992221383092,1.4071093276428757e-06,0.0,0.0,0.0
2,27.1059228025417,152.47916666666677,aCL,5.996992221383092,1.4108208435483387e-06,0.0,0.0,0.0
2,27.1059228025417,152.62083333333342,aCL,5.996992221383092,1.4145323594666763e-06,0.0,0.0,0.0
2,27.1059228025417,152.76250000000007,aCL,5.996992221383092,1.4182438753979222e-06,0.0,0.0,0.0
2,27.1059228025417,152.90416666666675,aCL,5.996992221383092,1.42195539134211e-06,0.0,0.0,0.0
2,27.1059228025417,153.0458333333334,aCL,5.996992221383092,1.425666907299274e-06,0.0,0.0,0.0
2,27.1059228025417,153.18750000000009,aCL,5.996992221383092,1.429378423269448e-06,0.0,0.0,0.0
2,27.1059228025417,153.32916666666674,aCL,5.996992221383092,1.4330899392526654e-06,0.0,0.0,0.0
2,27.1059228025417,153.52500000000012,PEM,5.996992221383092,0.0,217.11089108172516,0.4272417363315218,0.0004643931916646976
2,27.1059228025417,153.77500000000012,PEM,5.996992221383092,0.0,219.2104873965815,0.4839922798230645,0.00052607856502507
2,27.1059228025417,154.02500000000012,PEM,5.996992221383092,0.0,221.3280816876975,0.5457055325496394,0.0005931581875539559
2,27.1059228025417,154.27500000000012,PEM,5.996992221383092,0.0,223.47872158951282,0.6131131309526147,0.000666427316252842
2,27.1059228025417,154.52500000000015,PEM,5.996992221383092,0.0,225.66302627884232,0.6865778003216051,0.0007462802177408751
2,27.1059228025417,154.77500000000015,PEM,5.996992221383092,0.0,227.88161044712703,0.7664801348397406,0.0008331305813475442
2,27.1059228025417,155.02500000000015,PEM,5.996992221383092,0.0,230.1350894042022,0.8532194913004709,0.0009274124905439902
2,27.1059228025417,155.27500000000015,PEM,5.996992221383092,0.0,232.42408194368141,0.9472156651990842,0.0010295822447816132
2,27.1059228025417,155.52500000000015,PEM,5.996992221383092,0.0,234.74921188616423,1.0489100139171739,0.0011401195803447542
2,27.1059228025417,155.77500000000018,PEM,5.996992221383092,0.0,237.11110883552416,1.1587673519494468,0.0012595297303798336
2,27.1059228025417,156.02500000000018,PEM,5.996992221383092,0.0,239.51040846017037,1.2772780092371296,0.0013883456622142713
2,27.1059228025417,156.27500000000018,PEM,5.996992221383092,0.0,241.94775248057888,1.404959831552406,0.0015271302516873977
2,27.1059228025417,156.52500000000018,PEM,5.996992221383092,0.0,244.42378846811854,1.5423610930235736,0.0016764794489386669
2,27.1059228025417,156.7750000000002,PEM,5.996992221383092,0.0,246.93916951549502,1.6900634540890422,0.001837025493575046
2,27.1059228025417,157.0250000000002,PEM,5.996992221383092,0.0,249.4945538132701,1.8486857767811387,0.002009441061718629
2,27.1059228025417,157.2750000000002,PEM,5.996992221383092,0.0,252.09060415177066,2.018889202083119,0.002194444784872955
2,27.1059228025417,157.5250000000002,PEM,5.996992221383092,0.0,254.72798735883006,2.201382071693751,0.0023928065996671206
2,27.1059228025417,157.7750000000002,PEM,5.996992221383092,0.0,257.40737367912226,2.3969286194628094,0.002605357195068271
2,27.1059228025417,158.02500000000023,PEM,5.996992221383092,0.0,260.1294360975263,2.606358632616127,0.0028329985137131816
2,27.1059228025417,158.27500000000023,PEM,5.996992221383092,0.0,262.8948496078298,2.8305824222164344,0.003076720024148298
2,27.1059228025417,158.52500000000023,PEM,5.996992221383092,0.0,265.70429042706513,3.0706134965412475,0.003337623365805704
2,27.1059228025417,158.77500000000023,PEM,5.996992221383092,0.0,268.5584351555431,3.32760569135339,0.003616962707992815
2,27.1059228025417,159.02500000000023,PEM,5.996992221383092,0.0,271.45795988320367,3.602926631340297,0.003916224599282932
2,27.1059228025417,159.27500000000026,PEM,5.996992221383092,0.0,274.40353924396413,3.8983183396592214,0.00423730254310785
2,27.1059228025417,159.52500000000026,PEM,5.996992221383092,0.0,277.39584542769865,4.216355185104096,0.004582994766417495
2,27.1059228025417,159.77500000000026,PEM,5.996992221383092,0.0,280.4355473028251,4.563850643987229,0.004960707221725249
2,27.1059228025417,160.02500000000026,PEM,5.996992221383092,0.0,283.5233076538736,4.927063676831623,0.005355503996556112
2,27.1059228025417,160.2750000000003,PEM,5.996992221383092,0.0,286.65978395806513,5.297599402535863,0.005758260220147677
2,27.1059228025417,160.5250000000003,PEM,5.996992221383092,0.0,289.8456276205942,5.675705839929888,0.0061692454781846606
2,27.1059228025417,160.7750000000003,PEM,5.996992221383092,0.0,293.081482249371,6.061639496004576,0.006588738582613669
2,27.1059228025417,161.0250000000003,PEM,5.996992221383092,0.0,296.36798243942684,6.4556656921783295,0.007017027926280793
2,27.1059228025417,161.2750000000003,PEM,5.996992221383092,0.0,299.7057525541271,6.8580589040801625,0.007454411852261046
2,27.1059228025417,161.52500000000032,PEM,5.996992221383092,0.0,303.0954055312462,7.269103115264251,0.007901199038330708
2,27.1059228025417,161.77500000000032,PEM,5.996992221383092,0.0,306.53754176183503,7.689092185269011,0.008357708897031534
2,27.1059228025417,162.02500000000032,PEM,5.996992221383092,0.0,310.03274812488144,8.118330232431088,0.008824271991772922
2,27.1059228025417,162.27500000000032,PEM,5.996992221383092,0.0,313.5815973234577,8.557132031858579,0.009301230469411498
2,27.1059228025417,162.52500000000032,PEM,5.996992221383092,0.0,317.1846477808458,9.005823428974077,0.009788938509754432
2,27.1059228025417,162.77500000000035,PEM,5.996992221383092,0.0,320.84244455877143,9.464741769045693,0.010287762792440971
2,27.1059228025417,163.02500000000035,PEM,5.996992221383092,0.0,324.55552212823056,9.934236343142542,0.010798082981676676
2,27.1059228025417,163.27500000000035,PEM,5.996992221383092,0.0,328.32441049050215,10.414668850988468,0.011320292229335291
2,27.1059228025417,163.52500000000035,PEM,5.996992221383092,0.0,332.149647354929,10.906413881255336,0.01185479769701667
2,27.1059228025417,163.77500000000038,PEM,5.996992221383092,0.0,336.031801272156,11.409859409941562,0.012402021097762568
2,27.1059228025417,164.02500000000038,PEM,5.996992221383092,0.0,339.9715145973032,11.925407317667622,0.012962399258334372
2,27.1059228025417,164.27500000000038,PEM,5.996992221383092,0.0,343.9695823697879,12.453473927009494,0.01353638470327119
2,27.1059228025417,164.52500000000038,PEM,5.996992221383092,0.0,348.0270962811872,12.99449056146282,0.014124446262459588
2,27.1059228025417,164.77500000000038,PEM,5.996992221383092,0.0,352.1457066423652,13.548904128305216,0.014727069704679583
2,27.1059228025417,165.0250000000004,PEM,5.996992221383092,0.0,356.32809833257613,14.117177728279687,0.015344758400304007
2,27.1059228025417,165.2750000000004,PEM,5.996992221383092,0.0,361.49198178550364,14.878036913732068,0.016171779254056596
2,27.1059228025417,165.57656250000036,cCL,5.996992221383092,1.7045450943571577e-05,63.1894742732354,5.5909770085705635,0.006077148922359308
2,27.1059228025417,165.92968750000037,cCL,5.996992221383092,1.6958322923623892e-05,63.85091069863173,5.722065486077033,0.006219636397909818
2,27.1059228025417,166.28281250000035,cCL,5.996992221383092,1.6910320385140437e-05,63.851789733518146,5.724173488198621,0.006221927704563718
2,27.1059228025417,166.63593750000035,cCL,5.996992221383092,1.6862335959508435e-05,63.85247656602175,5.725627273437096,0.0062235079059098876
2,27.1059228025417,166.98906250000033,cCL,5.996992221383092,1.6814363343845972e-05,63.852971409041885,5.726543524336093,0.006224503830800102
2,27.1059228025417,167.3421875000003,cCL,5.996992221383092,1.6766399772605382e-05,63.85327446198007,5.72697198119675,0.006224969544779076
2,27.1059228025417,167.6953125000003,cCL,5.996992221383092,1.6718443718767893e-05,63.85338591319941,5.726938947416202,0.006224933638495872
2,27.1059228025417,168.0484375000003,cCL,5.996992221383092,1.6670494232049774e-05,63.85330594089263,5.726459807980993,0.006224412834761949
2,27.1059228025417,168.4015625000003,cCL,5.996992221383092,1.6622550681690627e-05,63.85303471357859,5.72554389046651,0.006223417272246207
2,27.1059228025417,168.75468750000027,cCL,5.996992221383092,1.6574612637578316e-05,63.852572390476716,5.7241967077198055,0.006221952943173702
2,27.1059228025417,169.10781250000028,cCL,5.996992221383092,1.6526679808878004e-05,63.85191912183078,5.7224211118960255,0.006220022947713072
2,27.1059228025417,169.46093750000026,cCL,5.996992221383092,1.647875201005167e-05,63.85107504920764,5.720217929556885,0.006217628184300962
2,27.1059228025417,169.81406250000026,cCL,5.996992221383092,1.6430829141385934e-05,63.850040305781086,5.717586321408102,0.00621476774066098
2,27.1059228025417,170.16718750000024,cCL,5.996992221383092,1.638291117795516e-05,63.84881501660602,5.71452398134143,0.006211439110153728
2,27.1059228025417,170.52031250000022,cCL,5.996992221383092,1.6334998163969126e-05,63.84739929888587,5.711027232192212,0.0062076382958611
2,27.1059228025417,170.87343750000022,cCL,5.996992221383092,1.62870902109364e-05,63.84579326223506,5.707091047485017,0.006203359834222845
2,27.1059228025417,171.2265625000002,cCL,5.996992221383092,1.6239187498880684e-05,63.84399700893845,5.7027090130549905,0.006198596753320642
2,27.1059228025417,171.5796875000002,cCL,5.996992221383092,1.6191290280347558e-05,63.842010634209,5.69787323277102,0.006193340470403283
2,27.1059228025417,171.93281250000018,cCL,5.996992221383092,1.6143398887313728e-05,63.83983422644573,5.69257417521052,0.006187580625228827
2,27.1059228025417,172.2859375000002,cCL,5.996992221383092,1.609551374146527e-05,63.83746786749395,5.686800450998982,0.006181304838042372
2,27.1059228025417,172.63906250000016,cCL,5.996992221383092,1.6047635368730838e-05,63.83491163291002,5.680538501923614,0.006174498371656102
2,27.1059228025417,172.99218750000017,cCL,5.996992221383092,1.599976441954057e-05,63.83216559223395,5.673772170816799,0.006167143663931304
2,27.1059228025417,173.34531250000015,cCL,5.996992221383092,1.595190169718551e-05,63.82922980927372,5.66648210237866,0.006159219676498543
2,27.1059228025417,173.69843750000013,cCL,5.996992221383092,1.5904048198154474e-05,63.82610434240634,5.658644893773281,0.0061507009714926964
2,27.1059228025417,174.05156250000013,cCL,5.996992221383092,1.585620517097049e-05,63.82278924490257,5.650231858610167,0.006141556368054529
2,27.1059228025417,174.4046875000001,cCL,5.996992221383092,1.580837420498965e-05,63.81928456528412,5.641207164771915,0.006131746918230342
2,27.1059228025417,174.7578125000001,cCL,5.996992221383092,1.5760557370481364e-05,63.815590347725184,5.631524900785461,0.006121222718245067
2,27.1059228025417,175.1109375000001,cCL,5.996992221383092,1.5712757452603933e-05,63.81170663251163,5.621124180959926,0.00610991758799992
2,27.1059228025417,175.4640625000001,cCL,5.996992221383092,1.566497837278498e-05,63.80763345656811,5.609920337426014,0.00609773949720219
2,27.1059228025417,175.81718750000007,cCL,5.996992221383092,1.561722603020512e-05,63.803370854029396,5.597787343349814,0.006084551460162841
2,27.1059228025417,176.17031250000008,cCL,5.996992221383092,1.5569510257912003e-05,63.798918856646566,5.584516979454197,0.006070127151580649
2,27.1059228025417,176.52343750000006,cCL,5.996992221383092,1.5521850692094732e-05,63.79427749262167,5.5696963920654765,0.0060540178174624745
2,27.1059228025417,177.87187500000007,cGDL,5.996992221383092,3.21760124777594e-05,63.774403135881904,5.479010458701019,0.005955446150761977
2,27.1059228025417,180.21562500000007,cGDL,5.996992221383092,3.19599276484683e-05,63.73745757957301,5.323773852118726,0.005786710708824702
2,27.1059228025417,182.5593750000001,cGDL,5.996992221383092,3.1741851572283575e-05,63.70097774710375,5.174753747678545,0.005624732334433201
2,27.1059228025417,184.9031250000001,cGDL,5.996992221383092,3.15219345665927e-05,63.66497923837241,5.028808698054791,0.00546609641092912
2,27.1059228025417,187.24687500000013,cGDL,5.996992221383092,3.130023694875928e-05,63.629474760755855,4.8846651243049175,0.0053094186133749105
2,27.1059228025417,189.59062500000013,cGDL,5.996992221383092,3.107677830552318e-05,63.594474703411265,4.741904482224714,0.005154244002418168
2,27.1059228025417,191.93437500000016,cGDL,5.996992221383092,3.085156403348975e-05,63.5599876443946,4.600409706899043,0.005000445333585917
2,27.1059228025417,194.27812500000016,cGDL,5.996992221383092,3.0624594255331246e-05,63.526020776108375,4.460178007361991,0.0048480195732195554
2,27.1059228025417,196.6218750000002,cGDL,5.996992221383092,3.039586693668107e-05,63.492580237839526,4.321254998179573,0.004697016302369101
2,27.1059228025417,198.9656250000002,cGDL,5.996992221383092,3.0165379148414128e-05,63.45967136863557,4.183707772782377,0.004547508448676497
2,27.1059228025417,201.30937500000022,cGDL,5.996992221383092,2.9933127636857114e-05,63.427298897648576,4.047612570913184,0.004399578881427374
2,27.1059228025417,203.65312500000022,cGDL,5.996992221383092,2.9699109099848128e-05,63.39546708675884,3.91304868657459,0.004253313789754989
2,27.1059228025417,205.99687500000022,cGDL,5.996992221383092,2.946332032526289e-05,63.364179837182085,3.780095318184396,0.004108799258896082
2,27.1059228025417,208.34062500000024,cGDL,5.996992221383092,2.9225758261802643e-05,63.33344076903185,3.648829882613788,0.003966119437623683
2,27.1059228025417,210.68437500000024,cGDL,5.996992221383092,2.8986420053069205e-05,63.30325328063114,3.519327134700015,0.0038253555811956683
2,27.1059228025417,213.02812500000027,cGDL,5.996992221383092,2.8745303053253956e-05,63.27362059267997,3.391658696430456,0.003686585539598322
2,27.1059228025417,215.37187500000027,cGDL,5.996992221383092,2.8502404831536077e-05,63.24454578111301,3.2658928438029764,0.0035498835258728004
2,27.1059228025417,217.7156250000003,cGDL,5.996992221383092,2.8257723171165628e-05,63.21603180151232,3.142094418735492,0.003415320020364665
2,27.1059228025417,220.0593750000003,cGDL,5.996992221383092,2.8011256065272363e-05,63.188081507219415,3.020324820847604,0.003282961761790874
2,27.1059228025417,222.40312500000033,cGDL,5.996992221383092,2.776300171101242e-05,63.16069766274697,2.9006420423768997,0.003152871785192282
2,27.1059228025417,224.74687500000033,cGDL,5.996992221383092,2.751295850267599e-05,63.13388295368437,2.7831007319135432,0.003025109491210373
2,27.1059228025417,227.09062500000036,cGDL,5.996992221383092,2.72611250251271e-05,63.10763999398743,2.6677522537727345,0.0028997307106225375
2,27.1059228025417,229.43437500000036,cGDL,5.996992221383092,2.7007500046612875e-05,63.0819713313188,2.554644765974214,0.0027767877891024064
2,27.1059228025417,231.77812500000036,cGDL,5.996992221383092,2.675208251221862e-05,63.05687945093255,2.4438232853285102,0.002656329657965772
2,27.1059228025417,234.1218750000004,cGDL,5.996992221383092,2.6494871537064063e-05,63.03236677847423,2.3353297614711828,0.00253840191464259
2,27.1059228025417,236.4656250000004,cGDL,5.996992221383092,2.623586640044959e-05,63.00843568196994,2.2292031291900543,0.0024230468795544066
2,27.1059228025417,238.80937500000041,cGDL,5.996992221383092,2.5975066539484258e-05,62.98508847321236,2.1254793755482737,0.0023103036690742106
2,27.1059228025417,241.15312500000041,cGDL,5.996992221383092,2.5712471543304533e-05,62.9623274086941,2.0241915935992902,0.002200208253912272
2,27.1059228025417,243.49687500000044,cGDL,5.996992221383092,2.544808114777028e-05,62.94015469020381,1.9253700248344139,0.0020927935052547975
2,27.1059228025417,245.84062500000047,cGDL,5.996992221383092,2.5181895229787973e-05,62.918572465170854,1.829042112275625,0.0019880892524735054
2,27.1059228025417,248.1843750000005,cGDL,5.996992221383092,2.4913913802105508e-05,62.89758282682047,1.7352325420841535,0.0018861223283523406
2,27.1059228025417,250.5281250000005,cGDL,5.996992221383092,2.464413700834582e-05,62.8771878141876,1.6439632793161472,0.0017869166079523338
2,27.1059228025417,252.8718750000005,cGDL,5.996992221383092,2.4372565117830464e-05,62.857389412025306,1.55525360979459,0.0016904930541245542
2,27.1059228025417,255.21562500000053,cGDL,5.996992221383092,2.4099198520591324e-05,62.83818955063307,1.4691201774061833,0.0015968697580501991
2,27.1059228025417,257.55937500000056,cGDL,5.996992221383092,2.3824037722554112e-05,62.81959010562531,1.3855770169999582,0.0015060619749999546
2,27.1059228025417,259.90312500000056,cGDL,5.996992221383092,2.354708334077583e-05,62.80159289765513,1.3046355859664989,0.0014180821586592379
2,27.1059228025417,262.24687500000056,cGDL,5.996992221383092,2.3268336098266936e-05,62.78419969210471,1.2263048079439356,0.0013329400086347126
2,27.1059228025417,264.59062500000056,cGDL,5.996992221383092,2.2987796819377968e-05,62.76741219874934,1.1505911009098018,0.001250642500988915
2,27.1059228025417,266.9343750000006,cGDL,5.996992221383092,2.2705466424694573e-05,62.75123207140329,1.0774984197914759,0.001171193934555952
2,27.1059228025417,269.2781250000006,cGDL,5.996992221383092,2.2421345926188743e-05,62.73566090755073,1.0070282922720464,0.00109459596986092
2,27.1059228025417,271.6218750000006,cGDL,5.996992221383092,2.213543642208906e-05,62.72070024796683,0.9391798635991632,0.0010208476778251774
2,27.1059228025417,273.9656250000006,cGDL,5.996992221383092,2.184773909176869e-05,62.7063515763308,0.8739499419121209,0.000949945589034914
2,27.1059228025417,276.30937500000067,cGDL,5.996992221383092,2.1558255190512675e-05,62.69261631883379,0.8113330484633692,0.0008818837483297492
2,27.1059228025417,278.65312500000067,cGDL,5.996992221383092,2.1266986043945584e-05,62.6794958437836,0.7513214800354949,0.000816653782647277
2,27.1059228025417,280.99687500000067,cGDL,5.996992221383092,2.0973933042572265e-05,62.66699146120691,0.6939053700646579,0.0007542449674615846
2,27.1059228025417,283.34062500000067,cGDL,5.996992221383092,2.0679097635896282e-05,62.65510442245145,0.6390727657702773,0.0006946443106198666
2,27.1059228025417,285.68437500000067,cGDL,5.996992221383092,2.0382481326081777e-05,62.64383591978884,0.5868097237490516,0.0006378366562489691
2,27.1059228025417,288.0281250000007,cGDL,5.996992221383092,2.008408566147865e-05,62.63318708601888,0.5371004149263743,0.0005838047988330155
2,27.1059228025417,290.3718750000007,cGDL,5.996992221383092,1.978391222932594e-05,62.62315899407725,0.4899272629322129,0.0005325296336219705
2,27.1059228025417,292.7156250000007,cGDL,5.996992221383092,1.9481962647917565e-05,62.613752656647215,0.4452711090569382,0.00048399033593145453
2,27.1059228025417,295.0593750000007,cGDL,5.996992221383092,1.917823855775392e-05,62.60496902577717,0.4031114228601465,0.00043816459006537666
2,27.1059228025417,297.4031250000008,cGDL,5.996992221383092,1.8872741611039412e-05,62.596808992506524,0.3634265853198443,0.00039502889708678725
2,27.1059228025417,299.7468750000008,cGDL,5.996992221383092,1.8565473459509807e-05,62.58927338650079,0.3261942518641204,0.00035455896941752216
2,27.1059228025417,302.0906250000008,cGDL,5.996992221383092,1.8256435739078933e-05,62.5823629757013,0.2913918583021145,0.00031673028076316796
2,27.1059228025417,304.4343750000008,cGDL,5.996992221383092,1.7945630050324736e-05,62.57607846599273,0.2589973200384193,0.0002815188261287166
2,27.1059228025417,306.7781250000008,cGDL,5.996992221383092,1.763305793194111e-05,62.57042050089797,0.2289900527355597,0.000248902231234304
2,27.1059228025417,309.12187500000084,cGDL,5.996992221383092,1.7318720823462245e-05,62.565389661311634,0.2013524894692153,0.00021886140159697314
2,27.1059228025417,311.46562500000084,cGDL,5.996992221383092,1.7002620009113248e-05,62.56098646529606,0.1760724658706464,0.00019138311507678956
2,27.1059228025417,313.80937500000084,cGDL,5.996992221383092,1.6684756528266195e-05,62.55721136798182,0.15314714620486655,0.0001664642893531158
2,27.1059228025417,316.15312500000084,cGDL,5.996992221383092,1.636513101991128e-05,62.55406476166409,0.1325899864645027,0.00014411955050489425
2,27.1059228025417,318.4968750000009,cGDL,5.996992221383092,1.6043743424386005e-05,62.551546976308806,0.11444426307590108,0.00012439593812597942
2,27.1059228025417,320.8406250000009,cGDL,5.996992221383092,1.5720592319320333e-05,62.54965828108666,0.09881337568401728,0.00010740584313480139
2,27.1059228025417,323.1843750000009,cGDL,5.996992221383092,1.5395673044212496e-05,62.548398889276555,0.08594649891226322,9.342010751332959e-05
2,27.1059228025417,325.5281250000009,cGDL,5.996992221383092,1.5068969109713727e-05,62.547768981807586,0.07662969017839102,8.329314149825111e-05
3,27.1059228025417,1.171875,aGDL,7.714533750409501,2.1692693852807924e-08,0.0,0.0,0.0
3,27.1059228025417,3.515625,aGDL,7.714533750409501,6.507808159653136e-08,0.0,0.0,0.0
3,27.1059228025417,5.859375,aGDL,7.714533750409501,1.0846346945457748e-07,0.0,0.0,0.0
3,27.1059228025417,8.203125,aGDL,7.714533750409501,1.5184885750316122e-07,0.0,0.0,0.0
3,27.1059228025417,10.546874999999998,aGDL,7.714533750409501,1.9523424581849712e-07,0.0,0.0,0.0
3,27.1059228025417,12.890624999999998,aGDL,7.714533750409501,2.3861963447679945e-07,0.0,0.0,0.0
3,27.1059228025417,15.234375,aGDL,7.714533750409501,2.820050235542817e-07,0.0,0.0,0.0
3,27.1059228025417,17.578125,aGDL,7.714533750409501,3.2539041312715684e-07,0.0,0.0,0.0
3,27.1059228025417,19.921874999999996,aGDL,7.714533750409501,3.6877580327163687e-07,0.0,0.0,0.0
3,27.1059228025417,22.265624999999996,aGDL,7.714533750409501,4.121611940639331e-07,0.0,0.0,0.0
3,27.1059228025417,24.609374999999996,aGDL,7.714533750409501,4.555465855802554e-07,0.0,0.0,0.0
3,27.1059228025417,26.953124999999996,aGDL,7.714533750409501,4.989319778968128e-07,0.0,0.0,0.0
3,27.1059228025417,29.296874999999996,aGDL,7.714533750409501,5.423173710898129e-07,0.0,0.0,0.0
3,27.1059228025417,31.640625,aGDL,7.714533750409501,5.85702765235462e-07,0.0,0.0,0.0
3,27.1059228025417,33.984375,aGDL,7.714533750409501,6.290881604099641e-07,0.0,0.0,0.0
3,27.1059228025417,36.328125,aGDL,7.714533750409501,6.724735566895224e-07,0.0,0.0,0.0
3,27.1059228025417,38.67187499999999,aGDL,7.714533750409501,7.15858954150338e-07,0.0,0.0,0.0
3,27.1059228025417,41.01562499999999,aGDL,7.714533750409501,7.5924435286861e-07,0.0,0.0,0.0
3,27.1059228025417,43.35937499999999,aGDL,7.714533750409501,8.026297529205351e-07,0.0,0.0,0.0
3,27.1059228025417,45.70312499999999,aGDL,7.714533750409501,8.460151543823083e-07,0.0,0.0,0.0
3,27.1059228025417,48.04687499999999,aGDL,7.714533750409501,8.894005573301219e-07,0.0,0.0,0.0
3,27.1059228025417,50.39062499999999,aGDL,7.714533750409501,9.32785961840166e-07,0.0,0.0,0.0
3,27.1059228025417,52.73437499999999,aGDL,7.714533750409501,9.761713679886283e-07,0.0,0.0,0.0
3,27.1059228025417,55.07812499999999,aGDL,7.714533750409501,1.0195567758516935e-06,0.0,0.0,0.0
3,27.1059228025417,57.42187499999999,aGDL,7.714533750409501,1.0629421855055432e-06,0.0,0.0,0.0
3,27.1059228025417,59.76562499999999,aGDL,7.714533750409501,1.1063275970263566e-06,0.0,0.0,0.0
3,27.1059228025417,62.10937499999999,aGDL,7.714533750409501,1.1497130104903094e-06,0.0,0.0,0.0
3,27.1059228025417,64.45312499999999,aGDL,7.714533750409501,1.1930984259735743e-06,0.0,0.0,0.0
3,27.1059228025417,66.79687499999999,aGDL,7.714533750409501,1.2364838435523208e-06,0.0,0.0,0.0
3,27.1059228025417,69.14062499999999,aGDL,7.714533750409501,1.2798692633027148e-06,0.0,0.0,0.0
3,27.1059228025417,71.48437499999999,aGDL,7.714533750409501,1.3232546853009181e-06,0.0,0.0,0.0
3,27.1059228025417,73.82812499999999,aGDL,7.714533750409501,1.3666401096230902e-06,0.0,0.0,0.0
3,27.1059228025417,76.17187499999999,aGDL,7.714533750409501,1.4100255363453852e-06,0.0,0.0,0.0
3,27.1059228025417,78.51562499999999,aGDL,7.714533750409501,1.4534109655439538e-06,0.0,0.0,0.0
3,27.1059228025417,80.85937499999999,aGDL,7.714533750409501,1.4967963972949426e-06,0.0,0.0,0.0
3,27.1059228025417,83.20312499999999,aGDL,7.714533750409501,1.5401818316744933e-06,0.0,0.0,0.0
3,27.1059228025417,85.54687499999999,aGDL,7.714533750409501,1.583567268758745e-06,0.0,0.0,0.0
3,27.1059228025417,87.89062499999999,aGDL,7.714533750409501,1.6269527086238311e-06,0.0,0.0,0.0
3,27.1059228025417,90.23437499999999,aGDL,7.714533750409501,1.6703381513458801e-06,0.0,0.0,0.0
3,27.1059228025417,92.57812499999999,aGDL,7.714533750409501,1.7137235970010166e-06,0.0,0.0,0.0
3,27.1059228025417,94.92187499999999,aGDL,7.714533750409501,1.7571090456653598e-06,0.0,0.0,0.0
3,27.1059228025417,97.26562499999999,aGDL,7.714533750409501,1.8004944974150237e-06,0.0,0.0,0.0
3,27.1059228025417,99.60937499999999,aGDL,7.714533750409501,1.8438799523261182e-06,0.0,0.0,0.0
3,27.1059228025417,101.95312499999999,aGDL,7.714533750409501,1.8872654104747463e-06,0.0,0.0,0.0
3,27.1059228025417,104.29687499999999,aGDL,7.714533750409501,1.9306508719370075e-06,0.0,0.0,0.0
3,27.1059228025417,106.64062499999997,aGDL,7.714533750409501,1.9740363367889944e-06,0.0,0.0,0.0
3,27.1059228025417,108.98437499999997,aGDL,7.714533750409501,2.0174218051067945e-06,0.0,0.0,0.0
3,27.1059228025417,111.32812499999997,aGDL,7.714533750409501,2.0608072769664895e-06,0.0,0.0,0.0
3,27.1059228025417,113.67187499999997,aGDL,7.714533750409501,2.104192752444155e-06,0.0,0.0,0.0
3,27.1059228025417,116.01562499999997,aGDL,7.714533750409501,2.14757823161586e-06,0.0,0.0,0.0
3,27.1059228025417,118.35937499999997,aGDL,7.714533750409501,2.1909637145576693e-06,0.0,0.0,0.0
3,27.1059228025417,120.70312499999997,aGDL,7.714533750409501,2.23434920134564e-06,0.0,0.0,0.0
3,27.1059228025417,123.04687499999997,aGDL,7.714533750409501,2.2777346920558223e-06,0.0,0.0,0.0
3,27.1059228025417,125.39062499999999,aGDL,7.714533750409501,2.321120186764261e-06,0.0,0.0,0.0
3,27.1059228025417,127.734375,aGDL,7.714533750409501,2.3645056855469937e-06,0.0,0.0,0.0
3,27.1059228025417,130.078125,aGDL,7.714533750409501,2.4078911884800518e-06,0.0,0.0,0.0
3,27.1059228025417,132.42187500000003,aGDL,7.714533750409501,2.451276695639458e-06,0.0,0.0,0.0
3,27.1059228025417,134.76562500000003,aGDL,7.714533750409501,2.49466220710123e-06,0.0,0.0,0.0
3,27.1059228025417,137.10937500000006,aGDL,7.714533750409501,2.5380477229413774e-06,0.0,0.0,0.0
3,27.1059228025417,139.45312500000006,aGDL,7.714533750409501,2.581433243235903e-06,0.0,0.0,0.0
3,27.1059228025417,141.79687500000009,aGDL,7.714533750409501,2.6248187680608006e-06,0.0,0.0,0.0
3,27.1059228025417,144.14062500000009,aGDL,7.714533750409501,2.6682042974920575e-06,0.0,0.0,0.0
3,27.1059228025417,146.4843750000001,aGDL,7.714533750409501,2.711589831605654e-06,0.0,0.0,0.0
3,27.1059228025417,148.8281250000001,aGDL,7.714533750409501,2.754975370477561e-06,0.0,0.0,0.0
3,27.1059228025417,150.07083333333344,aCL,7.714533750409501,1.3610531657265307e-06,0.0,0.0,0.0
3,27.1059228025417,150.21250000000012,aCL,7.714533750409501,1.3648013858503547e-06,0.0,0.0,0.0
3,27.1059228025417,150.35416666666677,aCL,7.714533750409501,1.3685496059866843e-06,0.0,0.0,0.0
3,27.1059228025417,150.49583333333345,aCL,7.714533750409501,1.3722978261355536e-06,0.0,0.0,0.0
3,27.1059228025417,150.6375000000001,aCL,7.714533750409501,1.3760460462969966e-06,0.0,0.0,0.0
3,27.1059228025417,150.77916666666678,aCL,7.714533750409501,1.3797942664710482e-06,0.0,0.0,0.0
3,27.1059228025417,150.92083333333343,aCL,7.714533750409501,1.3835424866577418e-06,0.0,0.0,0.0
3,27.1059228025417,151.0625000000001,aCL,7.714533750409501,1.3872907068571126e-06,0.0,0.0,0.0
3,27.1059228025417,151.20416666666677,aCL,7.714533750409501,1.3910389270691945e-06,0.0,0.0,0.0
3,27.1059228025417,151.34583333333345,aCL,7.714533750409501,1.3947871472940217e-06,0.0,0.0,0.0
3,27.1059228025417,151.4875000000001,aCL,7.714533750409501,1.3985353675316285e-06,0.0,0.0,0.0
3,27.1059228025417,151.62916666666678,aCL,7.714533750409501,1.402283587782049e-06,0.0,0.0,0.0
3,27.1059228025417,151.77083333333343,aCL,7.714533750409501,1.4060318080453173e-06,0.0,0.0,0.0
3,27.1059228025417,151.9125000000001,aCL,7.714533750409501,1.409780028321468e-06,0.0,0.0,0.0
3,27.1059228025417,152.05416666666676,aCL,7.714533750409501,1.4135282486105355e-06,0.0,0.0,0.0
3,27.1059228025417,152.19583333333344,aCL,7.714533750409501,1.417276468912554e-06,0.0,0.0,0.0
3,27.1059228025417,152.3375000000001,aCL,7.714533750409501,1.4210246892275579e-06,0.0,0.0,0.0
3,27.1059228025417,152.47916666666677,aCL,7.714533750409501,1.4247729095555805e-06,0.0,0.0,0.0
3,27.1059228025417,152.62083333333342,aCL,7.714533750409501,1.428521129896657e-06,0.0,0.0,0.0
3,27.1059228025417,152.76250000000007,aCL,7.714533750409501,1.4322693502508217e-06,0.0,0.0,0.0
3,27.1059228025417,152.90416666666675,aCL,7.714533750409501,1.4360175706181086e-06,0.0,0.0,0.0
3,27.1059228025417,153.0458333333334,aCL,7.714533750409501,1.4397657909985519e-06,0.0,0.0,0.0
3,27.1059228025417,153.18750000000009,aCL,7.714533750409501,1.443514011392186e-06,0.0,0.0,0.0
3,27.1059228025417,153.32916666666674,aCL,7.714533750409501,1.4472622317990451e-06,0.0,0.0,0.0
3,27.1059228025417,153.52500000000012,PEM,7.714533750409501,0.0,221.21211473521456,0.2970212605695812,0.00032284919627128395
3,27.1059228025417,153.77500000000012,PEM,7.714533750409501,0.0,223.25623452499994,0.34141930793771236,0.0003711079434105569
3,27.1059228025417,154.02500000000012,PEM,7.714533750409501,0.0,225.3160633217389,0.3901793776342779,0.0004241080191676934
3,27.1059228025417,154.27500000000012,PEM,7.714533750409501,0.0,227.4068586974414,0.44393265069902316,0.00048253548989024255
3,27.1059228025417,154.52500000000015,PEM,7.714533750409501,0.0,229.5291707642081,0.5030246284296586,0.0005467659004670201
3,27.1059228025417,154.77500000000015,PEM,7.714533750409501,0.0,231.6835440499284,0.5678178905214724,0.00061719335926247
3,27.1059228025417,155.02500000000015,PEM,7.714533750409501,0.0,233.87052223591266,0.6386932443316088,0.0006942317873169661
3,27.1059228025417,155.27500000000015,PEM,7.714533750409501,0.0,236.09065084681492,0.7160508136777682,0.0007783161018236611
3,27.1059228025417,155.52500000000015,PEM,7.714533750409501,0.0,238.34447871870762,0.8003115110995941,0.0008699038164126022
3,27.1059228025417,155.77500000000018,PEM,7.714533750409501,0.0,240.63255873334813,0.8919183438537155,0.0009694764607105603
3,27.1059228025417,156.02500000000018,PEM,7.714533750409501,0.0,242.9554481067164,0.9913385409662527,0.0010775418923546225
3,27.1059228025417,156.27500000000018,PEM,7.714533750409501,0.0,245.313708401271,1.0990652895500643,0.001194636184293548
3,27.1059228025417,156.52500000000018,PEM,7.714533750409501,0.0,247.7079053615529,1.2156203601401003,0.0013213264784131525
3,27.1059228025417,156.7750000000002,PEM,7.714533750409501,0.0,250.1386086312166,1.341556796644638,0.0014582139093963456
3,27.1059228025417,157.0250000000002,PEM,7.714533750409501,0.0,252.606391385345,1.477462886373933,0.0016059379199716663
3,27.1059228025417,157.2750000000002,PEM,7.714533750409501,0.0,255.11182989728647,1.6239656141073666,0.0017651800153340941
3,27.1059228025417,157.5250000000002,PEM,7.714533750409501,0.0,257.65550305125475,1.7817367598471945,0.001936670391138255
3,27.1059228025417,157.7750000000002,PEM,7.714533750409501,0.0,260.23799180660046,1.951500133226746,0.0021211957969855936
3,27.1059228025417,158.02500000000023,PEM,7.714533750409501,0.0,262.85987861701284,2.1340408219539317,0.0023196095890803607
3,27.1059228025417,158.27500000000023,PEM,7.714533750409501,0.0,265.52174680638524,2.330218638905801,0.00253284634663674
3,27.1059228025417,158.52500000000023,PEM,7.714533750409501,0.0,268.224179902313,2.540990249195359,0.0027619459230384335
3,27.1059228025417,158.77500000000023,PEM,7.714533750409501,0.0,270.9677609275072,2.767443787978288,0.0030080910738894437
3,27.1059228025417,159.02500000000023,PEM,7.714533750409501,0.0,273.7530716503791,3.010868093093962,0.0032726827098847415
3,27.1059228025417,159.27500000000026,PEM,7.714533750409501,0.0,276.5806917970923,3.2729039035505263,0.0035575042429897025
3,27.1059228025417,159.52500000000026,PEM,7.714533750409501,0.0,279.4511982371447,3.555976446978372,0.0038651917901938826
3,27.1059228025417,159.77500000000026,PEM,7.714533750409501,0.0,282.3651643286258,3.8665107133212855,0.004202729036218789
3,27.1059228025417,160.02500000000026,PEM,7.714533750409501,0.0,285.3231570049467,4.191529621717506,0.004556010458388594
3,27.1059228025417,160.2750000000003,PEM,7.714533750409501,0.0,288.32573815377344,4.5231005726158315,0.004916413665886773
3,27.1059228025417,160.5250000000003,PEM,7.714533750409501,0.0,291.373464152757,4.861448213082535,0.0052841828403071035
3,27.1059228025417,160.7750000000003,PEM,7.714533750409501,0.0,294.466884270608,5.206804921314352,0.005659570566646035
3,27.1059228025417,161.0250000000003,PEM,7.714533750409501,0.0,297.6065397049477,5.5594111076343244,0.006042838160472091
3,27.1059228025417,161.2750000000003,PEM,7.714533750409501,0.0,300.79296263094284,5.9195155283607095,0.006434256009087727
3,27.1059228025417,161.52500000000032,PEM,7.714533750409501,0.0,304.02667528965753,6.287375612988768,0.006834103927161704
3,27.1059228025417,161.77500000000032,PEM,7.714533750409501,0.0,307.30818916579636,6.66325780512398,0.007242671527308673
3,27.1059228025417,162.02500000000032,PEM,7.714533750409501,0.0,310.6380043407662,7.047437917611647,0.0076602586060996155
3,27.1059228025417,162.27500000000032,PEM,7.714533750409501,0.0,314.0166091710396,7.440201502308871,0.008087175545987903
3,27.1059228025417,162.52500000000032,PEM,7.714533750409501,0.0,317.44448055552107,7.8418442349564765,0.008523743733648344
3,27.1059228025417,162.77500000000035,PEM,7.714533750409501,0.0,320.9220852580408,8.252672315622686,0.00897029599524205
3,27.1059228025417,163.02500000000035,PEM,7.714533750409501,0.0,324.44988311193896,8.673002885216752,0.009427177049148644
3,27.1059228025417,163.27500000000035,PEM,7.714533750409501,0.0,328.02833357750313,9.103164458616043,0.009894743976756567
3,27.1059228025417,163.52500000000035,PEM,7.714533750409501,0.0,331.65790827230694,9.543497375016173,0.010373366711974101
3,27.1059228025417,163.77500000000038,PEM,7.714533750409501,0.0,335.3391141469391,9.994354266229909,0.0108634285502499
3,27.1059228025417,164.02500000000038,PEM,7.714533750409501,0.0,339.0725356448743,10.456100543839423,0.011365326678086329
3,27.1059228025417,164.27500000000038,PEM,7.714533750409501,0.0,342.85891073538494,10.929114906392257,0.01187947272433941
3,27.1059228025417,164.52500000000038,PEM,7.714533750409501,0.0,346.6992674121878,11.413789868283397,0.012406293335090648
3,27.1059228025417,164.77500000000038,PEM,7.714533750409501,0.0,350.59516816408933,11.910532312617976,0.012946230774584757
3,27.1059228025417,165.0250000000004,PEM,7.714533750409501,0.0,354.54914729502457,12.419764070970388,0.013499743555402595
3,27.1059228025417,165.2750000000004,PEM,7.714533750409501,0.0,359.49245589569136,13.102425056148698,0.01424176636537902
3,27.1059228025417,165.57656250000036,cCL,7.714533750409501,1.797249879438989e-05,63.406526924351695,5.001369533654056,0.005436271232232669
3,27.1059228025417,165.92968750000037,cCL,7.714533750409501,1.7884220353844306e-05,64.07767631940249,5.119512394771477,0.005564687385621171
3,27.1059228025417,166.28281250000035,cCL,7.714533750409501,1.7836940198637454e-05,64.07856173182704,5.121475147231888,0.005566820812208574
3,27.1059228025417,166.63593750000035,cCL,7.714533750409501,1.7789675077726896e-05,64.07925735062229,5.12282816710828,0.005568291485987261
3,27.1059228025417,166.98906250000033,cCL,7.714533750409501,1.7742418734143155e-05,64.07976338843919,5.123681582368647,0.005569219111270268
3,27.1059228025417,167.3421875000003,cCL,7.714533750409501,1.769516842693998e-05,64.08008004360141,5.12408233848033,0.005569654715739489
3,27.1059228025417,167.6953125000003,cCL,7.714533750409501,1.7647922646197022e-05,64.08020750316011,5.124055261466536,0.005569625284202756
3,27.1059228025417,168.0484375000003,cCL,7.714533750409501,1.7600680455221636e-05,64.0801459439317,5.123614873645953,0.005569146601789079
3,27.1059228025417,168.4015625000003,cCL,7.714533750409501,1.75534412349048e-05,64.07989553305731,5.122769981750513,0.005568228241033166
3,27.1059228025417,168.75468750000027,cCL,7.714533750409501,1.750620456558352e-05,64.07945642840306,5.121525793714574,0.005566875862733233
3,27.1059228025417,169.10781250000028,cCL,7.714533750409501,1.7458970166063057e-05,64.07882877889438,5.119885007931724,0.005565092399925787
3,27.1059228025417,169.46093750000026,cCL,7.714533750409501,1.7411737859866986e-05,64.07801272481709,5.117848412707679,0.005562878709464868
3,27.1059228025417,169.81406250000026,cCL,7.714533750409501,1.7364507555910934e-05,64.0770083981,5.115415225811695,0.005560233941099669
3,27.1059228025417,170.16718750000024,cCL,7.714533750409501,1.7317279237564536e-05,64.07581592258498,5.112583282354922,0.005557155741690133
3,27.1059228025417,170.52031250000022,cCL,7.714533750409501,1.7270052957070182e-05,64.0744354142886,5.109349125183704,0.0055536403534605485
3,27.1059228025417,170.87343750000022,cCL,7.714533750409501,1.7222828833760592e-05,64.07286698165767,5.105708025418529,0.005549682636324488
3,27.1059228025417,171.2265625000002,cCL,7.714533750409501,1.7175607055318967e-05,64.07111072582015,5.10165394624493,0.005545276028527098
3,27.1059228025417,171.5796875000002,cCL,7.714533750409501,1.71283878818232e-05,64.0691667408334,5.097179453945589,0.005540412449940858
3,27.1059228025417,171.93281250000018,cCL,7.714533750409501,1.7081171652689117e-05,64.0670351139312,5.092275573201125,0.005535082144783831
3,27.1059228025417,172.2859375000002,cCL,7.714533750409501,1.7033958796981352e-05,64.06471592577104,5.08693157694977,0.0055292734532062715
3,27.1059228025417,172.63906250000016,cCL,7.714533750409501,1.6986749847979834e-05,64.06220925068416,5.081134692974473,0.005522972492363557
3,27.1059228025417,172.99218750000017,cCL,7.714533750409501,1.6939545463474432e-05,64.0595151569302,5.074869697955988,0.005516162715169552
3,27.1059228025417,173.34531250000015,cCL,7.714533750409501,1.6892346454165212e-05,64.0566337069593,5.068118351955637,0.0055088242956039535
3,27.1059228025417,173.69843750000013,cCL,7.714533750409501,1.684515382404817e-05,64.05356495768557,5.060858596721273,0.005500933257305732
3,27.1059228025417,174.05156250000013,cCL,7.714533750409501,1.6797968829313967e-05,64.05030896077494,5.053063389081109,0.005492460205522945
3,27.1059228025417,174.4046875000001,cCL,7.714533750409501,1.6750793067230302e-05,64.04686576295238,5.044698943335537,0.005483368416669062
3,27.1059228025417,174.7578125000001,cCL,7.714533750409501,1.67036286163419e-05,64.04323540633098,5.035721962338888,0.005473610828629226
3,27.1059228025417,175.1109375000001,cCL,7.714533750409501,1.6656478270629905e-05,64.03941792876033,5.02607501744286,0.005463125018959631
3,27.1059228025417,175.4640625000001,cCL,7.714533750409501,1.6609345961199978e-05,64.03541336416882,5.015678235004326,0.005451824168482963
3,27.1059228025417,175.81718750000007,cCL,7.714533750409501,1.6562237598341177e-05,64.03122174279329,5.004412706308837,0.005439579028596562
3,27.1059228025417,176.17031250000008,cCL,7.714533750409501,1.651516302889503e-05,64.02684309084688,4.992081946331646,0.005426176028621354
3,27.1059228025417,176.52343750000006,cCL,7.714533750409501,1.6468141909040856e-05,64.02227742729416,4.978296325204252,0.005411191657830709
3,27.1059228025417,177.87187500000007,cGDL,7.714533750409501,3.412833832327094e-05,64.00271216191561,4.893625099588534,0.0053191577169440585
3,27.1059228025417,180.21562500000007,cGDL,7.714533750409501,3.3914918112452086e-05,63.966315345828114,4.748985640601768,0.0051619409136975745
3,27.1059228025417,182.5593750000001,cGDL,7.714533750409501,3.369932769763562e-05,63.930372851204126,4.610237074005768,0.005011127254354096
3,27.1059228025417,184.9031250000001,cGDL,7.714533750409501,3.348171730427114e-05,63.89490039472004,4.474415485082059,0.0048634950924805
3,27.1059228025417,187.24687500000013,cGDL,7.714533750409501,3.32621471498339e-05,63.8599108093211,4.340320058426612,0.0047177391939419696
3,27.1059228025417,189.59062500000013,cGDL,7.714533750409501,3.304063668838999e-05,63.8254146147308,4.207557118607595,0.004573431650660429
3,27.1059228025417,191.93437500000016,cGDL,7.714533750409501,3.281719116311761e-05,63.79142051987037,4.076017659075149,0.004430453977255597
3,27.1059228025417,194.27812500000016,cGDL,7.714533750409501,3.259181052925714e-05,63.75793584588633,3.945700651547828,0.004288805056030248
3,27.1059228025417,196.6218750000002,cGDL,7.714533750409501,3.236449257383028e-05,63.72496685755453,3.8166508786891797,0.004148533563792587
3,27.1059228025417,198.9656250000002,cGDL,7.714533750409501,3.213523417934993e-05,63.69251901571667,3.6889335209625957,0.004009710348872386
3,27.1059228025417,201.30937500000022,cGDL,7.714533750409501,3.190403189494907e-05,63.660597167576576,3.5626225170302783,0.003872415779380737
3,27.1059228025417,203.65312500000022,cGDL,7.714533750409501,3.167088221316683e-05,63.62920568948737,3.437794813087141,0.0037367334924860228
3,27.1059228025417,205.99687500000022,cGDL,7.714533750409501,3.14357817091362e-05,63.59834859382049,3.314527388002672,0.0036027471608724698
3,27.1059228025417,208.34062500000024,cGDL,7.714533750409501,3.119872711203228e-05,63.56802960881921,3.1928956588990642,0.0034705387596728958
3,27.1059228025417,210.68437500000024,cGDL,7.714533750409501,3.095971533981974e-05,63.5382522381907,3.072972645772635,0.0033401876584485163
3,27.1059228025417,213.02812500000027,cGDL,7.714533750409501,3.0718743515656107e-05,63.50901980552175,2.954828521426152,0.003211770131984948
3,27.1059228025417,215.37187500000027,cGDL,7.714533750409501,3.0475808973034467e-05,63.48033548734281,2.8385304033703482,0.0030853591340982045
3,27.1059228025417,217.7156250000003,cGDL,7.714533750409501,3.0230909255655564e-05,63.4522023377033,2.7241422624147438,0.0029610241982768954
3,27.1059228025417,220.0593750000003,cGDL,7.714533750409501,2.9984042114064355e-05,63.42462330640453,2.6117249053206604,0.002838831418826805
3,27.1059228025417,222.40312500000033,cGDL,7.714533750409501,2.9735205500661937e-05,63.397601252494844,2.5013359968413575,0.0027188434748275626
3,27.1059228025417,224.74687500000033,cGDL,7.714533750409501,2.94843975637055e-05,63.37113895422672,2.393030107757616,0.002601119682345235
3,27.1059228025417,227.09062500000036,cGDL,7.714533750409501,2.9231616641702017e-05,63.34523911637142,2.286858756959124,0.0024857160401729607
3,27.1059228025417,229.43437500000036,cGDL,7.714533750409501,2.8976861257168216e-05,63.31990437556329,2.182870470347827,0.002372685293856334
3,27.1059228025417,231.77812500000036,cGDL,7.714533750409501,2.8720130111080902e-05,63.295137304171845,2.081110825972176,0.002262076984752365
3,27.1059228025417,234.1218750000004,cGDL,7.714533750409501,2.8461422077067437e-05,63.2709404130771,1.9816225067148743,0.002153937507298776
3,27.1059228025417,236.4656250000004,cGDL,7.714533750409501,2.820073619663837e-05,63.24731615362532,1.884445329689226,0.00204831014096655
3,27.1059228025417,238.80937500000041,cGDL,7.714533750409501,2.7938071673826805e-05,63.22426691897642,1.7896162901948365,0.0019452350980378658
3,27.1059228025417,241.15312500000041,cGDL,7.714533750409501,2.7673427870440664e-05,63.201795044995556,1.6971695916232583,0.0018447495561122373
3,27.1059228025417,243.49687500000044,cGDL,7.714533750409501,2.740680430193302e-05,63.17990281080618,1.6071366603357509,0.0017468876742779901
3,27.1059228025417,245.84062500000047,cGDL,7.714533750409501,2.7138200632719995e-05,63.15859243909282,1.5195461735458011,0.0016516806234193491
3,27.1059228025417,248.1843750000005,cGDL,7.714533750409501,2.6867616672010703e-05,63.13786609621597,1.4344240742919974,0.0015591566024913016
3,27.1059228025417,250.5281250000005,cGDL,7.714533750409501,2.6595052370088638e-05,63.11772589218834,1.351793574268633,0.0014693408415963401
3,27.1059228025417,252.8718750000005,cGDL,7.714533750409501,2.6320507813992393e-05,63.09817388054995,1.2716751705939895,0.0013822556202108581
3,27.1059228025417,255.21562500000053,cGDL,7.714533750409501,2.604398322385196e-05,63.079212058166725,1.1940866449506833,0.0012979202662507427
3,27.1059228025417,257.55937500000056,cGDL,7.714533750409501,2.5765478948948137e-05,63.06084236497468,1.1190430683064025,0.0012163511612026114
3,27.1059228025417,259.90312500000056,cGDL,7.714533750409501,2.5484995463952783e-05,63.043066683683826,1.0465567994930742,0.0011375617385794286
3,27.1059228025417,262.24687500000056,cGDL,7.714533750409501,2.5202533365099052e-05,63.02588683945347,0.9766374839201152,0.0010615624825218643
3,27.1059228025417,264.59062500000056,cGDL,7.714533750409501,2.491809336621207e-05,63.00930459954747,0.9092920542942645,0.0009883609285807223
3,27.1059228025417,266.9343750000006,cGDL,7.714533750409501,2.4631676295119256e-05,62.99332167297495,0.8445247193213614,0.0009179616514362624
3,27.1059228025417,269.2781250000006,cGDL,7.714533750409501,2.4343283089435198e-05,62.9779397101231,0.7823369672887892,0.0008503662687921622
3,27.1059228025417,271.6218750000006,cGDL,7.714533750409501,2.405291479277546e-05,62.96316030238354,0.7227275561006713,0.000785573430544208
3,27.1059228025417,273.9656250000006,cGDL,7.714533750409501,2.376057255076532e-05,62.948984981776206,0.665692506734926,0.0007235788116683978
3,27.1059228025417,276.30937500000067,cGDL,7.714533750409501,2.3466257606772043e-05,62.935415220573304,0.61122510238581,0.0006643751112889239
3,27.1059228025417,278.65312500000067,cGDL,7.714533750409501,2.3169971297787427e-05,62.922452430923514,0.5593158813227069,0.0006079520449159858
3,27.1059228025417,280.99687500000067,cGDL,7.714533750409501,2.2871715050098815e-05,62.91009796447884,0.5099526336164439,0.0005542963408874391
3,27.1059228025417,283.34062500000067,cGDL,7.714533750409501,2.2571490375046516e-05,62.898353112024516,0.46312039315161335,0.0005033917316865363
3,27.1059228025417,285.68437500000067,cGDL,7.714533750409501,2.2269298864157326e-05,62.88721910311406,0.4188014459429423,0.00045521896298145897
3,27.1059228025417,288.0281250000007,cGDL,7.714533750409501,2.1965142184703722e-05,62.876697105707834,0.37697532394787014,0.00040975578689985884
3,27.1059228025417,290.3718750000007,cGDL,7.714533750409501,2.1659022074746735e-05,62.86678822581811,0.33761881240554337,0.0003669769700060254
3,27.1059228025417,292.7156250000007,cGDL,7.714533750409501,2.1350940337712587e-05,62.857493507160775,0.30070597017437595,0.0003268543154069304
3,27.1059228025417,295.0593750000007,cGDL,7.714533750409501,2.104089883697283e-05,62.84881393081305,0.2662081491634057,0.00028935668387326704
3,27.1059228025417,297.4031250000008,cGDL,7.714533750409501,2.0728899489646553e-05,62.840750414879814,0.23409403804050316,0.000254450041348373
3,27.1059228025417,299.7468750000008,cGDL,7.714533750409501,2.041494425943236e-05,62.83330381416918,0.20432973857099085,0.00022209754192499006
3,27.1059228025417,302.0906250000008,cGDL,7.714533750409501,2.00990351485418e-05,62.826474919877946,0.1768788750314478,0.00019225964677331282
3,27.1059228025417,304.4343750000008,cGDL,7.714533750409501,1.978117418725934e-05,62.820264459291224,0.151702789570032,0.0001648943364891652
3,27.1059228025417,306.7781250000008,cGDL,7.714533750409501,1.9461363420631807e-05,62.81467309549808,0.1287608483982911,0.00013995744391118598
3,27.1059228025417,309.12187500000084,cGDL,7.714533750409501,1.9139604889388325e-05,62.80970142713223,0.10801097048410795,0.00011740322878707385
3,27.1059228025417,311.46562500000084,cGDL,7.714533750409501,1.8815900601639605e-05,62.805349988148095,0.08941052255436832,9.718535060257426e-05
3,27.1059228025417,313.80937500000084,cGDL,7.714533750409501,1.849025248640267e-05,62.80161924765924,0.07291793983269182,7.925863025292589e-05
3,27.1059228025417,316.15312500000084,cGDL,7.714533750409501,1.8162662310997387e-05,62.79850960989323,0.05849580533985281,6.358239710853566e-05
3,27.1059228025417,318.4968750000009,cGDL,7.714533750409501,1.7833131516609225e-05,62.79602141440207,0.0461172485314619,5.012744405593685e-05
3,27.1059228025417,320.8406250000009,cGDL,7.714533750409501,1.7501660838103796e-05,62.79415493694042,0.035781119174529336,3.889252084187971e-05
3,27.1059228025417,323.1843750000009,cGDL,7.714533750409501,1.7168249183505195e-05,62.79291039265048,0.02755727267972176,2.9953557260567128e-05
3,27.1059228025417,325.5281250000009,cGDL,7.714533750409501,1.6832888258539212e-05,62.79228795267789,0.021804618477924618,2.3700672258613716e-05
4,27.1059228025417,1.171875,aGDL,5.996992221383092,2.148026860644287e-08,0.0,0.0,0.0
4,27.1059228025417,3.515625,aGDL,5.996992221383092,6.444080585691244e-08,0.0,0.0,0.0
4,27.1059228025417,5.859375,aGDL,5.996992221383092,1.074013432201335e-07,0.0,0.0,0.0
4,27.1059228025417,8.203125,aGDL,5.996992221383092,1.5036188077127344e-07,0.0,0.0,0.0
4,27.1059228025417,10.546874999999998,aGDL,5.996992221383092,1.9332241858549942e-07,0.0,0.0,0.0
4,27.1059228025417,12.890624999999998,aGDL,5.996992221383092,2.3628295673797806e-07,0.0,0.0,0.0
4,27.1059228025417,15.234375,aGDL,5.996992221383092,2.792434953038756e-07,0.0,0.0,0.0
4,27.1059228025417,17.578125,aGDL,5.996992221383092,3.222040343583573e-07,0.0,0.0,0.0
4,27.1059228025417,19.921874999999996,aGDL,5.996992221383092,3.6516457397658795e-07,0.0,0.0,0.0
4,27.1059228025417,22.265624999999996,aGDL,5.996992221383092,4.081251142337311e-07,0.0,0.0,0.0
4,27.1059228025417,24.609374999999996,aGDL,5.996992221383092,4.5108565520494943e-07,0.0,0.0,0.0
4,27.1059228025417,26.953124999999996,aGDL,5.996992221383092,4.940461969654046e-07,0.0,0.0,0.0
4,27.1059228025417,29.296874999999996,aGDL,5.996992221383092,5.370067395902563e-07,0.0,0.0,0.0
4,27.1059228025417,31.640625,aGDL,5.996992221383092,5.799672831546636e-07,0.0,0.0,0.0
4,27.1059228025417,33.984375,aGDL,5.996992221383092,6.229278277337836e-07,0.0,0.0,0.0
4,27.1059228025417,36.328125,aGDL,5.996992221383092,6.658883734027714e-07,0.0,0.0,0.0
4,27.1059228025417,38.67187499999999,aGDL,5.996992221383092,7.088489202367809e-07,0.0,0.0,0.0
4,27.1059228025417,41.01562499999999,aGDL,5.996992221383092,7.518094683109638e-07,0.0,0.0,0.0
4,27.1059228025417,43.35937499999999,aGDL,5.996992221383092,7.947700177004697e-07,0.0,0.0,0.0
4,27.1059228025417,45.70312499999999,aGDL,5.996992221383092,8.377305684804462e-07,0.0,0.0,0.0
4,27.1059228025417,48.04687499999999,aGDL,5.996992221383092,8.806911207260383e-07,0.0,0.0,0.0
4,27.1059228025417,50.39062499999999,aGDL,5.996992221383092,9.236516745123887e-07,0.0,0.0,0.0
4,27.1059228025417,52.73437499999999,aGDL,5.996992221383092,9.666122299146374e-07,0.0,0.0,0.0
4,27.1059228025417,55.07812499999999,aGDL,5.996992221383092,1.0095727870079218e-06,0.0,0.0,0.0
4,27.1059228025417,57.42187499999999,aGDL,5.996992221383092,1.0525333458673766e-06,0.0,0.0,0.0
4,27.1059228025417,59.76562499999999,aGDL,5.996992221383092,1.0954939065681336e-06,0.0,0.0,0.0
4,27.1059228025417,62.10937499999999,aGDL,5.996992221383092,1.138454469185321e-06,0.0,0.0,0.0
4,27.1059228025417,64.45312499999999,aGDL,5.996992221383092,1.1814150337940646e-06,0.0,0.0,0.0
4,27.1059228025417,66.79687499999999,aGDL,5.996992221383092,1.2243756004694867e-06,0.0,0.0,0.0
4,27.1059228025417,69.14062499999999,aGDL,5.996992221383092,1.2673361692867056e-06,0.0,0.0,0.0
4,27.1059228025417,71.48437499999999,aGDL,5.996992221383092,1.3102967403208366e-06,0.0,0.0,0.0
4,27.1059228025417,73.82812499999999,aGDL,5.996992221383092,1.3532573136469907e-06,0.0,0.0,0.0
4,27.1059228025417,76.17187499999999,aGDL,5.996992221383092,1.396217889340276e-06,0.0,0.0,0.0
4,27.1059228025417,78.51562499999999,aGDL,5.996992221383092,1.4391784674757958e-06,0.0,0.0,0.0
4,27.1059228025417,80.85937499999999,aGDL,5.996992221383092,1.4821390481286498e-06,0.0,0.0,0.0
4,27.1059228025417,83.20312499999999,aGDL,5.996992221383092,1.525099631373933e-06,0.0,0.0,0.0
4,27.1059228025417,85.54687499999999,aGDL,5.996992221383092,1.5680602172867366e-06,0.0,0.0,0.0
4,27.1059228025417,87.89062499999999,aGDL,5.996992221383092,1.6110208059421472e-06,0.0,0.0,0.0
4,27.1059228025417,90.23437499999999,aGDL,5.996992221383092,1.6539813974152468e-06,0.0,0.0,0.0
4,27.1059228025417,92.57812499999999,aGDL,5.996992221383092,1.6969419917811122e-06,0.0,0.0,0.0
4,27.1059228025417,94.92187499999999,aGDL,5.996992221383092,1.7399025891148162e-06,0.0,0.0,0.0
4,27.1059228025417,97.26562499999999,aGDL,5.996992221383092,1.7828631894914255e-06,0.0,0.0,0.0
4,27.1059228025417,99.60937499999999,aGDL,5.996992221383092,1.8258237929860036e-06,0.0,0.0,0.0
4,27.1059228025417,101.95312499999999,aGDL,5.996992221383092,1.8687843996736066e-06,0.0,0.0,0.0
4,27.1059228025417,104.29687499999999,aGDL,5.996992221383092,1.9117450096292866e-06,0.0,0.0,0.0
4,27.1059228025417,106.64062499999997,aGDL,5.996992221383092,1.9547056229280897e-06,0.0,0.0,0.0
4,27.1059228025417,108.98437499999997,aGDL,5.996992221383092,1.997666239645057e-06,0.0,0.0,0.0
4,27.1059228025417,111.32812499999997,aGDL,5.996992221383092,2.040626859855223e-06,0.0,0.0,0.0
4,27.1059228025417,113.67187499999997,aGDL,5.996992221383092,2.0835874836336173e-06,0.0,0.0,0.0
4,27.1059228025417,116.01562499999997,aGDL,5.996992221383092,2.126548111055262e-06,0.0,0.0,0.0
4,27.1059228025417,118.35937499999997,aGDL,5.996992221383092,2.1695087421951758e-06,0.0,0.0,0.0
4,27.1059228025417,120.70312499999997,aGDL,5.996992221383092,2.212469377128368e-06,0.0,0.0,0.0
4,27.1059228025417,123.04687499999997,aGDL,5.996992221383092,2.2554300159298425e-06,0.0,0.0,0.0
4,27.1059228025417,125.39062499999999,aGDL,5.996992221383092,2.2983906586745983e-06,0.0,0.0,0.0
4,27.1059228025417,127.734375,aGDL,5.996992221383092,2.341351305437626e-06,0.0,0.0,0.0
4,27.1059228025417,130.078125,aGDL,5.996992221383092,2.3843119562939094e-06,0.0,0.0,0.0
4,27.1059228025417,132.42187500000003,aGDL,5.996992221383092,2.4272726113184267e-06,0.0,0.0,0.0
4,27.1059228025417,134.76562500000003,aGDL,5.996992221383092,2.4702332705861483e-06,0.0,0.0,0.0
4,27.1059228025417,137.10937500000006,aGDL,5.996992221383092,2.5131939341720376e-06,0.0,0.0,0.0
4,27.1059228025417,139.45312500000006,aGDL,5.996992221383092,2.55615460215105e-06,0.0,0.0,0.0
4,27.1059228025417,141.79687500000009,aGDL,5.996992221383092,2.599115274598135e-06,0.0,0.0,0.0
4,27.1059228025417,144.14062500000009,aGDL,5.996992221383092,2.642075951588233e-06,0.0,0.0,0.0
4,27.1059228025417,146.4843750000001,aGDL,5.996992221383092,2.6850366331962778e-06,0.0,0.0,0.0
4,27.1059228025417,148.8281250000001,aGDL,5.996992221383092,2.7279973194971945e-06,0.0,0.0,0.0
4,27.1059228025417,150.07083333333344,aCL,5.996992221383092,1.347725074878826e-06,0.0,0.0,0.0
4,27.1059228025417,150.21250000000012,aCL,5.996992221383092,1.3514365905828928e-06,0.0,0.0,0.0
4,27.1059228025417,150.35416666666677,aCL,5.996992221383092,1.3551481062992938e-06,0.0,0.0,0.0
4,27.1059228025417,150.49583333333345,aCL,5.996992221383092,1.3588596220280619e-06,0.0,0.0,0.0
4,27.1059228025417,150.6375000000001,aCL,5.996992221383092,1.3625711377692314e-06,0.0,0.0,0.0
4,27.1059228025417,150.77916666666678,aCL,5.996992221383092,1.3662826535228364e-06,0.0,0.0,0.0
4,27.1059228025417,150.92083333333343,aCL,5.996992221383092,1.36999416928891e-06,0.0,0.0,0.0
4,27.1059228025417,151.0625000000001,aCL,5.996992221383092,1.3737056850674866e-06,0.0,0.0,0.0
4,27.1059228025417,151.20416666666677,aCL,5.996992221383092,1.3774172008585997e-06,0.0,0.0,0.0
4,27.1059228025417,151.34583333333345,aCL,5.996992221383092,1.381128716662283e-06,0.0,0.0,0.0
4,27.1059228025417,151.4875000000001,aCL,5.996992221383092,1.3848402324785703e-06,0.0,0.0,0.0
4,27.1059228025417,151.62916666666678,aCL,5.996992221383092,1.3885517483074956e-06,0.0,0.0,0.0
4,27.1059228025417,151.77083333333343,aCL,5.996992221383092,1.3922632641490928e-06,0.0,0.0,0.0
4,27.1059228025417,151.9125000000001,aCL,5.996992221383092,1.3959747800033958e-06,0.0,0.0,0.0
4,27.1059228025417,152.05416666666676,aCL,5.996992221383092,1.399686295870438e-06,0.0,0.0,0.0
4,27.1059228025417,152.19583333333344,aCL,5.996992221383092,1.4033978117502535e-06,0.0,0.0,0.0
4,27.1059228025417,152.3375000000001,aCL,5.996992221383092,1.4071093276428757e-06,0.0,0.0,0.0
4,27.1059228025417,152.47916666666677,aCL,5.996992221383092,1.4108208435483387e-06,0.0,0.0,0.0
4,27.1059228025417,152.62083333333342,aCL,5.996992221383092,1.4145323594666763e-06,0.0,0.0,0.0
4,27.1059228025417,152.76250000000007,aCL,5.996992221383092,1.4182438753979222e-06,0.0,0.0,0.0
4,27.1059228025417,152.90416666666675,aCL,5.996992221383092,1.42195539134211e-06,0.0,0.0,0.0
4,27.1059228025417,153.0458333333334,aCL,5.996992221383092,1.425666907299274e-06,0.0,0.0,0.0
4,27.1059228025417,153.18750000000009,aCL,5.996992221383092,1.429378423269448e-06,0.0,0.0,0.0
4,27.1059228025417,153.32916666666674,aCL,5.996992221383092,1.4330899392526654e-06,0.0,0.0,0.0
4,27.1059228025417,153.52500000000012,PEM,5.996992221383092,0.0,217.11089108172516,0.4272417363315218,0.0004643931916646976
4,27.1059228025417,153.77500000000012,PEM,5.996992221383092,0.0,219.2104873965815,0.4839922798230645,0.00052607856502507
4,27.1059228025417,154.02500000000012,PEM,5.996992221383092,0.0,221.3280816876975,0.5457055325496394,0.0005931581875539559
4,27.1059228025417,154.27500000000012,PEM,5.996992221383092,0.0,223.47872158951282,0.6131131309526147,0.000666427316252842
4,27.1059228025417,154.52500000000015,PEM,5.996992221383092,0.0,225.66302627884232,0.6865778003216051,0.0007462802177408751
4,27.1059228025417,154.77500000000015,PEM,5.996992221383092,0.0,227.88161044712703,0.7664801348397406,0.0008331305813475442
4,27.1059228025417,155.02500000000015,PEM,5.996992221383092,0.0,230.1350894042022,0.8532194913004709,0.0009274124905439902
4,27.1059228025417,155.27500000000015,PEM,5.996992221383092,0.0,232.42408194368141,0.9472156651990842,0.0010295822447816132
4,27.1059228025417,155.52500000000015,PEM,5.996992221383092,0.0,234.74921188616423,1.0489100139171739,0.0011401195803447542
4,27.1059228025417,155.77500000000018,PEM,5.996992221383092,0.0,237.11110883552416,1.1587673519494468,0.0012595297303798336
4,27.1059228025417,156.02500000000018,PEM,5.996992221383092,0.0,239.51040846017037,1.2772780092371296,0.0013883456622142713
4,27.1059228025417,156.27500000000018,PEM,5.996992221383092,0.0,241.94775248057888,1.404959831552406,0.0015271302516873977
4,27.1059228025417,156.52500000000018,PEM,5.996992221383092,0.0,244.42378846811854,1.5423610930235736,0.0016764794489386669
4,27.1059228025417,156.7750000000002,PEM,5.996992221383092,0.0,246.93916951549502,1.6900634540890422,0.001837025493575046
4,27.1059228025417,157.0250000000002,PEM,5.996992221383092,0.0,249.4945538132701,1.8486857767811387,0.002009441061718629
4,27.1059228025417,157.2750000000002,PEM,5.996992221383092,0.0,252.09060415177066,2.018889202083119,0.002194444784872955
4,27.1059228025417,157.5250000000002,PEM,5.996992221383092,0.0,254.72798735883006,2.201382071693751,0.0023928065996671206
4,27.1059228025417,157.7750000000002,PEM,5.996992221383092,0.0,257.40737367912226,2.3969286194628094,0.002605357195068271
4,27.1059228025417,158.02500000000023,PEM,5.996992221383092,0.0,260.1294360975263,2.606358632616127,0.0028329985137131816
4,27.1059228025417,158.27500000000023,PEM,5.996992221383092,0.0,262.8948496078298,2.8305824222164344,0.003076720024148298
4,27.1059228025417,158.52500000000023,PEM,5.996992221383092,0.0,265.70429042706513,3.0706134965412475,0.003337623365805704
4,27.1059228025417,158.77500000000023,PEM,5.996992221383092,0.0,268.5584351555431,3.32760569135339,0.003616962707992815
4,27.1059228025417,159.02500000000023,PEM,5.996992221383092,0.0,271.45795988320367,3.602926631340297,0.003916224599282932
4,27.1059228025417,159.27500000000026,PEM,5.996992221383092,0.0,274.40353924396413,3.8983183396592214,0.00423730254310785
4,27.1059228025417,159.52500000000026,PEM,5.996992221383092,0.0,277.39584542769865,4.216355185104096,0.004582994766417495
4,27.1059228025417,159.77500000000026,PEM,5.996992221383092,0.0,280.4355473028251,4.563850643987229,0.004960707221725249
4,27.1059228025417,160.02500000000026,PEM,5.996992221383092,0.0,283.5233076538736,4.927063676831623,0.005355503996556112
4,27.1059228025417,160.2750000000003,PEM,5.996992221383092,0.0,286.65978395806513,5.297599402535863,0.005758260220147677
4,27.1059228025417,160.5250000000003,PEM,5.996992221383092,0.0,289.8456276205942,5.675705839929888,0.0061692454781846606
4,27.1059228025417,160.7750000000003,PEM,5.996992221383092,0.0,293.081482249371,6.061639496004576,0.006588738582613669
4,27.1059228025417,161.0250000000003,PEM,5.996992221383092,0.0,296.36798243942684,6.4556656921783295,0.007017027926280793
4,27.1059228025417,161.2750000000003,PEM,5.996992221383092,0.0,299.7057525541271,6.8580589040801625,0.007454411852261046
4,27.1059228025417,161.52500000000032,PEM,5.996992221383092,0.0,303.0954055312462,7.269103115264251,0.007901199038330708
4,27.1059228025417,161.77500000000032,PEM,5.996992221383092,0.0,306.53754176183503,7.689092185269011,0.008357708897031534
4,27.1059228025417,162.02500000000032,PEM,5.996992221383092,0.0,310.03274812488144,8.118330232431088,0.008824271991772922
4,27.1059228025417,162.27500000000032,PEM,5.996992221383092,0.0,313.5815973234577,8.557132031858579,0.009301230469411498
4,27.1059228025417,162.52500000000032,PEM,5.996992221383092,0.0,317.1846477808458,9.005823428974077,0.009788938509754432
4,27.1059228025417,162.77500000000035,PEM,5.996992221383092,0.0,320.84244455877143,9.464741769045693,0.010287762792440971
4,27.1059228025417,163.02500000000035,PEM,5.996992221383092,0.0,324.55552212823056,9.934236343142542,0.010798082981676676
4,27.1059228025417,163.27500000000035,PEM,5.996992221383092,0.0,328.32441049050215,10.414668850988468,0.011320292229335291
4,27.1059228025417,163.52500000000035,PEM,5.996992221383092,0.0,332.149647354929,10.906413881255336,0.01185479769701667
4,27.1059228025417,163.77500000000038,PEM,5.996992221383092,0.0,336.031801272156,11.409859409941562,0.012402021097762568
4,27.1059228025417,164.02500000000038,PEM,5.996992221383092,0.0,339.9715145973032,11.925407317667622,0.012962399258334372
4,27.1059228025417,164.27500000000038,PEM,5.996992221383092,0.0,343.9695823697879,12.453473927009494,0.01353638470327119
4,27.1059228025417,164.52500000000038,PEM,5.996992221383092,0.0,348.0270962811872,12.99449056146282,0.014124446262459588
4,27.1059228025417,164.77500000000038,PEM,5.996992221383092,0.0,352.1457066423652,13.548904128305216,0.014727069704679583
4,27.1059228025417,165.0250000000004,PEM,5.996992221383092,0.0,356.32809833257613,14.117177728279687,0.015344758400304007
4,27.1059228025417,165.2750000000004,PEM,5.996992221383092,0.0,361.49198178550364,14.878036913732068,0.016171779254056596
4,27.1059228025417,165.57656250000036,cCL,5.996992221383092,1.7045450943571577e-05,63.1894742732354,5.5909770085705635,0.006077148922359308
4,27.1059228025417,165.92968750000037,cCL,5.996992221383092,1.6958322923623892e-05,63.85091069863173,5.722065486077033,0.006219636397909818
4,27.1059228025417,166.28281250000035,cCL,5.996992221383092,1.6910320385140437e-05,63.851789733518146,5.724173488198621,0.006221927704563718
4,27.1059228025417,166.63593750000035,cCL,5.996992221383092,1.6862335959508435e-05,63.85247656602175,5.725627273437096,0.0062235079059098876
4,27.1059228025417,166.98906250000033,cCL,5.996992221383092,1.6814363343845972e-05,63.852971409041885,5.726543524336093,0.006224503830800102
4,27.1059228025417,167.3421875000003,cCL,5.996992221383092,1.6766399772605382e-05,63.85327446198007,5.72697198119675,0.006224969544779076
4,27.1059228025417,167.6953125000003,cCL,5.996992221383092,1.6718443718767893e-05,63.85338591319941,5.726938947416202,0.006224933638495872
4,27.1059228025417,168.0484375000003,cCL,5.996992221383092,1.6670494232049774e-05,63.85330594089263,5.726459807980993,0.006224412834761949
4,27.1059228025417,168.4015625000003,cCL,5.996992221383092,1.6622550681690627e-05,63.85303471357859,5.72554389046651,0.006223417272246207
4,27.1059228025417,168.75468750000027,cCL,5.996992221383092,1.6574612637578316e-05,63.852572390476716,5.7241967077198055,0.006221952943173702
4,27.1059228025417,169.10781250000028,cCL,5.996992221383092,1.6526679808878004e-05,63.85191912183078,5.7224211118960255,0.006220022947713072
4,27.1059228025417,169.46093750000026,cCL,5.996992221383092,1.647875201005167e-05,63.85107504920764,5.720217929556885,0.006217628184300962
4,27.1059228025417,169.81406250000026,cCL,5.996992221383092,1.6430829141385934e-05,63.850040305781086,5.717586321408102,0.00621476774066098
4,27.1059228025417,170.16718750000024,cCL,5.996992221383092,1.638291117795516e-05,63.84881501660602,5.71452398134143,0.006211439110153728
4,27.1059228025417,170.52031250000022,cCL,5.996992221383092,1.6334998163969126e-05,63.84739929888587,5.711027232192212,0.0062076382958611
4,27.1059228025417,170.87343750000022,cCL,5.996992221383092,1.62870902109364e-05,63.84579326223506,5.707091047485017,0.006203359834222845
4,27.1059228025417,171.2265625000002,cCL,5.996992221383092,1.6239187498880684e-05,63.84399700893845,5.7027090130549905,0.006198596753320642
4,27.1059228025417,171.5796875000002,cCL,5.996992221383092,1.6191290280347558e-05,63.842010634209,5.69787323277102,0.006193340470403283
4,27.1059228025417,171.93281250000018,cCL,5.996992221383092,1.6143398887313728e-05,63.83983422644573,5.69257417521052,0.006187580625228827
4,27.1059228025417,172.2859375000002,cCL,5.996992221383092,1.609551374146527e-05,63.83746786749395,5.686800450998982,0.006181304838042372
4,27.1059228025417,172.63906250000016,cCL,5.996992221383092,1.6047635368730838e-05,63.83491163291002,5.680538501923614,0.006174498371656102
4,27.1059228025417,172.99218750000017,cCL,5.996992221383092,1.599976441954057e-05,63.83216559223395,5.673772170816799,0.006167143663931304
4,27.1059228025417,173.34531250000015,cCL,5.996992221383092,1.595190169718551e-05,63.82922980927372,5.66648210237866,0.006159219676498543
4,27.1059228025417,173.69843750000013,cCL,5.996992221383092,1.5904048198154474e-05,63.82610434240634,5.658644893773281,0.0061507009714926964
4,27.1059228025417,174.05156250000013,cCL,5.996992221383092,1.585620517097049e-05,63.82278924490257,5.650231858610167,0.006141556368054529
4,27.1059228025417,174.4046875000001,cCL,5.996992221383092,1.580837420498965e-05,63.81928456528412,5.641207164771915,0.006131746918230342
4,27.1059228025417,174.7578125000001,cCL,5.996992221383092,1.5760557370481364e-05,63.815590347725184,5.631524900785461,0.006121222718245067
4,27.1059228025417,175.1109375000001,cCL,5.996992221383092,1.5712757452603933e-05,63.81170663251163,5.621124180959926,0.00610991758799992
4,27.1059228025417,175.4640625000001,cCL,5.996992221383092,1.566497837278498e-05,63.80763345656811,5.609920337426014,0.00609773949720219
4,27.1059228025417,175.81718750000007,cCL,5.996992221383092,1.561722603020512e-05,63.803370854029396,5.597787343349814,0.006084551460162841
4,27.1059228025417,176.17031250000008,cCL,5.996992221383092,1.5569510257912003e-05,63.798918856646566,5.584516979454197,0.006070127151580649
4,27.1059228025417,176.52343750000006,cCL,5.996992221383092,1.5521850692094732e-05,63.79427749262167,5.5696963920654765,0.0060540178174624745
4,27.1059228025417,177.87187500000007,cGDL,5.996992221383092,3.21760124777594e-05,63.774403135881904,5.479010458701019,0.005955446150761977
4,27.1059228025417,180.21562500000007,cGDL,5.996992221383092,3.19599276484683e-05,63.73745757957301,5.323773852118726,0.005786710708824702
4,27.1059228025417,182.5593750000001,cGDL,5.996992221383092,3.1741851572283575e-05,63.70097774710375,5.174753747678545,0.005624732334433201
4,27.1059228025417,184.9031250000001,cGDL,5.996992221383092,3.15219345665927e-05,63.66497923837241,5.028808698054791,0.00546609641092912
4,27.1059228025417,187.24687500000013,cGDL,5.996992221383092,3.130023694875928e-05,63.629474760755855,4.8846651243049175,0.0053094186133749105
4,27.1059228025417,189.59062500000013,cGDL,5.996992221383092,3.107677830552318e-05,63.594474703411265,4.741904482224714,0.005154244002418168
4,27.1059228025417,191.93437500000016,cGDL,5.996992221383092,3.085156403348975e-05,63.5599876443946,4.600409706899043,0.005000445333585917
4,27.1059228025417,194.27812500000016,cGDL,5.996992221383092,3.0624594255331246e-05,63.526020776108375,4.460178007361991,0.0048480195732195554
4,27.1059228025417,196.6218750000002,cGDL,5.996992221383092,3.039586693668107e-05,63.492580237839526,4.321254998179573,0.004697016302369101
4,27.1059228025417,198.9656250000002,cGDL,5.996992221383092,3.0165379148414128e-05,63.45967136863557,4.183707772782377,0.004547508448676497
4,27.1059228025417,201.30937500000022,cGDL,5.996992221383092,2.9933127636857114e-05,63.427298897648576,4.047612570913184,0.004399578881427374
4,27.1059228025417,203.65312500000022,cGDL,5.996992221383092,2.9699109099848128e-05,63.39546708675884,3.91304868657459,0.004253313789754989
4,27.1059228025417,205.99687500000022,cGDL,5.996992221383092,2.946332032526289e-05,63.364179837182085,3.780095318184396,0.004108799258896082
4,27.1059228025417,208.34062500000024,cGDL,5.996992221383092,2.9225758261802643e-05,63.33344076903185,3.648829882613788,0.003966119437623683
4,27.1059228025417,210.68437500000024,cGDL,5.996992221383092,2.8986420053069205e-05,63.30325328063114,3.519327134700015,0.0038253555811956683
4,27.1059228025417,213.02812500000027,cGDL,5.996992221383092,2.8745303053253956e-05,63.27362059267997,3.391658696430456,0.003686585539598322
4,27.1059228025417,215.37187500000027,cGDL,5.996992221383092,2.8502404831536077e-05,63.24454578111301,3.2658928438029764,0.0035498835258728004
4,27.1059228025417,217.7156250000003,cGDL,5.996992221383092,2.8257723171165628e-05,63.21603180151232,3.142094418735492,0.003415320020364665
4,27.1059228025417,220.0593750000003,cGDL,5.996992221383092,2.8011256065272363e-05,63.188081507219415,3.020324820847604,0.003282961761790874
4,27.1059228025417,222.40312500000033,cGDL,5.996992221383092,2.776300171101242e-05,63.16069766274697,2.9006420423768997,0.003152871785192282
4,27.1059228025417,224.74687500000033,cGDL,5.996992221383092,2.751295850267599e-05,63.13388295368437,2.7831007319135432,0.003025109491210373
4,27.1059228025417,227.09062500000036,cGDL,5.996992221383092,2.72611250251271e-05,63.10763999398743,2.6677522537727345,0.0028997307106225375
4,27.1059228025417,229.43437500000036,cGDL,5.996992221383092,2.7007500046612875e-05,63.0819713313188,2.554644765974214,0.0027767877891024064
4,27.1059228025417,231.77812500000036,cGDL,5.996992221383092,2.675208251221862e-05,63.05687945093255,2.4438232853285102,0.002656329657965772
4,27.1059228025417,234.1218750000004,cGDL,5.996992221383092,2.6494871537064063e-05,63.03236677847423,2.3353297614711828,0.00253840191464259
4,27.1059228025417,236.4656250000004,cGDL,5.996992221383092,2.623586640044959e-05,63.00843568196994,2.2292031291900543,0.0024230468795544066
4,27.1059228025417,238.80937500000041,cGDL,5.996992221383092,2.5975066539484258e-05,62.98508847321236,2.1254793755482737,0.0023103036690742106
4,27.1059228025417,241.15312500000041,cGDL,5.996992221383092,2.5712471543304533e-05,62.9623274086941,2.0241915935992902,0.002200208253912272
4,27.1059228025417,243.49687500000044,cGDL,5.996992221383092,2.544808114777028e-05,62.94015469020381,1.9253700248344139,0.0020927935052547975
4,27.1059228025417,245.84062500000047,cGDL,5.996992221383092,2.5181895229787973e-05,62.918572465170854,1.829042112275625,0.0019880892524735054
4,27.1059228025417,248.1843750000005,cGDL,5.996992221383092,2.4913913802105508e-05,62.89758282682047,1.7352325420841535,0.0018861223283523406
4,27.1059228025417,250.5281250000005,cGDL,5.996992221383092,2.464413700834582e-05,62.8771878141876,1.6439632793161472,0.0017869166079523338
4,27.1059228025417,252.8718750000005,cGDL,5.996992221383092,2.4372565117830464e-05,62.857389412025306,1.55525360979459,0.0016904930541245542
4,27.1059228025417,255.21562500000053,cGDL,5.996992221383092,2.4099198520591324e-05,62.83818955063307,1.4691201774061833,0.0015968697580501991
4,27.1059228025417,257.55937500000056,cGDL,5.996992221383092,2.3824037722554112e-05,62.81959010562531,1.3855770169999582,0.0015060619749999546
4,27.1059228025417,259.90312500000056,cGDL,5.996992221383092,2.354708334077583e-05,62.80159289765513,1.3046355859664989,0.0014180821586592379
4,27.1059228025417,262.24687500000056,cGDL,5.996992221383092,2.3268336098266936e-05,62.78419969210471,1.2263048079439356,0.0013329400086347126
4,27.1059228025417,264.59062500000056,cGDL,5.996992221383092,2.2987796819377968e-05,62.76741219874934,1.1505911009098018,0.001250642500988915
4,27.1059228025417,266.9343750000006,cGDL,5.996992221383092,2.2705466424694573e-05,62.75123207140329,1.0774984197914759,0.001171193934555952
4,27.1059228025417,269.2781250000006,cGDL,5.996992221383092,2.2421345926188743e-05,62.73566090755073,1.0070282922720464,0.00109459596986092
4,27.1059228025417,271.6218750000006,cGDL,5.996992221383092,2.213543642208906e-05,62.72070024796683,0.9391798635991632,0.0010208476778251774
4,27.1059228025417,273.9656250000006,cGDL,5.996992221383092,2.184773909176869e-05,62.7063515763308,0.8739499419121209,0.000949945589034914
4,27.1059228025417,276.30937500000067,cGDL,5.996992221383092,2.1558255190512675e-05,62.69261631883379,0.8113330484633692,0.0008818837483297492
4,27.1059228025417,278.65312500000067,cGDL,5.996992221383092,2.1266986043945584e-05,62.6794958437836,0.7513214800354949,0.000816653782647277
4,27.1059228025417,280.99687500000067,cGDL,5.996992221383092,2.0973933042572265e-05,62.66699146120691,0.6939053700646579,0.0007542449674615846
4,27.1059228025417,283.34062500000067,cGDL,5.996992221383092,2.0679097635896282e-05,62.65510442245145,0.6390727657702773,0.0006946443106198666
4,27.1059228025417,285.68437500000067,cGDL,5.996992221383092,2.0382481326081777e-05,62.64383591978884,0.5868097237490516,0.0006378366562489691
4,27.1059228025417,288.0281250000007,cGDL,5.996992221383092,2.008408566147865e-05,62.63318708601888,0.5371004149263743,0.0005838047988330155
4,27.1059228025417,290.3718750000007,cGDL,5.996992221383092,1.978391222932594e-05,62.62315899407725,0.4899272629322129,0.0005325296336219705
4,27.1059228025417,292.7156250000007,cGDL,5.996992221383092,1.9481962647917565e-05,62.613752656647215,0.4452711090569382,0.00048399033593145453
4,27.1059228025417,295.0593750000007,cGDL,5.996992221383092,1.917823855775392e-05,62.60496902577717,0.4031114228601465,0.00043816459006537666
4,27.1059228025417,297.4031250000008,cGDL,5.996992221383092,1.8872741611039412e-05,62.596808992506524,0.3634265853198443,0.00039502889708678725
4,27.1059228025417,299.7468750000008,cGDL,5.996992221383092,1.8565473459509807e-05,62.58927338650079,0.3261942518641204,0.00035455896941752216
4,27.1059228025417,302.0906250000008,cGDL,5.996992221383092,1.8256435739078933e-05,62.5823629757013,0.2913918583021145,0.00031673028076316796
4,27.1059228025417,304.4343750000008,cGDL,5.996992221383092,1.7945630050324736e-05,62.57607846599273,0.2589973200384193,0.0002815188261287166
4,27.1059228025417,306.7781250000008,cGDL,5.996992221383092,1.763305793194111e-05,62.57042050089797,0.2289900527355597,0.000248902231234304
4,27.1059228025417,309.12187500000084,cGDL,5.996992221383092,1.7318720823462245e-05,62.565389661311634,0.2013524894692153,0.00021886140159697314
4,27.1059228025417,311.46562500000084,cGDL,5.996992221383092,1.7002620009113248e-05,62.56098646529606,0.1760724658706464,0.00019138311507678956
4,27.1059228025417,313.80937500000084,cGDL,5.996992221383092,1.6684756528266195e-05,62.55721136798182,0.15314714620486655,0.0001664642893531158
4,27.1059228025417,316.15312500000084,cGDL,5.996992221383092,1.636513101991128e-05,62.55406476166409,0.1325899864645027,0.00014411955050489425
4,27.1059228025417,318.4968750000009,cGDL,5.996992221383092,1.6043743424386005e-05,62.551546976308806,0.11444426307590108,0.00012439593812597942
4,27.1059228025417,320.8406250000009,cGDL,5.996992221383092,1.5720592319320333e-05,62.54965828108666,0.09881337568401728,0.00010740584313480139
4,27.1059228025417,323.1843750000009,cGDL,5.996992221383092,1.5395673044212496e-05,62.548398889276555,0.08594649891226322,9.342010751332959e-05
4,27.1059228025417,325.5281250000009,cGDL,5.996992221383092,1.5068969109713727e-05,62.547768981807586,0.07662969017839102,8.329314149825111e-05
5,27.1059228025417,1.171875,aGDL,1.0004934034331455e-07,1.992996033846576e-08,0.0,0.0,0.0
5,27.1059228025417,3.515625,aGDL,1.0004934034331455e-07,5.978988105055787e-08,0.0,0.0,0.0
5,27.1059228025417,5.859375,aGDL,1.0004934034331455e-07,9.964980186813168e-08,0.0,0.0,0.0
5,27.1059228025417,8.203125,aGDL,1.0004934034331455e-07,1.395097228615081e-07,0.0,0.0,0.0
5,27.1059228025417,10.546874999999998,aGDL,1.0004934034331455e-07,1.7936964410100784e-07,0.0,0.0,0.0
5,27.1059228025417,12.890624999999998,aGDL,1.0004934034331455e-07,2.1922956565695105e-07,0.0,0.0,0.0
5,27.1059228025417,15.234375,aGDL,1.0004934034331455e-07,2.5908948759965736e-07,0.0,0.0,0.0
5,27.1059228025417,17.578125,aGDL,1.0004934034331455e-07,2.989494099994458e-07,0.0,0.0,0.0
5,27.1059228025417,19.921874999999996,aGDL,1.0004934034331455e-07,3.388093329266346e-07,0.0,0.0,0.0
5,27.1059228025417,22.265624999999996,aGDL,1.0004934034331455e-07,3.786692564515409e-07,0.0,0.0,0.0
5,27.1059228025417,24.609374999999996,aGDL,1.0004934034331455e-07,4.185291806444811e-07,0.0,0.0,0.0
5,27.1059228025417,26.953124999999996,aGDL,1.0004934034331455e-07,4.583891055757701e-07,0.0,0.0,0.0
5,27.1059228025417,29.296874999999996,aGDL,1.0004934034331455e-07,4.982490313157219e-07,0.0,0.0,0.0
5,27.1059228025417,31.640625,aGDL,1.0004934034331455e-07,5.381089579346487e-07,0.0,0.0,0.0
5,27.1059228025417,33.984375,aGDL,1.0004934034331455e-07,5.779688855028616e-07,0.0,0.0,0.0
5,27.1059228025417,36.328125,aGDL,1.0004934034331455e-07,6.178288140906697e-07,0.0,0.0,0.0
5,27.1059228025417,38.67187499999999,aGDL,1.0004934034331455e-07,6.576887437683805e-07,0.0,0.0,0.0
5,27.1059228025417,41.01562499999999,aGDL,1.0004934034331455e-07,6.975486746062997e-07,0.0,0.0,0.0
5,27.1059228025417,43.35937499999999,aGDL,1.0004934034331455e-07,7.374086066747307e-07,0.0,0.0,0.0
5,27.1059228025417,45.70312499999999,aGDL,1.0004934034331455e-07,7.772685400439747e-07,0.0,0.0,0.0
5,27.1059228025417,48.04687499999999,aGDL,1.0004934034331455e-07,8.171284747843313e-07,0.0,0.0,0.0
5,27.1059228025417,50.39062499999999,aGDL,1.0004934034331455e-07,8.569884109660971e-07,0.0,0.0,0.0
5,27.1059228025417,52.73437499999999,aGDL,1.0004934034331455e-07,8.968483486595665e-07,0.0,0.0,0.0
5,27.1059228025417,55.07812499999999,aGDL,1.0004934034331455e-07,9.36708287935031e-07,0.0,0.0,0.0
5,27.1059228025417,57.42187499999999,aGDL,1.0004934034331455e-07,9.765682288627795e-07,0.0,0.0,0.0
5,27.1059228025417,59.76562499999999,aGDL,1.0004934034331455e-07,1.0164281715130984e-06,0.0,0.0,0.0
5,27.1059228025417,62.10937499999999,aGDL,1.0004934034331455e-07,1.05628811595627e-06,0.0,0.0,0.0
5,27.1059228025417,64.45312499999999,aGDL,1.0004934034331455e-07,1.096148062262575e-06,0.0,0.0,0.0
5,27.1059228025417,66.79687499999999,aGDL,1.0004934034331455e-07,1.13600801050229e-06,0.0,0.0,0.0
5,27.1059228025417,69.14062499999999,aGDL,1.0004934034331455e-07,1.175867960745688e-06,0.0,0.0,0.0
5,27.1059228025417,71.48437499999999,aGDL,1.0004934034331455e-07,1.2157279130630394e-06,0.0,0.0,0.0
5,27.1059228025417,73.82812499999999,aGDL,1.0004934034331455e-07,1.2555878675246097e-06,0.0,0.0,0.0
5,27.1059228025417,76.17187499999999,aGDL,1.0004934034331455e-07,1.2954478242006623e-06,0.0,0.0,0.0
5,27.1059228025417,78.51562499999999,aGDL,1.0004934034331455e-07,1.3353077831614552e-06,0.0,0.0,0.0
5,27.1059228025417,80.85937499999999,aGDL,1.0004934034331455e-07,1.375167744477243e-06,0.0,0.0,0.0
5,27.1059228025417,83.20312499999999,aGDL,1.0004934034331455e-07,1.415027708218277e-06,0.0,0.0,0.0
5,27.1059228025417,85.54687499999999,aGDL,1.0004934034331455e-07,1.4548876744548027e-06,0.0,0.0,0.0
5,27.1059228025417,87.89062499999999,aGDL,1.0004934034331455e-07,1.494747643257063e-06,0.0,0.0,0.0
5,27.1059228025417,90.23437499999999,aGDL,1.0004934034331455e-07,1.5346076146952952e-06,0.0,0.0,0.0
5,27.1059228025417,92.57812499999999,aGDL,1.0004934034331455e-07,1.5744675888397318e-06,0.0,0.0,0.0
5,27.1059228025417,94.92187499999999,aGDL,1.0004934034331455e-07,1.6143275657606014e-06,0.0,0.0,0.0
5,27.1059228025417,97.26562499999999,aGDL,1.0004934034331455e-07,1.654187545528127e-06,0.0,0.0,0.0
5,27.1059228025417,99.60937499999999,aGDL,1.0004934034331455e-07,1.6940475282125272e-06,0.0,0.0,0.0
5,27.1059228025417,101.95312499999999,aGDL,1.0004934034331455e-07,1.7339075138840155e-06,0.0,0.0,0.0
5,27.1059228025417,104.29687499999999,aGDL,1.0004934034331455e-07,1.7737675026127995e-06,0.0,0.0,0.0
5,27.1059228025417,106.64062499999997,aGDL,1.0004934034331455e-07,1.8136274944690823e-06,0.0,0.0,0.0
5,27.1059228025417,108.98437499999997,aGDL,1.0004934034331455e-07,1.853487489523061e-06,0.0,0.0,0.0
5,27.1059228025417,111.32812499999997,aGDL,1.0004934034331455e-07,1.8933474878449278e-06,0.0,0.0,0.0
5,27.1059228025417,113.67187499999997,aGDL,1.0004934034331455e-07,1.933207489504868e-06,0.0,0.0,0.0
5,27.1059228025417,116.01562499999997,aGDL,1.0004934034331455e-07,1.973067494573062e-06,0.0,0.0,0.0
5,27.1059228025417,118.35937499999997,aGDL,1.0004934034331455e-07,2.0129275031196834e-06,0.0,0.0,0.0
5,27.1059228025417,120.70312499999997,aGDL,1.0004934034331455e-07,2.052787515214901e-06,0.0,0.0,0.0
5,27.1059228025417,123.04687499999997,aGDL,1.0004934034331455e-07,2.0926475309288757e-06,0.0,0.0,0.0
5,27.1059228025417,125.39062499999999,aGDL,1.0004934034331455e-07,2.1325075503317637e-06,0.0,0.0,0.0
5,27.1059228025417,127.734375,aGDL,1.0004934034331455e-07,2.172367573493714e-06,0.0,0.0,0.0
5,27.1059228025417,130.078125,aGDL,1.0004934034331455e-07,2.212227600484869e-06,0.0,0.0,0.0
5,27.1059228025417,132.42187500000003,aGDL,1.0004934034331455e-07,2.2520876313753628e-06,0.0,0.0,0.0
5,27.1059228025417,134.76562500000003,aGDL,1.0004934034331455e-07,2.291947666235326e-06,0.0,0.0,0.0
5,27.1059228025417,137.10937500000006,aGDL,1.0004934034331455e-07,2.3318077051348804e-06,0.0,0.0,0.0
5,27.1059228025417,139.45312500000006,aGDL,1.0004934034331455e-07,2.37166774814414e-06,0.0,0.0,0.0
5,27.1059228025417,141.79687500000009,aGDL,1.0004934034331455e-07,2.4115277953332124e-06,0.0,0.0,0.0
5,27.1059228025417,144.14062500000009,aGDL,1.0004934034331455e-07,2.4513878467721977e-06,0.0,0.0,0.0
5,27.1059228025417,146.4843750000001,aGDL,1.0004934034331455e-07,2.4912479025311882e-06,0.0,0.0,0.0
5,27.1059228025417,148.8281250000001,aGDL,1.0004934034331455e-07,2.531107962680269e-06,0.0,0.0,0.0
5,27.1059228025417,150.07083333333344,aCL,1.0004934034331455e-07,1.2504549197215319e-06,0.0,0.0,0.0
5,27.1059228025417,150.21250000000012,aCL,1.0004934034331455e-07,1.2538985620858922e-06,0.0,0.0,0.0
5,27.1059228025417,150.35416666666677,aCL,1.0004934034331455e-07,1.2573422044617899e-06,0.0,0.0,0.0
5,27.1059228025417,150.49583333333345,aCL,1.0004934034331455e-07,1.260785846849257e-06,0.0,0.0,0.0
5,27.1059228025417,150.6375000000001,aCL,1.0004934034331455e-07,1.264229489248325e-06,0.0,0.0,0.0
5,27.1059228025417,150.77916666666678,aCL,1.0004934034331455e-07,1.2676731316590253e-06,0.0,0.0,0.0
5,27.1059228025417,150.92083333333343,aCL,1.0004934034331455e-07,1.27111677408139e-06,0.0,0.0,0.0
5,27.1059228025417,151.0625000000001,aCL,1.0004934034331455e-07,1.2745604165154507e-06,0.0,0.0,0.0
5,27.1059228025417,151.20416666666677,aCL,1.0004934034331455e-07,1.2780040589612384e-06,0.0,0.0,0.0
5,27.1059228025417,151.34583333333345,aCL,1.0004934034331455e-07,1.2814477014187852e-06,0.0,0.0,0.0
5,27.1059228025417,151.4875000000001,aCL,1.0004934034331455e-07,1.2848913438881225e-06,0.0,0.0,0.0
5,27.1059228025417,151.62916666666678,aCL,1.0004934034331455e-07,1.2883349863692819e-06,0.0,0.0,0.0
5,27.1059228025417,151.77083333333343,aCL,1.0004934034331455e-07,1.2917786288622953e-06,0.0,0.0,0.0
5,27.1059228025417,151.9125000000001,aCL,1.0004934034331455e-07,1.295222271367194e-06,0.0,0.0,0.0
5,27.1059228025417,152.05416666666676,aCL,1.0004934034331455e-07,1.2986659138840096e-06,0.0,0.0,0.0
5,27.1059228025417,152.19583333333344,aCL,1.0004934034331455e-07,1.3021095564127737e-06,0.0,0.0,0.0
5,27.1059228025417,152.3375000000001,aCL,1.0004934034331455e-07,1.3055531989535178e-06,0.0,0.0,0.0
5,27.1059228025417,152.47916666666677,aCL,1.0004934034331455e-07,1.3089968415062739e-06,0.0,0.0,0.0
5,27.1059228025417,152.62083333333342,aCL,1.0004934034331455e-07,1.312440484071073e-06,0.0,0.0,0.0
5,27.1059228025417,152.76250000000007,aCL,1.0004934034331455e-07,1.3158841266479478e-06,0.0,0.0,0.0
5,27.1059228025417,152.90416666666675,aCL,1.0004934034331455e-07,1.3193277692369291e-06,0.0,0.0,0.0
5,27.1059228025417,153.0458333333334,aCL,1.0004934034331455e-07,1.3227714118380487e-06,0.0,0.0,0.0
5,27.1059228025417,153.18750000000009,aCL,1.0004934034331455e-07,1.326215054451338e-06,0.0,0.0,0.0
5,27.1059228025417,153.32916666666674,aCL,1.0004934034331455e-07,1.3296586970768288e-06,0.0,0.0,0.0
5,27.1059228025417,153.52500000000012,PEM,1.0004934034331455e-07,0.0,195.3250879919442,4.119615492543562,0.004477842926677785
5,27.1059228025417,153.77500000000012,PEM,1.0004934034331455e-07,0.0,197.51586041072656,4.3845807868883675,0.004765848681400399
5,27.1059228025417,154.02500000000012,PEM,1.0004934034331455e-07,0.0,199.73217327842838,4.660268165504235,0.005065508875548081
5,27.1059228025417,154.27500000000012,PEM,1.0004934034331455e-07,0.0,201.98786686512318,4.948860290004905,0.005379195967396636
5,27.1059228025417,154.52500000000015,PEM,1.0004934034331455e-07,0.0,204.2838328498434,5.250817149650533,0.005707409945272319
5,27.1059228025417,154.77500000000015,PEM,1.0004934034331455e-07,0.0,206.6209669114222,5.566618805994754,0.006050672615211689
5,27.1059228025417,155.02500000000015,PEM,1.0004934034331455e-07,0.0,209.00017510439824,5.896766141163922,0.00640952841430861
5,27.1059228025417,155.27500000000015,PEM,1.0004934034331455e-07,0.0,211.4223774106669,6.2417832228162835,0.006784546981322047
5,27.1059228025417,155.52500000000015,PEM,1.0004934034331455e-07,0.0,213.88850968175714,6.602218603371037,0.007176324568881562
5,27.1059228025417,155.77500000000018,PEM,1.0004934034331455e-07,0.0,216.3995246527063,6.978647848345516,0.007585486791679909
5,27.1059228025417,156.02500000000018,PEM,1.0004934034331455e-07,0.0,218.95639240767062,7.371676172752053,0.008012691492121797
5,27.1059228025417,156.27500000000018,PEM,1.0004934034331455e-07,0.0,221.56010050804625,7.781940362870525,0.008458630829207092
5,27.1059228025417,156.52500000000018,PEM,1.0004934034331455e-07,0.0,224.21165389859945,8.210112934293827,0.008924035798145463
5,27.1059228025417,156.7750000000002,PEM,1.0004934034331455e-07,0.0,226.91207465353042,8.656905988918377,0.009409680422737366
5,27.1059228025417,157.0250000000002,PEM,1.0004934034331455e-07,0.0,229.66240159428006,9.123075106218513,0.009916385985020123
5,27.1059228025417,157.2750000000002,PEM,1.0004934034331455e-07,0.0,232.463689793962,9.609425802265289,0.010445028045940531
5,27.1059228025417,157.5250000000002,PEM,1.0004934034331455e-07,0.0,235.31700997379284,10.116820145079055,0.010996543635955494
5,27.1059228025417,157.7750000000002,PEM,1.0004934034331455e-07,0.0,238.2234477915687,10.64618667777335,0.01157194204105799
5,27.1059228025417,158.02500000000023,PEM,1.0004934034331455e-07,0.0,241.1841030192843,11.198531970125227,0.012172317358831768
5,27.1059228025417,158.27500000000023,PEM,1.0004934034331455e-07,0.0,244.20008860540128,11.774958873511803,0.012798868340773699
5,27.1059228025417,158.52500000000023,PEM,1.0004934034331455e-07,0.0,247.27252961649364,12.376693142159995,0.013452927328434778
5,27.1059228025417,158.77500000000023,PEM,1.0004934034331455e-07,0.0,250.40256205272107,13.005128324784987,0.014136009048679335
5,27.1059228025417,159.02500000000023,PEM,1.0004934034331455e-07,0.0,253.59133153164743,13.661910904032187,0.014849903156556725
5,27.1059228025417,159.27500000000026,PEM,1.0004934034331455e-07,0.0,256.8399918352527,14.349129963624126,0.015596880395243614
5,27.1059228025417,159.52500000000026,PEM,1.0004934034331455e-07,0.0,260.14970331555276,15.06984892593432,0.01638027057166774
5,27.1059228025417,159.77500000000026,PEM,1.0004934034331455e-07,0.0,263.5216311550477,15.83206085428838,0.017208761798139544
5,27.1059228025417,160.02500000000026,PEM,1.0004934034331455e-07,0.0,266.9569434793012,16.619903878920084,0.018065112911869657
5,27.1059228025417,160.2750000000003,PEM,1.0004934034331455e-07,0.0,270.45680932038397,17.423802822945724,0.018938916111897526
5,27.1059228025417,160.5250000000003,PEM,1.0004934034331455e-07,0.0,274.02239643183816,18.244241874578492,0.01983069768975923
5,27.1059228025417,160.7750000000003,PEM,1.0004934034331455e-07,0.0,277.6548689584944,19.081720199811528,0.020741000217186445
5,27.1059228025417,161.0250000000003,PEM,1.0004934034331455e-07,0.0,281.35538496838643,19.936752372944174,0.021670383014069754
5,27.1059228025417,161.2750000000003,PEM,1.0004934034331455e-07,0.0,285.1250938600904,20.809868812421364,0.022619422622197134
5,27.1059228025417,161.52500000000032,PEM,1.0004934034331455e-07,0.0,288.9651336688096,21.701616221144,0.023588713283852175
5,27.1059228025417,161.77500000000032,PEM,1.0004934034331455e-07,0.0,292.87662831181603,22.6125580303097,0.024578867424249674
5,27.1059228025417,162.02500000000032,PEM,1.0004934034331455e-07,0.0,296.86068484484866,23.543274845759356,0.02559051613669495
5,27.1059228025417,162.27500000000032,PEM,1.0004934034331455e-07,0.0,300.9183908581363,24.494364895711453,0.02662430966925158
5,27.1059228025417,162.52500000000032,PEM,1.0004934034331455e-07,0.0,305.05081224752416,25.46644447869523,0.02768091791162525
5,27.1059228025417,162.77500000000035,PEM,1.0004934034331455e-07,0.0,309.25899179824984,26.460148410424406,0.028761030880896092
5,27.1059228025417,163.02500000000035,PEM,1.0004934034331455e-07,0.0,313.54394940363267,27.47613046831248,0.02986535920468748
5,27.1059228025417,163.27500000000035,PEM,1.0004934034331455e-07,0.0,317.906685476253,28.515063832316844,0.030994634600344396
5,27.1059228025417,163.52500000000035,PEM,1.0004934034331455e-07,0.0,322.34819051788566,29.577641520835034,0.03214961034873373
5,27.1059228025417,163.77500000000038,PEM,1.0004934034331455e-07,0.0,326.86946651701163,30.664576820468273,0.03333106176137856
5,27.1059228025417,164.02500000000038,PEM,1.0004934034331455e-07,0.0,331.47157103209867,31.776603708681357,0.03453978663987104
5,27.1059228025417,164.27500000000038,PEM,1.0004934034331455e-07,0.0,336.1557047886497,32.9144772687325,0.03577660572688315
5,27.1059228025417,164.52500000000038,PEM,1.0004934034331455e-07,0.0,340.9233827782577,34.078974096837825,0.03704236314873677
5,27.1059228025417,164.77500000000038,PEM,1.0004934034331455e-07,0.0,345.7767656771258,35.270892702394505,0.03833792685042881
5,27.1059228025417,165.0250000000004,PEM,1.0004934034331455e-07,0.0,350.7192991984903,36.491053902942355,0.03966418902493734
5,27.1059228025417,165.2750000000004,PEM,1.0004934034331455e-07,0.0,356.63140186204134,38.08335641054317,0.04139495262015562
5,27.1059228025417,165.57656250000036,cCL,1.0004934034331455e-07,1.4292680581329188e-05,58.965707498802956,11.94104979060226,0.012979401946306805
5,27.1059228025417,165.92968750000037,cCL,1.0004934034331455e-07,1.4205967105713417e-05,59.59977036497245,12.19164141215126,0.013251784143642673
5,27.1059228025417,166.28281250000035,cCL,1.0004934034331455e-07,1.4156444510963385e-05,59.60080097024193,12.194484918163567,0.013254874911047355
5,27.1059228025417,166.63593750000035,cCL,1.0004934034331455e-07,1.410695308371803e-05,59.60159193305576,12.19645382564906,0.013257015027879413
5,27.1059228025417,166.98906250000033,cCL,1.0004934034331455e-07,1.4057486578810685e-05,59.60214355592305,12.197683628211813,0.01325835176979545
5,27.1059228025417,167.3421875000003,cCL,1.0004934034331455e-07,1.4008042221279514e-05,59.60245612582002,12.19823209380279,0.013258947928046511
5,27.1059228025417,167.6953125000003,cCL,1.0004934034331455e-07,1.3958618451981844e-05,59.60252991403048,12.198129762433416,0.01325883669829719
5,27.1059228025417,168.0484375000003,cCL,1.0004934034331455e-07,1.3909214278500642e-05,59.60236517641719,12.1973944767148,0.01325803747469
5,27.1059228025417,168.4015625000003,cCL,1.0004934034331455e-07,1.3859829022805427e-05,59.60196215382424,12.196037024123026,0.013256561982742419
5,27.1059228025417,168.75468750000027,cCL,1.0004934034331455e-07,1.381046220457441e-05,59.60132107252651,12.194063740091321,0.013254417108794915
5,27.1059228025417,169.10781250000028,cCL,1.0004934034331455e-07,1.3761113480906586e-05,59.600442144694924,12.191477847448963,0.013251606355922787
5,27.1059228025417,169.46093750000026,cCL,1.0004934034331455e-07,1.3711782612889968e-05,59.59932556886452,12.18828019348722,0.013248130645094804
5,27.1059228025417,169.81406250000026,cCL,1.0004934034331455e-07,1.3662469446390012e-05,59.597971530399256,12.184469667376842,0.013243988768887872
5,27.1059228025417,170.16718750000024,cCL,1.0004934034331455e-07,1.3613173901099672e-05,59.59638020195123,12.180043431028572,0.013239177642422361
5,27.1059228025417,170.52031250000022,cCL,1.0004934034331455e-07,1.3563895964855229e-05,59.59455174391378,12.174997030039119,0.013233692423955563
5,27.1059228025417,170.87343750000022,cCL,1.0004934034331455e-07,1.3514635691674684e-05,59.592486304869084,12.16932441869483,0.013227526542059597
5,27.1059228025417,171.2265625000002,cCL,1.0004934034331455e-07,1.3465393202764183e-05,59.59018402203173,12.163017915153,0.013220671646905435
5,27.1059228025417,171.5796875000002,cCL,1.0004934034331455e-07,1.3416168690226326e-05,59.587645021690676,12.156068091703533,0.0132131174909821
5,27.1059228025417,171.93281250000018,cCL,1.0004934034331455e-07,1.3366962423568297e-05,59.58486941965256,12.148463596451895,0.013204851735273799
5,27.1059228025417,172.2859375000002,cCL,1.0004934034331455e-07,1.3317774759450163e-05,59.58185732169074,12.140190894479828,0.013195859667912856
5,27.1059228025417,172.63906250000016,cCL,1.0004934034331455e-07,1.3268606155517462e-05,59.57860882400539,12.131233906552355,0.013186123811469951
5,27.1059228025417,172.99218750000017,cCL,1.0004934034331455e-07,1.3219457189723158e-05,59.5751240137025,12.12157350937945,0.013175623379760273
5,27.1059228025417,173.34531250000015,cCL,1.0004934034331455e-07,1.317032858741087e-05,59.571402969301985,12.111186839582041,0.013164333521284828
5,27.1059228025417,173.69843750000013,cCL,1.0004934034331455e-07,1.312122125986994e-05,59.567445761290216,12.100046307142808,0.013152224246894356
5,27.1059228025417,174.05156250000013,cCL,1.0004934034331455e-07,1.3072136360606796e-05,59.56325245273943,12.08811816001584,0.013139258869582435
5,27.1059228025417,174.4046875000001,cCL,1.0004934034331455e-07,1.3023075370308809e-05,59.55882310002911,12.075360321831111,0.01312539165416425
5,27.1059228025417,174.7578125000001,cCL,1.0004934034331455e-07,1.2974040230917344e-05,59.554157753727026,12.061718985777738,0.013110564114975801
5,27.1059228025417,175.1109375000001,cCL,1.0004934034331455e-07,1.2925033569622941e-05,59.549256459730934,12.047122931811383,0.013094698838925417
5,27.1059228025417,175.4640625000001,cCL,1.0004934034331455e-07,1.2876059102347225e-05,59.54411926086318,12.031473301466628,0.013077688371159378
5,27.1059228025417,175.81718750000007,cCL,1.0004934034331455e-07,1.2827122439607792e-05,59.53874619932468,12.014623193824669,0.013059373036765944
5,27.1059228025417,176.17031250000008,cCL,1.0004934034331455e-07,1.2778232960086987e-05,59.53313732101597,11.996330265501657,0.01303948941902354
5,27.1059228025417,176.52343750000006,cCL,1.0004934034331455e-07,1.2729409433014795e-05,59.52729268495367,11.97611460229654,0.013017515872061456
5,27.1059228025417,177.87187500000007,cGDL,1.0004934034331455e-07,2.6460633303973585e-05,59.50234008438465,11.857237635444353,0.012888301777656905
5,27.1059228025417,180.21562500000007,cGDL,1.0004934034331455e-07,2.624056948482238e-05,59.4560820888206,11.649639555400777,0.012662651690653018
5,27.1059228025417,182.5593750000001,cGDL,1.0004934034331455e-07,2.6019038104350654e-05,59.41041383714468,11.449009797873357,0.012444575867253648
5,27.1059228025417,184.9031250000001,cGDL,1.0004934034331455e-07,2.5796183888884336e-05,59.36535429928116,11.251686607465633,0.012230094138549601
5,27.1059228025417,187.24687500000013,cGDL,1.0004934034331455e-07,2.5572065260645746e-05,59.32091860190867,11.05617514910607,0.012017581683810945
5,27.1059228025417,189.59062500000013,cGDL,1.0004934034331455e-07,2.534670167658209e-05,59.27711891566059,10.861972501834497,0.011806491849820105
5,27.1059228025417,191.93437500000016,cGDL,1.0004934034331455e-07,2.512009904697849e-05,59.233965189958,10.668925302789836,0.011596657937815039
5,27.1059228025417,194.27812500000016,cGDL,1.0004934034331455e-07,2.4892258260569822e-05,59.191465730728886,10.47701254232223,0.011388057111219815
5,27.1059228025417,196.6218750000002,cGDL,1.0004934034331455e-07,2.4663178158442715e-05,59.14962763248404,10.28626920251546,0.011180727394038543
5,27.1059228025417,198.9656250000002,cGDL,1.0004934034331455e-07,2.4432856734112973e-05,59.108457095059684,10.09675510058037,0.010974733804978664
5,27.1059228025417,201.30937500000022,cGDL,1.0004934034331455e-07,2.420129167233947e-05,59.06795965396678,9.90854067386606,0.010770152906376153
5,27.1059228025417,203.65312500000022,cGDL,1.0004934034331455e-07,2.3968480607270024e-05,59.02814034726497,9.721700009117637,0.010567065227301779
5,27.1059228025417,205.99687500000022,cGDL,1.0004934034331455e-07,2.3734421249624484e-05,58.98900383617449,9.53630728676236,0.01036555139865474
5,27.1059228025417,208.34062500000024,cGDL,1.0004934034331455e-07,2.3499111449464342e-05,58.95055449210388,9.352434926425369,0.01016569013741888
5,27.1059228025417,210.68437500000024,cGDL,1.0004934034331455e-07,2.3262549224387187e-05,58.912796459347824,9.170152663193678,0.009967557242601824
5,27.1059228025417,213.02812500000027,cGDL,1.0004934034331455e-07,2.3024732770217953e-05,58.87573370018041,8.98952710547437,0.009771225114646055
5,27.1059228025417,215.37187500000027,cGDL,1.0004934034331455e-07,2.2785660461333684e-05,58.83937002721917,8.810621587841116,0.009576762595479474
5,27.1059228025417,217.7156250000003,cGDL,1.0004934034331455e-07,2.2545330846168328e-05,58.803709126588494,8.633496168112337,0.009384234965339498
5,27.1059228025417,220.0593750000003,cGDL,1.0004934034331455e-07,2.230374263960052e-05,58.76875457443384,8.458207723487638,0.009193704047269172
5,27.1059228025417,222.40312500000033,cGDL,1.0004934034331455e-07,2.2060894714205846e-05,58.73450984863037,8.28481008980629,0.009005228358485098
5,27.1059228025417,224.74687500000033,cGDL,1.0004934034331455e-07,2.1816786090787627e-05,58.70097833701737,8.113354232498873,0.008818863296194426
5,27.1059228025417,227.09062500000036,cGDL,1.0004934034331455e-07,2.1571415928761038e-05,58.66816334312006,7.943888432443571,0.008634661339612578
5,27.1059228025417,229.43437500000036,cGDL,1.0004934034331455e-07,2.1324783517125452e-05,58.636068090053634,7.776458463991189,0.008452672243468684
5,27.1059228025417,231.77812500000036,cGDL,1.0004934034331455e-07,2.1076888265426653e-05,58.60469572311206,7.611107783140762,0.008272943242544305
5,27.1059228025417,234.1218750000004,cGDL,1.0004934034331455e-07,2.0827729695433718e-05,58.574049311403776,7.44787770299597,0.008095519242386924
5,27.1059228025417,236.4656250000004,cGDL,1.0004934034331455e-07,2.0577307432780747e-05,58.544131848796766,7.28680757980206,0.007920443021523978
5,27.1059228025417,238.80937500000041,cGDL,1.0004934034331455e-07,2.032562119956924e-05,58.514946254363025,7.127934977447931,0.0077477554102694905
5,27.1059228025417,241.15312500000041,cGDL,1.0004934034331455e-07,2.0072670806952805e-05,58.48649537246091,6.971295841458933,0.007577495479846667
5,27.1059228025417,243.49687500000044,cGDL,1.0004934034331455e-07,1.9818456148270064e-05,58.458781972554696,6.816924664065964,0.007409700721810831
5,27.1059228025417,245.84062500000047,cGDL,1.0004934034331455e-07,1.9562977192657596e-05,58.43180874884571,6.664854642063806,0.007244407219634571
5,27.1059228025417,248.1843750000005,cGDL,1.0004934034331455e-07,1.9306233978644105e-05,58.4055783197679,6.515117844248468,0.007081649830704856
5,27.1059228025417,250.5281250000005,cGDL,1.0004934034331455e-07,1.9048226608386415e-05,58.38009322738766,6.367745366032887,0.006921462354383573
5,27.1059228025417,252.8718750000005,cGDL,1.0004934034331455e-07,1.878895524163234e-05,58.35535593673718,6.22276750289865,0.006763877720542011
5,27.1059228025417,255.21562500000053,cGDL,1.0004934034331455e-07,1.8528420090492333e-05,58.3313688351033,6.08021390519694,0.006608928157822761
5,27.1059228025417,257.55937500000056,cGDL,1.0004934034331455e-07,1.826662141398517e-05,58.308134231289436,5.940113750801837,0.006456645381306345
5,27.1059228025417,259.90312500000056,cGDL,1.0004934034331455e-07,1.8003559512587588e-05,58.285654354862466,5.802495928617568,0.006307060791975618
5,27.1059228025417,262.24687500000056,cGDL,1.0004934034331455e-07,1.7739234723181153e-05,58.26393135539525,5.667389219128638,0.006160205672965911
5,27.1059228025417,264.59062500000056,cGDL,1.0004934034331455e-07,1.7473647413748707e-05,58.24296730171338,5.534822496658907,0.006016111409411855
5,27.1059228025417,266.9343750000006,cGDL,1.0004934034331455e-07,1.720679797823125e-05,58.22276418115277,5.40482493936284,0.0058748097166987385
5,27.1059228025417,269.2781250000006,cGDL,1.0004934034331455e-07,1.6938686831095036e-05,58.203323898833986,5.277426265553049,0.005736332897340271
5,27.1059228025417,271.6218750000006,cGDL,1.0004934034331455e-07,1.6669314401918253e-05,58.18464827695879,5.1526569864566945,0.0056007141157137985
5,27.1059228025417,273.9656250000006,cGDL,1.0004934034331455e-07,1.6398681129427255e-05,58.16673905413341,5.03054870032666,0.00546798771774637
5,27.1059228025417,276.30937500000067,cGDL,1.0004934034331455e-07,1.6126787455628567e-05,58.1495978847234,4.911134405154618,0.005338189570820237
5,27.1059228025417,278.65312500000067,cGDL,1.0004934034331455e-07,1.5853633818971888e-05,58.13322633824458,4.794448876890595,0.005211357474881081
5,27.1059228025417,280.99687500000067,cGDL,1.0004934034331455e-07,1.5579220647182008e-05,58.11762589879433,4.680529092396806,0.005087531622170441
5,27.1059228025417,283.34062500000067,cGDL,1.0004934034331455e-07,1.5303548349079196e-05,58.10279796452829,4.569414731599721,0.004966755143043175
5,27.1059228025417,285.68437500000067,cGDL,1.0004934034331455e-07,1.5026617305395428e-05,58.08874384718748,4.461148766883567,0.004849074746612573
5,27.1059228025417,288.0281250000007,cGDL,1.0004934034331455e-07,1.4748427857930612e-05,58.07546477168111,4.355778178895657,0.004734541498799628
5,27.1059228025417,290.3718750000007,cGDL,1.0004934034331455e-07,1.446898029703372e-05,58.06296187573195,4.253354813357207,0.004623211753649138
5,27.1059228025417,292.7156250000007,cGDL,1.0004934034331455e-07,1.4188274846128889e-05,58.051236209590975,4.15393645504772,0.004515148320704044
5,27.1059228025417,295.0593750000007,cGDL,1.0004934034331455e-07,1.3906311643030215e-05,58.04028873583002,4.057588156122395,0.0044104219088286906
5,27.1059228025417,297.4031250000008,cGDL,1.0004934034331455e-07,1.3623090716221286e-05,58.03012032922301,3.9643839380442443,0.004309112976135048
5,27.1059228025417,299.7468750000008,cGDL,1.0004934034331455e-07,1.3338611954338591e-05,58.02073177672819,3.8744089999766906,0.004211314130409446
5,27.1059228025417,302.0906250000008,cGDL,1.0004934034331455e-07,1.305287506616721e-05,58.01212377758804,3.7877626333247245,0.004117133297092092
5,27.1059228025417,304.4343750000008,cGDL,1.0004934034331455e-07,1.2765879526110597e-05,58.00429694356803,3.7045621943216487,0.0040266980373061395
5,27.1059228025417,306.7781250000008,cGDL,1.0004934034331455e-07,1.2477624498186229e-05,57.9972517993627,3.6249486418925976,0.003940161567274563
5,27.1059228025417,309.12187500000084,cGDL,1.0004934034331455e-07,1.2188108725935945e-05,57.99098878320876,3.5490945366697435,0.003857711452901895
5,27.1059228025417,311.46562500000084,cGDL,1.0004934034331455e-07,1.1897330365543324e-05,57.98550824776222,3.4772161052722277,0.0037795827231219864
5,27.1059228025417,313.80937500000084,cGDL,1.0004934034331455e-07,1.1605286719556964e-05,57.98081046132481,3.4095923780459403,0.0037060786717890656
5,27.1059228025417,316.15312500000084,cGDL,1.0004934034331455e-07,1.1311973780349693e-05,57.976895609554695,3.3465977547117163,0.0036376062551214308
5,27.1059228025417,318.4968750000009,cGDL,1.0004934034331455e-07,1.101738536978437e-05,57.97376379789076,3.288762857708326,0.0035747422366394846
5,27.1059228025417,320.8406250000009,cGDL,1.0004934034331455e-07,1.0721511273562905e-05,57.971415055115116,3.2369052395612092,0.0035183752603926187
5,27.1059228025417,323.1843750000009,cGDL,1.0004934034331455e-07,1.0424332133774655e-05,57.96984933895619,3.1924833572073856,0.0034700906056602016
5,27.1059228025417,325.5281250000009,cGDL,1.0004934034331455e-07,1.0125796946878206e-05,57.96906654614032,3.1591378229722737,0.0034338454597524714
